# macdonald-long-sup — MacDonald 1000 m channel, supercritical
# SWASHES 3.2.1 (supercritical); Delestre et al. 2013, doi 10.1002/fld.3741
# Independent Python implementation (swasheslib/analytic.py); no SWASHES-tool output vendored.
# grid: 20001 stations (20x model resolution nx=1000)
t_s,x_m,h_m,q_m2_per_s
6000,0,0.7415144329,2.5
6000,0.05,0.7415144,2.5
6000,0.1,0.7415143669,2.5
6000,0.15,0.7415143338,2.5
6000,0.2,0.7415143007,2.5
6000,0.25,0.7415142675,2.5
6000,0.3,0.7415142343,2.5
6000,0.35,0.7415142009,2.5
6000,0.4,0.7415141676,2.5
6000,0.45,0.7415141342,2.5
6000,0.5,0.7415141007,2.5
6000,0.55,0.7415140671,2.5
6000,0.6,0.7415140335,2.5
6000,0.65,0.7415139999,2.5
6000,0.7,0.7415139662,2.5
6000,0.75,0.7415139324,2.5
6000,0.8,0.7415138986,2.5
6000,0.85,0.7415138647,2.5
6000,0.9,0.7415138308,2.5
6000,0.95,0.7415137968,2.5
6000,1,0.7415137627,2.5
6000,1.05,0.7415137286,2.5
6000,1.1,0.7415136944,2.5
6000,1.15,0.7415136602,2.5
6000,1.2,0.7415136259,2.5
6000,1.25,0.7415135916,2.5
6000,1.3,0.7415135572,2.5
6000,1.35,0.7415135227,2.5
6000,1.4,0.7415134882,2.5
6000,1.45,0.7415134536,2.5
6000,1.5,0.741513419,2.5
6000,1.55,0.7415133843,2.5
6000,1.6,0.7415133495,2.5
6000,1.65,0.7415133147,2.5
6000,1.7,0.7415132799,2.5
6000,1.75,0.7415132449,2.5
6000,1.8,0.7415132099,2.5
6000,1.85,0.7415131749,2.5
6000,1.9,0.7415131398,2.5
6000,1.95,0.7415131046,2.5
6000,2,0.7415130694,2.5
6000,2.05,0.7415130341,2.5
6000,2.1,0.7415129988,2.5
6000,2.15,0.7415129633,2.5
6000,2.2,0.7415129279,2.5
6000,2.25,0.7415128924,2.5
6000,2.3,0.7415128568,2.5
6000,2.35,0.7415128211,2.5
6000,2.4,0.7415127854,2.5
6000,2.45,0.7415127496,2.5
6000,2.5,0.7415127138,2.5
6000,2.55,0.7415126779,2.5
6000,2.6,0.741512642,2.5
6000,2.65,0.741512606,2.5
6000,2.7,0.7415125699,2.5
6000,2.75,0.7415125338,2.5
6000,2.8,0.7415124976,2.5
6000,2.85,0.7415124613,2.5
6000,2.9,0.741512425,2.5
6000,2.95,0.7415123886,2.5
6000,3,0.7415123522,2.5
6000,3.05,0.7415123157,2.5
6000,3.1,0.7415122791,2.5
6000,3.15,0.7415122425,2.5
6000,3.2,0.7415122058,2.5
6000,3.25,0.7415121691,2.5
6000,3.3,0.7415121323,2.5
6000,3.35,0.7415120954,2.5
6000,3.4,0.7415120584,2.5
6000,3.45,0.7415120214,2.5
6000,3.5,0.7415119844,2.5
6000,3.55,0.7415119473,2.5
6000,3.6,0.7415119101,2.5
6000,3.65,0.7415118728,2.5
6000,3.7,0.7415118355,2.5
6000,3.75,0.7415117982,2.5
6000,3.8,0.7415117607,2.5
6000,3.85,0.7415117232,2.5
6000,3.9,0.7415116857,2.5
6000,3.95,0.741511648,2.5
6000,4,0.7415116103,2.5
6000,4.05,0.7415115726,2.5
6000,4.1,0.7415115348,2.5
6000,4.15,0.7415114969,2.5
6000,4.2,0.7415114589,2.5
6000,4.25,0.7415114209,2.5
6000,4.3,0.7415113829,2.5
6000,4.35,0.7415113447,2.5
6000,4.4,0.7415113065,2.5
6000,4.45,0.7415112683,2.5
6000,4.5,0.7415112299,2.5
6000,4.55,0.7415111915,2.5
6000,4.6,0.7415111531,2.5
6000,4.65,0.7415111146,2.5
6000,4.7,0.741511076,2.5
6000,4.75,0.7415110373,2.5
6000,4.8,0.7415109986,2.5
6000,4.85,0.7415109598,2.5
6000,4.9,0.741510921,2.5
6000,4.95,0.7415108821,2.5
6000,5,0.7415108431,2.5
6000,5.05,0.741510804,2.5
6000,5.1,0.7415107649,2.5
6000,5.15,0.7415107257,2.5
6000,5.2,0.7415106865,2.5
6000,5.25,0.7415106472,2.5
6000,5.3,0.7415106078,2.5
6000,5.35,0.7415105684,2.5
6000,5.4,0.7415105289,2.5
6000,5.45,0.7415104893,2.5
6000,5.5,0.7415104497,2.5
6000,5.55,0.74151041,2.5
6000,5.6,0.7415103702,2.5
6000,5.65,0.7415103303,2.5
6000,5.7,0.7415102904,2.5
6000,5.75,0.7415102505,2.5
6000,5.8,0.7415102104,2.5
6000,5.85,0.7415101703,2.5
6000,5.9,0.7415101301,2.5
6000,5.95,0.7415100899,2.5
6000,6,0.7415100496,2.5
6000,6.05,0.7415100092,2.5
6000,6.1,0.7415099688,2.5
6000,6.15,0.7415099282,2.5
6000,6.2,0.7415098877,2.5
6000,6.25,0.741509847,2.5
6000,6.3,0.7415098063,2.5
6000,6.35,0.7415097655,2.5
6000,6.4,0.7415097247,2.5
6000,6.45,0.7415096837,2.5
6000,6.5,0.7415096427,2.5
6000,6.55,0.7415096017,2.5
6000,6.6,0.7415095605,2.5
6000,6.65,0.7415095193,2.5
6000,6.7,0.7415094781,2.5
6000,6.75,0.7415094367,2.5
6000,6.8,0.7415093953,2.5
6000,6.85,0.7415093539,2.5
6000,6.9,0.7415093123,2.5
6000,6.95,0.7415092707,2.5
6000,7,0.741509229,2.5
6000,7.05,0.7415091873,2.5
6000,7.1,0.7415091454,2.5
6000,7.15,0.7415091035,2.5
6000,7.2,0.7415090616,2.5
6000,7.25,0.7415090195,2.5
6000,7.3,0.7415089774,2.5
6000,7.35,0.7415089353,2.5
6000,7.4,0.741508893,2.5
6000,7.45,0.7415088507,2.5
6000,7.5,0.7415088083,2.5
6000,7.55,0.7415087659,2.5
6000,7.6,0.7415087233,2.5
6000,7.65,0.7415086807,2.5
6000,7.7,0.7415086381,2.5
6000,7.75,0.7415085953,2.5
6000,7.8,0.7415085525,2.5
6000,7.85,0.7415085096,2.5
6000,7.9,0.7415084667,2.5
6000,7.95,0.7415084236,2.5
6000,8,0.7415083805,2.5
6000,8.05,0.7415083374,2.5
6000,8.1,0.7415082941,2.5
6000,8.15,0.7415082508,2.5
6000,8.2,0.7415082074,2.5
6000,8.25,0.7415081639,2.5
6000,8.3,0.7415081204,2.5
6000,8.35,0.7415080768,2.5
6000,8.4,0.7415080331,2.5
6000,8.45,0.7415079894,2.5
6000,8.5,0.7415079455,2.5
6000,8.55,0.7415079016,2.5
6000,8.6,0.7415078577,2.5
6000,8.65,0.7415078136,2.5
6000,8.7,0.7415077695,2.5
6000,8.75,0.7415077253,2.5
6000,8.8,0.741507681,2.5
6000,8.85,0.7415076367,2.5
6000,8.9,0.7415075923,2.5
6000,8.95,0.7415075478,2.5
6000,9,0.7415075032,2.5
6000,9.05,0.7415074586,2.5
6000,9.1,0.7415074139,2.5
6000,9.15,0.7415073691,2.5
6000,9.2,0.7415073242,2.5
6000,9.25,0.7415072793,2.5
6000,9.3,0.7415072343,2.5
6000,9.35,0.7415071892,2.5
6000,9.4,0.741507144,2.5
6000,9.45,0.7415070988,2.5
6000,9.5,0.7415070535,2.5
6000,9.55,0.7415070081,2.5
6000,9.6,0.7415069626,2.5
6000,9.65,0.7415069171,2.5
6000,9.7,0.7415068715,2.5
6000,9.75,0.7415068258,2.5
6000,9.8,0.74150678,2.5
6000,9.85,0.7415067342,2.5
6000,9.9,0.7415066883,2.5
6000,9.95,0.7415066423,2.5
6000,10,0.7415065962,2.5
6000,10.05,0.7415065501,2.5
6000,10.1,0.7415065038,2.5
6000,10.15,0.7415064575,2.5
6000,10.2,0.7415064111,2.5
6000,10.25,0.7415063647,2.5
6000,10.3,0.7415063182,2.5
6000,10.35,0.7415062715,2.5
6000,10.4,0.7415062249,2.5
6000,10.45,0.7415061781,2.5
6000,10.5,0.7415061313,2.5
6000,10.55,0.7415060843,2.5
6000,10.6,0.7415060373,2.5
6000,10.65,0.7415059903,2.5
6000,10.7,0.7415059431,2.5
6000,10.75,0.7415058959,2.5
6000,10.8,0.7415058486,2.5
6000,10.85,0.7415058012,2.5
6000,10.9,0.7415057537,2.5
6000,10.95,0.7415057061,2.5
6000,11,0.7415056585,2.5
6000,11.05,0.7415056108,2.5
6000,11.1,0.741505563,2.5
6000,11.15,0.7415055152,2.5
6000,11.2,0.7415054672,2.5
6000,11.25,0.7415054192,2.5
6000,11.3,0.7415053711,2.5
6000,11.35,0.7415053229,2.5
6000,11.4,0.7415052747,2.5
6000,11.45,0.7415052263,2.5
6000,11.5,0.7415051779,2.5
6000,11.55,0.7415051294,2.5
6000,11.6,0.7415050808,2.5
6000,11.65,0.7415050321,2.5
6000,11.7,0.7415049834,2.5
6000,11.75,0.7415049346,2.5
6000,11.8,0.7415048857,2.5
6000,11.85,0.7415048367,2.5
6000,11.9,0.7415047876,2.5
6000,11.95,0.7415047385,2.5
6000,12,0.7415046892,2.5
6000,12.05,0.7415046399,2.5
6000,12.1,0.7415045905,2.5
6000,12.15,0.741504541,2.5
6000,12.2,0.7415044915,2.5
6000,12.25,0.7415044418,2.5
6000,12.3,0.7415043921,2.5
6000,12.35,0.7415043423,2.5
6000,12.4,0.7415042924,2.5
6000,12.45,0.7415042425,2.5
6000,12.5,0.7415041924,2.5
6000,12.55,0.7415041423,2.5
6000,12.6,0.7415040921,2.5
6000,12.65,0.7415040418,2.5
6000,12.7,0.7415039914,2.5
6000,12.75,0.7415039409,2.5
6000,12.8,0.7415038904,2.5
6000,12.85,0.7415038397,2.5
6000,12.9,0.741503789,2.5
6000,12.95,0.7415037382,2.5
6000,13,0.7415036873,2.5
6000,13.05,0.7415036364,2.5
6000,13.1,0.7415035853,2.5
6000,13.15,0.7415035342,2.5
6000,13.2,0.7415034829,2.5
6000,13.25,0.7415034316,2.5
6000,13.3,0.7415033802,2.5
6000,13.35,0.7415033288,2.5
6000,13.4,0.7415032772,2.5
6000,13.45,0.7415032256,2.5
6000,13.5,0.7415031738,2.5
6000,13.55,0.741503122,2.5
6000,13.6,0.7415030701,2.5
6000,13.65,0.7415030181,2.5
6000,13.7,0.7415029661,2.5
6000,13.75,0.7415029139,2.5
6000,13.8,0.7415028616,2.5
6000,13.85,0.7415028093,2.5
6000,13.9,0.7415027569,2.5
6000,13.95,0.7415027044,2.5
6000,14,0.7415026518,2.5
6000,14.05,0.7415025991,2.5
6000,14.1,0.7415025464,2.5
6000,14.15,0.7415024935,2.5
6000,14.2,0.7415024406,2.5
6000,14.25,0.7415023875,2.5
6000,14.3,0.7415023344,2.5
6000,14.35,0.7415022812,2.5
6000,14.4,0.7415022279,2.5
6000,14.45,0.7415021746,2.5
6000,14.5,0.7415021211,2.5
6000,14.55,0.7415020675,2.5
6000,14.6,0.7415020139,2.5
6000,14.65,0.7415019602,2.5
6000,14.7,0.7415019064,2.5
6000,14.75,0.7415018525,2.5
6000,14.8,0.7415017985,2.5
6000,14.85,0.7415017444,2.5
6000,14.9,0.7415016902,2.5
6000,14.95,0.741501636,2.5
6000,15,0.7415015816,2.5
6000,15.05,0.7415015272,2.5
6000,15.1,0.7415014726,2.5
6000,15.15,0.741501418,2.5
6000,15.2,0.7415013633,2.5
6000,15.25,0.7415013085,2.5
6000,15.3,0.7415012536,2.5
6000,15.35,0.7415011986,2.5
6000,15.4,0.7415011436,2.5
6000,15.45,0.7415010884,2.5
6000,15.5,0.7415010332,2.5
6000,15.55,0.7415009778,2.5
6000,15.6,0.7415009224,2.5
6000,15.65,0.7415008669,2.5
6000,15.7,0.7415008113,2.5
6000,15.75,0.7415007556,2.5
6000,15.8,0.7415006998,2.5
6000,15.85,0.7415006439,2.5
6000,15.9,0.7415005879,2.5
6000,15.95,0.7415005318,2.5
6000,16,0.7415004757,2.5
6000,16.05,0.7415004194,2.5
6000,16.1,0.7415003631,2.5
6000,16.15,0.7415003066,2.5
6000,16.2,0.7415002501,2.5
6000,16.25,0.7415001935,2.5
6000,16.3,0.7415001367,2.5
6000,16.35,0.7415000799,2.5
6000,16.4,0.741500023,2.5
6000,16.45,0.741499966,2.5
6000,16.5,0.7414999089,2.5
6000,16.55,0.7414998517,2.5
6000,16.6,0.7414997945,2.5
6000,16.65,0.7414997371,2.5
6000,16.7,0.7414996796,2.5
6000,16.75,0.7414996221,2.5
6000,16.8,0.7414995644,2.5
6000,16.85,0.7414995067,2.5
6000,16.9,0.7414994488,2.5
6000,16.95,0.7414993909,2.5
6000,17,0.7414993329,2.5
6000,17.05,0.7414992747,2.5
6000,17.1,0.7414992165,2.5
6000,17.15,0.7414991582,2.5
6000,17.2,0.7414990998,2.5
6000,17.25,0.7414990413,2.5
6000,17.3,0.7414989827,2.5
6000,17.35,0.741498924,2.5
6000,17.4,0.7414988652,2.5
6000,17.45,0.7414988063,2.5
6000,17.5,0.7414987473,2.5
6000,17.55,0.7414986882,2.5
6000,17.6,0.741498629,2.5
6000,17.65,0.7414985697,2.5
6000,17.7,0.7414985104,2.5
6000,17.75,0.7414984509,2.5
6000,17.8,0.7414983913,2.5
6000,17.85,0.7414983316,2.5
6000,17.9,0.7414982719,2.5
6000,17.95,0.741498212,2.5
6000,18,0.7414981521,2.5
6000,18.05,0.741498092,2.5
6000,18.1,0.7414980318,2.5
6000,18.15,0.7414979716,2.5
6000,18.2,0.7414979112,2.5
6000,18.25,0.7414978508,2.5
6000,18.3,0.7414977902,2.5
6000,18.35,0.7414977296,2.5
6000,18.4,0.7414976688,2.5
6000,18.45,0.741497608,2.5
6000,18.5,0.741497547,2.5
6000,18.55,0.741497486,2.5
6000,18.6,0.7414974249,2.5
6000,18.65,0.7414973636,2.5
6000,18.7,0.7414973023,2.5
6000,18.75,0.7414972408,2.5
6000,18.8,0.7414971793,2.5
6000,18.85,0.7414971176,2.5
6000,18.9,0.7414970559,2.5
6000,18.95,0.741496994,2.5
6000,19,0.7414969321,2.5
6000,19.05,0.74149687,2.5
6000,19.1,0.7414968079,2.5
6000,19.15,0.7414967456,2.5
6000,19.2,0.7414966833,2.5
6000,19.25,0.7414966208,2.5
6000,19.3,0.7414965583,2.5
6000,19.35,0.7414964956,2.5
6000,19.4,0.7414964329,2.5
6000,19.45,0.74149637,2.5
6000,19.5,0.7414963071,2.5
6000,19.55,0.741496244,2.5
6000,19.6,0.7414961808,2.5
6000,19.65,0.7414961175,2.5
6000,19.7,0.7414960542,2.5
6000,19.75,0.7414959907,2.5
6000,19.8,0.7414959271,2.5
6000,19.85,0.7414958634,2.5
6000,19.9,0.7414957997,2.5
6000,19.95,0.7414957358,2.5
6000,20,0.7414956718,2.5
6000,20.05,0.7414956077,2.5
6000,20.1,0.7414955435,2.5
6000,20.15,0.7414954792,2.5
6000,20.2,0.7414954147,2.5
6000,20.25,0.7414953502,2.5
6000,20.3,0.7414952856,2.5
6000,20.35,0.7414952209,2.5
6000,20.4,0.7414951561,2.5
6000,20.45,0.7414950911,2.5
6000,20.5,0.7414950261,2.5
6000,20.55,0.7414949609,2.5
6000,20.6,0.7414948957,2.5
6000,20.65,0.7414948303,2.5
6000,20.7,0.7414947649,2.5
6000,20.75,0.7414946993,2.5
6000,20.8,0.7414946336,2.5
6000,20.85,0.7414945678,2.5
6000,20.9,0.7414945019,2.5
6000,20.95,0.7414944359,2.5
6000,21,0.7414943698,2.5
6000,21.05,0.7414943036,2.5
6000,21.1,0.7414942373,2.5
6000,21.15,0.7414941709,2.5
6000,21.2,0.7414941043,2.5
6000,21.25,0.7414940377,2.5
6000,21.3,0.741493971,2.5
6000,21.35,0.7414939041,2.5
6000,21.4,0.7414938371,2.5
6000,21.45,0.7414937701,2.5
6000,21.5,0.7414937029,2.5
6000,21.55,0.7414936356,2.5
6000,21.6,0.7414935682,2.5
6000,21.65,0.7414935007,2.5
6000,21.7,0.7414934331,2.5
6000,21.75,0.7414933653,2.5
6000,21.8,0.7414932975,2.5
6000,21.85,0.7414932295,2.5
6000,21.9,0.7414931615,2.5
6000,21.95,0.7414930933,2.5
6000,22,0.741493025,2.5
6000,22.05,0.7414929566,2.5
6000,22.1,0.7414928881,2.5
6000,22.15,0.7414928195,2.5
6000,22.2,0.7414927508,2.5
6000,22.25,0.741492682,2.5
6000,22.3,0.741492613,2.5
6000,22.35,0.741492544,2.5
6000,22.4,0.7414924748,2.5
6000,22.45,0.7414924055,2.5
6000,22.5,0.7414923361,2.5
6000,22.55,0.7414922666,2.5
6000,22.6,0.741492197,2.5
6000,22.65,0.7414921273,2.5
6000,22.7,0.7414920575,2.5
6000,22.75,0.7414919875,2.5
6000,22.8,0.7414919174,2.5
6000,22.85,0.7414918473,2.5
6000,22.9,0.741491777,2.5
6000,22.95,0.7414917066,2.5
6000,23,0.7414916361,2.5
6000,23.05,0.7414915654,2.5
6000,23.1,0.7414914947,2.5
6000,23.15,0.7414914238,2.5
6000,23.2,0.7414913528,2.5
6000,23.25,0.7414912817,2.5
6000,23.3,0.7414912105,2.5
6000,23.35,0.7414911392,2.5
6000,23.4,0.7414910678,2.5
6000,23.45,0.7414909962,2.5
6000,23.5,0.7414909246,2.5
6000,23.55,0.7414908528,2.5
6000,23.6,0.7414907809,2.5
6000,23.65,0.7414907089,2.5
6000,23.7,0.7414906368,2.5
6000,23.75,0.7414905645,2.5
6000,23.8,0.7414904922,2.5
6000,23.85,0.7414904197,2.5
6000,23.9,0.7414903471,2.5
6000,23.95,0.7414902744,2.5
6000,24,0.7414902015,2.5
6000,24.05,0.7414901286,2.5
6000,24.1,0.7414900555,2.5
6000,24.15,0.7414899824,2.5
6000,24.2,0.7414899091,2.5
6000,24.25,0.7414898356,2.5
6000,24.3,0.7414897621,2.5
6000,24.35,0.7414896885,2.5
6000,24.4,0.7414896147,2.5
6000,24.45,0.7414895408,2.5
6000,24.5,0.7414894668,2.5
6000,24.55,0.7414893927,2.5
6000,24.6,0.7414893184,2.5
6000,24.65,0.7414892441,2.5
6000,24.7,0.7414891696,2.5
6000,24.75,0.741489095,2.5
6000,24.8,0.7414890202,2.5
6000,24.85,0.7414889454,2.5
6000,24.9,0.7414888704,2.5
6000,24.95,0.7414887953,2.5
6000,25,0.7414887201,2.5
6000,25.05,0.7414886448,2.5
6000,25.1,0.7414885694,2.5
6000,25.15,0.7414884938,2.5
6000,25.2,0.7414884181,2.5
6000,25.25,0.7414883423,2.5
6000,25.3,0.7414882664,2.5
6000,25.35,0.7414881903,2.5
6000,25.4,0.7414881141,2.5
6000,25.45,0.7414880378,2.5
6000,25.5,0.7414879614,2.5
6000,25.55,0.7414878849,2.5
6000,25.6,0.7414878082,2.5
6000,25.65,0.7414877314,2.5
6000,25.7,0.7414876545,2.5
6000,25.75,0.7414875775,2.5
6000,25.8,0.7414875003,2.5
6000,25.85,0.741487423,2.5
6000,25.9,0.7414873456,2.5
6000,25.95,0.7414872681,2.5
6000,26,0.7414871904,2.5
6000,26.05,0.7414871126,2.5
6000,26.1,0.7414870347,2.5
6000,26.15,0.7414869567,2.5
6000,26.2,0.7414868786,2.5
6000,26.25,0.7414868003,2.5
6000,26.3,0.7414867219,2.5
6000,26.35,0.7414866433,2.5
6000,26.4,0.7414865647,2.5
6000,26.45,0.7414864859,2.5
6000,26.5,0.741486407,2.5
6000,26.55,0.741486328,2.5
6000,26.6,0.7414862488,2.5
6000,26.65,0.7414861695,2.5
6000,26.7,0.7414860901,2.5
6000,26.75,0.7414860106,2.5
6000,26.8,0.7414859309,2.5
6000,26.85,0.7414858511,2.5
6000,26.9,0.7414857712,2.5
6000,26.95,0.7414856911,2.5
6000,27,0.7414856109,2.5
6000,27.05,0.7414855306,2.5
6000,27.1,0.7414854502,2.5
6000,27.15,0.7414853696,2.5
6000,27.2,0.7414852889,2.5
6000,27.25,0.7414852081,2.5
6000,27.3,0.7414851272,2.5
6000,27.35,0.7414850461,2.5
6000,27.4,0.7414849649,2.5
6000,27.45,0.7414848835,2.5
6000,27.5,0.7414848021,2.5
6000,27.55,0.7414847205,2.5
6000,27.6,0.7414846387,2.5
6000,27.65,0.7414845569,2.5
6000,27.7,0.7414844749,2.5
6000,27.75,0.7414843928,2.5
6000,27.8,0.7414843105,2.5
6000,27.85,0.7414842281,2.5
6000,27.9,0.7414841456,2.5
6000,27.95,0.741484063,2.5
6000,28,0.7414839802,2.5
6000,28.05,0.7414838973,2.5
6000,28.1,0.7414838142,2.5
6000,28.15,0.741483731,2.5
6000,28.2,0.7414836477,2.5
6000,28.25,0.7414835643,2.5
6000,28.3,0.7414834807,2.5
6000,28.35,0.741483397,2.5
6000,28.4,0.7414833132,2.5
6000,28.45,0.7414832292,2.5
6000,28.5,0.7414831451,2.5
6000,28.55,0.7414830609,2.5
6000,28.6,0.7414829765,2.5
6000,28.65,0.741482892,2.5
6000,28.7,0.7414828073,2.5
6000,28.75,0.7414827225,2.5
6000,28.8,0.7414826376,2.5
6000,28.85,0.7414825526,2.5
6000,28.9,0.7414824674,2.5
6000,28.95,0.7414823821,2.5
6000,29,0.7414822966,2.5
6000,29.05,0.741482211,2.5
6000,29.1,0.7414821253,2.5
6000,29.15,0.7414820394,2.5
6000,29.2,0.7414819534,2.5
6000,29.25,0.7414818673,2.5
6000,29.3,0.741481781,2.5
6000,29.35,0.7414816946,2.5
6000,29.4,0.7414816081,2.5
6000,29.45,0.7414815214,2.5
6000,29.5,0.7414814345,2.5
6000,29.55,0.7414813476,2.5
6000,29.6,0.7414812605,2.5
6000,29.65,0.7414811732,2.5
6000,29.7,0.7414810859,2.5
6000,29.75,0.7414809984,2.5
6000,29.8,0.7414809107,2.5
6000,29.85,0.7414808229,2.5
6000,29.9,0.741480735,2.5
6000,29.95,0.7414806469,2.5
6000,30,0.7414805587,2.5
6000,30.05,0.7414804703,2.5
6000,30.1,0.7414803818,2.5
6000,30.15,0.7414802932,2.5
6000,30.2,0.7414802044,2.5
6000,30.25,0.7414801155,2.5
6000,30.3,0.7414800265,2.5
6000,30.35,0.7414799373,2.5
6000,30.4,0.7414798479,2.5
6000,30.45,0.7414797584,2.5
6000,30.5,0.7414796688,2.5
6000,30.55,0.7414795791,2.5
6000,30.6,0.7414794891,2.5
6000,30.65,0.7414793991,2.5
6000,30.7,0.7414793089,2.5
6000,30.75,0.7414792186,2.5
6000,30.8,0.7414791281,2.5
6000,30.85,0.7414790375,2.5
6000,30.9,0.7414789467,2.5
6000,30.95,0.7414788558,2.5
6000,31,0.7414787647,2.5
6000,31.05,0.7414786736,2.5
6000,31.1,0.7414785822,2.5
6000,31.15,0.7414784907,2.5
6000,31.2,0.7414783991,2.5
6000,31.25,0.7414783073,2.5
6000,31.3,0.7414782154,2.5
6000,31.35,0.7414781233,2.5
6000,31.4,0.7414780311,2.5
6000,31.45,0.7414779388,2.5
6000,31.5,0.7414778463,2.5
6000,31.55,0.7414777536,2.5
6000,31.6,0.7414776608,2.5
6000,31.65,0.7414775679,2.5
6000,31.7,0.7414774748,2.5
6000,31.75,0.7414773816,2.5
6000,31.8,0.7414772882,2.5
6000,31.85,0.7414771946,2.5
6000,31.9,0.741477101,2.5
6000,31.95,0.7414770071,2.5
6000,32,0.7414769132,2.5
6000,32.05,0.741476819,2.5
6000,32.1,0.7414767248,2.5
6000,32.15,0.7414766303,2.5
6000,32.2,0.7414765358,2.5
6000,32.25,0.7414764411,2.5
6000,32.3,0.7414763462,2.5
6000,32.35,0.7414762512,2.5
6000,32.4,0.741476156,2.5
6000,32.45,0.7414760607,2.5
6000,32.5,0.7414759652,2.5
6000,32.55,0.7414758696,2.5
6000,32.6,0.7414757738,2.5
6000,32.65,0.7414756779,2.5
6000,32.7,0.7414755818,2.5
6000,32.75,0.7414754856,2.5
6000,32.8,0.7414753892,2.5
6000,32.85,0.7414752927,2.5
6000,32.9,0.741475196,2.5
6000,32.95,0.7414750992,2.5
6000,33,0.7414750022,2.5
6000,33.05,0.7414749051,2.5
6000,33.1,0.7414748078,2.5
6000,33.15,0.7414747103,2.5
6000,33.2,0.7414746127,2.5
6000,33.25,0.741474515,2.5
6000,33.3,0.7414744171,2.5
6000,33.35,0.741474319,2.5
6000,33.4,0.7414742208,2.5
6000,33.45,0.7414741224,2.5
6000,33.5,0.7414740239,2.5
6000,33.55,0.7414739252,2.5
6000,33.6,0.7414738264,2.5
6000,33.65,0.7414737274,2.5
6000,33.7,0.7414736283,2.5
6000,33.75,0.741473529,2.5
6000,33.8,0.7414734295,2.5
6000,33.85,0.7414733299,2.5
6000,33.9,0.7414732301,2.5
6000,33.95,0.7414731302,2.5
6000,34,0.7414730301,2.5
6000,34.05,0.7414729299,2.5
6000,34.1,0.7414728295,2.5
6000,34.15,0.7414727289,2.5
6000,34.2,0.7414726282,2.5
6000,34.25,0.7414725273,2.5
6000,34.3,0.7414724263,2.5
6000,34.35,0.7414723251,2.5
6000,34.4,0.7414722238,2.5
6000,34.45,0.7414721223,2.5
6000,34.5,0.7414720206,2.5
6000,34.55,0.7414719188,2.5
6000,34.6,0.7414718168,2.5
6000,34.65,0.7414717146,2.5
6000,34.7,0.7414716123,2.5
6000,34.75,0.7414715099,2.5
6000,34.8,0.7414714072,2.5
6000,34.85,0.7414713045,2.5
6000,34.9,0.7414712015,2.5
6000,34.95,0.7414710984,2.5
6000,35,0.7414709951,2.5
6000,35.05,0.7414708917,2.5
6000,35.1,0.7414707881,2.5
6000,35.15,0.7414706843,2.5
6000,35.2,0.7414705804,2.5
6000,35.25,0.7414704763,2.5
6000,35.3,0.7414703721,2.5
6000,35.35,0.7414702677,2.5
6000,35.4,0.7414701631,2.5
6000,35.45,0.7414700584,2.5
6000,35.5,0.7414699535,2.5
6000,35.55,0.7414698484,2.5
6000,35.6,0.7414697432,2.5
6000,35.65,0.7414696378,2.5
6000,35.7,0.7414695322,2.5
6000,35.75,0.7414694265,2.5
6000,35.8,0.7414693206,2.5
6000,35.85,0.7414692145,2.5
6000,35.9,0.7414691083,2.5
6000,35.95,0.7414690019,2.5
6000,36,0.7414688954,2.5
6000,36.05,0.7414687886,2.5
6000,36.1,0.7414686818,2.5
6000,36.15,0.7414685747,2.5
6000,36.2,0.7414684675,2.5
6000,36.25,0.7414683601,2.5
6000,36.3,0.7414682525,2.5
6000,36.35,0.7414681448,2.5
6000,36.4,0.7414680369,2.5
6000,36.45,0.7414679288,2.5
6000,36.5,0.7414678206,2.5
6000,36.55,0.7414677122,2.5
6000,36.6,0.7414676036,2.5
6000,36.65,0.7414674949,2.5
6000,36.7,0.741467386,2.5
6000,36.75,0.7414672769,2.5
6000,36.8,0.7414671677,2.5
6000,36.85,0.7414670582,2.5
6000,36.9,0.7414669486,2.5
6000,36.95,0.7414668389,2.5
6000,37,0.741466729,2.5
6000,37.05,0.7414666188,2.5
6000,37.1,0.7414665086,2.5
6000,37.15,0.7414663981,2.5
6000,37.2,0.7414662875,2.5
6000,37.25,0.7414661767,2.5
6000,37.3,0.7414660657,2.5
6000,37.35,0.7414659546,2.5
6000,37.4,0.7414658433,2.5
6000,37.45,0.7414657318,2.5
6000,37.5,0.7414656201,2.5
6000,37.55,0.7414655083,2.5
6000,37.6,0.7414653963,2.5
6000,37.65,0.7414652841,2.5
6000,37.7,0.7414651718,2.5
6000,37.75,0.7414650592,2.5
6000,37.8,0.7414649465,2.5
6000,37.85,0.7414648336,2.5
6000,37.9,0.7414647206,2.5
6000,37.95,0.7414646073,2.5
6000,38,0.7414644939,2.5
6000,38.05,0.7414643803,2.5
6000,38.1,0.7414642666,2.5
6000,38.15,0.7414641526,2.5
6000,38.2,0.7414640385,2.5
6000,38.25,0.7414639242,2.5
6000,38.3,0.7414638097,2.5
6000,38.35,0.7414636951,2.5
6000,38.4,0.7414635803,2.5
6000,38.45,0.7414634653,2.5
6000,38.5,0.7414633501,2.5
6000,38.55,0.7414632347,2.5
6000,38.6,0.7414631192,2.5
6000,38.65,0.7414630034,2.5
6000,38.7,0.7414628875,2.5
6000,38.75,0.7414627714,2.5
6000,38.8,0.7414626552,2.5
6000,38.85,0.7414625387,2.5
6000,38.9,0.7414624221,2.5
6000,38.95,0.7414623053,2.5
6000,39,0.7414621883,2.5
6000,39.05,0.7414620711,2.5
6000,39.1,0.7414619538,2.5
6000,39.15,0.7414618362,2.5
6000,39.2,0.7414617185,2.5
6000,39.25,0.7414616006,2.5
6000,39.3,0.7414614825,2.5
6000,39.35,0.7414613643,2.5
6000,39.4,0.7414612458,2.5
6000,39.45,0.7414611272,2.5
6000,39.5,0.7414610084,2.5
6000,39.55,0.7414608894,2.5
6000,39.6,0.7414607702,2.5
6000,39.65,0.7414606508,2.5
6000,39.7,0.7414605313,2.5
6000,39.75,0.7414604115,2.5
6000,39.8,0.7414602916,2.5
6000,39.85,0.7414601715,2.5
6000,39.9,0.7414600512,2.5
6000,39.95,0.7414599307,2.5
6000,40,0.74145981,2.5
6000,40.05,0.7414596892,2.5
6000,40.1,0.7414595681,2.5
6000,40.15,0.7414594469,2.5
6000,40.2,0.7414593255,2.5
6000,40.25,0.7414592039,2.5
6000,40.3,0.7414590821,2.5
6000,40.35,0.7414589601,2.5
6000,40.4,0.7414588379,2.5
6000,40.45,0.7414587156,2.5
6000,40.5,0.741458593,2.5
6000,40.55,0.7414584703,2.5
6000,40.6,0.7414583473,2.5
6000,40.65,0.7414582242,2.5
6000,40.7,0.7414581009,2.5
6000,40.75,0.7414579774,2.5
6000,40.8,0.7414578537,2.5
6000,40.85,0.7414577298,2.5
6000,40.9,0.7414576057,2.5
6000,40.95,0.7414574815,2.5
6000,41,0.741457357,2.5
6000,41.05,0.7414572324,2.5
6000,41.1,0.7414571075,2.5
6000,41.15,0.7414569825,2.5
6000,41.2,0.7414568573,2.5
6000,41.25,0.7414567318,2.5
6000,41.3,0.7414566062,2.5
6000,41.35,0.7414564804,2.5
6000,41.4,0.7414563544,2.5
6000,41.45,0.7414562282,2.5
6000,41.5,0.7414561018,2.5
6000,41.55,0.7414559752,2.5
6000,41.6,0.7414558484,2.5
6000,41.65,0.7414557215,2.5
6000,41.7,0.7414555943,2.5
6000,41.75,0.7414554669,2.5
6000,41.8,0.7414553393,2.5
6000,41.85,0.7414552116,2.5
6000,41.9,0.7414550836,2.5
6000,41.95,0.7414549555,2.5
6000,42,0.7414548271,2.5
6000,42.05,0.7414546985,2.5
6000,42.1,0.7414545698,2.5
6000,42.15,0.7414544408,2.5
6000,42.2,0.7414543117,2.5
6000,42.25,0.7414541823,2.5
6000,42.3,0.7414540528,2.5
6000,42.35,0.7414539231,2.5
6000,42.4,0.7414537931,2.5
6000,42.45,0.741453663,2.5
6000,42.5,0.7414535326,2.5
6000,42.55,0.7414534021,2.5
6000,42.6,0.7414532713,2.5
6000,42.65,0.7414531404,2.5
6000,42.7,0.7414530092,2.5
6000,42.75,0.7414528779,2.5
6000,42.8,0.7414527463,2.5
6000,42.85,0.7414526146,2.5
6000,42.9,0.7414524826,2.5
6000,42.95,0.7414523504,2.5
6000,43,0.7414522181,2.5
6000,43.05,0.7414520855,2.5
6000,43.1,0.7414519527,2.5
6000,43.15,0.7414518197,2.5
6000,43.2,0.7414516866,2.5
6000,43.25,0.7414515532,2.5
6000,43.3,0.7414514196,2.5
6000,43.35,0.7414512858,2.5
6000,43.4,0.7414511518,2.5
6000,43.45,0.7414510176,2.5
6000,43.5,0.7414508832,2.5
6000,43.55,0.7414507486,2.5
6000,43.6,0.7414506137,2.5
6000,43.65,0.7414504787,2.5
6000,43.7,0.7414503435,2.5
6000,43.75,0.741450208,2.5
6000,43.8,0.7414500724,2.5
6000,43.85,0.7414499365,2.5
6000,43.9,0.7414498004,2.5
6000,43.95,0.7414496641,2.5
6000,44,0.7414495277,2.5
6000,44.05,0.741449391,2.5
6000,44.1,0.741449254,2.5
6000,44.15,0.7414491169,2.5
6000,44.2,0.7414489796,2.5
6000,44.25,0.7414488421,2.5
6000,44.3,0.7414487043,2.5
6000,44.35,0.7414485663,2.5
6000,44.4,0.7414484282,2.5
6000,44.45,0.7414482898,2.5
6000,44.5,0.7414481512,2.5
6000,44.55,0.7414480124,2.5
6000,44.6,0.7414478734,2.5
6000,44.65,0.7414477341,2.5
6000,44.7,0.7414475947,2.5
6000,44.75,0.741447455,2.5
6000,44.8,0.7414473152,2.5
6000,44.85,0.7414471751,2.5
6000,44.9,0.7414470348,2.5
6000,44.95,0.7414468943,2.5
6000,45,0.7414467535,2.5
6000,45.05,0.7414466126,2.5
6000,45.1,0.7414464714,2.5
6000,45.15,0.74144633,2.5
6000,45.2,0.7414461884,2.5
6000,45.25,0.7414460466,2.5
6000,45.3,0.7414459046,2.5
6000,45.35,0.7414457624,2.5
6000,45.4,0.7414456199,2.5
6000,45.45,0.7414454772,2.5
6000,45.5,0.7414453343,2.5
6000,45.55,0.7414451912,2.5
6000,45.6,0.7414450479,2.5
6000,45.65,0.7414449043,2.5
6000,45.7,0.7414447606,2.5
6000,45.75,0.7414446166,2.5
6000,45.8,0.7414444724,2.5
6000,45.85,0.7414443279,2.5
6000,45.9,0.7414441833,2.5
6000,45.95,0.7414440384,2.5
6000,46,0.7414438933,2.5
6000,46.05,0.741443748,2.5
6000,46.1,0.7414436025,2.5
6000,46.15,0.7414434567,2.5
6000,46.2,0.7414433107,2.5
6000,46.25,0.7414431645,2.5
6000,46.3,0.7414430181,2.5
6000,46.35,0.7414428714,2.5
6000,46.4,0.7414427246,2.5
6000,46.45,0.7414425775,2.5
6000,46.5,0.7414424302,2.5
6000,46.55,0.7414422826,2.5
6000,46.6,0.7414421348,2.5
6000,46.65,0.7414419868,2.5
6000,46.7,0.7414418386,2.5
6000,46.75,0.7414416902,2.5
6000,46.8,0.7414415415,2.5
6000,46.85,0.7414413926,2.5
6000,46.9,0.7414412435,2.5
6000,46.95,0.7414410941,2.5
6000,47,0.7414409446,2.5
6000,47.05,0.7414407948,2.5
6000,47.1,0.7414406447,2.5
6000,47.15,0.7414404945,2.5
6000,47.2,0.741440344,2.5
6000,47.25,0.7414401932,2.5
6000,47.3,0.7414400423,2.5
6000,47.35,0.7414398911,2.5
6000,47.4,0.7414397397,2.5
6000,47.45,0.7414395881,2.5
6000,47.5,0.7414394362,2.5
6000,47.55,0.7414392841,2.5
6000,47.6,0.7414391318,2.5
6000,47.65,0.7414389792,2.5
6000,47.7,0.7414388264,2.5
6000,47.75,0.7414386734,2.5
6000,47.8,0.7414385201,2.5
6000,47.85,0.7414383666,2.5
6000,47.9,0.7414382129,2.5
6000,47.95,0.741438059,2.5
6000,48,0.7414379048,2.5
6000,48.05,0.7414377503,2.5
6000,48.1,0.7414375957,2.5
6000,48.15,0.7414374408,2.5
6000,48.2,0.7414372857,2.5
6000,48.25,0.7414371303,2.5
6000,48.3,0.7414369747,2.5
6000,48.35,0.7414368189,2.5
6000,48.4,0.7414366628,2.5
6000,48.45,0.7414365065,2.5
6000,48.5,0.7414363499,2.5
6000,48.55,0.7414361931,2.5
6000,48.6,0.7414360361,2.5
6000,48.65,0.7414358789,2.5
6000,48.7,0.7414357214,2.5
6000,48.75,0.7414355636,2.5
6000,48.8,0.7414354057,2.5
6000,48.85,0.7414352474,2.5
6000,48.9,0.741435089,2.5
6000,48.95,0.7414349303,2.5
6000,49,0.7414347714,2.5
6000,49.05,0.7414346122,2.5
6000,49.1,0.7414344528,2.5
6000,49.15,0.7414342931,2.5
6000,49.2,0.7414341332,2.5
6000,49.25,0.7414339731,2.5
6000,49.3,0.7414338127,2.5
6000,49.35,0.7414336521,2.5
6000,49.4,0.7414334912,2.5
6000,49.45,0.7414333301,2.5
6000,49.5,0.7414331687,2.5
6000,49.55,0.7414330071,2.5
6000,49.6,0.7414328453,2.5
6000,49.65,0.7414326832,2.5
6000,49.7,0.7414325209,2.5
6000,49.75,0.7414323583,2.5
6000,49.8,0.7414321955,2.5
6000,49.85,0.7414320324,2.5
6000,49.9,0.7414318691,2.5
6000,49.95,0.7414317055,2.5
6000,50,0.7414315417,2.5
6000,50.05,0.7414313776,2.5
6000,50.1,0.7414312133,2.5
6000,50.15,0.7414310488,2.5
6000,50.2,0.741430884,2.5
6000,50.25,0.7414307189,2.5
6000,50.3,0.7414305536,2.5
6000,50.35,0.7414303881,2.5
6000,50.4,0.7414302223,2.5
6000,50.45,0.7414300562,2.5
6000,50.5,0.7414298899,2.5
6000,50.55,0.7414297234,2.5
6000,50.6,0.7414295566,2.5
6000,50.65,0.7414293895,2.5
6000,50.7,0.7414292222,2.5
6000,50.75,0.7414290547,2.5
6000,50.8,0.7414288869,2.5
6000,50.85,0.7414287188,2.5
6000,50.9,0.7414285505,2.5
6000,50.95,0.7414283819,2.5
6000,51,0.7414282131,2.5
6000,51.05,0.741428044,2.5
6000,51.1,0.7414278747,2.5
6000,51.15,0.7414277051,2.5
6000,51.2,0.7414275353,2.5
6000,51.25,0.7414273652,2.5
6000,51.3,0.7414271948,2.5
6000,51.35,0.7414270242,2.5
6000,51.4,0.7414268533,2.5
6000,51.45,0.7414266822,2.5
6000,51.5,0.7414265108,2.5
6000,51.55,0.7414263392,2.5
6000,51.6,0.7414261673,2.5
6000,51.65,0.7414259951,2.5
6000,51.7,0.7414258227,2.5
6000,51.75,0.74142565,2.5
6000,51.8,0.7414254771,2.5
6000,51.85,0.7414253039,2.5
6000,51.9,0.7414251305,2.5
6000,51.95,0.7414249567,2.5
6000,52,0.7414247828,2.5
6000,52.05,0.7414246085,2.5
6000,52.1,0.741424434,2.5
6000,52.15,0.7414242593,2.5
6000,52.2,0.7414240842,2.5
6000,52.25,0.741423909,2.5
6000,52.3,0.7414237334,2.5
6000,52.35,0.7414235576,2.5
6000,52.4,0.7414233815,2.5
6000,52.45,0.7414232052,2.5
6000,52.5,0.7414230286,2.5
6000,52.55,0.7414228517,2.5
6000,52.6,0.7414226746,2.5
6000,52.65,0.7414224972,2.5
6000,52.7,0.7414223195,2.5
6000,52.75,0.7414221416,2.5
6000,52.8,0.7414219634,2.5
6000,52.85,0.7414217849,2.5
6000,52.9,0.7414216062,2.5
6000,52.95,0.7414214272,2.5
6000,53,0.7414212479,2.5
6000,53.05,0.7414210684,2.5
6000,53.1,0.7414208885,2.5
6000,53.15,0.7414207085,2.5
6000,53.2,0.7414205281,2.5
6000,53.25,0.7414203475,2.5
6000,53.3,0.7414201666,2.5
6000,53.35,0.7414199855,2.5
6000,53.4,0.741419804,2.5
6000,53.45,0.7414196223,2.5
6000,53.5,0.7414194403,2.5
6000,53.55,0.7414192581,2.5
6000,53.6,0.7414190756,2.5
6000,53.65,0.7414188928,2.5
6000,53.7,0.7414187097,2.5
6000,53.75,0.7414185264,2.5
6000,53.8,0.7414183428,2.5
6000,53.85,0.7414181589,2.5
6000,53.9,0.7414179747,2.5
6000,53.95,0.7414177903,2.5
6000,54,0.7414176056,2.5
6000,54.05,0.7414174206,2.5
6000,54.1,0.7414172353,2.5
6000,54.15,0.7414170498,2.5
6000,54.2,0.7414168639,2.5
6000,54.25,0.7414166778,2.5
6000,54.3,0.7414164915,2.5
6000,54.35,0.7414163048,2.5
6000,54.4,0.7414161179,2.5
6000,54.45,0.7414159307,2.5
6000,54.5,0.7414157432,2.5
6000,54.55,0.7414155554,2.5
6000,54.6,0.7414153673,2.5
6000,54.65,0.741415179,2.5
6000,54.7,0.7414149904,2.5
6000,54.75,0.7414148015,2.5
6000,54.8,0.7414146123,2.5
6000,54.85,0.7414144229,2.5
6000,54.9,0.7414142331,2.5
6000,54.95,0.7414140431,2.5
6000,55,0.7414138528,2.5
6000,55.05,0.7414136622,2.5
6000,55.1,0.7414134713,2.5
6000,55.15,0.7414132802,2.5
6000,55.2,0.7414130887,2.5
6000,55.25,0.741412897,2.5
6000,55.3,0.741412705,2.5
6000,55.35,0.7414125127,2.5
6000,55.4,0.7414123201,2.5
6000,55.45,0.7414121272,2.5
6000,55.5,0.741411934,2.5
6000,55.55,0.7414117406,2.5
6000,55.6,0.7414115469,2.5
6000,55.65,0.7414113528,2.5
6000,55.7,0.7414111585,2.5
6000,55.75,0.7414109639,2.5
6000,55.8,0.741410769,2.5
6000,55.85,0.7414105738,2.5
6000,55.9,0.7414103784,2.5
6000,55.95,0.7414101826,2.5
6000,56,0.7414099865,2.5
6000,56.05,0.7414097902,2.5
6000,56.1,0.7414095935,2.5
6000,56.15,0.7414093966,2.5
6000,56.2,0.7414091994,2.5
6000,56.25,0.7414090019,2.5
6000,56.3,0.7414088041,2.5
6000,56.35,0.741408606,2.5
6000,56.4,0.7414084076,2.5
6000,56.45,0.7414082089,2.5
6000,56.5,0.7414080099,2.5
6000,56.55,0.7414078106,2.5
6000,56.6,0.741407611,2.5
6000,56.65,0.7414074111,2.5
6000,56.7,0.741407211,2.5
6000,56.75,0.7414070105,2.5
6000,56.8,0.7414068097,2.5
6000,56.85,0.7414066087,2.5
6000,56.9,0.7414064073,2.5
6000,56.95,0.7414062056,2.5
6000,57,0.7414060037,2.5
6000,57.05,0.7414058014,2.5
6000,57.1,0.7414055988,2.5
6000,57.15,0.741405396,2.5
6000,57.2,0.7414051928,2.5
6000,57.25,0.7414049894,2.5
6000,57.3,0.7414047856,2.5
6000,57.35,0.7414045815,2.5
6000,57.4,0.7414043771,2.5
6000,57.45,0.7414041725,2.5
6000,57.5,0.7414039675,2.5
6000,57.55,0.7414037622,2.5
6000,57.6,0.7414035566,2.5
6000,57.65,0.7414033508,2.5
6000,57.7,0.7414031446,2.5
6000,57.75,0.7414029381,2.5
6000,57.8,0.7414027313,2.5
6000,57.85,0.7414025241,2.5
6000,57.9,0.7414023167,2.5
6000,57.95,0.741402109,2.5
6000,58,0.741401901,2.5
6000,58.05,0.7414016926,2.5
6000,58.1,0.741401484,2.5
6000,58.15,0.741401275,2.5
6000,58.2,0.7414010658,2.5
6000,58.25,0.7414008562,2.5
6000,58.3,0.7414006463,2.5
6000,58.35,0.7414004361,2.5
6000,58.4,0.7414002256,2.5
6000,58.45,0.7414000148,2.5
6000,58.5,0.7413998037,2.5
6000,58.55,0.7413995922,2.5
6000,58.6,0.7413993805,2.5
6000,58.65,0.7413991684,2.5
6000,58.7,0.7413989561,2.5
6000,58.75,0.7413987434,2.5
6000,58.8,0.7413985304,2.5
6000,58.85,0.7413983171,2.5
6000,58.9,0.7413981034,2.5
6000,58.95,0.7413978895,2.5
6000,59,0.7413976752,2.5
6000,59.05,0.7413974606,2.5
6000,59.1,0.7413972457,2.5
6000,59.15,0.7413970305,2.5
6000,59.2,0.741396815,2.5
6000,59.25,0.7413965991,2.5
6000,59.3,0.741396383,2.5
6000,59.35,0.7413961665,2.5
6000,59.4,0.7413959497,2.5
6000,59.45,0.7413957326,2.5
6000,59.5,0.7413955151,2.5
6000,59.55,0.7413952973,2.5
6000,59.6,0.7413950793,2.5
6000,59.65,0.7413948609,2.5
6000,59.7,0.7413946421,2.5
6000,59.75,0.7413944231,2.5
6000,59.8,0.7413942037,2.5
6000,59.85,0.741393984,2.5
6000,59.9,0.741393764,2.5
6000,59.95,0.7413935437,2.5
6000,60,0.741393323,2.5
6000,60.05,0.741393102,2.5
6000,60.1,0.7413928807,2.5
6000,60.15,0.741392659,2.5
6000,60.2,0.7413924371,2.5
6000,60.25,0.7413922148,2.5
6000,60.3,0.7413919921,2.5
6000,60.35,0.7413917692,2.5
6000,60.4,0.7413915459,2.5
6000,60.45,0.7413913223,2.5
6000,60.5,0.7413910984,2.5
6000,60.55,0.7413908741,2.5
6000,60.6,0.7413906495,2.5
6000,60.65,0.7413904246,2.5
6000,60.7,0.7413901994,2.5
6000,60.75,0.7413899738,2.5
6000,60.8,0.7413897479,2.5
6000,60.85,0.7413895216,2.5
6000,60.9,0.741389295,2.5
6000,60.95,0.7413890681,2.5
6000,61,0.7413888409,2.5
6000,61.05,0.7413886133,2.5
6000,61.1,0.7413883854,2.5
6000,61.15,0.7413881571,2.5
6000,61.2,0.7413879286,2.5
6000,61.25,0.7413876996,2.5
6000,61.3,0.7413874704,2.5
6000,61.35,0.7413872408,2.5
6000,61.4,0.7413870109,2.5
6000,61.45,0.7413867806,2.5
6000,61.5,0.74138655,2.5
6000,61.55,0.7413863191,2.5
6000,61.6,0.7413860878,2.5
6000,61.65,0.7413858562,2.5
6000,61.7,0.7413856242,2.5
6000,61.75,0.7413853919,2.5
6000,61.8,0.7413851593,2.5
6000,61.85,0.7413849263,2.5
6000,61.9,0.741384693,2.5
6000,61.95,0.7413844594,2.5
6000,62,0.7413842254,2.5
6000,62.05,0.741383991,2.5
6000,62.1,0.7413837563,2.5
6000,62.15,0.7413835213,2.5
6000,62.2,0.7413832859,2.5
6000,62.25,0.7413830502,2.5
6000,62.3,0.7413828142,2.5
6000,62.35,0.7413825777,2.5
6000,62.4,0.741382341,2.5
6000,62.45,0.7413821039,2.5
6000,62.5,0.7413818665,2.5
6000,62.55,0.7413816287,2.5
6000,62.6,0.7413813905,2.5
6000,62.65,0.741381152,2.5
6000,62.7,0.7413809132,2.5
6000,62.75,0.741380674,2.5
6000,62.8,0.7413804345,2.5
6000,62.85,0.7413801946,2.5
6000,62.9,0.7413799544,2.5
6000,62.95,0.7413797138,2.5
6000,63,0.7413794728,2.5
6000,63.05,0.7413792315,2.5
6000,63.1,0.7413789899,2.5
6000,63.15,0.7413787479,2.5
6000,63.2,0.7413785056,2.5
6000,63.25,0.7413782629,2.5
6000,63.3,0.7413780198,2.5
6000,63.35,0.7413777764,2.5
6000,63.4,0.7413775326,2.5
6000,63.45,0.7413772885,2.5
6000,63.5,0.741377044,2.5
6000,63.55,0.7413767992,2.5
6000,63.6,0.741376554,2.5
6000,63.65,0.7413763085,2.5
6000,63.7,0.7413760626,2.5
6000,63.75,0.7413758163,2.5
6000,63.8,0.7413755697,2.5
6000,63.85,0.7413753227,2.5
6000,63.9,0.7413750754,2.5
6000,63.95,0.7413748277,2.5
6000,64,0.7413745796,2.5
6000,64.05,0.7413743312,2.5
6000,64.1,0.7413740824,2.5
6000,64.15,0.7413738333,2.5
6000,64.2,0.7413735837,2.5
6000,64.25,0.7413733339,2.5
6000,64.3,0.7413730836,2.5
6000,64.35,0.741372833,2.5
6000,64.4,0.7413725821,2.5
6000,64.45,0.7413723307,2.5
6000,64.5,0.7413720791,2.5
6000,64.55,0.741371827,2.5
6000,64.6,0.7413715746,2.5
6000,64.65,0.7413713218,2.5
6000,64.7,0.7413710686,2.5
6000,64.75,0.7413708151,2.5
6000,64.8,0.7413705612,2.5
6000,64.85,0.7413703069,2.5
6000,64.9,0.7413700523,2.5
6000,64.95,0.7413697973,2.5
6000,65,0.7413695419,2.5
6000,65.05,0.7413692862,2.5
6000,65.1,0.74136903,2.5
6000,65.15,0.7413687736,2.5
6000,65.2,0.7413685167,2.5
6000,65.25,0.7413682595,2.5
6000,65.3,0.7413680018,2.5
6000,65.35,0.7413677439,2.5
6000,65.4,0.7413674855,2.5
6000,65.45,0.7413672268,2.5
6000,65.5,0.7413669677,2.5
6000,65.55,0.7413667082,2.5
6000,65.6,0.7413664483,2.5
6000,65.65,0.7413661881,2.5
6000,65.7,0.7413659275,2.5
6000,65.75,0.7413656665,2.5
6000,65.8,0.7413654051,2.5
6000,65.85,0.7413651434,2.5
6000,65.9,0.7413648813,2.5
6000,65.95,0.7413646187,2.5
6000,66,0.7413643559,2.5
6000,66.05,0.7413640926,2.5
6000,66.1,0.7413638289,2.5
6000,66.15,0.7413635649,2.5
6000,66.2,0.7413633005,2.5
6000,66.25,0.7413630357,2.5
6000,66.3,0.7413627705,2.5
6000,66.35,0.741362505,2.5
6000,66.4,0.741362239,2.5
6000,66.45,0.7413619727,2.5
6000,66.5,0.741361706,2.5
6000,66.55,0.7413614389,2.5
6000,66.6,0.7413611714,2.5
6000,66.65,0.7413609035,2.5
6000,66.7,0.7413606353,2.5
6000,66.75,0.7413603666,2.5
6000,66.8,0.7413600976,2.5
6000,66.85,0.7413598281,2.5
6000,66.9,0.7413595583,2.5
6000,66.95,0.7413592881,2.5
6000,67,0.7413590175,2.5
6000,67.05,0.7413587465,2.5
6000,67.1,0.7413584752,2.5
6000,67.15,0.7413582034,2.5
6000,67.2,0.7413579312,2.5
6000,67.25,0.7413576587,2.5
6000,67.3,0.7413573857,2.5
6000,67.35,0.7413571124,2.5
6000,67.4,0.7413568386,2.5
6000,67.45,0.7413565645,2.5
6000,67.5,0.74135629,2.5
6000,67.55,0.7413560151,2.5
6000,67.6,0.7413557397,2.5
6000,67.65,0.741355464,2.5
6000,67.7,0.7413551879,2.5
6000,67.75,0.7413549114,2.5
6000,67.8,0.7413546345,2.5
6000,67.85,0.7413543572,2.5
6000,67.9,0.7413540795,2.5
6000,67.95,0.7413538014,2.5
6000,68,0.7413535228,2.5
6000,68.05,0.7413532439,2.5
6000,68.1,0.7413529646,2.5
6000,68.15,0.7413526849,2.5
6000,68.2,0.7413524048,2.5
6000,68.25,0.7413521243,2.5
6000,68.3,0.7413518433,2.5
6000,68.35,0.741351562,2.5
6000,68.4,0.7413512803,2.5
6000,68.45,0.7413509981,2.5
6000,68.5,0.7413507156,2.5
6000,68.55,0.7413504326,2.5
6000,68.6,0.7413501493,2.5
6000,68.65,0.7413498655,2.5
6000,68.7,0.7413495813,2.5
6000,68.75,0.7413492967,2.5
6000,68.8,0.7413490117,2.5
6000,68.85,0.7413487263,2.5
6000,68.9,0.7413484405,2.5
6000,68.95,0.7413481543,2.5
6000,69,0.7413478677,2.5
6000,69.05,0.7413475806,2.5
6000,69.1,0.7413472932,2.5
6000,69.15,0.7413470053,2.5
6000,69.2,0.741346717,2.5
6000,69.25,0.7413464283,2.5
6000,69.3,0.7413461392,2.5
6000,69.35,0.7413458497,2.5
6000,69.4,0.7413455597,2.5
6000,69.45,0.7413452694,2.5
6000,69.5,0.7413449786,2.5
6000,69.55,0.7413446874,2.5
6000,69.6,0.7413443958,2.5
6000,69.65,0.7413441037,2.5
6000,69.7,0.7413438113,2.5
6000,69.75,0.7413435184,2.5
6000,69.8,0.7413432251,2.5
6000,69.85,0.7413429314,2.5
6000,69.9,0.7413426373,2.5
6000,69.95,0.7413423428,2.5
6000,70,0.7413420478,2.5
6000,70.05,0.7413417524,2.5
6000,70.1,0.7413414566,2.5
6000,70.15,0.7413411603,2.5
6000,70.2,0.7413408637,2.5
6000,70.25,0.7413405666,2.5
6000,70.3,0.741340269,2.5
6000,70.35,0.7413399711,2.5
6000,70.4,0.7413396727,2.5
6000,70.45,0.7413393739,2.5
6000,70.5,0.7413390747,2.5
6000,70.55,0.7413387751,2.5
6000,70.6,0.741338475,2.5
6000,70.65,0.7413381745,2.5
6000,70.7,0.7413378735,2.5
6000,70.75,0.7413375722,2.5
6000,70.8,0.7413372704,2.5
6000,70.85,0.7413369681,2.5
6000,70.9,0.7413366655,2.5
6000,70.95,0.7413363624,2.5
6000,71,0.7413360588,2.5
6000,71.05,0.7413357549,2.5
6000,71.1,0.7413354505,2.5
6000,71.15,0.7413351456,2.5
6000,71.2,0.7413348404,2.5
6000,71.25,0.7413345347,2.5
6000,71.3,0.7413342285,2.5
6000,71.35,0.7413339219,2.5
6000,71.4,0.7413336149,2.5
6000,71.45,0.7413333075,2.5
6000,71.5,0.7413329996,2.5
6000,71.55,0.7413326912,2.5
6000,71.6,0.7413323825,2.5
6000,71.65,0.7413320733,2.5
6000,71.7,0.7413317636,2.5
6000,71.75,0.7413314535,2.5
6000,71.8,0.741331143,2.5
6000,71.85,0.741330832,2.5
6000,71.9,0.7413305206,2.5
6000,71.95,0.7413302087,2.5
6000,72,0.7413298964,2.5
6000,72.05,0.7413295836,2.5
6000,72.1,0.7413292704,2.5
6000,72.15,0.7413289568,2.5
6000,72.2,0.7413286427,2.5
6000,72.25,0.7413283281,2.5
6000,72.3,0.7413280132,2.5
6000,72.35,0.7413276977,2.5
6000,72.4,0.7413273818,2.5
6000,72.45,0.7413270655,2.5
6000,72.5,0.7413267487,2.5
6000,72.55,0.7413264315,2.5
6000,72.6,0.7413261138,2.5
6000,72.65,0.7413257956,2.5
6000,72.7,0.741325477,2.5
6000,72.75,0.741325158,2.5
6000,72.8,0.7413248385,2.5
6000,72.85,0.7413245185,2.5
6000,72.9,0.7413241981,2.5
6000,72.95,0.7413238773,2.5
6000,73,0.7413235559,2.5
6000,73.05,0.7413232341,2.5
6000,73.1,0.7413229119,2.5
6000,73.15,0.7413225892,2.5
6000,73.2,0.7413222661,2.5
6000,73.25,0.7413219425,2.5
6000,73.3,0.7413216184,2.5
6000,73.35,0.7413212939,2.5
6000,73.4,0.7413209689,2.5
6000,73.45,0.7413206434,2.5
6000,73.5,0.7413203175,2.5
6000,73.55,0.7413199911,2.5
6000,73.6,0.7413196643,2.5
6000,73.65,0.741319337,2.5
6000,73.7,0.7413190092,2.5
6000,73.75,0.741318681,2.5
6000,73.8,0.7413183523,2.5
6000,73.85,0.7413180231,2.5
6000,73.9,0.7413176935,2.5
6000,73.95,0.7413173634,2.5
6000,74,0.7413170328,2.5
6000,74.05,0.7413167018,2.5
6000,74.1,0.7413163703,2.5
6000,74.15,0.7413160383,2.5
6000,74.2,0.7413157058,2.5
6000,74.25,0.7413153729,2.5
6000,74.3,0.7413150395,2.5
6000,74.35,0.7413147057,2.5
6000,74.4,0.7413143713,2.5
6000,74.45,0.7413140365,2.5
6000,74.5,0.7413137013,2.5
6000,74.55,0.7413133655,2.5
6000,74.6,0.7413130293,2.5
6000,74.65,0.7413126926,2.5
6000,74.7,0.7413123554,2.5
6000,74.75,0.7413120177,2.5
6000,74.8,0.7413116796,2.5
6000,74.85,0.741311341,2.5
6000,74.9,0.7413110019,2.5
6000,74.95,0.7413106623,2.5
6000,75,0.7413103223,2.5
6000,75.05,0.7413099817,2.5
6000,75.1,0.7413096407,2.5
6000,75.15,0.7413092992,2.5
6000,75.2,0.7413089572,2.5
6000,75.25,0.7413086148,2.5
6000,75.3,0.7413082718,2.5
6000,75.35,0.7413079284,2.5
6000,75.4,0.7413075845,2.5
6000,75.45,0.7413072401,2.5
6000,75.5,0.7413068952,2.5
6000,75.55,0.7413065498,2.5
6000,75.6,0.741306204,2.5
6000,75.65,0.7413058576,2.5
6000,75.7,0.7413055108,2.5
6000,75.75,0.7413051635,2.5
6000,75.8,0.7413048157,2.5
6000,75.85,0.7413044673,2.5
6000,75.9,0.7413041186,2.5
6000,75.95,0.7413037693,2.5
6000,76,0.7413034195,2.5
6000,76.05,0.7413030692,2.5
6000,76.1,0.7413027184,2.5
6000,76.15,0.7413023672,2.5
6000,76.2,0.7413020154,2.5
6000,76.25,0.7413016632,2.5
6000,76.3,0.7413013104,2.5
6000,76.35,0.7413009572,2.5
6000,76.4,0.7413006034,2.5
6000,76.45,0.7413002492,2.5
6000,76.5,0.7412998944,2.5
6000,76.55,0.7412995392,2.5
6000,76.6,0.7412991835,2.5
6000,76.65,0.7412988272,2.5
6000,76.7,0.7412984705,2.5
6000,76.75,0.7412981132,2.5
6000,76.8,0.7412977555,2.5
6000,76.85,0.7412973973,2.5
6000,76.9,0.7412970385,2.5
6000,76.95,0.7412966792,2.5
6000,77,0.7412963195,2.5
6000,77.05,0.7412959592,2.5
6000,77.1,0.7412955984,2.5
6000,77.15,0.7412952372,2.5
6000,77.2,0.7412948754,2.5
6000,77.25,0.7412945131,2.5
6000,77.3,0.7412941503,2.5
6000,77.35,0.741293787,2.5
6000,77.4,0.7412934231,2.5
6000,77.45,0.7412930588,2.5
6000,77.5,0.741292694,2.5
6000,77.55,0.7412923286,2.5
6000,77.6,0.7412919627,2.5
6000,77.65,0.7412915963,2.5
6000,77.7,0.7412912294,2.5
6000,77.75,0.741290862,2.5
6000,77.8,0.7412904941,2.5
6000,77.85,0.7412901256,2.5
6000,77.9,0.7412897567,2.5
6000,77.95,0.7412893872,2.5
6000,78,0.7412890172,2.5
6000,78.05,0.7412886467,2.5
6000,78.1,0.7412882757,2.5
6000,78.15,0.7412879041,2.5
6000,78.2,0.741287532,2.5
6000,78.25,0.7412871594,2.5
6000,78.3,0.7412867863,2.5
6000,78.35,0.7412864127,2.5
6000,78.4,0.7412860385,2.5
6000,78.45,0.7412856638,2.5
6000,78.5,0.7412852886,2.5
6000,78.55,0.7412849129,2.5
6000,78.6,0.7412845366,2.5
6000,78.65,0.7412841598,2.5
6000,78.7,0.7412837825,2.5
6000,78.75,0.7412834046,2.5
6000,78.8,0.7412830263,2.5
6000,78.85,0.7412826474,2.5
6000,78.9,0.7412822679,2.5
6000,78.95,0.741281888,2.5
6000,79,0.7412815075,2.5
6000,79.05,0.7412811264,2.5
6000,79.1,0.7412807449,2.5
6000,79.15,0.7412803628,2.5
6000,79.2,0.7412799802,2.5
6000,79.25,0.741279597,2.5
6000,79.3,0.7412792133,2.5
6000,79.35,0.7412788291,2.5
6000,79.4,0.7412784443,2.5
6000,79.45,0.741278059,2.5
6000,79.5,0.7412776732,2.5
6000,79.55,0.7412772868,2.5
6000,79.6,0.7412768999,2.5
6000,79.65,0.7412765124,2.5
6000,79.7,0.7412761244,2.5
6000,79.75,0.7412757358,2.5
6000,79.8,0.7412753468,2.5
6000,79.85,0.7412749571,2.5
6000,79.9,0.741274567,2.5
6000,79.95,0.7412741762,2.5
6000,80,0.741273785,2.5
6000,80.05,0.7412733932,2.5
6000,80.1,0.7412730008,2.5
6000,80.15,0.7412726079,2.5
6000,80.2,0.7412722145,2.5
6000,80.25,0.7412718205,2.5
6000,80.3,0.7412714259,2.5
6000,80.35,0.7412710308,2.5
6000,80.4,0.7412706352,2.5
6000,80.45,0.741270239,2.5
6000,80.5,0.7412698423,2.5
6000,80.55,0.741269445,2.5
6000,80.6,0.7412690471,2.5
6000,80.65,0.7412686487,2.5
6000,80.7,0.7412682498,2.5
6000,80.75,0.7412678502,2.5
6000,80.8,0.7412674502,2.5
6000,80.85,0.7412670495,2.5
6000,80.9,0.7412666484,2.5
6000,80.95,0.7412662466,2.5
6000,81,0.7412658443,2.5
6000,81.05,0.7412654415,2.5
6000,81.1,0.741265038,2.5
6000,81.15,0.7412646341,2.5
6000,81.2,0.7412642295,2.5
6000,81.25,0.7412638244,2.5
6000,81.3,0.7412634188,2.5
6000,81.35,0.7412630125,2.5
6000,81.4,0.7412626057,2.5
6000,81.45,0.7412621984,2.5
6000,81.5,0.7412617905,2.5
6000,81.55,0.741261382,2.5
6000,81.6,0.7412609729,2.5
6000,81.65,0.7412605633,2.5
6000,81.7,0.7412601531,2.5
6000,81.75,0.7412597423,2.5
6000,81.8,0.741259331,2.5
6000,81.85,0.7412589191,2.5
6000,81.9,0.7412585066,2.5
6000,81.95,0.7412580936,2.5
6000,82,0.74125768,2.5
6000,82.05,0.7412572658,2.5
6000,82.1,0.741256851,2.5
6000,82.15,0.7412564357,2.5
6000,82.2,0.7412560198,2.5
6000,82.25,0.7412556033,2.5
6000,82.3,0.7412551862,2.5
6000,82.35,0.7412547686,2.5
6000,82.4,0.7412543503,2.5
6000,82.45,0.7412539315,2.5
6000,82.5,0.7412535122,2.5
6000,82.55,0.7412530922,2.5
6000,82.6,0.7412526716,2.5
6000,82.65,0.7412522505,2.5
6000,82.7,0.7412518288,2.5
6000,82.75,0.7412514065,2.5
6000,82.8,0.7412509836,2.5
6000,82.85,0.7412505602,2.5
6000,82.9,0.7412501361,2.5
6000,82.95,0.7412497115,2.5
6000,83,0.7412492863,2.5
6000,83.05,0.7412488605,2.5
6000,83.1,0.7412484341,2.5
6000,83.15,0.7412480071,2.5
6000,83.2,0.7412475795,2.5
6000,83.25,0.7412471514,2.5
6000,83.3,0.7412467226,2.5
6000,83.35,0.7412462932,2.5
6000,83.4,0.7412458633,2.5
6000,83.45,0.7412454328,2.5
6000,83.5,0.7412450016,2.5
6000,83.55,0.7412445699,2.5
6000,83.6,0.7412441376,2.5
6000,83.65,0.7412437047,2.5
6000,83.7,0.7412432712,2.5
6000,83.75,0.741242837,2.5
6000,83.8,0.7412424023,2.5
6000,83.85,0.741241967,2.5
6000,83.9,0.7412415311,2.5
6000,83.95,0.7412410946,2.5
6000,84,0.7412406575,2.5
6000,84.05,0.7412402198,2.5
6000,84.1,0.7412397814,2.5
6000,84.15,0.7412393425,2.5
6000,84.2,0.741238903,2.5
6000,84.25,0.7412384629,2.5
6000,84.3,0.7412380221,2.5
6000,84.35,0.7412375808,2.5
6000,84.4,0.7412371388,2.5
6000,84.45,0.7412366962,2.5
6000,84.5,0.7412362531,2.5
6000,84.55,0.7412358093,2.5
6000,84.6,0.7412353649,2.5
6000,84.65,0.7412349199,2.5
6000,84.7,0.7412344743,2.5
6000,84.75,0.741234028,2.5
6000,84.8,0.7412335812,2.5
6000,84.85,0.7412331337,2.5
6000,84.9,0.7412326857,2.5
6000,84.95,0.741232237,2.5
6000,85,0.7412317877,2.5
6000,85.05,0.7412313377,2.5
6000,85.1,0.7412308872,2.5
6000,85.15,0.741230436,2.5
6000,85.2,0.7412299842,2.5
6000,85.25,0.7412295318,2.5
6000,85.3,0.7412290788,2.5
6000,85.35,0.7412286252,2.5
6000,85.4,0.7412281709,2.5
6000,85.45,0.741227716,2.5
6000,85.5,0.7412272605,2.5
6000,85.55,0.7412268044,2.5
6000,85.6,0.7412263476,2.5
6000,85.65,0.7412258902,2.5
6000,85.7,0.7412254322,2.5
6000,85.75,0.7412249735,2.5
6000,85.8,0.7412245142,2.5
6000,85.85,0.7412240543,2.5
6000,85.9,0.7412235938,2.5
6000,85.95,0.7412231326,2.5
6000,86,0.7412226708,2.5
6000,86.05,0.7412222084,2.5
6000,86.1,0.7412217453,2.5
6000,86.15,0.7412212816,2.5
6000,86.2,0.7412208173,2.5
6000,86.25,0.7412203523,2.5
6000,86.3,0.7412198867,2.5
6000,86.35,0.7412194204,2.5
6000,86.4,0.7412189535,2.5
6000,86.45,0.741218486,2.5
6000,86.5,0.7412180178,2.5
6000,86.55,0.741217549,2.5
6000,86.6,0.7412170796,2.5
6000,86.65,0.7412166095,2.5
6000,86.7,0.7412161387,2.5
6000,86.75,0.7412156674,2.5
6000,86.8,0.7412151953,2.5
6000,86.85,0.7412147227,2.5
6000,86.9,0.7412142494,2.5
6000,86.95,0.7412137754,2.5
6000,87,0.7412133008,2.5
6000,87.05,0.7412128255,2.5
6000,87.1,0.7412123496,2.5
6000,87.15,0.741211873,2.5
6000,87.2,0.7412113958,2.5
6000,87.25,0.741210918,2.5
6000,87.3,0.7412104395,2.5
6000,87.35,0.7412099603,2.5
6000,87.4,0.7412094805,2.5
6000,87.45,0.741209,2.5
6000,87.5,0.7412085189,2.5
6000,87.55,0.7412080371,2.5
6000,87.6,0.7412075546,2.5
6000,87.65,0.7412070715,2.5
6000,87.7,0.7412065878,2.5
6000,87.75,0.7412061033,2.5
6000,87.8,0.7412056182,2.5
6000,87.85,0.7412051325,2.5
6000,87.9,0.7412046461,2.5
6000,87.95,0.741204159,2.5
6000,88,0.7412036713,2.5
6000,88.05,0.7412031829,2.5
6000,88.1,0.7412026938,2.5
6000,88.15,0.7412022041,2.5
6000,88.2,0.7412017137,2.5
6000,88.25,0.7412012226,2.5
6000,88.3,0.7412007309,2.5
6000,88.35,0.7412002385,2.5
6000,88.4,0.7411997454,2.5
6000,88.45,0.7411992516,2.5
6000,88.5,0.7411987572,2.5
6000,88.55,0.7411982621,2.5
6000,88.6,0.7411977664,2.5
6000,88.65,0.7411972699,2.5
6000,88.7,0.7411967728,2.5
6000,88.75,0.741196275,2.5
6000,88.8,0.7411957766,2.5
6000,88.85,0.7411952774,2.5
6000,88.9,0.7411947776,2.5
6000,88.95,0.7411942771,2.5
6000,89,0.7411937759,2.5
6000,89.05,0.741193274,2.5
6000,89.1,0.7411927715,2.5
6000,89.15,0.7411922683,2.5
6000,89.2,0.7411917643,2.5
6000,89.25,0.7411912597,2.5
6000,89.3,0.7411907545,2.5
6000,89.35,0.7411902485,2.5
6000,89.4,0.7411897418,2.5
6000,89.45,0.7411892345,2.5
6000,89.5,0.7411887265,2.5
6000,89.55,0.7411882177,2.5
6000,89.6,0.7411877083,2.5
6000,89.65,0.7411871982,2.5
6000,89.7,0.7411866874,2.5
6000,89.75,0.7411861759,2.5
6000,89.8,0.7411856638,2.5
6000,89.85,0.7411851509,2.5
6000,89.9,0.7411846373,2.5
6000,89.95,0.7411841231,2.5
6000,90,0.7411836081,2.5
6000,90.05,0.7411830924,2.5
6000,90.1,0.7411825761,2.5
6000,90.15,0.741182059,2.5
6000,90.2,0.7411815413,2.5
6000,90.25,0.7411810228,2.5
6000,90.3,0.7411805036,2.5
6000,90.35,0.7411799838,2.5
6000,90.4,0.7411794632,2.5
6000,90.45,0.7411789419,2.5
6000,90.5,0.7411784199,2.5
6000,90.55,0.7411778973,2.5
6000,90.6,0.7411773739,2.5
6000,90.65,0.7411768498,2.5
6000,90.7,0.741176325,2.5
6000,90.75,0.7411757994,2.5
6000,90.8,0.7411752732,2.5
6000,90.85,0.7411747463,2.5
6000,90.9,0.7411742186,2.5
6000,90.95,0.7411736903,2.5
6000,91,0.7411731612,2.5
6000,91.05,0.7411726314,2.5
6000,91.1,0.7411721009,2.5
6000,91.15,0.7411715696,2.5
6000,91.2,0.7411710377,2.5
6000,91.25,0.741170505,2.5
6000,91.3,0.7411699717,2.5
6000,91.35,0.7411694375,2.5
6000,91.4,0.7411689027,2.5
6000,91.45,0.7411683672,2.5
6000,91.5,0.7411678309,2.5
6000,91.55,0.7411672939,2.5
6000,91.6,0.7411667562,2.5
6000,91.65,0.7411662178,2.5
6000,91.7,0.7411656786,2.5
6000,91.75,0.7411651387,2.5
6000,91.8,0.7411645981,2.5
6000,91.85,0.7411640567,2.5
6000,91.9,0.7411635147,2.5
6000,91.95,0.7411629719,2.5
6000,92,0.7411624283,2.5
6000,92.05,0.741161884,2.5
6000,92.1,0.741161339,2.5
6000,92.15,0.7411607933,2.5
6000,92.2,0.7411602468,2.5
6000,92.25,0.7411596996,2.5
6000,92.3,0.7411591517,2.5
6000,92.35,0.741158603,2.5
6000,92.4,0.7411580535,2.5
6000,92.45,0.7411575034,2.5
6000,92.5,0.7411569525,2.5
6000,92.55,0.7411564008,2.5
6000,92.6,0.7411558485,2.5
6000,92.65,0.7411552953,2.5
6000,92.7,0.7411547414,2.5
6000,92.75,0.7411541868,2.5
6000,92.8,0.7411536315,2.5
6000,92.85,0.7411530754,2.5
6000,92.9,0.7411525185,2.5
6000,92.95,0.7411519609,2.5
6000,93,0.7411514025,2.5
6000,93.05,0.7411508434,2.5
6000,93.1,0.7411502836,2.5
6000,93.15,0.741149723,2.5
6000,93.2,0.7411491616,2.5
6000,93.25,0.7411485995,2.5
6000,93.3,0.7411480366,2.5
6000,93.35,0.741147473,2.5
6000,93.4,0.7411469086,2.5
6000,93.45,0.7411463435,2.5
6000,93.5,0.7411457776,2.5
6000,93.55,0.7411452109,2.5
6000,93.6,0.7411446435,2.5
6000,93.65,0.7411440754,2.5
6000,93.7,0.7411435064,2.5
6000,93.75,0.7411429367,2.5
6000,93.8,0.7411423663,2.5
6000,93.85,0.741141795,2.5
6000,93.9,0.741141223,2.5
6000,93.95,0.7411406503,2.5
6000,94,0.7411400768,2.5
6000,94.05,0.7411395025,2.5
6000,94.1,0.7411389274,2.5
6000,94.15,0.7411383516,2.5
6000,94.2,0.741137775,2.5
6000,94.25,0.7411371976,2.5
6000,94.3,0.7411366194,2.5
6000,94.35,0.7411360405,2.5
6000,94.4,0.7411354608,2.5
6000,94.45,0.7411348803,2.5
6000,94.5,0.7411342991,2.5
6000,94.55,0.7411337171,2.5
6000,94.6,0.7411331343,2.5
6000,94.65,0.7411325507,2.5
6000,94.7,0.7411319663,2.5
6000,94.75,0.7411313812,2.5
6000,94.8,0.7411307953,2.5
6000,94.85,0.7411302085,2.5
6000,94.9,0.741129621,2.5
6000,94.95,0.7411290328,2.5
6000,95,0.7411284437,2.5
6000,95.05,0.7411278539,2.5
6000,95.1,0.7411272632,2.5
6000,95.15,0.7411266718,2.5
6000,95.2,0.7411260796,2.5
6000,95.25,0.7411254866,2.5
6000,95.3,0.7411248928,2.5
6000,95.35,0.7411242982,2.5
6000,95.4,0.7411237028,2.5
6000,95.45,0.7411231066,2.5
6000,95.5,0.7411225096,2.5
6000,95.55,0.7411219119,2.5
6000,95.6,0.7411213133,2.5
6000,95.65,0.7411207139,2.5
6000,95.7,0.7411201138,2.5
6000,95.75,0.7411195128,2.5
6000,95.8,0.7411189111,2.5
6000,95.85,0.7411183085,2.5
6000,95.9,0.7411177051,2.5
6000,95.95,0.741117101,2.5
6000,96,0.741116496,2.5
6000,96.05,0.7411158902,2.5
6000,96.1,0.7411152836,2.5
6000,96.15,0.7411146762,2.5
6000,96.2,0.741114068,2.5
6000,96.25,0.741113459,2.5
6000,96.3,0.7411128492,2.5
6000,96.35,0.7411122385,2.5
6000,96.4,0.7411116271,2.5
6000,96.45,0.7411110148,2.5
6000,96.5,0.7411104018,2.5
6000,96.55,0.7411097879,2.5
6000,96.6,0.7411091732,2.5
6000,96.65,0.7411085576,2.5
6000,96.7,0.7411079413,2.5
6000,96.75,0.7411073241,2.5
6000,96.8,0.7411067062,2.5
6000,96.85,0.7411060874,2.5
6000,96.9,0.7411054677,2.5
6000,96.95,0.7411048473,2.5
6000,97,0.741104226,2.5
6000,97.05,0.7411036039,2.5
6000,97.1,0.741102981,2.5
6000,97.15,0.7411023573,2.5
6000,97.2,0.7411017327,2.5
6000,97.25,0.7411011073,2.5
6000,97.3,0.741100481,2.5
6000,97.35,0.741099854,2.5
6000,97.4,0.7410992261,2.5
6000,97.45,0.7410985974,2.5
6000,97.5,0.7410979678,2.5
6000,97.55,0.7410973374,2.5
6000,97.6,0.7410967062,2.5
6000,97.65,0.7410960741,2.5
6000,97.7,0.7410954412,2.5
6000,97.75,0.7410948075,2.5
6000,97.8,0.7410941729,2.5
6000,97.85,0.7410935374,2.5
6000,97.9,0.7410929012,2.5
6000,97.95,0.7410922641,2.5
6000,98,0.7410916261,2.5
6000,98.05,0.7410909873,2.5
6000,98.1,0.7410903477,2.5
6000,98.15,0.7410897072,2.5
6000,98.2,0.7410890659,2.5
6000,98.25,0.7410884237,2.5
6000,98.3,0.7410877806,2.5
6000,98.35,0.7410871368,2.5
6000,98.4,0.741086492,2.5
6000,98.45,0.7410858464,2.5
6000,98.5,0.7410852,2.5
6000,98.55,0.7410845527,2.5
6000,98.6,0.7410839046,2.5
6000,98.65,0.7410832555,2.5
6000,98.7,0.7410826057,2.5
6000,98.75,0.741081955,2.5
6000,98.8,0.7410813034,2.5
6000,98.85,0.7410806509,2.5
6000,98.9,0.7410799976,2.5
6000,98.95,0.7410793435,2.5
6000,99,0.7410786884,2.5
6000,99.05,0.7410780325,2.5
6000,99.1,0.7410773758,2.5
6000,99.15,0.7410767182,2.5
6000,99.2,0.7410760597,2.5
6000,99.25,0.7410754003,2.5
6000,99.3,0.7410747401,2.5
6000,99.35,0.741074079,2.5
6000,99.4,0.741073417,2.5
6000,99.45,0.7410727541,2.5
6000,99.5,0.7410720904,2.5
6000,99.55,0.7410714258,2.5
6000,99.6,0.7410707604,2.5
6000,99.65,0.741070094,2.5
6000,99.7,0.7410694268,2.5
6000,99.75,0.7410687587,2.5
6000,99.8,0.7410680897,2.5
6000,99.85,0.7410674198,2.5
6000,99.9,0.7410667491,2.5
6000,99.95,0.7410660774,2.5
6000,100,0.7410654049,2.5
6000,100.05,0.7410647315,2.5
6000,100.1,0.7410640573,2.5
6000,100.15,0.7410633821,2.5
6000,100.2,0.741062706,2.5
6000,100.25,0.7410620291,2.5
6000,100.3,0.7410613512,2.5
6000,100.35,0.7410606725,2.5
6000,100.4,0.7410599929,2.5
6000,100.45,0.7410593124,2.5
6000,100.5,0.741058631,2.5
6000,100.55,0.7410579487,2.5
6000,100.6,0.7410572655,2.5
6000,100.65,0.7410565814,2.5
6000,100.7,0.7410558964,2.5
6000,100.75,0.7410552105,2.5
6000,100.8,0.7410545237,2.5
6000,100.85,0.741053836,2.5
6000,100.9,0.7410531474,2.5
6000,100.95,0.7410524579,2.5
6000,101,0.7410517674,2.5
6000,101.05,0.7410510761,2.5
6000,101.1,0.7410503839,2.5
6000,101.15,0.7410496908,2.5
6000,101.2,0.7410489967,2.5
6000,101.25,0.7410483018,2.5
6000,101.3,0.7410476059,2.5
6000,101.35,0.7410469092,2.5
6000,101.4,0.7410462115,2.5
6000,101.45,0.7410455129,2.5
6000,101.5,0.7410448134,2.5
6000,101.55,0.7410441129,2.5
6000,101.6,0.7410434116,2.5
6000,101.65,0.7410427093,2.5
6000,101.7,0.7410420061,2.5
6000,101.75,0.741041302,2.5
6000,101.8,0.741040597,2.5
6000,101.85,0.741039891,2.5
6000,101.9,0.7410391842,2.5
6000,101.95,0.7410384764,2.5
6000,102,0.7410377676,2.5
6000,102.05,0.741037058,2.5
6000,102.1,0.7410363474,2.5
6000,102.15,0.7410356359,2.5
6000,102.2,0.7410349234,2.5
6000,102.25,0.7410342101,2.5
6000,102.3,0.7410334958,2.5
6000,102.35,0.7410327805,2.5
6000,102.4,0.7410320644,2.5
6000,102.45,0.7410313472,2.5
6000,102.5,0.7410306292,2.5
6000,102.55,0.7410299102,2.5
6000,102.6,0.7410291903,2.5
6000,102.65,0.7410284694,2.5
6000,102.7,0.7410277476,2.5
6000,102.75,0.7410270249,2.5
6000,102.8,0.7410263012,2.5
6000,102.85,0.7410255766,2.5
6000,102.9,0.741024851,2.5
6000,102.95,0.7410241245,2.5
6000,103,0.741023397,2.5
6000,103.05,0.7410226686,2.5
6000,103.1,0.7410219392,2.5
6000,103.15,0.7410212089,2.5
6000,103.2,0.7410204776,2.5
6000,103.25,0.7410197454,2.5
6000,103.3,0.7410190122,2.5
6000,103.35,0.7410182781,2.5
6000,103.4,0.741017543,2.5
6000,103.45,0.7410168069,2.5
6000,103.5,0.7410160699,2.5
6000,103.55,0.7410153319,2.5
6000,103.6,0.741014593,2.5
6000,103.65,0.7410138531,2.5
6000,103.7,0.7410131123,2.5
6000,103.75,0.7410123704,2.5
6000,103.8,0.7410116277,2.5
6000,103.85,0.7410108839,2.5
6000,103.9,0.7410101392,2.5
6000,103.95,0.7410093935,2.5
6000,104,0.7410086469,2.5
6000,104.05,0.7410078992,2.5
6000,104.1,0.7410071506,2.5
6000,104.15,0.7410064011,2.5
6000,104.2,0.7410056505,2.5
6000,104.25,0.741004899,2.5
6000,104.3,0.7410041465,2.5
6000,104.35,0.741003393,2.5
6000,104.4,0.7410026386,2.5
6000,104.45,0.7410018831,2.5
6000,104.5,0.7410011267,2.5
6000,104.55,0.7410003693,2.5
6000,104.6,0.740999611,2.5
6000,104.65,0.7409988516,2.5
6000,104.7,0.7409980912,2.5
6000,104.75,0.7409973299,2.5
6000,104.8,0.7409965676,2.5
6000,104.85,0.7409958043,2.5
6000,104.9,0.74099504,2.5
6000,104.95,0.7409942747,2.5
6000,105,0.7409935084,2.5
6000,105.05,0.7409927411,2.5
6000,105.1,0.7409919728,2.5
6000,105.15,0.7409912036,2.5
6000,105.2,0.7409904333,2.5
6000,105.25,0.740989662,2.5
6000,105.3,0.7409888898,2.5
6000,105.35,0.7409881165,2.5
6000,105.4,0.7409873423,2.5
6000,105.45,0.740986567,2.5
6000,105.5,0.7409857907,2.5
6000,105.55,0.7409850135,2.5
6000,105.6,0.7409842352,2.5
6000,105.65,0.7409834559,2.5
6000,105.7,0.7409826756,2.5
6000,105.75,0.7409818943,2.5
6000,105.8,0.740981112,2.5
6000,105.85,0.7409803287,2.5
6000,105.9,0.7409795443,2.5
6000,105.95,0.740978759,2.5
6000,106,0.7409779726,2.5
6000,106.05,0.7409771852,2.5
6000,106.1,0.7409763968,2.5
6000,106.15,0.7409756074,2.5
6000,106.2,0.7409748169,2.5
6000,106.25,0.7409740255,2.5
6000,106.3,0.740973233,2.5
6000,106.35,0.7409724395,2.5
6000,106.4,0.740971645,2.5
6000,106.45,0.7409708494,2.5
6000,106.5,0.7409700528,2.5
6000,106.55,0.7409692552,2.5
6000,106.6,0.7409684566,2.5
6000,106.65,0.7409676569,2.5
6000,106.7,0.7409668562,2.5
6000,106.75,0.7409660545,2.5
6000,106.8,0.7409652517,2.5
6000,106.85,0.7409644479,2.5
6000,106.9,0.7409636431,2.5
6000,106.95,0.7409628372,2.5
6000,107,0.7409620303,2.5
6000,107.05,0.7409612223,2.5
6000,107.1,0.7409604133,2.5
6000,107.15,0.7409596033,2.5
6000,107.2,0.7409587922,2.5
6000,107.25,0.7409579801,2.5
6000,107.3,0.7409571669,2.5
6000,107.35,0.7409563527,2.5
6000,107.4,0.7409555374,2.5
6000,107.45,0.7409547211,2.5
6000,107.5,0.7409539038,2.5
6000,107.55,0.7409530854,2.5
6000,107.6,0.7409522659,2.5
6000,107.65,0.7409514454,2.5
6000,107.7,0.7409506238,2.5
6000,107.75,0.7409498012,2.5
6000,107.8,0.7409489775,2.5
6000,107.85,0.7409481527,2.5
6000,107.9,0.7409473269,2.5
6000,107.95,0.7409465,2.5
6000,108,0.7409456721,2.5
6000,108.05,0.7409448431,2.5
6000,108.1,0.740944013,2.5
6000,108.15,0.7409431819,2.5
6000,108.2,0.7409423497,2.5
6000,108.25,0.7409415165,2.5
6000,108.3,0.7409406821,2.5
6000,108.35,0.7409398467,2.5
6000,108.4,0.7409390103,2.5
6000,108.45,0.7409381727,2.5
6000,108.5,0.7409373341,2.5
6000,108.55,0.7409364944,2.5
6000,108.6,0.7409356536,2.5
6000,108.65,0.7409348118,2.5
6000,108.7,0.7409339688,2.5
6000,108.75,0.7409331248,2.5
6000,108.8,0.7409322797,2.5
6000,108.85,0.7409314336,2.5
6000,108.9,0.7409305863,2.5
6000,108.95,0.740929738,2.5
6000,109,0.7409288885,2.5
6000,109.05,0.740928038,2.5
6000,109.1,0.7409271864,2.5
6000,109.15,0.7409263337,2.5
6000,109.2,0.7409254799,2.5
6000,109.25,0.740924625,2.5
6000,109.3,0.7409237691,2.5
6000,109.35,0.740922912,2.5
6000,109.4,0.7409220538,2.5
6000,109.45,0.7409211945,2.5
6000,109.5,0.7409203342,2.5
6000,109.55,0.7409194727,2.5
6000,109.6,0.7409186102,2.5
6000,109.65,0.7409177465,2.5
6000,109.7,0.7409168817,2.5
6000,109.75,0.7409160158,2.5
6000,109.8,0.7409151489,2.5
6000,109.85,0.7409142808,2.5
6000,109.9,0.7409134116,2.5
6000,109.95,0.7409125413,2.5
6000,110,0.7409116698,2.5
6000,110.05,0.7409107973,2.5
6000,110.1,0.7409099237,2.5
6000,110.15,0.7409090489,2.5
6000,110.2,0.740908173,2.5
6000,110.25,0.740907296,2.5
6000,110.3,0.7409064179,2.5
6000,110.35,0.7409055387,2.5
6000,110.4,0.7409046583,2.5
6000,110.45,0.7409037768,2.5
6000,110.5,0.7409028942,2.5
6000,110.55,0.7409020105,2.5
6000,110.6,0.7409011257,2.5
6000,110.65,0.7409002397,2.5
6000,110.7,0.7408993526,2.5
6000,110.75,0.7408984643,2.5
6000,110.8,0.740897575,2.5
6000,110.85,0.7408966845,2.5
6000,110.9,0.7408957928,2.5
6000,110.95,0.7408949001,2.5
6000,111,0.7408940062,2.5
6000,111.05,0.7408931111,2.5
6000,111.1,0.7408922149,2.5
6000,111.15,0.7408913176,2.5
6000,111.2,0.7408904191,2.5
6000,111.25,0.7408895195,2.5
6000,111.3,0.7408886188,2.5
6000,111.35,0.7408877169,2.5
6000,111.4,0.7408868138,2.5
6000,111.45,0.7408859096,2.5
6000,111.5,0.7408850043,2.5
6000,111.55,0.7408840978,2.5
6000,111.6,0.7408831902,2.5
6000,111.65,0.7408822814,2.5
6000,111.7,0.7408813714,2.5
6000,111.75,0.7408804603,2.5
6000,111.8,0.740879548,2.5
6000,111.85,0.7408786346,2.5
6000,111.9,0.74087772,2.5
6000,111.95,0.7408768043,2.5
6000,112,0.7408758874,2.5
6000,112.05,0.7408749693,2.5
6000,112.1,0.7408740501,2.5
6000,112.15,0.7408731297,2.5
6000,112.2,0.7408722081,2.5
6000,112.25,0.7408712854,2.5
6000,112.3,0.7408703615,2.5
6000,112.35,0.7408694364,2.5
6000,112.4,0.7408685102,2.5
6000,112.45,0.7408675828,2.5
6000,112.5,0.7408666542,2.5
6000,112.55,0.7408657244,2.5
6000,112.6,0.7408647934,2.5
6000,112.65,0.7408638613,2.5
6000,112.7,0.740862928,2.5
6000,112.75,0.7408619935,2.5
6000,112.8,0.7408610578,2.5
6000,112.85,0.740860121,2.5
6000,112.9,0.7408591829,2.5
6000,112.95,0.7408582437,2.5
6000,113,0.7408573033,2.5
6000,113.05,0.7408563617,2.5
6000,113.1,0.7408554189,2.5
6000,113.15,0.7408544749,2.5
6000,113.2,0.7408535297,2.5
6000,113.25,0.7408525833,2.5
6000,113.3,0.7408516358,2.5
6000,113.35,0.740850687,2.5
6000,113.4,0.740849737,2.5
6000,113.45,0.7408487858,2.5
6000,113.5,0.7408478335,2.5
6000,113.55,0.7408468799,2.5
6000,113.6,0.7408459251,2.5
6000,113.65,0.7408449691,2.5
6000,113.7,0.7408440119,2.5
6000,113.75,0.7408430536,2.5
6000,113.8,0.7408420939,2.5
6000,113.85,0.7408411331,2.5
6000,113.9,0.7408401711,2.5
6000,113.95,0.7408392079,2.5
6000,114,0.7408382434,2.5
6000,114.05,0.7408372777,2.5
6000,114.1,0.7408363108,2.5
6000,114.15,0.7408353427,2.5
6000,114.2,0.7408343734,2.5
6000,114.25,0.7408334028,2.5
6000,114.3,0.7408324311,2.5
6000,114.35,0.7408314581,2.5
6000,114.4,0.7408304838,2.5
6000,114.45,0.7408295084,2.5
6000,114.5,0.7408285317,2.5
6000,114.55,0.7408275538,2.5
6000,114.6,0.7408265747,2.5
6000,114.65,0.7408255943,2.5
6000,114.7,0.7408246127,2.5
6000,114.75,0.7408236298,2.5
6000,114.8,0.7408226458,2.5
6000,114.85,0.7408216604,2.5
6000,114.9,0.7408206739,2.5
6000,114.95,0.7408196861,2.5
6000,115,0.7408186971,2.5
6000,115.05,0.7408177068,2.5
6000,115.1,0.7408167153,2.5
6000,115.15,0.7408157225,2.5
6000,115.2,0.7408147285,2.5
6000,115.25,0.7408137332,2.5
6000,115.3,0.7408127367,2.5
6000,115.35,0.7408117389,2.5
6000,115.4,0.7408107399,2.5
6000,115.45,0.7408097396,2.5
6000,115.5,0.7408087381,2.5
6000,115.55,0.7408077353,2.5
6000,115.6,0.7408067313,2.5
6000,115.65,0.740805726,2.5
6000,115.7,0.7408047194,2.5
6000,115.75,0.7408037116,2.5
6000,115.8,0.7408027025,2.5
6000,115.85,0.7408016921,2.5
6000,115.9,0.7408006805,2.5
6000,115.95,0.7407996676,2.5
6000,116,0.7407986535,2.5
6000,116.05,0.740797638,2.5
6000,116.1,0.7407966213,2.5
6000,116.15,0.7407956034,2.5
6000,116.2,0.7407945841,2.5
6000,116.25,0.7407935636,2.5
6000,116.3,0.7407925418,2.5
6000,116.35,0.7407915187,2.5
6000,116.4,0.7407904943,2.5
6000,116.45,0.7407894687,2.5
6000,116.5,0.7407884417,2.5
6000,116.55,0.7407874135,2.5
6000,116.6,0.740786384,2.5
6000,116.65,0.7407853532,2.5
6000,116.7,0.7407843212,2.5
6000,116.75,0.7407832878,2.5
6000,116.8,0.7407822531,2.5
6000,116.85,0.7407812172,2.5
6000,116.9,0.7407801799,2.5
6000,116.95,0.7407791414,2.5
6000,117,0.7407781016,2.5
6000,117.05,0.7407770604,2.5
6000,117.1,0.740776018,2.5
6000,117.15,0.7407749742,2.5
6000,117.2,0.7407739292,2.5
6000,117.25,0.7407728828,2.5
6000,117.3,0.7407718352,2.5
6000,117.35,0.7407707862,2.5
6000,117.4,0.740769736,2.5
6000,117.45,0.7407686844,2.5
6000,117.5,0.7407676315,2.5
6000,117.55,0.7407665773,2.5
6000,117.6,0.7407655218,2.5
6000,117.65,0.7407644649,2.5
6000,117.7,0.7407634068,2.5
6000,117.75,0.7407623473,2.5
6000,117.8,0.7407612865,2.5
6000,117.85,0.7407602244,2.5
6000,117.9,0.740759161,2.5
6000,117.95,0.7407580962,2.5
6000,118,0.7407570301,2.5
6000,118.05,0.7407559627,2.5
6000,118.1,0.740754894,2.5
6000,118.15,0.7407538239,2.5
6000,118.2,0.7407527525,2.5
6000,118.25,0.7407516797,2.5
6000,118.3,0.7407506057,2.5
6000,118.35,0.7407495303,2.5
6000,118.4,0.7407484535,2.5
6000,118.45,0.7407473754,2.5
6000,118.5,0.740746296,2.5
6000,118.55,0.7407452152,2.5
6000,118.6,0.7407441331,2.5
6000,118.65,0.7407430497,2.5
6000,118.7,0.7407419649,2.5
6000,118.75,0.7407408787,2.5
6000,118.8,0.7407397912,2.5
6000,118.85,0.7407387024,2.5
6000,118.9,0.7407376122,2.5
6000,118.95,0.7407365206,2.5
6000,119,0.7407354277,2.5
6000,119.05,0.7407343335,2.5
6000,119.1,0.7407332378,2.5
6000,119.15,0.7407321408,2.5
6000,119.2,0.7407310425,2.5
6000,119.25,0.7407299428,2.5
6000,119.3,0.7407288417,2.5
6000,119.35,0.7407277393,2.5
6000,119.4,0.7407266355,2.5
6000,119.45,0.7407255303,2.5
6000,119.5,0.7407244238,2.5
6000,119.55,0.7407233159,2.5
6000,119.6,0.7407222066,2.5
6000,119.65,0.7407210959,2.5
6000,119.7,0.7407199839,2.5
6000,119.75,0.7407188705,2.5
6000,119.8,0.7407177557,2.5
6000,119.85,0.7407166395,2.5
6000,119.9,0.740715522,2.5
6000,119.95,0.740714403,2.5
6000,120,0.7407132827,2.5
6000,120.05,0.740712161,2.5
6000,120.1,0.7407110379,2.5
6000,120.15,0.7407099134,2.5
6000,120.2,0.7407087876,2.5
6000,120.25,0.7407076603,2.5
6000,120.3,0.7407065316,2.5
6000,120.35,0.7407054016,2.5
6000,120.4,0.7407042701,2.5
6000,120.45,0.7407031373,2.5
6000,120.5,0.7407020031,2.5
6000,120.55,0.7407008674,2.5
6000,120.6,0.7406997304,2.5
6000,120.65,0.7406985919,2.5
6000,120.7,0.740697452,2.5
6000,120.75,0.7406963108,2.5
6000,120.8,0.7406951681,2.5
6000,120.85,0.740694024,2.5
6000,120.9,0.7406928785,2.5
6000,120.95,0.7406917316,2.5
6000,121,0.7406905833,2.5
6000,121.05,0.7406894335,2.5
6000,121.1,0.7406882824,2.5
6000,121.15,0.7406871298,2.5
6000,121.2,0.7406859758,2.5
6000,121.25,0.7406848204,2.5
6000,121.3,0.7406836635,2.5
6000,121.35,0.7406825053,2.5
6000,121.4,0.7406813456,2.5
6000,121.45,0.7406801845,2.5
6000,121.5,0.7406790219,2.5
6000,121.55,0.7406778579,2.5
6000,121.6,0.7406766925,2.5
6000,121.65,0.7406755256,2.5
6000,121.7,0.7406743574,2.5
6000,121.75,0.7406731876,2.5
6000,121.8,0.7406720165,2.5
6000,121.85,0.7406708439,2.5
6000,121.9,0.7406696698,2.5
6000,121.95,0.7406684943,2.5
6000,122,0.7406673174,2.5
6000,122.05,0.740666139,2.5
6000,122.1,0.7406649592,2.5
6000,122.15,0.7406637779,2.5
6000,122.2,0.7406625951,2.5
6000,122.25,0.740661411,2.5
6000,122.3,0.7406602253,2.5
6000,122.35,0.7406590382,2.5
6000,122.4,0.7406578497,2.5
6000,122.45,0.7406566596,2.5
6000,122.5,0.7406554682,2.5
6000,122.55,0.7406542752,2.5
6000,122.6,0.7406530808,2.5
6000,122.65,0.740651885,2.5
6000,122.7,0.7406506876,2.5
6000,122.75,0.7406494888,2.5
6000,122.8,0.7406482886,2.5
6000,122.85,0.7406470868,2.5
6000,122.9,0.7406458836,2.5
6000,122.95,0.7406446789,2.5
6000,123,0.7406434727,2.5
6000,123.05,0.7406422651,2.5
6000,123.1,0.740641056,2.5
6000,123.15,0.7406398454,2.5
6000,123.2,0.7406386333,2.5
6000,123.25,0.7406374197,2.5
6000,123.3,0.7406362046,2.5
6000,123.35,0.7406349881,2.5
6000,123.4,0.74063377,2.5
6000,123.45,0.7406325505,2.5
6000,123.5,0.7406313295,2.5
6000,123.55,0.740630107,2.5
6000,123.6,0.740628883,2.5
6000,123.65,0.7406276575,2.5
6000,123.7,0.7406264305,2.5
6000,123.75,0.740625202,2.5
6000,123.8,0.740623972,2.5
6000,123.85,0.7406227405,2.5
6000,123.9,0.7406215074,2.5
6000,123.95,0.7406202729,2.5
6000,124,0.7406190369,2.5
6000,124.05,0.7406177994,2.5
6000,124.1,0.7406165603,2.5
6000,124.15,0.7406153197,2.5
6000,124.2,0.7406140777,2.5
6000,124.25,0.7406128341,2.5
6000,124.3,0.740611589,2.5
6000,124.35,0.7406103423,2.5
6000,124.4,0.7406090942,2.5
6000,124.45,0.7406078445,2.5
6000,124.5,0.7406065933,2.5
6000,124.55,0.7406053406,2.5
6000,124.6,0.7406040863,2.5
6000,124.65,0.7406028306,2.5
6000,124.7,0.7406015733,2.5
6000,124.75,0.7406003144,2.5
6000,124.8,0.740599054,2.5
6000,124.85,0.7405977921,2.5
6000,124.9,0.7405965287,2.5
6000,124.95,0.7405952637,2.5
6000,125,0.7405939972,2.5
6000,125.05,0.7405927291,2.5
6000,125.1,0.7405914595,2.5
6000,125.15,0.7405901883,2.5
6000,125.2,0.7405889156,2.5
6000,125.25,0.7405876414,2.5
6000,125.3,0.7405863656,2.5
6000,125.35,0.7405850882,2.5
6000,125.4,0.7405838093,2.5
6000,125.45,0.7405825289,2.5
6000,125.5,0.7405812468,2.5
6000,125.55,0.7405799633,2.5
6000,125.6,0.7405786781,2.5
6000,125.65,0.7405773914,2.5
6000,125.7,0.7405761032,2.5
6000,125.75,0.7405748133,2.5
6000,125.8,0.740573522,2.5
6000,125.85,0.740572229,2.5
6000,125.9,0.7405709345,2.5
6000,125.95,0.7405696384,2.5
6000,126,0.7405683407,2.5
6000,126.05,0.7405670414,2.5
6000,126.1,0.7405657406,2.5
6000,126.15,0.7405644382,2.5
6000,126.2,0.7405631342,2.5
6000,126.25,0.7405618287,2.5
6000,126.3,0.7405605215,2.5
6000,126.35,0.7405592128,2.5
6000,126.4,0.7405579025,2.5
6000,126.45,0.7405565906,2.5
6000,126.5,0.7405552771,2.5
6000,126.55,0.740553962,2.5
6000,126.6,0.7405526453,2.5
6000,126.65,0.740551327,2.5
6000,126.7,0.7405500072,2.5
6000,126.75,0.7405486857,2.5
6000,126.8,0.7405473626,2.5
6000,126.85,0.740546038,2.5
6000,126.9,0.7405447117,2.5
6000,126.95,0.7405433838,2.5
6000,127,0.7405420543,2.5
6000,127.05,0.7405407232,2.5
6000,127.1,0.7405393905,2.5
6000,127.15,0.7405380562,2.5
6000,127.2,0.7405367203,2.5
6000,127.25,0.7405353828,2.5
6000,127.3,0.7405340436,2.5
6000,127.35,0.7405327028,2.5
6000,127.4,0.7405313604,2.5
6000,127.45,0.7405300164,2.5
6000,127.5,0.7405286708,2.5
6000,127.55,0.7405273235,2.5
6000,127.6,0.7405259746,2.5
6000,127.65,0.7405246241,2.5
6000,127.7,0.740523272,2.5
6000,127.75,0.7405219182,2.5
6000,127.8,0.7405205628,2.5
6000,127.85,0.7405192057,2.5
6000,127.9,0.740517847,2.5
6000,127.95,0.7405164867,2.5
6000,128,0.7405151247,2.5
6000,128.05,0.7405137611,2.5
6000,128.1,0.7405123959,2.5
6000,128.15,0.740511029,2.5
6000,128.2,0.7405096605,2.5
6000,128.25,0.7405082903,2.5
6000,128.3,0.7405069184,2.5
6000,128.35,0.7405055449,2.5
6000,128.4,0.7405041698,2.5
6000,128.45,0.740502793,2.5
6000,128.5,0.7405014145,2.5
6000,128.55,0.7405000344,2.5
6000,128.6,0.7404986526,2.5
6000,128.65,0.7404972692,2.5
6000,128.7,0.7404958841,2.5
6000,128.75,0.7404944973,2.5
6000,128.8,0.7404931089,2.5
6000,128.85,0.7404917188,2.5
6000,128.9,0.740490327,2.5
6000,128.95,0.7404889335,2.5
6000,129,0.7404875384,2.5
6000,129.05,0.7404861416,2.5
6000,129.1,0.7404847431,2.5
6000,129.15,0.740483343,2.5
6000,129.2,0.7404819411,2.5
6000,129.25,0.7404805376,2.5
6000,129.3,0.7404791324,2.5
6000,129.35,0.7404777255,2.5
6000,129.4,0.7404763169,2.5
6000,129.45,0.7404749066,2.5
6000,129.5,0.7404734946,2.5
6000,129.55,0.740472081,2.5
6000,129.6,0.7404706656,2.5
6000,129.65,0.7404692486,2.5
6000,129.7,0.7404678298,2.5
6000,129.75,0.7404664094,2.5
6000,129.8,0.7404649872,2.5
6000,129.85,0.7404635633,2.5
6000,129.9,0.7404621378,2.5
6000,129.95,0.7404607105,2.5
6000,130,0.7404592815,2.5
6000,130.05,0.7404578508,2.5
6000,130.1,0.7404564184,2.5
6000,130.15,0.7404549843,2.5
6000,130.2,0.7404535484,2.5
6000,130.25,0.7404521109,2.5
6000,130.3,0.7404506716,2.5
6000,130.35,0.7404492306,2.5
6000,130.4,0.7404477879,2.5
6000,130.45,0.7404463434,2.5
6000,130.5,0.7404448972,2.5
6000,130.55,0.7404434493,2.5
6000,130.6,0.7404419997,2.5
6000,130.65,0.7404405483,2.5
6000,130.7,0.7404390952,2.5
6000,130.75,0.7404376404,2.5
6000,130.8,0.7404361838,2.5
6000,130.85,0.7404347255,2.5
6000,130.9,0.7404332654,2.5
6000,130.95,0.7404318036,2.5
6000,131,0.7404303401,2.5
6000,131.05,0.7404288748,2.5
6000,131.1,0.7404274077,2.5
6000,131.15,0.7404259389,2.5
6000,131.2,0.7404244684,2.5
6000,131.25,0.7404229961,2.5
6000,131.3,0.740421522,2.5
6000,131.35,0.7404200462,2.5
6000,131.4,0.7404185686,2.5
6000,131.45,0.7404170893,2.5
6000,131.5,0.7404156082,2.5
6000,131.55,0.7404141253,2.5
6000,131.6,0.7404126407,2.5
6000,131.65,0.7404111543,2.5
6000,131.7,0.7404096661,2.5
6000,131.75,0.7404081762,2.5
6000,131.8,0.7404066845,2.5
6000,131.85,0.740405191,2.5
6000,131.9,0.7404036957,2.5
6000,131.95,0.7404021987,2.5
6000,132,0.7404006999,2.5
6000,132.05,0.7403991992,2.5
6000,132.1,0.7403976968,2.5
6000,132.15,0.7403961927,2.5
6000,132.2,0.7403946867,2.5
6000,132.25,0.7403931789,2.5
6000,132.3,0.7403916694,2.5
6000,132.35,0.740390158,2.5
6000,132.4,0.7403886449,2.5
6000,132.45,0.7403871299,2.5
6000,132.5,0.7403856132,2.5
6000,132.55,0.7403840946,2.5
6000,132.6,0.7403825743,2.5
6000,132.65,0.7403810521,2.5
6000,132.7,0.7403795282,2.5
6000,132.75,0.7403780024,2.5
6000,132.8,0.7403764748,2.5
6000,132.85,0.7403749454,2.5
6000,132.9,0.7403734142,2.5
6000,132.95,0.7403718812,2.5
6000,133,0.7403703464,2.5
6000,133.05,0.7403688097,2.5
6000,133.1,0.7403672712,2.5
6000,133.15,0.7403657309,2.5
6000,133.2,0.7403641888,2.5
6000,133.25,0.7403626449,2.5
6000,133.3,0.7403610991,2.5
6000,133.35,0.7403595515,2.5
6000,133.4,0.740358002,2.5
6000,133.45,0.7403564507,2.5
6000,133.5,0.7403548976,2.5
6000,133.55,0.7403533426,2.5
6000,133.6,0.7403517858,2.5
6000,133.65,0.7403502272,2.5
6000,133.7,0.7403486667,2.5
6000,133.75,0.7403471044,2.5
6000,133.8,0.7403455402,2.5
6000,133.85,0.7403439742,2.5
6000,133.9,0.7403424063,2.5
6000,133.95,0.7403408366,2.5
6000,134,0.740339265,2.5
6000,134.05,0.7403376915,2.5
6000,134.1,0.7403361162,2.5
6000,134.15,0.7403345391,2.5
6000,134.2,0.74033296,2.5
6000,134.25,0.7403313791,2.5
6000,134.3,0.7403297964,2.5
6000,134.35,0.7403282118,2.5
6000,134.4,0.7403266253,2.5
6000,134.45,0.7403250369,2.5
6000,134.5,0.7403234466,2.5
6000,134.55,0.7403218545,2.5
6000,134.6,0.7403202605,2.5
6000,134.65,0.7403186646,2.5
6000,134.7,0.7403170669,2.5
6000,134.75,0.7403154672,2.5
6000,134.8,0.7403138657,2.5
6000,134.85,0.7403122623,2.5
6000,134.9,0.740310657,2.5
6000,134.95,0.7403090498,2.5
6000,135,0.7403074407,2.5
6000,135.05,0.7403058297,2.5
6000,135.1,0.7403042168,2.5
6000,135.15,0.7403026021,2.5
6000,135.2,0.7403009854,2.5
6000,135.25,0.7402993668,2.5
6000,135.3,0.7402977463,2.5
6000,135.35,0.7402961239,2.5
6000,135.4,0.7402944996,2.5
6000,135.45,0.7402928734,2.5
6000,135.5,0.7402912453,2.5
6000,135.55,0.7402896152,2.5
6000,135.6,0.7402879833,2.5
6000,135.65,0.7402863494,2.5
6000,135.7,0.7402847136,2.5
6000,135.75,0.7402830759,2.5
6000,135.8,0.7402814362,2.5
6000,135.85,0.7402797947,2.5
6000,135.9,0.7402781512,2.5
6000,135.95,0.7402765058,2.5
6000,136,0.7402748584,2.5
6000,136.05,0.7402732091,2.5
6000,136.1,0.7402715579,2.5
6000,136.15,0.7402699047,2.5
6000,136.2,0.7402682496,2.5
6000,136.25,0.7402665926,2.5
6000,136.3,0.7402649336,2.5
6000,136.35,0.7402632727,2.5
6000,136.4,0.7402616098,2.5
6000,136.45,0.740259945,2.5
6000,136.5,0.7402582782,2.5
6000,136.55,0.7402566094,2.5
6000,136.6,0.7402549388,2.5
6000,136.65,0.7402532661,2.5
6000,136.7,0.7402515915,2.5
6000,136.75,0.7402499149,2.5
6000,136.8,0.7402482364,2.5
6000,136.85,0.7402465559,2.5
6000,136.9,0.7402448735,2.5
6000,136.95,0.740243189,2.5
6000,137,0.7402415026,2.5
6000,137.05,0.7402398143,2.5
6000,137.1,0.7402381239,2.5
6000,137.15,0.7402364316,2.5
6000,137.2,0.7402347373,2.5
6000,137.25,0.740233041,2.5
6000,137.3,0.7402313428,2.5
6000,137.35,0.7402296425,2.5
6000,137.4,0.7402279403,2.5
6000,137.45,0.7402262361,2.5
6000,137.5,0.7402245299,2.5
6000,137.55,0.7402228217,2.5
6000,137.6,0.7402211115,2.5
6000,137.65,0.7402193993,2.5
6000,137.7,0.7402176851,2.5
6000,137.75,0.7402159689,2.5
6000,137.8,0.7402142507,2.5
6000,137.85,0.7402125305,2.5
6000,137.9,0.7402108083,2.5
6000,137.95,0.740209084,2.5
6000,138,0.7402073578,2.5
6000,138.05,0.7402056296,2.5
6000,138.1,0.7402038993,2.5
6000,138.15,0.7402021671,2.5
6000,138.2,0.7402004328,2.5
6000,138.25,0.7401986965,2.5
6000,138.3,0.7401969581,2.5
6000,138.35,0.7401952178,2.5
6000,138.4,0.7401934754,2.5
6000,138.45,0.740191731,2.5
6000,138.5,0.7401899845,2.5
6000,138.55,0.7401882361,2.5
6000,138.6,0.7401864856,2.5
6000,138.65,0.740184733,2.5
6000,138.7,0.7401829784,2.5
6000,138.75,0.7401812218,2.5
6000,138.8,0.7401794632,2.5
6000,138.85,0.7401777024,2.5
6000,138.9,0.7401759397,2.5
6000,138.95,0.7401741749,2.5
6000,139,0.740172408,2.5
6000,139.05,0.7401706391,2.5
6000,139.1,0.7401688682,2.5
6000,139.15,0.7401670951,2.5
6000,139.2,0.7401653201,2.5
6000,139.25,0.7401635429,2.5
6000,139.3,0.7401617637,2.5
6000,139.35,0.7401599825,2.5
6000,139.4,0.7401581991,2.5
6000,139.45,0.7401564137,2.5
6000,139.5,0.7401546262,2.5
6000,139.55,0.7401528367,2.5
6000,139.6,0.7401510451,2.5
6000,139.65,0.7401492514,2.5
6000,139.7,0.7401474556,2.5
6000,139.75,0.7401456577,2.5
6000,139.8,0.7401438578,2.5
6000,139.85,0.7401420558,2.5
6000,139.9,0.7401402516,2.5
6000,139.95,0.7401384454,2.5
6000,140,0.7401366371,2.5
6000,140.05,0.7401348268,2.5
6000,140.1,0.7401330143,2.5
6000,140.15,0.7401311997,2.5
6000,140.2,0.740129383,2.5
6000,140.25,0.7401275642,2.5
6000,140.3,0.7401257433,2.5
6000,140.35,0.7401239203,2.5
6000,140.4,0.7401220952,2.5
6000,140.45,0.740120268,2.5
6000,140.5,0.7401184387,2.5
6000,140.55,0.7401166072,2.5
6000,140.6,0.7401147737,2.5
6000,140.65,0.740112938,2.5
6000,140.7,0.7401111002,2.5
6000,140.75,0.7401092603,2.5
6000,140.8,0.7401074183,2.5
6000,140.85,0.7401055741,2.5
6000,140.9,0.7401037278,2.5
6000,140.95,0.7401018794,2.5
6000,141,0.7401000288,2.5
6000,141.05,0.7400981761,2.5
6000,141.1,0.7400963213,2.5
6000,141.15,0.7400944643,2.5
6000,141.2,0.7400926052,2.5
6000,141.25,0.7400907439,2.5
6000,141.3,0.7400888805,2.5
6000,141.35,0.740087015,2.5
6000,141.4,0.7400851473,2.5
6000,141.45,0.7400832774,2.5
6000,141.5,0.7400814054,2.5
6000,141.55,0.7400795312,2.5
6000,141.6,0.7400776549,2.5
6000,141.65,0.7400757764,2.5
6000,141.7,0.7400738958,2.5
6000,141.75,0.740072013,2.5
6000,141.8,0.740070128,2.5
6000,141.85,0.7400682408,2.5
6000,141.9,0.7400663515,2.5
6000,141.95,0.74006446,2.5
6000,142,0.7400625664,2.5
6000,142.05,0.7400606705,2.5
6000,142.1,0.7400587725,2.5
6000,142.15,0.7400568723,2.5
6000,142.2,0.7400549699,2.5
6000,142.25,0.7400530653,2.5
6000,142.3,0.7400511586,2.5
6000,142.35,0.7400492496,2.5
6000,142.4,0.7400473385,2.5
6000,142.45,0.7400454251,2.5
6000,142.5,0.7400435096,2.5
6000,142.55,0.7400415919,2.5
6000,142.6,0.7400396719,2.5
6000,142.65,0.7400377498,2.5
6000,142.7,0.7400358255,2.5
6000,142.75,0.7400338989,2.5
6000,142.8,0.7400319701,2.5
6000,142.85,0.7400300392,2.5
6000,142.9,0.740028106,2.5
6000,142.95,0.7400261706,2.5
6000,143,0.740024233,2.5
6000,143.05,0.7400222931,2.5
6000,143.1,0.7400203511,2.5
6000,143.15,0.7400184068,2.5
6000,143.2,0.7400164603,2.5
6000,143.25,0.7400145115,2.5
6000,143.3,0.7400125606,2.5
6000,143.35,0.7400106074,2.5
6000,143.4,0.7400086519,2.5
6000,143.45,0.7400066943,2.5
6000,143.5,0.7400047343,2.5
6000,143.55,0.7400027722,2.5
6000,143.6,0.7400008078,2.5
6000,143.65,0.7399988411,2.5
6000,143.7,0.7399968722,2.5
6000,143.75,0.7399949011,2.5
6000,143.8,0.7399929277,2.5
6000,143.85,0.739990952,2.5
6000,143.9,0.7399889741,2.5
6000,143.95,0.739986994,2.5
6000,144,0.7399850115,2.5
6000,144.05,0.7399830268,2.5
6000,144.1,0.7399810399,2.5
6000,144.15,0.7399790506,2.5
6000,144.2,0.7399770591,2.5
6000,144.25,0.7399750654,2.5
6000,144.3,0.7399730693,2.5
6000,144.35,0.739971071,2.5
6000,144.4,0.7399690704,2.5
6000,144.45,0.7399670675,2.5
6000,144.5,0.7399650624,2.5
6000,144.55,0.7399630549,2.5
6000,144.6,0.7399610452,2.5
6000,144.65,0.7399590331,2.5
6000,144.7,0.7399570188,2.5
6000,144.75,0.7399550022,2.5
6000,144.8,0.7399529833,2.5
6000,144.85,0.7399509621,2.5
6000,144.9,0.7399489386,2.5
6000,144.95,0.7399469127,2.5
6000,145,0.7399448846,2.5
6000,145.05,0.7399428542,2.5
6000,145.1,0.7399408215,2.5
6000,145.15,0.7399387864,2.5
6000,145.2,0.7399367491,2.5
6000,145.25,0.7399347094,2.5
6000,145.3,0.7399326674,2.5
6000,145.35,0.7399306231,2.5
6000,145.4,0.7399285764,2.5
6000,145.45,0.7399265274,2.5
6000,145.5,0.7399244761,2.5
6000,145.55,0.7399224225,2.5
6000,145.6,0.7399203666,2.5
6000,145.65,0.7399183083,2.5
6000,145.7,0.7399162476,2.5
6000,145.75,0.7399141847,2.5
6000,145.8,0.7399121194,2.5
6000,145.85,0.7399100517,2.5
6000,145.9,0.7399079817,2.5
6000,145.95,0.7399059094,2.5
6000,146,0.7399038347,2.5
6000,146.05,0.7399017576,2.5
6000,146.1,0.7398996782,2.5
6000,146.15,0.7398975965,2.5
6000,146.2,0.7398955123,2.5
6000,146.25,0.7398934259,2.5
6000,146.3,0.739891337,2.5
6000,146.35,0.7398892458,2.5
6000,146.4,0.7398871522,2.5
6000,146.45,0.7398850563,2.5
6000,146.5,0.739882958,2.5
6000,146.55,0.7398808573,2.5
6000,146.6,0.7398787542,2.5
6000,146.65,0.7398766488,2.5
6000,146.7,0.7398745409,2.5
6000,146.75,0.7398724307,2.5
6000,146.8,0.7398703181,2.5
6000,146.85,0.7398682031,2.5
6000,146.9,0.7398660857,2.5
6000,146.95,0.739863966,2.5
6000,147,0.7398618438,2.5
6000,147.05,0.7398597192,2.5
6000,147.1,0.7398575922,2.5
6000,147.15,0.7398554629,2.5
6000,147.2,0.7398533311,2.5
6000,147.25,0.7398511969,2.5
6000,147.3,0.7398490603,2.5
6000,147.35,0.7398469213,2.5
6000,147.4,0.7398447799,2.5
6000,147.45,0.7398426361,2.5
6000,147.5,0.7398404898,2.5
6000,147.55,0.7398383412,2.5
6000,147.6,0.7398361901,2.5
6000,147.65,0.7398340365,2.5
6000,147.7,0.7398318806,2.5
6000,147.75,0.7398297222,2.5
6000,147.8,0.7398275614,2.5
6000,147.85,0.7398253982,2.5
6000,147.9,0.7398232325,2.5
6000,147.95,0.7398210644,2.5
6000,148,0.7398188938,2.5
6000,148.05,0.7398167208,2.5
6000,148.1,0.7398145454,2.5
6000,148.15,0.7398123675,2.5
6000,148.2,0.7398101871,2.5
6000,148.25,0.7398080043,2.5
6000,148.3,0.7398058191,2.5
6000,148.35,0.7398036314,2.5
6000,148.4,0.7398014412,2.5
6000,148.45,0.7397992486,2.5
6000,148.5,0.7397970535,2.5
6000,148.55,0.7397948559,2.5
6000,148.6,0.7397926559,2.5
6000,148.65,0.7397904534,2.5
6000,148.7,0.7397882484,2.5
6000,148.75,0.7397860409,2.5
6000,148.8,0.739783831,2.5
6000,148.85,0.7397816186,2.5
6000,148.9,0.7397794037,2.5
6000,148.95,0.7397771863,2.5
6000,149,0.7397749664,2.5
6000,149.05,0.739772744,2.5
6000,149.1,0.7397705192,2.5
6000,149.15,0.7397682918,2.5
6000,149.2,0.739766062,2.5
6000,149.25,0.7397638296,2.5
6000,149.3,0.7397615948,2.5
6000,149.35,0.7397593574,2.5
6000,149.4,0.7397571176,2.5
6000,149.45,0.7397548752,2.5
6000,149.5,0.7397526303,2.5
6000,149.55,0.7397503829,2.5
6000,149.6,0.739748133,2.5
6000,149.65,0.7397458806,2.5
6000,149.7,0.7397436257,2.5
6000,149.75,0.7397413682,2.5
6000,149.8,0.7397391082,2.5
6000,149.85,0.7397368457,2.5
6000,149.9,0.7397345806,2.5
6000,149.95,0.739732313,2.5
6000,150,0.7397300429,2.5
6000,150.05,0.7397277702,2.5
6000,150.1,0.739725495,2.5
6000,150.15,0.7397232173,2.5
6000,150.2,0.739720937,2.5
6000,150.25,0.7397186542,2.5
6000,150.3,0.7397163688,2.5
6000,150.35,0.7397140808,2.5
6000,150.4,0.7397117903,2.5
6000,150.45,0.7397094973,2.5
6000,150.5,0.7397072017,2.5
6000,150.55,0.7397049035,2.5
6000,150.6,0.7397026028,2.5
6000,150.65,0.7397002995,2.5
6000,150.7,0.7396979936,2.5
6000,150.75,0.7396956852,2.5
6000,150.8,0.7396933742,2.5
6000,150.85,0.7396910606,2.5
6000,150.9,0.7396887444,2.5
6000,150.95,0.7396864257,2.5
6000,151,0.7396841044,2.5
6000,151.05,0.7396817804,2.5
6000,151.1,0.7396794539,2.5
6000,151.15,0.7396771249,2.5
6000,151.2,0.7396747932,2.5
6000,151.25,0.7396724589,2.5
6000,151.3,0.739670122,2.5
6000,151.35,0.7396677825,2.5
6000,151.4,0.7396654405,2.5
6000,151.45,0.7396630958,2.5
6000,151.5,0.7396607485,2.5
6000,151.55,0.7396583986,2.5
6000,151.6,0.7396560461,2.5
6000,151.65,0.7396536909,2.5
6000,151.7,0.7396513332,2.5
6000,151.75,0.7396489728,2.5
6000,151.8,0.7396466099,2.5
6000,151.85,0.7396442442,2.5
6000,151.9,0.739641876,2.5
6000,151.95,0.7396395051,2.5
6000,152,0.7396371317,2.5
6000,152.05,0.7396347555,2.5
6000,152.1,0.7396323768,2.5
6000,152.15,0.7396299954,2.5
6000,152.2,0.7396276113,2.5
6000,152.25,0.7396252246,2.5
6000,152.3,0.7396228353,2.5
6000,152.35,0.7396204433,2.5
6000,152.4,0.7396180487,2.5
6000,152.45,0.7396156514,2.5
6000,152.5,0.7396132514,2.5
6000,152.55,0.7396108488,2.5
6000,152.6,0.7396084436,2.5
6000,152.65,0.7396060356,2.5
6000,152.7,0.739603625,2.5
6000,152.75,0.7396012118,2.5
6000,152.8,0.7395987958,2.5
6000,152.85,0.7395963772,2.5
6000,152.9,0.7395939559,2.5
6000,152.95,0.739591532,2.5
6000,153,0.7395891053,2.5
6000,153.05,0.739586676,2.5
6000,153.1,0.739584244,2.5
6000,153.15,0.7395818093,2.5
6000,153.2,0.7395793719,2.5
6000,153.25,0.7395769318,2.5
6000,153.3,0.7395744891,2.5
6000,153.35,0.7395720436,2.5
6000,153.4,0.7395695954,2.5
6000,153.45,0.7395671445,2.5
6000,153.5,0.7395646909,2.5
6000,153.55,0.7395622347,2.5
6000,153.6,0.7395597756,2.5
6000,153.65,0.7395573139,2.5
6000,153.7,0.7395548495,2.5
6000,153.75,0.7395523823,2.5
6000,153.8,0.7395499125,2.5
6000,153.85,0.7395474399,2.5
6000,153.9,0.7395449646,2.5
6000,153.95,0.7395424865,2.5
6000,154,0.7395400057,2.5
6000,154.05,0.7395375222,2.5
6000,154.1,0.739535036,2.5
6000,154.15,0.739532547,2.5
6000,154.2,0.7395300553,2.5
6000,154.25,0.7395275608,2.5
6000,154.3,0.7395250636,2.5
6000,154.35,0.7395225636,2.5
6000,154.4,0.7395200609,2.5
6000,154.45,0.7395175554,2.5
6000,154.5,0.7395150472,2.5
6000,154.55,0.7395125362,2.5
6000,154.6,0.7395100225,2.5
6000,154.65,0.739507506,2.5
6000,154.7,0.7395049867,2.5
6000,154.75,0.7395024647,2.5
6000,154.8,0.7394999399,2.5
6000,154.85,0.7394974123,2.5
6000,154.9,0.7394948819,2.5
6000,154.95,0.7394923488,2.5
6000,155,0.7394898129,2.5
6000,155.05,0.7394872742,2.5
6000,155.1,0.7394847327,2.5
6000,155.15,0.7394821884,2.5
6000,155.2,0.7394796413,2.5
6000,155.25,0.7394770915,2.5
6000,155.3,0.7394745388,2.5
6000,155.35,0.7394719834,2.5
6000,155.4,0.7394694251,2.5
6000,155.45,0.7394668641,2.5
6000,155.5,0.7394643002,2.5
6000,155.55,0.7394617335,2.5
6000,155.6,0.739459164,2.5
6000,155.65,0.7394565917,2.5
6000,155.7,0.7394540166,2.5
6000,155.75,0.7394514386,2.5
6000,155.8,0.7394488579,2.5
6000,155.85,0.7394462743,2.5
6000,155.9,0.7394436879,2.5
6000,155.95,0.7394410986,2.5
6000,156,0.7394385066,2.5
6000,156.05,0.7394359117,2.5
6000,156.1,0.7394333139,2.5
6000,156.15,0.7394307133,2.5
6000,156.2,0.7394281099,2.5
6000,156.25,0.7394255036,2.5
6000,156.3,0.7394228945,2.5
6000,156.35,0.7394202825,2.5
6000,156.4,0.7394176677,2.5
6000,156.45,0.73941505,2.5
6000,156.5,0.7394124295,2.5
6000,156.55,0.7394098061,2.5
6000,156.6,0.7394071798,2.5
6000,156.65,0.7394045507,2.5
6000,156.7,0.7394019187,2.5
6000,156.75,0.7393992838,2.5
6000,156.8,0.7393966461,2.5
6000,156.85,0.7393940054,2.5
6000,156.9,0.7393913619,2.5
6000,156.95,0.7393887156,2.5
6000,157,0.7393860663,2.5
6000,157.05,0.7393834141,2.5
6000,157.1,0.7393807591,2.5
6000,157.15,0.7393781012,2.5
6000,157.2,0.7393754403,2.5
6000,157.25,0.7393727766,2.5
6000,157.3,0.73937011,2.5
6000,157.35,0.7393674405,2.5
6000,157.4,0.739364768,2.5
6000,157.45,0.7393620927,2.5
6000,157.5,0.7393594145,2.5
6000,157.55,0.7393567333,2.5
6000,157.6,0.7393540492,2.5
6000,157.65,0.7393513622,2.5
6000,157.7,0.7393486723,2.5
6000,157.75,0.7393459795,2.5
6000,157.8,0.7393432837,2.5
6000,157.85,0.739340585,2.5
6000,157.9,0.7393378834,2.5
6000,157.95,0.7393351788,2.5
6000,158,0.7393324713,2.5
6000,158.05,0.7393297609,2.5
6000,158.1,0.7393270475,2.5
6000,158.15,0.7393243312,2.5
6000,158.2,0.7393216119,2.5
6000,158.25,0.7393188897,2.5
6000,158.3,0.7393161645,2.5
6000,158.35,0.7393134364,2.5
6000,158.4,0.7393107053,2.5
6000,158.45,0.7393079713,2.5
6000,158.5,0.7393052343,2.5
6000,158.55,0.7393024943,2.5
6000,158.6,0.7392997514,2.5
6000,158.65,0.7392970054,2.5
6000,158.7,0.7392942566,2.5
6000,158.75,0.7392915047,2.5
6000,158.8,0.7392887498,2.5
6000,158.85,0.739285992,2.5
6000,158.9,0.7392832312,2.5
6000,158.95,0.7392804674,2.5
6000,159,0.7392777006,2.5
6000,159.05,0.7392749309,2.5
6000,159.1,0.7392721581,2.5
6000,159.15,0.7392693823,2.5
6000,159.2,0.7392666035,2.5
6000,159.25,0.7392638218,2.5
6000,159.3,0.739261037,2.5
6000,159.35,0.7392582492,2.5
6000,159.4,0.7392554584,2.5
6000,159.45,0.7392526646,2.5
6000,159.5,0.7392498678,2.5
6000,159.55,0.7392470679,2.5
6000,159.6,0.739244265,2.5
6000,159.65,0.7392414591,2.5
6000,159.7,0.7392386502,2.5
6000,159.75,0.7392358383,2.5
6000,159.8,0.7392330233,2.5
6000,159.85,0.7392302053,2.5
6000,159.9,0.7392273842,2.5
6000,159.95,0.7392245601,2.5
6000,160,0.739221733,2.5
6000,160.05,0.7392189028,2.5
6000,160.1,0.7392160695,2.5
6000,160.15,0.7392132332,2.5
6000,160.2,0.7392103939,2.5
6000,160.25,0.7392075515,2.5
6000,160.3,0.739204706,2.5
6000,160.35,0.7392018575,2.5
6000,160.4,0.7391990059,2.5
6000,160.45,0.7391961512,2.5
6000,160.5,0.7391932935,2.5
6000,160.55,0.7391904327,2.5
6000,160.6,0.7391875688,2.5
6000,160.65,0.7391847019,2.5
6000,160.7,0.7391818318,2.5
6000,160.75,0.7391789587,2.5
6000,160.8,0.7391760825,2.5
6000,160.85,0.7391732032,2.5
6000,160.9,0.7391703208,2.5
6000,160.95,0.7391674353,2.5
6000,161,0.7391645467,2.5
6000,161.05,0.739161655,2.5
6000,161.1,0.7391587602,2.5
6000,161.15,0.7391558624,2.5
6000,161.2,0.7391529613,2.5
6000,161.25,0.7391500572,2.5
6000,161.3,0.73914715,2.5
6000,161.35,0.7391442396,2.5
6000,161.4,0.7391413262,2.5
6000,161.45,0.7391384096,2.5
6000,161.5,0.7391354899,2.5
6000,161.55,0.739132567,2.5
6000,161.6,0.739129641,2.5
6000,161.65,0.7391267119,2.5
6000,161.7,0.7391237797,2.5
6000,161.75,0.7391208443,2.5
6000,161.8,0.7391179057,2.5
6000,161.85,0.7391149641,2.5
6000,161.9,0.7391120192,2.5
6000,161.95,0.7391090713,2.5
6000,162,0.7391061201,2.5
6000,162.05,0.7391031659,2.5
6000,162.1,0.7391002084,2.5
6000,162.15,0.7390972478,2.5
6000,162.2,0.739094284,2.5
6000,162.25,0.7390913171,2.5
6000,162.3,0.739088347,2.5
6000,162.35,0.7390853737,2.5
6000,162.4,0.7390823973,2.5
6000,162.45,0.7390794176,2.5
6000,162.5,0.7390764348,2.5
6000,162.55,0.7390734488,2.5
6000,162.6,0.7390704596,2.5
6000,162.65,0.7390674673,2.5
6000,162.7,0.7390644717,2.5
6000,162.75,0.7390614729,2.5
6000,162.8,0.739058471,2.5
6000,162.85,0.7390554658,2.5
6000,162.9,0.7390524575,2.5
6000,162.95,0.7390494459,2.5
6000,163,0.7390464311,2.5
6000,163.05,0.7390434131,2.5
6000,163.1,0.7390403919,2.5
6000,163.15,0.7390373675,2.5
6000,163.2,0.7390343398,2.5
6000,163.25,0.739031309,2.5
6000,163.3,0.7390282749,2.5
6000,163.35,0.7390252376,2.5
6000,163.4,0.739022197,2.5
6000,163.45,0.7390191532,2.5
6000,163.5,0.7390161062,2.5
6000,163.55,0.7390130559,2.5
6000,163.6,0.7390100024,2.5
6000,163.65,0.7390069457,2.5
6000,163.7,0.7390038857,2.5
6000,163.75,0.7390008224,2.5
6000,163.8,0.7389977559,2.5
6000,163.85,0.7389946861,2.5
6000,163.9,0.7389916131,2.5
6000,163.95,0.7389885368,2.5
6000,164,0.7389854573,2.5
6000,164.05,0.7389823744,2.5
6000,164.1,0.7389792884,2.5
6000,164.15,0.738976199,2.5
6000,164.2,0.7389731063,2.5
6000,164.25,0.7389700104,2.5
6000,164.3,0.7389669112,2.5
6000,164.35,0.7389638087,2.5
6000,164.4,0.7389607029,2.5
6000,164.45,0.7389575939,2.5
6000,164.5,0.7389544815,2.5
6000,164.55,0.7389513658,2.5
6000,164.6,0.7389482469,2.5
6000,164.65,0.7389451246,2.5
6000,164.7,0.738941999,2.5
6000,164.75,0.7389388701,2.5
6000,164.8,0.738935738,2.5
6000,164.85,0.7389326024,2.5
6000,164.9,0.7389294636,2.5
6000,164.95,0.7389263215,2.5
6000,165,0.738923176,2.5
6000,165.05,0.7389200272,2.5
6000,165.1,0.7389168751,2.5
6000,165.15,0.7389137196,2.5
6000,165.2,0.7389105609,2.5
6000,165.25,0.7389073987,2.5
6000,165.3,0.7389042333,2.5
6000,165.35,0.7389010645,2.5
6000,165.4,0.7388978923,2.5
6000,165.45,0.7388947168,2.5
6000,165.5,0.738891538,2.5
6000,165.55,0.7388883558,2.5
6000,165.6,0.7388851702,2.5
6000,165.65,0.7388819813,2.5
6000,165.7,0.738878789,2.5
6000,165.75,0.7388755933,2.5
6000,165.8,0.7388723943,2.5
6000,165.85,0.7388691919,2.5
6000,165.9,0.7388659861,2.5
6000,165.95,0.738862777,2.5
6000,166,0.7388595644,2.5
6000,166.05,0.7388563485,2.5
6000,166.1,0.7388531292,2.5
6000,166.15,0.7388499065,2.5
6000,166.2,0.7388466805,2.5
6000,166.25,0.738843451,2.5
6000,166.3,0.7388402181,2.5
6000,166.35,0.7388369818,2.5
6000,166.4,0.7388337422,2.5
6000,166.45,0.7388304991,2.5
6000,166.5,0.7388272526,2.5
6000,166.55,0.7388240027,2.5
6000,166.6,0.7388207493,2.5
6000,166.65,0.7388174926,2.5
6000,166.7,0.7388142324,2.5
6000,166.75,0.7388109688,2.5
6000,166.8,0.7388077018,2.5
6000,166.85,0.7388044314,2.5
6000,166.9,0.7388011575,2.5
6000,166.95,0.7387978802,2.5
6000,167,0.7387945994,2.5
6000,167.05,0.7387913152,2.5
6000,167.1,0.7387880276,2.5
6000,167.15,0.7387847365,2.5
6000,167.2,0.7387814419,2.5
6000,167.25,0.7387781439,2.5
6000,167.3,0.7387748425,2.5
6000,167.35,0.7387715376,2.5
6000,167.4,0.7387682292,2.5
6000,167.45,0.7387649174,2.5
6000,167.5,0.738761602,2.5
6000,167.55,0.7387582833,2.5
6000,167.6,0.738754961,2.5
6000,167.65,0.7387516353,2.5
6000,167.7,0.7387483061,2.5
6000,167.75,0.7387449734,2.5
6000,167.8,0.7387416372,2.5
6000,167.85,0.7387382975,2.5
6000,167.9,0.7387349543,2.5
6000,167.95,0.7387316077,2.5
6000,168,0.7387282575,2.5
6000,168.05,0.7387249038,2.5
6000,168.1,0.7387215467,2.5
6000,168.15,0.738718186,2.5
6000,168.2,0.7387148218,2.5
6000,168.25,0.7387114541,2.5
6000,168.3,0.7387080829,2.5
6000,168.35,0.7387047082,2.5
6000,168.4,0.7387013299,2.5
6000,168.45,0.7386979481,2.5
6000,168.5,0.7386945628,2.5
6000,168.55,0.738691174,2.5
6000,168.6,0.7386877816,2.5
6000,168.65,0.7386843857,2.5
6000,168.7,0.7386809862,2.5
6000,168.75,0.7386775832,2.5
6000,168.8,0.7386741767,2.5
6000,168.85,0.7386707666,2.5
6000,168.9,0.738667353,2.5
6000,168.95,0.7386639358,2.5
6000,169,0.738660515,2.5
6000,169.05,0.7386570907,2.5
6000,169.1,0.7386536628,2.5
6000,169.15,0.7386502313,2.5
6000,169.2,0.7386467963,2.5
6000,169.25,0.7386433577,2.5
6000,169.3,0.7386399156,2.5
6000,169.35,0.7386364698,2.5
6000,169.4,0.7386330205,2.5
6000,169.45,0.7386295676,2.5
6000,169.5,0.7386261111,2.5
6000,169.55,0.738622651,2.5
6000,169.6,0.7386191873,2.5
6000,169.65,0.73861572,2.5
6000,169.7,0.7386122491,2.5
6000,169.75,0.7386087746,2.5
6000,169.8,0.7386052965,2.5
6000,169.85,0.7386018148,2.5
6000,169.9,0.7385983295,2.5
6000,169.95,0.7385948405,2.5
6000,170,0.738591348,2.5
6000,170.05,0.7385878518,2.5
6000,170.1,0.738584352,2.5
6000,170.15,0.7385808485,2.5
6000,170.2,0.7385773415,2.5
6000,170.25,0.7385738308,2.5
6000,170.3,0.7385703164,2.5
6000,170.35,0.7385667985,2.5
6000,170.4,0.7385632768,2.5
6000,170.45,0.7385597516,2.5
6000,170.5,0.7385562227,2.5
6000,170.55,0.7385526901,2.5
6000,170.6,0.7385491539,2.5
6000,170.65,0.738545614,2.5
6000,170.7,0.7385420705,2.5
6000,170.75,0.7385385233,2.5
6000,170.8,0.7385349724,2.5
6000,170.85,0.7385314178,2.5
6000,170.9,0.7385278596,2.5
6000,170.95,0.7385242977,2.5
6000,171,0.7385207321,2.5
6000,171.05,0.7385171629,2.5
6000,171.1,0.7385135899,2.5
6000,171.15,0.7385100133,2.5
6000,171.2,0.738506433,2.5
6000,171.25,0.738502849,2.5
6000,171.3,0.7384992612,2.5
6000,171.35,0.7384956698,2.5
6000,171.4,0.7384920747,2.5
6000,171.45,0.7384884759,2.5
6000,171.5,0.7384848733,2.5
6000,171.55,0.7384812671,2.5
6000,171.6,0.7384776571,2.5
6000,171.65,0.7384740434,2.5
6000,171.7,0.738470426,2.5
6000,171.75,0.7384668048,2.5
6000,171.8,0.7384631799,2.5
6000,171.85,0.7384595513,2.5
6000,171.9,0.738455919,2.5
6000,171.95,0.7384522829,2.5
6000,172,0.7384486431,2.5
6000,172.05,0.7384449995,2.5
6000,172.1,0.7384413522,2.5
6000,172.15,0.7384377011,2.5
6000,172.2,0.7384340463,2.5
6000,172.25,0.7384303877,2.5
6000,172.3,0.7384267254,2.5
6000,172.35,0.7384230593,2.5
6000,172.4,0.7384193894,2.5
6000,172.45,0.7384157158,2.5
6000,172.5,0.7384120383,2.5
6000,172.55,0.7384083572,2.5
6000,172.6,0.7384046722,2.5
6000,172.65,0.7384009834,2.5
6000,172.7,0.7383972909,2.5
6000,172.75,0.7383935946,2.5
6000,172.8,0.7383898945,2.5
6000,172.85,0.7383861905,2.5
6000,172.9,0.7383824828,2.5
6000,172.95,0.7383787713,2.5
6000,173,0.738375056,2.5
6000,173.05,0.7383713369,2.5
6000,173.1,0.7383676139,2.5
6000,173.15,0.7383638872,2.5
6000,173.2,0.7383601566,2.5
6000,173.25,0.7383564222,2.5
6000,173.3,0.738352684,2.5
6000,173.35,0.738348942,2.5
6000,173.4,0.7383451961,2.5
6000,173.45,0.7383414464,2.5
6000,173.5,0.7383376929,2.5
6000,173.55,0.7383339355,2.5
6000,173.6,0.7383301743,2.5
6000,173.65,0.7383264092,2.5
6000,173.7,0.7383226403,2.5
6000,173.75,0.7383188676,2.5
6000,173.8,0.738315091,2.5
6000,173.85,0.7383113105,2.5
6000,173.9,0.7383075262,2.5
6000,173.95,0.738303738,2.5
6000,174,0.7382999459,2.5
6000,174.05,0.7382961499,2.5
6000,174.1,0.7382923501,2.5
6000,174.15,0.7382885464,2.5
6000,174.2,0.7382847389,2.5
6000,174.25,0.7382809274,2.5
6000,174.3,0.7382771121,2.5
6000,174.35,0.7382732929,2.5
6000,174.4,0.7382694697,2.5
6000,174.45,0.7382656427,2.5
6000,174.5,0.7382618118,2.5
6000,174.55,0.738257977,2.5
6000,174.6,0.7382541383,2.5
6000,174.65,0.7382502956,2.5
6000,174.7,0.7382464491,2.5
6000,174.75,0.7382425986,2.5
6000,174.8,0.7382387442,2.5
6000,174.85,0.7382348859,2.5
6000,174.9,0.7382310237,2.5
6000,174.95,0.7382271575,2.5
6000,175,0.7382232875,2.5
6000,175.05,0.7382194134,2.5
6000,175.1,0.7382155355,2.5
6000,175.15,0.7382116536,2.5
6000,175.2,0.7382077677,2.5
6000,175.25,0.7382038779,2.5
6000,175.3,0.7381999842,2.5
6000,175.35,0.7381960865,2.5
6000,175.4,0.7381921848,2.5
6000,175.45,0.7381882792,2.5
6000,175.5,0.7381843696,2.5
6000,175.55,0.7381804561,2.5
6000,175.6,0.7381765386,2.5
6000,175.65,0.7381726171,2.5
6000,175.7,0.7381686916,2.5
6000,175.75,0.7381647622,2.5
6000,175.8,0.7381608288,2.5
6000,175.85,0.7381568914,2.5
6000,175.9,0.7381529499,2.5
6000,175.95,0.7381490046,2.5
6000,176,0.7381450552,2.5
6000,176.05,0.7381411018,2.5
6000,176.1,0.7381371444,2.5
6000,176.15,0.738133183,2.5
6000,176.2,0.7381292176,2.5
6000,176.25,0.7381252482,2.5
6000,176.3,0.7381212747,2.5
6000,176.35,0.7381172973,2.5
6000,176.4,0.7381133158,2.5
6000,176.45,0.7381093303,2.5
6000,176.5,0.7381053408,2.5
6000,176.55,0.7381013472,2.5
6000,176.6,0.7380973496,2.5
6000,176.65,0.738093348,2.5
6000,176.7,0.7380893423,2.5
6000,176.75,0.7380853326,2.5
6000,176.8,0.7380813188,2.5
6000,176.85,0.738077301,2.5
6000,176.9,0.7380732791,2.5
6000,176.95,0.7380692532,2.5
6000,177,0.7380652232,2.5
6000,177.05,0.7380611891,2.5
6000,177.1,0.738057151,2.5
6000,177.15,0.7380531088,2.5
6000,177.2,0.7380490626,2.5
6000,177.25,0.7380450122,2.5
6000,177.3,0.7380409578,2.5
6000,177.35,0.7380368993,2.5
6000,177.4,0.7380328367,2.5
6000,177.45,0.73802877,2.5
6000,177.5,0.7380246992,2.5
6000,177.55,0.7380206243,2.5
6000,177.6,0.7380165453,2.5
6000,177.65,0.7380124623,2.5
6000,177.7,0.7380083751,2.5
6000,177.75,0.7380042838,2.5
6000,177.8,0.7380001884,2.5
6000,177.85,0.7379960888,2.5
6000,177.9,0.7379919852,2.5
6000,177.95,0.7379878774,2.5
6000,178,0.7379837655,2.5
6000,178.05,0.7379796495,2.5
6000,178.1,0.7379755293,2.5
6000,178.15,0.737971405,2.5
6000,178.2,0.7379672766,2.5
6000,178.25,0.737963144,2.5
6000,178.3,0.7379590072,2.5
6000,178.35,0.7379548664,2.5
6000,178.4,0.7379507213,2.5
6000,178.45,0.7379465721,2.5
6000,178.5,0.7379424188,2.5
6000,178.55,0.7379382613,2.5
6000,178.6,0.7379340996,2.5
6000,178.65,0.7379299337,2.5
6000,178.7,0.7379257637,2.5
6000,178.75,0.7379215895,2.5
6000,178.8,0.7379174111,2.5
6000,178.85,0.7379132286,2.5
6000,178.9,0.7379090418,2.5
6000,178.95,0.7379048509,2.5
6000,179,0.7379006557,2.5
6000,179.05,0.7378964564,2.5
6000,179.1,0.7378922529,2.5
6000,179.15,0.7378880452,2.5
6000,179.2,0.7378838332,2.5
6000,179.25,0.7378796171,2.5
6000,179.3,0.7378753967,2.5
6000,179.35,0.7378711721,2.5
6000,179.4,0.7378669433,2.5
6000,179.45,0.7378627103,2.5
6000,179.5,0.737858473,2.5
6000,179.55,0.7378542316,2.5
6000,179.6,0.7378499859,2.5
6000,179.65,0.7378457359,2.5
6000,179.7,0.7378414817,2.5
6000,179.75,0.7378372233,2.5
6000,179.8,0.7378329606,2.5
6000,179.85,0.7378286937,2.5
6000,179.9,0.7378244225,2.5
6000,179.95,0.7378201471,2.5
6000,180,0.7378158674,2.5
6000,180.05,0.7378115834,2.5
6000,180.1,0.7378072952,2.5
6000,180.15,0.7378030027,2.5
6000,180.2,0.7377987059,2.5
6000,180.25,0.7377944048,2.5
6000,180.3,0.7377900995,2.5
6000,180.35,0.7377857899,2.5
6000,180.4,0.737781476,2.5
6000,180.45,0.7377771578,2.5
6000,180.5,0.7377728353,2.5
6000,180.55,0.7377685085,2.5
6000,180.6,0.7377641774,2.5
6000,180.65,0.737759842,2.5
6000,180.7,0.7377555023,2.5
6000,180.75,0.7377511583,2.5
6000,180.8,0.73774681,2.5
6000,180.85,0.7377424573,2.5
6000,180.9,0.7377381004,2.5
6000,180.95,0.7377337391,2.5
6000,181,0.7377293735,2.5
6000,181.05,0.7377250035,2.5
6000,181.1,0.7377206292,2.5
6000,181.15,0.7377162506,2.5
6000,181.2,0.7377118677,2.5
6000,181.25,0.7377074804,2.5
6000,181.3,0.7377030887,2.5
6000,181.35,0.7376986927,2.5
6000,181.4,0.7376942923,2.5
6000,181.45,0.7376898876,2.5
6000,181.5,0.7376854785,2.5
6000,181.55,0.7376810651,2.5
6000,181.6,0.7376766473,2.5
6000,181.65,0.7376722251,2.5
6000,181.7,0.7376677985,2.5
6000,181.75,0.7376633676,2.5
6000,181.8,0.7376589322,2.5
6000,181.85,0.7376544925,2.5
6000,181.9,0.7376500484,2.5
6000,181.95,0.7376455999,2.5
6000,182,0.737641147,2.5
6000,182.05,0.7376366898,2.5
6000,182.1,0.7376322281,2.5
6000,182.15,0.737627762,2.5
6000,182.2,0.7376232914,2.5
6000,182.25,0.7376188165,2.5
6000,182.3,0.7376143372,2.5
6000,182.35,0.7376098534,2.5
6000,182.4,0.7376053652,2.5
6000,182.45,0.7376008726,2.5
6000,182.5,0.7375963756,2.5
6000,182.55,0.7375918741,2.5
6000,182.6,0.7375873682,2.5
6000,182.65,0.7375828578,2.5
6000,182.7,0.737578343,2.5
6000,182.75,0.7375738238,2.5
6000,182.8,0.7375693001,2.5
6000,182.85,0.7375647719,2.5
6000,182.9,0.7375602393,2.5
6000,182.95,0.7375557022,2.5
6000,183,0.7375511607,2.5
6000,183.05,0.7375466147,2.5
6000,183.1,0.7375420642,2.5
6000,183.15,0.7375375093,2.5
6000,183.2,0.7375329498,2.5
6000,183.25,0.7375283859,2.5
6000,183.3,0.7375238175,2.5
6000,183.35,0.7375192446,2.5
6000,183.4,0.7375146672,2.5
6000,183.45,0.7375100853,2.5
6000,183.5,0.737505499,2.5
6000,183.55,0.7375009081,2.5
6000,183.6,0.7374963127,2.5
6000,183.65,0.7374917128,2.5
6000,183.7,0.7374871084,2.5
6000,183.75,0.7374824994,2.5
6000,183.8,0.737477886,2.5
6000,183.85,0.737473268,2.5
6000,183.9,0.7374686455,2.5
6000,183.95,0.7374640185,2.5
6000,184,0.7374593869,2.5
6000,184.05,0.7374547508,2.5
6000,184.1,0.7374501101,2.5
6000,184.15,0.7374454649,2.5
6000,184.2,0.7374408152,2.5
6000,184.25,0.7374361609,2.5
6000,184.3,0.737431502,2.5
6000,184.35,0.7374268386,2.5
6000,184.4,0.7374221706,2.5
6000,184.45,0.7374174981,2.5
6000,184.5,0.737412821,2.5
6000,184.55,0.7374081393,2.5
6000,184.6,0.737403453,2.5
6000,184.65,0.7373987622,2.5
6000,184.7,0.7373940668,2.5
6000,184.75,0.7373893667,2.5
6000,184.8,0.7373846621,2.5
6000,184.85,0.7373799529,2.5
6000,184.9,0.7373752391,2.5
6000,184.95,0.7373705207,2.5
6000,185,0.7373657977,2.5
6000,185.05,0.7373610701,2.5
6000,185.1,0.7373563379,2.5
6000,185.15,0.7373516011,2.5
6000,185.2,0.7373468596,2.5
6000,185.25,0.7373421135,2.5
6000,185.3,0.7373373628,2.5
6000,185.35,0.7373326075,2.5
6000,185.4,0.7373278475,2.5
6000,185.45,0.7373230829,2.5
6000,185.5,0.7373183137,2.5
6000,185.55,0.7373135398,2.5
6000,185.6,0.7373087612,2.5
6000,185.65,0.737303978,2.5
6000,185.7,0.7372991902,2.5
6000,185.75,0.7372943977,2.5
6000,185.8,0.7372896005,2.5
6000,185.85,0.7372847987,2.5
6000,185.9,0.7372799922,2.5
6000,185.95,0.737275181,2.5
6000,186,0.7372703652,2.5
6000,186.05,0.7372655447,2.5
6000,186.1,0.7372607195,2.5
6000,186.15,0.7372558896,2.5
6000,186.2,0.737251055,2.5
6000,186.25,0.7372462157,2.5
6000,186.3,0.7372413717,2.5
6000,186.35,0.7372365231,2.5
6000,186.4,0.7372316697,2.5
6000,186.45,0.7372268116,2.5
6000,186.5,0.7372219488,2.5
6000,186.55,0.7372170813,2.5
6000,186.6,0.7372122091,2.5
6000,186.65,0.7372073321,2.5
6000,186.7,0.7372024504,2.5
6000,186.75,0.737197564,2.5
6000,186.8,0.7371926729,2.5
6000,186.85,0.737187777,2.5
6000,186.9,0.7371828764,2.5
6000,186.95,0.737177971,2.5
6000,187,0.7371730609,2.5
6000,187.05,0.7371681461,2.5
6000,187.1,0.7371632265,2.5
6000,187.15,0.7371583021,2.5
6000,187.2,0.737153373,2.5
6000,187.25,0.7371484391,2.5
6000,187.3,0.7371435004,2.5
6000,187.35,0.737138557,2.5
6000,187.4,0.7371336088,2.5
6000,187.45,0.7371286558,2.5
6000,187.5,0.737123698,2.5
6000,187.55,0.7371187354,2.5
6000,187.6,0.7371137681,2.5
6000,187.65,0.7371087959,2.5
6000,187.7,0.737103819,2.5
6000,187.75,0.7370988372,2.5
6000,187.8,0.7370938507,2.5
6000,187.85,0.7370888593,2.5
6000,187.9,0.7370838632,2.5
6000,187.95,0.7370788622,2.5
6000,188,0.7370738564,2.5
6000,188.05,0.7370688458,2.5
6000,188.1,0.7370638303,2.5
6000,188.15,0.73705881,2.5
6000,188.2,0.7370537849,2.5
6000,188.25,0.737048755,2.5
6000,188.3,0.7370437202,2.5
6000,188.35,0.7370386805,2.5
6000,188.4,0.737033636,2.5
6000,188.45,0.7370285867,2.5
6000,188.5,0.7370235325,2.5
6000,188.55,0.7370184735,2.5
6000,188.6,0.7370134096,2.5
6000,188.65,0.7370083408,2.5
6000,188.7,0.7370032671,2.5
6000,188.75,0.7369981886,2.5
6000,188.8,0.7369931052,2.5
6000,188.85,0.7369880169,2.5
6000,188.9,0.7369829238,2.5
6000,188.95,0.7369778257,2.5
6000,189,0.7369727228,2.5
6000,189.05,0.7369676149,2.5
6000,189.1,0.7369625022,2.5
6000,189.15,0.7369573846,2.5
6000,189.2,0.736952262,2.5
6000,189.25,0.7369471346,2.5
6000,189.3,0.7369420022,2.5
6000,189.35,0.7369368649,2.5
6000,189.4,0.7369317227,2.5
6000,189.45,0.7369265756,2.5
6000,189.5,0.7369214235,2.5
6000,189.55,0.7369162665,2.5
6000,189.6,0.7369111046,2.5
6000,189.65,0.7369059377,2.5
6000,189.7,0.7369007659,2.5
6000,189.75,0.7368955892,2.5
6000,189.8,0.7368904075,2.5
6000,189.85,0.7368852208,2.5
6000,189.9,0.7368800292,2.5
6000,189.95,0.7368748326,2.5
6000,190,0.7368696311,2.5
6000,190.05,0.7368644246,2.5
6000,190.1,0.7368592131,2.5
6000,190.15,0.7368539966,2.5
6000,190.2,0.7368487752,2.5
6000,190.25,0.7368435488,2.5
6000,190.3,0.7368383174,2.5
6000,190.35,0.736833081,2.5
6000,190.4,0.7368278396,2.5
6000,190.45,0.7368225932,2.5
6000,190.5,0.7368173418,2.5
6000,190.55,0.7368120854,2.5
6000,190.6,0.736806824,2.5
6000,190.65,0.7368015576,2.5
6000,190.7,0.7367962861,2.5
6000,190.75,0.7367910097,2.5
6000,190.8,0.7367857282,2.5
6000,190.85,0.7367804417,2.5
6000,190.9,0.7367751502,2.5
6000,190.95,0.7367698536,2.5
6000,191,0.736764552,2.5
6000,191.05,0.7367592454,2.5
6000,191.1,0.7367539337,2.5
6000,191.15,0.7367486169,2.5
6000,191.2,0.7367432951,2.5
6000,191.25,0.7367379683,2.5
6000,191.3,0.7367326364,2.5
6000,191.35,0.7367272994,2.5
6000,191.4,0.7367219573,2.5
6000,191.45,0.7367166102,2.5
6000,191.5,0.736711258,2.5
6000,191.55,0.7367059007,2.5
6000,191.6,0.7367005384,2.5
6000,191.65,0.7366951709,2.5
6000,191.7,0.7366897984,2.5
6000,191.75,0.7366844208,2.5
6000,191.8,0.7366790381,2.5
6000,191.85,0.7366736502,2.5
6000,191.9,0.7366682573,2.5
6000,191.95,0.7366628593,2.5
6000,192,0.7366574561,2.5
6000,192.05,0.7366520478,2.5
6000,192.1,0.7366466345,2.5
6000,192.15,0.7366412159,2.5
6000,192.2,0.7366357923,2.5
6000,192.25,0.7366303635,2.5
6000,192.3,0.7366249296,2.5
6000,192.35,0.7366194906,2.5
6000,192.4,0.7366140464,2.5
6000,192.45,0.7366085971,2.5
6000,192.5,0.7366031426,2.5
6000,192.55,0.7365976829,2.5
6000,192.6,0.7365922181,2.5
6000,192.65,0.7365867482,2.5
6000,192.7,0.7365812731,2.5
6000,192.75,0.7365757928,2.5
6000,192.8,0.7365703073,2.5
6000,192.85,0.7365648167,2.5
6000,192.9,0.7365593209,2.5
6000,192.95,0.7365538199,2.5
6000,193,0.7365483137,2.5
6000,193.05,0.7365428023,2.5
6000,193.1,0.7365372857,2.5
6000,193.15,0.736531764,2.5
6000,193.2,0.736526237,2.5
6000,193.25,0.7365207048,2.5
6000,193.3,0.7365151674,2.5
6000,193.35,0.7365096248,2.5
6000,193.4,0.736504077,2.5
6000,193.45,0.7364985239,2.5
6000,193.5,0.7364929657,2.5
6000,193.55,0.7364874022,2.5
6000,193.6,0.7364818334,2.5
6000,193.65,0.7364762595,2.5
6000,193.7,0.7364706803,2.5
6000,193.75,0.7364650958,2.5
6000,193.8,0.7364595061,2.5
6000,193.85,0.7364539112,2.5
6000,193.9,0.736448311,2.5
6000,193.95,0.7364427055,2.5
6000,194,0.7364370948,2.5
6000,194.05,0.7364314788,2.5
6000,194.1,0.7364258575,2.5
6000,194.15,0.736420231,2.5
6000,194.2,0.7364145992,2.5
6000,194.25,0.7364089621,2.5
6000,194.3,0.7364033197,2.5
6000,194.35,0.736397672,2.5
6000,194.4,0.7363920191,2.5
6000,194.45,0.7363863608,2.5
6000,194.5,0.7363806973,2.5
6000,194.55,0.7363750284,2.5
6000,194.6,0.7363693542,2.5
6000,194.65,0.7363636747,2.5
6000,194.7,0.7363579899,2.5
6000,194.75,0.7363522998,2.5
6000,194.8,0.7363466044,2.5
6000,194.85,0.7363409036,2.5
6000,194.9,0.7363351975,2.5
6000,194.95,0.7363294861,2.5
6000,195,0.7363237693,2.5
6000,195.05,0.7363180472,2.5
6000,195.1,0.7363123197,2.5
6000,195.15,0.7363065869,2.5
6000,195.2,0.7363008487,2.5
6000,195.25,0.7362951052,2.5
6000,195.3,0.7362893563,2.5
6000,195.35,0.7362836021,2.5
6000,195.4,0.7362778425,2.5
6000,195.45,0.7362720775,2.5
6000,195.5,0.7362663071,2.5
6000,195.55,0.7362605313,2.5
6000,195.6,0.7362547502,2.5
6000,195.65,0.7362489637,2.5
6000,195.7,0.7362431718,2.5
6000,195.75,0.7362373745,2.5
6000,195.8,0.7362315718,2.5
6000,195.85,0.7362257636,2.5
6000,195.9,0.7362199501,2.5
6000,195.95,0.7362141312,2.5
6000,196,0.7362083068,2.5
6000,196.05,0.7362024771,2.5
6000,196.1,0.7361966419,2.5
6000,196.15,0.7361908013,2.5
6000,196.2,0.7361849552,2.5
6000,196.25,0.7361791038,2.5
6000,196.3,0.7361732468,2.5
6000,196.35,0.7361673845,2.5
6000,196.4,0.7361615167,2.5
6000,196.45,0.7361556434,2.5
6000,196.5,0.7361497647,2.5
6000,196.55,0.7361438806,2.5
6000,196.6,0.7361379909,2.5
6000,196.65,0.7361320958,2.5
6000,196.7,0.7361261953,2.5
6000,196.75,0.7361202893,2.5
6000,196.8,0.7361143778,2.5
6000,196.85,0.7361084608,2.5
6000,196.9,0.7361025383,2.5
6000,196.95,0.7360966103,2.5
6000,197,0.7360906769,2.5
6000,197.05,0.7360847379,2.5
6000,197.1,0.7360787935,2.5
6000,197.15,0.7360728435,2.5
6000,197.2,0.7360668881,2.5
6000,197.25,0.7360609271,2.5
6000,197.3,0.7360549606,2.5
6000,197.35,0.7360489886,2.5
6000,197.4,0.7360430111,2.5
6000,197.45,0.7360370281,2.5
6000,197.5,0.7360310395,2.5
6000,197.55,0.7360250454,2.5
6000,197.6,0.7360190457,2.5
6000,197.65,0.7360130405,2.5
6000,197.7,0.7360070298,2.5
6000,197.75,0.7360010135,2.5
6000,197.8,0.7359949916,2.5
6000,197.85,0.7359889642,2.5
6000,197.9,0.7359829313,2.5
6000,197.95,0.7359768928,2.5
6000,198,0.7359708487,2.5
6000,198.05,0.735964799,2.5
6000,198.1,0.7359587437,2.5
6000,198.15,0.7359526829,2.5
6000,198.2,0.7359466165,2.5
6000,198.25,0.7359405445,2.5
6000,198.3,0.7359344669,2.5
6000,198.35,0.7359283837,2.5
6000,198.4,0.7359222949,2.5
6000,198.45,0.7359162005,2.5
6000,198.5,0.7359101005,2.5
6000,198.55,0.7359039949,2.5
6000,198.6,0.7358978837,2.5
6000,198.65,0.7358917668,2.5
6000,198.7,0.7358856444,2.5
6000,198.75,0.7358795163,2.5
6000,198.8,0.7358733825,2.5
6000,198.85,0.7358672432,2.5
6000,198.9,0.7358610981,2.5
6000,198.95,0.7358549475,2.5
6000,199,0.7358487912,2.5
6000,199.05,0.7358426293,2.5
6000,199.1,0.7358364616,2.5
6000,199.15,0.7358302884,2.5
6000,199.2,0.7358241095,2.5
6000,199.25,0.7358179249,2.5
6000,199.3,0.7358117346,2.5
6000,199.35,0.7358055387,2.5
6000,199.4,0.7357993371,2.5
6000,199.45,0.7357931298,2.5
6000,199.5,0.7357869168,2.5
6000,199.55,0.7357806981,2.5
6000,199.6,0.7357744737,2.5
6000,199.65,0.7357682437,2.5
6000,199.7,0.7357620079,2.5
6000,199.75,0.7357557664,2.5
6000,199.8,0.7357495193,2.5
6000,199.85,0.7357432664,2.5
6000,199.9,0.7357370078,2.5
6000,199.95,0.7357307434,2.5
6000,200,0.7357244734,2.5
6000,200.05,0.7357181976,2.5
6000,200.1,0.7357119161,2.5
6000,200.15,0.7357056288,2.5
6000,200.2,0.7356993358,2.5
6000,200.25,0.7356930371,2.5
6000,200.3,0.7356867326,2.5
6000,200.35,0.7356804223,2.5
6000,200.4,0.7356741063,2.5
6000,200.45,0.7356677845,2.5
6000,200.5,0.735661457,2.5
6000,200.55,0.7356551237,2.5
6000,200.6,0.7356487846,2.5
6000,200.65,0.7356424398,2.5
6000,200.7,0.7356360892,2.5
6000,200.75,0.7356297328,2.5
6000,200.8,0.7356233706,2.5
6000,200.85,0.7356170026,2.5
6000,200.9,0.7356106288,2.5
6000,200.95,0.7356042492,2.5
6000,201,0.7355978638,2.5
6000,201.05,0.7355914726,2.5
6000,201.1,0.7355850756,2.5
6000,201.15,0.7355786728,2.5
6000,201.2,0.7355722641,2.5
6000,201.25,0.7355658496,2.5
6000,201.3,0.7355594293,2.5
6000,201.35,0.7355530032,2.5
6000,201.4,0.7355465712,2.5
6000,201.45,0.7355401334,2.5
6000,201.5,0.7355336898,2.5
6000,201.55,0.7355272403,2.5
6000,201.6,0.7355207849,2.5
6000,201.65,0.7355143237,2.5
6000,201.7,0.7355078567,2.5
6000,201.75,0.7355013837,2.5
6000,201.8,0.7354949049,2.5
6000,201.85,0.7354884203,2.5
6000,201.9,0.7354819297,2.5
6000,201.95,0.7354754333,2.5
6000,202,0.735468931,2.5
6000,202.05,0.7354624228,2.5
6000,202.1,0.7354559087,2.5
6000,202.15,0.7354493887,2.5
6000,202.2,0.7354428629,2.5
6000,202.25,0.7354363311,2.5
6000,202.3,0.7354297934,2.5
6000,202.35,0.7354232498,2.5
6000,202.4,0.7354167003,2.5
6000,202.45,0.7354101448,2.5
6000,202.5,0.7354035835,2.5
6000,202.55,0.7353970162,2.5
6000,202.6,0.735390443,2.5
6000,202.65,0.7353838638,2.5
6000,202.7,0.7353772787,2.5
6000,202.75,0.7353706877,2.5
6000,202.8,0.7353640907,2.5
6000,202.85,0.7353574878,2.5
6000,202.9,0.7353508789,2.5
6000,202.95,0.735344264,2.5
6000,203,0.7353376432,2.5
6000,203.05,0.7353310165,2.5
6000,203.1,0.7353243837,2.5
6000,203.15,0.735317745,2.5
6000,203.2,0.7353111003,2.5
6000,203.25,0.7353044496,2.5
6000,203.3,0.7352977929,2.5
6000,203.35,0.7352911303,2.5
6000,203.4,0.7352844616,2.5
6000,203.45,0.7352777869,2.5
6000,203.5,0.7352711063,2.5
6000,203.55,0.7352644196,2.5
6000,203.6,0.7352577269,2.5
6000,203.65,0.7352510282,2.5
6000,203.7,0.7352443235,2.5
6000,203.75,0.7352376128,2.5
6000,203.8,0.735230896,2.5
6000,203.85,0.7352241732,2.5
6000,203.9,0.7352174444,2.5
6000,203.95,0.7352107095,2.5
6000,204,0.7352039686,2.5
6000,204.05,0.7351972217,2.5
6000,204.1,0.7351904687,2.5
6000,204.15,0.7351837096,2.5
6000,204.2,0.7351769445,2.5
6000,204.25,0.7351701733,2.5
6000,204.3,0.735163396,2.5
6000,204.35,0.7351566127,2.5
6000,204.4,0.7351498233,2.5
6000,204.45,0.7351430278,2.5
6000,204.5,0.7351362263,2.5
6000,204.55,0.7351294186,2.5
6000,204.6,0.7351226049,2.5
6000,204.65,0.735115785,2.5
6000,204.7,0.7351089591,2.5
6000,204.75,0.7351021271,2.5
6000,204.8,0.7350952889,2.5
6000,204.85,0.7350884447,2.5
6000,204.9,0.7350815943,2.5
6000,204.95,0.7350747378,2.5
6000,205,0.7350678752,2.5
6000,205.05,0.7350610064,2.5
6000,205.1,0.7350541315,2.5
6000,205.15,0.7350472505,2.5
6000,205.2,0.7350403634,2.5
6000,205.25,0.7350334701,2.5
6000,205.3,0.7350265706,2.5
6000,205.35,0.735019665,2.5
6000,205.4,0.7350127533,2.5
6000,205.45,0.7350058354,2.5
6000,205.5,0.7349989113,2.5
6000,205.55,0.734991981,2.5
6000,205.6,0.7349850446,2.5
6000,205.65,0.734978102,2.5
6000,205.7,0.7349711533,2.5
6000,205.75,0.7349641983,2.5
6000,205.8,0.7349572372,2.5
6000,205.85,0.7349502698,2.5
6000,205.9,0.7349432963,2.5
6000,205.95,0.7349363165,2.5
6000,206,0.7349293306,2.5
6000,206.05,0.7349223385,2.5
6000,206.1,0.7349153401,2.5
6000,206.15,0.7349083355,2.5
6000,206.2,0.7349013247,2.5
6000,206.25,0.7348943077,2.5
6000,206.3,0.7348872844,2.5
6000,206.35,0.734880255,2.5
6000,206.4,0.7348732192,2.5
6000,206.45,0.7348661773,2.5
6000,206.5,0.7348591291,2.5
6000,206.55,0.7348520746,2.5
6000,206.6,0.7348450139,2.5
6000,206.65,0.7348379469,2.5
6000,206.7,0.7348308737,2.5
6000,206.75,0.7348237942,2.5
6000,206.8,0.7348167084,2.5
6000,206.85,0.7348096164,2.5
6000,206.9,0.7348025181,2.5
6000,206.95,0.7347954135,2.5
6000,207,0.7347883026,2.5
6000,207.05,0.7347811854,2.5
6000,207.1,0.734774062,2.5
6000,207.15,0.7347669322,2.5
6000,207.2,0.7347597961,2.5
6000,207.25,0.7347526538,2.5
6000,207.3,0.7347455051,2.5
6000,207.35,0.7347383501,2.5
6000,207.4,0.7347311888,2.5
6000,207.45,0.7347240211,2.5
6000,207.5,0.7347168472,2.5
6000,207.55,0.7347096669,2.5
6000,207.6,0.7347024802,2.5
6000,207.65,0.7346952873,2.5
6000,207.7,0.7346880879,2.5
6000,207.75,0.7346808823,2.5
6000,207.8,0.7346736703,2.5
6000,207.85,0.7346664519,2.5
6000,207.9,0.7346592272,2.5
6000,207.95,0.7346519961,2.5
6000,208,0.7346447586,2.5
6000,208.05,0.7346375148,2.5
6000,208.1,0.7346302646,2.5
6000,208.15,0.734623008,2.5
6000,208.2,0.7346157451,2.5
6000,208.25,0.7346084757,2.5
6000,208.3,0.7346012,2.5
6000,208.35,0.7345939178,2.5
6000,208.4,0.7345866293,2.5
6000,208.45,0.7345793343,2.5
6000,208.5,0.734572033,2.5
6000,208.55,0.7345647252,2.5
6000,208.6,0.734557411,2.5
6000,208.65,0.7345500904,2.5
6000,208.7,0.7345427634,2.5
6000,208.75,0.7345354299,2.5
6000,208.8,0.73452809,2.5
6000,208.85,0.7345207437,2.5
6000,208.9,0.7345133909,2.5
6000,208.95,0.7345060317,2.5
6000,209,0.734498666,2.5
6000,209.05,0.7344912939,2.5
6000,209.1,0.7344839154,2.5
6000,209.15,0.7344765303,2.5
6000,209.2,0.7344691388,2.5
6000,209.25,0.7344617408,2.5
6000,209.3,0.7344543364,2.5
6000,209.35,0.7344469255,2.5
6000,209.4,0.7344395081,2.5
6000,209.45,0.7344320842,2.5
6000,209.5,0.7344246538,2.5
6000,209.55,0.7344172169,2.5
6000,209.6,0.7344097735,2.5
6000,209.65,0.7344023236,2.5
6000,209.7,0.7343948672,2.5
6000,209.75,0.7343874043,2.5
6000,209.8,0.7343799349,2.5
6000,209.85,0.734372459,2.5
6000,209.9,0.7343649765,2.5
6000,209.95,0.7343574876,2.5
6000,210,0.734349992,2.5
6000,210.05,0.73434249,2.5
6000,210.1,0.7343349814,2.5
6000,210.15,0.7343274663,2.5
6000,210.2,0.7343199446,2.5
6000,210.25,0.7343124163,2.5
6000,210.3,0.7343048815,2.5
6000,210.35,0.7342973402,2.5
6000,210.4,0.7342897923,2.5
6000,210.45,0.7342822378,2.5
6000,210.5,0.7342746767,2.5
6000,210.55,0.7342671091,2.5
6000,210.6,0.7342595349,2.5
6000,210.65,0.7342519541,2.5
6000,210.7,0.7342443667,2.5
6000,210.75,0.7342367727,2.5
6000,210.8,0.7342291721,2.5
6000,210.85,0.7342215649,2.5
6000,210.9,0.7342139511,2.5
6000,210.95,0.7342063307,2.5
6000,211,0.7341987037,2.5
6000,211.05,0.7341910701,2.5
6000,211.1,0.7341834298,2.5
6000,211.15,0.7341757829,2.5
6000,211.2,0.7341681294,2.5
6000,211.25,0.7341604692,2.5
6000,211.3,0.7341528024,2.5
6000,211.35,0.734145129,2.5
6000,211.4,0.7341374489,2.5
6000,211.45,0.7341297622,2.5
6000,211.5,0.7341220688,2.5
6000,211.55,0.7341143688,2.5
6000,211.6,0.734106662,2.5
6000,211.65,0.7340989487,2.5
6000,211.7,0.7340912286,2.5
6000,211.75,0.7340835019,2.5
6000,211.8,0.7340757685,2.5
6000,211.85,0.7340680284,2.5
6000,211.9,0.7340602816,2.5
6000,211.95,0.7340525281,2.5
6000,212,0.7340447679,2.5
6000,212.05,0.7340370011,2.5
6000,212.1,0.7340292275,2.5
6000,212.15,0.7340214472,2.5
6000,212.2,0.7340136602,2.5
6000,212.25,0.7340058665,2.5
6000,212.3,0.733998066,2.5
6000,212.35,0.7339902588,2.5
6000,212.4,0.7339824449,2.5
6000,212.45,0.7339746243,2.5
6000,212.5,0.7339667969,2.5
6000,212.55,0.7339589628,2.5
6000,212.6,0.7339511219,2.5
6000,212.65,0.7339432743,2.5
6000,212.7,0.73393542,2.5
6000,212.75,0.7339275588,2.5
6000,212.8,0.7339196909,2.5
6000,212.85,0.7339118163,2.5
6000,212.9,0.7339039348,2.5
6000,212.95,0.7338960466,2.5
6000,213,0.7338881516,2.5
6000,213.05,0.7338802498,2.5
6000,213.1,0.7338723413,2.5
6000,213.15,0.7338644259,2.5
6000,213.2,0.7338565038,2.5
6000,213.25,0.7338485748,2.5
6000,213.3,0.733840639,2.5
6000,213.35,0.7338326965,2.5
6000,213.4,0.7338247471,2.5
6000,213.45,0.7338167909,2.5
6000,213.5,0.7338088279,2.5
6000,213.55,0.733800858,2.5
6000,213.6,0.7337928813,2.5
6000,213.65,0.7337848978,2.5
6000,213.7,0.7337769075,2.5
6000,213.75,0.7337689103,2.5
6000,213.8,0.7337609062,2.5
6000,213.85,0.7337528953,2.5
6000,213.9,0.7337448776,2.5
6000,213.95,0.7337368529,2.5
6000,214,0.7337288215,2.5
6000,214.05,0.7337207831,2.5
6000,214.1,0.7337127379,2.5
6000,214.15,0.7337046858,2.5
6000,214.2,0.7336966268,2.5
6000,214.25,0.733688561,2.5
6000,214.3,0.7336804882,2.5
6000,214.35,0.7336724086,2.5
6000,214.4,0.7336643221,2.5
6000,214.45,0.7336562286,2.5
6000,214.5,0.7336481283,2.5
6000,214.55,0.733640021,2.5
6000,214.6,0.7336319068,2.5
6000,214.65,0.7336237858,2.5
6000,214.7,0.7336156578,2.5
6000,214.75,0.7336075228,2.5
6000,214.8,0.7335993809,2.5
6000,214.85,0.7335912321,2.5
6000,214.9,0.7335830764,2.5
6000,214.95,0.7335749137,2.5
6000,215,0.7335667441,2.5
6000,215.05,0.7335585675,2.5
6000,215.1,0.733550384,2.5
6000,215.15,0.7335421935,2.5
6000,215.2,0.733533996,2.5
6000,215.25,0.7335257916,2.5
6000,215.3,0.7335175802,2.5
6000,215.35,0.7335093618,2.5
6000,215.4,0.7335011364,2.5
6000,215.45,0.7334929041,2.5
6000,215.5,0.7334846647,2.5
6000,215.55,0.7334764184,2.5
6000,215.6,0.7334681651,2.5
6000,215.65,0.7334599047,2.5
6000,215.7,0.7334516374,2.5
6000,215.75,0.7334433631,2.5
6000,215.8,0.7334350817,2.5
6000,215.85,0.7334267933,2.5
6000,215.9,0.7334184979,2.5
6000,215.95,0.7334101955,2.5
6000,216,0.733401886,2.5
6000,216.05,0.7333935695,2.5
6000,216.1,0.733385246,2.5
6000,216.15,0.7333769154,2.5
6000,216.2,0.7333685778,2.5
6000,216.25,0.7333602331,2.5
6000,216.3,0.7333518813,2.5
6000,216.35,0.7333435225,2.5
6000,216.4,0.7333351567,2.5
6000,216.45,0.7333267837,2.5
6000,216.5,0.7333184037,2.5
6000,216.55,0.7333100166,2.5
6000,216.6,0.7333016225,2.5
6000,216.65,0.7332932212,2.5
6000,216.7,0.7332848129,2.5
6000,216.75,0.7332763974,2.5
6000,216.8,0.7332679749,2.5
6000,216.85,0.7332595453,2.5
6000,216.9,0.7332511085,2.5
6000,216.95,0.7332426646,2.5
6000,217,0.7332342137,2.5
6000,217.05,0.7332257556,2.5
6000,217.1,0.7332172904,2.5
6000,217.15,0.733208818,2.5
6000,217.2,0.7332003385,2.5
6000,217.25,0.7331918519,2.5
6000,217.3,0.7331833582,2.5
6000,217.35,0.7331748573,2.5
6000,217.4,0.7331663492,2.5
6000,217.45,0.733157834,2.5
6000,217.5,0.7331493116,2.5
6000,217.55,0.7331407821,2.5
6000,217.6,0.7331322454,2.5
6000,217.65,0.7331237016,2.5
6000,217.7,0.7331151505,2.5
6000,217.75,0.7331065923,2.5
6000,217.8,0.7330980269,2.5
6000,217.85,0.7330894543,2.5
6000,217.9,0.7330808746,2.5
6000,217.95,0.7330722876,2.5
6000,218,0.7330636934,2.5
6000,218.05,0.7330550921,2.5
6000,218.1,0.7330464835,2.5
6000,218.15,0.7330378677,2.5
6000,218.2,0.7330292447,2.5
6000,218.25,0.7330206144,2.5
6000,218.3,0.733011977,2.5
6000,218.35,0.7330033323,2.5
6000,218.4,0.7329946804,2.5
6000,218.45,0.7329860212,2.5
6000,218.5,0.7329773548,2.5
6000,218.55,0.7329686812,2.5
6000,218.6,0.7329600003,2.5
6000,218.65,0.7329513121,2.5
6000,218.7,0.7329426167,2.5
6000,218.75,0.732933914,2.5
6000,218.8,0.7329252041,2.5
6000,218.85,0.7329164869,2.5
6000,218.9,0.7329077624,2.5
6000,218.95,0.7328990306,2.5
6000,219,0.7328902916,2.5
6000,219.05,0.7328815452,2.5
6000,219.1,0.7328727916,2.5
6000,219.15,0.7328640307,2.5
6000,219.2,0.7328552624,2.5
6000,219.25,0.7328464869,2.5
6000,219.3,0.732837704,2.5
6000,219.35,0.7328289139,2.5
6000,219.4,0.7328201164,2.5
6000,219.45,0.7328113116,2.5
6000,219.5,0.7328024995,2.5
6000,219.55,0.73279368,2.5
6000,219.6,0.7327848532,2.5
6000,219.65,0.7327760191,2.5
6000,219.7,0.7327671776,2.5
6000,219.75,0.7327583288,2.5
6000,219.8,0.7327494726,2.5
6000,219.85,0.7327406091,2.5
6000,219.9,0.7327317382,2.5
6000,219.95,0.7327228599,2.5
6000,220,0.7327139743,2.5
6000,220.05,0.7327050813,2.5
6000,220.1,0.7326961809,2.5
6000,220.15,0.7326872732,2.5
6000,220.2,0.732678358,2.5
6000,220.25,0.7326694355,2.5
6000,220.3,0.7326605056,2.5
6000,220.35,0.7326515683,2.5
6000,220.4,0.7326426235,2.5
6000,220.45,0.7326336714,2.5
6000,220.5,0.7326247118,2.5
6000,220.55,0.7326157449,2.5
6000,220.6,0.7326067705,2.5
6000,220.65,0.7325977887,2.5
6000,220.7,0.7325887995,2.5
6000,220.75,0.7325798028,2.5
6000,220.8,0.7325707987,2.5
6000,220.85,0.7325617871,2.5
6000,220.9,0.7325527682,2.5
6000,220.95,0.7325437417,2.5
6000,221,0.7325347078,2.5
6000,221.05,0.7325256665,2.5
6000,221.1,0.7325166177,2.5
6000,221.15,0.7325075614,2.5
6000,221.2,0.7324984977,2.5
6000,221.25,0.7324894264,2.5
6000,221.3,0.7324803477,2.5
6000,221.35,0.7324712615,2.5
6000,221.4,0.7324621679,2.5
6000,221.45,0.7324530667,2.5
6000,221.5,0.7324439581,2.5
6000,221.55,0.7324348419,2.5
6000,221.6,0.7324257182,2.5
6000,221.65,0.7324165871,2.5
6000,221.7,0.7324074484,2.5
6000,221.75,0.7323983022,2.5
6000,221.8,0.7323891484,2.5
6000,221.85,0.7323799872,2.5
6000,221.9,0.7323708184,2.5
6000,221.95,0.7323616421,2.5
6000,222,0.7323524583,2.5
6000,222.05,0.7323432669,2.5
6000,222.1,0.7323340679,2.5
6000,222.15,0.7323248614,2.5
6000,222.2,0.7323156474,2.5
6000,222.25,0.7323064258,2.5
6000,222.3,0.7322971966,2.5
6000,222.35,0.7322879599,2.5
6000,222.4,0.7322787156,2.5
6000,222.45,0.7322694637,2.5
6000,222.5,0.7322602042,2.5
6000,222.55,0.7322509372,2.5
6000,222.6,0.7322416625,2.5
6000,222.65,0.7322323803,2.5
6000,222.7,0.7322230905,2.5
6000,222.75,0.732213793,2.5
6000,222.8,0.732204488,2.5
6000,222.85,0.7321951753,2.5
6000,222.9,0.7321858551,2.5
6000,222.95,0.7321765272,2.5
6000,223,0.7321671917,2.5
6000,223.05,0.7321578485,2.5
6000,223.1,0.7321484978,2.5
6000,223.15,0.7321391394,2.5
6000,223.2,0.7321297733,2.5
6000,223.25,0.7321203996,2.5
6000,223.3,0.7321110183,2.5
6000,223.35,0.7321016293,2.5
6000,223.4,0.7320922327,2.5
6000,223.45,0.7320828284,2.5
6000,223.5,0.7320734164,2.5
6000,223.55,0.7320639967,2.5
6000,223.6,0.7320545694,2.5
6000,223.65,0.7320451344,2.5
6000,223.7,0.7320356918,2.5
6000,223.75,0.7320262414,2.5
6000,223.8,0.7320167833,2.5
6000,223.85,0.7320073176,2.5
6000,223.9,0.7319978441,2.5
6000,223.95,0.731988363,2.5
6000,224,0.7319788741,2.5
6000,224.05,0.7319693776,2.5
6000,224.1,0.7319598733,2.5
6000,224.15,0.7319503613,2.5
6000,224.2,0.7319408415,2.5
6000,224.25,0.7319313141,2.5
6000,224.3,0.7319217789,2.5
6000,224.35,0.7319122359,2.5
6000,224.4,0.7319026852,2.5
6000,224.45,0.7318931268,2.5
6000,224.5,0.7318835606,2.5
6000,224.55,0.7318739867,2.5
6000,224.6,0.731864405,2.5
6000,224.65,0.7318548156,2.5
6000,224.7,0.7318452184,2.5
6000,224.75,0.7318356134,2.5
6000,224.8,0.7318260006,2.5
6000,224.85,0.7318163801,2.5
6000,224.9,0.7318067517,2.5
6000,224.95,0.7317971156,2.5
6000,225,0.7317874717,2.5
6000,225.05,0.73177782,2.5
6000,225.1,0.7317681605,2.5
6000,225.15,0.7317584931,2.5
6000,225.2,0.731748818,2.5
6000,225.25,0.7317391351,2.5
6000,225.3,0.7317294443,2.5
6000,225.35,0.7317197457,2.5
6000,225.4,0.7317100393,2.5
6000,225.45,0.7317003251,2.5
6000,225.5,0.731690603,2.5
6000,225.55,0.7316808731,2.5
6000,225.6,0.7316711353,2.5
6000,225.65,0.7316613897,2.5
6000,225.7,0.7316516363,2.5
6000,225.75,0.7316418749,2.5
6000,225.8,0.7316321058,2.5
6000,225.85,0.7316223287,2.5
6000,225.9,0.7316125438,2.5
6000,225.95,0.731602751,2.5
6000,226,0.7315929504,2.5
6000,226.05,0.7315831418,2.5
6000,226.1,0.7315733254,2.5
6000,226.15,0.7315635011,2.5
6000,226.2,0.7315536688,2.5
6000,226.25,0.7315438287,2.5
6000,226.3,0.7315339807,2.5
6000,226.35,0.7315241248,2.5
6000,226.4,0.7315142609,2.5
6000,226.45,0.7315043892,2.5
6000,226.5,0.7314945095,2.5
6000,226.55,0.7314846219,2.5
6000,226.6,0.7314747264,2.5
6000,226.65,0.7314648229,2.5
6000,226.7,0.7314549115,2.5
6000,226.75,0.7314449922,2.5
6000,226.8,0.7314350649,2.5
6000,226.85,0.7314251297,2.5
6000,226.9,0.7314151865,2.5
6000,226.95,0.7314052353,2.5
6000,227,0.7313952762,2.5
6000,227.05,0.7313853091,2.5
6000,227.1,0.7313753341,2.5
6000,227.15,0.7313653511,2.5
6000,227.2,0.73135536,2.5
6000,227.25,0.7313453611,2.5
6000,227.3,0.7313353541,2.5
6000,227.35,0.7313253391,2.5
6000,227.4,0.7313153161,2.5
6000,227.45,0.7313052852,2.5
6000,227.5,0.7312952462,2.5
6000,227.55,0.7312851992,2.5
6000,227.6,0.7312751442,2.5
6000,227.65,0.7312650812,2.5
6000,227.7,0.7312550102,2.5
6000,227.75,0.7312449311,2.5
6000,227.8,0.731234844,2.5
6000,227.85,0.7312247489,2.5
6000,227.9,0.7312146457,2.5
6000,227.95,0.7312045345,2.5
6000,228,0.7311944153,2.5
6000,228.05,0.7311842879,2.5
6000,228.1,0.7311741526,2.5
6000,228.15,0.7311640092,2.5
6000,228.2,0.7311538577,2.5
6000,228.25,0.7311436981,2.5
6000,228.3,0.7311335305,2.5
6000,228.35,0.7311233548,2.5
6000,228.4,0.731113171,2.5
6000,228.45,0.7311029791,2.5
6000,228.5,0.7310927791,2.5
6000,228.55,0.7310825711,2.5
6000,228.6,0.7310723549,2.5
6000,228.65,0.7310621306,2.5
6000,228.7,0.7310518983,2.5
6000,228.75,0.7310416578,2.5
6000,228.8,0.7310314092,2.5
6000,228.85,0.7310211525,2.5
6000,228.9,0.7310108876,2.5
6000,228.95,0.7310006147,2.5
6000,229,0.7309903336,2.5
6000,229.05,0.7309800443,2.5
6000,229.1,0.730969747,2.5
6000,229.15,0.7309594414,2.5
6000,229.2,0.7309491278,2.5
6000,229.25,0.7309388059,2.5
6000,229.3,0.730928476,2.5
6000,229.35,0.7309181378,2.5
6000,229.4,0.7309077915,2.5
6000,229.45,0.730897437,2.5
6000,229.5,0.7308870744,2.5
6000,229.55,0.7308767035,2.5
6000,229.6,0.7308663245,2.5
6000,229.65,0.7308559373,2.5
6000,229.7,0.7308455419,2.5
6000,229.75,0.7308351383,2.5
6000,229.8,0.7308247265,2.5
6000,229.85,0.7308143065,2.5
6000,229.9,0.7308038783,2.5
6000,229.95,0.7307934419,2.5
6000,230,0.7307829973,2.5
6000,230.05,0.7307725444,2.5
6000,230.1,0.7307620833,2.5
6000,230.15,0.730751614,2.5
6000,230.2,0.7307411365,2.5
6000,230.25,0.7307306507,2.5
6000,230.3,0.7307201567,2.5
6000,230.35,0.7307096544,2.5
6000,230.4,0.7306991439,2.5
6000,230.45,0.7306886251,2.5
6000,230.5,0.730678098,2.5
6000,230.55,0.7306675627,2.5
6000,230.6,0.7306570192,2.5
6000,230.65,0.7306464673,2.5
6000,230.7,0.7306359072,2.5
6000,230.75,0.7306253388,2.5
6000,230.8,0.7306147621,2.5
6000,230.85,0.7306041772,2.5
6000,230.9,0.7305935839,2.5
6000,230.95,0.7305829823,2.5
6000,231,0.7305723725,2.5
6000,231.05,0.7305617543,2.5
6000,231.1,0.7305511278,2.5
6000,231.15,0.730540493,2.5
6000,231.2,0.7305298499,2.5
6000,231.25,0.7305191985,2.5
6000,231.3,0.7305085387,2.5
6000,231.35,0.7304978706,2.5
6000,231.4,0.7304871942,2.5
6000,231.45,0.7304765094,2.5
6000,231.5,0.7304658163,2.5
6000,231.55,0.7304551149,2.5
6000,231.6,0.7304444051,2.5
6000,231.65,0.7304336869,2.5
6000,231.7,0.7304229604,2.5
6000,231.75,0.7304122255,2.5
6000,231.8,0.7304014822,2.5
6000,231.85,0.7303907306,2.5
6000,231.9,0.7303799706,2.5
6000,231.95,0.7303692022,2.5
6000,232,0.7303584254,2.5
6000,232.05,0.7303476402,2.5
6000,232.1,0.7303368467,2.5
6000,232.15,0.7303260447,2.5
6000,232.2,0.7303152343,2.5
6000,232.25,0.7303044156,2.5
6000,232.3,0.7302935884,2.5
6000,232.35,0.7302827528,2.5
6000,232.4,0.7302719088,2.5
6000,232.45,0.7302610563,2.5
6000,232.5,0.7302501954,2.5
6000,232.55,0.7302393261,2.5
6000,232.6,0.7302284484,2.5
6000,232.65,0.7302175622,2.5
6000,232.7,0.7302066676,2.5
6000,232.75,0.7301957645,2.5
6000,232.8,0.730184853,2.5
6000,232.85,0.730173933,2.5
6000,232.9,0.7301630046,2.5
6000,232.95,0.7301520677,2.5
6000,233,0.7301411223,2.5
6000,233.05,0.7301301684,2.5
6000,233.1,0.7301192061,2.5
6000,233.15,0.7301082353,2.5
6000,233.2,0.730097256,2.5
6000,233.25,0.7300862682,2.5
6000,233.3,0.7300752719,2.5
6000,233.35,0.7300642671,2.5
6000,233.4,0.7300532538,2.5
6000,233.45,0.730042232,2.5
6000,233.5,0.7300312017,2.5
6000,233.55,0.7300201628,2.5
6000,233.6,0.7300091155,2.5
6000,233.65,0.7299980596,2.5
6000,233.7,0.7299869952,2.5
6000,233.75,0.7299759223,2.5
6000,233.8,0.7299648408,2.5
6000,233.85,0.7299537508,2.5
6000,233.9,0.7299426522,2.5
6000,233.95,0.7299315451,2.5
6000,234,0.7299204294,2.5
6000,234.05,0.7299093052,2.5
6000,234.1,0.7298981724,2.5
6000,234.15,0.7298870311,2.5
6000,234.2,0.7298758812,2.5
6000,234.25,0.7298647227,2.5
6000,234.3,0.7298535556,2.5
6000,234.35,0.7298423799,2.5
6000,234.4,0.7298311957,2.5
6000,234.45,0.7298200028,2.5
6000,234.5,0.7298088014,2.5
6000,234.55,0.7297975914,2.5
6000,234.6,0.7297863727,2.5
6000,234.65,0.7297751455,2.5
6000,234.7,0.7297639096,2.5
6000,234.75,0.7297526651,2.5
6000,234.8,0.729741412,2.5
6000,234.85,0.7297301503,2.5
6000,234.9,0.7297188799,2.5
6000,234.95,0.7297076009,2.5
6000,235,0.7296963133,2.5
6000,235.05,0.7296850171,2.5
6000,235.1,0.7296737121,2.5
6000,235.15,0.7296623986,2.5
6000,235.2,0.7296510764,2.5
6000,235.25,0.7296397455,2.5
6000,235.3,0.7296284059,2.5
6000,235.35,0.7296170577,2.5
6000,235.4,0.7296057008,2.5
6000,235.45,0.7295943353,2.5
6000,235.5,0.7295829611,2.5
6000,235.55,0.7295715781,2.5
6000,235.6,0.7295601865,2.5
6000,235.65,0.7295487862,2.5
6000,235.7,0.7295373772,2.5
6000,235.75,0.7295259596,2.5
6000,235.8,0.7295145332,2.5
6000,235.85,0.729503098,2.5
6000,235.9,0.7294916542,2.5
6000,235.95,0.7294802017,2.5
6000,236,0.7294687404,2.5
6000,236.05,0.7294572704,2.5
6000,236.1,0.7294457917,2.5
6000,236.15,0.7294343043,2.5
6000,236.2,0.7294228081,2.5
6000,236.25,0.7294113032,2.5
6000,236.3,0.7293997895,2.5
6000,236.35,0.7293882671,2.5
6000,236.4,0.7293767359,2.5
6000,236.45,0.729365196,2.5
6000,236.5,0.7293536473,2.5
6000,236.55,0.7293420898,2.5
6000,236.6,0.7293305236,2.5
6000,236.65,0.7293189485,2.5
6000,236.7,0.7293073647,2.5
6000,236.75,0.7292957722,2.5
6000,236.8,0.7292841708,2.5
6000,236.85,0.7292725606,2.5
6000,236.9,0.7292609417,2.5
6000,236.95,0.7292493139,2.5
6000,237,0.7292376774,2.5
6000,237.05,0.729226032,2.5
6000,237.1,0.7292143778,2.5
6000,237.15,0.7292027148,2.5
6000,237.2,0.729191043,2.5
6000,237.25,0.7291793624,2.5
6000,237.3,0.7291676729,2.5
6000,237.35,0.7291559746,2.5
6000,237.4,0.7291442675,2.5
6000,237.45,0.7291325515,2.5
6000,237.5,0.7291208267,2.5
6000,237.55,0.729109093,2.5
6000,237.6,0.7290973504,2.5
6000,237.65,0.729085599,2.5
6000,237.7,0.7290738388,2.5
6000,237.75,0.7290620697,2.5
6000,237.8,0.7290502917,2.5
6000,237.85,0.7290385048,2.5
6000,237.9,0.7290267091,2.5
6000,237.95,0.7290149044,2.5
6000,238,0.7290030909,2.5
6000,238.05,0.7289912685,2.5
6000,238.1,0.7289794372,2.5
6000,238.15,0.728967597,2.5
6000,238.2,0.7289557479,2.5
6000,238.25,0.7289438899,2.5
6000,238.3,0.728932023,2.5
6000,238.35,0.7289201471,2.5
6000,238.4,0.7289082624,2.5
6000,238.45,0.7288963687,2.5
6000,238.5,0.7288844661,2.5
6000,238.55,0.7288725545,2.5
6000,238.6,0.728860634,2.5
6000,238.65,0.7288487046,2.5
6000,238.7,0.7288367662,2.5
6000,238.75,0.7288248189,2.5
6000,238.8,0.7288128626,2.5
6000,238.85,0.7288008974,2.5
6000,238.9,0.7287889232,2.5
6000,238.95,0.7287769401,2.5
6000,239,0.7287649479,2.5
6000,239.05,0.7287529468,2.5
6000,239.1,0.7287409368,2.5
6000,239.15,0.7287289177,2.5
6000,239.2,0.7287168896,2.5
6000,239.25,0.7287048526,2.5
6000,239.3,0.7286928066,2.5
6000,239.35,0.7286807516,2.5
6000,239.4,0.7286686875,2.5
6000,239.45,0.7286566145,2.5
6000,239.5,0.7286445324,2.5
6000,239.55,0.7286324414,2.5
6000,239.6,0.7286203413,2.5
6000,239.65,0.7286082322,2.5
6000,239.7,0.728596114,2.5
6000,239.75,0.7285839869,2.5
6000,239.8,0.7285718507,2.5
6000,239.85,0.7285597054,2.5
6000,239.9,0.7285475511,2.5
6000,239.95,0.7285353878,2.5
6000,240,0.7285232154,2.5
6000,240.05,0.728511034,2.5
6000,240.1,0.7284988435,2.5
6000,240.15,0.7284866439,2.5
6000,240.2,0.7284744353,2.5
6000,240.25,0.7284622176,2.5
6000,240.3,0.7284499908,2.5
6000,240.35,0.728437755,2.5
6000,240.4,0.72842551,2.5
6000,240.45,0.728413256,2.5
6000,240.5,0.7284009929,2.5
6000,240.55,0.7283887206,2.5
6000,240.6,0.7283764393,2.5
6000,240.65,0.7283641489,2.5
6000,240.7,0.7283518493,2.5
6000,240.75,0.7283395407,2.5
6000,240.8,0.7283272229,2.5
6000,240.85,0.728314896,2.5
6000,240.9,0.72830256,2.5
6000,240.95,0.7282902149,2.5
6000,241,0.7282778606,2.5
6000,241.05,0.7282654972,2.5
6000,241.1,0.7282531246,2.5
6000,241.15,0.7282407429,2.5
6000,241.2,0.7282283521,2.5
6000,241.25,0.7282159521,2.5
6000,241.3,0.7282035429,2.5
6000,241.35,0.7281911246,2.5
6000,241.4,0.7281786971,2.5
6000,241.45,0.7281662604,2.5
6000,241.5,0.7281538146,2.5
6000,241.55,0.7281413596,2.5
6000,241.6,0.7281288954,2.5
6000,241.65,0.728116422,2.5
6000,241.7,0.7281039394,2.5
6000,241.75,0.7280914477,2.5
6000,241.8,0.7280789467,2.5
6000,241.85,0.7280664365,2.5
6000,241.9,0.7280539172,2.5
6000,241.95,0.7280413886,2.5
6000,242,0.7280288508,2.5
6000,242.05,0.7280163037,2.5
6000,242.1,0.7280037475,2.5
6000,242.15,0.727991182,2.5
6000,242.2,0.7279786073,2.5
6000,242.25,0.7279660234,2.5
6000,242.3,0.7279534302,2.5
6000,242.35,0.7279408278,2.5
6000,242.4,0.7279282162,2.5
6000,242.45,0.7279155952,2.5
6000,242.5,0.7279029651,2.5
6000,242.55,0.7278903257,2.5
6000,242.6,0.727877677,2.5
6000,242.65,0.727865019,2.5
6000,242.7,0.7278523518,2.5
6000,242.75,0.7278396753,2.5
6000,242.8,0.7278269895,2.5
6000,242.85,0.7278142944,2.5
6000,242.9,0.7278015901,2.5
6000,242.95,0.7277888764,2.5
6000,243,0.7277761535,2.5
6000,243.05,0.7277634212,2.5
6000,243.1,0.7277506797,2.5
6000,243.15,0.7277379288,2.5
6000,243.2,0.7277251687,2.5
6000,243.25,0.7277123992,2.5
6000,243.3,0.7276996204,2.5
6000,243.35,0.7276868323,2.5
6000,243.4,0.7276740348,2.5
6000,243.45,0.7276612281,2.5
6000,243.5,0.7276484119,2.5
6000,243.55,0.7276355865,2.5
6000,243.6,0.7276227517,2.5
6000,243.65,0.7276099075,2.5
6000,243.7,0.727597054,2.5
6000,243.75,0.7275841912,2.5
6000,243.8,0.727571319,2.5
6000,243.85,0.7275584374,2.5
6000,243.9,0.7275455465,2.5
6000,243.95,0.7275326461,2.5
6000,244,0.7275197365,2.5
6000,244.05,0.7275068174,2.5
6000,244.1,0.7274938889,2.5
6000,244.15,0.7274809511,2.5
6000,244.2,0.7274680039,2.5
6000,244.25,0.7274550472,2.5
6000,244.3,0.7274420812,2.5
6000,244.35,0.7274291058,2.5
6000,244.4,0.7274161209,2.5
6000,244.45,0.7274031267,2.5
6000,244.5,0.727390123,2.5
6000,244.55,0.7273771099,2.5
6000,244.6,0.7273640874,2.5
6000,244.65,0.7273510555,2.5
6000,244.7,0.7273380141,2.5
6000,244.75,0.7273249633,2.5
6000,244.8,0.7273119031,2.5
6000,244.85,0.7272988334,2.5
6000,244.9,0.7272857543,2.5
6000,244.95,0.7272726657,2.5
6000,245,0.7272595676,2.5
6000,245.05,0.7272464601,2.5
6000,245.1,0.7272333432,2.5
6000,245.15,0.7272202167,2.5
6000,245.2,0.7272070808,2.5
6000,245.25,0.7271939355,2.5
6000,245.3,0.7271807806,2.5
6000,245.35,0.7271676163,2.5
6000,245.4,0.7271544425,2.5
6000,245.45,0.7271412591,2.5
6000,245.5,0.7271280663,2.5
6000,245.55,0.727114864,2.5
6000,245.6,0.7271016522,2.5
6000,245.65,0.7270884309,2.5
6000,245.7,0.7270752001,2.5
6000,245.75,0.7270619597,2.5
6000,245.8,0.7270487099,2.5
6000,245.85,0.7270354505,2.5
6000,245.9,0.7270221816,2.5
6000,245.95,0.7270089031,2.5
6000,246,0.7269956152,2.5
6000,246.05,0.7269823176,2.5
6000,246.1,0.7269690106,2.5
6000,246.15,0.726955694,2.5
6000,246.2,0.7269423678,2.5
6000,246.25,0.7269290321,2.5
6000,246.3,0.7269156869,2.5
6000,246.35,0.7269023321,2.5
6000,246.4,0.7268889677,2.5
6000,246.45,0.7268755937,2.5
6000,246.5,0.7268622102,2.5
6000,246.55,0.7268488171,2.5
6000,246.6,0.7268354144,2.5
6000,246.65,0.7268220021,2.5
6000,246.7,0.7268085802,2.5
6000,246.75,0.7267951488,2.5
6000,246.8,0.7267817077,2.5
6000,246.85,0.726768257,2.5
6000,246.9,0.7267547968,2.5
6000,246.95,0.7267413269,2.5
6000,247,0.7267278474,2.5
6000,247.05,0.7267143583,2.5
6000,247.1,0.7267008596,2.5
6000,247.15,0.7266873513,2.5
6000,247.2,0.7266738333,2.5
6000,247.25,0.7266603057,2.5
6000,247.3,0.7266467684,2.5
6000,247.35,0.7266332216,2.5
6000,247.4,0.726619665,2.5
6000,247.45,0.7266060989,2.5
6000,247.5,0.726592523,2.5
6000,247.55,0.7265789375,2.5
6000,247.6,0.7265653424,2.5
6000,247.65,0.7265517376,2.5
6000,247.7,0.7265381231,2.5
6000,247.75,0.726524499,2.5
6000,247.8,0.7265108652,2.5
6000,247.85,0.7264972217,2.5
6000,247.9,0.7264835685,2.5
6000,247.95,0.7264699056,2.5
6000,248,0.7264562331,2.5
6000,248.05,0.7264425508,2.5
6000,248.1,0.7264288589,2.5
6000,248.15,0.7264151572,2.5
6000,248.2,0.7264014459,2.5
6000,248.25,0.7263877248,2.5
6000,248.3,0.726373994,2.5
6000,248.35,0.7263602535,2.5
6000,248.4,0.7263465033,2.5
6000,248.45,0.7263327434,2.5
6000,248.5,0.7263189737,2.5
6000,248.55,0.7263051943,2.5
6000,248.6,0.7262914051,2.5
6000,248.65,0.7262776062,2.5
6000,248.7,0.7262637976,2.5
6000,248.75,0.7262499792,2.5
6000,248.8,0.7262361511,2.5
6000,248.85,0.7262223132,2.5
6000,248.9,0.7262084656,2.5
6000,248.95,0.7261946082,2.5
6000,249,0.726180741,2.5
6000,249.05,0.726166864,2.5
6000,249.1,0.7261529773,2.5
6000,249.15,0.7261390808,2.5
6000,249.2,0.7261251745,2.5
6000,249.25,0.7261112585,2.5
6000,249.3,0.7260973326,2.5
6000,249.35,0.7260833969,2.5
6000,249.4,0.7260694515,2.5
6000,249.45,0.7260554962,2.5
6000,249.5,0.7260415312,2.5
6000,249.55,0.7260275563,2.5
6000,249.6,0.7260135716,2.5
6000,249.65,0.7259995771,2.5
6000,249.7,0.7259855728,2.5
6000,249.75,0.7259715586,2.5
6000,249.8,0.7259575346,2.5
6000,249.85,0.7259435008,2.5
6000,249.9,0.7259294572,2.5
6000,249.95,0.7259154037,2.5
6000,250,0.7259013404,2.5
6000,250.05,0.7258872672,2.5
6000,250.1,0.7258731841,2.5
6000,250.15,0.7258590913,2.5
6000,250.2,0.7258449885,2.5
6000,250.25,0.7258308759,2.5
6000,250.3,0.7258167534,2.5
6000,250.35,0.7258026211,2.5
6000,250.4,0.7257884789,2.5
6000,250.45,0.7257743268,2.5
6000,250.5,0.7257601648,2.5
6000,250.55,0.7257459929,2.5
6000,250.6,0.7257318112,2.5
6000,250.65,0.7257176195,2.5
6000,250.7,0.725703418,2.5
6000,250.75,0.7256892065,2.5
6000,250.8,0.7256749852,2.5
6000,250.85,0.7256607539,2.5
6000,250.9,0.7256465127,2.5
6000,250.95,0.7256322616,2.5
6000,251,0.7256180006,2.5
6000,251.05,0.7256037297,2.5
6000,251.1,0.7255894488,2.5
6000,251.15,0.7255751581,2.5
6000,251.2,0.7255608573,2.5
6000,251.25,0.7255465467,2.5
6000,251.3,0.7255322261,2.5
6000,251.35,0.7255178955,2.5
6000,251.4,0.725503555,2.5
6000,251.45,0.7254892046,2.5
6000,251.5,0.7254748442,2.5
6000,251.55,0.7254604738,2.5
6000,251.6,0.7254460935,2.5
6000,251.65,0.7254317032,2.5
6000,251.7,0.7254173029,2.5
6000,251.75,0.7254028926,2.5
6000,251.8,0.7253884724,2.5
6000,251.85,0.7253740422,2.5
6000,251.9,0.725359602,2.5
6000,251.95,0.7253451518,2.5
6000,252,0.7253306916,2.5
6000,252.05,0.7253162214,2.5
6000,252.1,0.7253017412,2.5
6000,252.15,0.725287251,2.5
6000,252.2,0.7252727508,2.5
6000,252.25,0.7252582406,2.5
6000,252.3,0.7252437204,2.5
6000,252.35,0.7252291901,2.5
6000,252.4,0.7252146499,2.5
6000,252.45,0.7252000996,2.5
6000,252.5,0.7251855392,2.5
6000,252.55,0.7251709689,2.5
6000,252.6,0.7251563884,2.5
6000,252.65,0.725141798,2.5
6000,252.7,0.7251271975,2.5
6000,252.75,0.7251125869,2.5
6000,252.8,0.7250979663,2.5
6000,252.85,0.7250833357,2.5
6000,252.9,0.725068695,2.5
6000,252.95,0.7250540442,2.5
6000,253,0.7250393833,2.5
6000,253.05,0.7250247124,2.5
6000,253.1,0.7250100314,2.5
6000,253.15,0.7249953403,2.5
6000,253.2,0.7249806392,2.5
6000,253.25,0.7249659279,2.5
6000,253.3,0.7249512066,2.5
6000,253.35,0.7249364751,2.5
6000,253.4,0.7249217336,2.5
6000,253.45,0.724906982,2.5
6000,253.5,0.7248922202,2.5
6000,253.55,0.7248774484,2.5
6000,253.6,0.7248626664,2.5
6000,253.65,0.7248478743,2.5
6000,253.7,0.7248330721,2.5
6000,253.75,0.7248182598,2.5
6000,253.8,0.7248034374,2.5
6000,253.85,0.7247886048,2.5
6000,253.9,0.7247737621,2.5
6000,253.95,0.7247589092,2.5
6000,254,0.7247440462,2.5
6000,254.05,0.7247291731,2.5
6000,254.1,0.7247142898,2.5
6000,254.15,0.7246993964,2.5
6000,254.2,0.7246844928,2.5
6000,254.25,0.724669579,2.5
6000,254.3,0.7246546551,2.5
6000,254.35,0.724639721,2.5
6000,254.4,0.7246247768,2.5
6000,254.45,0.7246098224,2.5
6000,254.5,0.7245948578,2.5
6000,254.55,0.724579883,2.5
6000,254.6,0.724564898,2.5
6000,254.65,0.7245499028,2.5
6000,254.7,0.7245348975,2.5
6000,254.75,0.7245198819,2.5
6000,254.8,0.7245048562,2.5
6000,254.85,0.7244898202,2.5
6000,254.9,0.7244747741,2.5
6000,254.95,0.7244597177,2.5
6000,255,0.7244446511,2.5
6000,255.05,0.7244295743,2.5
6000,255.1,0.7244144873,2.5
6000,255.15,0.7243993901,2.5
6000,255.2,0.7243842826,2.5
6000,255.25,0.7243691649,2.5
6000,255.3,0.7243540369,2.5
6000,255.35,0.7243388988,2.5
6000,255.4,0.7243237503,2.5
6000,255.45,0.7243085917,2.5
6000,255.5,0.7242934228,2.5
6000,255.55,0.7242782436,2.5
6000,255.6,0.7242630542,2.5
6000,255.65,0.7242478545,2.5
6000,255.7,0.7242326445,2.5
6000,255.75,0.7242174243,2.5
6000,255.8,0.7242021938,2.5
6000,255.85,0.724186953,2.5
6000,255.9,0.724171702,2.5
6000,255.95,0.7241564407,2.5
6000,256,0.7241411691,2.5
6000,256.05,0.7241258872,2.5
6000,256.1,0.724110595,2.5
6000,256.15,0.7240952925,2.5
6000,256.2,0.7240799797,2.5
6000,256.25,0.7240646566,2.5
6000,256.3,0.7240493232,2.5
6000,256.35,0.7240339795,2.5
6000,256.4,0.7240186255,2.5
6000,256.45,0.7240032612,2.5
6000,256.5,0.7239878865,2.5
6000,256.55,0.7239725016,2.5
6000,256.6,0.7239571063,2.5
6000,256.65,0.7239417006,2.5
6000,256.7,0.7239262846,2.5
6000,256.75,0.7239108583,2.5
6000,256.8,0.7238954217,2.5
6000,256.85,0.7238799747,2.5
6000,256.9,0.7238645174,2.5
6000,256.95,0.7238490497,2.5
6000,257,0.7238335716,2.5
6000,257.05,0.7238180832,2.5
6000,257.1,0.7238025844,2.5
6000,257.15,0.7237870753,2.5
6000,257.2,0.7237715558,2.5
6000,257.25,0.7237560259,2.5
6000,257.3,0.7237404857,2.5
6000,257.35,0.723724935,2.5
6000,257.4,0.723709374,2.5
6000,257.45,0.7236938026,2.5
6000,257.5,0.7236782208,2.5
6000,257.55,0.7236626286,2.5
6000,257.6,0.723647026,2.5
6000,257.65,0.723631413,2.5
6000,257.7,0.7236157897,2.5
6000,257.75,0.7236001559,2.5
6000,257.8,0.7235845116,2.5
6000,257.85,0.723568857,2.5
6000,257.9,0.723553192,2.5
6000,257.95,0.7235375165,2.5
6000,258,0.7235218306,2.5
6000,258.05,0.7235061343,2.5
6000,258.1,0.7234904276,2.5
6000,258.15,0.7234747104,2.5
6000,258.2,0.7234589828,2.5
6000,258.25,0.7234432447,2.5
6000,258.3,0.7234274962,2.5
6000,258.35,0.7234117372,2.5
6000,258.4,0.7233959678,2.5
6000,258.45,0.723380188,2.5
6000,258.5,0.7233643977,2.5
6000,258.55,0.7233485969,2.5
6000,258.6,0.7233327856,2.5
6000,258.65,0.7233169639,2.5
6000,258.7,0.7233011317,2.5
6000,258.75,0.723285289,2.5
6000,258.8,0.7232694359,2.5
6000,258.85,0.7232535723,2.5
6000,258.9,0.7232376981,2.5
6000,258.95,0.7232218135,2.5
6000,259,0.7232059184,2.5
6000,259.05,0.7231900128,2.5
6000,259.1,0.7231740967,2.5
6000,259.15,0.7231581702,2.5
6000,259.2,0.723142233,2.5
6000,259.25,0.7231262854,2.5
6000,259.3,0.7231103273,2.5
6000,259.35,0.7230943587,2.5
6000,259.4,0.7230783795,2.5
6000,259.45,0.7230623898,2.5
6000,259.5,0.7230463896,2.5
6000,259.55,0.7230303789,2.5
6000,259.6,0.7230143576,2.5
6000,259.65,0.7229983258,2.5
6000,259.7,0.7229822834,2.5
6000,259.75,0.7229662305,2.5
6000,259.8,0.7229501671,2.5
6000,259.85,0.7229340931,2.5
6000,259.9,0.7229180085,2.5
6000,259.95,0.7229019134,2.5
6000,260,0.7228858078,2.5
6000,260.05,0.7228696915,2.5
6000,260.1,0.7228535647,2.5
6000,260.15,0.7228374274,2.5
6000,260.2,0.7228212794,2.5
6000,260.25,0.7228051209,2.5
6000,260.3,0.7227889518,2.5
6000,260.35,0.7227727721,2.5
6000,260.4,0.7227565819,2.5
6000,260.45,0.722740381,2.5
6000,260.5,0.7227241696,2.5
6000,260.55,0.7227079475,2.5
6000,260.6,0.7226917149,2.5
6000,260.65,0.7226754716,2.5
6000,260.7,0.7226592178,2.5
6000,260.75,0.7226429533,2.5
6000,260.8,0.7226266782,2.5
6000,260.85,0.7226103926,2.5
6000,260.9,0.7225940962,2.5
6000,260.95,0.7225777893,2.5
6000,261,0.7225614717,2.5
6000,261.05,0.7225451436,2.5
6000,261.1,0.7225288047,2.5
6000,261.15,0.7225124553,2.5
6000,261.2,0.7224960952,2.5
6000,261.25,0.7224797244,2.5
6000,261.3,0.722463343,2.5
6000,261.35,0.722446951,2.5
6000,261.4,0.7224305483,2.5
6000,261.45,0.722414135,2.5
6000,261.5,0.722397711,2.5
6000,261.55,0.7223812763,2.5
6000,261.6,0.722364831,2.5
6000,261.65,0.722348375,2.5
6000,261.7,0.7223319083,2.5
6000,261.75,0.722315431,2.5
6000,261.8,0.722298943,2.5
6000,261.85,0.7222824443,2.5
6000,261.9,0.7222659349,2.5
6000,261.95,0.7222494148,2.5
6000,262,0.722232884,2.5
6000,262.05,0.7222163426,2.5
6000,262.1,0.7221997904,2.5
6000,262.15,0.7221832276,2.5
6000,262.2,0.722166654,2.5
6000,262.25,0.7221500697,2.5
6000,262.3,0.7221334747,2.5
6000,262.35,0.722116869,2.5
6000,262.4,0.7221002526,2.5
6000,262.45,0.7220836255,2.5
6000,262.5,0.7220669877,2.5
6000,262.55,0.7220503391,2.5
6000,262.6,0.7220336798,2.5
6000,262.65,0.7220170097,2.5
6000,262.7,0.722000329,2.5
6000,262.75,0.7219836374,2.5
6000,262.8,0.7219669352,2.5
6000,262.85,0.7219502222,2.5
6000,262.9,0.7219334984,2.5
6000,262.95,0.7219167639,2.5
6000,263,0.7219000187,2.5
6000,263.05,0.7218832627,2.5
6000,263.1,0.7218664959,2.5
6000,263.15,0.7218497184,2.5
6000,263.2,0.7218329301,2.5
6000,263.25,0.721816131,2.5
6000,263.3,0.7217993211,2.5
6000,263.35,0.7217825005,2.5
6000,263.4,0.7217656691,2.5
6000,263.45,0.7217488269,2.5
6000,263.5,0.7217319739,2.5
6000,263.55,0.7217151102,2.5
6000,263.6,0.7216982356,2.5
6000,263.65,0.7216813503,2.5
6000,263.7,0.7216644541,2.5
6000,263.75,0.7216475472,2.5
6000,263.8,0.7216306294,2.5
6000,263.85,0.7216137008,2.5
6000,263.9,0.7215967615,2.5
6000,263.95,0.7215798113,2.5
6000,264,0.7215628503,2.5
6000,264.05,0.7215458785,2.5
6000,264.1,0.7215288958,2.5
6000,264.15,0.7215119023,2.5
6000,264.2,0.721494898,2.5
6000,264.25,0.7214778829,2.5
6000,264.3,0.7214608569,2.5
6000,264.35,0.7214438201,2.5
6000,264.4,0.7214267725,2.5
6000,264.45,0.721409714,2.5
6000,264.5,0.7213926446,2.5
6000,264.55,0.7213755644,2.5
6000,264.6,0.7213584734,2.5
6000,264.65,0.7213413715,2.5
6000,264.7,0.7213242587,2.5
6000,264.75,0.7213071351,2.5
6000,264.8,0.7212900006,2.5
6000,264.85,0.7212728552,2.5
6000,264.9,0.721255699,2.5
6000,264.95,0.7212385319,2.5
6000,265,0.7212213539,2.5
6000,265.05,0.721204165,2.5
6000,265.1,0.7211869653,2.5
6000,265.15,0.7211697546,2.5
6000,265.2,0.7211525331,2.5
6000,265.25,0.7211353007,2.5
6000,265.3,0.7211180573,2.5
6000,265.35,0.7211008031,2.5
6000,265.4,0.721083538,2.5
6000,265.45,0.721066262,2.5
6000,265.5,0.721048975,2.5
6000,265.55,0.7210316772,2.5
6000,265.6,0.7210143684,2.5
6000,265.65,0.7209970487,2.5
6000,265.7,0.7209797182,2.5
6000,265.75,0.7209623766,2.5
6000,265.8,0.7209450242,2.5
6000,265.85,0.7209276608,2.5
6000,265.9,0.7209102865,2.5
6000,265.95,0.7208929013,2.5
6000,266,0.7208755051,2.5
6000,266.05,0.720858098,2.5
6000,266.1,0.7208406799,2.5
6000,266.15,0.7208232509,2.5
6000,266.2,0.7208058109,2.5
6000,266.25,0.72078836,2.5
6000,266.3,0.7207708981,2.5
6000,266.35,0.7207534253,2.5
6000,266.4,0.7207359415,2.5
6000,266.45,0.7207184468,2.5
6000,266.5,0.720700941,2.5
6000,266.55,0.7206834243,2.5
6000,266.6,0.7206658967,2.5
6000,266.65,0.720648358,2.5
6000,266.7,0.7206308084,2.5
6000,266.75,0.7206132478,2.5
6000,266.8,0.7205956762,2.5
6000,266.85,0.7205780937,2.5
6000,266.9,0.7205605001,2.5
6000,266.95,0.7205428955,2.5
6000,267,0.72052528,2.5
6000,267.05,0.7205076534,2.5
6000,267.1,0.7204900159,2.5
6000,267.15,0.7204723673,2.5
6000,267.2,0.7204547077,2.5
6000,267.25,0.7204370372,2.5
6000,267.3,0.7204193556,2.5
6000,267.35,0.720401663,2.5
6000,267.4,0.7203839593,2.5
6000,267.45,0.7203662447,2.5
6000,267.5,0.720348519,2.5
6000,267.55,0.7203307823,2.5
6000,267.6,0.7203130346,2.5
6000,267.65,0.7202952758,2.5
6000,267.7,0.720277506,2.5
6000,267.75,0.7202597251,2.5
6000,267.8,0.7202419333,2.5
6000,267.85,0.7202241303,2.5
6000,267.9,0.7202063164,2.5
6000,267.95,0.7201884913,2.5
6000,268,0.7201706552,2.5
6000,268.05,0.7201528081,2.5
6000,268.1,0.7201349499,2.5
6000,268.15,0.7201170806,2.5
6000,268.2,0.7200992003,2.5
6000,268.25,0.7200813089,2.5
6000,268.3,0.7200634065,2.5
6000,268.35,0.7200454929,2.5
6000,268.4,0.7200275683,2.5
6000,268.45,0.7200096326,2.5
6000,268.5,0.7199916859,2.5
6000,268.55,0.719973728,2.5
6000,268.6,0.7199557591,2.5
6000,268.65,0.7199377791,2.5
6000,268.7,0.7199197879,2.5
6000,268.75,0.7199017857,2.5
6000,268.8,0.7198837724,2.5
6000,268.85,0.719865748,2.5
6000,268.9,0.7198477125,2.5
6000,268.95,0.7198296658,2.5
6000,269,0.7198116081,2.5
6000,269.05,0.7197935393,2.5
6000,269.1,0.7197754593,2.5
6000,269.15,0.7197573682,2.5
6000,269.2,0.719739266,2.5
6000,269.25,0.7197211527,2.5
6000,269.3,0.7197030283,2.5
6000,269.35,0.7196848927,2.5
6000,269.4,0.719666746,2.5
6000,269.45,0.7196485881,2.5
6000,269.5,0.7196304192,2.5
6000,269.55,0.7196122391,2.5
6000,269.6,0.7195940478,2.5
6000,269.65,0.7195758454,2.5
6000,269.7,0.7195576319,2.5
6000,269.75,0.7195394072,2.5
6000,269.8,0.7195211713,2.5
6000,269.85,0.7195029243,2.5
6000,269.9,0.7194846662,2.5
6000,269.95,0.7194663968,2.5
6000,270,0.7194481164,2.5
6000,270.05,0.7194298247,2.5
6000,270.1,0.7194115219,2.5
6000,270.15,0.7193932079,2.5
6000,270.2,0.7193748828,2.5
6000,270.25,0.7193565464,2.5
6000,270.3,0.7193381989,2.5
6000,270.35,0.7193198402,2.5
6000,270.4,0.7193014703,2.5
6000,270.45,0.7192830893,2.5
6000,270.5,0.719264697,2.5
6000,270.55,0.7192462935,2.5
6000,270.6,0.7192278789,2.5
6000,270.65,0.7192094531,2.5
6000,270.7,0.719191016,2.5
6000,270.75,0.7191725678,2.5
6000,270.8,0.7191541083,2.5
6000,270.85,0.7191356377,2.5
6000,270.9,0.7191171558,2.5
6000,270.95,0.7190986627,2.5
6000,271,0.7190801584,2.5
6000,271.05,0.7190616429,2.5
6000,271.1,0.7190431162,2.5
6000,271.15,0.7190245782,2.5
6000,271.2,0.719006029,2.5
6000,271.25,0.7189874686,2.5
6000,271.3,0.718968897,2.5
6000,271.35,0.7189503141,2.5
6000,271.4,0.71893172,2.5
6000,271.45,0.7189131146,2.5
6000,271.5,0.718894498,2.5
6000,271.55,0.7188758702,2.5
6000,271.6,0.7188572311,2.5
6000,271.65,0.7188385808,2.5
6000,271.7,0.7188199192,2.5
6000,271.75,0.7188012464,2.5
6000,271.8,0.7187825623,2.5
6000,271.85,0.7187638669,2.5
6000,271.9,0.7187451603,2.5
6000,271.95,0.7187264424,2.5
6000,272,0.7187077133,2.5
6000,272.05,0.7186889729,2.5
6000,272.1,0.7186702212,2.5
6000,272.15,0.7186514582,2.5
6000,272.2,0.718632684,2.5
6000,272.25,0.7186138985,2.5
6000,272.3,0.7185951017,2.5
6000,272.35,0.7185762936,2.5
6000,272.4,0.7185574742,2.5
6000,272.45,0.7185386436,2.5
6000,272.5,0.7185198016,2.5
6000,272.55,0.7185009484,2.5
6000,272.6,0.7184820839,2.5
6000,272.65,0.718463208,2.5
6000,272.7,0.7184443209,2.5
6000,272.75,0.7184254225,2.5
6000,272.8,0.7184065127,2.5
6000,272.85,0.7183875917,2.5
6000,272.9,0.7183686593,2.5
6000,272.95,0.7183497156,2.5
6000,273,0.7183307606,2.5
6000,273.05,0.7183117943,2.5
6000,273.1,0.7182928167,2.5
6000,273.15,0.7182738277,2.5
6000,273.2,0.7182548274,2.5
6000,273.25,0.7182358158,2.5
6000,273.3,0.7182167929,2.5
6000,273.35,0.7181977586,2.5
6000,273.4,0.718178713,2.5
6000,273.45,0.718159656,2.5
6000,273.5,0.7181405878,2.5
6000,273.55,0.7181215081,2.5
6000,273.6,0.7181024172,2.5
6000,273.65,0.7180833148,2.5
6000,273.7,0.7180642012,2.5
6000,273.75,0.7180450761,2.5
6000,273.8,0.7180259398,2.5
6000,273.85,0.718006792,2.5
6000,273.9,0.7179876329,2.5
6000,273.95,0.7179684625,2.5
6000,274,0.7179492807,2.5
6000,274.05,0.7179300875,2.5
6000,274.1,0.7179108829,2.5
6000,274.15,0.717891667,2.5
6000,274.2,0.7178724397,2.5
6000,274.25,0.7178532011,2.5
6000,274.3,0.717833951,2.5
6000,274.35,0.7178146896,2.5
6000,274.4,0.7177954168,2.5
6000,274.45,0.7177761326,2.5
6000,274.5,0.717756837,2.5
6000,274.55,0.71773753,2.5
6000,274.6,0.7177182117,2.5
6000,274.65,0.7176988819,2.5
6000,274.7,0.7176795408,2.5
6000,274.75,0.7176601882,2.5
6000,274.8,0.7176408243,2.5
6000,274.85,0.7176214489,2.5
6000,274.9,0.7176020622,2.5
6000,274.95,0.717582664,2.5
6000,275,0.7175632544,2.5
6000,275.05,0.7175438334,2.5
6000,275.1,0.717524401,2.5
6000,275.15,0.7175049572,2.5
6000,275.2,0.717485502,2.5
6000,275.25,0.7174660353,2.5
6000,275.3,0.7174465573,2.5
6000,275.35,0.7174270677,2.5
6000,275.4,0.7174075668,2.5
6000,275.45,0.7173880545,2.5
6000,275.5,0.7173685307,2.5
6000,275.55,0.7173489954,2.5
6000,275.6,0.7173294488,2.5
6000,275.65,0.7173098907,2.5
6000,275.7,0.7172903211,2.5
6000,275.75,0.7172707401,2.5
6000,275.8,0.7172511477,2.5
6000,275.85,0.7172315438,2.5
6000,275.9,0.7172119285,2.5
6000,275.95,0.7171923017,2.5
6000,276,0.7171726635,2.5
6000,276.05,0.7171530138,2.5
6000,276.1,0.7171333526,2.5
6000,276.15,0.71711368,2.5
6000,276.2,0.717093996,2.5
6000,276.25,0.7170743004,2.5
6000,276.3,0.7170545934,2.5
6000,276.35,0.717034875,2.5
6000,276.4,0.717015145,2.5
6000,276.45,0.7169954036,2.5
6000,276.5,0.7169756507,2.5
6000,276.55,0.7169558863,2.5
6000,276.6,0.7169361105,2.5
6000,276.65,0.7169163232,2.5
6000,276.7,0.7168965243,2.5
6000,276.75,0.716876714,2.5
6000,276.8,0.7168568922,2.5
6000,276.85,0.716837059,2.5
6000,276.9,0.7168172142,2.5
6000,276.95,0.7167973579,2.5
6000,277,0.7167774902,2.5
6000,277.05,0.7167576109,2.5
6000,277.1,0.7167377201,2.5
6000,277.15,0.7167178179,2.5
6000,277.2,0.7166979041,2.5
6000,277.25,0.7166779788,2.5
6000,277.3,0.7166580421,2.5
6000,277.35,0.7166380938,2.5
6000,277.4,0.716618134,2.5
6000,277.45,0.7165981626,2.5
6000,277.5,0.7165781798,2.5
6000,277.55,0.7165581854,2.5
6000,277.6,0.7165381796,2.5
6000,277.65,0.7165181621,2.5
6000,277.7,0.7164981332,2.5
6000,277.75,0.7164780928,2.5
6000,277.8,0.7164580408,2.5
6000,277.85,0.7164379773,2.5
6000,277.9,0.7164179022,2.5
6000,277.95,0.7163978156,2.5
6000,278,0.7163777175,2.5
6000,278.05,0.7163576079,2.5
6000,278.1,0.7163374866,2.5
6000,278.15,0.7163173539,2.5
6000,278.2,0.7162972096,2.5
6000,278.25,0.7162770538,2.5
6000,278.3,0.7162568864,2.5
6000,278.35,0.7162367075,2.5
6000,278.4,0.716216517,2.5
6000,278.45,0.7161963149,2.5
6000,278.5,0.7161761013,2.5
6000,278.55,0.7161558762,2.5
6000,278.6,0.7161356394,2.5
6000,278.65,0.7161153912,2.5
6000,278.7,0.7160951313,2.5
6000,278.75,0.7160748599,2.5
6000,278.8,0.7160545769,2.5
6000,278.85,0.7160342824,2.5
6000,278.9,0.7160139762,2.5
6000,278.95,0.7159936585,2.5
6000,279,0.7159733293,2.5
6000,279.05,0.7159529884,2.5
6000,279.1,0.715932636,2.5
6000,279.15,0.715912272,2.5
6000,279.2,0.7158918964,2.5
6000,279.25,0.7158715092,2.5
6000,279.3,0.7158511104,2.5
6000,279.35,0.7158307001,2.5
6000,279.4,0.7158102781,2.5
6000,279.45,0.7157898446,2.5
6000,279.5,0.7157693994,2.5
6000,279.55,0.7157489427,2.5
6000,279.6,0.7157284744,2.5
6000,279.65,0.7157079944,2.5
6000,279.7,0.7156875029,2.5
6000,279.75,0.7156669997,2.5
6000,279.8,0.715646485,2.5
6000,279.85,0.7156259586,2.5
6000,279.9,0.7156054207,2.5
6000,279.95,0.7155848711,2.5
6000,280,0.7155643099,2.5
6000,280.05,0.7155437371,2.5
6000,280.1,0.7155231527,2.5
6000,280.15,0.7155025567,2.5
6000,280.2,0.715481949,2.5
6000,280.25,0.7154613297,2.5
6000,280.3,0.7154406988,2.5
6000,280.35,0.7154200563,2.5
6000,280.4,0.7153994022,2.5
6000,280.45,0.7153787364,2.5
6000,280.5,0.715358059,2.5
6000,280.55,0.7153373699,2.5
6000,280.6,0.7153166692,2.5
6000,280.65,0.7152959569,2.5
6000,280.7,0.715275233,2.5
6000,280.75,0.7152544974,2.5
6000,280.8,0.7152337501,2.5
6000,280.85,0.7152129913,2.5
6000,280.9,0.7151922207,2.5
6000,280.95,0.7151714386,2.5
6000,281,0.7151506448,2.5
6000,281.05,0.7151298393,2.5
6000,281.1,0.7151090222,2.5
6000,281.15,0.7150881934,2.5
6000,281.2,0.715067353,2.5
6000,281.25,0.7150465009,2.5
6000,281.3,0.7150256372,2.5
6000,281.35,0.7150047618,2.5
6000,281.4,0.7149838747,2.5
6000,281.45,0.714962976,2.5
6000,281.5,0.7149420656,2.5
6000,281.55,0.7149211435,2.5
6000,281.6,0.7149002098,2.5
6000,281.65,0.7148792644,2.5
6000,281.7,0.7148583074,2.5
6000,281.75,0.7148373386,2.5
6000,281.8,0.7148163582,2.5
6000,281.85,0.7147953661,2.5
6000,281.9,0.7147743624,2.5
6000,281.95,0.7147533469,2.5
6000,282,0.7147323198,2.5
6000,282.05,0.714711281,2.5
6000,282.1,0.7146902305,2.5
6000,282.15,0.7146691683,2.5
6000,282.2,0.7146480944,2.5
6000,282.25,0.7146270089,2.5
6000,282.3,0.7146059117,2.5
6000,282.35,0.7145848027,2.5
6000,282.4,0.7145636821,2.5
6000,282.45,0.7145425498,2.5
6000,282.5,0.7145214057,2.5
6000,282.55,0.71450025,2.5
6000,282.6,0.7144790826,2.5
6000,282.65,0.7144579035,2.5
6000,282.7,0.7144367126,2.5
6000,282.75,0.7144155101,2.5
6000,282.8,0.7143942959,2.5
6000,282.85,0.7143730699,2.5
6000,282.9,0.7143518323,2.5
6000,282.95,0.7143305829,2.5
6000,283,0.7143093219,2.5
6000,283.05,0.7142880491,2.5
6000,283.1,0.7142667646,2.5
6000,283.15,0.7142454683,2.5
6000,283.2,0.7142241604,2.5
6000,283.25,0.7142028408,2.5
6000,283.3,0.7141815094,2.5
6000,283.35,0.7141601663,2.5
6000,283.4,0.7141388114,2.5
6000,283.45,0.7141174449,2.5
6000,283.5,0.7140960666,2.5
6000,283.55,0.7140746766,2.5
6000,283.6,0.7140532749,2.5
6000,283.65,0.7140318614,2.5
6000,283.7,0.7140104362,2.5
6000,283.75,0.7139889993,2.5
6000,283.8,0.7139675506,2.5
6000,283.85,0.7139460902,2.5
6000,283.9,0.7139246181,2.5
6000,283.95,0.7139031342,2.5
6000,284,0.7138816386,2.5
6000,284.05,0.7138601312,2.5
6000,284.1,0.7138386121,2.5
6000,284.15,0.7138170813,2.5
6000,284.2,0.7137955387,2.5
6000,284.25,0.7137739843,2.5
6000,284.3,0.7137524182,2.5
6000,284.35,0.7137308404,2.5
6000,284.4,0.7137092508,2.5
6000,284.45,0.7136876494,2.5
6000,284.5,0.7136660363,2.5
6000,284.55,0.7136444114,2.5
6000,284.6,0.7136227748,2.5
6000,284.65,0.7136011264,2.5
6000,284.7,0.7135794663,2.5
6000,284.75,0.7135577944,2.5
6000,284.8,0.7135361107,2.5
6000,284.85,0.7135144153,2.5
6000,284.9,0.7134927081,2.5
6000,284.95,0.7134709892,2.5
6000,285,0.7134492584,2.5
6000,285.05,0.7134275159,2.5
6000,285.1,0.7134057617,2.5
6000,285.15,0.7133839956,2.5
6000,285.2,0.7133622178,2.5
6000,285.25,0.7133404282,2.5
6000,285.3,0.7133186269,2.5
6000,285.35,0.7132968137,2.5
6000,285.4,0.7132749888,2.5
6000,285.45,0.7132531521,2.5
6000,285.5,0.7132313037,2.5
6000,285.55,0.7132094434,2.5
6000,285.6,0.7131875714,2.5
6000,285.65,0.7131656875,2.5
6000,285.7,0.7131437919,2.5
6000,285.75,0.7131218845,2.5
6000,285.8,0.7130999653,2.5
6000,285.85,0.7130780344,2.5
6000,285.9,0.7130560916,2.5
6000,285.95,0.7130341371,2.5
6000,286,0.7130121707,2.5
6000,286.05,0.7129901926,2.5
6000,286.1,0.7129682026,2.5
6000,286.15,0.7129462009,2.5
6000,286.2,0.7129241874,2.5
6000,286.25,0.712902162,2.5
6000,286.3,0.7128801249,2.5
6000,286.35,0.712858076,2.5
6000,286.4,0.7128360153,2.5
6000,286.45,0.7128139427,2.5
6000,286.5,0.7127918584,2.5
6000,286.55,0.7127697623,2.5
6000,286.6,0.7127476543,2.5
6000,286.65,0.7127255346,2.5
6000,286.7,0.712703403,2.5
6000,286.75,0.7126812596,2.5
6000,286.8,0.7126591044,2.5
6000,286.85,0.7126369374,2.5
6000,286.9,0.7126147586,2.5
6000,286.95,0.712592568,2.5
6000,287,0.7125703656,2.5
6000,287.05,0.7125481513,2.5
6000,287.1,0.7125259252,2.5
6000,287.15,0.7125036874,2.5
6000,287.2,0.7124814377,2.5
6000,287.25,0.7124591761,2.5
6000,287.3,0.7124369028,2.5
6000,287.35,0.7124146176,2.5
6000,287.4,0.7123923206,2.5
6000,287.45,0.7123700118,2.5
6000,287.5,0.7123476911,2.5
6000,287.55,0.7123253587,2.5
6000,287.6,0.7123030144,2.5
6000,287.65,0.7122806582,2.5
6000,287.7,0.7122582903,2.5
6000,287.75,0.7122359105,2.5
6000,287.8,0.7122135189,2.5
6000,287.85,0.7121911154,2.5
6000,287.9,0.7121687001,2.5
6000,287.95,0.712146273,2.5
6000,288,0.7121238341,2.5
6000,288.05,0.7121013833,2.5
6000,288.1,0.7120789206,2.5
6000,288.15,0.7120564462,2.5
6000,288.2,0.7120339599,2.5
6000,288.25,0.7120114617,2.5
6000,288.3,0.7119889517,2.5
6000,288.35,0.7119664299,2.5
6000,288.4,0.7119438962,2.5
6000,288.45,0.7119213507,2.5
6000,288.5,0.7118987934,2.5
6000,288.55,0.7118762241,2.5
6000,288.6,0.7118536431,2.5
6000,288.65,0.7118310502,2.5
6000,288.7,0.7118084454,2.5
6000,288.75,0.7117858288,2.5
6000,288.8,0.7117632004,2.5
6000,288.85,0.7117405601,2.5
6000,288.9,0.7117179079,2.5
6000,288.95,0.7116952439,2.5
6000,289,0.7116725681,2.5
6000,289.05,0.7116498804,2.5
6000,289.1,0.7116271808,2.5
6000,289.15,0.7116044694,2.5
6000,289.2,0.7115817461,2.5
6000,289.25,0.711559011,2.5
6000,289.3,0.711536264,2.5
6000,289.35,0.7115135051,2.5
6000,289.4,0.7114907344,2.5
6000,289.45,0.7114679518,2.5
6000,289.5,0.7114451574,2.5
6000,289.55,0.7114223511,2.5
6000,289.6,0.711399533,2.5
6000,289.65,0.7113767029,2.5
6000,289.7,0.711353861,2.5
6000,289.75,0.7113310073,2.5
6000,289.8,0.7113081417,2.5
6000,289.85,0.7112852642,2.5
6000,289.9,0.7112623748,2.5
6000,289.95,0.7112394736,2.5
6000,290,0.7112165605,2.5
6000,290.05,0.7111936355,2.5
6000,290.1,0.7111706987,2.5
6000,290.15,0.71114775,2.5
6000,290.2,0.7111247894,2.5
6000,290.25,0.711101817,2.5
6000,290.3,0.7110788326,2.5
6000,290.35,0.7110558364,2.5
6000,290.4,0.7110328284,2.5
6000,290.45,0.7110098084,2.5
6000,290.5,0.7109867766,2.5
6000,290.55,0.7109637329,2.5
6000,290.6,0.7109406773,2.5
6000,290.65,0.7109176099,2.5
6000,290.7,0.7108945305,2.5
6000,290.75,0.7108714393,2.5
6000,290.8,0.7108483362,2.5
6000,290.85,0.7108252213,2.5
6000,290.9,0.7108020944,2.5
6000,290.95,0.7107789557,2.5
6000,291,0.710755805,2.5
6000,291.05,0.7107326425,2.5
6000,291.1,0.7107094681,2.5
6000,291.15,0.7106862819,2.5
6000,291.2,0.7106630837,2.5
6000,291.25,0.7106398737,2.5
6000,291.3,0.7106166517,2.5
6000,291.35,0.7105934179,2.5
6000,291.4,0.7105701722,2.5
6000,291.45,0.7105469146,2.5
6000,291.5,0.7105236452,2.5
6000,291.55,0.7105003638,2.5
6000,291.6,0.7104770705,2.5
6000,291.65,0.7104537654,2.5
6000,291.7,0.7104304483,2.5
6000,291.75,0.7104071194,2.5
6000,291.8,0.7103837786,2.5
6000,291.85,0.7103604259,2.5
6000,291.9,0.7103370613,2.5
6000,291.95,0.7103136848,2.5
6000,292,0.7102902964,2.5
6000,292.05,0.7102668961,2.5
6000,292.1,0.7102434839,2.5
6000,292.15,0.7102200598,2.5
6000,292.2,0.7101966239,2.5
6000,292.25,0.710173176,2.5
6000,292.3,0.7101497162,2.5
6000,292.35,0.7101262446,2.5
6000,292.4,0.710102761,2.5
6000,292.45,0.7100792656,2.5
6000,292.5,0.7100557582,2.5
6000,292.55,0.710032239,2.5
6000,292.6,0.7100087078,2.5
6000,292.65,0.7099851648,2.5
6000,292.7,0.7099616098,2.5
6000,292.75,0.709938043,2.5
6000,292.8,0.7099144642,2.5
6000,292.85,0.7098908736,2.5
6000,292.9,0.709867271,2.5
6000,292.95,0.7098436566,2.5
6000,293,0.7098200302,2.5
6000,293.05,0.709796392,2.5
6000,293.1,0.7097727418,2.5
6000,293.15,0.7097490797,2.5
6000,293.2,0.7097254058,2.5
6000,293.25,0.7097017199,2.5
6000,293.3,0.7096780221,2.5
6000,293.35,0.7096543124,2.5
6000,293.4,0.7096305908,2.5
6000,293.45,0.7096068573,2.5
6000,293.5,0.7095831119,2.5
6000,293.55,0.7095593546,2.5
6000,293.6,0.7095355854,2.5
6000,293.65,0.7095118043,2.5
6000,293.7,0.7094880113,2.5
6000,293.75,0.7094642064,2.5
6000,293.8,0.7094403895,2.5
6000,293.85,0.7094165608,2.5
6000,293.9,0.7093927201,2.5
6000,293.95,0.7093688676,2.5
6000,294,0.7093450031,2.5
6000,294.05,0.7093211267,2.5
6000,294.1,0.7092972384,2.5
6000,294.15,0.7092733383,2.5
6000,294.2,0.7092494261,2.5
6000,294.25,0.7092255021,2.5
6000,294.3,0.7092015662,2.5
6000,294.35,0.7091776184,2.5
6000,294.4,0.7091536586,2.5
6000,294.45,0.709129687,2.5
6000,294.5,0.7091057034,2.5
6000,294.55,0.7090817079,2.5
6000,294.6,0.7090577006,2.5
6000,294.65,0.7090336813,2.5
6000,294.7,0.7090096501,2.5
6000,294.75,0.7089856069,2.5
6000,294.8,0.7089615519,2.5
6000,294.85,0.708937485,2.5
6000,294.9,0.7089134061,2.5
6000,294.95,0.7088893154,2.5
6000,295,0.7088652127,2.5
6000,295.05,0.7088410981,2.5
6000,295.1,0.7088169716,2.5
6000,295.15,0.7087928332,2.5
6000,295.2,0.7087686829,2.5
6000,295.25,0.7087445206,2.5
6000,295.3,0.7087203465,2.5
6000,295.35,0.7086961604,2.5
6000,295.4,0.7086719624,2.5
6000,295.45,0.7086477525,2.5
6000,295.5,0.7086235307,2.5
6000,295.55,0.708599297,2.5
6000,295.6,0.7085750514,2.5
6000,295.65,0.7085507939,2.5
6000,295.7,0.7085265244,2.5
6000,295.75,0.7085022431,2.5
6000,295.8,0.7084779498,2.5
6000,295.85,0.7084536446,2.5
6000,295.9,0.7084293275,2.5
6000,295.95,0.7084049985,2.5
6000,296,0.7083806575,2.5
6000,296.05,0.7083563047,2.5
6000,296.1,0.7083319399,2.5
6000,296.15,0.7083075633,2.5
6000,296.2,0.7082831747,2.5
6000,296.25,0.7082587742,2.5
6000,296.3,0.7082343618,2.5
6000,296.35,0.7082099375,2.5
6000,296.4,0.7081855012,2.5
6000,296.45,0.7081610531,2.5
6000,296.5,0.708136593,2.5
6000,296.55,0.7081121211,2.5
6000,296.6,0.7080876372,2.5
6000,296.65,0.7080631414,2.5
6000,296.7,0.7080386337,2.5
6000,296.75,0.7080141141,2.5
6000,296.8,0.7079895825,2.5
6000,296.85,0.7079650391,2.5
6000,296.9,0.7079404837,2.5
6000,296.95,0.7079159165,2.5
6000,297,0.7078913373,2.5
6000,297.05,0.7078667462,2.5
6000,297.1,0.7078421432,2.5
6000,297.15,0.7078175283,2.5
6000,297.2,0.7077929015,2.5
6000,297.25,0.7077682627,2.5
6000,297.3,0.7077436121,2.5
6000,297.35,0.7077189495,2.5
6000,297.4,0.7076942751,2.5
6000,297.45,0.7076695887,2.5
6000,297.5,0.7076448904,2.5
6000,297.55,0.7076201802,2.5
6000,297.6,0.7075954581,2.5
6000,297.65,0.7075707241,2.5
6000,297.7,0.7075459782,2.5
6000,297.75,0.7075212203,2.5
6000,297.8,0.7074964506,2.5
6000,297.85,0.707471669,2.5
6000,297.9,0.7074468754,2.5
6000,297.95,0.7074220699,2.5
6000,298,0.7073972526,2.5
6000,298.05,0.7073724233,2.5
6000,298.1,0.7073475821,2.5
6000,298.15,0.707322729,2.5
6000,298.2,0.707297864,2.5
6000,298.25,0.7072729871,2.5
6000,298.3,0.7072480983,2.5
6000,298.35,0.7072231976,2.5
6000,298.4,0.707198285,2.5
6000,298.45,0.7071733605,2.5
6000,298.5,0.707148424,2.5
6000,298.55,0.7071234757,2.5
6000,298.6,0.7070985155,2.5
6000,298.65,0.7070735433,2.5
6000,298.7,0.7070485593,2.5
6000,298.75,0.7070235633,2.5
6000,298.8,0.7069985555,2.5
6000,298.85,0.7069735358,2.5
6000,298.9,0.7069485041,2.5
6000,298.95,0.7069234606,2.5
6000,299,0.7068984051,2.5
6000,299.05,0.7068733378,2.5
6000,299.1,0.7068482585,2.5
6000,299.15,0.7068231673,2.5
6000,299.2,0.7067980643,2.5
6000,299.25,0.7067729494,2.5
6000,299.3,0.7067478225,2.5
6000,299.35,0.7067226838,2.5
6000,299.4,0.7066975331,2.5
6000,299.45,0.7066723706,2.5
6000,299.5,0.7066471961,2.5
6000,299.55,0.7066220098,2.5
6000,299.6,0.7065968116,2.5
6000,299.65,0.7065716015,2.5
6000,299.7,0.7065463795,2.5
6000,299.75,0.7065211455,2.5
6000,299.8,0.7064958997,2.5
6000,299.85,0.7064706421,2.5
6000,299.9,0.7064453725,2.5
6000,299.95,0.706420091,2.5
6000,300,0.7063947976,2.5
6000,300.05,0.7063694924,2.5
6000,300.1,0.7063441752,2.5
6000,300.15,0.7063188462,2.5
6000,300.2,0.7062935052,2.5
6000,300.25,0.7062681524,2.5
6000,300.3,0.7062427877,2.5
6000,300.35,0.7062174111,2.5
6000,300.4,0.7061920226,2.5
6000,300.45,0.7061666223,2.5
6000,300.5,0.70614121,2.5
6000,300.55,0.7061157859,2.5
6000,300.6,0.7060903499,2.5
6000,300.65,0.706064902,2.5
6000,300.7,0.7060394422,2.5
6000,300.75,0.7060139705,2.5
6000,300.8,0.705988487,2.5
6000,300.85,0.7059629915,2.5
6000,300.9,0.7059374842,2.5
6000,300.95,0.705911965,2.5
6000,301,0.705886434,2.5
6000,301.05,0.705860891,2.5
6000,301.1,0.7058353362,2.5
6000,301.15,0.7058097695,2.5
6000,301.2,0.7057841909,2.5
6000,301.25,0.7057586004,2.5
6000,301.3,0.7057329981,2.5
6000,301.35,0.7057073839,2.5
6000,301.4,0.7056817578,2.5
6000,301.45,0.7056561199,2.5
6000,301.5,0.70563047,2.5
6000,301.55,0.7056048084,2.5
6000,301.6,0.7055791348,2.5
6000,301.65,0.7055534494,2.5
6000,301.7,0.705527752,2.5
6000,301.75,0.7055020429,2.5
6000,301.8,0.7054763218,2.5
6000,301.85,0.7054505889,2.5
6000,301.9,0.7054248442,2.5
6000,301.95,0.7053990875,2.5
6000,302,0.705373319,2.5
6000,302.05,0.7053475387,2.5
6000,302.1,0.7053217464,2.5
6000,302.15,0.7052959423,2.5
6000,302.2,0.7052701264,2.5
6000,302.25,0.7052442986,2.5
6000,302.3,0.7052184589,2.5
6000,302.35,0.7051926074,2.5
6000,302.4,0.705166744,2.5
6000,302.45,0.7051408688,2.5
6000,302.5,0.7051149817,2.5
6000,302.55,0.7050890827,2.5
6000,302.6,0.7050631719,2.5
6000,302.65,0.7050372493,2.5
6000,302.7,0.7050113148,2.5
6000,302.75,0.7049853684,2.5
6000,302.8,0.7049594102,2.5
6000,302.85,0.7049334401,2.5
6000,302.9,0.7049074582,2.5
6000,302.95,0.7048814645,2.5
6000,303,0.7048554589,2.5
6000,303.05,0.7048294414,2.5
6000,303.1,0.7048034121,2.5
6000,303.15,0.704777371,2.5
6000,303.2,0.704751318,2.5
6000,303.25,0.7047252532,2.5
6000,303.3,0.7046991765,2.5
6000,303.35,0.704673088,2.5
6000,303.4,0.7046469877,2.5
6000,303.45,0.7046208755,2.5
6000,303.5,0.7045947515,2.5
6000,303.55,0.7045686157,2.5
6000,303.6,0.704542468,2.5
6000,303.65,0.7045163085,2.5
6000,303.7,0.7044901371,2.5
6000,303.75,0.7044639539,2.5
6000,303.8,0.7044377589,2.5
6000,303.85,0.7044115521,2.5
6000,303.9,0.7043853334,2.5
6000,303.95,0.7043591029,2.5
6000,304,0.7043328606,2.5
6000,304.05,0.7043066065,2.5
6000,304.1,0.7042803405,2.5
6000,304.15,0.7042540627,2.5
6000,304.2,0.7042277731,2.5
6000,304.25,0.7042014717,2.5
6000,304.3,0.7041751584,2.5
6000,304.35,0.7041488333,2.5
6000,304.4,0.7041224965,2.5
6000,304.45,0.7040961478,2.5
6000,304.5,0.7040697872,2.5
6000,304.55,0.7040434149,2.5
6000,304.6,0.7040170308,2.5
6000,304.65,0.7039906348,2.5
6000,304.7,0.7039642271,2.5
6000,304.75,0.7039378075,2.5
6000,304.8,0.7039113761,2.5
6000,304.85,0.7038849329,2.5
6000,304.9,0.7038584779,2.5
6000,304.95,0.7038320111,2.5
6000,305,0.7038055325,2.5
6000,305.05,0.7037790422,2.5
6000,305.1,0.70375254,2.5
6000,305.15,0.703726026,2.5
6000,305.2,0.7036995002,2.5
6000,305.25,0.7036729626,2.5
6000,305.3,0.7036464132,2.5
6000,305.35,0.703619852,2.5
6000,305.4,0.703593279,2.5
6000,305.45,0.7035666943,2.5
6000,305.5,0.7035400977,2.5
6000,305.55,0.7035134894,2.5
6000,305.6,0.7034868693,2.5
6000,305.65,0.7034602374,2.5
6000,305.7,0.7034335937,2.5
6000,305.75,0.7034069382,2.5
6000,305.8,0.7033802709,2.5
6000,305.85,0.7033535919,2.5
6000,305.9,0.7033269011,2.5
6000,305.95,0.7033001985,2.5
6000,306,0.7032734841,2.5
6000,306.05,0.7032467579,2.5
6000,306.1,0.70322002,2.5
6000,306.15,0.7031932703,2.5
6000,306.2,0.7031665089,2.5
6000,306.25,0.7031397356,2.5
6000,306.3,0.7031129506,2.5
6000,306.35,0.7030861539,2.5
6000,306.4,0.7030593453,2.5
6000,306.45,0.703032525,2.5
6000,306.5,0.703005693,2.5
6000,306.55,0.7029788492,2.5
6000,306.6,0.7029519936,2.5
6000,306.65,0.7029251262,2.5
6000,306.7,0.7028982472,2.5
6000,306.75,0.7028713563,2.5
6000,306.8,0.7028444537,2.5
6000,306.85,0.7028175394,2.5
6000,306.9,0.7027906133,2.5
6000,306.95,0.7027636754,2.5
6000,307,0.7027367258,2.5
6000,307.05,0.7027097645,2.5
6000,307.1,0.7026827914,2.5
6000,307.15,0.7026558066,2.5
6000,307.2,0.70262881,2.5
6000,307.25,0.7026018017,2.5
6000,307.3,0.7025747817,2.5
6000,307.35,0.7025477499,2.5
6000,307.4,0.7025207064,2.5
6000,307.45,0.7024936511,2.5
6000,307.5,0.7024665841,2.5
6000,307.55,0.7024395054,2.5
6000,307.6,0.702412415,2.5
6000,307.65,0.7023853128,2.5
6000,307.7,0.702358199,2.5
6000,307.75,0.7023310733,2.5
6000,307.8,0.702303936,2.5
6000,307.85,0.702276787,2.5
6000,307.9,0.7022496262,2.5
6000,307.95,0.7022224537,2.5
6000,308,0.7021952695,2.5
6000,308.05,0.7021680736,2.5
6000,308.1,0.702140866,2.5
6000,308.15,0.7021136466,2.5
6000,308.2,0.7020864156,2.5
6000,308.25,0.7020591728,2.5
6000,308.3,0.7020319184,2.5
6000,308.35,0.7020046522,2.5
6000,308.4,0.7019773744,2.5
6000,308.45,0.7019500848,2.5
6000,308.5,0.7019227836,2.5
6000,308.55,0.7018954706,2.5
6000,308.6,0.701868146,2.5
6000,308.65,0.7018408097,2.5
6000,308.7,0.7018134616,2.5
6000,308.75,0.7017861019,2.5
6000,308.8,0.7017587305,2.5
6000,308.85,0.7017313474,2.5
6000,308.9,0.7017039527,2.5
6000,308.95,0.7016765462,2.5
6000,309,0.7016491281,2.5
6000,309.05,0.7016216983,2.5
6000,309.1,0.7015942568,2.5
6000,309.15,0.7015668036,2.5
6000,309.2,0.7015393388,2.5
6000,309.25,0.7015118623,2.5
6000,309.3,0.7014843741,2.5
6000,309.35,0.7014568743,2.5
6000,309.4,0.7014293628,2.5
6000,309.45,0.7014018396,2.5
6000,309.5,0.7013743048,2.5
6000,309.55,0.7013467583,2.5
6000,309.6,0.7013192002,2.5
6000,309.65,0.7012916304,2.5
6000,309.7,0.701264049,2.5
6000,309.75,0.7012364559,2.5
6000,309.8,0.7012088511,2.5
6000,309.85,0.7011812347,2.5
6000,309.9,0.7011536067,2.5
6000,309.95,0.701125967,2.5
6000,310,0.7010983157,2.5
6000,310.05,0.7010706527,2.5
6000,310.1,0.7010429781,2.5
6000,310.15,0.7010152919,2.5
6000,310.2,0.700987594,2.5
6000,310.25,0.7009598845,2.5
6000,310.3,0.7009321634,2.5
6000,310.35,0.7009044306,2.5
6000,310.4,0.7008766863,2.5
6000,310.45,0.7008489303,2.5
6000,310.5,0.7008211626,2.5
6000,310.55,0.7007933834,2.5
6000,310.6,0.7007655925,2.5
6000,310.65,0.70073779,2.5
6000,310.7,0.700709976,2.5
6000,310.75,0.7006821503,2.5
6000,310.8,0.700654313,2.5
6000,310.85,0.700626464,2.5
6000,310.9,0.7005986035,2.5
6000,310.95,0.7005707314,2.5
6000,311,0.7005428477,2.5
6000,311.05,0.7005149524,2.5
6000,311.1,0.7004870454,2.5
6000,311.15,0.7004591269,2.5
6000,311.2,0.7004311968,2.5
6000,311.25,0.7004032552,2.5
6000,311.3,0.7003753019,2.5
6000,311.35,0.700347337,2.5
6000,311.4,0.7003193606,2.5
6000,311.45,0.7002913726,2.5
6000,311.5,0.700263373,2.5
6000,311.55,0.7002353618,2.5
6000,311.6,0.700207339,2.5
6000,311.65,0.7001793047,2.5
6000,311.7,0.7001512588,2.5
6000,311.75,0.7001232014,2.5
6000,311.8,0.7000951323,2.5
6000,311.85,0.7000670517,2.5
6000,311.9,0.7000389596,2.5
6000,311.95,0.7000108559,2.5
6000,312,0.6999827406,2.5
6000,312.05,0.6999546138,2.5
6000,312.1,0.6999264755,2.5
6000,312.15,0.6998983255,2.5
6000,312.2,0.6998701641,2.5
6000,312.25,0.6998419911,2.5
6000,312.3,0.6998138065,2.5
6000,312.35,0.6997856105,2.5
6000,312.4,0.6997574028,2.5
6000,312.45,0.6997291837,2.5
6000,312.5,0.699700953,2.5
6000,312.55,0.6996727108,2.5
6000,312.6,0.699644457,2.5
6000,312.65,0.6996161918,2.5
6000,312.7,0.699587915,2.5
6000,312.75,0.6995596267,2.5
6000,312.8,0.6995313268,2.5
6000,312.85,0.6995030155,2.5
6000,312.9,0.6994746926,2.5
6000,312.95,0.6994463582,2.5
6000,313,0.6994180124,2.5
6000,313.05,0.699389655,2.5
6000,313.1,0.6993612861,2.5
6000,313.15,0.6993329057,2.5
6000,313.2,0.6993045138,2.5
6000,313.25,0.6992761104,2.5
6000,313.3,0.6992476956,2.5
6000,313.35,0.6992192692,2.5
6000,313.4,0.6991908313,2.5
6000,313.45,0.699162382,2.5
6000,313.5,0.6991339212,2.5
6000,313.55,0.6991054489,2.5
6000,313.6,0.6990769651,2.5
6000,313.65,0.6990484698,2.5
6000,313.7,0.6990199631,2.5
6000,313.75,0.6989914449,2.5
6000,313.8,0.6989629152,2.5
6000,313.85,0.6989343741,2.5
6000,313.9,0.6989058215,2.5
6000,313.95,0.6988772574,2.5
6000,314,0.6988486819,2.5
6000,314.05,0.698820095,2.5
6000,314.1,0.6987914965,2.5
6000,314.15,0.6987628867,2.5
6000,314.2,0.6987342654,2.5
6000,314.25,0.6987056326,2.5
6000,314.3,0.6986769884,2.5
6000,314.35,0.6986483327,2.5
6000,314.4,0.6986196657,2.5
6000,314.45,0.6985909872,2.5
6000,314.5,0.6985622972,2.5
6000,314.55,0.6985335958,2.5
6000,314.6,0.698504883,2.5
6000,314.65,0.6984761588,2.5
6000,314.7,0.6984474232,2.5
6000,314.75,0.6984186761,2.5
6000,314.8,0.6983899176,2.5
6000,314.85,0.6983611478,2.5
6000,314.9,0.6983323665,2.5
6000,314.95,0.6983035738,2.5
6000,315,0.6982747697,2.5
6000,315.05,0.6982459542,2.5
6000,315.1,0.6982171273,2.5
6000,315.15,0.698188289,2.5
6000,315.2,0.6981594393,2.5
6000,315.25,0.6981305782,2.5
6000,315.3,0.6981017057,2.5
6000,315.35,0.6980728219,2.5
6000,315.4,0.6980439266,2.5
6000,315.45,0.69801502,2.5
6000,315.5,0.697986102,2.5
6000,315.55,0.6979571727,2.5
6000,315.6,0.6979282319,2.5
6000,315.65,0.6978992798,2.5
6000,315.7,0.6978703164,2.5
6000,315.75,0.6978413416,2.5
6000,315.8,0.6978123554,2.5
6000,315.85,0.6977833578,2.5
6000,315.9,0.697754349,2.5
6000,315.95,0.6977253287,2.5
6000,316,0.6976962971,2.5
6000,316.05,0.6976672542,2.5
6000,316.1,0.6976381999,2.5
6000,316.15,0.6976091343,2.5
6000,316.2,0.6975800574,2.5
6000,316.25,0.6975509691,2.5
6000,316.3,0.6975218695,2.5
6000,316.35,0.6974927586,2.5
6000,316.4,0.6974636363,2.5
6000,316.45,0.6974345028,2.5
6000,316.5,0.6974053579,2.5
6000,316.55,0.6973762017,2.5
6000,316.6,0.6973470342,2.5
6000,316.65,0.6973178553,2.5
6000,316.7,0.6972886652,2.5
6000,316.75,0.6972594638,2.5
6000,316.8,0.6972302511,2.5
6000,316.85,0.697201027,2.5
6000,316.9,0.6971717917,2.5
6000,316.95,0.6971425451,2.5
6000,317,0.6971132872,2.5
6000,317.05,0.6970840181,2.5
6000,317.1,0.6970547376,2.5
6000,317.15,0.6970254459,2.5
6000,317.2,0.6969961429,2.5
6000,317.25,0.6969668286,2.5
6000,317.3,0.696937503,2.5
6000,317.35,0.6969081662,2.5
6000,317.4,0.6968788182,2.5
6000,317.45,0.6968494588,2.5
6000,317.5,0.6968200883,2.5
6000,317.55,0.6967907064,2.5
6000,317.6,0.6967613133,2.5
6000,317.65,0.696731909,2.5
6000,317.7,0.6967024934,2.5
6000,317.75,0.6966730666,2.5
6000,317.8,0.6966436286,2.5
6000,317.85,0.6966141793,2.5
6000,317.9,0.6965847188,2.5
6000,317.95,0.6965552471,2.5
6000,318,0.6965257641,2.5
6000,318.05,0.6964962699,2.5
6000,318.1,0.6964667645,2.5
6000,318.15,0.6964372479,2.5
6000,318.2,0.6964077201,2.5
6000,318.25,0.6963781811,2.5
6000,318.3,0.6963486309,2.5
6000,318.35,0.6963190694,2.5
6000,318.4,0.6962894968,2.5
6000,318.45,0.696259913,2.5
6000,318.5,0.696230318,2.5
6000,318.55,0.6962007118,2.5
6000,318.6,0.6961710944,2.5
6000,318.65,0.6961414659,2.5
6000,318.7,0.6961118261,2.5
6000,318.75,0.6960821752,2.5
6000,318.8,0.6960525132,2.5
6000,318.85,0.6960228399,2.5
6000,318.9,0.6959931555,2.5
6000,318.95,0.69596346,2.5
6000,319,0.6959337532,2.5
6000,319.05,0.6959040354,2.5
6000,319.1,0.6958743063,2.5
6000,319.15,0.6958445662,2.5
6000,319.2,0.6958148149,2.5
6000,319.25,0.6957850524,2.5
6000,319.3,0.6957552788,2.5
6000,319.35,0.6957254941,2.5
6000,319.4,0.6956956983,2.5
6000,319.45,0.6956658913,2.5
6000,319.5,0.6956360732,2.5
6000,319.55,0.695606244,2.5
6000,319.6,0.6955764037,2.5
6000,319.65,0.6955465522,2.5
6000,319.7,0.6955166897,2.5
6000,319.75,0.695486816,2.5
6000,319.8,0.6954569313,2.5
6000,319.85,0.6954270355,2.5
6000,319.9,0.6953971285,2.5
6000,319.95,0.6953672105,2.5
6000,320,0.6953372814,2.5
6000,320.05,0.6953073412,2.5
6000,320.1,0.6952773899,2.5
6000,320.15,0.6952474276,2.5
6000,320.2,0.6952174541,2.5
6000,320.25,0.6951874697,2.5
6000,320.3,0.6951574741,2.5
6000,320.35,0.6951274675,2.5
6000,320.4,0.6950974498,2.5
6000,320.45,0.6950674211,2.5
6000,320.5,0.6950373813,2.5
6000,320.55,0.6950073305,2.5
6000,320.6,0.6949772686,2.5
6000,320.65,0.6949471957,2.5
6000,320.7,0.6949171118,2.5
6000,320.75,0.6948870168,2.5
6000,320.8,0.6948569108,2.5
6000,320.85,0.6948267938,2.5
6000,320.9,0.6947966658,2.5
6000,320.95,0.6947665267,2.5
6000,321,0.6947363767,2.5
6000,321.05,0.6947062156,2.5
6000,321.1,0.6946760435,2.5
6000,321.15,0.6946458604,2.5
6000,321.2,0.6946156663,2.5
6000,321.25,0.6945854612,2.5
6000,321.3,0.6945552452,2.5
6000,321.35,0.6945250181,2.5
6000,321.4,0.6944947801,2.5
6000,321.45,0.6944645311,2.5
6000,321.5,0.6944342711,2.5
6000,321.55,0.6944040001,2.5
6000,321.6,0.6943737182,2.5
6000,321.65,0.6943434253,2.5
6000,321.7,0.6943131215,2.5
6000,321.75,0.6942828067,2.5
6000,321.8,0.6942524809,2.5
6000,321.85,0.6942221442,2.5
6000,321.9,0.6941917966,2.5
6000,321.95,0.694161438,2.5
6000,322,0.6941310685,2.5
6000,322.05,0.694100688,2.5
6000,322.1,0.6940702966,2.5
6000,322.15,0.6940398943,2.5
6000,322.2,0.6940094811,2.5
6000,322.25,0.693979057,2.5
6000,322.3,0.6939486219,2.5
6000,322.35,0.6939181759,2.5
6000,322.4,0.6938877191,2.5
6000,322.45,0.6938572513,2.5
6000,322.5,0.6938267726,2.5
6000,322.55,0.6937962831,2.5
6000,322.6,0.6937657826,2.5
6000,322.65,0.6937352713,2.5
6000,322.7,0.6937047491,2.5
6000,322.75,0.693674216,2.5
6000,322.8,0.6936436721,2.5
6000,322.85,0.6936131172,2.5
6000,322.9,0.6935825516,2.5
6000,322.95,0.693551975,2.5
6000,323,0.6935213876,2.5
6000,323.05,0.6934907893,2.5
6000,323.1,0.6934601802,2.5
6000,323.15,0.6934295603,2.5
6000,323.2,0.6933989295,2.5
6000,323.25,0.6933682879,2.5
6000,323.3,0.6933376354,2.5
6000,323.35,0.6933069722,2.5
6000,323.4,0.6932762981,2.5
6000,323.45,0.6932456131,2.5
6000,323.5,0.6932149174,2.5
6000,323.55,0.6931842108,2.5
6000,323.6,0.6931534935,2.5
6000,323.65,0.6931227653,2.5
6000,323.7,0.6930920264,2.5
6000,323.75,0.6930612766,2.5
6000,323.8,0.6930305161,2.5
6000,323.85,0.6929997448,2.5
6000,323.9,0.6929689627,2.5
6000,323.95,0.6929381698,2.5
6000,324,0.6929073662,2.5
6000,324.05,0.6928765517,2.5
6000,324.1,0.6928457266,2.5
6000,324.15,0.6928148906,2.5
6000,324.2,0.6927840439,2.5
6000,324.25,0.6927531865,2.5
6000,324.3,0.6927223183,2.5
6000,324.35,0.6926914394,2.5
6000,324.4,0.6926605497,2.5
6000,324.45,0.6926296493,2.5
6000,324.5,0.6925987381,2.5
6000,324.55,0.6925678163,2.5
6000,324.6,0.6925368837,2.5
6000,324.65,0.6925059404,2.5
6000,324.7,0.6924749864,2.5
6000,324.75,0.6924440217,2.5
6000,324.8,0.6924130463,2.5
6000,324.85,0.6923820601,2.5
6000,324.9,0.6923510633,2.5
6000,324.95,0.6923200558,2.5
6000,325,0.6922890376,2.5
6000,325.05,0.6922580088,2.5
6000,325.1,0.6922269692,2.5
6000,325.15,0.692195919,2.5
6000,325.2,0.6921648581,2.5
6000,325.25,0.6921337866,2.5
6000,325.3,0.6921027044,2.5
6000,325.35,0.6920716115,2.5
6000,325.4,0.692040508,2.5
6000,325.45,0.6920093938,2.5
6000,325.5,0.691978269,2.5
6000,325.55,0.6919471336,2.5
6000,325.6,0.6919159875,2.5
6000,325.65,0.6918848308,2.5
6000,325.7,0.6918536635,2.5
6000,325.75,0.6918224856,2.5
6000,325.8,0.691791297,2.5
6000,325.85,0.6917600979,2.5
6000,325.9,0.6917288881,2.5
6000,325.95,0.6916976678,2.5
6000,326,0.6916664368,2.5
6000,326.05,0.6916351953,2.5
6000,326.1,0.6916039431,2.5
6000,326.15,0.6915726804,2.5
6000,326.2,0.6915414071,2.5
6000,326.25,0.6915101233,2.5
6000,326.3,0.6914788289,2.5
6000,326.35,0.6914475239,2.5
6000,326.4,0.6914162083,2.5
6000,326.45,0.6913848822,2.5
6000,326.5,0.6913535456,2.5
6000,326.55,0.6913221984,2.5
6000,326.6,0.6912908406,2.5
6000,326.65,0.6912594724,2.5
6000,326.7,0.6912280936,2.5
6000,326.75,0.6911967043,2.5
6000,326.8,0.6911653044,2.5
6000,326.85,0.6911338941,2.5
6000,326.9,0.6911024732,2.5
6000,326.95,0.6910710418,2.5
6000,327,0.6910395999,2.5
6000,327.05,0.6910081476,2.5
6000,327.1,0.6909766847,2.5
6000,327.15,0.6909452114,2.5
6000,327.2,0.6909137275,2.5
6000,327.25,0.6908822332,2.5
6000,327.3,0.6908507284,2.5
6000,327.35,0.6908192132,2.5
6000,327.4,0.6907876875,2.5
6000,327.45,0.6907561513,2.5
6000,327.5,0.6907246047,2.5
6000,327.55,0.6906930476,2.5
6000,327.6,0.6906614801,2.5
6000,327.65,0.6906299021,2.5
6000,327.7,0.6905983137,2.5
6000,327.75,0.6905667149,2.5
6000,327.8,0.6905351057,2.5
6000,327.85,0.690503486,2.5
6000,327.9,0.690471856,2.5
6000,327.95,0.6904402155,2.5
6000,328,0.6904085646,2.5
6000,328.05,0.6903769033,2.5
6000,328.1,0.6903452316,2.5
6000,328.15,0.6903135496,2.5
6000,328.2,0.6902818571,2.5
6000,328.25,0.6902501543,2.5
6000,328.3,0.6902184411,2.5
6000,328.35,0.6901867175,2.5
6000,328.4,0.6901549835,2.5
6000,328.45,0.6901232392,2.5
6000,328.5,0.6900914846,2.5
6000,328.55,0.6900597196,2.5
6000,328.6,0.6900279442,2.5
6000,328.65,0.6899961586,2.5
6000,328.7,0.6899643625,2.5
6000,328.75,0.6899325562,2.5
6000,328.8,0.6899007395,2.5
6000,328.85,0.6898689125,2.5
6000,328.9,0.6898370752,2.5
6000,328.95,0.6898052276,2.5
6000,329,0.6897733697,2.5
6000,329.05,0.6897415015,2.5
6000,329.1,0.689709623,2.5
6000,329.15,0.6896777342,2.5
6000,329.2,0.6896458351,2.5
6000,329.25,0.6896139258,2.5
6000,329.3,0.6895820061,2.5
6000,329.35,0.6895500762,2.5
6000,329.4,0.6895181361,2.5
6000,329.45,0.6894861857,2.5
6000,329.5,0.689454225,2.5
6000,329.55,0.6894222541,2.5
6000,329.6,0.6893902729,2.5
6000,329.65,0.6893582815,2.5
6000,329.7,0.6893262799,2.5
6000,329.75,0.6892942681,2.5
6000,329.8,0.689262246,2.5
6000,329.85,0.6892302137,2.5
6000,329.9,0.6891981712,2.5
6000,329.95,0.6891661185,2.5
6000,330,0.6891340556,2.5
6000,330.05,0.6891019826,2.5
6000,330.1,0.6890698993,2.5
6000,330.15,0.6890378058,2.5
6000,330.2,0.6890057022,2.5
6000,330.25,0.6889735884,2.5
6000,330.3,0.6889414644,2.5
6000,330.35,0.6889093303,2.5
6000,330.4,0.688877186,2.5
6000,330.45,0.6888450315,2.5
6000,330.5,0.6888128669,2.5
6000,330.55,0.6887806922,2.5
6000,330.6,0.6887485073,2.5
6000,330.65,0.6887163123,2.5
6000,330.7,0.6886841072,2.5
6000,330.75,0.688651892,2.5
6000,330.8,0.6886196666,2.5
6000,330.85,0.6885874311,2.5
6000,330.9,0.6885551856,2.5
6000,330.95,0.6885229299,2.5
6000,331,0.6884906642,2.5
6000,331.05,0.6884583883,2.5
6000,331.1,0.6884261024,2.5
6000,331.15,0.6883938064,2.5
6000,331.2,0.6883615004,2.5
6000,331.25,0.6883291842,2.5
6000,331.3,0.688296858,2.5
6000,331.35,0.6882645218,2.5
6000,331.4,0.6882321755,2.5
6000,331.45,0.6881998192,2.5
6000,331.5,0.6881674528,2.5
6000,331.55,0.6881350764,2.5
6000,331.6,0.68810269,2.5
6000,331.65,0.6880702936,2.5
6000,331.7,0.6880378871,2.5
6000,331.75,0.6880054707,2.5
6000,331.8,0.6879730442,2.5
6000,331.85,0.6879406077,2.5
6000,331.9,0.6879081613,2.5
6000,331.95,0.6878757048,2.5
6000,332,0.6878432384,2.5
6000,332.05,0.687810762,2.5
6000,332.1,0.6877782757,2.5
6000,332.15,0.6877457793,2.5
6000,332.2,0.6877132731,2.5
6000,332.25,0.6876807568,2.5
6000,332.3,0.6876482306,2.5
6000,332.35,0.6876156945,2.5
6000,332.4,0.6875831485,2.5
6000,332.45,0.6875505925,2.5
6000,332.5,0.6875180266,2.5
6000,332.55,0.6874854507,2.5
6000,332.6,0.687452865,2.5
6000,332.65,0.6874202693,2.5
6000,332.7,0.6873876638,2.5
6000,332.75,0.6873550484,2.5
6000,332.8,0.687322423,2.5
6000,332.85,0.6872897878,2.5
6000,332.9,0.6872571427,2.5
6000,332.95,0.6872244878,2.5
6000,333,0.6871918229,2.5
6000,333.05,0.6871591483,2.5
6000,333.1,0.6871264637,2.5
6000,333.15,0.6870937693,2.5
6000,333.2,0.6870610651,2.5
6000,333.25,0.687028351,2.5
6000,333.3,0.6869956271,2.5
6000,333.35,0.6869628934,2.5
6000,333.4,0.6869301499,2.5
6000,333.45,0.6868973965,2.5
6000,333.5,0.6868646334,2.5
6000,333.55,0.6868318604,2.5
6000,333.6,0.6867990777,2.5
6000,333.65,0.6867662851,2.5
6000,333.7,0.6867334828,2.5
6000,333.75,0.6867006707,2.5
6000,333.8,0.6866678488,2.5
6000,333.85,0.6866350172,2.5
6000,333.9,0.6866021758,2.5
6000,333.95,0.6865693246,2.5
6000,334,0.6865364637,2.5
6000,334.05,0.6865035931,2.5
6000,334.1,0.6864707127,2.5
6000,334.15,0.6864378226,2.5
6000,334.2,0.6864049228,2.5
6000,334.25,0.6863720132,2.5
6000,334.3,0.686339094,2.5
6000,334.35,0.686306165,2.5
6000,334.4,0.6862732263,2.5
6000,334.45,0.686240278,2.5
6000,334.5,0.6862073199,2.5
6000,334.55,0.6861743522,2.5
6000,334.6,0.6861413748,2.5
6000,334.65,0.6861083878,2.5
6000,334.7,0.686075391,2.5
6000,334.75,0.6860423846,2.5
6000,334.8,0.6860093686,2.5
6000,334.85,0.6859763429,2.5
6000,334.9,0.6859433076,2.5
6000,334.95,0.6859102627,2.5
6000,335,0.6858772081,2.5
6000,335.05,0.6858441439,2.5
6000,335.1,0.6858110701,2.5
6000,335.15,0.6857779867,2.5
6000,335.2,0.6857448937,2.5
6000,335.25,0.6857117911,2.5
6000,335.3,0.6856786789,2.5
6000,335.35,0.6856455571,2.5
6000,335.4,0.6856124257,2.5
6000,335.45,0.6855792848,2.5
6000,335.5,0.6855461343,2.5
6000,335.55,0.6855129743,2.5
6000,335.6,0.6854798047,2.5
6000,335.65,0.6854466256,2.5
6000,335.7,0.6854134369,2.5
6000,335.75,0.6853802387,2.5
6000,335.8,0.6853470309,2.5
6000,335.85,0.6853138137,2.5
6000,335.9,0.6852805869,2.5
6000,335.95,0.6852473507,2.5
6000,336,0.6852141049,2.5
6000,336.05,0.6851808496,2.5
6000,336.1,0.6851475849,2.5
6000,336.15,0.6851143106,2.5
6000,336.2,0.6850810269,2.5
6000,336.25,0.6850477337,2.5
6000,336.3,0.6850144311,2.5
6000,336.35,0.684981119,2.5
6000,336.4,0.6849477975,2.5
6000,336.45,0.6849144665,2.5
6000,336.5,0.6848811261,2.5
6000,336.55,0.6848477762,2.5
6000,336.6,0.6848144169,2.5
6000,336.65,0.6847810482,2.5
6000,336.7,0.6847476701,2.5
6000,336.75,0.6847142826,2.5
6000,336.8,0.6846808857,2.5
6000,336.85,0.6846474794,2.5
6000,336.9,0.6846140638,2.5
6000,336.95,0.6845806387,2.5
6000,337,0.6845472043,2.5
6000,337.05,0.6845137605,2.5
6000,337.1,0.6844803073,2.5
6000,337.15,0.6844468448,2.5
6000,337.2,0.684413373,2.5
6000,337.25,0.6843798918,2.5
6000,337.3,0.6843464013,2.5
6000,337.35,0.6843129015,2.5
6000,337.4,0.6842793923,2.5
6000,337.45,0.6842458738,2.5
6000,337.5,0.6842123461,2.5
6000,337.55,0.684178809,2.5
6000,337.6,0.6841452626,2.5
6000,337.65,0.684111707,2.5
6000,337.7,0.684078142,2.5
6000,337.75,0.6840445678,2.5
6000,337.8,0.6840109843,2.5
6000,337.85,0.6839773916,2.5
6000,337.9,0.6839437896,2.5
6000,337.95,0.6839101784,2.5
6000,338,0.6838765579,2.5
6000,338.05,0.6838429282,2.5
6000,338.1,0.6838092893,2.5
6000,338.15,0.6837756412,2.5
6000,338.2,0.6837419838,2.5
6000,338.25,0.6837083173,2.5
6000,338.3,0.6836746415,2.5
6000,338.35,0.6836409566,2.5
6000,338.4,0.6836072624,2.5
6000,338.45,0.6835735591,2.5
6000,338.5,0.6835398466,2.5
6000,338.55,0.683506125,2.5
6000,338.6,0.6834723942,2.5
6000,338.65,0.6834386542,2.5
6000,338.7,0.6834049051,2.5
6000,338.75,0.6833711469,2.5
6000,338.8,0.6833373795,2.5
6000,338.85,0.683303603,2.5
6000,338.9,0.6832698174,2.5
6000,338.95,0.6832360227,2.5
6000,339,0.6832022189,2.5
6000,339.05,0.683168406,2.5
6000,339.1,0.683134584,2.5
6000,339.15,0.6831007529,2.5
6000,339.2,0.6830669127,2.5
6000,339.25,0.6830330635,2.5
6000,339.3,0.6829992052,2.5
6000,339.35,0.6829653379,2.5
6000,339.4,0.6829314615,2.5
6000,339.45,0.6828975761,2.5
6000,339.5,0.6828636816,2.5
6000,339.55,0.6828297781,2.5
6000,339.6,0.6827958656,2.5
6000,339.65,0.6827619441,2.5
6000,339.7,0.6827280135,2.5
6000,339.75,0.682694074,2.5
6000,339.8,0.6826601255,2.5
6000,339.85,0.682626168,2.5
6000,339.9,0.6825922015,2.5
6000,339.95,0.6825582261,2.5
6000,340,0.6825242416,2.5
6000,340.05,0.6824902483,2.5
6000,340.1,0.682456246,2.5
6000,340.15,0.6824222347,2.5
6000,340.2,0.6823882145,2.5
6000,340.25,0.6823541854,2.5
6000,340.3,0.6823201473,2.5
6000,340.35,0.6822861004,2.5
6000,340.4,0.6822520445,2.5
6000,340.45,0.6822179798,2.5
6000,340.5,0.6821839061,2.5
6000,340.55,0.6821498236,2.5
6000,340.6,0.6821157321,2.5
6000,340.65,0.6820816319,2.5
6000,340.7,0.6820475227,2.5
6000,340.75,0.6820134047,2.5
6000,340.8,0.6819792778,2.5
6000,340.85,0.6819451421,2.5
6000,340.9,0.6819109976,2.5
6000,340.95,0.6818768443,2.5
6000,341,0.6818426821,2.5
6000,341.05,0.6818085111,2.5
6000,341.1,0.6817743313,2.5
6000,341.15,0.6817401427,2.5
6000,341.2,0.6817059453,2.5
6000,341.25,0.6816717391,2.5
6000,341.3,0.6816375242,2.5
6000,341.35,0.6816033005,2.5
6000,341.4,0.681569068,2.5
6000,341.45,0.6815348268,2.5
6000,341.5,0.6815005768,2.5
6000,341.55,0.6814663181,2.5
6000,341.6,0.6814320506,2.5
6000,341.65,0.6813977744,2.5
6000,341.7,0.6813634896,2.5
6000,341.75,0.6813291959,2.5
6000,341.8,0.6812948936,2.5
6000,341.85,0.6812605826,2.5
6000,341.9,0.6812262629,2.5
6000,341.95,0.6811919346,2.5
6000,342,0.6811575975,2.5
6000,342.05,0.6811232518,2.5
6000,342.1,0.6810888975,2.5
6000,342.15,0.6810545344,2.5
6000,342.2,0.6810201628,2.5
6000,342.25,0.6809857825,2.5
6000,342.3,0.6809513935,2.5
6000,342.35,0.680916996,2.5
6000,342.4,0.6808825898,2.5
6000,342.45,0.6808481751,2.5
6000,342.5,0.6808137517,2.5
6000,342.55,0.6807793197,2.5
6000,342.6,0.6807448792,2.5
6000,342.65,0.6807104301,2.5
6000,342.7,0.6806759724,2.5
6000,342.75,0.6806415061,2.5
6000,342.8,0.6806070313,2.5
6000,342.85,0.680572548,2.5
6000,342.9,0.6805380561,2.5
6000,342.95,0.6805035557,2.5
6000,343,0.6804690468,2.5
6000,343.05,0.6804345293,2.5
6000,343.1,0.6804000034,2.5
6000,343.15,0.6803654689,2.5
6000,343.2,0.6803309259,2.5
6000,343.25,0.6802963745,2.5
6000,343.3,0.6802618146,2.5
6000,343.35,0.6802272462,2.5
6000,343.4,0.6801926693,2.5
6000,343.45,0.680158084,2.5
6000,343.5,0.6801234903,2.5
6000,343.55,0.6800888881,2.5
6000,343.6,0.6800542775,2.5
6000,343.65,0.6800196585,2.5
6000,343.7,0.679985031,2.5
6000,343.75,0.6799503951,2.5
6000,343.8,0.6799157509,2.5
6000,343.85,0.6798810982,2.5
6000,343.9,0.6798464372,2.5
6000,343.95,0.6798117677,2.5
6000,344,0.67977709,2.5
6000,344.05,0.6797424038,2.5
6000,344.1,0.6797077093,2.5
6000,344.15,0.6796730065,2.5
6000,344.2,0.6796382953,2.5
6000,344.25,0.6796035758,2.5
6000,344.3,0.6795688479,2.5
6000,344.35,0.6795341118,2.5
6000,344.4,0.6794993673,2.5
6000,344.45,0.6794646145,2.5
6000,344.5,0.6794298535,2.5
6000,344.55,0.6793950842,2.5
6000,344.6,0.6793603065,2.5
6000,344.65,0.6793255207,2.5
6000,344.7,0.6792907265,2.5
6000,344.75,0.6792559241,2.5
6000,344.8,0.6792211135,2.5
6000,344.85,0.6791862947,2.5
6000,344.9,0.6791514676,2.5
6000,344.95,0.6791166322,2.5
6000,345,0.6790817887,2.5
6000,345.05,0.679046937,2.5
6000,345.1,0.6790120771,2.5
6000,345.15,0.678977209,2.5
6000,345.2,0.6789423327,2.5
6000,345.25,0.6789074482,2.5
6000,345.3,0.6788725556,2.5
6000,345.35,0.6788376548,2.5
6000,345.4,0.6788027459,2.5
6000,345.45,0.6787678288,2.5
6000,345.5,0.6787329036,2.5
6000,345.55,0.6786979703,2.5
6000,345.6,0.6786630288,2.5
6000,345.65,0.6786280793,2.5
6000,345.7,0.6785931216,2.5
6000,345.75,0.6785581559,2.5
6000,345.8,0.678523182,2.5
6000,345.85,0.6784882001,2.5
6000,345.9,0.6784532102,2.5
6000,345.95,0.6784182122,2.5
6000,346,0.6783832061,2.5
6000,346.05,0.678348192,2.5
6000,346.1,0.6783131698,2.5
6000,346.15,0.6782781396,2.5
6000,346.2,0.6782431014,2.5
6000,346.25,0.6782080552,2.5
6000,346.3,0.678173001,2.5
6000,346.35,0.6781379388,2.5
6000,346.4,0.6781028686,2.5
6000,346.45,0.6780677904,2.5
6000,346.5,0.6780327043,2.5
6000,346.55,0.6779976102,2.5
6000,346.6,0.6779625082,2.5
6000,346.65,0.6779273982,2.5
6000,346.7,0.6778922802,2.5
6000,346.75,0.6778571544,2.5
6000,346.8,0.6778220206,2.5
6000,346.85,0.6777868789,2.5
6000,346.9,0.6777517293,2.5
6000,346.95,0.6777165718,2.5
6000,347,0.6776814065,2.5
6000,347.05,0.6776462332,2.5
6000,347.1,0.6776110521,2.5
6000,347.15,0.6775758631,2.5
6000,347.2,0.6775406663,2.5
6000,347.25,0.6775054616,2.5
6000,347.3,0.6774702491,2.5
6000,347.35,0.6774350288,2.5
6000,347.4,0.6773998006,2.5
6000,347.45,0.6773645646,2.5
6000,347.5,0.6773293208,2.5
6000,347.55,0.6772940693,2.5
6000,347.6,0.6772588099,2.5
6000,347.65,0.6772235428,2.5
6000,347.7,0.6771882679,2.5
6000,347.75,0.6771529852,2.5
6000,347.8,0.6771176948,2.5
6000,347.85,0.6770823966,2.5
6000,347.9,0.6770470907,2.5
6000,347.95,0.6770117771,2.5
6000,348,0.6769764558,2.5
6000,348.05,0.6769411267,2.5
6000,348.1,0.67690579,2.5
6000,348.15,0.6768704455,2.5
6000,348.2,0.6768350934,2.5
6000,348.25,0.6767997336,2.5
6000,348.3,0.6767643661,2.5
6000,348.35,0.676728991,2.5
6000,348.4,0.6766936082,2.5
6000,348.45,0.6766582178,2.5
6000,348.5,0.6766228198,2.5
6000,348.55,0.6765874141,2.5
6000,348.6,0.6765520008,2.5
6000,348.65,0.6765165799,2.5
6000,348.7,0.6764811514,2.5
6000,348.75,0.6764457153,2.5
6000,348.8,0.6764102716,2.5
6000,348.85,0.6763748204,2.5
6000,348.9,0.6763393616,2.5
6000,348.95,0.6763038952,2.5
6000,349,0.6762684213,2.5
6000,349.05,0.6762329398,2.5
6000,349.1,0.6761974509,2.5
6000,349.15,0.6761619544,2.5
6000,349.2,0.6761264504,2.5
6000,349.25,0.6760909388,2.5
6000,349.3,0.6760554198,2.5
6000,349.35,0.6760198933,2.5
6000,349.4,0.6759843594,2.5
6000,349.45,0.6759488179,2.5
6000,349.5,0.675913269,2.5
6000,349.55,0.6758777127,2.5
6000,349.6,0.6758421489,2.5
6000,349.65,0.6758065777,2.5
6000,349.7,0.675770999,2.5
6000,349.75,0.6757354129,2.5
6000,349.8,0.6756998195,2.5
6000,349.85,0.6756642186,2.5
6000,349.9,0.6756286103,2.5
6000,349.95,0.6755929947,2.5
6000,350,0.6755573717,2.5
6000,350.05,0.6755217413,2.5
6000,350.1,0.6754861036,2.5
6000,350.15,0.6754504585,2.5
6000,350.2,0.6754148061,2.5
6000,350.25,0.6753791463,2.5
6000,350.3,0.6753434793,2.5
6000,350.35,0.6753078049,2.5
6000,350.4,0.6752721232,2.5
6000,350.45,0.6752364343,2.5
6000,350.5,0.675200738,2.5
6000,350.55,0.6751650345,2.5
6000,350.6,0.6751293237,2.5
6000,350.65,0.6750936057,2.5
6000,350.7,0.6750578804,2.5
6000,350.75,0.6750221479,2.5
6000,350.8,0.6749864081,2.5
6000,350.85,0.6749506612,2.5
6000,350.9,0.674914907,2.5
6000,350.95,0.6748791456,2.5
6000,351,0.674843377,2.5
6000,351.05,0.6748076013,2.5
6000,351.1,0.6747718183,2.5
6000,351.15,0.6747360282,2.5
6000,351.2,0.674700231,2.5
6000,351.25,0.6746644266,2.5
6000,351.3,0.674628615,2.5
6000,351.35,0.6745927963,2.5
6000,351.4,0.6745569705,2.5
6000,351.45,0.6745211376,2.5
6000,351.5,0.6744852976,2.5
6000,351.55,0.6744494505,2.5
6000,351.6,0.6744135963,2.5
6000,351.65,0.6743777351,2.5
6000,351.7,0.6743418667,2.5
6000,351.75,0.6743059913,2.5
6000,351.8,0.6742701089,2.5
6000,351.85,0.6742342194,2.5
6000,351.9,0.6741983229,2.5
6000,351.95,0.6741624194,2.5
6000,352,0.6741265089,2.5
6000,352.05,0.6740905913,2.5
6000,352.1,0.6740546668,2.5
6000,352.15,0.6740187353,2.5
6000,352.2,0.6739827968,2.5
6000,352.25,0.6739468513,2.5
6000,352.3,0.6739108989,2.5
6000,352.35,0.6738749396,2.5
6000,352.4,0.6738389733,2.5
6000,352.45,0.6738030001,2.5
6000,352.5,0.6737670199,2.5
6000,352.55,0.6737310329,2.5
6000,352.6,0.6736950389,2.5
6000,352.65,0.6736590381,2.5
6000,352.7,0.6736230304,2.5
6000,352.75,0.6735870158,2.5
6000,352.8,0.6735509943,2.5
6000,352.85,0.673514966,2.5
6000,352.9,0.6734789309,2.5
6000,352.95,0.6734428889,2.5
6000,353,0.6734068401,2.5
6000,353.05,0.6733707844,2.5
6000,353.1,0.673334722,2.5
6000,353.15,0.6732986528,2.5
6000,353.2,0.6732625767,2.5
6000,353.25,0.6732264939,2.5
6000,353.3,0.6731904044,2.5
6000,353.35,0.673154308,2.5
6000,353.4,0.673118205,2.5
6000,353.45,0.6730820951,2.5
6000,353.5,0.6730459786,2.5
6000,353.55,0.6730098553,2.5
6000,353.6,0.6729737253,2.5
6000,353.65,0.6729375886,2.5
6000,353.7,0.6729014452,2.5
6000,353.75,0.6728652952,2.5
6000,353.8,0.6728291384,2.5
6000,353.85,0.672792975,2.5
6000,353.9,0.672756805,2.5
6000,353.95,0.6727206282,2.5
6000,354,0.6726844449,2.5
6000,354.05,0.6726482549,2.5
6000,354.1,0.6726120583,2.5
6000,354.15,0.6725758551,2.5
6000,354.2,0.6725396453,2.5
6000,354.25,0.672503429,2.5
6000,354.3,0.672467206,2.5
6000,354.35,0.6724309765,2.5
6000,354.4,0.6723947404,2.5
6000,354.45,0.6723584977,2.5
6000,354.5,0.6723222485,2.5
6000,354.55,0.6722859928,2.5
6000,354.6,0.6722497306,2.5
6000,354.65,0.6722134618,2.5
6000,354.7,0.6721771866,2.5
6000,354.75,0.6721409048,2.5
6000,354.8,0.6721046166,2.5
6000,354.85,0.6720683219,2.5
6000,354.9,0.6720320207,2.5
6000,354.95,0.6719957131,2.5
6000,355,0.6719593991,2.5
6000,355.05,0.6719230786,2.5
6000,355.1,0.6718867516,2.5
6000,355.15,0.6718504183,2.5
6000,355.2,0.6718140786,2.5
6000,355.25,0.6717777324,2.5
6000,355.3,0.6717413799,2.5
6000,355.35,0.671705021,2.5
6000,355.4,0.6716686557,2.5
6000,355.45,0.6716322841,2.5
6000,355.5,0.6715959061,2.5
6000,355.55,0.6715595218,2.5
6000,355.6,0.6715231312,2.5
6000,355.65,0.6714867342,2.5
6000,355.7,0.671450331,2.5
6000,355.75,0.6714139214,2.5
6000,355.8,0.6713775056,2.5
6000,355.85,0.6713410835,2.5
6000,355.9,0.6713046551,2.5
6000,355.95,0.6712682204,2.5
6000,356,0.6712317795,2.5
6000,356.05,0.6711953324,2.5
6000,356.1,0.6711588791,2.5
6000,356.15,0.6711224195,2.5
6000,356.2,0.6710859537,2.5
6000,356.25,0.6710494817,2.5
6000,356.3,0.6710130035,2.5
6000,356.35,0.6709765192,2.5
6000,356.4,0.6709400286,2.5
6000,356.45,0.670903532,2.5
6000,356.5,0.6708670291,2.5
6000,356.55,0.6708305201,2.5
6000,356.6,0.670794005,2.5
6000,356.65,0.6707574838,2.5
6000,356.7,0.6707209565,2.5
6000,356.75,0.6706844231,2.5
6000,356.8,0.6706478836,2.5
6000,356.85,0.670611338,2.5
6000,356.9,0.6705747863,2.5
6000,356.95,0.6705382286,2.5
6000,357,0.6705016648,2.5
6000,357.05,0.670465095,2.5
6000,357.1,0.6704285191,2.5
6000,357.15,0.6703919373,2.5
6000,357.2,0.6703553494,2.5
6000,357.25,0.6703187555,2.5
6000,357.3,0.6702821557,2.5
6000,357.35,0.6702455498,2.5
6000,357.4,0.670208938,2.5
6000,357.45,0.6701723203,2.5
6000,357.5,0.6701356966,2.5
6000,357.55,0.6700990669,2.5
6000,357.6,0.6700624313,2.5
6000,357.65,0.6700257899,2.5
6000,357.7,0.6699891425,2.5
6000,357.75,0.6699524892,2.5
6000,357.8,0.66991583,2.5
6000,357.85,0.6698791649,2.5
6000,357.9,0.669842494,2.5
6000,357.95,0.6698058172,2.5
6000,358,0.6697691346,2.5
6000,358.05,0.6697324461,2.5
6000,358.1,0.6696957518,2.5
6000,358.15,0.6696590517,2.5
6000,358.2,0.6696223458,2.5
6000,358.25,0.6695856341,2.5
6000,358.3,0.6695489166,2.5
6000,358.35,0.6695121933,2.5
6000,358.4,0.6694754642,2.5
6000,358.45,0.6694387295,2.5
6000,358.5,0.6694019889,2.5
6000,358.55,0.6693652427,2.5
6000,358.6,0.6693284907,2.5
6000,358.65,0.669291733,2.5
6000,358.7,0.6692549696,2.5
6000,358.75,0.6692182005,2.5
6000,358.8,0.6691814257,2.5
6000,358.85,0.6691446452,2.5
6000,358.9,0.6691078591,2.5
6000,358.95,0.6690710673,2.5
6000,359,0.6690342699,2.5
6000,359.05,0.6689974669,2.5
6000,359.1,0.6689606583,2.5
6000,359.15,0.668923844,2.5
6000,359.2,0.6688870241,2.5
6000,359.25,0.6688501987,2.5
6000,359.3,0.6688133677,2.5
6000,359.35,0.6687765311,2.5
6000,359.4,0.6687396889,2.5
6000,359.45,0.6687028412,2.5
6000,359.5,0.668665988,2.5
6000,359.55,0.6686291292,2.5
6000,359.6,0.6685922649,2.5
6000,359.65,0.6685553951,2.5
6000,359.7,0.6685185199,2.5
6000,359.75,0.6684816391,2.5
6000,359.8,0.6684447529,2.5
6000,359.85,0.6684078612,2.5
6000,359.9,0.668370964,2.5
6000,359.95,0.6683340614,2.5
6000,360,0.6682971534,2.5
6000,360.05,0.66826024,2.5
6000,360.1,0.6682233211,2.5
6000,360.15,0.6681863969,2.5
6000,360.2,0.6681494672,2.5
6000,360.25,0.6681125322,2.5
6000,360.3,0.6680755918,2.5
6000,360.35,0.6680386461,2.5
6000,360.4,0.668001695,2.5
6000,360.45,0.6679647386,2.5
6000,360.5,0.6679277768,2.5
6000,360.55,0.6678908098,2.5
6000,360.6,0.6678538374,2.5
6000,360.65,0.6678168597,2.5
6000,360.7,0.6677798768,2.5
6000,360.75,0.6677428886,2.5
6000,360.8,0.6677058951,2.5
6000,360.85,0.6676688963,2.5
6000,360.9,0.6676318924,2.5
6000,360.95,0.6675948832,2.5
6000,361,0.6675578688,2.5
6000,361.05,0.6675208491,2.5
6000,361.1,0.6674838243,2.5
6000,361.15,0.6674467943,2.5
6000,361.2,0.6674097591,2.5
6000,361.25,0.6673727188,2.5
6000,361.3,0.6673356733,2.5
6000,361.35,0.6672986226,2.5
6000,361.4,0.6672615668,2.5
6000,361.45,0.6672245059,2.5
6000,361.5,0.6671874399,2.5
6000,361.55,0.6671503688,2.5
6000,361.6,0.6671132926,2.5
6000,361.65,0.6670762113,2.5
6000,361.7,0.667039125,2.5
6000,361.75,0.6670020336,2.5
6000,361.8,0.6669649371,2.5
6000,361.85,0.6669278356,2.5
6000,361.9,0.6668907291,2.5
6000,361.95,0.6668536176,2.5
6000,362,0.6668165011,2.5
6000,362.05,0.6667793796,2.5
6000,362.1,0.6667422531,2.5
6000,362.15,0.6667051216,2.5
6000,362.2,0.6666679852,2.5
6000,362.25,0.6666308438,2.5
6000,362.3,0.6665936975,2.5
6000,362.35,0.6665565462,2.5
6000,362.4,0.6665193901,2.5
6000,362.45,0.666482229,2.5
6000,362.5,0.666445063,2.5
6000,362.55,0.6664078922,2.5
6000,362.6,0.6663707165,2.5
6000,362.65,0.6663335359,2.5
6000,362.7,0.6662963505,2.5
6000,362.75,0.6662591603,2.5
6000,362.8,0.6662219652,2.5
6000,362.85,0.6661847653,2.5
6000,362.9,0.6661475606,2.5
6000,362.95,0.6661103511,2.5
6000,363,0.6660731368,2.5
6000,363.05,0.6660359177,2.5
6000,363.1,0.6659986939,2.5
6000,363.15,0.6659614653,2.5
6000,363.2,0.665924232,2.5
6000,363.25,0.665886994,2.5
6000,363.3,0.6658497512,2.5
6000,363.35,0.6658125038,2.5
6000,363.4,0.6657752516,2.5
6000,363.45,0.6657379948,2.5
6000,363.5,0.6657007332,2.5
6000,363.55,0.6656634671,2.5
6000,363.6,0.6656261962,2.5
6000,363.65,0.6655889208,2.5
6000,363.7,0.6655516407,2.5
6000,363.75,0.665514356,2.5
6000,363.8,0.6654770667,2.5
6000,363.85,0.6654397728,2.5
6000,363.9,0.6654024743,2.5
6000,363.95,0.6653651712,2.5
6000,364,0.6653278636,2.5
6000,364.05,0.6652905514,2.5
6000,364.1,0.6652532347,2.5
6000,364.15,0.6652159134,2.5
6000,364.2,0.6651785877,2.5
6000,364.25,0.6651412574,2.5
6000,364.3,0.6651039226,2.5
6000,364.35,0.6650665834,2.5
6000,364.4,0.6650292397,2.5
6000,364.45,0.6649918915,2.5
6000,364.5,0.6649545389,2.5
6000,364.55,0.6649171818,2.5
6000,364.6,0.6648798203,2.5
6000,364.65,0.6648424544,2.5
6000,364.7,0.6648050841,2.5
6000,364.75,0.6647677094,2.5
6000,364.8,0.6647303303,2.5
6000,364.85,0.6646929469,2.5
6000,364.9,0.6646555591,2.5
6000,364.95,0.6646181669,2.5
6000,365,0.6645807704,2.5
6000,365.05,0.6645433696,2.5
6000,365.1,0.6645059645,2.5
6000,365.15,0.6644685551,2.5
6000,365.2,0.6644311413,2.5
6000,365.25,0.6643937233,2.5
6000,365.3,0.6643563011,2.5
6000,365.35,0.6643188746,2.5
6000,365.4,0.6642814438,2.5
6000,365.45,0.6642440088,2.5
6000,365.5,0.6642065696,2.5
6000,365.55,0.6641691261,2.5
6000,365.6,0.6641316785,2.5
6000,365.65,0.6640942267,2.5
6000,365.7,0.6640567707,2.5
6000,365.75,0.6640193105,2.5
6000,365.8,0.6639818462,2.5
6000,365.85,0.6639443778,2.5
6000,365.9,0.6639069052,2.5
6000,365.95,0.6638694285,2.5
6000,366,0.6638319477,2.5
6000,366.05,0.6637944628,2.5
6000,366.1,0.6637569738,2.5
6000,366.15,0.6637194807,2.5
6000,366.2,0.6636819836,2.5
6000,366.25,0.6636444824,2.5
6000,366.3,0.6636069772,2.5
6000,366.35,0.663569468,2.5
6000,366.4,0.6635319547,2.5
6000,366.45,0.6634944375,2.5
6000,366.5,0.6634569162,2.5
6000,366.55,0.663419391,2.5
6000,366.6,0.6633818618,2.5
6000,366.65,0.6633443286,2.5
6000,366.7,0.6633067915,2.5
6000,366.75,0.6632692505,2.5
6000,366.8,0.6632317055,2.5
6000,366.85,0.6631941567,2.5
6000,366.9,0.6631566039,2.5
6000,366.95,0.6631190473,2.5
6000,367,0.6630814868,2.5
6000,367.05,0.6630439224,2.5
6000,367.1,0.6630063541,2.5
6000,367.15,0.662968782,2.5
6000,367.2,0.6629312061,2.5
6000,367.25,0.6628936264,2.5
6000,367.3,0.6628560429,2.5
6000,367.35,0.6628184556,2.5
6000,367.4,0.6627808644,2.5
6000,367.45,0.6627432696,2.5
6000,367.5,0.6627056709,2.5
6000,367.55,0.6626680686,2.5
6000,367.6,0.6626304624,2.5
6000,367.65,0.6625928526,2.5
6000,367.7,0.6625552391,2.5
6000,367.75,0.6625176218,2.5
6000,367.8,0.6624800009,2.5
6000,367.85,0.6624423763,2.5
6000,367.9,0.662404748,2.5
6000,367.95,0.662367116,2.5
6000,368,0.6623294805,2.5
6000,368.05,0.6622918413,2.5
6000,368.1,0.6622541985,2.5
6000,368.15,0.662216552,2.5
6000,368.2,0.662178902,2.5
6000,368.25,0.6621412484,2.5
6000,368.3,0.6621035913,2.5
6000,368.35,0.6620659305,2.5
6000,368.4,0.6620282663,2.5
6000,368.45,0.6619905985,2.5
6000,368.5,0.6619529271,2.5
6000,368.55,0.6619152523,2.5
6000,368.6,0.661877574,2.5
6000,368.65,0.6618398922,2.5
6000,368.7,0.6618022069,2.5
6000,368.75,0.6617645181,2.5
6000,368.8,0.6617268259,2.5
6000,368.85,0.6616891303,2.5
6000,368.9,0.6616514312,2.5
6000,368.95,0.6616137287,2.5
6000,369,0.6615760228,2.5
6000,369.05,0.6615383135,2.5
6000,369.1,0.6615006009,2.5
6000,369.15,0.6614628849,2.5
6000,369.2,0.6614251655,2.5
6000,369.25,0.6613874428,2.5
6000,369.3,0.6613497167,2.5
6000,369.35,0.6613119873,2.5
6000,369.4,0.6612742547,2.5
6000,369.45,0.6612365187,2.5
6000,369.5,0.6611987794,2.5
6000,369.55,0.6611610369,2.5
6000,369.6,0.6611232911,2.5
6000,369.65,0.6610855421,2.5
6000,369.7,0.6610477898,2.5
6000,369.75,0.6610100343,2.5
6000,369.8,0.6609722756,2.5
6000,369.85,0.6609345137,2.5
6000,369.9,0.6608967487,2.5
6000,369.95,0.6608589804,2.5
6000,370,0.660821209,2.5
6000,370.05,0.6607834344,2.5
6000,370.1,0.6607456567,2.5
6000,370.15,0.6607078759,2.5
6000,370.2,0.6606700919,2.5
6000,370.25,0.6606323049,2.5
6000,370.3,0.6605945148,2.5
6000,370.35,0.6605567215,2.5
6000,370.4,0.6605189253,2.5
6000,370.45,0.6604811259,2.5
6000,370.5,0.6604433236,2.5
6000,370.55,0.6604055182,2.5
6000,370.6,0.6603677098,2.5
6000,370.65,0.6603298984,2.5
6000,370.7,0.6602920839,2.5
6000,370.75,0.6602542666,2.5
6000,370.8,0.6602164462,2.5
6000,370.85,0.6601786229,2.5
6000,370.9,0.6601407967,2.5
6000,370.95,0.6601029675,2.5
6000,371,0.6600651354,2.5
6000,371.05,0.6600273004,2.5
6000,371.1,0.6599894625,2.5
6000,371.15,0.6599516217,2.5
6000,371.2,0.659913778,2.5
6000,371.25,0.6598759315,2.5
6000,371.3,0.6598380822,2.5
6000,371.35,0.65980023,2.5
6000,371.4,0.659762375,2.5
6000,371.45,0.6597245172,2.5
6000,371.5,0.6596866566,2.5
6000,371.55,0.6596487932,2.5
6000,371.6,0.6596109271,2.5
6000,371.65,0.6595730581,2.5
6000,371.7,0.6595351865,2.5
6000,371.75,0.6594973121,2.5
6000,371.8,0.659459435,2.5
6000,371.85,0.6594215552,2.5
6000,371.9,0.6593836726,2.5
6000,371.95,0.6593457874,2.5
6000,372,0.6593078996,2.5
6000,372.05,0.659270009,2.5
6000,372.1,0.6592321159,2.5
6000,372.15,0.65919422,2.5
6000,372.2,0.6591563216,2.5
6000,372.25,0.6591184206,2.5
6000,372.3,0.6590805169,2.5
6000,372.35,0.6590426107,2.5
6000,372.4,0.6590047019,2.5
6000,372.45,0.6589667906,2.5
6000,372.5,0.6589288766,2.5
6000,372.55,0.6588909602,2.5
6000,372.6,0.6588530413,2.5
6000,372.65,0.6588151198,2.5
6000,372.7,0.6587771958,2.5
6000,372.75,0.6587392694,2.5
6000,372.8,0.6587013405,2.5
6000,372.85,0.6586634091,2.5
6000,372.9,0.6586254752,2.5
6000,372.95,0.658587539,2.5
6000,373,0.6585496003,2.5
6000,373.05,0.6585116592,2.5
6000,373.1,0.6584737157,2.5
6000,373.15,0.6584357699,2.5
6000,373.2,0.6583978216,2.5
6000,373.25,0.658359871,2.5
6000,373.3,0.6583219181,2.5
6000,373.35,0.6582839628,2.5
6000,373.4,0.6582460052,2.5
6000,373.45,0.6582080453,2.5
6000,373.5,0.658170083,2.5
6000,373.55,0.6581321186,2.5
6000,373.6,0.6580941518,2.5
6000,373.65,0.6580561828,2.5
6000,373.7,0.6580182115,2.5
6000,373.75,0.657980238,2.5
6000,373.8,0.6579422623,2.5
6000,373.85,0.6579042844,2.5
6000,373.9,0.6578663042,2.5
6000,373.95,0.6578283219,2.5
6000,374,0.6577903375,2.5
6000,374.05,0.6577523508,2.5
6000,374.1,0.6577143621,2.5
6000,374.15,0.6576763712,2.5
6000,374.2,0.6576383782,2.5
6000,374.25,0.657600383,2.5
6000,374.3,0.6575623858,2.5
6000,374.35,0.6575243865,2.5
6000,374.4,0.6574863851,2.5
6000,374.45,0.6574483817,2.5
6000,374.5,0.6574103762,2.5
6000,374.55,0.6573723688,2.5
6000,374.6,0.6573343592,2.5
6000,374.65,0.6572963477,2.5
6000,374.7,0.6572583342,2.5
6000,374.75,0.6572203187,2.5
6000,374.8,0.6571823013,2.5
6000,374.85,0.6571442819,2.5
6000,374.9,0.6571062605,2.5
6000,374.95,0.6570682373,2.5
6000,375,0.6570302121,2.5
6000,375.05,0.656992185,2.5
6000,375.1,0.656954156,2.5
6000,375.15,0.6569161252,2.5
6000,375.2,0.6568780925,2.5
6000,375.25,0.6568400579,2.5
6000,375.3,0.6568020215,2.5
6000,375.35,0.6567639833,2.5
6000,375.4,0.6567259433,2.5
6000,375.45,0.6566879014,2.5
6000,375.5,0.6566498578,2.5
6000,375.55,0.6566118124,2.5
6000,375.6,0.6565737653,2.5
6000,375.65,0.6565357164,2.5
6000,375.7,0.6564976657,2.5
6000,375.75,0.6564596134,2.5
6000,375.8,0.6564215593,2.5
6000,375.85,0.6563835036,2.5
6000,375.9,0.6563454461,2.5
6000,375.95,0.656307387,2.5
6000,376,0.6562693263,2.5
6000,376.05,0.6562312639,2.5
6000,376.1,0.6561931998,2.5
6000,376.15,0.6561551342,2.5
6000,376.2,0.6561170669,2.5
6000,376.25,0.6560789981,2.5
6000,376.3,0.6560409277,2.5
6000,376.35,0.6560028557,2.5
6000,376.4,0.6559647821,2.5
6000,376.45,0.655926707,2.5
6000,376.5,0.6558886304,2.5
6000,376.55,0.6558505523,2.5
6000,376.6,0.6558124727,2.5
6000,376.65,0.6557743916,2.5
6000,376.7,0.655736309,2.5
6000,376.75,0.6556982249,2.5
6000,376.8,0.6556601394,2.5
6000,376.85,0.6556220525,2.5
6000,376.9,0.6555839642,2.5
6000,376.95,0.6555458744,2.5
6000,377,0.6555077832,2.5
6000,377.05,0.6554696907,2.5
6000,377.1,0.6554315968,2.5
6000,377.15,0.6553935015,2.5
6000,377.2,0.6553554049,2.5
6000,377.25,0.655317307,2.5
6000,377.3,0.6552792077,2.5
6000,377.35,0.6552411072,2.5
6000,377.4,0.6552030053,2.5
6000,377.45,0.6551649022,2.5
6000,377.5,0.6551267978,2.5
6000,377.55,0.6550886922,2.5
6000,377.6,0.6550505853,2.5
6000,377.65,0.6550124772,2.5
6000,377.7,0.6549743679,2.5
6000,377.75,0.6549362574,2.5
6000,377.8,0.6548981457,2.5
6000,377.85,0.6548600328,2.5
6000,377.9,0.6548219187,2.5
6000,377.95,0.6547838036,2.5
6000,378,0.6547456873,2.5
6000,378.05,0.6547075698,2.5
6000,378.1,0.6546694513,2.5
6000,378.15,0.6546313317,2.5
6000,378.2,0.654593211,2.5
6000,378.25,0.6545550892,2.5
6000,378.3,0.6545169664,2.5
6000,378.35,0.6544788425,2.5
6000,378.4,0.6544407176,2.5
6000,378.45,0.6544025917,2.5
6000,378.5,0.6543644648,2.5
6000,378.55,0.6543263369,2.5
6000,378.6,0.654288208,2.5
6000,378.65,0.6542500782,2.5
6000,378.7,0.6542119474,2.5
6000,378.75,0.6541738157,2.5
6000,378.8,0.6541356831,2.5
6000,378.85,0.6540975496,2.5
6000,378.9,0.6540594151,2.5
6000,378.95,0.6540212798,2.5
6000,379,0.6539831437,2.5
6000,379.05,0.6539450066,2.5
6000,379.1,0.6539068688,2.5
6000,379.15,0.6538687301,2.5
6000,379.2,0.6538305906,2.5
6000,379.25,0.6537924503,2.5
6000,379.3,0.6537543092,2.5
6000,379.35,0.6537161673,2.5
6000,379.4,0.6536780247,2.5
6000,379.45,0.6536398813,2.5
6000,379.5,0.6536017372,2.5
6000,379.55,0.6535635924,2.5
6000,379.6,0.6535254468,2.5
6000,379.65,0.6534873006,2.5
6000,379.7,0.6534491537,2.5
6000,379.75,0.6534110061,2.5
6000,379.8,0.6533728579,2.5
6000,379.85,0.6533347091,2.5
6000,379.9,0.6532965596,2.5
6000,379.95,0.6532584095,2.5
6000,380,0.6532202588,2.5
6000,380.05,0.6531821075,2.5
6000,380.1,0.6531439557,2.5
6000,380.15,0.6531058033,2.5
6000,380.2,0.6530676503,2.5
6000,380.25,0.6530294968,2.5
6000,380.3,0.6529913428,2.5
6000,380.35,0.6529531883,2.5
6000,380.4,0.6529150333,2.5
6000,380.45,0.6528768778,2.5
6000,380.5,0.6528387219,2.5
6000,380.55,0.6528005655,2.5
6000,380.6,0.6527624087,2.5
6000,380.65,0.6527242514,2.5
6000,380.7,0.6526860938,2.5
6000,380.75,0.6526479357,2.5
6000,380.8,0.6526097773,2.5
6000,380.85,0.6525716185,2.5
6000,380.9,0.6525334593,2.5
6000,380.95,0.6524952998,2.5
6000,381,0.65245714,2.5
6000,381.05,0.6524189799,2.5
6000,381.1,0.6523808194,2.5
6000,381.15,0.6523426587,2.5
6000,381.2,0.6523044977,2.5
6000,381.25,0.6522663364,2.5
6000,381.3,0.6522281749,2.5
6000,381.35,0.6521900132,2.5
6000,381.4,0.6521518512,2.5
6000,381.45,0.6521136891,2.5
6000,381.5,0.6520755267,2.5
6000,381.55,0.6520373642,2.5
6000,381.6,0.6519992015,2.5
6000,381.65,0.6519610387,2.5
6000,381.7,0.6519228757,2.5
6000,381.75,0.6518847126,2.5
6000,381.8,0.6518465493,2.5
6000,381.85,0.651808386,2.5
6000,381.9,0.6517702226,2.5
6000,381.95,0.6517320592,2.5
6000,382,0.6516938957,2.5
6000,382.05,0.6516557321,2.5
6000,382.1,0.6516175685,2.5
6000,382.15,0.6515794049,2.5
6000,382.2,0.6515412413,2.5
6000,382.25,0.6515030777,2.5
6000,382.3,0.6514649142,2.5
6000,382.35,0.6514267507,2.5
6000,382.4,0.6513885872,2.5
6000,382.45,0.6513504238,2.5
6000,382.5,0.6513122605,2.5
6000,382.55,0.6512740973,2.5
6000,382.6,0.6512359342,2.5
6000,382.65,0.6511977712,2.5
6000,382.7,0.6511596084,2.5
6000,382.75,0.6511214457,2.5
6000,382.8,0.6510832832,2.5
6000,382.85,0.6510451208,2.5
6000,382.9,0.6510069587,2.5
6000,382.95,0.6509687968,2.5
6000,383,0.650930635,2.5
6000,383.05,0.6508924736,2.5
6000,383.1,0.6508543123,2.5
6000,383.15,0.6508161513,2.5
6000,383.2,0.6507779906,2.5
6000,383.25,0.6507398302,2.5
6000,383.3,0.6507016701,2.5
6000,383.35,0.6506635103,2.5
6000,383.4,0.6506253509,2.5
6000,383.45,0.6505871918,2.5
6000,383.5,0.650549033,2.5
6000,383.55,0.6505108747,2.5
6000,383.6,0.6504727167,2.5
6000,383.65,0.6504345591,2.5
6000,383.7,0.6503964019,2.5
6000,383.75,0.6503582452,2.5
6000,383.8,0.6503200889,2.5
6000,383.85,0.650281933,2.5
6000,383.9,0.6502437777,2.5
6000,383.95,0.6502056228,2.5
6000,384,0.6501674684,2.5
6000,384.05,0.6501293145,2.5
6000,384.1,0.6500911611,2.5
6000,384.15,0.6500530083,2.5
6000,384.2,0.6500148561,2.5
6000,384.25,0.6499767044,2.5
6000,384.3,0.6499385533,2.5
6000,384.35,0.6499004028,2.5
6000,384.4,0.6498622529,2.5
6000,384.45,0.6498241036,2.5
6000,384.5,0.649785955,2.5
6000,384.55,0.649747807,2.5
6000,384.6,0.6497096597,2.5
6000,384.65,0.649671513,2.5
6000,384.7,0.6496333671,2.5
6000,384.75,0.6495952219,2.5
6000,384.8,0.6495570774,2.5
6000,384.85,0.6495189336,2.5
6000,384.9,0.6494807906,2.5
6000,384.95,0.6494426483,2.5
6000,385,0.6494045068,2.5
6000,385.05,0.6493663661,2.5
6000,385.1,0.6493282262,2.5
6000,385.15,0.6492900872,2.5
6000,385.2,0.649251949,2.5
6000,385.25,0.6492138116,2.5
6000,385.3,0.6491756751,2.5
6000,385.35,0.6491375394,2.5
6000,385.4,0.6490994047,2.5
6000,385.45,0.6490612709,2.5
6000,385.5,0.6490231379,2.5
6000,385.55,0.6489850059,2.5
6000,385.6,0.6489468749,2.5
6000,385.65,0.6489087448,2.5
6000,385.7,0.6488706157,2.5
6000,385.75,0.6488324876,2.5
6000,385.8,0.6487943605,2.5
6000,385.85,0.6487562344,2.5
6000,385.9,0.6487181094,2.5
6000,385.95,0.6486799853,2.5
6000,386,0.6486418624,2.5
6000,386.05,0.6486037405,2.5
6000,386.1,0.6485656197,2.5
6000,386.15,0.6485275001,2.5
6000,386.2,0.6484893815,2.5
6000,386.25,0.6484512641,2.5
6000,386.3,0.6484131478,2.5
6000,386.35,0.6483750326,2.5
6000,386.4,0.6483369187,2.5
6000,386.45,0.6482988059,2.5
6000,386.5,0.6482606944,2.5
6000,386.55,0.648222584,2.5
6000,386.6,0.6481844749,2.5
6000,386.65,0.648146367,2.5
6000,386.7,0.6481082604,2.5
6000,386.75,0.6480701551,2.5
6000,386.8,0.648032051,2.5
6000,386.85,0.6479939483,2.5
6000,386.9,0.6479558469,2.5
6000,386.95,0.6479177468,2.5
6000,387,0.647879648,2.5
6000,387.05,0.6478415506,2.5
6000,387.1,0.6478034546,2.5
6000,387.15,0.64776536,2.5
6000,387.2,0.6477272667,2.5
6000,387.25,0.6476891749,2.5
6000,387.3,0.6476510845,2.5
6000,387.35,0.6476129956,2.5
6000,387.4,0.6475749081,2.5
6000,387.45,0.6475368221,2.5
6000,387.5,0.6474987376,2.5
6000,387.55,0.6474606546,2.5
6000,387.6,0.6474225731,2.5
6000,387.65,0.6473844931,2.5
6000,387.7,0.6473464147,2.5
6000,387.75,0.6473083378,2.5
6000,387.8,0.6472702625,2.5
6000,387.85,0.6472321888,2.5
6000,387.9,0.6471941167,2.5
6000,387.95,0.6471560463,2.5
6000,388,0.6471179774,2.5
6000,388.05,0.6470799102,2.5
6000,388.1,0.6470418447,2.5
6000,388.15,0.6470037808,2.5
6000,388.2,0.6469657186,2.5
6000,388.25,0.6469276581,2.5
6000,388.3,0.6468895994,2.5
6000,388.35,0.6468515423,2.5
6000,388.4,0.6468134871,2.5
6000,388.45,0.6467754335,2.5
6000,388.5,0.6467373818,2.5
6000,388.55,0.6466993318,2.5
6000,388.6,0.6466612837,2.5
6000,388.65,0.6466232373,2.5
6000,388.7,0.6465851928,2.5
6000,388.75,0.6465471502,2.5
6000,388.8,0.6465091094,2.5
6000,388.85,0.6464710705,2.5
6000,388.9,0.6464330334,2.5
6000,388.95,0.6463949983,2.5
6000,389,0.6463569651,2.5
6000,389.05,0.6463189338,2.5
6000,389.1,0.6462809045,2.5
6000,389.15,0.6462428772,2.5
6000,389.2,0.6462048518,2.5
6000,389.25,0.6461668284,2.5
6000,389.3,0.646128807,2.5
6000,389.35,0.6460907877,2.5
6000,389.4,0.6460527703,2.5
6000,389.45,0.6460147551,2.5
6000,389.5,0.6459767418,2.5
6000,389.55,0.6459387307,2.5
6000,389.6,0.6459007217,2.5
6000,389.65,0.6458627147,2.5
6000,389.7,0.6458247099,2.5
6000,389.75,0.6457867073,2.5
6000,389.8,0.6457487067,2.5
6000,389.85,0.6457107084,2.5
6000,389.9,0.6456727122,2.5
6000,389.95,0.6456347182,2.5
6000,390,0.6455967265,2.5
6000,390.05,0.6455587369,2.5
6000,390.1,0.6455207496,2.5
6000,390.15,0.6454827646,2.5
6000,390.2,0.6454447818,2.5
6000,390.25,0.6454068013,2.5
6000,390.3,0.6453688231,2.5
6000,390.35,0.6453308472,2.5
6000,390.4,0.6452928736,2.5
6000,390.45,0.6452549024,2.5
6000,390.5,0.6452169335,2.5
6000,390.55,0.645178967,2.5
6000,390.6,0.6451410029,2.5
6000,390.65,0.6451030412,2.5
6000,390.7,0.6450650819,2.5
6000,390.75,0.645027125,2.5
6000,390.8,0.6449891706,2.5
6000,390.85,0.6449512186,2.5
6000,390.9,0.6449132691,2.5
6000,390.95,0.6448753221,2.5
6000,391,0.6448373776,2.5
6000,391.05,0.6447994356,2.5
6000,391.1,0.6447614961,2.5
6000,391.15,0.6447235592,2.5
6000,391.2,0.6446856248,2.5
6000,391.25,0.644647693,2.5
6000,391.3,0.6446097638,2.5
6000,391.35,0.6445718372,2.5
6000,391.4,0.6445339133,2.5
6000,391.45,0.6444959919,2.5
6000,391.5,0.6444580732,2.5
6000,391.55,0.6444201572,2.5
6000,391.6,0.6443822438,2.5
6000,391.65,0.6443443332,2.5
6000,391.7,0.6443064252,2.5
6000,391.75,0.64426852,2.5
6000,391.8,0.6442306175,2.5
6000,391.85,0.6441927178,2.5
6000,391.9,0.6441548208,2.5
6000,391.95,0.6441169266,2.5
6000,392,0.6440790352,2.5
6000,392.05,0.6440411466,2.5
6000,392.1,0.6440032608,2.5
6000,392.15,0.6439653779,2.5
6000,392.2,0.6439274978,2.5
6000,392.25,0.6438896206,2.5
6000,392.3,0.6438517463,2.5
6000,392.35,0.6438138749,2.5
6000,392.4,0.6437760064,2.5
6000,392.45,0.6437381408,2.5
6000,392.5,0.6437002782,2.5
6000,392.55,0.6436624185,2.5
6000,392.6,0.6436245618,2.5
6000,392.65,0.6435867081,2.5
6000,392.7,0.6435488573,2.5
6000,392.75,0.6435110096,2.5
6000,392.8,0.643473165,2.5
6000,392.85,0.6434353233,2.5
6000,392.9,0.6433974848,2.5
6000,392.95,0.6433596493,2.5
6000,393,0.6433218169,2.5
6000,393.05,0.6432839876,2.5
6000,393.1,0.6432461614,2.5
6000,393.15,0.6432083384,2.5
6000,393.2,0.6431705185,2.5
6000,393.25,0.6431327018,2.5
6000,393.3,0.6430948883,2.5
6000,393.35,0.6430570779,2.5
6000,393.4,0.6430192708,2.5
6000,393.45,0.6429814669,2.5
6000,393.5,0.6429436662,2.5
6000,393.55,0.6429058688,2.5
6000,393.6,0.6428680746,2.5
6000,393.65,0.6428302837,2.5
6000,393.7,0.6427924962,2.5
6000,393.75,0.6427547119,2.5
6000,393.8,0.642716931,2.5
6000,393.85,0.6426791534,2.5
6000,393.9,0.6426413792,2.5
6000,393.95,0.6426036083,2.5
6000,394,0.6425658409,2.5
6000,394.05,0.6425280768,2.5
6000,394.1,0.6424903162,2.5
6000,394.15,0.6424525589,2.5
6000,394.2,0.6424148052,2.5
6000,394.25,0.6423770549,2.5
6000,394.3,0.642339308,2.5
6000,394.35,0.6423015647,2.5
6000,394.4,0.6422638249,2.5
6000,394.45,0.6422260886,2.5
6000,394.5,0.6421883558,2.5
6000,394.55,0.6421506266,2.5
6000,394.6,0.6421129009,2.5
6000,394.65,0.6420751789,2.5
6000,394.7,0.6420374604,2.5
6000,394.75,0.6419997455,2.5
6000,394.8,0.6419620343,2.5
6000,394.85,0.6419243267,2.5
6000,394.9,0.6418866228,2.5
6000,394.95,0.6418489225,2.5
6000,395,0.6418112259,2.5
6000,395.05,0.6417735331,2.5
6000,395.1,0.6417358439,2.5
6000,395.15,0.6416981585,2.5
6000,395.2,0.6416604768,2.5
6000,395.25,0.6416227989,2.5
6000,395.3,0.6415851247,2.5
6000,395.35,0.6415474544,2.5
6000,395.4,0.6415097878,2.5
6000,395.45,0.6414721251,2.5
6000,395.5,0.6414344662,2.5
6000,395.55,0.6413968111,2.5
6000,395.6,0.64135916,2.5
6000,395.65,0.6413215127,2.5
6000,395.7,0.6412838693,2.5
6000,395.75,0.6412462298,2.5
6000,395.8,0.6412085942,2.5
6000,395.85,0.6411709626,2.5
6000,395.9,0.641133335,2.5
6000,395.95,0.6410957113,2.5
6000,396,0.6410580916,2.5
6000,396.05,0.6410204759,2.5
6000,396.1,0.6409828642,2.5
6000,396.15,0.6409452565,2.5
6000,396.2,0.6409076529,2.5
6000,396.25,0.6408700534,2.5
6000,396.3,0.6408324579,2.5
6000,396.35,0.6407948665,2.5
6000,396.4,0.6407572792,2.5
6000,396.45,0.6407196961,2.5
6000,396.5,0.6406821171,2.5
6000,396.55,0.6406445422,2.5
6000,396.6,0.6406069715,2.5
6000,396.65,0.640569405,2.5
6000,396.7,0.6405318427,2.5
6000,396.75,0.6404942846,2.5
6000,396.8,0.6404567307,2.5
6000,396.85,0.6404191811,2.5
6000,396.9,0.6403816357,2.5
6000,396.95,0.6403440946,2.5
6000,397,0.6403065578,2.5
6000,397.05,0.6402690253,2.5
6000,397.1,0.6402314971,2.5
6000,397.15,0.6401939732,2.5
6000,397.2,0.6401564537,2.5
6000,397.25,0.6401189385,2.5
6000,397.3,0.6400814278,2.5
6000,397.35,0.6400439214,2.5
6000,397.4,0.6400064194,2.5
6000,397.45,0.6399689219,2.5
6000,397.5,0.6399314288,2.5
6000,397.55,0.6398939401,2.5
6000,397.6,0.6398564559,2.5
6000,397.65,0.6398189762,2.5
6000,397.7,0.639781501,2.5
6000,397.75,0.6397440304,2.5
6000,397.8,0.6397065642,2.5
6000,397.85,0.6396691026,2.5
6000,397.9,0.6396316455,2.5
6000,397.95,0.6395941931,2.5
6000,398,0.6395567452,2.5
6000,398.05,0.6395193019,2.5
6000,398.1,0.6394818632,2.5
6000,398.15,0.6394444292,2.5
6000,398.2,0.6394069999,2.5
6000,398.25,0.6393695751,2.5
6000,398.3,0.6393321551,2.5
6000,398.35,0.6392947398,2.5
6000,398.4,0.6392573292,2.5
6000,398.45,0.6392199233,2.5
6000,398.5,0.6391825222,2.5
6000,398.55,0.6391451258,2.5
6000,398.6,0.6391077342,2.5
6000,398.65,0.6390703473,2.5
6000,398.7,0.6390329653,2.5
6000,398.75,0.6389955881,2.5
6000,398.8,0.6389582157,2.5
6000,398.85,0.6389208482,2.5
6000,398.9,0.6388834856,2.5
6000,398.95,0.6388461278,2.5
6000,399,0.6388087749,2.5
6000,399.05,0.6387714269,2.5
6000,399.1,0.6387340839,2.5
6000,399.15,0.6386967458,2.5
6000,399.2,0.6386594126,2.5
6000,399.25,0.6386220844,2.5
6000,399.3,0.6385847612,2.5
6000,399.35,0.638547443,2.5
6000,399.4,0.6385101298,2.5
6000,399.45,0.6384728217,2.5
6000,399.5,0.6384355186,2.5
6000,399.55,0.6383982206,2.5
6000,399.6,0.6383609276,2.5
6000,399.65,0.6383236397,2.5
6000,399.7,0.638286357,2.5
6000,399.75,0.6382490793,2.5
6000,399.8,0.6382118068,2.5
6000,399.85,0.6381745395,2.5
6000,399.9,0.6381372773,2.5
6000,399.95,0.6381000203,2.5
6000,400,0.6380627685,2.5
6000,400.05,0.6380255219,2.5
6000,400.1,0.6379882806,2.5
6000,400.15,0.6379510445,2.5
6000,400.2,0.6379138136,2.5
6000,400.25,0.6378765881,2.5
6000,400.3,0.6378393678,2.5
6000,400.35,0.6378021528,2.5
6000,400.4,0.6377649432,2.5
6000,400.45,0.6377277389,2.5
6000,400.5,0.6376905399,2.5
6000,400.55,0.6376533463,2.5
6000,400.6,0.6376161581,2.5
6000,400.65,0.6375789753,2.5
6000,400.7,0.6375417979,2.5
6000,400.75,0.637504626,2.5
6000,400.8,0.6374674595,2.5
6000,400.85,0.6374302984,2.5
6000,400.9,0.6373931428,2.5
6000,400.95,0.6373559927,2.5
6000,401,0.6373188481,2.5
6000,401.05,0.6372817091,2.5
6000,401.1,0.6372445755,2.5
6000,401.15,0.6372074476,2.5
6000,401.2,0.6371703251,2.5
6000,401.25,0.6371332083,2.5
6000,401.3,0.6370960971,2.5
6000,401.35,0.6370589915,2.5
6000,401.4,0.6370218915,2.5
6000,401.45,0.6369847971,2.5
6000,401.5,0.6369477085,2.5
6000,401.55,0.6369106254,2.5
6000,401.6,0.6368735481,2.5
6000,401.65,0.6368364765,2.5
6000,401.7,0.6367994106,2.5
6000,401.75,0.6367623505,2.5
6000,401.8,0.636725296,2.5
6000,401.85,0.6366882474,2.5
6000,401.9,0.6366512045,2.5
6000,401.95,0.6366141675,2.5
6000,402,0.6365771362,2.5
6000,402.05,0.6365401108,2.5
6000,402.1,0.6365030912,2.5
6000,402.15,0.6364660775,2.5
6000,402.2,0.6364290697,2.5
6000,402.25,0.6363920677,2.5
6000,402.3,0.6363550717,2.5
6000,402.35,0.6363180816,2.5
6000,402.4,0.6362810974,2.5
6000,402.45,0.6362441191,2.5
6000,402.5,0.6362071469,2.5
6000,402.55,0.6361701806,2.5
6000,402.6,0.6361332203,2.5
6000,402.65,0.636096266,2.5
6000,402.7,0.6360593178,2.5
6000,402.75,0.6360223756,2.5
6000,402.8,0.6359854394,2.5
6000,402.85,0.6359485094,2.5
6000,402.9,0.6359115854,2.5
6000,402.95,0.6358746675,2.5
6000,403,0.6358377557,2.5
6000,403.05,0.6358008501,2.5
6000,403.1,0.6357639507,2.5
6000,403.15,0.6357270574,2.5
6000,403.2,0.6356901703,2.5
6000,403.25,0.6356532893,2.5
6000,403.3,0.6356164146,2.5
6000,403.35,0.6355795462,2.5
6000,403.4,0.6355426839,2.5
6000,403.45,0.635505828,2.5
6000,403.5,0.6354689783,2.5
6000,403.55,0.6354321349,2.5
6000,403.6,0.6353952978,2.5
6000,403.65,0.635358467,2.5
6000,403.7,0.6353216426,2.5
6000,403.75,0.6352848245,2.5
6000,403.8,0.6352480128,2.5
6000,403.85,0.6352112074,2.5
6000,403.9,0.6351744085,2.5
6000,403.95,0.635137616,2.5
6000,404,0.6351008299,2.5
6000,404.05,0.6350640503,2.5
6000,404.1,0.6350272771,2.5
6000,404.15,0.6349905104,2.5
6000,404.2,0.6349537502,2.5
6000,404.25,0.6349169965,2.5
6000,404.3,0.6348802493,2.5
6000,404.35,0.6348435086,2.5
6000,404.4,0.6348067746,2.5
6000,404.45,0.634770047,2.5
6000,404.5,0.6347333261,2.5
6000,404.55,0.6346966118,2.5
6000,404.6,0.6346599041,2.5
6000,404.65,0.634623203,2.5
6000,404.7,0.6345865085,2.5
6000,404.75,0.6345498207,2.5
6000,404.8,0.6345131396,2.5
6000,404.85,0.6344764652,2.5
6000,404.9,0.6344397975,2.5
6000,404.95,0.6344031366,2.5
6000,405,0.6343664823,2.5
6000,405.05,0.6343298349,2.5
6000,405.1,0.6342931941,2.5
6000,405.15,0.6342565602,2.5
6000,405.2,0.6342199331,2.5
6000,405.25,0.6341833128,2.5
6000,405.3,0.6341466993,2.5
6000,405.35,0.6341100927,2.5
6000,405.4,0.634073493,2.5
6000,405.45,0.6340369001,2.5
6000,405.5,0.6340003141,2.5
6000,405.55,0.633963735,2.5
6000,405.6,0.6339271629,2.5
6000,405.65,0.6338905977,2.5
6000,405.7,0.6338540394,2.5
6000,405.75,0.6338174882,2.5
6000,405.8,0.6337809439,2.5
6000,405.85,0.6337444066,2.5
6000,405.9,0.6337078763,2.5
6000,405.95,0.6336713531,2.5
6000,406,0.6336348369,2.5
6000,406.05,0.6335983278,2.5
6000,406.1,0.6335618258,2.5
6000,406.15,0.6335253308,2.5
6000,406.2,0.633488843,2.5
6000,406.25,0.6334523623,2.5
6000,406.3,0.6334158888,2.5
6000,406.35,0.6333794224,2.5
6000,406.4,0.6333429632,2.5
6000,406.45,0.6333065111,2.5
6000,406.5,0.6332700663,2.5
6000,406.55,0.6332336287,2.5
6000,406.6,0.6331971983,2.5
6000,406.65,0.6331607752,2.5
6000,406.7,0.6331243594,2.5
6000,406.75,0.6330879508,2.5
6000,406.8,0.6330515496,2.5
6000,406.85,0.6330151556,2.5
6000,406.9,0.632978769,2.5
6000,406.95,0.6329423897,2.5
6000,407,0.6329060178,2.5
6000,407.05,0.6328696533,2.5
6000,407.1,0.6328332961,2.5
6000,407.15,0.6327969464,2.5
6000,407.2,0.6327606041,2.5
6000,407.25,0.6327242692,2.5
6000,407.3,0.6326879418,2.5
6000,407.35,0.6326516219,2.5
6000,407.4,0.6326153094,2.5
6000,407.45,0.6325790044,2.5
6000,407.5,0.632542707,2.5
6000,407.55,0.6325064171,2.5
6000,407.6,0.6324701347,2.5
6000,407.65,0.6324338599,2.5
6000,407.7,0.6323975927,2.5
6000,407.75,0.6323613331,2.5
6000,407.8,0.6323250811,2.5
6000,407.85,0.6322888367,2.5
6000,407.9,0.6322525999,2.5
6000,407.95,0.6322163708,2.5
6000,408,0.6321801494,2.5
6000,408.05,0.6321439357,2.5
6000,408.1,0.6321077297,2.5
6000,408.15,0.6320715313,2.5
6000,408.2,0.6320353408,2.5
6000,408.25,0.631999158,2.5
6000,408.3,0.6319629829,2.5
6000,408.35,0.6319268156,2.5
6000,408.4,0.6318906562,2.5
6000,408.45,0.6318545045,2.5
6000,408.5,0.6318183607,2.5
6000,408.55,0.6317822247,2.5
6000,408.6,0.6317460965,2.5
6000,408.65,0.6317099763,2.5
6000,408.7,0.6316738639,2.5
6000,408.75,0.6316377595,2.5
6000,408.8,0.6316016629,2.5
6000,408.85,0.6315655743,2.5
6000,408.9,0.6315294937,2.5
6000,408.95,0.631493421,2.5
6000,409,0.6314573563,2.5
6000,409.05,0.6314212996,2.5
6000,409.1,0.6313852509,2.5
6000,409.15,0.6313492103,2.5
6000,409.2,0.6313131777,2.5
6000,409.25,0.6312771532,2.5
6000,409.3,0.6312411367,2.5
6000,409.35,0.6312051283,2.5
6000,409.4,0.6311691281,2.5
6000,409.45,0.631133136,2.5
6000,409.5,0.631097152,2.5
6000,409.55,0.6310611761,2.5
6000,409.6,0.6310252085,2.5
6000,409.65,0.630989249,2.5
6000,409.7,0.6309532977,2.5
6000,409.75,0.6309173547,2.5
6000,409.8,0.6308814199,2.5
6000,409.85,0.6308454933,2.5
6000,409.9,0.630809575,2.5
6000,409.95,0.630773665,2.5
6000,410,0.6307377632,2.5
6000,410.05,0.6307018698,2.5
6000,410.1,0.6306659848,2.5
6000,410.15,0.630630108,2.5
6000,410.2,0.6305942396,2.5
6000,410.25,0.6305583796,2.5
6000,410.3,0.630522528,2.5
6000,410.35,0.6304866848,2.5
6000,410.4,0.63045085,2.5
6000,410.45,0.6304150237,2.5
6000,410.5,0.6303792058,2.5
6000,410.55,0.6303433963,2.5
6000,410.6,0.6303075954,2.5
6000,410.65,0.6302718029,2.5
6000,410.7,0.630236019,2.5
6000,410.75,0.6302002436,2.5
6000,410.8,0.6301644767,2.5
6000,410.85,0.6301287185,2.5
6000,410.9,0.6300929687,2.5
6000,410.95,0.6300572276,2.5
6000,411,0.6300214951,2.5
6000,411.05,0.6299857712,2.5
6000,411.1,0.629950056,2.5
6000,411.15,0.6299143494,2.5
6000,411.2,0.6298786515,2.5
6000,411.25,0.6298429622,2.5
6000,411.3,0.6298072817,2.5
6000,411.35,0.6297716099,2.5
6000,411.4,0.6297359468,2.5
6000,411.45,0.6297002925,2.5
6000,411.5,0.6296646469,2.5
6000,411.55,0.6296290102,2.5
6000,411.6,0.6295933822,2.5
6000,411.65,0.629557763,2.5
6000,411.7,0.6295221527,2.5
6000,411.75,0.6294865512,2.5
6000,411.8,0.6294509585,2.5
6000,411.85,0.6294153748,2.5
6000,411.9,0.6293797999,2.5
6000,411.95,0.6293442339,2.5
6000,412,0.6293086769,2.5
6000,412.05,0.6292731287,2.5
6000,412.1,0.6292375896,2.5
6000,412.15,0.6292020594,2.5
6000,412.2,0.6291665382,2.5
6000,412.25,0.629131026,2.5
6000,412.3,0.6290955228,2.5
6000,412.35,0.6290600286,2.5
6000,412.4,0.6290245435,2.5
6000,412.45,0.6289890675,2.5
6000,412.5,0.6289536005,2.5
6000,412.55,0.6289181426,2.5
6000,412.6,0.6288826939,2.5
6000,412.65,0.6288472542,2.5
6000,412.7,0.6288118237,2.5
6000,412.75,0.6287764024,2.5
6000,412.8,0.6287409902,2.5
6000,412.85,0.6287055872,2.5
6000,412.9,0.6286701934,2.5
6000,412.95,0.6286348089,2.5
6000,413,0.6285994335,2.5
6000,413.05,0.6285640674,2.5
6000,413.1,0.6285287106,2.5
6000,413.15,0.6284933631,2.5
6000,413.2,0.6284580248,2.5
6000,413.25,0.6284226959,2.5
6000,413.3,0.6283873763,2.5
6000,413.35,0.6283520661,2.5
6000,413.4,0.6283167652,2.5
6000,413.45,0.6282814736,2.5
6000,413.5,0.6282461915,2.5
6000,413.55,0.6282109188,2.5
6000,413.6,0.6281756555,2.5
6000,413.65,0.6281404016,2.5
6000,413.7,0.6281051572,2.5
6000,413.75,0.6280699223,2.5
6000,413.8,0.6280346968,2.5
6000,413.85,0.6279994809,2.5
6000,413.9,0.6279642744,2.5
6000,413.95,0.6279290775,2.5
6000,414,0.6278938901,2.5
6000,414.05,0.6278587123,2.5
6000,414.1,0.6278235441,2.5
6000,414.15,0.6277883855,2.5
6000,414.2,0.6277532365,2.5
6000,414.25,0.6277180971,2.5
6000,414.3,0.6276829673,2.5
6000,414.35,0.6276478472,2.5
6000,414.4,0.6276127368,2.5
6000,414.45,0.627577636,2.5
6000,414.5,0.627542545,2.5
6000,414.55,0.6275074637,2.5
6000,414.6,0.6274723921,2.5
6000,414.65,0.6274373303,2.5
6000,414.7,0.6274022782,2.5
6000,414.75,0.6273672359,2.5
6000,414.8,0.6273322034,2.5
6000,414.85,0.6272971807,2.5
6000,414.9,0.6272621679,2.5
6000,414.95,0.6272271649,2.5
6000,415,0.6271921717,2.5
6000,415.05,0.6271571885,2.5
6000,415.1,0.6271222151,2.5
6000,415.15,0.6270872516,2.5
6000,415.2,0.627052298,2.5
6000,415.25,0.6270173544,2.5
6000,415.3,0.6269824208,2.5
6000,415.35,0.6269474971,2.5
6000,415.4,0.6269125834,2.5
6000,415.45,0.6268776796,2.5
6000,415.5,0.626842786,2.5
6000,415.55,0.6268079023,2.5
6000,415.6,0.6267730287,2.5
6000,415.65,0.6267381651,2.5
6000,415.7,0.6267033116,2.5
6000,415.75,0.6266684683,2.5
6000,415.8,0.626633635,2.5
6000,415.85,0.6265988118,2.5
6000,415.9,0.6265639988,2.5
6000,415.95,0.626529196,2.5
6000,416,0.6264944033,2.5
6000,416.05,0.6264596208,2.5
6000,416.1,0.6264248485,2.5
6000,416.15,0.6263900864,2.5
6000,416.2,0.6263553346,2.5
6000,416.25,0.626320593,2.5
6000,416.3,0.6262858617,2.5
6000,416.35,0.6262511406,2.5
6000,416.4,0.6262164299,2.5
6000,416.45,0.6261817294,2.5
6000,416.5,0.6261470393,2.5
6000,416.55,0.6261123596,2.5
6000,416.6,0.6260776901,2.5
6000,416.65,0.6260430311,2.5
6000,416.7,0.6260083825,2.5
6000,416.75,0.6259737442,2.5
6000,416.8,0.6259391164,2.5
6000,416.85,0.625904499,2.5
6000,416.9,0.6258698921,2.5
6000,416.95,0.6258352957,2.5
6000,417,0.6258007097,2.5
6000,417.05,0.6257661342,2.5
6000,417.1,0.6257315692,2.5
6000,417.15,0.6256970148,2.5
6000,417.2,0.6256624709,2.5
6000,417.25,0.6256279376,2.5
6000,417.3,0.6255934148,2.5
6000,417.35,0.6255589027,2.5
6000,417.4,0.6255244011,2.5
6000,417.45,0.6254899102,2.5
6000,417.5,0.6254554299,2.5
6000,417.55,0.6254209603,2.5
6000,417.6,0.6253865013,2.5
6000,417.65,0.6253520531,2.5
6000,417.7,0.6253176155,2.5
6000,417.75,0.6252831886,2.5
6000,417.8,0.6252487725,2.5
6000,417.85,0.6252143671,2.5
6000,417.9,0.6251799725,2.5
6000,417.95,0.6251455887,2.5
6000,418,0.6251112157,2.5
6000,418.05,0.6250768534,2.5
6000,418.1,0.625042502,2.5
6000,418.15,0.6250081615,2.5
6000,418.2,0.6249738318,2.5
6000,418.25,0.624939513,2.5
6000,418.3,0.624905205,2.5
6000,418.35,0.624870908,2.5
6000,418.4,0.6248366219,2.5
6000,418.45,0.6248023467,2.5
6000,418.5,0.6247680825,2.5
6000,418.55,0.6247338292,2.5
6000,418.6,0.6246995869,2.5
6000,418.65,0.6246653556,2.5
6000,418.7,0.6246311354,2.5
6000,418.75,0.6245969261,2.5
6000,418.8,0.6245627279,2.5
6000,418.85,0.6245285408,2.5
6000,418.9,0.6244943647,2.5
6000,418.95,0.6244601997,2.5
6000,419,0.6244260459,2.5
6000,419.05,0.6243919031,2.5
6000,419.1,0.6243577715,2.5
6000,419.15,0.6243236511,2.5
6000,419.2,0.6242895418,2.5
6000,419.25,0.6242554437,2.5
6000,419.3,0.6242213568,2.5
6000,419.35,0.6241872811,2.5
6000,419.4,0.6241532166,2.5
6000,419.45,0.6241191634,2.5
6000,419.5,0.6240851214,2.5
6000,419.55,0.6240510908,2.5
6000,419.6,0.6240170714,2.5
6000,419.65,0.6239830633,2.5
6000,419.7,0.6239490665,2.5
6000,419.75,0.6239150811,2.5
6000,419.8,0.6238811071,2.5
6000,419.85,0.6238471444,2.5
6000,419.9,0.6238131931,2.5
6000,419.95,0.6237792532,2.5
6000,420,0.6237453247,2.5
6000,420.05,0.6237114076,2.5
6000,420.1,0.623677502,2.5
6000,420.15,0.6236436079,2.5
6000,420.2,0.6236097252,2.5
6000,420.25,0.623575854,2.5
6000,420.3,0.6235419944,2.5
6000,420.35,0.6235081462,2.5
6000,420.4,0.6234743096,2.5
6000,420.45,0.6234404846,2.5
6000,420.5,0.6234066711,2.5
6000,420.55,0.6233728692,2.5
6000,420.6,0.6233390789,2.5
6000,420.65,0.6233053003,2.5
6000,420.7,0.6232715333,2.5
6000,420.75,0.6232377779,2.5
6000,420.8,0.6232040342,2.5
6000,420.85,0.6231703021,2.5
6000,420.9,0.6231365818,2.5
6000,420.95,0.6231028731,2.5
6000,421,0.6230691762,2.5
6000,421.05,0.6230354911,2.5
6000,421.1,0.6230018177,2.5
6000,421.15,0.622968156,2.5
6000,421.2,0.6229345062,2.5
6000,421.25,0.6229008682,2.5
6000,421.3,0.6228672419,2.5
6000,421.35,0.6228336275,2.5
6000,421.4,0.622800025,2.5
6000,421.45,0.6227664343,2.5
6000,421.5,0.6227328555,2.5
6000,421.55,0.6226992887,2.5
6000,421.6,0.6226657337,2.5
6000,421.65,0.6226321906,2.5
6000,421.7,0.6225986595,2.5
6000,421.75,0.6225651403,2.5
6000,421.8,0.6225316332,2.5
6000,421.85,0.622498138,2.5
6000,421.9,0.6224646548,2.5
6000,421.95,0.6224311836,2.5
6000,422,0.6223977245,2.5
6000,422.05,0.6223642774,2.5
6000,422.1,0.6223308424,2.5
6000,422.15,0.6222974194,2.5
6000,422.2,0.6222640086,2.5
6000,422.25,0.6222306099,2.5
6000,422.3,0.6221972233,2.5
6000,422.35,0.6221638488,2.5
6000,422.4,0.6221304865,2.5
6000,422.45,0.6220971364,2.5
6000,422.5,0.6220637985,2.5
6000,422.55,0.6220304727,2.5
6000,422.6,0.6219971592,2.5
6000,422.65,0.621963858,2.5
6000,422.7,0.6219305689,2.5
6000,422.75,0.6218972922,2.5
6000,422.8,0.6218640277,2.5
6000,422.85,0.6218307755,2.5
6000,422.9,0.6217975357,2.5
6000,422.95,0.6217643081,2.5
6000,423,0.6217310929,2.5
6000,423.05,0.6216978901,2.5
6000,423.1,0.6216646996,2.5
6000,423.15,0.6216315216,2.5
6000,423.2,0.6215983559,2.5
6000,423.25,0.6215652027,2.5
6000,423.3,0.6215320619,2.5
6000,423.35,0.6214989335,2.5
6000,423.4,0.6214658176,2.5
6000,423.45,0.6214327142,2.5
6000,423.5,0.6213996233,2.5
6000,423.55,0.6213665449,2.5
6000,423.6,0.621333479,2.5
6000,423.65,0.6213004257,2.5
6000,423.7,0.6212673849,2.5
6000,423.75,0.6212343567,2.5
6000,423.8,0.6212013411,2.5
6000,423.85,0.6211683381,2.5
6000,423.9,0.6211353477,2.5
6000,423.95,0.62110237,2.5
6000,424,0.6210694049,2.5
6000,424.05,0.6210364524,2.5
6000,424.1,0.6210035127,2.5
6000,424.15,0.6209705856,2.5
6000,424.2,0.6209376713,2.5
6000,424.25,0.6209047697,2.5
6000,424.3,0.6208718808,2.5
6000,424.35,0.6208390047,2.5
6000,424.4,0.6208061414,2.5
6000,424.45,0.6207732908,2.5
6000,424.5,0.6207404531,2.5
6000,424.55,0.6207076281,2.5
6000,424.6,0.620674816,2.5
6000,424.65,0.6206420168,2.5
6000,424.7,0.6206092304,2.5
6000,424.75,0.6205764569,2.5
6000,424.8,0.6205436963,2.5
6000,424.85,0.6205109486,2.5
6000,424.9,0.6204782138,2.5
6000,424.95,0.620445492,2.5
6000,425,0.6204127831,2.5
6000,425.05,0.6203800872,2.5
6000,425.1,0.6203474043,2.5
6000,425.15,0.6203147344,2.5
6000,425.2,0.6202820775,2.5
6000,425.25,0.6202494337,2.5
6000,425.3,0.6202168029,2.5
6000,425.35,0.6201841851,2.5
6000,425.4,0.6201515804,2.5
6000,425.45,0.6201189889,2.5
6000,425.5,0.6200864104,2.5
6000,425.55,0.6200538451,2.5
6000,425.6,0.6200212929,2.5
6000,425.65,0.6199887538,2.5
6000,425.7,0.6199562279,2.5
6000,425.75,0.6199237153,2.5
6000,425.8,0.6198912158,2.5
6000,425.85,0.6198587295,2.5
6000,425.9,0.6198262565,2.5
6000,425.95,0.6197937967,2.5
6000,426,0.6197613501,2.5
6000,426.05,0.6197289169,2.5
6000,426.1,0.6196964969,2.5
6000,426.15,0.6196640902,2.5
6000,426.2,0.6196316969,2.5
6000,426.25,0.6195993169,2.5
6000,426.3,0.6195669503,2.5
6000,426.35,0.619534597,2.5
6000,426.4,0.6195022571,2.5
6000,426.45,0.6194699306,2.5
6000,426.5,0.6194376175,2.5
6000,426.55,0.6194053179,2.5
6000,426.6,0.6193730317,2.5
6000,426.65,0.6193407589,2.5
6000,426.7,0.6193084997,2.5
6000,426.75,0.6192762539,2.5
6000,426.8,0.6192440216,2.5
6000,426.85,0.6192118028,2.5
6000,426.9,0.6191795976,2.5
6000,426.95,0.6191474059,2.5
6000,427,0.6191152278,2.5
6000,427.05,0.6190830633,2.5
6000,427.1,0.6190509124,2.5
6000,427.15,0.619018775,2.5
6000,427.2,0.6189866513,2.5
6000,427.25,0.6189545413,2.5
6000,427.3,0.6189224449,2.5
6000,427.35,0.6188903622,2.5
6000,427.4,0.6188582931,2.5
6000,427.45,0.6188262378,2.5
6000,427.5,0.6187941962,2.5
6000,427.55,0.6187621683,2.5
6000,427.6,0.6187301541,2.5
6000,427.65,0.6186981537,2.5
6000,427.7,0.6186661671,2.5
6000,427.75,0.6186341943,2.5
6000,427.8,0.6186022353,2.5
6000,427.85,0.6185702901,2.5
6000,427.9,0.6185383588,2.5
6000,427.95,0.6185064413,2.5
6000,428,0.6184745377,2.5
6000,428.05,0.6184426479,2.5
6000,428.1,0.6184107721,2.5
6000,428.15,0.6183789102,2.5
6000,428.2,0.6183470622,2.5
6000,428.25,0.6183152281,2.5
6000,428.3,0.618283408,2.5
6000,428.35,0.6182516019,2.5
6000,428.4,0.6182198097,2.5
6000,428.45,0.6181880316,2.5
6000,428.5,0.6181562675,2.5
6000,428.55,0.6181245174,2.5
6000,428.6,0.6180927814,2.5
6000,428.65,0.6180610594,2.5
6000,428.7,0.6180293515,2.5
6000,428.75,0.6179976577,2.5
6000,428.8,0.617965978,2.5
6000,428.85,0.6179343125,2.5
6000,428.9,0.617902661,2.5
6000,428.95,0.6178710238,2.5
6000,429,0.6178394006,2.5
6000,429.05,0.6178077917,2.5
6000,429.1,0.617776197,2.5
6000,429.15,0.6177446165,2.5
6000,429.2,0.6177130502,2.5
6000,429.25,0.6176814982,2.5
6000,429.3,0.6176499604,2.5
6000,429.35,0.6176184369,2.5
6000,429.4,0.6175869277,2.5
6000,429.45,0.6175554328,2.5
6000,429.5,0.6175239522,2.5
6000,429.55,0.6174924859,2.5
6000,429.6,0.617461034,2.5
6000,429.65,0.6174295965,2.5
6000,429.7,0.6173981733,2.5
6000,429.75,0.6173667645,2.5
6000,429.8,0.6173353701,2.5
6000,429.85,0.6173039902,2.5
6000,429.9,0.6172726247,2.5
6000,429.95,0.6172412736,2.5
6000,430,0.6172099371,2.5
6000,430.05,0.617178615,2.5
6000,430.1,0.6171473073,2.5
6000,430.15,0.6171160143,2.5
6000,430.2,0.6170847357,2.5
6000,430.25,0.6170534717,2.5
6000,430.3,0.6170222222,2.5
6000,430.35,0.6169909873,2.5
6000,430.4,0.616959767,2.5
6000,430.45,0.6169285613,2.5
6000,430.5,0.6168973702,2.5
6000,430.55,0.6168661938,2.5
6000,430.6,0.616835032,2.5
6000,430.65,0.6168038848,2.5
6000,430.7,0.6167727524,2.5
6000,430.75,0.6167416346,2.5
6000,430.8,0.6167105315,2.5
6000,430.85,0.6166794432,2.5
6000,430.9,0.6166483696,2.5
6000,430.95,0.6166173107,2.5
6000,431,0.6165862666,2.5
6000,431.05,0.6165552373,2.5
6000,431.1,0.6165242228,2.5
6000,431.15,0.6164932231,2.5
6000,431.2,0.6164622382,2.5
6000,431.25,0.6164312682,2.5
6000,431.3,0.616400313,2.5
6000,431.35,0.6163693727,2.5
6000,431.4,0.6163384473,2.5
6000,431.45,0.6163075367,2.5
6000,431.5,0.6162766411,2.5
6000,431.55,0.6162457604,2.5
6000,431.6,0.6162148947,2.5
6000,431.65,0.6161840439,2.5
6000,431.7,0.6161532081,2.5
6000,431.75,0.6161223873,2.5
6000,431.8,0.6160915815,2.5
6000,431.85,0.6160607907,2.5
6000,431.9,0.6160300149,2.5
6000,431.95,0.6159992542,2.5
6000,432,0.6159685085,2.5
6000,432.05,0.6159377779,2.5
6000,432.1,0.6159070625,2.5
6000,432.15,0.6158763621,2.5
6000,432.2,0.6158456768,2.5
6000,432.25,0.6158150067,2.5
6000,432.3,0.6157843517,2.5
6000,432.35,0.6157537119,2.5
6000,432.4,0.6157230873,2.5
6000,432.45,0.6156924778,2.5
6000,432.5,0.6156618836,2.5
6000,432.55,0.6156313046,2.5
6000,432.6,0.6156007408,2.5
6000,432.65,0.6155701923,2.5
6000,432.7,0.6155396591,2.5
6000,432.75,0.6155091411,2.5
6000,432.8,0.6154786385,2.5
6000,432.85,0.6154481511,2.5
6000,432.9,0.6154176791,2.5
6000,432.95,0.6153872224,2.5
6000,433,0.6153567811,2.5
6000,433.05,0.6153263551,2.5
6000,433.1,0.6152959446,2.5
6000,433.15,0.6152655494,2.5
6000,433.2,0.6152351697,2.5
6000,433.25,0.6152048053,2.5
6000,433.3,0.6151744565,2.5
6000,433.35,0.615144123,2.5
6000,433.4,0.6151138051,2.5
6000,433.45,0.6150835026,2.5
6000,433.5,0.6150532157,2.5
6000,433.55,0.6150229442,2.5
6000,433.6,0.6149926883,2.5
6000,433.65,0.614962448,2.5
6000,433.7,0.6149322232,2.5
6000,433.75,0.614902014,2.5
6000,433.8,0.6148718203,2.5
6000,433.85,0.6148416423,2.5
6000,433.9,0.6148114799,2.5
6000,433.95,0.6147813331,2.5
6000,434,0.614751202,2.5
6000,434.05,0.6147210866,2.5
6000,434.1,0.6146909868,2.5
6000,434.15,0.6146609027,2.5
6000,434.2,0.6146308343,2.5
6000,434.25,0.6146007817,2.5
6000,434.3,0.6145707447,2.5
6000,434.35,0.6145407236,2.5
6000,434.4,0.6145107181,2.5
6000,434.45,0.6144807285,2.5
6000,434.5,0.6144507547,2.5
6000,434.55,0.6144207967,2.5
6000,434.6,0.6143908545,2.5
6000,434.65,0.6143609281,2.5
6000,434.7,0.6143310176,2.5
6000,434.75,0.6143011229,2.5
6000,434.8,0.6142712442,2.5
6000,434.85,0.6142413813,2.5
6000,434.9,0.6142115344,2.5
6000,434.95,0.6141817033,2.5
6000,435,0.6141518882,2.5
6000,435.05,0.6141220891,2.5
6000,435.1,0.6140923059,2.5
6000,435.15,0.6140625387,2.5
6000,435.2,0.6140327875,2.5
6000,435.25,0.6140030524,2.5
6000,435.3,0.6139733332,2.5
6000,435.35,0.6139436301,2.5
6000,435.4,0.613913943,2.5
6000,435.45,0.6138842721,2.5
6000,435.5,0.6138546171,2.5
6000,435.55,0.6138249783,2.5
6000,435.6,0.6137953556,2.5
6000,435.65,0.6137657491,2.5
6000,435.7,0.6137361586,2.5
6000,435.75,0.6137065844,2.5
6000,435.8,0.6136770263,2.5
6000,435.85,0.6136474844,2.5
6000,435.9,0.6136179586,2.5
6000,435.95,0.6135884491,2.5
6000,436,0.6135589559,2.5
6000,436.05,0.6135294788,2.5
6000,436.1,0.613500018,2.5
6000,436.15,0.6134705735,2.5
6000,436.2,0.6134411453,2.5
6000,436.25,0.6134117334,2.5
6000,436.3,0.6133823378,2.5
6000,436.35,0.6133529585,2.5
6000,436.4,0.6133235956,2.5
6000,436.45,0.613294249,2.5
6000,436.5,0.6132649188,2.5
6000,436.55,0.6132356049,2.5
6000,436.6,0.6132063075,2.5
6000,436.65,0.6131770265,2.5
6000,436.7,0.6131477619,2.5
6000,436.75,0.6131185138,2.5
6000,436.8,0.6130892821,2.5
6000,436.85,0.6130600668,2.5
6000,436.9,0.6130308681,2.5
6000,436.95,0.6130016859,2.5
6000,437,0.6129725202,2.5
6000,437.05,0.612943371,2.5
6000,437.1,0.6129142383,2.5
6000,437.15,0.6128851222,2.5
6000,437.2,0.6128560227,2.5
6000,437.25,0.6128269398,2.5
6000,437.3,0.6127978734,2.5
6000,437.35,0.6127688237,2.5
6000,437.4,0.6127397906,2.5
6000,437.45,0.6127107742,2.5
6000,437.5,0.6126817744,2.5
6000,437.55,0.6126527912,2.5
6000,437.6,0.6126238248,2.5
6000,437.65,0.612594875,2.5
6000,437.7,0.612565942,2.5
6000,437.75,0.6125370257,2.5
6000,437.8,0.6125081261,2.5
6000,437.85,0.6124792433,2.5
6000,437.9,0.6124503773,2.5
6000,437.95,0.612421528,2.5
6000,438,0.6123926956,2.5
6000,438.05,0.6123638799,2.5
6000,438.1,0.6123350811,2.5
6000,438.15,0.6123062991,2.5
6000,438.2,0.612277534,2.5
6000,438.25,0.6122487857,2.5
6000,438.3,0.6122200543,2.5
6000,438.35,0.6121913399,2.5
6000,438.4,0.6121626423,2.5
6000,438.45,0.6121339616,2.5
6000,438.5,0.6121052979,2.5
6000,438.55,0.6120766512,2.5
6000,438.6,0.6120480214,2.5
6000,438.65,0.6120194086,2.5
6000,438.7,0.6119908128,2.5
6000,438.75,0.611962234,2.5
6000,438.8,0.6119336722,2.5
6000,438.85,0.6119051274,2.5
6000,438.9,0.6118765997,2.5
6000,438.95,0.6118480891,2.5
6000,439,0.6118195956,2.5
6000,439.05,0.6117911191,2.5
6000,439.1,0.6117626598,2.5
6000,439.15,0.6117342175,2.5
6000,439.2,0.6117057924,2.5
6000,439.25,0.6116773845,2.5
6000,439.3,0.6116489937,2.5
6000,439.35,0.6116206201,2.5
6000,439.4,0.6115922637,2.5
6000,439.45,0.6115639245,2.5
6000,439.5,0.6115356025,2.5
6000,439.55,0.6115072977,2.5
6000,439.6,0.6114790102,2.5
6000,439.65,0.61145074,2.5
6000,439.7,0.611422487,2.5
6000,439.75,0.6113942513,2.5
6000,439.8,0.6113660329,2.5
6000,439.85,0.6113378319,2.5
6000,439.9,0.6113096481,2.5
6000,439.95,0.6112814817,2.5
6000,440,0.6112533327,2.5
6000,440.05,0.611225201,2.5
6000,440.1,0.6111970868,2.5
6000,440.15,0.6111689899,2.5
6000,440.2,0.6111409104,2.5
6000,440.25,0.6111128484,2.5
6000,440.3,0.6110848038,2.5
6000,440.35,0.6110567767,2.5
6000,440.4,0.611028767,2.5
6000,440.45,0.6110007748,2.5
6000,440.5,0.6109728001,2.5
6000,440.55,0.6109448429,2.5
6000,440.6,0.6109169033,2.5
6000,440.65,0.6108889812,2.5
6000,440.7,0.6108610766,2.5
6000,440.75,0.6108331896,2.5
6000,440.8,0.6108053202,2.5
6000,440.85,0.6107774683,2.5
6000,440.9,0.6107496341,2.5
6000,440.95,0.6107218175,2.5
6000,441,0.6106940185,2.5
6000,441.05,0.6106662372,2.5
6000,441.1,0.6106384736,2.5
6000,441.15,0.6106107276,2.5
6000,441.2,0.6105829993,2.5
6000,441.25,0.6105552887,2.5
6000,441.3,0.6105275959,2.5
6000,441.35,0.6104999207,2.5
6000,441.4,0.6104722633,2.5
6000,441.45,0.6104446237,2.5
6000,441.5,0.6104170018,2.5
6000,441.55,0.6103893977,2.5
6000,441.6,0.6103618115,2.5
6000,441.65,0.610334243,2.5
6000,441.7,0.6103066924,2.5
6000,441.75,0.6102791596,2.5
6000,441.8,0.6102516446,2.5
6000,441.85,0.6102241475,2.5
6000,441.9,0.6101966683,2.5
6000,441.95,0.610169207,2.5
6000,442,0.6101417636,2.5
6000,442.05,0.6101143382,2.5
6000,442.1,0.6100869306,2.5
6000,442.15,0.610059541,2.5
6000,442.2,0.6100321694,2.5
6000,442.25,0.6100048158,2.5
6000,442.3,0.6099774801,2.5
6000,442.35,0.6099501625,2.5
6000,442.4,0.6099228628,2.5
6000,442.45,0.6098955812,2.5
6000,442.5,0.6098683177,2.5
6000,442.55,0.6098410722,2.5
6000,442.6,0.6098138447,2.5
6000,442.65,0.6097866354,2.5
6000,442.7,0.6097594441,2.5
6000,442.75,0.609732271,2.5
6000,442.8,0.609705116,2.5
6000,442.85,0.6096779791,2.5
6000,442.9,0.6096508604,2.5
6000,442.95,0.6096237598,2.5
6000,443,0.6095966775,2.5
6000,443.05,0.6095696133,2.5
6000,443.1,0.6095425673,2.5
6000,443.15,0.6095155396,2.5
6000,443.2,0.60948853,2.5
6000,443.25,0.6094615388,2.5
6000,443.3,0.6094345658,2.5
6000,443.35,0.609407611,2.5
6000,443.4,0.6093806746,2.5
6000,443.45,0.6093537564,2.5
6000,443.5,0.6093268566,2.5
6000,443.55,0.6092999751,2.5
6000,443.6,0.6092731119,2.5
6000,443.65,0.6092462671,2.5
6000,443.7,0.6092194406,2.5
6000,443.75,0.6091926326,2.5
6000,443.8,0.6091658429,2.5
6000,443.85,0.6091390716,2.5
6000,443.9,0.6091123188,2.5
6000,443.95,0.6090855844,2.5
6000,444,0.6090588684,2.5
6000,444.05,0.6090321709,2.5
6000,444.1,0.6090054919,2.5
6000,444.15,0.6089788314,2.5
6000,444.2,0.6089521893,2.5
6000,444.25,0.6089255658,2.5
6000,444.3,0.6088989608,2.5
6000,444.35,0.6088723744,2.5
6000,444.4,0.6088458065,2.5
6000,444.45,0.6088192571,2.5
6000,444.5,0.6087927264,2.5
6000,444.55,0.6087662142,2.5
6000,444.6,0.6087397207,2.5
6000,444.65,0.6087132458,2.5
6000,444.7,0.6086867895,2.5
6000,444.75,0.6086603518,2.5
6000,444.8,0.6086339328,2.5
6000,444.85,0.6086075325,2.5
6000,444.9,0.6085811509,2.5
6000,444.95,0.608554788,2.5
6000,445,0.6085284438,2.5
6000,445.05,0.6085021183,2.5
6000,445.1,0.6084758115,2.5
6000,445.15,0.6084495235,2.5
6000,445.2,0.6084232543,2.5
6000,445.25,0.6083970039,2.5
6000,445.3,0.6083707722,2.5
6000,445.35,0.6083445594,2.5
6000,445.4,0.6083183653,2.5
6000,445.45,0.6082921901,2.5
6000,445.5,0.6082660338,2.5
6000,445.55,0.6082398963,2.5
6000,445.6,0.6082137777,2.5
6000,445.65,0.6081876779,2.5
6000,445.7,0.6081615971,2.5
6000,445.75,0.6081355352,2.5
6000,445.8,0.6081094921,2.5
6000,445.85,0.6080834681,2.5
6000,445.9,0.6080574629,2.5
6000,445.95,0.6080314768,2.5
6000,446,0.6080055096,2.5
6000,446.05,0.6079795614,2.5
6000,446.1,0.6079536322,2.5
6000,446.15,0.607927722,2.5
6000,446.2,0.6079018309,2.5
6000,446.25,0.6078759588,2.5
6000,446.3,0.6078501057,2.5
6000,446.35,0.6078242717,2.5
6000,446.4,0.6077984568,2.5
6000,446.45,0.607772661,2.5
6000,446.5,0.6077468843,2.5
6000,446.55,0.6077211267,2.5
6000,446.6,0.6076953882,2.5
6000,446.65,0.6076696689,2.5
6000,446.7,0.6076439687,2.5
6000,446.75,0.6076182878,2.5
6000,446.8,0.607592626,2.5
6000,446.85,0.6075669833,2.5
6000,446.9,0.6075413599,2.5
6000,446.95,0.6075157558,2.5
6000,447,0.6074901708,2.5
6000,447.05,0.6074646051,2.5
6000,447.1,0.6074390587,2.5
6000,447.15,0.6074135315,2.5
6000,447.2,0.6073880237,2.5
6000,447.25,0.6073625351,2.5
6000,447.3,0.6073370658,2.5
6000,447.35,0.6073116159,2.5
6000,447.4,0.6072861853,2.5
6000,447.45,0.607260774,2.5
6000,447.5,0.6072353821,2.5
6000,447.55,0.6072100096,2.5
6000,447.6,0.6071846565,2.5
6000,447.65,0.6071593228,2.5
6000,447.7,0.6071340085,2.5
6000,447.75,0.6071087136,2.5
6000,447.8,0.6070834382,2.5
6000,447.85,0.6070581822,2.5
6000,447.9,0.6070329457,2.5
6000,447.95,0.6070077286,2.5
6000,448,0.6069825311,2.5
6000,448.05,0.606957353,2.5
6000,448.1,0.6069321945,2.5
6000,448.15,0.6069070555,2.5
6000,448.2,0.6068819361,2.5
6000,448.25,0.6068568362,2.5
6000,448.3,0.6068317558,2.5
6000,448.35,0.6068066951,2.5
6000,448.4,0.6067816539,2.5
6000,448.45,0.6067566324,2.5
6000,448.5,0.6067316304,2.5
6000,448.55,0.6067066481,2.5
6000,448.6,0.6066816854,2.5
6000,448.65,0.6066567424,2.5
6000,448.7,0.6066318191,2.5
6000,448.75,0.6066069154,2.5
6000,448.8,0.6065820315,2.5
6000,448.85,0.6065571672,2.5
6000,448.9,0.6065323227,2.5
6000,448.95,0.6065074979,2.5
6000,449,0.6064826928,2.5
6000,449.05,0.6064579075,2.5
6000,449.1,0.606433142,2.5
6000,449.15,0.6064083962,2.5
6000,449.2,0.6063836702,2.5
6000,449.25,0.6063589641,2.5
6000,449.3,0.6063342778,2.5
6000,449.35,0.6063096112,2.5
6000,449.4,0.6062849646,2.5
6000,449.45,0.6062603378,2.5
6000,449.5,0.6062357308,2.5
6000,449.55,0.6062111438,2.5
6000,449.6,0.6061865766,2.5
6000,449.65,0.6061620294,2.5
6000,449.7,0.6061375021,2.5
6000,449.75,0.6061129947,2.5
6000,449.8,0.6060885072,2.5
6000,449.85,0.6060640397,2.5
6000,449.9,0.6060395922,2.5
6000,449.95,0.6060151646,2.5
6000,450,0.6059907571,2.5
6000,450.05,0.6059663695,2.5
6000,450.1,0.605942002,2.5
6000,450.15,0.6059176545,2.5
6000,450.2,0.605893327,2.5
6000,450.25,0.6058690196,2.5
6000,450.3,0.6058447323,2.5
6000,450.35,0.605820465,2.5
6000,450.4,0.6057962179,2.5
6000,450.45,0.6057719908,2.5
6000,450.5,0.6057477839,2.5
6000,450.55,0.605723597,2.5
6000,450.6,0.6056994304,2.5
6000,450.65,0.6056752839,2.5
6000,450.7,0.6056511575,2.5
6000,450.75,0.6056270513,2.5
6000,450.8,0.6056029654,2.5
6000,450.85,0.6055788996,2.5
6000,450.9,0.605554854,2.5
6000,450.95,0.6055308287,2.5
6000,451,0.6055068236,2.5
6000,451.05,0.6054828387,2.5
6000,451.1,0.6054588742,2.5
6000,451.15,0.6054349299,2.5
6000,451.2,0.6054110059,2.5
6000,451.25,0.6053871021,2.5
6000,451.3,0.6053632187,2.5
6000,451.35,0.6053393557,2.5
6000,451.4,0.6053155129,2.5
6000,451.45,0.6052916905,2.5
6000,451.5,0.6052678885,2.5
6000,451.55,0.6052441069,2.5
6000,451.6,0.6052203456,2.5
6000,451.65,0.6051966047,2.5
6000,451.7,0.6051728843,2.5
6000,451.75,0.6051491842,2.5
6000,451.8,0.6051255046,2.5
6000,451.85,0.6051018455,2.5
6000,451.9,0.6050782068,2.5
6000,451.95,0.6050545885,2.5
6000,452,0.6050309908,2.5
6000,452.05,0.6050074135,2.5
6000,452.1,0.6049838568,2.5
6000,452.15,0.6049603206,2.5
6000,452.2,0.6049368049,2.5
6000,452.25,0.6049133097,2.5
6000,452.3,0.6048898351,2.5
6000,452.35,0.6048663811,2.5
6000,452.4,0.6048429476,2.5
6000,452.45,0.6048195348,2.5
6000,452.5,0.6047961425,2.5
6000,452.55,0.6047727708,2.5
6000,452.6,0.6047494198,2.5
6000,452.65,0.6047260894,2.5
6000,452.7,0.6047027797,2.5
6000,452.75,0.6046794906,2.5
6000,452.8,0.6046562222,2.5
6000,452.85,0.6046329745,2.5
6000,452.9,0.6046097475,2.5
6000,452.95,0.6045865412,2.5
6000,453,0.6045633556,2.5
6000,453.05,0.6045401908,2.5
6000,453.1,0.6045170467,2.5
6000,453.15,0.6044939233,2.5
6000,453.2,0.6044708207,2.5
6000,453.25,0.6044477389,2.5
6000,453.3,0.6044246779,2.5
6000,453.35,0.6044016377,2.5
6000,453.4,0.6043786183,2.5
6000,453.45,0.6043556198,2.5
6000,453.5,0.6043326421,2.5
6000,453.55,0.6043096852,2.5
6000,453.6,0.6042867492,2.5
6000,453.65,0.6042638341,2.5
6000,453.7,0.6042409398,2.5
6000,453.75,0.6042180665,2.5
6000,453.8,0.604195214,2.5
6000,453.85,0.6041723825,2.5
6000,453.9,0.6041495719,2.5
6000,453.95,0.6041267823,2.5
6000,454,0.6041040136,2.5
6000,454.05,0.6040812659,2.5
6000,454.1,0.6040585392,2.5
6000,454.15,0.6040358334,2.5
6000,454.2,0.6040131487,2.5
6000,454.25,0.603990485,2.5
6000,454.3,0.6039678423,2.5
6000,454.35,0.6039452206,2.5
6000,454.4,0.60392262,2.5
6000,454.45,0.6039000405,2.5
6000,454.5,0.603877482,2.5
6000,454.55,0.6038549446,2.5
6000,454.6,0.6038324283,2.5
6000,454.65,0.6038099332,2.5
6000,454.7,0.6037874591,2.5
6000,454.75,0.6037650062,2.5
6000,454.8,0.6037425744,2.5
6000,454.85,0.6037201637,2.5
6000,454.9,0.6036977743,2.5
6000,454.95,0.603675406,2.5
6000,455,0.6036530589,2.5
6000,455.05,0.603630733,2.5
6000,455.1,0.6036084283,2.5
6000,455.15,0.6035861448,2.5
6000,455.2,0.6035638826,2.5
6000,455.25,0.6035416416,2.5
6000,455.3,0.6035194218,2.5
6000,455.35,0.6034972234,2.5
6000,455.4,0.6034750462,2.5
6000,455.45,0.6034528903,2.5
6000,455.5,0.6034307557,2.5
6000,455.55,0.6034086424,2.5
6000,455.6,0.6033865505,2.5
6000,455.65,0.6033644798,2.5
6000,455.7,0.6033424306,2.5
6000,455.75,0.6033204027,2.5
6000,455.8,0.6032983961,2.5
6000,455.85,0.603276411,2.5
6000,455.9,0.6032544472,2.5
6000,455.95,0.6032325049,2.5
6000,456,0.6032105839,2.5
6000,456.05,0.6031886844,2.5
6000,456.1,0.6031668063,2.5
6000,456.15,0.6031449497,2.5
6000,456.2,0.6031231145,2.5
6000,456.25,0.6031013009,2.5
6000,456.3,0.6030795086,2.5
6000,456.35,0.6030577379,2.5
6000,456.4,0.6030359887,2.5
6000,456.45,0.603014261,2.5
6000,456.5,0.6029925549,2.5
6000,456.55,0.6029708703,2.5
6000,456.6,0.6029492072,2.5
6000,456.65,0.6029275657,2.5
6000,456.7,0.6029059457,2.5
6000,456.75,0.6028843474,2.5
6000,456.8,0.6028627706,2.5
6000,456.85,0.6028412155,2.5
6000,456.9,0.602819682,2.5
6000,456.95,0.6027981701,2.5
6000,457,0.6027766798,2.5
6000,457.05,0.6027552112,2.5
6000,457.1,0.6027337642,2.5
6000,457.15,0.602712339,2.5
6000,457.2,0.6026909354,2.5
6000,457.25,0.6026695535,2.5
6000,457.3,0.6026481933,2.5
6000,457.35,0.6026268548,2.5
6000,457.4,0.6026055381,2.5
6000,457.45,0.6025842431,2.5
6000,457.5,0.6025629698,2.5
6000,457.55,0.6025417183,2.5
6000,457.6,0.6025204886,2.5
6000,457.65,0.6024992807,2.5
6000,457.7,0.6024780945,2.5
6000,457.75,0.6024569302,2.5
6000,457.8,0.6024357877,2.5
6000,457.85,0.602414667,2.5
6000,457.9,0.6023935681,2.5
6000,457.95,0.6023724911,2.5
6000,458,0.602351436,2.5
6000,458.05,0.6023304027,2.5
6000,458.1,0.6023093913,2.5
6000,458.15,0.6022884018,2.5
6000,458.2,0.6022674342,2.5
6000,458.25,0.6022464885,2.5
6000,458.3,0.6022255648,2.5
6000,458.35,0.6022046629,2.5
6000,458.4,0.6021837831,2.5
6000,458.45,0.6021629252,2.5
6000,458.5,0.6021420892,2.5
6000,458.55,0.6021212752,2.5
6000,458.6,0.6021004833,2.5
6000,458.65,0.6020797133,2.5
6000,458.7,0.6020589653,2.5
6000,458.75,0.6020382394,2.5
6000,458.8,0.6020175354,2.5
6000,458.85,0.6019968536,2.5
6000,458.9,0.6019761938,2.5
6000,458.95,0.601955556,2.5
6000,459,0.6019349403,2.5
6000,459.05,0.6019143467,2.5
6000,459.1,0.6018937752,2.5
6000,459.15,0.6018732259,2.5
6000,459.2,0.6018526986,2.5
6000,459.25,0.6018321935,2.5
6000,459.3,0.6018117105,2.5
6000,459.35,0.6017912496,2.5
6000,459.4,0.6017708109,2.5
6000,459.45,0.6017503944,2.5
6000,459.5,0.6017300001,2.5
6000,459.55,0.6017096279,2.5
6000,459.6,0.601689278,2.5
6000,459.65,0.6016689503,2.5
6000,459.7,0.6016486448,2.5
6000,459.75,0.6016283615,2.5
6000,459.8,0.6016081005,2.5
6000,459.85,0.6015878617,2.5
6000,459.9,0.6015676452,2.5
6000,459.95,0.601547451,2.5
6000,460,0.6015272791,2.5
6000,460.05,0.6015071294,2.5
6000,460.1,0.6014870021,2.5
6000,460.15,0.6014668971,2.5
6000,460.2,0.6014468144,2.5
6000,460.25,0.6014267541,2.5
6000,460.3,0.6014067161,2.5
6000,460.35,0.6013867005,2.5
6000,460.4,0.6013667072,2.5
6000,460.45,0.6013467363,2.5
6000,460.5,0.6013267878,2.5
6000,460.55,0.6013068618,2.5
6000,460.6,0.6012869581,2.5
6000,460.65,0.6012670768,2.5
6000,460.7,0.601247218,2.5
6000,460.75,0.6012273817,2.5
6000,460.8,0.6012075677,2.5
6000,460.85,0.6011877763,2.5
6000,460.9,0.6011680073,2.5
6000,460.95,0.6011482608,2.5
6000,461,0.6011285368,2.5
6000,461.05,0.6011088353,2.5
6000,461.1,0.6010891563,2.5
6000,461.15,0.6010694999,2.5
6000,461.2,0.601049866,2.5
6000,461.25,0.6010302546,2.5
6000,461.3,0.6010106658,2.5
6000,461.35,0.6009910995,2.5
6000,461.4,0.6009715559,2.5
6000,461.45,0.6009520348,2.5
6000,461.5,0.6009325363,2.5
6000,461.55,0.6009130604,2.5
6000,461.6,0.6008936071,2.5
6000,461.65,0.6008741765,2.5
6000,461.7,0.6008547685,2.5
6000,461.75,0.6008353831,2.5
6000,461.8,0.6008160204,2.5
6000,461.85,0.6007966804,2.5
6000,461.9,0.6007773631,2.5
6000,461.95,0.6007580684,2.5
6000,462,0.6007387964,2.5
6000,462.05,0.6007195472,2.5
6000,462.1,0.6007003207,2.5
6000,462.15,0.6006811168,2.5
6000,462.2,0.6006619358,2.5
6000,462.25,0.6006427774,2.5
6000,462.3,0.6006236419,2.5
6000,462.35,0.6006045291,2.5
6000,462.4,0.6005854391,2.5
6000,462.45,0.6005663718,2.5
6000,462.5,0.6005473274,2.5
6000,462.55,0.6005283058,2.5
6000,462.6,0.600509307,2.5
6000,462.65,0.600490331,2.5
6000,462.7,0.6004713779,2.5
6000,462.75,0.6004524476,2.5
6000,462.8,0.6004335401,2.5
6000,462.85,0.6004146556,2.5
6000,462.9,0.6003957939,2.5
6000,462.95,0.6003769551,2.5
6000,463,0.6003581392,2.5
6000,463.05,0.6003393462,2.5
6000,463.1,0.6003205761,2.5
6000,463.15,0.6003018289,2.5
6000,463.2,0.6002831047,2.5
6000,463.25,0.6002644034,2.5
6000,463.3,0.6002457251,2.5
6000,463.35,0.6002270697,2.5
6000,463.4,0.6002084374,2.5
6000,463.45,0.600189828,2.5
6000,463.5,0.6001712416,2.5
6000,463.55,0.6001526782,2.5
6000,463.6,0.6001341378,2.5
6000,463.65,0.6001156204,2.5
6000,463.7,0.6000971261,2.5
6000,463.75,0.6000786548,2.5
6000,463.8,0.6000602066,2.5
6000,463.85,0.6000417814,2.5
6000,463.9,0.6000233793,2.5
6000,463.95,0.6000050003,2.5
6000,464,0.5999866444,2.5
6000,464.05,0.5999683116,2.5
6000,464.1,0.5999500018,2.5
6000,464.15,0.5999317153,2.5
6000,464.2,0.5999134518,2.5
6000,464.25,0.5998952115,2.5
6000,464.3,0.5998769943,2.5
6000,464.35,0.5998588003,2.5
6000,464.4,0.5998406294,2.5
6000,464.45,0.5998224818,2.5
6000,464.5,0.5998043573,2.5
6000,464.55,0.599786256,2.5
6000,464.6,0.5997681779,2.5
6000,464.65,0.5997501231,2.5
6000,464.7,0.5997320914,2.5
6000,464.75,0.599714083,2.5
6000,464.8,0.5996960978,2.5
6000,464.85,0.5996781359,2.5
6000,464.9,0.5996601973,2.5
6000,464.95,0.5996422819,2.5
6000,465,0.5996243898,2.5
6000,465.05,0.599606521,2.5
6000,465.1,0.5995886755,2.5
6000,465.15,0.5995708533,2.5
6000,465.2,0.5995530544,2.5
6000,465.25,0.5995352789,2.5
6000,465.3,0.5995175267,2.5
6000,465.35,0.5994997978,2.5
6000,465.4,0.5994820923,2.5
6000,465.45,0.5994644101,2.5
6000,465.5,0.5994467514,2.5
6000,465.55,0.599429116,2.5
6000,465.6,0.599411504,2.5
6000,465.65,0.5993939154,2.5
6000,465.7,0.5993763502,2.5
6000,465.75,0.5993588085,2.5
6000,465.8,0.5993412901,2.5
6000,465.85,0.5993237953,2.5
6000,465.9,0.5993063238,2.5
6000,465.95,0.5992888758,2.5
6000,466,0.5992714513,2.5
6000,466.05,0.5992540503,2.5
6000,466.1,0.5992366727,2.5
6000,466.15,0.5992193186,2.5
6000,466.2,0.5992019881,2.5
6000,466.25,0.599184681,2.5
6000,466.3,0.5991673975,2.5
6000,466.35,0.5991501375,2.5
6000,466.4,0.5991329011,2.5
6000,466.45,0.5991156882,2.5
6000,466.5,0.5990984988,2.5
6000,466.55,0.599081333,2.5
6000,466.6,0.5990641908,2.5
6000,466.65,0.5990470722,2.5
6000,466.7,0.5990299772,2.5
6000,466.75,0.5990129057,2.5
6000,466.8,0.5989958579,2.5
6000,466.85,0.5989788337,2.5
6000,466.9,0.5989618331,2.5
6000,466.95,0.5989448562,2.5
6000,467,0.5989279029,2.5
6000,467.05,0.5989109733,2.5
6000,467.1,0.5988940674,2.5
6000,467.15,0.5988771851,2.5
6000,467.2,0.5988603265,2.5
6000,467.25,0.5988434916,2.5
6000,467.3,0.5988266803,2.5
6000,467.35,0.5988098928,2.5
6000,467.4,0.5987931291,2.5
6000,467.45,0.598776389,2.5
6000,467.5,0.5987596727,2.5
6000,467.55,0.5987429801,2.5
6000,467.6,0.5987263113,2.5
6000,467.65,0.5987096662,2.5
6000,467.7,0.5986930449,2.5
6000,467.75,0.5986764474,2.5
6000,467.8,0.5986598737,2.5
6000,467.85,0.5986433238,2.5
6000,467.9,0.5986267977,2.5
6000,467.95,0.5986102954,2.5
6000,468,0.5985938169,2.5
6000,468.05,0.5985773623,2.5
6000,468.1,0.5985609315,2.5
6000,468.15,0.5985445245,2.5
6000,468.2,0.5985281414,2.5
6000,468.25,0.5985117822,2.5
6000,468.3,0.5984954468,2.5
6000,468.35,0.5984791353,2.5
6000,468.4,0.5984628478,2.5
6000,468.45,0.5984465841,2.5
6000,468.5,0.5984303443,2.5
6000,468.55,0.5984141285,2.5
6000,468.6,0.5983979365,2.5
6000,468.65,0.5983817686,2.5
6000,468.7,0.5983656245,2.5
6000,468.75,0.5983495044,2.5
6000,468.8,0.5983334083,2.5
6000,468.85,0.5983173361,2.5
6000,468.9,0.5983012879,2.5
6000,468.95,0.5982852637,2.5
6000,469,0.5982692635,2.5
6000,469.05,0.5982532873,2.5
6000,469.1,0.5982373351,2.5
6000,469.15,0.598221407,2.5
6000,469.2,0.5982055028,2.5
6000,469.25,0.5981896227,2.5
6000,469.3,0.5981737667,2.5
6000,469.35,0.5981579347,2.5
6000,469.4,0.5981421267,2.5
6000,469.45,0.5981263429,2.5
6000,469.5,0.5981105831,2.5
6000,469.55,0.5980948473,2.5
6000,469.6,0.5980791357,2.5
6000,469.65,0.5980634482,2.5
6000,469.7,0.5980477848,2.5
6000,469.75,0.5980321456,2.5
6000,469.8,0.5980165304,2.5
6000,469.85,0.5980009394,2.5
6000,469.9,0.5979853725,2.5
6000,469.95,0.5979698298,2.5
6000,470,0.5979543113,2.5
6000,470.05,0.5979388169,2.5
6000,470.1,0.5979233467,2.5
6000,470.15,0.5979079006,2.5
6000,470.2,0.5978924788,2.5
6000,470.25,0.5978770812,2.5
6000,470.3,0.5978617078,2.5
6000,470.35,0.5978463586,2.5
6000,470.4,0.5978310336,2.5
6000,470.45,0.5978157329,2.5
6000,470.5,0.5978004564,2.5
6000,470.55,0.5977852041,2.5
6000,470.6,0.5977699762,2.5
6000,470.65,0.5977547725,2.5
6000,470.7,0.597739593,2.5
6000,470.75,0.5977244379,2.5
6000,470.8,0.597709307,2.5
6000,470.85,0.5976942004,2.5
6000,470.9,0.5976791182,2.5
6000,470.95,0.5976640602,2.5
6000,471,0.5976490266,2.5
6000,471.05,0.5976340173,2.5
6000,471.1,0.5976190323,2.5
6000,471.15,0.5976040717,2.5
6000,471.2,0.5975891355,2.5
6000,471.25,0.5975742236,2.5
6000,471.3,0.5975593361,2.5
6000,471.35,0.5975444729,2.5
6000,471.4,0.5975296342,2.5
6000,471.45,0.5975148198,2.5
6000,471.5,0.5975000299,2.5
6000,471.55,0.5974852643,2.5
6000,471.6,0.5974705232,2.5
6000,471.65,0.5974558065,2.5
6000,471.7,0.5974411142,2.5
6000,471.75,0.5974264464,2.5
6000,471.8,0.597411803,2.5
6000,471.85,0.5973971841,2.5
6000,471.9,0.5973825896,2.5
6000,471.95,0.5973680196,2.5
6000,472,0.5973534741,2.5
6000,472.05,0.5973389531,2.5
6000,472.1,0.5973244565,2.5
6000,472.15,0.5973099845,2.5
6000,472.2,0.597295537,2.5
6000,472.25,0.597281114,2.5
6000,472.3,0.5972667155,2.5
6000,472.35,0.5972523416,2.5
6000,472.4,0.5972379922,2.5
6000,472.45,0.5972236673,2.5
6000,472.5,0.597209367,2.5
6000,472.55,0.5971950913,2.5
6000,472.6,0.5971808401,2.5
6000,472.65,0.5971666136,2.5
6000,472.7,0.5971524116,2.5
6000,472.75,0.5971382342,2.5
6000,472.8,0.5971240814,2.5
6000,472.85,0.5971099532,2.5
6000,472.9,0.5970958496,2.5
6000,472.95,0.5970817707,2.5
6000,473,0.5970677163,2.5
6000,473.05,0.5970536867,2.5
6000,473.1,0.5970396816,2.5
6000,473.15,0.5970257012,2.5
6000,473.2,0.5970117455,2.5
6000,473.25,0.5969978145,2.5
6000,473.3,0.5969839081,2.5
6000,473.35,0.5969700264,2.5
6000,473.4,0.5969561694,2.5
6000,473.45,0.5969423371,2.5
6000,473.5,0.5969285295,2.5
6000,473.55,0.5969147466,2.5
6000,473.6,0.5969009885,2.5
6000,473.65,0.596887255,2.5
6000,473.7,0.5968735463,2.5
6000,473.75,0.5968598624,2.5
6000,473.8,0.5968462032,2.5
6000,473.85,0.5968325687,2.5
6000,473.9,0.596818959,2.5
6000,473.95,0.5968053741,2.5
6000,474,0.596791814,2.5
6000,474.05,0.5967782786,2.5
6000,474.1,0.596764768,2.5
6000,474.15,0.5967512823,2.5
6000,474.2,0.5967378213,2.5
6000,474.25,0.5967243852,2.5
6000,474.3,0.5967109738,2.5
6000,474.35,0.5966975874,2.5
6000,474.4,0.5966842257,2.5
6000,474.45,0.5966708889,2.5
6000,474.5,0.5966575769,2.5
6000,474.55,0.5966442898,2.5
6000,474.6,0.5966310276,2.5
6000,474.65,0.5966177902,2.5
6000,474.7,0.5966045777,2.5
6000,474.75,0.5965913901,2.5
6000,474.8,0.5965782273,2.5
6000,474.85,0.5965650895,2.5
6000,474.9,0.5965519766,2.5
6000,474.95,0.5965388886,2.5
6000,475,0.5965258255,2.5
6000,475.05,0.5965127874,2.5
6000,475.1,0.5964997741,2.5
6000,475.15,0.5964867859,2.5
6000,475.2,0.5964738225,2.5
6000,475.25,0.5964608841,2.5
6000,475.3,0.5964479707,2.5
6000,475.35,0.5964350823,2.5
6000,475.4,0.5964222188,2.5
6000,475.45,0.5964093803,2.5
6000,475.5,0.5963965668,2.5
6000,475.55,0.5963837783,2.5
6000,475.6,0.5963710148,2.5
6000,475.65,0.5963582763,2.5
6000,475.7,0.5963455628,2.5
6000,475.75,0.5963328743,2.5
6000,475.8,0.5963202109,2.5
6000,475.85,0.5963075725,2.5
6000,475.9,0.5962949591,2.5
6000,475.95,0.5962823708,2.5
6000,476,0.5962698076,2.5
6000,476.05,0.5962572694,2.5
6000,476.1,0.5962447563,2.5
6000,476.15,0.5962322683,2.5
6000,476.2,0.5962198053,2.5
6000,476.25,0.5962073674,2.5
6000,476.3,0.5961949547,2.5
6000,476.35,0.596182567,2.5
6000,476.4,0.5961702044,2.5
6000,476.45,0.596157867,2.5
6000,476.5,0.5961455547,2.5
6000,476.55,0.5961332675,2.5
6000,476.6,0.5961210054,2.5
6000,476.65,0.5961087685,2.5
6000,476.7,0.5960965568,2.5
6000,476.75,0.5960843701,2.5
6000,476.8,0.5960722087,2.5
6000,476.85,0.5960600724,2.5
6000,476.9,0.5960479613,2.5
6000,476.95,0.5960358754,2.5
6000,477,0.5960238147,2.5
6000,477.05,0.5960117791,2.5
6000,477.1,0.5959997688,2.5
6000,477.15,0.5959877837,2.5
6000,477.2,0.5959758237,2.5
6000,477.25,0.595963889,2.5
6000,477.3,0.5959519796,2.5
6000,477.35,0.5959400953,2.5
6000,477.4,0.5959282363,2.5
6000,477.45,0.5959164026,2.5
6000,477.5,0.595904594,2.5
6000,477.55,0.5958928108,2.5
6000,477.6,0.5958810528,2.5
6000,477.65,0.5958693201,2.5
6000,477.7,0.5958576127,2.5
6000,477.75,0.5958459305,2.5
6000,477.8,0.5958342736,2.5
6000,477.85,0.5958226421,2.5
6000,477.9,0.5958110358,2.5
6000,477.95,0.5957994548,2.5
6000,478,0.5957878992,2.5
6000,478.05,0.5957763688,2.5
6000,478.1,0.5957648638,2.5
6000,478.15,0.5957533842,2.5
6000,478.2,0.5957419298,2.5
6000,478.25,0.5957305008,2.5
6000,478.3,0.5957190972,2.5
6000,478.35,0.5957077189,2.5
6000,478.4,0.595696366,2.5
6000,478.45,0.5956850385,2.5
6000,478.5,0.5956737363,2.5
6000,478.55,0.5956624595,2.5
6000,478.6,0.5956512081,2.5
6000,478.65,0.5956399821,2.5
6000,478.7,0.5956287814,2.5
6000,478.75,0.5956176062,2.5
6000,478.8,0.5956064564,2.5
6000,478.85,0.595595332,2.5
6000,478.9,0.5955842331,2.5
6000,478.95,0.5955731596,2.5
6000,479,0.5955621115,2.5
6000,479.05,0.5955510888,2.5
6000,479.1,0.5955400916,2.5
6000,479.15,0.5955291198,2.5
6000,479.2,0.5955181735,2.5
6000,479.25,0.5955072527,2.5
6000,479.3,0.5954963573,2.5
6000,479.35,0.5954854874,2.5
6000,479.4,0.595474643,2.5
6000,479.45,0.5954638241,2.5
6000,479.5,0.5954530307,2.5
6000,479.55,0.5954422627,2.5
6000,479.6,0.5954315203,2.5
6000,479.65,0.5954208034,2.5
6000,479.7,0.595410112,2.5
6000,479.75,0.5953994461,2.5
6000,479.8,0.5953888058,2.5
6000,479.85,0.5953781909,2.5
6000,479.9,0.5953676017,2.5
6000,479.95,0.5953570379,2.5
6000,480,0.5953464997,2.5
6000,480.05,0.5953359871,2.5
6000,480.1,0.5953255,2.5
6000,480.15,0.5953150385,2.5
6000,480.2,0.5953046026,2.5
6000,480.25,0.5952941922,2.5
6000,480.3,0.5952838075,2.5
6000,480.35,0.5952734483,2.5
6000,480.4,0.5952631147,2.5
6000,480.45,0.5952528067,2.5
6000,480.5,0.5952425244,2.5
6000,480.55,0.5952322676,2.5
6000,480.6,0.5952220364,2.5
6000,480.65,0.5952118309,2.5
6000,480.7,0.595201651,2.5
6000,480.75,0.5951914967,2.5
6000,480.8,0.5951813681,2.5
6000,480.85,0.5951712651,2.5
6000,480.9,0.5951611878,2.5
6000,480.95,0.5951511361,2.5
6000,481,0.5951411101,2.5
6000,481.05,0.5951311098,2.5
6000,481.1,0.5951211351,2.5
6000,481.15,0.5951111861,2.5
6000,481.2,0.5951012627,2.5
6000,481.25,0.5950913651,2.5
6000,481.3,0.5950814932,2.5
6000,481.35,0.5950716469,2.5
6000,481.4,0.5950618264,2.5
6000,481.45,0.5950520315,2.5
6000,481.5,0.5950422624,2.5
6000,481.55,0.595032519,2.5
6000,481.6,0.5950228013,2.5
6000,481.65,0.5950131094,2.5
6000,481.7,0.5950034431,2.5
6000,481.75,0.5949938027,2.5
6000,481.8,0.5949841879,2.5
6000,481.85,0.5949745989,2.5
6000,481.9,0.5949650357,2.5
6000,481.95,0.5949554982,2.5
6000,482,0.5949459865,2.5
6000,482.05,0.5949365006,2.5
6000,482.1,0.5949270404,2.5
6000,482.15,0.5949176061,2.5
6000,482.2,0.5949081975,2.5
6000,482.25,0.5948988147,2.5
6000,482.3,0.5948894577,2.5
6000,482.35,0.5948801264,2.5
6000,482.4,0.594870821,2.5
6000,482.45,0.5948615414,2.5
6000,482.5,0.5948522877,2.5
6000,482.55,0.5948430597,2.5
6000,482.6,0.5948338576,2.5
6000,482.65,0.5948246813,2.5
6000,482.7,0.5948155308,2.5
6000,482.75,0.5948064062,2.5
6000,482.8,0.5947973074,2.5
6000,482.85,0.5947882345,2.5
6000,482.9,0.5947791874,2.5
6000,482.95,0.5947701662,2.5
6000,483,0.5947611708,2.5
6000,483.05,0.5947522013,2.5
6000,483.1,0.5947432577,2.5
6000,483.15,0.59473434,2.5
6000,483.2,0.5947254481,2.5
6000,483.25,0.5947165822,2.5
6000,483.3,0.5947077421,2.5
6000,483.35,0.594698928,2.5
6000,483.4,0.5946901397,2.5
6000,483.45,0.5946813773,2.5
6000,483.5,0.5946726409,2.5
6000,483.55,0.5946639304,2.5
6000,483.6,0.5946552457,2.5
6000,483.65,0.5946465871,2.5
6000,483.7,0.5946379543,2.5
6000,483.75,0.5946293475,2.5
6000,483.8,0.5946207666,2.5
6000,483.85,0.5946122117,2.5
6000,483.9,0.5946036827,2.5
6000,483.95,0.5945951797,2.5
6000,484,0.5945867026,2.5
6000,484.05,0.5945782515,2.5
6000,484.1,0.5945698263,2.5
6000,484.15,0.5945614272,2.5
6000,484.2,0.594553054,2.5
6000,484.25,0.5945447068,2.5
6000,484.3,0.5945363855,2.5
6000,484.35,0.5945280903,2.5
6000,484.4,0.5945198211,2.5
6000,484.45,0.5945115778,2.5
6000,484.5,0.5945033606,2.5
6000,484.55,0.5944951693,2.5
6000,484.6,0.5944870041,2.5
6000,484.65,0.5944788649,2.5
6000,484.7,0.5944707517,2.5
6000,484.75,0.5944626646,2.5
6000,484.8,0.5944546034,2.5
6000,484.85,0.5944465683,2.5
6000,484.9,0.5944385593,2.5
6000,484.95,0.5944305762,2.5
6000,485,0.5944226193,2.5
6000,485.05,0.5944146884,2.5
6000,485.1,0.5944067835,2.5
6000,485.15,0.5943989047,2.5
6000,485.2,0.5943910519,2.5
6000,485.25,0.5943832253,2.5
6000,485.3,0.5943754247,2.5
6000,485.35,0.5943676501,2.5
6000,485.4,0.5943599017,2.5
6000,485.45,0.5943521793,2.5
6000,485.5,0.5943444831,2.5
6000,485.55,0.5943368129,2.5
6000,485.6,0.5943291688,2.5
6000,485.65,0.5943215508,2.5
6000,485.7,0.5943139589,2.5
6000,485.75,0.5943063932,2.5
6000,485.8,0.5942988535,2.5
6000,485.85,0.59429134,2.5
6000,485.9,0.5942838526,2.5
6000,485.95,0.5942763913,2.5
6000,486,0.5942689561,2.5
6000,486.05,0.5942615471,2.5
6000,486.1,0.5942541642,2.5
6000,486.15,0.5942468075,2.5
6000,486.2,0.5942394768,2.5
6000,486.25,0.5942321724,2.5
6000,486.3,0.5942248941,2.5
6000,486.35,0.594217642,2.5
6000,486.4,0.594210416,2.5
6000,486.45,0.5942032162,2.5
6000,486.5,0.5941960425,2.5
6000,486.55,0.594188895,2.5
6000,486.6,0.5941817737,2.5
6000,486.65,0.5941746786,2.5
6000,486.7,0.5941676097,2.5
6000,486.75,0.5941605669,2.5
6000,486.8,0.5941535504,2.5
6000,486.85,0.59414656,2.5
6000,486.9,0.5941395958,2.5
6000,486.95,0.5941326579,2.5
6000,487,0.5941257461,2.5
6000,487.05,0.5941188606,2.5
6000,487.1,0.5941120013,2.5
6000,487.15,0.5941051682,2.5
6000,487.2,0.5940983613,2.5
6000,487.25,0.5940915806,2.5
6000,487.3,0.5940848262,2.5
6000,487.35,0.594078098,2.5
6000,487.4,0.594071396,2.5
6000,487.45,0.5940647203,2.5
6000,487.5,0.5940580708,2.5
6000,487.55,0.5940514476,2.5
6000,487.6,0.5940448506,2.5
6000,487.65,0.5940382798,2.5
6000,487.7,0.5940317354,2.5
6000,487.75,0.5940252172,2.5
6000,487.8,0.5940187252,2.5
6000,487.85,0.5940122595,2.5
6000,487.9,0.5940058201,2.5
6000,487.95,0.593999407,2.5
6000,488,0.5939930201,2.5
6000,488.05,0.5939866596,2.5
6000,488.1,0.5939803253,2.5
6000,488.15,0.5939740173,2.5
6000,488.2,0.5939677356,2.5
6000,488.25,0.5939614801,2.5
6000,488.3,0.593955251,2.5
6000,488.35,0.5939490482,2.5
6000,488.4,0.5939428717,2.5
6000,488.45,0.5939367215,2.5
6000,488.5,0.5939305976,2.5
6000,488.55,0.5939245001,2.5
6000,488.6,0.5939184288,2.5
6000,488.65,0.5939123839,2.5
6000,488.7,0.5939063653,2.5
6000,488.75,0.593900373,2.5
6000,488.8,0.593894407,2.5
6000,488.85,0.5938884674,2.5
6000,488.9,0.5938825542,2.5
6000,488.95,0.5938766672,2.5
6000,489,0.5938708067,2.5
6000,489.05,0.5938649724,2.5
6000,489.1,0.5938591645,2.5
6000,489.15,0.593853383,2.5
6000,489.2,0.5938476278,2.5
6000,489.25,0.593841899,2.5
6000,489.3,0.5938361965,2.5
6000,489.35,0.5938305205,2.5
6000,489.4,0.5938248707,2.5
6000,489.45,0.5938192474,2.5
6000,489.5,0.5938136504,2.5
6000,489.55,0.5938080798,2.5
6000,489.6,0.5938025356,2.5
6000,489.65,0.5937970178,2.5
6000,489.7,0.5937915264,2.5
6000,489.75,0.5937860613,2.5
6000,489.8,0.5937806227,2.5
6000,489.85,0.5937752104,2.5
6000,489.9,0.5937698245,2.5
6000,489.95,0.5937644651,2.5
6000,490,0.593759132,2.5
6000,490.05,0.5937538254,2.5
6000,490.1,0.5937485451,2.5
6000,490.15,0.5937432913,2.5
6000,490.2,0.5937380639,2.5
6000,490.25,0.5937328629,2.5
6000,490.3,0.5937276884,2.5
6000,490.35,0.5937225402,2.5
6000,490.4,0.5937174185,2.5
6000,490.45,0.5937123232,2.5
6000,490.5,0.5937072544,2.5
6000,490.55,0.593702212,2.5
6000,490.6,0.593697196,2.5
6000,490.65,0.5936922065,2.5
6000,490.7,0.5936872434,2.5
6000,490.75,0.5936823067,2.5
6000,490.8,0.5936773965,2.5
6000,490.85,0.5936725128,2.5
6000,490.9,0.5936676555,2.5
6000,490.95,0.5936628247,2.5
6000,491,0.5936580203,2.5
6000,491.05,0.5936532424,2.5
6000,491.1,0.593648491,2.5
6000,491.15,0.593643766,2.5
6000,491.2,0.5936390675,2.5
6000,491.25,0.5936343954,2.5
6000,491.3,0.5936297499,2.5
6000,491.35,0.5936251308,2.5
6000,491.4,0.5936205382,2.5
6000,491.45,0.5936159721,2.5
6000,491.5,0.5936114324,2.5
6000,491.55,0.5936069193,2.5
6000,491.6,0.5936024326,2.5
6000,491.65,0.5935979725,2.5
6000,491.7,0.5935935388,2.5
6000,491.75,0.5935891316,2.5
6000,491.8,0.5935847509,2.5
6000,491.85,0.5935803968,2.5
6000,491.9,0.5935760691,2.5
6000,491.95,0.5935717679,2.5
6000,492,0.5935674933,2.5
6000,492.05,0.5935632451,2.5
6000,492.1,0.5935590235,2.5
6000,492.15,0.5935548284,2.5
6000,492.2,0.5935506598,2.5
6000,492.25,0.5935465177,2.5
6000,492.3,0.5935424022,2.5
6000,492.35,0.5935383131,2.5
6000,492.4,0.5935342506,2.5
6000,492.45,0.5935302147,2.5
6000,492.5,0.5935262052,2.5
6000,492.55,0.5935222223,2.5
6000,492.6,0.5935182659,2.5
6000,492.65,0.5935143361,2.5
6000,492.7,0.5935104328,2.5
6000,492.75,0.593506556,2.5
6000,492.8,0.5935027058,2.5
6000,492.85,0.5934988822,2.5
6000,492.9,0.5934950851,2.5
6000,492.95,0.5934913145,2.5
6000,493,0.5934875705,2.5
6000,493.05,0.593483853,2.5
6000,493.1,0.5934801621,2.5
6000,493.15,0.5934764978,2.5
6000,493.2,0.59347286,2.5
6000,493.25,0.5934692488,2.5
6000,493.3,0.5934656641,2.5
6000,493.35,0.593462106,2.5
6000,493.4,0.5934585745,2.5
6000,493.45,0.5934550695,2.5
6000,493.5,0.5934515911,2.5
6000,493.55,0.5934481393,2.5
6000,493.6,0.5934447141,2.5
6000,493.65,0.5934413154,2.5
6000,493.7,0.5934379433,2.5
6000,493.75,0.5934345978,2.5
6000,493.8,0.5934312789,2.5
6000,493.85,0.5934279866,2.5
6000,493.9,0.5934247208,2.5
6000,493.95,0.5934214817,2.5
6000,494,0.5934182691,2.5
6000,494.05,0.5934150831,2.5
6000,494.1,0.5934119238,2.5
6000,494.15,0.593408791,2.5
6000,494.2,0.5934056848,2.5
6000,494.25,0.5934026052,2.5
6000,494.3,0.5933995522,2.5
6000,494.35,0.5933965258,2.5
6000,494.4,0.593393526,2.5
6000,494.45,0.5933905528,2.5
6000,494.5,0.5933876063,2.5
6000,494.55,0.5933846863,2.5
6000,494.6,0.5933817929,2.5
6000,494.65,0.5933789262,2.5
6000,494.7,0.593376086,2.5
6000,494.75,0.5933732725,2.5
6000,494.8,0.5933704856,2.5
6000,494.85,0.5933677253,2.5
6000,494.9,0.5933649917,2.5
6000,494.95,0.5933622846,2.5
6000,495,0.5933596042,2.5
6000,495.05,0.5933569504,2.5
6000,495.1,0.5933543232,2.5
6000,495.15,0.5933517226,2.5
6000,495.2,0.5933491487,2.5
6000,495.25,0.5933466014,2.5
6000,495.3,0.5933440807,2.5
6000,495.35,0.5933415867,2.5
6000,495.4,0.5933391193,2.5
6000,495.45,0.5933366785,2.5
6000,495.5,0.5933342644,2.5
6000,495.55,0.5933318769,2.5
6000,495.6,0.5933295161,2.5
6000,495.65,0.5933271818,2.5
6000,495.7,0.5933248743,2.5
6000,495.75,0.5933225933,2.5
6000,495.8,0.593320339,2.5
6000,495.85,0.5933181114,2.5
6000,495.9,0.5933159104,2.5
6000,495.95,0.593313736,2.5
6000,496,0.5933115883,2.5
6000,496.05,0.5933094672,2.5
6000,496.1,0.5933073728,2.5
6000,496.15,0.5933053051,2.5
6000,496.2,0.593303264,2.5
6000,496.25,0.5933012495,2.5
6000,496.3,0.5932992617,2.5
6000,496.35,0.5932973006,2.5
6000,496.4,0.5932953661,2.5
6000,496.45,0.5932934583,2.5
6000,496.5,0.5932915771,2.5
6000,496.55,0.5932897226,2.5
6000,496.6,0.5932878947,2.5
6000,496.65,0.5932860936,2.5
6000,496.7,0.593284319,2.5
6000,496.75,0.5932825712,2.5
6000,496.8,0.59328085,2.5
6000,496.85,0.5932791555,2.5
6000,496.9,0.5932774876,2.5
6000,496.95,0.5932758464,2.5
6000,497,0.5932742319,2.5
6000,497.05,0.593272644,2.5
6000,497.1,0.5932710828,2.5
6000,497.15,0.5932695483,2.5
6000,497.2,0.5932680405,2.5
6000,497.25,0.5932665593,2.5
6000,497.3,0.5932651048,2.5
6000,497.35,0.593263677,2.5
6000,497.4,0.5932622758,2.5
6000,497.45,0.5932609013,2.5
6000,497.5,0.5932595536,2.5
6000,497.55,0.5932582324,2.5
6000,497.6,0.593256938,2.5
6000,497.65,0.5932556702,2.5
6000,497.7,0.5932544291,2.5
6000,497.75,0.5932532147,2.5
6000,497.8,0.593252027,2.5
6000,497.85,0.593250866,2.5
6000,497.9,0.5932497316,2.5
6000,497.95,0.5932486239,2.5
6000,498,0.5932475429,2.5
6000,498.05,0.5932464886,2.5
6000,498.1,0.593245461,2.5
6000,498.15,0.5932444601,2.5
6000,498.2,0.5932434858,2.5
6000,498.25,0.5932425382,2.5
6000,498.3,0.5932416173,2.5
6000,498.35,0.5932407231,2.5
6000,498.4,0.5932398556,2.5
6000,498.45,0.5932390148,2.5
6000,498.5,0.5932382007,2.5
6000,498.55,0.5932374132,2.5
6000,498.6,0.5932366525,2.5
6000,498.65,0.5932359184,2.5
6000,498.7,0.593235211,2.5
6000,498.75,0.5932345303,2.5
6000,498.8,0.5932338763,2.5
6000,498.85,0.593233249,2.5
6000,498.9,0.5932326484,2.5
6000,498.95,0.5932320745,2.5
6000,499,0.5932315273,2.5
6000,499.05,0.5932310067,2.5
6000,499.1,0.5932305129,2.5
6000,499.15,0.5932300457,2.5
6000,499.2,0.5932296053,2.5
6000,499.25,0.5932291915,2.5
6000,499.3,0.5932288044,2.5
6000,499.35,0.5932284441,2.5
6000,499.4,0.5932281104,2.5
6000,499.45,0.5932278034,2.5
6000,499.5,0.5932275231,2.5
6000,499.55,0.5932272695,2.5
6000,499.6,0.5932270426,2.5
6000,499.65,0.5932268424,2.5
6000,499.7,0.5932266688,2.5
6000,499.75,0.593226522,2.5
6000,499.8,0.5932264019,2.5
6000,499.85,0.5932263085,2.5
6000,499.9,0.5932262417,2.5
6000,499.95,0.5932262017,2.5
6000,500,0.5932261883,2.5
6000,500.05,0.5932262017,2.5
6000,500.1,0.5932262417,2.5
6000,500.15,0.5932263085,2.5
6000,500.2,0.5932264019,2.5
6000,500.25,0.593226522,2.5
6000,500.3,0.5932266688,2.5
6000,500.35,0.5932268424,2.5
6000,500.4,0.5932270426,2.5
6000,500.45,0.5932272695,2.5
6000,500.5,0.5932275231,2.5
6000,500.55,0.5932278034,2.5
6000,500.6,0.5932281104,2.5
6000,500.65,0.5932284441,2.5
6000,500.7,0.5932288044,2.5
6000,500.75,0.5932291915,2.5
6000,500.8,0.5932296053,2.5
6000,500.85,0.5932300457,2.5
6000,500.9,0.5932305129,2.5
6000,500.95,0.5932310067,2.5
6000,501,0.5932315273,2.5
6000,501.05,0.5932320745,2.5
6000,501.1,0.5932326484,2.5
6000,501.15,0.593233249,2.5
6000,501.2,0.5932338763,2.5
6000,501.25,0.5932345303,2.5
6000,501.3,0.593235211,2.5
6000,501.35,0.5932359184,2.5
6000,501.4,0.5932366525,2.5
6000,501.45,0.5932374132,2.5
6000,501.5,0.5932382007,2.5
6000,501.55,0.5932390148,2.5
6000,501.6,0.5932398556,2.5
6000,501.65,0.5932407231,2.5
6000,501.7,0.5932416173,2.5
6000,501.75,0.5932425382,2.5
6000,501.8,0.5932434858,2.5
6000,501.85,0.5932444601,2.5
6000,501.9,0.593245461,2.5
6000,501.95,0.5932464886,2.5
6000,502,0.5932475429,2.5
6000,502.05,0.5932486239,2.5
6000,502.1,0.5932497316,2.5
6000,502.15,0.593250866,2.5
6000,502.2,0.593252027,2.5
6000,502.25,0.5932532147,2.5
6000,502.3,0.5932544291,2.5
6000,502.35,0.5932556702,2.5
6000,502.4,0.593256938,2.5
6000,502.45,0.5932582324,2.5
6000,502.5,0.5932595536,2.5
6000,502.55,0.5932609013,2.5
6000,502.6,0.5932622758,2.5
6000,502.65,0.593263677,2.5
6000,502.7,0.5932651048,2.5
6000,502.75,0.5932665593,2.5
6000,502.8,0.5932680405,2.5
6000,502.85,0.5932695483,2.5
6000,502.9,0.5932710828,2.5
6000,502.95,0.593272644,2.5
6000,503,0.5932742319,2.5
6000,503.05,0.5932758464,2.5
6000,503.1,0.5932774876,2.5
6000,503.15,0.5932791555,2.5
6000,503.2,0.59328085,2.5
6000,503.25,0.5932825712,2.5
6000,503.3,0.593284319,2.5
6000,503.35,0.5932860936,2.5
6000,503.4,0.5932878947,2.5
6000,503.45,0.5932897226,2.5
6000,503.5,0.5932915771,2.5
6000,503.55,0.5932934583,2.5
6000,503.6,0.5932953661,2.5
6000,503.65,0.5932973006,2.5
6000,503.7,0.5932992617,2.5
6000,503.75,0.5933012495,2.5
6000,503.8,0.593303264,2.5
6000,503.85,0.5933053051,2.5
6000,503.9,0.5933073728,2.5
6000,503.95,0.5933094672,2.5
6000,504,0.5933115883,2.5
6000,504.05,0.593313736,2.5
6000,504.1,0.5933159104,2.5
6000,504.15,0.5933181114,2.5
6000,504.2,0.593320339,2.5
6000,504.25,0.5933225933,2.5
6000,504.3,0.5933248743,2.5
6000,504.35,0.5933271818,2.5
6000,504.4,0.5933295161,2.5
6000,504.45,0.5933318769,2.5
6000,504.5,0.5933342644,2.5
6000,504.55,0.5933366785,2.5
6000,504.6,0.5933391193,2.5
6000,504.65,0.5933415867,2.5
6000,504.7,0.5933440807,2.5
6000,504.75,0.5933466014,2.5
6000,504.8,0.5933491487,2.5
6000,504.85,0.5933517226,2.5
6000,504.9,0.5933543232,2.5
6000,504.95,0.5933569504,2.5
6000,505,0.5933596042,2.5
6000,505.05,0.5933622846,2.5
6000,505.1,0.5933649917,2.5
6000,505.15,0.5933677253,2.5
6000,505.2,0.5933704856,2.5
6000,505.25,0.5933732725,2.5
6000,505.3,0.593376086,2.5
6000,505.35,0.5933789262,2.5
6000,505.4,0.5933817929,2.5
6000,505.45,0.5933846863,2.5
6000,505.5,0.5933876063,2.5
6000,505.55,0.5933905528,2.5
6000,505.6,0.593393526,2.5
6000,505.65,0.5933965258,2.5
6000,505.7,0.5933995522,2.5
6000,505.75,0.5934026052,2.5
6000,505.8,0.5934056848,2.5
6000,505.85,0.593408791,2.5
6000,505.9,0.5934119238,2.5
6000,505.95,0.5934150831,2.5
6000,506,0.5934182691,2.5
6000,506.05,0.5934214817,2.5
6000,506.1,0.5934247208,2.5
6000,506.15,0.5934279866,2.5
6000,506.2,0.5934312789,2.5
6000,506.25,0.5934345978,2.5
6000,506.3,0.5934379433,2.5
6000,506.35,0.5934413154,2.5
6000,506.4,0.5934447141,2.5
6000,506.45,0.5934481393,2.5
6000,506.5,0.5934515911,2.5
6000,506.55,0.5934550695,2.5
6000,506.6,0.5934585745,2.5
6000,506.65,0.593462106,2.5
6000,506.7,0.5934656641,2.5
6000,506.75,0.5934692488,2.5
6000,506.8,0.59347286,2.5
6000,506.85,0.5934764978,2.5
6000,506.9,0.5934801621,2.5
6000,506.95,0.593483853,2.5
6000,507,0.5934875705,2.5
6000,507.05,0.5934913145,2.5
6000,507.1,0.5934950851,2.5
6000,507.15,0.5934988822,2.5
6000,507.2,0.5935027058,2.5
6000,507.25,0.593506556,2.5
6000,507.3,0.5935104328,2.5
6000,507.35,0.5935143361,2.5
6000,507.4,0.5935182659,2.5
6000,507.45,0.5935222223,2.5
6000,507.5,0.5935262052,2.5
6000,507.55,0.5935302147,2.5
6000,507.6,0.5935342506,2.5
6000,507.65,0.5935383131,2.5
6000,507.7,0.5935424022,2.5
6000,507.75,0.5935465177,2.5
6000,507.8,0.5935506598,2.5
6000,507.85,0.5935548284,2.5
6000,507.9,0.5935590235,2.5
6000,507.95,0.5935632451,2.5
6000,508,0.5935674933,2.5
6000,508.05,0.5935717679,2.5
6000,508.1,0.5935760691,2.5
6000,508.15,0.5935803968,2.5
6000,508.2,0.5935847509,2.5
6000,508.25,0.5935891316,2.5
6000,508.3,0.5935935388,2.5
6000,508.35,0.5935979725,2.5
6000,508.4,0.5936024326,2.5
6000,508.45,0.5936069193,2.5
6000,508.5,0.5936114324,2.5
6000,508.55,0.5936159721,2.5
6000,508.6,0.5936205382,2.5
6000,508.65,0.5936251308,2.5
6000,508.7,0.5936297499,2.5
6000,508.75,0.5936343954,2.5
6000,508.8,0.5936390675,2.5
6000,508.85,0.593643766,2.5
6000,508.9,0.593648491,2.5
6000,508.95,0.5936532424,2.5
6000,509,0.5936580203,2.5
6000,509.05,0.5936628247,2.5
6000,509.1,0.5936676555,2.5
6000,509.15,0.5936725128,2.5
6000,509.2,0.5936773965,2.5
6000,509.25,0.5936823067,2.5
6000,509.3,0.5936872434,2.5
6000,509.35,0.5936922065,2.5
6000,509.4,0.593697196,2.5
6000,509.45,0.593702212,2.5
6000,509.5,0.5937072544,2.5
6000,509.55,0.5937123232,2.5
6000,509.6,0.5937174185,2.5
6000,509.65,0.5937225402,2.5
6000,509.7,0.5937276884,2.5
6000,509.75,0.5937328629,2.5
6000,509.8,0.5937380639,2.5
6000,509.85,0.5937432913,2.5
6000,509.9,0.5937485451,2.5
6000,509.95,0.5937538254,2.5
6000,510,0.593759132,2.5
6000,510.05,0.5937644651,2.5
6000,510.1,0.5937698245,2.5
6000,510.15,0.5937752104,2.5
6000,510.2,0.5937806227,2.5
6000,510.25,0.5937860613,2.5
6000,510.3,0.5937915264,2.5
6000,510.35,0.5937970178,2.5
6000,510.4,0.5938025356,2.5
6000,510.45,0.5938080798,2.5
6000,510.5,0.5938136504,2.5
6000,510.55,0.5938192474,2.5
6000,510.6,0.5938248707,2.5
6000,510.65,0.5938305205,2.5
6000,510.7,0.5938361965,2.5
6000,510.75,0.593841899,2.5
6000,510.8,0.5938476278,2.5
6000,510.85,0.593853383,2.5
6000,510.9,0.5938591645,2.5
6000,510.95,0.5938649724,2.5
6000,511,0.5938708067,2.5
6000,511.05,0.5938766672,2.5
6000,511.1,0.5938825542,2.5
6000,511.15,0.5938884674,2.5
6000,511.2,0.593894407,2.5
6000,511.25,0.593900373,2.5
6000,511.3,0.5939063653,2.5
6000,511.35,0.5939123839,2.5
6000,511.4,0.5939184288,2.5
6000,511.45,0.5939245001,2.5
6000,511.5,0.5939305976,2.5
6000,511.55,0.5939367215,2.5
6000,511.6,0.5939428717,2.5
6000,511.65,0.5939490482,2.5
6000,511.7,0.593955251,2.5
6000,511.75,0.5939614801,2.5
6000,511.8,0.5939677356,2.5
6000,511.85,0.5939740173,2.5
6000,511.9,0.5939803253,2.5
6000,511.95,0.5939866596,2.5
6000,512,0.5939930201,2.5
6000,512.05,0.593999407,2.5
6000,512.1,0.5940058201,2.5
6000,512.15,0.5940122595,2.5
6000,512.2,0.5940187252,2.5
6000,512.25,0.5940252172,2.5
6000,512.3,0.5940317354,2.5
6000,512.35,0.5940382798,2.5
6000,512.4,0.5940448506,2.5
6000,512.45,0.5940514476,2.5
6000,512.5,0.5940580708,2.5
6000,512.55,0.5940647203,2.5
6000,512.6,0.594071396,2.5
6000,512.65,0.594078098,2.5
6000,512.7,0.5940848262,2.5
6000,512.75,0.5940915806,2.5
6000,512.8,0.5940983613,2.5
6000,512.85,0.5941051682,2.5
6000,512.9,0.5941120013,2.5
6000,512.95,0.5941188606,2.5
6000,513,0.5941257461,2.5
6000,513.05,0.5941326579,2.5
6000,513.1,0.5941395958,2.5
6000,513.15,0.59414656,2.5
6000,513.2,0.5941535504,2.5
6000,513.25,0.5941605669,2.5
6000,513.3,0.5941676097,2.5
6000,513.35,0.5941746786,2.5
6000,513.4,0.5941817737,2.5
6000,513.45,0.594188895,2.5
6000,513.5,0.5941960425,2.5
6000,513.55,0.5942032162,2.5
6000,513.6,0.594210416,2.5
6000,513.65,0.594217642,2.5
6000,513.7,0.5942248941,2.5
6000,513.75,0.5942321724,2.5
6000,513.8,0.5942394768,2.5
6000,513.85,0.5942468075,2.5
6000,513.9,0.5942541642,2.5
6000,513.95,0.5942615471,2.5
6000,514,0.5942689561,2.5
6000,514.05,0.5942763913,2.5
6000,514.1,0.5942838526,2.5
6000,514.15,0.59429134,2.5
6000,514.2,0.5942988535,2.5
6000,514.25,0.5943063932,2.5
6000,514.3,0.5943139589,2.5
6000,514.35,0.5943215508,2.5
6000,514.4,0.5943291688,2.5
6000,514.45,0.5943368129,2.5
6000,514.5,0.5943444831,2.5
6000,514.55,0.5943521793,2.5
6000,514.6,0.5943599017,2.5
6000,514.65,0.5943676501,2.5
6000,514.7,0.5943754247,2.5
6000,514.75,0.5943832253,2.5
6000,514.8,0.5943910519,2.5
6000,514.85,0.5943989047,2.5
6000,514.9,0.5944067835,2.5
6000,514.95,0.5944146884,2.5
6000,515,0.5944226193,2.5
6000,515.05,0.5944305762,2.5
6000,515.1,0.5944385593,2.5
6000,515.15,0.5944465683,2.5
6000,515.2,0.5944546034,2.5
6000,515.25,0.5944626646,2.5
6000,515.3,0.5944707517,2.5
6000,515.35,0.5944788649,2.5
6000,515.4,0.5944870041,2.5
6000,515.45,0.5944951693,2.5
6000,515.5,0.5945033606,2.5
6000,515.55,0.5945115778,2.5
6000,515.6,0.5945198211,2.5
6000,515.65,0.5945280903,2.5
6000,515.7,0.5945363855,2.5
6000,515.75,0.5945447068,2.5
6000,515.8,0.594553054,2.5
6000,515.85,0.5945614272,2.5
6000,515.9,0.5945698263,2.5
6000,515.95,0.5945782515,2.5
6000,516,0.5945867026,2.5
6000,516.05,0.5945951797,2.5
6000,516.1,0.5946036827,2.5
6000,516.15,0.5946122117,2.5
6000,516.2,0.5946207666,2.5
6000,516.25,0.5946293475,2.5
6000,516.3,0.5946379543,2.5
6000,516.35,0.5946465871,2.5
6000,516.4,0.5946552457,2.5
6000,516.45,0.5946639304,2.5
6000,516.5,0.5946726409,2.5
6000,516.55,0.5946813773,2.5
6000,516.6,0.5946901397,2.5
6000,516.65,0.594698928,2.5
6000,516.7,0.5947077421,2.5
6000,516.75,0.5947165822,2.5
6000,516.8,0.5947254481,2.5
6000,516.85,0.59473434,2.5
6000,516.9,0.5947432577,2.5
6000,516.95,0.5947522013,2.5
6000,517,0.5947611708,2.5
6000,517.05,0.5947701662,2.5
6000,517.1,0.5947791874,2.5
6000,517.15,0.5947882345,2.5
6000,517.2,0.5947973074,2.5
6000,517.25,0.5948064062,2.5
6000,517.3,0.5948155308,2.5
6000,517.35,0.5948246813,2.5
6000,517.4,0.5948338576,2.5
6000,517.45,0.5948430597,2.5
6000,517.5,0.5948522877,2.5
6000,517.55,0.5948615414,2.5
6000,517.6,0.594870821,2.5
6000,517.65,0.5948801264,2.5
6000,517.7,0.5948894577,2.5
6000,517.75,0.5948988147,2.5
6000,517.8,0.5949081975,2.5
6000,517.85,0.5949176061,2.5
6000,517.9,0.5949270404,2.5
6000,517.95,0.5949365006,2.5
6000,518,0.5949459865,2.5
6000,518.05,0.5949554982,2.5
6000,518.1,0.5949650357,2.5
6000,518.15,0.5949745989,2.5
6000,518.2,0.5949841879,2.5
6000,518.25,0.5949938027,2.5
6000,518.3,0.5950034431,2.5
6000,518.35,0.5950131094,2.5
6000,518.4,0.5950228013,2.5
6000,518.45,0.595032519,2.5
6000,518.5,0.5950422624,2.5
6000,518.55,0.5950520315,2.5
6000,518.6,0.5950618264,2.5
6000,518.65,0.5950716469,2.5
6000,518.7,0.5950814932,2.5
6000,518.75,0.5950913651,2.5
6000,518.8,0.5951012627,2.5
6000,518.85,0.5951111861,2.5
6000,518.9,0.5951211351,2.5
6000,518.95,0.5951311098,2.5
6000,519,0.5951411101,2.5
6000,519.05,0.5951511361,2.5
6000,519.1,0.5951611878,2.5
6000,519.15,0.5951712651,2.5
6000,519.2,0.5951813681,2.5
6000,519.25,0.5951914967,2.5
6000,519.3,0.595201651,2.5
6000,519.35,0.5952118309,2.5
6000,519.4,0.5952220364,2.5
6000,519.45,0.5952322676,2.5
6000,519.5,0.5952425244,2.5
6000,519.55,0.5952528067,2.5
6000,519.6,0.5952631147,2.5
6000,519.65,0.5952734483,2.5
6000,519.7,0.5952838075,2.5
6000,519.75,0.5952941922,2.5
6000,519.8,0.5953046026,2.5
6000,519.85,0.5953150385,2.5
6000,519.9,0.5953255,2.5
6000,519.95,0.5953359871,2.5
6000,520,0.5953464997,2.5
6000,520.05,0.5953570379,2.5
6000,520.1,0.5953676017,2.5
6000,520.15,0.5953781909,2.5
6000,520.2,0.5953888058,2.5
6000,520.25,0.5953994461,2.5
6000,520.3,0.595410112,2.5
6000,520.35,0.5954208034,2.5
6000,520.4,0.5954315203,2.5
6000,520.45,0.5954422627,2.5
6000,520.5,0.5954530307,2.5
6000,520.55,0.5954638241,2.5
6000,520.6,0.595474643,2.5
6000,520.65,0.5954854874,2.5
6000,520.7,0.5954963573,2.5
6000,520.75,0.5955072527,2.5
6000,520.8,0.5955181735,2.5
6000,520.85,0.5955291198,2.5
6000,520.9,0.5955400916,2.5
6000,520.95,0.5955510888,2.5
6000,521,0.5955621115,2.5
6000,521.05,0.5955731596,2.5
6000,521.1,0.5955842331,2.5
6000,521.15,0.595595332,2.5
6000,521.2,0.5956064564,2.5
6000,521.25,0.5956176062,2.5
6000,521.3,0.5956287814,2.5
6000,521.35,0.5956399821,2.5
6000,521.4,0.5956512081,2.5
6000,521.45,0.5956624595,2.5
6000,521.5,0.5956737363,2.5
6000,521.55,0.5956850385,2.5
6000,521.6,0.595696366,2.5
6000,521.65,0.5957077189,2.5
6000,521.7,0.5957190972,2.5
6000,521.75,0.5957305008,2.5
6000,521.8,0.5957419298,2.5
6000,521.85,0.5957533842,2.5
6000,521.9,0.5957648638,2.5
6000,521.95,0.5957763688,2.5
6000,522,0.5957878992,2.5
6000,522.05,0.5957994548,2.5
6000,522.1,0.5958110358,2.5
6000,522.15,0.5958226421,2.5
6000,522.2,0.5958342736,2.5
6000,522.25,0.5958459305,2.5
6000,522.3,0.5958576127,2.5
6000,522.35,0.5958693201,2.5
6000,522.4,0.5958810528,2.5
6000,522.45,0.5958928108,2.5
6000,522.5,0.595904594,2.5
6000,522.55,0.5959164026,2.5
6000,522.6,0.5959282363,2.5
6000,522.65,0.5959400953,2.5
6000,522.7,0.5959519796,2.5
6000,522.75,0.595963889,2.5
6000,522.8,0.5959758237,2.5
6000,522.85,0.5959877837,2.5
6000,522.9,0.5959997688,2.5
6000,522.95,0.5960117791,2.5
6000,523,0.5960238147,2.5
6000,523.05,0.5960358754,2.5
6000,523.1,0.5960479613,2.5
6000,523.15,0.5960600724,2.5
6000,523.2,0.5960722087,2.5
6000,523.25,0.5960843701,2.5
6000,523.3,0.5960965568,2.5
6000,523.35,0.5961087685,2.5
6000,523.4,0.5961210054,2.5
6000,523.45,0.5961332675,2.5
6000,523.5,0.5961455547,2.5
6000,523.55,0.596157867,2.5
6000,523.6,0.5961702044,2.5
6000,523.65,0.596182567,2.5
6000,523.7,0.5961949547,2.5
6000,523.75,0.5962073674,2.5
6000,523.8,0.5962198053,2.5
6000,523.85,0.5962322683,2.5
6000,523.9,0.5962447563,2.5
6000,523.95,0.5962572694,2.5
6000,524,0.5962698076,2.5
6000,524.05,0.5962823708,2.5
6000,524.1,0.5962949591,2.5
6000,524.15,0.5963075725,2.5
6000,524.2,0.5963202109,2.5
6000,524.25,0.5963328743,2.5
6000,524.3,0.5963455628,2.5
6000,524.35,0.5963582763,2.5
6000,524.4,0.5963710148,2.5
6000,524.45,0.5963837783,2.5
6000,524.5,0.5963965668,2.5
6000,524.55,0.5964093803,2.5
6000,524.6,0.5964222188,2.5
6000,524.65,0.5964350823,2.5
6000,524.7,0.5964479707,2.5
6000,524.75,0.5964608841,2.5
6000,524.8,0.5964738225,2.5
6000,524.85,0.5964867859,2.5
6000,524.9,0.5964997741,2.5
6000,524.95,0.5965127874,2.5
6000,525,0.5965258255,2.5
6000,525.05,0.5965388886,2.5
6000,525.1,0.5965519766,2.5
6000,525.15,0.5965650895,2.5
6000,525.2,0.5965782273,2.5
6000,525.25,0.5965913901,2.5
6000,525.3,0.5966045777,2.5
6000,525.35,0.5966177902,2.5
6000,525.4,0.5966310276,2.5
6000,525.45,0.5966442898,2.5
6000,525.5,0.5966575769,2.5
6000,525.55,0.5966708889,2.5
6000,525.6,0.5966842257,2.5
6000,525.65,0.5966975874,2.5
6000,525.7,0.5967109738,2.5
6000,525.75,0.5967243852,2.5
6000,525.8,0.5967378213,2.5
6000,525.85,0.5967512823,2.5
6000,525.9,0.596764768,2.5
6000,525.95,0.5967782786,2.5
6000,526,0.596791814,2.5
6000,526.05,0.5968053741,2.5
6000,526.1,0.596818959,2.5
6000,526.15,0.5968325687,2.5
6000,526.2,0.5968462032,2.5
6000,526.25,0.5968598624,2.5
6000,526.3,0.5968735463,2.5
6000,526.35,0.596887255,2.5
6000,526.4,0.5969009885,2.5
6000,526.45,0.5969147466,2.5
6000,526.5,0.5969285295,2.5
6000,526.55,0.5969423371,2.5
6000,526.6,0.5969561694,2.5
6000,526.65,0.5969700264,2.5
6000,526.7,0.5969839081,2.5
6000,526.75,0.5969978145,2.5
6000,526.8,0.5970117455,2.5
6000,526.85,0.5970257012,2.5
6000,526.9,0.5970396816,2.5
6000,526.95,0.5970536867,2.5
6000,527,0.5970677163,2.5
6000,527.05,0.5970817707,2.5
6000,527.1,0.5970958496,2.5
6000,527.15,0.5971099532,2.5
6000,527.2,0.5971240814,2.5
6000,527.25,0.5971382342,2.5
6000,527.3,0.5971524116,2.5
6000,527.35,0.5971666136,2.5
6000,527.4,0.5971808401,2.5
6000,527.45,0.5971950913,2.5
6000,527.5,0.597209367,2.5
6000,527.55,0.5972236673,2.5
6000,527.6,0.5972379922,2.5
6000,527.65,0.5972523416,2.5
6000,527.7,0.5972667155,2.5
6000,527.75,0.597281114,2.5
6000,527.8,0.597295537,2.5
6000,527.85,0.5973099845,2.5
6000,527.9,0.5973244565,2.5
6000,527.95,0.5973389531,2.5
6000,528,0.5973534741,2.5
6000,528.05,0.5973680196,2.5
6000,528.1,0.5973825896,2.5
6000,528.15,0.5973971841,2.5
6000,528.2,0.597411803,2.5
6000,528.25,0.5974264464,2.5
6000,528.3,0.5974411142,2.5
6000,528.35,0.5974558065,2.5
6000,528.4,0.5974705232,2.5
6000,528.45,0.5974852643,2.5
6000,528.5,0.5975000299,2.5
6000,528.55,0.5975148198,2.5
6000,528.6,0.5975296342,2.5
6000,528.65,0.5975444729,2.5
6000,528.7,0.5975593361,2.5
6000,528.75,0.5975742236,2.5
6000,528.8,0.5975891355,2.5
6000,528.85,0.5976040717,2.5
6000,528.9,0.5976190323,2.5
6000,528.95,0.5976340173,2.5
6000,529,0.5976490266,2.5
6000,529.05,0.5976640602,2.5
6000,529.1,0.5976791182,2.5
6000,529.15,0.5976942004,2.5
6000,529.2,0.597709307,2.5
6000,529.25,0.5977244379,2.5
6000,529.3,0.597739593,2.5
6000,529.35,0.5977547725,2.5
6000,529.4,0.5977699762,2.5
6000,529.45,0.5977852041,2.5
6000,529.5,0.5978004564,2.5
6000,529.55,0.5978157329,2.5
6000,529.6,0.5978310336,2.5
6000,529.65,0.5978463586,2.5
6000,529.7,0.5978617078,2.5
6000,529.75,0.5978770812,2.5
6000,529.8,0.5978924788,2.5
6000,529.85,0.5979079006,2.5
6000,529.9,0.5979233467,2.5
6000,529.95,0.5979388169,2.5
6000,530,0.5979543113,2.5
6000,530.05,0.5979698298,2.5
6000,530.1,0.5979853725,2.5
6000,530.15,0.5980009394,2.5
6000,530.2,0.5980165304,2.5
6000,530.25,0.5980321456,2.5
6000,530.3,0.5980477848,2.5
6000,530.35,0.5980634482,2.5
6000,530.4,0.5980791357,2.5
6000,530.45,0.5980948473,2.5
6000,530.5,0.5981105831,2.5
6000,530.55,0.5981263429,2.5
6000,530.6,0.5981421267,2.5
6000,530.65,0.5981579347,2.5
6000,530.7,0.5981737667,2.5
6000,530.75,0.5981896227,2.5
6000,530.8,0.5982055028,2.5
6000,530.85,0.598221407,2.5
6000,530.9,0.5982373351,2.5
6000,530.95,0.5982532873,2.5
6000,531,0.5982692635,2.5
6000,531.05,0.5982852637,2.5
6000,531.1,0.5983012879,2.5
6000,531.15,0.5983173361,2.5
6000,531.2,0.5983334083,2.5
6000,531.25,0.5983495044,2.5
6000,531.3,0.5983656245,2.5
6000,531.35,0.5983817686,2.5
6000,531.4,0.5983979365,2.5
6000,531.45,0.5984141285,2.5
6000,531.5,0.5984303443,2.5
6000,531.55,0.5984465841,2.5
6000,531.6,0.5984628478,2.5
6000,531.65,0.5984791353,2.5
6000,531.7,0.5984954468,2.5
6000,531.75,0.5985117822,2.5
6000,531.8,0.5985281414,2.5
6000,531.85,0.5985445245,2.5
6000,531.9,0.5985609315,2.5
6000,531.95,0.5985773623,2.5
6000,532,0.5985938169,2.5
6000,532.05,0.5986102954,2.5
6000,532.1,0.5986267977,2.5
6000,532.15,0.5986433238,2.5
6000,532.2,0.5986598737,2.5
6000,532.25,0.5986764474,2.5
6000,532.3,0.5986930449,2.5
6000,532.35,0.5987096662,2.5
6000,532.4,0.5987263113,2.5
6000,532.45,0.5987429801,2.5
6000,532.5,0.5987596727,2.5
6000,532.55,0.598776389,2.5
6000,532.6,0.5987931291,2.5
6000,532.65,0.5988098928,2.5
6000,532.7,0.5988266803,2.5
6000,532.75,0.5988434916,2.5
6000,532.8,0.5988603265,2.5
6000,532.85,0.5988771851,2.5
6000,532.9,0.5988940674,2.5
6000,532.95,0.5989109733,2.5
6000,533,0.5989279029,2.5
6000,533.05,0.5989448562,2.5
6000,533.1,0.5989618331,2.5
6000,533.15,0.5989788337,2.5
6000,533.2,0.5989958579,2.5
6000,533.25,0.5990129057,2.5
6000,533.3,0.5990299772,2.5
6000,533.35,0.5990470722,2.5
6000,533.4,0.5990641908,2.5
6000,533.45,0.599081333,2.5
6000,533.5,0.5990984988,2.5
6000,533.55,0.5991156882,2.5
6000,533.6,0.5991329011,2.5
6000,533.65,0.5991501375,2.5
6000,533.7,0.5991673975,2.5
6000,533.75,0.599184681,2.5
6000,533.8,0.5992019881,2.5
6000,533.85,0.5992193186,2.5
6000,533.9,0.5992366727,2.5
6000,533.95,0.5992540503,2.5
6000,534,0.5992714513,2.5
6000,534.05,0.5992888758,2.5
6000,534.1,0.5993063238,2.5
6000,534.15,0.5993237953,2.5
6000,534.2,0.5993412901,2.5
6000,534.25,0.5993588085,2.5
6000,534.3,0.5993763502,2.5
6000,534.35,0.5993939154,2.5
6000,534.4,0.599411504,2.5
6000,534.45,0.599429116,2.5
6000,534.5,0.5994467514,2.5
6000,534.55,0.5994644101,2.5
6000,534.6,0.5994820923,2.5
6000,534.65,0.5994997978,2.5
6000,534.7,0.5995175267,2.5
6000,534.75,0.5995352789,2.5
6000,534.8,0.5995530544,2.5
6000,534.85,0.5995708533,2.5
6000,534.9,0.5995886755,2.5
6000,534.95,0.599606521,2.5
6000,535,0.5996243898,2.5
6000,535.05,0.5996422819,2.5
6000,535.1,0.5996601973,2.5
6000,535.15,0.5996781359,2.5
6000,535.2,0.5996960978,2.5
6000,535.25,0.599714083,2.5
6000,535.3,0.5997320914,2.5
6000,535.35,0.5997501231,2.5
6000,535.4,0.5997681779,2.5
6000,535.45,0.599786256,2.5
6000,535.5,0.5998043573,2.5
6000,535.55,0.5998224818,2.5
6000,535.6,0.5998406294,2.5
6000,535.65,0.5998588003,2.5
6000,535.7,0.5998769943,2.5
6000,535.75,0.5998952115,2.5
6000,535.8,0.5999134518,2.5
6000,535.85,0.5999317153,2.5
6000,535.9,0.5999500018,2.5
6000,535.95,0.5999683116,2.5
6000,536,0.5999866444,2.5
6000,536.05,0.6000050003,2.5
6000,536.1,0.6000233793,2.5
6000,536.15,0.6000417814,2.5
6000,536.2,0.6000602066,2.5
6000,536.25,0.6000786548,2.5
6000,536.3,0.6000971261,2.5
6000,536.35,0.6001156204,2.5
6000,536.4,0.6001341378,2.5
6000,536.45,0.6001526782,2.5
6000,536.5,0.6001712416,2.5
6000,536.55,0.600189828,2.5
6000,536.6,0.6002084374,2.5
6000,536.65,0.6002270697,2.5
6000,536.7,0.6002457251,2.5
6000,536.75,0.6002644034,2.5
6000,536.8,0.6002831047,2.5
6000,536.85,0.6003018289,2.5
6000,536.9,0.6003205761,2.5
6000,536.95,0.6003393462,2.5
6000,537,0.6003581392,2.5
6000,537.05,0.6003769551,2.5
6000,537.1,0.6003957939,2.5
6000,537.15,0.6004146556,2.5
6000,537.2,0.6004335401,2.5
6000,537.25,0.6004524476,2.5
6000,537.3,0.6004713779,2.5
6000,537.35,0.600490331,2.5
6000,537.4,0.600509307,2.5
6000,537.45,0.6005283058,2.5
6000,537.5,0.6005473274,2.5
6000,537.55,0.6005663718,2.5
6000,537.6,0.6005854391,2.5
6000,537.65,0.6006045291,2.5
6000,537.7,0.6006236419,2.5
6000,537.75,0.6006427774,2.5
6000,537.8,0.6006619358,2.5
6000,537.85,0.6006811168,2.5
6000,537.9,0.6007003207,2.5
6000,537.95,0.6007195472,2.5
6000,538,0.6007387964,2.5
6000,538.05,0.6007580684,2.5
6000,538.1,0.6007773631,2.5
6000,538.15,0.6007966804,2.5
6000,538.2,0.6008160204,2.5
6000,538.25,0.6008353831,2.5
6000,538.3,0.6008547685,2.5
6000,538.35,0.6008741765,2.5
6000,538.4,0.6008936071,2.5
6000,538.45,0.6009130604,2.5
6000,538.5,0.6009325363,2.5
6000,538.55,0.6009520348,2.5
6000,538.6,0.6009715559,2.5
6000,538.65,0.6009910995,2.5
6000,538.7,0.6010106658,2.5
6000,538.75,0.6010302546,2.5
6000,538.8,0.601049866,2.5
6000,538.85,0.6010694999,2.5
6000,538.9,0.6010891563,2.5
6000,538.95,0.6011088353,2.5
6000,539,0.6011285368,2.5
6000,539.05,0.6011482608,2.5
6000,539.1,0.6011680073,2.5
6000,539.15,0.6011877763,2.5
6000,539.2,0.6012075677,2.5
6000,539.25,0.6012273817,2.5
6000,539.3,0.601247218,2.5
6000,539.35,0.6012670768,2.5
6000,539.4,0.6012869581,2.5
6000,539.45,0.6013068618,2.5
6000,539.5,0.6013267878,2.5
6000,539.55,0.6013467363,2.5
6000,539.6,0.6013667072,2.5
6000,539.65,0.6013867005,2.5
6000,539.7,0.6014067161,2.5
6000,539.75,0.6014267541,2.5
6000,539.8,0.6014468144,2.5
6000,539.85,0.6014668971,2.5
6000,539.9,0.6014870021,2.5
6000,539.95,0.6015071294,2.5
6000,540,0.6015272791,2.5
6000,540.05,0.601547451,2.5
6000,540.1,0.6015676452,2.5
6000,540.15,0.6015878617,2.5
6000,540.2,0.6016081005,2.5
6000,540.25,0.6016283615,2.5
6000,540.3,0.6016486448,2.5
6000,540.35,0.6016689503,2.5
6000,540.4,0.601689278,2.5
6000,540.45,0.6017096279,2.5
6000,540.5,0.6017300001,2.5
6000,540.55,0.6017503944,2.5
6000,540.6,0.6017708109,2.5
6000,540.65,0.6017912496,2.5
6000,540.7,0.6018117105,2.5
6000,540.75,0.6018321935,2.5
6000,540.8,0.6018526986,2.5
6000,540.85,0.6018732259,2.5
6000,540.9,0.6018937752,2.5
6000,540.95,0.6019143467,2.5
6000,541,0.6019349403,2.5
6000,541.05,0.601955556,2.5
6000,541.1,0.6019761938,2.5
6000,541.15,0.6019968536,2.5
6000,541.2,0.6020175354,2.5
6000,541.25,0.6020382394,2.5
6000,541.3,0.6020589653,2.5
6000,541.35,0.6020797133,2.5
6000,541.4,0.6021004833,2.5
6000,541.45,0.6021212752,2.5
6000,541.5,0.6021420892,2.5
6000,541.55,0.6021629252,2.5
6000,541.6,0.6021837831,2.5
6000,541.65,0.6022046629,2.5
6000,541.7,0.6022255648,2.5
6000,541.75,0.6022464885,2.5
6000,541.8,0.6022674342,2.5
6000,541.85,0.6022884018,2.5
6000,541.9,0.6023093913,2.5
6000,541.95,0.6023304027,2.5
6000,542,0.602351436,2.5
6000,542.05,0.6023724911,2.5
6000,542.1,0.6023935681,2.5
6000,542.15,0.602414667,2.5
6000,542.2,0.6024357877,2.5
6000,542.25,0.6024569302,2.5
6000,542.3,0.6024780945,2.5
6000,542.35,0.6024992807,2.5
6000,542.4,0.6025204886,2.5
6000,542.45,0.6025417183,2.5
6000,542.5,0.6025629698,2.5
6000,542.55,0.6025842431,2.5
6000,542.6,0.6026055381,2.5
6000,542.65,0.6026268548,2.5
6000,542.7,0.6026481933,2.5
6000,542.75,0.6026695535,2.5
6000,542.8,0.6026909354,2.5
6000,542.85,0.602712339,2.5
6000,542.9,0.6027337642,2.5
6000,542.95,0.6027552112,2.5
6000,543,0.6027766798,2.5
6000,543.05,0.6027981701,2.5
6000,543.1,0.602819682,2.5
6000,543.15,0.6028412155,2.5
6000,543.2,0.6028627706,2.5
6000,543.25,0.6028843474,2.5
6000,543.3,0.6029059457,2.5
6000,543.35,0.6029275657,2.5
6000,543.4,0.6029492072,2.5
6000,543.45,0.6029708703,2.5
6000,543.5,0.6029925549,2.5
6000,543.55,0.603014261,2.5
6000,543.6,0.6030359887,2.5
6000,543.65,0.6030577379,2.5
6000,543.7,0.6030795086,2.5
6000,543.75,0.6031013009,2.5
6000,543.8,0.6031231145,2.5
6000,543.85,0.6031449497,2.5
6000,543.9,0.6031668063,2.5
6000,543.95,0.6031886844,2.5
6000,544,0.6032105839,2.5
6000,544.05,0.6032325049,2.5
6000,544.1,0.6032544472,2.5
6000,544.15,0.603276411,2.5
6000,544.2,0.6032983961,2.5
6000,544.25,0.6033204027,2.5
6000,544.3,0.6033424306,2.5
6000,544.35,0.6033644798,2.5
6000,544.4,0.6033865505,2.5
6000,544.45,0.6034086424,2.5
6000,544.5,0.6034307557,2.5
6000,544.55,0.6034528903,2.5
6000,544.6,0.6034750462,2.5
6000,544.65,0.6034972234,2.5
6000,544.7,0.6035194218,2.5
6000,544.75,0.6035416416,2.5
6000,544.8,0.6035638826,2.5
6000,544.85,0.6035861448,2.5
6000,544.9,0.6036084283,2.5
6000,544.95,0.603630733,2.5
6000,545,0.6036530589,2.5
6000,545.05,0.603675406,2.5
6000,545.1,0.6036977743,2.5
6000,545.15,0.6037201637,2.5
6000,545.2,0.6037425744,2.5
6000,545.25,0.6037650062,2.5
6000,545.3,0.6037874591,2.5
6000,545.35,0.6038099332,2.5
6000,545.4,0.6038324283,2.5
6000,545.45,0.6038549446,2.5
6000,545.5,0.603877482,2.5
6000,545.55,0.6039000405,2.5
6000,545.6,0.60392262,2.5
6000,545.65,0.6039452206,2.5
6000,545.7,0.6039678423,2.5
6000,545.75,0.603990485,2.5
6000,545.8,0.6040131487,2.5
6000,545.85,0.6040358334,2.5
6000,545.9,0.6040585392,2.5
6000,545.95,0.6040812659,2.5
6000,546,0.6041040136,2.5
6000,546.05,0.6041267823,2.5
6000,546.1,0.6041495719,2.5
6000,546.15,0.6041723825,2.5
6000,546.2,0.604195214,2.5
6000,546.25,0.6042180665,2.5
6000,546.3,0.6042409398,2.5
6000,546.35,0.6042638341,2.5
6000,546.4,0.6042867492,2.5
6000,546.45,0.6043096852,2.5
6000,546.5,0.6043326421,2.5
6000,546.55,0.6043556198,2.5
6000,546.6,0.6043786183,2.5
6000,546.65,0.6044016377,2.5
6000,546.7,0.6044246779,2.5
6000,546.75,0.6044477389,2.5
6000,546.8,0.6044708207,2.5
6000,546.85,0.6044939233,2.5
6000,546.9,0.6045170467,2.5
6000,546.95,0.6045401908,2.5
6000,547,0.6045633556,2.5
6000,547.05,0.6045865412,2.5
6000,547.1,0.6046097475,2.5
6000,547.15,0.6046329745,2.5
6000,547.2,0.6046562222,2.5
6000,547.25,0.6046794906,2.5
6000,547.3,0.6047027797,2.5
6000,547.35,0.6047260894,2.5
6000,547.4,0.6047494198,2.5
6000,547.45,0.6047727708,2.5
6000,547.5,0.6047961425,2.5
6000,547.55,0.6048195348,2.5
6000,547.6,0.6048429476,2.5
6000,547.65,0.6048663811,2.5
6000,547.7,0.6048898351,2.5
6000,547.75,0.6049133097,2.5
6000,547.8,0.6049368049,2.5
6000,547.85,0.6049603206,2.5
6000,547.9,0.6049838568,2.5
6000,547.95,0.6050074135,2.5
6000,548,0.6050309908,2.5
6000,548.05,0.6050545885,2.5
6000,548.1,0.6050782068,2.5
6000,548.15,0.6051018455,2.5
6000,548.2,0.6051255046,2.5
6000,548.25,0.6051491842,2.5
6000,548.3,0.6051728843,2.5
6000,548.35,0.6051966047,2.5
6000,548.4,0.6052203456,2.5
6000,548.45,0.6052441069,2.5
6000,548.5,0.6052678885,2.5
6000,548.55,0.6052916905,2.5
6000,548.6,0.6053155129,2.5
6000,548.65,0.6053393557,2.5
6000,548.7,0.6053632187,2.5
6000,548.75,0.6053871021,2.5
6000,548.8,0.6054110059,2.5
6000,548.85,0.6054349299,2.5
6000,548.9,0.6054588742,2.5
6000,548.95,0.6054828387,2.5
6000,549,0.6055068236,2.5
6000,549.05,0.6055308287,2.5
6000,549.1,0.605554854,2.5
6000,549.15,0.6055788996,2.5
6000,549.2,0.6056029654,2.5
6000,549.25,0.6056270513,2.5
6000,549.3,0.6056511575,2.5
6000,549.35,0.6056752839,2.5
6000,549.4,0.6056994304,2.5
6000,549.45,0.605723597,2.5
6000,549.5,0.6057477839,2.5
6000,549.55,0.6057719908,2.5
6000,549.6,0.6057962179,2.5
6000,549.65,0.605820465,2.5
6000,549.7,0.6058447323,2.5
6000,549.75,0.6058690196,2.5
6000,549.8,0.605893327,2.5
6000,549.85,0.6059176545,2.5
6000,549.9,0.605942002,2.5
6000,549.95,0.6059663695,2.5
6000,550,0.6059907571,2.5
6000,550.05,0.6060151646,2.5
6000,550.1,0.6060395922,2.5
6000,550.15,0.6060640397,2.5
6000,550.2,0.6060885072,2.5
6000,550.25,0.6061129947,2.5
6000,550.3,0.6061375021,2.5
6000,550.35,0.6061620294,2.5
6000,550.4,0.6061865766,2.5
6000,550.45,0.6062111438,2.5
6000,550.5,0.6062357308,2.5
6000,550.55,0.6062603378,2.5
6000,550.6,0.6062849646,2.5
6000,550.65,0.6063096112,2.5
6000,550.7,0.6063342778,2.5
6000,550.75,0.6063589641,2.5
6000,550.8,0.6063836702,2.5
6000,550.85,0.6064083962,2.5
6000,550.9,0.606433142,2.5
6000,550.95,0.6064579075,2.5
6000,551,0.6064826928,2.5
6000,551.05,0.6065074979,2.5
6000,551.1,0.6065323227,2.5
6000,551.15,0.6065571672,2.5
6000,551.2,0.6065820315,2.5
6000,551.25,0.6066069154,2.5
6000,551.3,0.6066318191,2.5
6000,551.35,0.6066567424,2.5
6000,551.4,0.6066816854,2.5
6000,551.45,0.6067066481,2.5
6000,551.5,0.6067316304,2.5
6000,551.55,0.6067566324,2.5
6000,551.6,0.6067816539,2.5
6000,551.65,0.6068066951,2.5
6000,551.7,0.6068317558,2.5
6000,551.75,0.6068568362,2.5
6000,551.8,0.6068819361,2.5
6000,551.85,0.6069070555,2.5
6000,551.9,0.6069321945,2.5
6000,551.95,0.606957353,2.5
6000,552,0.6069825311,2.5
6000,552.05,0.6070077286,2.5
6000,552.1,0.6070329457,2.5
6000,552.15,0.6070581822,2.5
6000,552.2,0.6070834382,2.5
6000,552.25,0.6071087136,2.5
6000,552.3,0.6071340085,2.5
6000,552.35,0.6071593228,2.5
6000,552.4,0.6071846565,2.5
6000,552.45,0.6072100096,2.5
6000,552.5,0.6072353821,2.5
6000,552.55,0.607260774,2.5
6000,552.6,0.6072861853,2.5
6000,552.65,0.6073116159,2.5
6000,552.7,0.6073370658,2.5
6000,552.75,0.6073625351,2.5
6000,552.8,0.6073880237,2.5
6000,552.85,0.6074135315,2.5
6000,552.9,0.6074390587,2.5
6000,552.95,0.6074646051,2.5
6000,553,0.6074901708,2.5
6000,553.05,0.6075157558,2.5
6000,553.1,0.6075413599,2.5
6000,553.15,0.6075669833,2.5
6000,553.2,0.607592626,2.5
6000,553.25,0.6076182878,2.5
6000,553.3,0.6076439687,2.5
6000,553.35,0.6076696689,2.5
6000,553.4,0.6076953882,2.5
6000,553.45,0.6077211267,2.5
6000,553.5,0.6077468843,2.5
6000,553.55,0.607772661,2.5
6000,553.6,0.6077984568,2.5
6000,553.65,0.6078242717,2.5
6000,553.7,0.6078501057,2.5
6000,553.75,0.6078759588,2.5
6000,553.8,0.6079018309,2.5
6000,553.85,0.607927722,2.5
6000,553.9,0.6079536322,2.5
6000,553.95,0.6079795614,2.5
6000,554,0.6080055096,2.5
6000,554.05,0.6080314768,2.5
6000,554.1,0.6080574629,2.5
6000,554.15,0.6080834681,2.5
6000,554.2,0.6081094921,2.5
6000,554.25,0.6081355352,2.5
6000,554.3,0.6081615971,2.5
6000,554.35,0.6081876779,2.5
6000,554.4,0.6082137777,2.5
6000,554.45,0.6082398963,2.5
6000,554.5,0.6082660338,2.5
6000,554.55,0.6082921901,2.5
6000,554.6,0.6083183653,2.5
6000,554.65,0.6083445594,2.5
6000,554.7,0.6083707722,2.5
6000,554.75,0.6083970039,2.5
6000,554.8,0.6084232543,2.5
6000,554.85,0.6084495235,2.5
6000,554.9,0.6084758115,2.5
6000,554.95,0.6085021183,2.5
6000,555,0.6085284438,2.5
6000,555.05,0.608554788,2.5
6000,555.1,0.6085811509,2.5
6000,555.15,0.6086075325,2.5
6000,555.2,0.6086339328,2.5
6000,555.25,0.6086603518,2.5
6000,555.3,0.6086867895,2.5
6000,555.35,0.6087132458,2.5
6000,555.4,0.6087397207,2.5
6000,555.45,0.6087662142,2.5
6000,555.5,0.6087927264,2.5
6000,555.55,0.6088192571,2.5
6000,555.6,0.6088458065,2.5
6000,555.65,0.6088723744,2.5
6000,555.7,0.6088989608,2.5
6000,555.75,0.6089255658,2.5
6000,555.8,0.6089521893,2.5
6000,555.85,0.6089788314,2.5
6000,555.9,0.6090054919,2.5
6000,555.95,0.6090321709,2.5
6000,556,0.6090588684,2.5
6000,556.05,0.6090855844,2.5
6000,556.1,0.6091123188,2.5
6000,556.15,0.6091390716,2.5
6000,556.2,0.6091658429,2.5
6000,556.25,0.6091926326,2.5
6000,556.3,0.6092194406,2.5
6000,556.35,0.6092462671,2.5
6000,556.4,0.6092731119,2.5
6000,556.45,0.6092999751,2.5
6000,556.5,0.6093268566,2.5
6000,556.55,0.6093537564,2.5
6000,556.6,0.6093806746,2.5
6000,556.65,0.609407611,2.5
6000,556.7,0.6094345658,2.5
6000,556.75,0.6094615388,2.5
6000,556.8,0.60948853,2.5
6000,556.85,0.6095155396,2.5
6000,556.9,0.6095425673,2.5
6000,556.95,0.6095696133,2.5
6000,557,0.6095966775,2.5
6000,557.05,0.6096237598,2.5
6000,557.1,0.6096508604,2.5
6000,557.15,0.6096779791,2.5
6000,557.2,0.609705116,2.5
6000,557.25,0.609732271,2.5
6000,557.3,0.6097594441,2.5
6000,557.35,0.6097866354,2.5
6000,557.4,0.6098138447,2.5
6000,557.45,0.6098410722,2.5
6000,557.5,0.6098683177,2.5
6000,557.55,0.6098955812,2.5
6000,557.6,0.6099228628,2.5
6000,557.65,0.6099501625,2.5
6000,557.7,0.6099774801,2.5
6000,557.75,0.6100048158,2.5
6000,557.8,0.6100321694,2.5
6000,557.85,0.610059541,2.5
6000,557.9,0.6100869306,2.5
6000,557.95,0.6101143382,2.5
6000,558,0.6101417636,2.5
6000,558.05,0.610169207,2.5
6000,558.1,0.6101966683,2.5
6000,558.15,0.6102241475,2.5
6000,558.2,0.6102516446,2.5
6000,558.25,0.6102791596,2.5
6000,558.3,0.6103066924,2.5
6000,558.35,0.610334243,2.5
6000,558.4,0.6103618115,2.5
6000,558.45,0.6103893977,2.5
6000,558.5,0.6104170018,2.5
6000,558.55,0.6104446237,2.5
6000,558.6,0.6104722633,2.5
6000,558.65,0.6104999207,2.5
6000,558.7,0.6105275959,2.5
6000,558.75,0.6105552887,2.5
6000,558.8,0.6105829993,2.5
6000,558.85,0.6106107276,2.5
6000,558.9,0.6106384736,2.5
6000,558.95,0.6106662372,2.5
6000,559,0.6106940185,2.5
6000,559.05,0.6107218175,2.5
6000,559.1,0.6107496341,2.5
6000,559.15,0.6107774683,2.5
6000,559.2,0.6108053202,2.5
6000,559.25,0.6108331896,2.5
6000,559.3,0.6108610766,2.5
6000,559.35,0.6108889812,2.5
6000,559.4,0.6109169033,2.5
6000,559.45,0.6109448429,2.5
6000,559.5,0.6109728001,2.5
6000,559.55,0.6110007748,2.5
6000,559.6,0.611028767,2.5
6000,559.65,0.6110567767,2.5
6000,559.7,0.6110848038,2.5
6000,559.75,0.6111128484,2.5
6000,559.8,0.6111409104,2.5
6000,559.85,0.6111689899,2.5
6000,559.9,0.6111970868,2.5
6000,559.95,0.611225201,2.5
6000,560,0.6112533327,2.5
6000,560.05,0.6112814817,2.5
6000,560.1,0.6113096481,2.5
6000,560.15,0.6113378319,2.5
6000,560.2,0.6113660329,2.5
6000,560.25,0.6113942513,2.5
6000,560.3,0.611422487,2.5
6000,560.35,0.61145074,2.5
6000,560.4,0.6114790102,2.5
6000,560.45,0.6115072977,2.5
6000,560.5,0.6115356025,2.5
6000,560.55,0.6115639245,2.5
6000,560.6,0.6115922637,2.5
6000,560.65,0.6116206201,2.5
6000,560.7,0.6116489937,2.5
6000,560.75,0.6116773845,2.5
6000,560.8,0.6117057924,2.5
6000,560.85,0.6117342175,2.5
6000,560.9,0.6117626598,2.5
6000,560.95,0.6117911191,2.5
6000,561,0.6118195956,2.5
6000,561.05,0.6118480891,2.5
6000,561.1,0.6118765997,2.5
6000,561.15,0.6119051274,2.5
6000,561.2,0.6119336722,2.5
6000,561.25,0.611962234,2.5
6000,561.3,0.6119908128,2.5
6000,561.35,0.6120194086,2.5
6000,561.4,0.6120480214,2.5
6000,561.45,0.6120766512,2.5
6000,561.5,0.6121052979,2.5
6000,561.55,0.6121339616,2.5
6000,561.6,0.6121626423,2.5
6000,561.65,0.6121913399,2.5
6000,561.7,0.6122200543,2.5
6000,561.75,0.6122487857,2.5
6000,561.8,0.612277534,2.5
6000,561.85,0.6123062991,2.5
6000,561.9,0.6123350811,2.5
6000,561.95,0.6123638799,2.5
6000,562,0.6123926956,2.5
6000,562.05,0.612421528,2.5
6000,562.1,0.6124503773,2.5
6000,562.15,0.6124792433,2.5
6000,562.2,0.6125081261,2.5
6000,562.25,0.6125370257,2.5
6000,562.3,0.612565942,2.5
6000,562.35,0.612594875,2.5
6000,562.4,0.6126238248,2.5
6000,562.45,0.6126527912,2.5
6000,562.5,0.6126817744,2.5
6000,562.55,0.6127107742,2.5
6000,562.6,0.6127397906,2.5
6000,562.65,0.6127688237,2.5
6000,562.7,0.6127978734,2.5
6000,562.75,0.6128269398,2.5
6000,562.8,0.6128560227,2.5
6000,562.85,0.6128851222,2.5
6000,562.9,0.6129142383,2.5
6000,562.95,0.612943371,2.5
6000,563,0.6129725202,2.5
6000,563.05,0.6130016859,2.5
6000,563.1,0.6130308681,2.5
6000,563.15,0.6130600668,2.5
6000,563.2,0.6130892821,2.5
6000,563.25,0.6131185138,2.5
6000,563.3,0.6131477619,2.5
6000,563.35,0.6131770265,2.5
6000,563.4,0.6132063075,2.5
6000,563.45,0.6132356049,2.5
6000,563.5,0.6132649188,2.5
6000,563.55,0.613294249,2.5
6000,563.6,0.6133235956,2.5
6000,563.65,0.6133529585,2.5
6000,563.7,0.6133823378,2.5
6000,563.75,0.6134117334,2.5
6000,563.8,0.6134411453,2.5
6000,563.85,0.6134705735,2.5
6000,563.9,0.613500018,2.5
6000,563.95,0.6135294788,2.5
6000,564,0.6135589559,2.5
6000,564.05,0.6135884491,2.5
6000,564.1,0.6136179586,2.5
6000,564.15,0.6136474844,2.5
6000,564.2,0.6136770263,2.5
6000,564.25,0.6137065844,2.5
6000,564.3,0.6137361586,2.5
6000,564.35,0.6137657491,2.5
6000,564.4,0.6137953556,2.5
6000,564.45,0.6138249783,2.5
6000,564.5,0.6138546171,2.5
6000,564.55,0.6138842721,2.5
6000,564.6,0.613913943,2.5
6000,564.65,0.6139436301,2.5
6000,564.7,0.6139733332,2.5
6000,564.75,0.6140030524,2.5
6000,564.8,0.6140327875,2.5
6000,564.85,0.6140625387,2.5
6000,564.9,0.6140923059,2.5
6000,564.95,0.6141220891,2.5
6000,565,0.6141518882,2.5
6000,565.05,0.6141817033,2.5
6000,565.1,0.6142115344,2.5
6000,565.15,0.6142413813,2.5
6000,565.2,0.6142712442,2.5
6000,565.25,0.6143011229,2.5
6000,565.3,0.6143310176,2.5
6000,565.35,0.6143609281,2.5
6000,565.4,0.6143908545,2.5
6000,565.45,0.6144207967,2.5
6000,565.5,0.6144507547,2.5
6000,565.55,0.6144807285,2.5
6000,565.6,0.6145107181,2.5
6000,565.65,0.6145407236,2.5
6000,565.7,0.6145707447,2.5
6000,565.75,0.6146007817,2.5
6000,565.8,0.6146308343,2.5
6000,565.85,0.6146609027,2.5
6000,565.9,0.6146909868,2.5
6000,565.95,0.6147210866,2.5
6000,566,0.614751202,2.5
6000,566.05,0.6147813331,2.5
6000,566.1,0.6148114799,2.5
6000,566.15,0.6148416423,2.5
6000,566.2,0.6148718203,2.5
6000,566.25,0.614902014,2.5
6000,566.3,0.6149322232,2.5
6000,566.35,0.614962448,2.5
6000,566.4,0.6149926883,2.5
6000,566.45,0.6150229442,2.5
6000,566.5,0.6150532157,2.5
6000,566.55,0.6150835026,2.5
6000,566.6,0.6151138051,2.5
6000,566.65,0.615144123,2.5
6000,566.7,0.6151744565,2.5
6000,566.75,0.6152048053,2.5
6000,566.8,0.6152351697,2.5
6000,566.85,0.6152655494,2.5
6000,566.9,0.6152959446,2.5
6000,566.95,0.6153263551,2.5
6000,567,0.6153567811,2.5
6000,567.05,0.6153872224,2.5
6000,567.1,0.6154176791,2.5
6000,567.15,0.6154481511,2.5
6000,567.2,0.6154786385,2.5
6000,567.25,0.6155091411,2.5
6000,567.3,0.6155396591,2.5
6000,567.35,0.6155701923,2.5
6000,567.4,0.6156007408,2.5
6000,567.45,0.6156313046,2.5
6000,567.5,0.6156618836,2.5
6000,567.55,0.6156924778,2.5
6000,567.6,0.6157230873,2.5
6000,567.65,0.6157537119,2.5
6000,567.7,0.6157843517,2.5
6000,567.75,0.6158150067,2.5
6000,567.8,0.6158456768,2.5
6000,567.85,0.6158763621,2.5
6000,567.9,0.6159070625,2.5
6000,567.95,0.6159377779,2.5
6000,568,0.6159685085,2.5
6000,568.05,0.6159992542,2.5
6000,568.1,0.6160300149,2.5
6000,568.15,0.6160607907,2.5
6000,568.2,0.6160915815,2.5
6000,568.25,0.6161223873,2.5
6000,568.3,0.6161532081,2.5
6000,568.35,0.6161840439,2.5
6000,568.4,0.6162148947,2.5
6000,568.45,0.6162457604,2.5
6000,568.5,0.6162766411,2.5
6000,568.55,0.6163075367,2.5
6000,568.6,0.6163384473,2.5
6000,568.65,0.6163693727,2.5
6000,568.7,0.616400313,2.5
6000,568.75,0.6164312682,2.5
6000,568.8,0.6164622382,2.5
6000,568.85,0.6164932231,2.5
6000,568.9,0.6165242228,2.5
6000,568.95,0.6165552373,2.5
6000,569,0.6165862666,2.5
6000,569.05,0.6166173107,2.5
6000,569.1,0.6166483696,2.5
6000,569.15,0.6166794432,2.5
6000,569.2,0.6167105315,2.5
6000,569.25,0.6167416346,2.5
6000,569.3,0.6167727524,2.5
6000,569.35,0.6168038848,2.5
6000,569.4,0.616835032,2.5
6000,569.45,0.6168661938,2.5
6000,569.5,0.6168973702,2.5
6000,569.55,0.6169285613,2.5
6000,569.6,0.616959767,2.5
6000,569.65,0.6169909873,2.5
6000,569.7,0.6170222222,2.5
6000,569.75,0.6170534717,2.5
6000,569.8,0.6170847357,2.5
6000,569.85,0.6171160143,2.5
6000,569.9,0.6171473073,2.5
6000,569.95,0.617178615,2.5
6000,570,0.6172099371,2.5
6000,570.05,0.6172412736,2.5
6000,570.1,0.6172726247,2.5
6000,570.15,0.6173039902,2.5
6000,570.2,0.6173353701,2.5
6000,570.25,0.6173667645,2.5
6000,570.3,0.6173981733,2.5
6000,570.35,0.6174295965,2.5
6000,570.4,0.617461034,2.5
6000,570.45,0.6174924859,2.5
6000,570.5,0.6175239522,2.5
6000,570.55,0.6175554328,2.5
6000,570.6,0.6175869277,2.5
6000,570.65,0.6176184369,2.5
6000,570.7,0.6176499604,2.5
6000,570.75,0.6176814982,2.5
6000,570.8,0.6177130502,2.5
6000,570.85,0.6177446165,2.5
6000,570.9,0.617776197,2.5
6000,570.95,0.6178077917,2.5
6000,571,0.6178394006,2.5
6000,571.05,0.6178710238,2.5
6000,571.1,0.617902661,2.5
6000,571.15,0.6179343125,2.5
6000,571.2,0.617965978,2.5
6000,571.25,0.6179976577,2.5
6000,571.3,0.6180293515,2.5
6000,571.35,0.6180610594,2.5
6000,571.4,0.6180927814,2.5
6000,571.45,0.6181245174,2.5
6000,571.5,0.6181562675,2.5
6000,571.55,0.6181880316,2.5
6000,571.6,0.6182198097,2.5
6000,571.65,0.6182516019,2.5
6000,571.7,0.618283408,2.5
6000,571.75,0.6183152281,2.5
6000,571.8,0.6183470622,2.5
6000,571.85,0.6183789102,2.5
6000,571.9,0.6184107721,2.5
6000,571.95,0.6184426479,2.5
6000,572,0.6184745377,2.5
6000,572.05,0.6185064413,2.5
6000,572.1,0.6185383588,2.5
6000,572.15,0.6185702901,2.5
6000,572.2,0.6186022353,2.5
6000,572.25,0.6186341943,2.5
6000,572.3,0.6186661671,2.5
6000,572.35,0.6186981537,2.5
6000,572.4,0.6187301541,2.5
6000,572.45,0.6187621683,2.5
6000,572.5,0.6187941962,2.5
6000,572.55,0.6188262378,2.5
6000,572.6,0.6188582931,2.5
6000,572.65,0.6188903622,2.5
6000,572.7,0.6189224449,2.5
6000,572.75,0.6189545413,2.5
6000,572.8,0.6189866513,2.5
6000,572.85,0.619018775,2.5
6000,572.9,0.6190509124,2.5
6000,572.95,0.6190830633,2.5
6000,573,0.6191152278,2.5
6000,573.05,0.6191474059,2.5
6000,573.1,0.6191795976,2.5
6000,573.15,0.6192118028,2.5
6000,573.2,0.6192440216,2.5
6000,573.25,0.6192762539,2.5
6000,573.3,0.6193084997,2.5
6000,573.35,0.6193407589,2.5
6000,573.4,0.6193730317,2.5
6000,573.45,0.6194053179,2.5
6000,573.5,0.6194376175,2.5
6000,573.55,0.6194699306,2.5
6000,573.6,0.6195022571,2.5
6000,573.65,0.619534597,2.5
6000,573.7,0.6195669503,2.5
6000,573.75,0.6195993169,2.5
6000,573.8,0.6196316969,2.5
6000,573.85,0.6196640902,2.5
6000,573.9,0.6196964969,2.5
6000,573.95,0.6197289169,2.5
6000,574,0.6197613501,2.5
6000,574.05,0.6197937967,2.5
6000,574.1,0.6198262565,2.5
6000,574.15,0.6198587295,2.5
6000,574.2,0.6198912158,2.5
6000,574.25,0.6199237153,2.5
6000,574.3,0.6199562279,2.5
6000,574.35,0.6199887538,2.5
6000,574.4,0.6200212929,2.5
6000,574.45,0.6200538451,2.5
6000,574.5,0.6200864104,2.5
6000,574.55,0.6201189889,2.5
6000,574.6,0.6201515804,2.5
6000,574.65,0.6201841851,2.5
6000,574.7,0.6202168029,2.5
6000,574.75,0.6202494337,2.5
6000,574.8,0.6202820775,2.5
6000,574.85,0.6203147344,2.5
6000,574.9,0.6203474043,2.5
6000,574.95,0.6203800872,2.5
6000,575,0.6204127831,2.5
6000,575.05,0.620445492,2.5
6000,575.1,0.6204782138,2.5
6000,575.15,0.6205109486,2.5
6000,575.2,0.6205436963,2.5
6000,575.25,0.6205764569,2.5
6000,575.3,0.6206092304,2.5
6000,575.35,0.6206420168,2.5
6000,575.4,0.620674816,2.5
6000,575.45,0.6207076281,2.5
6000,575.5,0.6207404531,2.5
6000,575.55,0.6207732908,2.5
6000,575.6,0.6208061414,2.5
6000,575.65,0.6208390047,2.5
6000,575.7,0.6208718808,2.5
6000,575.75,0.6209047697,2.5
6000,575.8,0.6209376713,2.5
6000,575.85,0.6209705856,2.5
6000,575.9,0.6210035127,2.5
6000,575.95,0.6210364524,2.5
6000,576,0.6210694049,2.5
6000,576.05,0.62110237,2.5
6000,576.1,0.6211353477,2.5
6000,576.15,0.6211683381,2.5
6000,576.2,0.6212013411,2.5
6000,576.25,0.6212343567,2.5
6000,576.3,0.6212673849,2.5
6000,576.35,0.6213004257,2.5
6000,576.4,0.621333479,2.5
6000,576.45,0.6213665449,2.5
6000,576.5,0.6213996233,2.5
6000,576.55,0.6214327142,2.5
6000,576.6,0.6214658176,2.5
6000,576.65,0.6214989335,2.5
6000,576.7,0.6215320619,2.5
6000,576.75,0.6215652027,2.5
6000,576.8,0.6215983559,2.5
6000,576.85,0.6216315216,2.5
6000,576.9,0.6216646996,2.5
6000,576.95,0.6216978901,2.5
6000,577,0.6217310929,2.5
6000,577.05,0.6217643081,2.5
6000,577.1,0.6217975357,2.5
6000,577.15,0.6218307755,2.5
6000,577.2,0.6218640277,2.5
6000,577.25,0.6218972922,2.5
6000,577.3,0.6219305689,2.5
6000,577.35,0.621963858,2.5
6000,577.4,0.6219971592,2.5
6000,577.45,0.6220304727,2.5
6000,577.5,0.6220637985,2.5
6000,577.55,0.6220971364,2.5
6000,577.6,0.6221304865,2.5
6000,577.65,0.6221638488,2.5
6000,577.7,0.6221972233,2.5
6000,577.75,0.6222306099,2.5
6000,577.8,0.6222640086,2.5
6000,577.85,0.6222974194,2.5
6000,577.9,0.6223308424,2.5
6000,577.95,0.6223642774,2.5
6000,578,0.6223977245,2.5
6000,578.05,0.6224311836,2.5
6000,578.1,0.6224646548,2.5
6000,578.15,0.622498138,2.5
6000,578.2,0.6225316332,2.5
6000,578.25,0.6225651403,2.5
6000,578.3,0.6225986595,2.5
6000,578.35,0.6226321906,2.5
6000,578.4,0.6226657337,2.5
6000,578.45,0.6226992887,2.5
6000,578.5,0.6227328555,2.5
6000,578.55,0.6227664343,2.5
6000,578.6,0.622800025,2.5
6000,578.65,0.6228336275,2.5
6000,578.7,0.6228672419,2.5
6000,578.75,0.6229008682,2.5
6000,578.8,0.6229345062,2.5
6000,578.85,0.622968156,2.5
6000,578.9,0.6230018177,2.5
6000,578.95,0.6230354911,2.5
6000,579,0.6230691762,2.5
6000,579.05,0.6231028731,2.5
6000,579.1,0.6231365818,2.5
6000,579.15,0.6231703021,2.5
6000,579.2,0.6232040342,2.5
6000,579.25,0.6232377779,2.5
6000,579.3,0.6232715333,2.5
6000,579.35,0.6233053003,2.5
6000,579.4,0.6233390789,2.5
6000,579.45,0.6233728692,2.5
6000,579.5,0.6234066711,2.5
6000,579.55,0.6234404846,2.5
6000,579.6,0.6234743096,2.5
6000,579.65,0.6235081462,2.5
6000,579.7,0.6235419944,2.5
6000,579.75,0.623575854,2.5
6000,579.8,0.6236097252,2.5
6000,579.85,0.6236436079,2.5
6000,579.9,0.623677502,2.5
6000,579.95,0.6237114076,2.5
6000,580,0.6237453247,2.5
6000,580.05,0.6237792532,2.5
6000,580.1,0.6238131931,2.5
6000,580.15,0.6238471444,2.5
6000,580.2,0.6238811071,2.5
6000,580.25,0.6239150811,2.5
6000,580.3,0.6239490665,2.5
6000,580.35,0.6239830633,2.5
6000,580.4,0.6240170714,2.5
6000,580.45,0.6240510908,2.5
6000,580.5,0.6240851214,2.5
6000,580.55,0.6241191634,2.5
6000,580.6,0.6241532166,2.5
6000,580.65,0.6241872811,2.5
6000,580.7,0.6242213568,2.5
6000,580.75,0.6242554437,2.5
6000,580.8,0.6242895418,2.5
6000,580.85,0.6243236511,2.5
6000,580.9,0.6243577715,2.5
6000,580.95,0.6243919031,2.5
6000,581,0.6244260459,2.5
6000,581.05,0.6244601997,2.5
6000,581.1,0.6244943647,2.5
6000,581.15,0.6245285408,2.5
6000,581.2,0.6245627279,2.5
6000,581.25,0.6245969261,2.5
6000,581.3,0.6246311354,2.5
6000,581.35,0.6246653556,2.5
6000,581.4,0.6246995869,2.5
6000,581.45,0.6247338292,2.5
6000,581.5,0.6247680825,2.5
6000,581.55,0.6248023467,2.5
6000,581.6,0.6248366219,2.5
6000,581.65,0.624870908,2.5
6000,581.7,0.624905205,2.5
6000,581.75,0.624939513,2.5
6000,581.8,0.6249738318,2.5
6000,581.85,0.6250081615,2.5
6000,581.9,0.625042502,2.5
6000,581.95,0.6250768534,2.5
6000,582,0.6251112157,2.5
6000,582.05,0.6251455887,2.5
6000,582.1,0.6251799725,2.5
6000,582.15,0.6252143671,2.5
6000,582.2,0.6252487725,2.5
6000,582.25,0.6252831886,2.5
6000,582.3,0.6253176155,2.5
6000,582.35,0.6253520531,2.5
6000,582.4,0.6253865013,2.5
6000,582.45,0.6254209603,2.5
6000,582.5,0.6254554299,2.5
6000,582.55,0.6254899102,2.5
6000,582.6,0.6255244011,2.5
6000,582.65,0.6255589027,2.5
6000,582.7,0.6255934148,2.5
6000,582.75,0.6256279376,2.5
6000,582.8,0.6256624709,2.5
6000,582.85,0.6256970148,2.5
6000,582.9,0.6257315692,2.5
6000,582.95,0.6257661342,2.5
6000,583,0.6258007097,2.5
6000,583.05,0.6258352957,2.5
6000,583.1,0.6258698921,2.5
6000,583.15,0.625904499,2.5
6000,583.2,0.6259391164,2.5
6000,583.25,0.6259737442,2.5
6000,583.3,0.6260083825,2.5
6000,583.35,0.6260430311,2.5
6000,583.4,0.6260776901,2.5
6000,583.45,0.6261123596,2.5
6000,583.5,0.6261470393,2.5
6000,583.55,0.6261817294,2.5
6000,583.6,0.6262164299,2.5
6000,583.65,0.6262511406,2.5
6000,583.7,0.6262858617,2.5
6000,583.75,0.626320593,2.5
6000,583.8,0.6263553346,2.5
6000,583.85,0.6263900864,2.5
6000,583.9,0.6264248485,2.5
6000,583.95,0.6264596208,2.5
6000,584,0.6264944033,2.5
6000,584.05,0.626529196,2.5
6000,584.1,0.6265639988,2.5
6000,584.15,0.6265988118,2.5
6000,584.2,0.626633635,2.5
6000,584.25,0.6266684683,2.5
6000,584.3,0.6267033116,2.5
6000,584.35,0.6267381651,2.5
6000,584.4,0.6267730287,2.5
6000,584.45,0.6268079023,2.5
6000,584.5,0.626842786,2.5
6000,584.55,0.6268776796,2.5
6000,584.6,0.6269125834,2.5
6000,584.65,0.6269474971,2.5
6000,584.7,0.6269824208,2.5
6000,584.75,0.6270173544,2.5
6000,584.8,0.627052298,2.5
6000,584.85,0.6270872516,2.5
6000,584.9,0.6271222151,2.5
6000,584.95,0.6271571885,2.5
6000,585,0.6271921717,2.5
6000,585.05,0.6272271649,2.5
6000,585.1,0.6272621679,2.5
6000,585.15,0.6272971807,2.5
6000,585.2,0.6273322034,2.5
6000,585.25,0.6273672359,2.5
6000,585.3,0.6274022782,2.5
6000,585.35,0.6274373303,2.5
6000,585.4,0.6274723921,2.5
6000,585.45,0.6275074637,2.5
6000,585.5,0.627542545,2.5
6000,585.55,0.627577636,2.5
6000,585.6,0.6276127368,2.5
6000,585.65,0.6276478472,2.5
6000,585.7,0.6276829673,2.5
6000,585.75,0.6277180971,2.5
6000,585.8,0.6277532365,2.5
6000,585.85,0.6277883855,2.5
6000,585.9,0.6278235441,2.5
6000,585.95,0.6278587123,2.5
6000,586,0.6278938901,2.5
6000,586.05,0.6279290775,2.5
6000,586.1,0.6279642744,2.5
6000,586.15,0.6279994809,2.5
6000,586.2,0.6280346968,2.5
6000,586.25,0.6280699223,2.5
6000,586.3,0.6281051572,2.5
6000,586.35,0.6281404016,2.5
6000,586.4,0.6281756555,2.5
6000,586.45,0.6282109188,2.5
6000,586.5,0.6282461915,2.5
6000,586.55,0.6282814736,2.5
6000,586.6,0.6283167652,2.5
6000,586.65,0.6283520661,2.5
6000,586.7,0.6283873763,2.5
6000,586.75,0.6284226959,2.5
6000,586.8,0.6284580248,2.5
6000,586.85,0.6284933631,2.5
6000,586.9,0.6285287106,2.5
6000,586.95,0.6285640674,2.5
6000,587,0.6285994335,2.5
6000,587.05,0.6286348089,2.5
6000,587.1,0.6286701934,2.5
6000,587.15,0.6287055872,2.5
6000,587.2,0.6287409902,2.5
6000,587.25,0.6287764024,2.5
6000,587.3,0.6288118237,2.5
6000,587.35,0.6288472542,2.5
6000,587.4,0.6288826939,2.5
6000,587.45,0.6289181426,2.5
6000,587.5,0.6289536005,2.5
6000,587.55,0.6289890675,2.5
6000,587.6,0.6290245435,2.5
6000,587.65,0.6290600286,2.5
6000,587.7,0.6290955228,2.5
6000,587.75,0.629131026,2.5
6000,587.8,0.6291665382,2.5
6000,587.85,0.6292020594,2.5
6000,587.9,0.6292375896,2.5
6000,587.95,0.6292731287,2.5
6000,588,0.6293086769,2.5
6000,588.05,0.6293442339,2.5
6000,588.1,0.6293797999,2.5
6000,588.15,0.6294153748,2.5
6000,588.2,0.6294509585,2.5
6000,588.25,0.6294865512,2.5
6000,588.3,0.6295221527,2.5
6000,588.35,0.629557763,2.5
6000,588.4,0.6295933822,2.5
6000,588.45,0.6296290102,2.5
6000,588.5,0.6296646469,2.5
6000,588.55,0.6297002925,2.5
6000,588.6,0.6297359468,2.5
6000,588.65,0.6297716099,2.5
6000,588.7,0.6298072817,2.5
6000,588.75,0.6298429622,2.5
6000,588.8,0.6298786515,2.5
6000,588.85,0.6299143494,2.5
6000,588.9,0.629950056,2.5
6000,588.95,0.6299857712,2.5
6000,589,0.6300214951,2.5
6000,589.05,0.6300572276,2.5
6000,589.1,0.6300929687,2.5
6000,589.15,0.6301287185,2.5
6000,589.2,0.6301644767,2.5
6000,589.25,0.6302002436,2.5
6000,589.3,0.630236019,2.5
6000,589.35,0.6302718029,2.5
6000,589.4,0.6303075954,2.5
6000,589.45,0.6303433963,2.5
6000,589.5,0.6303792058,2.5
6000,589.55,0.6304150237,2.5
6000,589.6,0.63045085,2.5
6000,589.65,0.6304866848,2.5
6000,589.7,0.630522528,2.5
6000,589.75,0.6305583796,2.5
6000,589.8,0.6305942396,2.5
6000,589.85,0.630630108,2.5
6000,589.9,0.6306659848,2.5
6000,589.95,0.6307018698,2.5
6000,590,0.6307377632,2.5
6000,590.05,0.630773665,2.5
6000,590.1,0.630809575,2.5
6000,590.15,0.6308454933,2.5
6000,590.2,0.6308814199,2.5
6000,590.25,0.6309173547,2.5
6000,590.3,0.6309532977,2.5
6000,590.35,0.630989249,2.5
6000,590.4,0.6310252085,2.5
6000,590.45,0.6310611761,2.5
6000,590.5,0.631097152,2.5
6000,590.55,0.631133136,2.5
6000,590.6,0.6311691281,2.5
6000,590.65,0.6312051283,2.5
6000,590.7,0.6312411367,2.5
6000,590.75,0.6312771532,2.5
6000,590.8,0.6313131777,2.5
6000,590.85,0.6313492103,2.5
6000,590.9,0.6313852509,2.5
6000,590.95,0.6314212996,2.5
6000,591,0.6314573563,2.5
6000,591.05,0.631493421,2.5
6000,591.1,0.6315294937,2.5
6000,591.15,0.6315655743,2.5
6000,591.2,0.6316016629,2.5
6000,591.25,0.6316377595,2.5
6000,591.3,0.6316738639,2.5
6000,591.35,0.6317099763,2.5
6000,591.4,0.6317460965,2.5
6000,591.45,0.6317822247,2.5
6000,591.5,0.6318183607,2.5
6000,591.55,0.6318545045,2.5
6000,591.6,0.6318906562,2.5
6000,591.65,0.6319268156,2.5
6000,591.7,0.6319629829,2.5
6000,591.75,0.631999158,2.5
6000,591.8,0.6320353408,2.5
6000,591.85,0.6320715313,2.5
6000,591.9,0.6321077297,2.5
6000,591.95,0.6321439357,2.5
6000,592,0.6321801494,2.5
6000,592.05,0.6322163708,2.5
6000,592.1,0.6322525999,2.5
6000,592.15,0.6322888367,2.5
6000,592.2,0.6323250811,2.5
6000,592.25,0.6323613331,2.5
6000,592.3,0.6323975927,2.5
6000,592.35,0.6324338599,2.5
6000,592.4,0.6324701347,2.5
6000,592.45,0.6325064171,2.5
6000,592.5,0.632542707,2.5
6000,592.55,0.6325790044,2.5
6000,592.6,0.6326153094,2.5
6000,592.65,0.6326516219,2.5
6000,592.7,0.6326879418,2.5
6000,592.75,0.6327242692,2.5
6000,592.8,0.6327606041,2.5
6000,592.85,0.6327969464,2.5
6000,592.9,0.6328332961,2.5
6000,592.95,0.6328696533,2.5
6000,593,0.6329060178,2.5
6000,593.05,0.6329423897,2.5
6000,593.1,0.632978769,2.5
6000,593.15,0.6330151556,2.5
6000,593.2,0.6330515496,2.5
6000,593.25,0.6330879508,2.5
6000,593.3,0.6331243594,2.5
6000,593.35,0.6331607752,2.5
6000,593.4,0.6331971983,2.5
6000,593.45,0.6332336287,2.5
6000,593.5,0.6332700663,2.5
6000,593.55,0.6333065111,2.5
6000,593.6,0.6333429632,2.5
6000,593.65,0.6333794224,2.5
6000,593.7,0.6334158888,2.5
6000,593.75,0.6334523623,2.5
6000,593.8,0.633488843,2.5
6000,593.85,0.6335253308,2.5
6000,593.9,0.6335618258,2.5
6000,593.95,0.6335983278,2.5
6000,594,0.6336348369,2.5
6000,594.05,0.6336713531,2.5
6000,594.1,0.6337078763,2.5
6000,594.15,0.6337444066,2.5
6000,594.2,0.6337809439,2.5
6000,594.25,0.6338174882,2.5
6000,594.3,0.6338540394,2.5
6000,594.35,0.6338905977,2.5
6000,594.4,0.6339271629,2.5
6000,594.45,0.633963735,2.5
6000,594.5,0.6340003141,2.5
6000,594.55,0.6340369001,2.5
6000,594.6,0.634073493,2.5
6000,594.65,0.6341100927,2.5
6000,594.7,0.6341466993,2.5
6000,594.75,0.6341833128,2.5
6000,594.8,0.6342199331,2.5
6000,594.85,0.6342565602,2.5
6000,594.9,0.6342931941,2.5
6000,594.95,0.6343298349,2.5
6000,595,0.6343664823,2.5
6000,595.05,0.6344031366,2.5
6000,595.1,0.6344397975,2.5
6000,595.15,0.6344764652,2.5
6000,595.2,0.6345131396,2.5
6000,595.25,0.6345498207,2.5
6000,595.3,0.6345865085,2.5
6000,595.35,0.634623203,2.5
6000,595.4,0.6346599041,2.5
6000,595.45,0.6346966118,2.5
6000,595.5,0.6347333261,2.5
6000,595.55,0.634770047,2.5
6000,595.6,0.6348067746,2.5
6000,595.65,0.6348435086,2.5
6000,595.7,0.6348802493,2.5
6000,595.75,0.6349169965,2.5
6000,595.8,0.6349537502,2.5
6000,595.85,0.6349905104,2.5
6000,595.9,0.6350272771,2.5
6000,595.95,0.6350640503,2.5
6000,596,0.6351008299,2.5
6000,596.05,0.635137616,2.5
6000,596.1,0.6351744085,2.5
6000,596.15,0.6352112074,2.5
6000,596.2,0.6352480128,2.5
6000,596.25,0.6352848245,2.5
6000,596.3,0.6353216426,2.5
6000,596.35,0.635358467,2.5
6000,596.4,0.6353952978,2.5
6000,596.45,0.6354321349,2.5
6000,596.5,0.6354689783,2.5
6000,596.55,0.635505828,2.5
6000,596.6,0.6355426839,2.5
6000,596.65,0.6355795462,2.5
6000,596.7,0.6356164146,2.5
6000,596.75,0.6356532893,2.5
6000,596.8,0.6356901703,2.5
6000,596.85,0.6357270574,2.5
6000,596.9,0.6357639507,2.5
6000,596.95,0.6358008501,2.5
6000,597,0.6358377557,2.5
6000,597.05,0.6358746675,2.5
6000,597.1,0.6359115854,2.5
6000,597.15,0.6359485094,2.5
6000,597.2,0.6359854394,2.5
6000,597.25,0.6360223756,2.5
6000,597.3,0.6360593178,2.5
6000,597.35,0.636096266,2.5
6000,597.4,0.6361332203,2.5
6000,597.45,0.6361701806,2.5
6000,597.5,0.6362071469,2.5
6000,597.55,0.6362441191,2.5
6000,597.6,0.6362810974,2.5
6000,597.65,0.6363180816,2.5
6000,597.7,0.6363550717,2.5
6000,597.75,0.6363920677,2.5
6000,597.8,0.6364290697,2.5
6000,597.85,0.6364660775,2.5
6000,597.9,0.6365030912,2.5
6000,597.95,0.6365401108,2.5
6000,598,0.6365771362,2.5
6000,598.05,0.6366141675,2.5
6000,598.1,0.6366512045,2.5
6000,598.15,0.6366882474,2.5
6000,598.2,0.636725296,2.5
6000,598.25,0.6367623505,2.5
6000,598.3,0.6367994106,2.5
6000,598.35,0.6368364765,2.5
6000,598.4,0.6368735481,2.5
6000,598.45,0.6369106254,2.5
6000,598.5,0.6369477085,2.5
6000,598.55,0.6369847971,2.5
6000,598.6,0.6370218915,2.5
6000,598.65,0.6370589915,2.5
6000,598.7,0.6370960971,2.5
6000,598.75,0.6371332083,2.5
6000,598.8,0.6371703251,2.5
6000,598.85,0.6372074476,2.5
6000,598.9,0.6372445755,2.5
6000,598.95,0.6372817091,2.5
6000,599,0.6373188481,2.5
6000,599.05,0.6373559927,2.5
6000,599.1,0.6373931428,2.5
6000,599.15,0.6374302984,2.5
6000,599.2,0.6374674595,2.5
6000,599.25,0.637504626,2.5
6000,599.3,0.6375417979,2.5
6000,599.35,0.6375789753,2.5
6000,599.4,0.6376161581,2.5
6000,599.45,0.6376533463,2.5
6000,599.5,0.6376905399,2.5
6000,599.55,0.6377277389,2.5
6000,599.6,0.6377649432,2.5
6000,599.65,0.6378021528,2.5
6000,599.7,0.6378393678,2.5
6000,599.75,0.6378765881,2.5
6000,599.8,0.6379138136,2.5
6000,599.85,0.6379510445,2.5
6000,599.9,0.6379882806,2.5
6000,599.95,0.6380255219,2.5
6000,600,0.6380627685,2.5
6000,600.05,0.6381000203,2.5
6000,600.1,0.6381372773,2.5
6000,600.15,0.6381745395,2.5
6000,600.2,0.6382118068,2.5
6000,600.25,0.6382490793,2.5
6000,600.3,0.638286357,2.5
6000,600.35,0.6383236397,2.5
6000,600.4,0.6383609276,2.5
6000,600.45,0.6383982206,2.5
6000,600.5,0.6384355186,2.5
6000,600.55,0.6384728217,2.5
6000,600.6,0.6385101298,2.5
6000,600.65,0.638547443,2.5
6000,600.7,0.6385847612,2.5
6000,600.75,0.6386220844,2.5
6000,600.8,0.6386594126,2.5
6000,600.85,0.6386967458,2.5
6000,600.9,0.6387340839,2.5
6000,600.95,0.6387714269,2.5
6000,601,0.6388087749,2.5
6000,601.05,0.6388461278,2.5
6000,601.1,0.6388834856,2.5
6000,601.15,0.6389208482,2.5
6000,601.2,0.6389582157,2.5
6000,601.25,0.6389955881,2.5
6000,601.3,0.6390329653,2.5
6000,601.35,0.6390703473,2.5
6000,601.4,0.6391077342,2.5
6000,601.45,0.6391451258,2.5
6000,601.5,0.6391825222,2.5
6000,601.55,0.6392199233,2.5
6000,601.6,0.6392573292,2.5
6000,601.65,0.6392947398,2.5
6000,601.7,0.6393321551,2.5
6000,601.75,0.6393695751,2.5
6000,601.8,0.6394069999,2.5
6000,601.85,0.6394444292,2.5
6000,601.9,0.6394818632,2.5
6000,601.95,0.6395193019,2.5
6000,602,0.6395567452,2.5
6000,602.05,0.6395941931,2.5
6000,602.1,0.6396316455,2.5
6000,602.15,0.6396691026,2.5
6000,602.2,0.6397065642,2.5
6000,602.25,0.6397440304,2.5
6000,602.3,0.639781501,2.5
6000,602.35,0.6398189762,2.5
6000,602.4,0.6398564559,2.5
6000,602.45,0.6398939401,2.5
6000,602.5,0.6399314288,2.5
6000,602.55,0.6399689219,2.5
6000,602.6,0.6400064194,2.5
6000,602.65,0.6400439214,2.5
6000,602.7,0.6400814278,2.5
6000,602.75,0.6401189385,2.5
6000,602.8,0.6401564537,2.5
6000,602.85,0.6401939732,2.5
6000,602.9,0.6402314971,2.5
6000,602.95,0.6402690253,2.5
6000,603,0.6403065578,2.5
6000,603.05,0.6403440946,2.5
6000,603.1,0.6403816357,2.5
6000,603.15,0.6404191811,2.5
6000,603.2,0.6404567307,2.5
6000,603.25,0.6404942846,2.5
6000,603.3,0.6405318427,2.5
6000,603.35,0.640569405,2.5
6000,603.4,0.6406069715,2.5
6000,603.45,0.6406445422,2.5
6000,603.5,0.6406821171,2.5
6000,603.55,0.6407196961,2.5
6000,603.6,0.6407572792,2.5
6000,603.65,0.6407948665,2.5
6000,603.7,0.6408324579,2.5
6000,603.75,0.6408700534,2.5
6000,603.8,0.6409076529,2.5
6000,603.85,0.6409452565,2.5
6000,603.9,0.6409828642,2.5
6000,603.95,0.6410204759,2.5
6000,604,0.6410580916,2.5
6000,604.05,0.6410957113,2.5
6000,604.1,0.641133335,2.5
6000,604.15,0.6411709626,2.5
6000,604.2,0.6412085942,2.5
6000,604.25,0.6412462298,2.5
6000,604.3,0.6412838693,2.5
6000,604.35,0.6413215127,2.5
6000,604.4,0.64135916,2.5
6000,604.45,0.6413968111,2.5
6000,604.5,0.6414344662,2.5
6000,604.55,0.6414721251,2.5
6000,604.6,0.6415097878,2.5
6000,604.65,0.6415474544,2.5
6000,604.7,0.6415851247,2.5
6000,604.75,0.6416227989,2.5
6000,604.8,0.6416604768,2.5
6000,604.85,0.6416981585,2.5
6000,604.9,0.6417358439,2.5
6000,604.95,0.6417735331,2.5
6000,605,0.6418112259,2.5
6000,605.05,0.6418489225,2.5
6000,605.1,0.6418866228,2.5
6000,605.15,0.6419243267,2.5
6000,605.2,0.6419620343,2.5
6000,605.25,0.6419997455,2.5
6000,605.3,0.6420374604,2.5
6000,605.35,0.6420751789,2.5
6000,605.4,0.6421129009,2.5
6000,605.45,0.6421506266,2.5
6000,605.5,0.6421883558,2.5
6000,605.55,0.6422260886,2.5
6000,605.6,0.6422638249,2.5
6000,605.65,0.6423015647,2.5
6000,605.7,0.642339308,2.5
6000,605.75,0.6423770549,2.5
6000,605.8,0.6424148052,2.5
6000,605.85,0.6424525589,2.5
6000,605.9,0.6424903162,2.5
6000,605.95,0.6425280768,2.5
6000,606,0.6425658409,2.5
6000,606.05,0.6426036083,2.5
6000,606.1,0.6426413792,2.5
6000,606.15,0.6426791534,2.5
6000,606.2,0.642716931,2.5
6000,606.25,0.6427547119,2.5
6000,606.3,0.6427924962,2.5
6000,606.35,0.6428302837,2.5
6000,606.4,0.6428680746,2.5
6000,606.45,0.6429058688,2.5
6000,606.5,0.6429436662,2.5
6000,606.55,0.6429814669,2.5
6000,606.6,0.6430192708,2.5
6000,606.65,0.6430570779,2.5
6000,606.7,0.6430948883,2.5
6000,606.75,0.6431327018,2.5
6000,606.8,0.6431705185,2.5
6000,606.85,0.6432083384,2.5
6000,606.9,0.6432461614,2.5
6000,606.95,0.6432839876,2.5
6000,607,0.6433218169,2.5
6000,607.05,0.6433596493,2.5
6000,607.1,0.6433974848,2.5
6000,607.15,0.6434353233,2.5
6000,607.2,0.643473165,2.5
6000,607.25,0.6435110096,2.5
6000,607.3,0.6435488573,2.5
6000,607.35,0.6435867081,2.5
6000,607.4,0.6436245618,2.5
6000,607.45,0.6436624185,2.5
6000,607.5,0.6437002782,2.5
6000,607.55,0.6437381408,2.5
6000,607.6,0.6437760064,2.5
6000,607.65,0.6438138749,2.5
6000,607.7,0.6438517463,2.5
6000,607.75,0.6438896206,2.5
6000,607.8,0.6439274978,2.5
6000,607.85,0.6439653779,2.5
6000,607.9,0.6440032608,2.5
6000,607.95,0.6440411466,2.5
6000,608,0.6440790352,2.5
6000,608.05,0.6441169266,2.5
6000,608.1,0.6441548208,2.5
6000,608.15,0.6441927178,2.5
6000,608.2,0.6442306175,2.5
6000,608.25,0.64426852,2.5
6000,608.3,0.6443064252,2.5
6000,608.35,0.6443443332,2.5
6000,608.4,0.6443822438,2.5
6000,608.45,0.6444201572,2.5
6000,608.5,0.6444580732,2.5
6000,608.55,0.6444959919,2.5
6000,608.6,0.6445339133,2.5
6000,608.65,0.6445718372,2.5
6000,608.7,0.6446097638,2.5
6000,608.75,0.644647693,2.5
6000,608.8,0.6446856248,2.5
6000,608.85,0.6447235592,2.5
6000,608.9,0.6447614961,2.5
6000,608.95,0.6447994356,2.5
6000,609,0.6448373776,2.5
6000,609.05,0.6448753221,2.5
6000,609.1,0.6449132691,2.5
6000,609.15,0.6449512186,2.5
6000,609.2,0.6449891706,2.5
6000,609.25,0.645027125,2.5
6000,609.3,0.6450650819,2.5
6000,609.35,0.6451030412,2.5
6000,609.4,0.6451410029,2.5
6000,609.45,0.645178967,2.5
6000,609.5,0.6452169335,2.5
6000,609.55,0.6452549024,2.5
6000,609.6,0.6452928736,2.5
6000,609.65,0.6453308472,2.5
6000,609.7,0.6453688231,2.5
6000,609.75,0.6454068013,2.5
6000,609.8,0.6454447818,2.5
6000,609.85,0.6454827646,2.5
6000,609.9,0.6455207496,2.5
6000,609.95,0.6455587369,2.5
6000,610,0.6455967265,2.5
6000,610.05,0.6456347182,2.5
6000,610.1,0.6456727122,2.5
6000,610.15,0.6457107084,2.5
6000,610.2,0.6457487067,2.5
6000,610.25,0.6457867073,2.5
6000,610.3,0.6458247099,2.5
6000,610.35,0.6458627147,2.5
6000,610.4,0.6459007217,2.5
6000,610.45,0.6459387307,2.5
6000,610.5,0.6459767418,2.5
6000,610.55,0.6460147551,2.5
6000,610.6,0.6460527703,2.5
6000,610.65,0.6460907877,2.5
6000,610.7,0.646128807,2.5
6000,610.75,0.6461668284,2.5
6000,610.8,0.6462048518,2.5
6000,610.85,0.6462428772,2.5
6000,610.9,0.6462809045,2.5
6000,610.95,0.6463189338,2.5
6000,611,0.6463569651,2.5
6000,611.05,0.6463949983,2.5
6000,611.1,0.6464330334,2.5
6000,611.15,0.6464710705,2.5
6000,611.2,0.6465091094,2.5
6000,611.25,0.6465471502,2.5
6000,611.3,0.6465851928,2.5
6000,611.35,0.6466232373,2.5
6000,611.4,0.6466612837,2.5
6000,611.45,0.6466993318,2.5
6000,611.5,0.6467373818,2.5
6000,611.55,0.6467754335,2.5
6000,611.6,0.6468134871,2.5
6000,611.65,0.6468515423,2.5
6000,611.7,0.6468895994,2.5
6000,611.75,0.6469276581,2.5
6000,611.8,0.6469657186,2.5
6000,611.85,0.6470037808,2.5
6000,611.9,0.6470418447,2.5
6000,611.95,0.6470799102,2.5
6000,612,0.6471179774,2.5
6000,612.05,0.6471560463,2.5
6000,612.1,0.6471941167,2.5
6000,612.15,0.6472321888,2.5
6000,612.2,0.6472702625,2.5
6000,612.25,0.6473083378,2.5
6000,612.3,0.6473464147,2.5
6000,612.35,0.6473844931,2.5
6000,612.4,0.6474225731,2.5
6000,612.45,0.6474606546,2.5
6000,612.5,0.6474987376,2.5
6000,612.55,0.6475368221,2.5
6000,612.6,0.6475749081,2.5
6000,612.65,0.6476129956,2.5
6000,612.7,0.6476510845,2.5
6000,612.75,0.6476891749,2.5
6000,612.8,0.6477272667,2.5
6000,612.85,0.64776536,2.5
6000,612.9,0.6478034546,2.5
6000,612.95,0.6478415506,2.5
6000,613,0.647879648,2.5
6000,613.05,0.6479177468,2.5
6000,613.1,0.6479558469,2.5
6000,613.15,0.6479939483,2.5
6000,613.2,0.648032051,2.5
6000,613.25,0.6480701551,2.5
6000,613.3,0.6481082604,2.5
6000,613.35,0.648146367,2.5
6000,613.4,0.6481844749,2.5
6000,613.45,0.648222584,2.5
6000,613.5,0.6482606944,2.5
6000,613.55,0.6482988059,2.5
6000,613.6,0.6483369187,2.5
6000,613.65,0.6483750326,2.5
6000,613.7,0.6484131478,2.5
6000,613.75,0.6484512641,2.5
6000,613.8,0.6484893815,2.5
6000,613.85,0.6485275001,2.5
6000,613.9,0.6485656197,2.5
6000,613.95,0.6486037405,2.5
6000,614,0.6486418624,2.5
6000,614.05,0.6486799853,2.5
6000,614.1,0.6487181094,2.5
6000,614.15,0.6487562344,2.5
6000,614.2,0.6487943605,2.5
6000,614.25,0.6488324876,2.5
6000,614.3,0.6488706157,2.5
6000,614.35,0.6489087448,2.5
6000,614.4,0.6489468749,2.5
6000,614.45,0.6489850059,2.5
6000,614.5,0.6490231379,2.5
6000,614.55,0.6490612709,2.5
6000,614.6,0.6490994047,2.5
6000,614.65,0.6491375394,2.5
6000,614.7,0.6491756751,2.5
6000,614.75,0.6492138116,2.5
6000,614.8,0.649251949,2.5
6000,614.85,0.6492900872,2.5
6000,614.9,0.6493282262,2.5
6000,614.95,0.6493663661,2.5
6000,615,0.6494045068,2.5
6000,615.05,0.6494426483,2.5
6000,615.1,0.6494807906,2.5
6000,615.15,0.6495189336,2.5
6000,615.2,0.6495570774,2.5
6000,615.25,0.6495952219,2.5
6000,615.3,0.6496333671,2.5
6000,615.35,0.649671513,2.5
6000,615.4,0.6497096597,2.5
6000,615.45,0.649747807,2.5
6000,615.5,0.649785955,2.5
6000,615.55,0.6498241036,2.5
6000,615.6,0.6498622529,2.5
6000,615.65,0.6499004028,2.5
6000,615.7,0.6499385533,2.5
6000,615.75,0.6499767044,2.5
6000,615.8,0.6500148561,2.5
6000,615.85,0.6500530083,2.5
6000,615.9,0.6500911611,2.5
6000,615.95,0.6501293145,2.5
6000,616,0.6501674684,2.5
6000,616.05,0.6502056228,2.5
6000,616.1,0.6502437777,2.5
6000,616.15,0.650281933,2.5
6000,616.2,0.6503200889,2.5
6000,616.25,0.6503582452,2.5
6000,616.3,0.6503964019,2.5
6000,616.35,0.6504345591,2.5
6000,616.4,0.6504727167,2.5
6000,616.45,0.6505108747,2.5
6000,616.5,0.650549033,2.5
6000,616.55,0.6505871918,2.5
6000,616.6,0.6506253509,2.5
6000,616.65,0.6506635103,2.5
6000,616.7,0.6507016701,2.5
6000,616.75,0.6507398302,2.5
6000,616.8,0.6507779906,2.5
6000,616.85,0.6508161513,2.5
6000,616.9,0.6508543123,2.5
6000,616.95,0.6508924736,2.5
6000,617,0.650930635,2.5
6000,617.05,0.6509687968,2.5
6000,617.1,0.6510069587,2.5
6000,617.15,0.6510451208,2.5
6000,617.2,0.6510832832,2.5
6000,617.25,0.6511214457,2.5
6000,617.3,0.6511596084,2.5
6000,617.35,0.6511977712,2.5
6000,617.4,0.6512359342,2.5
6000,617.45,0.6512740973,2.5
6000,617.5,0.6513122605,2.5
6000,617.55,0.6513504238,2.5
6000,617.6,0.6513885872,2.5
6000,617.65,0.6514267507,2.5
6000,617.7,0.6514649142,2.5
6000,617.75,0.6515030777,2.5
6000,617.8,0.6515412413,2.5
6000,617.85,0.6515794049,2.5
6000,617.9,0.6516175685,2.5
6000,617.95,0.6516557321,2.5
6000,618,0.6516938957,2.5
6000,618.05,0.6517320592,2.5
6000,618.1,0.6517702226,2.5
6000,618.15,0.651808386,2.5
6000,618.2,0.6518465493,2.5
6000,618.25,0.6518847126,2.5
6000,618.3,0.6519228757,2.5
6000,618.35,0.6519610387,2.5
6000,618.4,0.6519992015,2.5
6000,618.45,0.6520373642,2.5
6000,618.5,0.6520755267,2.5
6000,618.55,0.6521136891,2.5
6000,618.6,0.6521518512,2.5
6000,618.65,0.6521900132,2.5
6000,618.7,0.6522281749,2.5
6000,618.75,0.6522663364,2.5
6000,618.8,0.6523044977,2.5
6000,618.85,0.6523426587,2.5
6000,618.9,0.6523808194,2.5
6000,618.95,0.6524189799,2.5
6000,619,0.65245714,2.5
6000,619.05,0.6524952998,2.5
6000,619.1,0.6525334593,2.5
6000,619.15,0.6525716185,2.5
6000,619.2,0.6526097773,2.5
6000,619.25,0.6526479357,2.5
6000,619.3,0.6526860938,2.5
6000,619.35,0.6527242514,2.5
6000,619.4,0.6527624087,2.5
6000,619.45,0.6528005655,2.5
6000,619.5,0.6528387219,2.5
6000,619.55,0.6528768778,2.5
6000,619.6,0.6529150333,2.5
6000,619.65,0.6529531883,2.5
6000,619.7,0.6529913428,2.5
6000,619.75,0.6530294968,2.5
6000,619.8,0.6530676503,2.5
6000,619.85,0.6531058033,2.5
6000,619.9,0.6531439557,2.5
6000,619.95,0.6531821075,2.5
6000,620,0.6532202588,2.5
6000,620.05,0.6532584095,2.5
6000,620.1,0.6532965596,2.5
6000,620.15,0.6533347091,2.5
6000,620.2,0.6533728579,2.5
6000,620.25,0.6534110061,2.5
6000,620.3,0.6534491537,2.5
6000,620.35,0.6534873006,2.5
6000,620.4,0.6535254468,2.5
6000,620.45,0.6535635924,2.5
6000,620.5,0.6536017372,2.5
6000,620.55,0.6536398813,2.5
6000,620.6,0.6536780247,2.5
6000,620.65,0.6537161673,2.5
6000,620.7,0.6537543092,2.5
6000,620.75,0.6537924503,2.5
6000,620.8,0.6538305906,2.5
6000,620.85,0.6538687301,2.5
6000,620.9,0.6539068688,2.5
6000,620.95,0.6539450066,2.5
6000,621,0.6539831437,2.5
6000,621.05,0.6540212798,2.5
6000,621.1,0.6540594151,2.5
6000,621.15,0.6540975496,2.5
6000,621.2,0.6541356831,2.5
6000,621.25,0.6541738157,2.5
6000,621.3,0.6542119474,2.5
6000,621.35,0.6542500782,2.5
6000,621.4,0.654288208,2.5
6000,621.45,0.6543263369,2.5
6000,621.5,0.6543644648,2.5
6000,621.55,0.6544025917,2.5
6000,621.6,0.6544407176,2.5
6000,621.65,0.6544788425,2.5
6000,621.7,0.6545169664,2.5
6000,621.75,0.6545550892,2.5
6000,621.8,0.654593211,2.5
6000,621.85,0.6546313317,2.5
6000,621.9,0.6546694513,2.5
6000,621.95,0.6547075698,2.5
6000,622,0.6547456873,2.5
6000,622.05,0.6547838036,2.5
6000,622.1,0.6548219187,2.5
6000,622.15,0.6548600328,2.5
6000,622.2,0.6548981457,2.5
6000,622.25,0.6549362574,2.5
6000,622.3,0.6549743679,2.5
6000,622.35,0.6550124772,2.5
6000,622.4,0.6550505853,2.5
6000,622.45,0.6550886922,2.5
6000,622.5,0.6551267978,2.5
6000,622.55,0.6551649022,2.5
6000,622.6,0.6552030053,2.5
6000,622.65,0.6552411072,2.5
6000,622.7,0.6552792077,2.5
6000,622.75,0.655317307,2.5
6000,622.8,0.6553554049,2.5
6000,622.85,0.6553935015,2.5
6000,622.9,0.6554315968,2.5
6000,622.95,0.6554696907,2.5
6000,623,0.6555077832,2.5
6000,623.05,0.6555458744,2.5
6000,623.1,0.6555839642,2.5
6000,623.15,0.6556220525,2.5
6000,623.2,0.6556601394,2.5
6000,623.25,0.6556982249,2.5
6000,623.3,0.655736309,2.5
6000,623.35,0.6557743916,2.5
6000,623.4,0.6558124727,2.5
6000,623.45,0.6558505523,2.5
6000,623.5,0.6558886304,2.5
6000,623.55,0.655926707,2.5
6000,623.6,0.6559647821,2.5
6000,623.65,0.6560028557,2.5
6000,623.7,0.6560409277,2.5
6000,623.75,0.6560789981,2.5
6000,623.8,0.6561170669,2.5
6000,623.85,0.6561551342,2.5
6000,623.9,0.6561931998,2.5
6000,623.95,0.6562312639,2.5
6000,624,0.6562693263,2.5
6000,624.05,0.656307387,2.5
6000,624.1,0.6563454461,2.5
6000,624.15,0.6563835036,2.5
6000,624.2,0.6564215593,2.5
6000,624.25,0.6564596134,2.5
6000,624.3,0.6564976657,2.5
6000,624.35,0.6565357164,2.5
6000,624.4,0.6565737653,2.5
6000,624.45,0.6566118124,2.5
6000,624.5,0.6566498578,2.5
6000,624.55,0.6566879014,2.5
6000,624.6,0.6567259433,2.5
6000,624.65,0.6567639833,2.5
6000,624.7,0.6568020215,2.5
6000,624.75,0.6568400579,2.5
6000,624.8,0.6568780925,2.5
6000,624.85,0.6569161252,2.5
6000,624.9,0.656954156,2.5
6000,624.95,0.656992185,2.5
6000,625,0.6570302121,2.5
6000,625.05,0.6570682373,2.5
6000,625.1,0.6571062605,2.5
6000,625.15,0.6571442819,2.5
6000,625.2,0.6571823013,2.5
6000,625.25,0.6572203187,2.5
6000,625.3,0.6572583342,2.5
6000,625.35,0.6572963477,2.5
6000,625.4,0.6573343592,2.5
6000,625.45,0.6573723688,2.5
6000,625.5,0.6574103762,2.5
6000,625.55,0.6574483817,2.5
6000,625.6,0.6574863851,2.5
6000,625.65,0.6575243865,2.5
6000,625.7,0.6575623858,2.5
6000,625.75,0.657600383,2.5
6000,625.8,0.6576383782,2.5
6000,625.85,0.6576763712,2.5
6000,625.9,0.6577143621,2.5
6000,625.95,0.6577523508,2.5
6000,626,0.6577903375,2.5
6000,626.05,0.6578283219,2.5
6000,626.1,0.6578663042,2.5
6000,626.15,0.6579042844,2.5
6000,626.2,0.6579422623,2.5
6000,626.25,0.657980238,2.5
6000,626.3,0.6580182115,2.5
6000,626.35,0.6580561828,2.5
6000,626.4,0.6580941518,2.5
6000,626.45,0.6581321186,2.5
6000,626.5,0.658170083,2.5
6000,626.55,0.6582080453,2.5
6000,626.6,0.6582460052,2.5
6000,626.65,0.6582839628,2.5
6000,626.7,0.6583219181,2.5
6000,626.75,0.658359871,2.5
6000,626.8,0.6583978216,2.5
6000,626.85,0.6584357699,2.5
6000,626.9,0.6584737157,2.5
6000,626.95,0.6585116592,2.5
6000,627,0.6585496003,2.5
6000,627.05,0.658587539,2.5
6000,627.1,0.6586254752,2.5
6000,627.15,0.6586634091,2.5
6000,627.2,0.6587013405,2.5
6000,627.25,0.6587392694,2.5
6000,627.3,0.6587771958,2.5
6000,627.35,0.6588151198,2.5
6000,627.4,0.6588530413,2.5
6000,627.45,0.6588909602,2.5
6000,627.5,0.6589288766,2.5
6000,627.55,0.6589667906,2.5
6000,627.6,0.6590047019,2.5
6000,627.65,0.6590426107,2.5
6000,627.7,0.6590805169,2.5
6000,627.75,0.6591184206,2.5
6000,627.8,0.6591563216,2.5
6000,627.85,0.65919422,2.5
6000,627.9,0.6592321159,2.5
6000,627.95,0.659270009,2.5
6000,628,0.6593078996,2.5
6000,628.05,0.6593457874,2.5
6000,628.1,0.6593836726,2.5
6000,628.15,0.6594215552,2.5
6000,628.2,0.659459435,2.5
6000,628.25,0.6594973121,2.5
6000,628.3,0.6595351865,2.5
6000,628.35,0.6595730581,2.5
6000,628.4,0.6596109271,2.5
6000,628.45,0.6596487932,2.5
6000,628.5,0.6596866566,2.5
6000,628.55,0.6597245172,2.5
6000,628.6,0.659762375,2.5
6000,628.65,0.65980023,2.5
6000,628.7,0.6598380822,2.5
6000,628.75,0.6598759315,2.5
6000,628.8,0.659913778,2.5
6000,628.85,0.6599516217,2.5
6000,628.9,0.6599894625,2.5
6000,628.95,0.6600273004,2.5
6000,629,0.6600651354,2.5
6000,629.05,0.6601029675,2.5
6000,629.1,0.6601407967,2.5
6000,629.15,0.6601786229,2.5
6000,629.2,0.6602164462,2.5
6000,629.25,0.6602542666,2.5
6000,629.3,0.6602920839,2.5
6000,629.35,0.6603298984,2.5
6000,629.4,0.6603677098,2.5
6000,629.45,0.6604055182,2.5
6000,629.5,0.6604433236,2.5
6000,629.55,0.6604811259,2.5
6000,629.6,0.6605189253,2.5
6000,629.65,0.6605567215,2.5
6000,629.7,0.6605945148,2.5
6000,629.75,0.6606323049,2.5
6000,629.8,0.6606700919,2.5
6000,629.85,0.6607078759,2.5
6000,629.9,0.6607456567,2.5
6000,629.95,0.6607834344,2.5
6000,630,0.660821209,2.5
6000,630.05,0.6608589804,2.5
6000,630.1,0.6608967487,2.5
6000,630.15,0.6609345137,2.5
6000,630.2,0.6609722756,2.5
6000,630.25,0.6610100343,2.5
6000,630.3,0.6610477898,2.5
6000,630.35,0.6610855421,2.5
6000,630.4,0.6611232911,2.5
6000,630.45,0.6611610369,2.5
6000,630.5,0.6611987794,2.5
6000,630.55,0.6612365187,2.5
6000,630.6,0.6612742547,2.5
6000,630.65,0.6613119873,2.5
6000,630.7,0.6613497167,2.5
6000,630.75,0.6613874428,2.5
6000,630.8,0.6614251655,2.5
6000,630.85,0.6614628849,2.5
6000,630.9,0.6615006009,2.5
6000,630.95,0.6615383135,2.5
6000,631,0.6615760228,2.5
6000,631.05,0.6616137287,2.5
6000,631.1,0.6616514312,2.5
6000,631.15,0.6616891303,2.5
6000,631.2,0.6617268259,2.5
6000,631.25,0.6617645181,2.5
6000,631.3,0.6618022069,2.5
6000,631.35,0.6618398922,2.5
6000,631.4,0.661877574,2.5
6000,631.45,0.6619152523,2.5
6000,631.5,0.6619529271,2.5
6000,631.55,0.6619905985,2.5
6000,631.6,0.6620282663,2.5
6000,631.65,0.6620659305,2.5
6000,631.7,0.6621035913,2.5
6000,631.75,0.6621412484,2.5
6000,631.8,0.662178902,2.5
6000,631.85,0.662216552,2.5
6000,631.9,0.6622541985,2.5
6000,631.95,0.6622918413,2.5
6000,632,0.6623294805,2.5
6000,632.05,0.662367116,2.5
6000,632.1,0.662404748,2.5
6000,632.15,0.6624423763,2.5
6000,632.2,0.6624800009,2.5
6000,632.25,0.6625176218,2.5
6000,632.3,0.6625552391,2.5
6000,632.35,0.6625928526,2.5
6000,632.4,0.6626304624,2.5
6000,632.45,0.6626680686,2.5
6000,632.5,0.6627056709,2.5
6000,632.55,0.6627432696,2.5
6000,632.6,0.6627808644,2.5
6000,632.65,0.6628184556,2.5
6000,632.7,0.6628560429,2.5
6000,632.75,0.6628936264,2.5
6000,632.8,0.6629312061,2.5
6000,632.85,0.662968782,2.5
6000,632.9,0.6630063541,2.5
6000,632.95,0.6630439224,2.5
6000,633,0.6630814868,2.5
6000,633.05,0.6631190473,2.5
6000,633.1,0.6631566039,2.5
6000,633.15,0.6631941567,2.5
6000,633.2,0.6632317055,2.5
6000,633.25,0.6632692505,2.5
6000,633.3,0.6633067915,2.5
6000,633.35,0.6633443286,2.5
6000,633.4,0.6633818618,2.5
6000,633.45,0.663419391,2.5
6000,633.5,0.6634569162,2.5
6000,633.55,0.6634944375,2.5
6000,633.6,0.6635319547,2.5
6000,633.65,0.663569468,2.5
6000,633.7,0.6636069772,2.5
6000,633.75,0.6636444824,2.5
6000,633.8,0.6636819836,2.5
6000,633.85,0.6637194807,2.5
6000,633.9,0.6637569738,2.5
6000,633.95,0.6637944628,2.5
6000,634,0.6638319477,2.5
6000,634.05,0.6638694285,2.5
6000,634.1,0.6639069052,2.5
6000,634.15,0.6639443778,2.5
6000,634.2,0.6639818462,2.5
6000,634.25,0.6640193105,2.5
6000,634.3,0.6640567707,2.5
6000,634.35,0.6640942267,2.5
6000,634.4,0.6641316785,2.5
6000,634.45,0.6641691261,2.5
6000,634.5,0.6642065696,2.5
6000,634.55,0.6642440088,2.5
6000,634.6,0.6642814438,2.5
6000,634.65,0.6643188746,2.5
6000,634.7,0.6643563011,2.5
6000,634.75,0.6643937233,2.5
6000,634.8,0.6644311413,2.5
6000,634.85,0.6644685551,2.5
6000,634.9,0.6645059645,2.5
6000,634.95,0.6645433696,2.5
6000,635,0.6645807704,2.5
6000,635.05,0.6646181669,2.5
6000,635.1,0.6646555591,2.5
6000,635.15,0.6646929469,2.5
6000,635.2,0.6647303303,2.5
6000,635.25,0.6647677094,2.5
6000,635.3,0.6648050841,2.5
6000,635.35,0.6648424544,2.5
6000,635.4,0.6648798203,2.5
6000,635.45,0.6649171818,2.5
6000,635.5,0.6649545389,2.5
6000,635.55,0.6649918915,2.5
6000,635.6,0.6650292397,2.5
6000,635.65,0.6650665834,2.5
6000,635.7,0.6651039226,2.5
6000,635.75,0.6651412574,2.5
6000,635.8,0.6651785877,2.5
6000,635.85,0.6652159134,2.5
6000,635.9,0.6652532347,2.5
6000,635.95,0.6652905514,2.5
6000,636,0.6653278636,2.5
6000,636.05,0.6653651712,2.5
6000,636.1,0.6654024743,2.5
6000,636.15,0.6654397728,2.5
6000,636.2,0.6654770667,2.5
6000,636.25,0.665514356,2.5
6000,636.3,0.6655516407,2.5
6000,636.35,0.6655889208,2.5
6000,636.4,0.6656261962,2.5
6000,636.45,0.6656634671,2.5
6000,636.5,0.6657007332,2.5
6000,636.55,0.6657379948,2.5
6000,636.6,0.6657752516,2.5
6000,636.65,0.6658125038,2.5
6000,636.7,0.6658497512,2.5
6000,636.75,0.665886994,2.5
6000,636.8,0.665924232,2.5
6000,636.85,0.6659614653,2.5
6000,636.9,0.6659986939,2.5
6000,636.95,0.6660359177,2.5
6000,637,0.6660731368,2.5
6000,637.05,0.6661103511,2.5
6000,637.1,0.6661475606,2.5
6000,637.15,0.6661847653,2.5
6000,637.2,0.6662219652,2.5
6000,637.25,0.6662591603,2.5
6000,637.3,0.6662963505,2.5
6000,637.35,0.6663335359,2.5
6000,637.4,0.6663707165,2.5
6000,637.45,0.6664078922,2.5
6000,637.5,0.666445063,2.5
6000,637.55,0.666482229,2.5
6000,637.6,0.6665193901,2.5
6000,637.65,0.6665565462,2.5
6000,637.7,0.6665936975,2.5
6000,637.75,0.6666308438,2.5
6000,637.8,0.6666679852,2.5
6000,637.85,0.6667051216,2.5
6000,637.9,0.6667422531,2.5
6000,637.95,0.6667793796,2.5
6000,638,0.6668165011,2.5
6000,638.05,0.6668536176,2.5
6000,638.1,0.6668907291,2.5
6000,638.15,0.6669278356,2.5
6000,638.2,0.6669649371,2.5
6000,638.25,0.6670020336,2.5
6000,638.3,0.667039125,2.5
6000,638.35,0.6670762113,2.5
6000,638.4,0.6671132926,2.5
6000,638.45,0.6671503688,2.5
6000,638.5,0.6671874399,2.5
6000,638.55,0.6672245059,2.5
6000,638.6,0.6672615668,2.5
6000,638.65,0.6672986226,2.5
6000,638.7,0.6673356733,2.5
6000,638.75,0.6673727188,2.5
6000,638.8,0.6674097591,2.5
6000,638.85,0.6674467943,2.5
6000,638.9,0.6674838243,2.5
6000,638.95,0.6675208491,2.5
6000,639,0.6675578688,2.5
6000,639.05,0.6675948832,2.5
6000,639.1,0.6676318924,2.5
6000,639.15,0.6676688963,2.5
6000,639.2,0.6677058951,2.5
6000,639.25,0.6677428886,2.5
6000,639.3,0.6677798768,2.5
6000,639.35,0.6678168597,2.5
6000,639.4,0.6678538374,2.5
6000,639.45,0.6678908098,2.5
6000,639.5,0.6679277768,2.5
6000,639.55,0.6679647386,2.5
6000,639.6,0.668001695,2.5
6000,639.65,0.6680386461,2.5
6000,639.7,0.6680755918,2.5
6000,639.75,0.6681125322,2.5
6000,639.8,0.6681494672,2.5
6000,639.85,0.6681863969,2.5
6000,639.9,0.6682233211,2.5
6000,639.95,0.66826024,2.5
6000,640,0.6682971534,2.5
6000,640.05,0.6683340614,2.5
6000,640.1,0.668370964,2.5
6000,640.15,0.6684078612,2.5
6000,640.2,0.6684447529,2.5
6000,640.25,0.6684816391,2.5
6000,640.3,0.6685185199,2.5
6000,640.35,0.6685553951,2.5
6000,640.4,0.6685922649,2.5
6000,640.45,0.6686291292,2.5
6000,640.5,0.668665988,2.5
6000,640.55,0.6687028412,2.5
6000,640.6,0.6687396889,2.5
6000,640.65,0.6687765311,2.5
6000,640.7,0.6688133677,2.5
6000,640.75,0.6688501987,2.5
6000,640.8,0.6688870241,2.5
6000,640.85,0.668923844,2.5
6000,640.9,0.6689606583,2.5
6000,640.95,0.6689974669,2.5
6000,641,0.6690342699,2.5
6000,641.05,0.6690710673,2.5
6000,641.1,0.6691078591,2.5
6000,641.15,0.6691446452,2.5
6000,641.2,0.6691814257,2.5
6000,641.25,0.6692182005,2.5
6000,641.3,0.6692549696,2.5
6000,641.35,0.669291733,2.5
6000,641.4,0.6693284907,2.5
6000,641.45,0.6693652427,2.5
6000,641.5,0.6694019889,2.5
6000,641.55,0.6694387295,2.5
6000,641.6,0.6694754642,2.5
6000,641.65,0.6695121933,2.5
6000,641.7,0.6695489166,2.5
6000,641.75,0.6695856341,2.5
6000,641.8,0.6696223458,2.5
6000,641.85,0.6696590517,2.5
6000,641.9,0.6696957518,2.5
6000,641.95,0.6697324461,2.5
6000,642,0.6697691346,2.5
6000,642.05,0.6698058172,2.5
6000,642.1,0.669842494,2.5
6000,642.15,0.6698791649,2.5
6000,642.2,0.66991583,2.5
6000,642.25,0.6699524892,2.5
6000,642.3,0.6699891425,2.5
6000,642.35,0.6700257899,2.5
6000,642.4,0.6700624313,2.5
6000,642.45,0.6700990669,2.5
6000,642.5,0.6701356966,2.5
6000,642.55,0.6701723203,2.5
6000,642.6,0.670208938,2.5
6000,642.65,0.6702455498,2.5
6000,642.7,0.6702821557,2.5
6000,642.75,0.6703187555,2.5
6000,642.8,0.6703553494,2.5
6000,642.85,0.6703919373,2.5
6000,642.9,0.6704285191,2.5
6000,642.95,0.670465095,2.5
6000,643,0.6705016648,2.5
6000,643.05,0.6705382286,2.5
6000,643.1,0.6705747863,2.5
6000,643.15,0.670611338,2.5
6000,643.2,0.6706478836,2.5
6000,643.25,0.6706844231,2.5
6000,643.3,0.6707209565,2.5
6000,643.35,0.6707574838,2.5
6000,643.4,0.670794005,2.5
6000,643.45,0.6708305201,2.5
6000,643.5,0.6708670291,2.5
6000,643.55,0.670903532,2.5
6000,643.6,0.6709400286,2.5
6000,643.65,0.6709765192,2.5
6000,643.7,0.6710130035,2.5
6000,643.75,0.6710494817,2.5
6000,643.8,0.6710859537,2.5
6000,643.85,0.6711224195,2.5
6000,643.9,0.6711588791,2.5
6000,643.95,0.6711953324,2.5
6000,644,0.6712317795,2.5
6000,644.05,0.6712682204,2.5
6000,644.1,0.6713046551,2.5
6000,644.15,0.6713410835,2.5
6000,644.2,0.6713775056,2.5
6000,644.25,0.6714139214,2.5
6000,644.3,0.671450331,2.5
6000,644.35,0.6714867342,2.5
6000,644.4,0.6715231312,2.5
6000,644.45,0.6715595218,2.5
6000,644.5,0.6715959061,2.5
6000,644.55,0.6716322841,2.5
6000,644.6,0.6716686557,2.5
6000,644.65,0.671705021,2.5
6000,644.7,0.6717413799,2.5
6000,644.75,0.6717777324,2.5
6000,644.8,0.6718140786,2.5
6000,644.85,0.6718504183,2.5
6000,644.9,0.6718867516,2.5
6000,644.95,0.6719230786,2.5
6000,645,0.6719593991,2.5
6000,645.05,0.6719957131,2.5
6000,645.1,0.6720320207,2.5
6000,645.15,0.6720683219,2.5
6000,645.2,0.6721046166,2.5
6000,645.25,0.6721409048,2.5
6000,645.3,0.6721771866,2.5
6000,645.35,0.6722134618,2.5
6000,645.4,0.6722497306,2.5
6000,645.45,0.6722859928,2.5
6000,645.5,0.6723222485,2.5
6000,645.55,0.6723584977,2.5
6000,645.6,0.6723947404,2.5
6000,645.65,0.6724309765,2.5
6000,645.7,0.672467206,2.5
6000,645.75,0.672503429,2.5
6000,645.8,0.6725396453,2.5
6000,645.85,0.6725758551,2.5
6000,645.9,0.6726120583,2.5
6000,645.95,0.6726482549,2.5
6000,646,0.6726844449,2.5
6000,646.05,0.6727206282,2.5
6000,646.1,0.672756805,2.5
6000,646.15,0.672792975,2.5
6000,646.2,0.6728291384,2.5
6000,646.25,0.6728652952,2.5
6000,646.3,0.6729014452,2.5
6000,646.35,0.6729375886,2.5
6000,646.4,0.6729737253,2.5
6000,646.45,0.6730098553,2.5
6000,646.5,0.6730459786,2.5
6000,646.55,0.6730820951,2.5
6000,646.6,0.673118205,2.5
6000,646.65,0.673154308,2.5
6000,646.7,0.6731904044,2.5
6000,646.75,0.6732264939,2.5
6000,646.8,0.6732625767,2.5
6000,646.85,0.6732986528,2.5
6000,646.9,0.673334722,2.5
6000,646.95,0.6733707844,2.5
6000,647,0.6734068401,2.5
6000,647.05,0.6734428889,2.5
6000,647.1,0.6734789309,2.5
6000,647.15,0.673514966,2.5
6000,647.2,0.6735509943,2.5
6000,647.25,0.6735870158,2.5
6000,647.3,0.6736230304,2.5
6000,647.35,0.6736590381,2.5
6000,647.4,0.6736950389,2.5
6000,647.45,0.6737310329,2.5
6000,647.5,0.6737670199,2.5
6000,647.55,0.6738030001,2.5
6000,647.6,0.6738389733,2.5
6000,647.65,0.6738749396,2.5
6000,647.7,0.6739108989,2.5
6000,647.75,0.6739468513,2.5
6000,647.8,0.6739827968,2.5
6000,647.85,0.6740187353,2.5
6000,647.9,0.6740546668,2.5
6000,647.95,0.6740905913,2.5
6000,648,0.6741265089,2.5
6000,648.05,0.6741624194,2.5
6000,648.1,0.6741983229,2.5
6000,648.15,0.6742342194,2.5
6000,648.2,0.6742701089,2.5
6000,648.25,0.6743059913,2.5
6000,648.3,0.6743418667,2.5
6000,648.35,0.6743777351,2.5
6000,648.4,0.6744135963,2.5
6000,648.45,0.6744494505,2.5
6000,648.5,0.6744852976,2.5
6000,648.55,0.6745211376,2.5
6000,648.6,0.6745569705,2.5
6000,648.65,0.6745927963,2.5
6000,648.7,0.674628615,2.5
6000,648.75,0.6746644266,2.5
6000,648.8,0.674700231,2.5
6000,648.85,0.6747360282,2.5
6000,648.9,0.6747718183,2.5
6000,648.95,0.6748076013,2.5
6000,649,0.674843377,2.5
6000,649.05,0.6748791456,2.5
6000,649.1,0.674914907,2.5
6000,649.15,0.6749506612,2.5
6000,649.2,0.6749864081,2.5
6000,649.25,0.6750221479,2.5
6000,649.3,0.6750578804,2.5
6000,649.35,0.6750936057,2.5
6000,649.4,0.6751293237,2.5
6000,649.45,0.6751650345,2.5
6000,649.5,0.675200738,2.5
6000,649.55,0.6752364343,2.5
6000,649.6,0.6752721232,2.5
6000,649.65,0.6753078049,2.5
6000,649.7,0.6753434793,2.5
6000,649.75,0.6753791463,2.5
6000,649.8,0.6754148061,2.5
6000,649.85,0.6754504585,2.5
6000,649.9,0.6754861036,2.5
6000,649.95,0.6755217413,2.5
6000,650,0.6755573717,2.5
6000,650.05,0.6755929947,2.5
6000,650.1,0.6756286103,2.5
6000,650.15,0.6756642186,2.5
6000,650.2,0.6756998195,2.5
6000,650.25,0.6757354129,2.5
6000,650.3,0.675770999,2.5
6000,650.35,0.6758065777,2.5
6000,650.4,0.6758421489,2.5
6000,650.45,0.6758777127,2.5
6000,650.5,0.675913269,2.5
6000,650.55,0.6759488179,2.5
6000,650.6,0.6759843594,2.5
6000,650.65,0.6760198933,2.5
6000,650.7,0.6760554198,2.5
6000,650.75,0.6760909388,2.5
6000,650.8,0.6761264504,2.5
6000,650.85,0.6761619544,2.5
6000,650.9,0.6761974509,2.5
6000,650.95,0.6762329398,2.5
6000,651,0.6762684213,2.5
6000,651.05,0.6763038952,2.5
6000,651.1,0.6763393616,2.5
6000,651.15,0.6763748204,2.5
6000,651.2,0.6764102716,2.5
6000,651.25,0.6764457153,2.5
6000,651.3,0.6764811514,2.5
6000,651.35,0.6765165799,2.5
6000,651.4,0.6765520008,2.5
6000,651.45,0.6765874141,2.5
6000,651.5,0.6766228198,2.5
6000,651.55,0.6766582178,2.5
6000,651.6,0.6766936082,2.5
6000,651.65,0.676728991,2.5
6000,651.7,0.6767643661,2.5
6000,651.75,0.6767997336,2.5
6000,651.8,0.6768350934,2.5
6000,651.85,0.6768704455,2.5
6000,651.9,0.67690579,2.5
6000,651.95,0.6769411267,2.5
6000,652,0.6769764558,2.5
6000,652.05,0.6770117771,2.5
6000,652.1,0.6770470907,2.5
6000,652.15,0.6770823966,2.5
6000,652.2,0.6771176948,2.5
6000,652.25,0.6771529852,2.5
6000,652.3,0.6771882679,2.5
6000,652.35,0.6772235428,2.5
6000,652.4,0.6772588099,2.5
6000,652.45,0.6772940693,2.5
6000,652.5,0.6773293208,2.5
6000,652.55,0.6773645646,2.5
6000,652.6,0.6773998006,2.5
6000,652.65,0.6774350288,2.5
6000,652.7,0.6774702491,2.5
6000,652.75,0.6775054616,2.5
6000,652.8,0.6775406663,2.5
6000,652.85,0.6775758631,2.5
6000,652.9,0.6776110521,2.5
6000,652.95,0.6776462332,2.5
6000,653,0.6776814065,2.5
6000,653.05,0.6777165718,2.5
6000,653.1,0.6777517293,2.5
6000,653.15,0.6777868789,2.5
6000,653.2,0.6778220206,2.5
6000,653.25,0.6778571544,2.5
6000,653.3,0.6778922802,2.5
6000,653.35,0.6779273982,2.5
6000,653.4,0.6779625082,2.5
6000,653.45,0.6779976102,2.5
6000,653.5,0.6780327043,2.5
6000,653.55,0.6780677904,2.5
6000,653.6,0.6781028686,2.5
6000,653.65,0.6781379388,2.5
6000,653.7,0.678173001,2.5
6000,653.75,0.6782080552,2.5
6000,653.8,0.6782431014,2.5
6000,653.85,0.6782781396,2.5
6000,653.9,0.6783131698,2.5
6000,653.95,0.678348192,2.5
6000,654,0.6783832061,2.5
6000,654.05,0.6784182122,2.5
6000,654.1,0.6784532102,2.5
6000,654.15,0.6784882001,2.5
6000,654.2,0.678523182,2.5
6000,654.25,0.6785581559,2.5
6000,654.3,0.6785931216,2.5
6000,654.35,0.6786280793,2.5
6000,654.4,0.6786630288,2.5
6000,654.45,0.6786979703,2.5
6000,654.5,0.6787329036,2.5
6000,654.55,0.6787678288,2.5
6000,654.6,0.6788027459,2.5
6000,654.65,0.6788376548,2.5
6000,654.7,0.6788725556,2.5
6000,654.75,0.6789074482,2.5
6000,654.8,0.6789423327,2.5
6000,654.85,0.678977209,2.5
6000,654.9,0.6790120771,2.5
6000,654.95,0.679046937,2.5
6000,655,0.6790817887,2.5
6000,655.05,0.6791166322,2.5
6000,655.1,0.6791514676,2.5
6000,655.15,0.6791862947,2.5
6000,655.2,0.6792211135,2.5
6000,655.25,0.6792559241,2.5
6000,655.3,0.6792907265,2.5
6000,655.35,0.6793255207,2.5
6000,655.4,0.6793603065,2.5
6000,655.45,0.6793950842,2.5
6000,655.5,0.6794298535,2.5
6000,655.55,0.6794646145,2.5
6000,655.6,0.6794993673,2.5
6000,655.65,0.6795341118,2.5
6000,655.7,0.6795688479,2.5
6000,655.75,0.6796035758,2.5
6000,655.8,0.6796382953,2.5
6000,655.85,0.6796730065,2.5
6000,655.9,0.6797077093,2.5
6000,655.95,0.6797424038,2.5
6000,656,0.67977709,2.5
6000,656.05,0.6798117677,2.5
6000,656.1,0.6798464372,2.5
6000,656.15,0.6798810982,2.5
6000,656.2,0.6799157509,2.5
6000,656.25,0.6799503951,2.5
6000,656.3,0.679985031,2.5
6000,656.35,0.6800196585,2.5
6000,656.4,0.6800542775,2.5
6000,656.45,0.6800888881,2.5
6000,656.5,0.6801234903,2.5
6000,656.55,0.680158084,2.5
6000,656.6,0.6801926693,2.5
6000,656.65,0.6802272462,2.5
6000,656.7,0.6802618146,2.5
6000,656.75,0.6802963745,2.5
6000,656.8,0.6803309259,2.5
6000,656.85,0.6803654689,2.5
6000,656.9,0.6804000034,2.5
6000,656.95,0.6804345293,2.5
6000,657,0.6804690468,2.5
6000,657.05,0.6805035557,2.5
6000,657.1,0.6805380561,2.5
6000,657.15,0.680572548,2.5
6000,657.2,0.6806070313,2.5
6000,657.25,0.6806415061,2.5
6000,657.3,0.6806759724,2.5
6000,657.35,0.6807104301,2.5
6000,657.4,0.6807448792,2.5
6000,657.45,0.6807793197,2.5
6000,657.5,0.6808137517,2.5
6000,657.55,0.6808481751,2.5
6000,657.6,0.6808825898,2.5
6000,657.65,0.680916996,2.5
6000,657.7,0.6809513935,2.5
6000,657.75,0.6809857825,2.5
6000,657.8,0.6810201628,2.5
6000,657.85,0.6810545344,2.5
6000,657.9,0.6810888975,2.5
6000,657.95,0.6811232518,2.5
6000,658,0.6811575975,2.5
6000,658.05,0.6811919346,2.5
6000,658.1,0.6812262629,2.5
6000,658.15,0.6812605826,2.5
6000,658.2,0.6812948936,2.5
6000,658.25,0.6813291959,2.5
6000,658.3,0.6813634896,2.5
6000,658.35,0.6813977744,2.5
6000,658.4,0.6814320506,2.5
6000,658.45,0.6814663181,2.5
6000,658.5,0.6815005768,2.5
6000,658.55,0.6815348268,2.5
6000,658.6,0.681569068,2.5
6000,658.65,0.6816033005,2.5
6000,658.7,0.6816375242,2.5
6000,658.75,0.6816717391,2.5
6000,658.8,0.6817059453,2.5
6000,658.85,0.6817401427,2.5
6000,658.9,0.6817743313,2.5
6000,658.95,0.6818085111,2.5
6000,659,0.6818426821,2.5
6000,659.05,0.6818768443,2.5
6000,659.1,0.6819109976,2.5
6000,659.15,0.6819451421,2.5
6000,659.2,0.6819792778,2.5
6000,659.25,0.6820134047,2.5
6000,659.3,0.6820475227,2.5
6000,659.35,0.6820816319,2.5
6000,659.4,0.6821157321,2.5
6000,659.45,0.6821498236,2.5
6000,659.5,0.6821839061,2.5
6000,659.55,0.6822179798,2.5
6000,659.6,0.6822520445,2.5
6000,659.65,0.6822861004,2.5
6000,659.7,0.6823201473,2.5
6000,659.75,0.6823541854,2.5
6000,659.8,0.6823882145,2.5
6000,659.85,0.6824222347,2.5
6000,659.9,0.682456246,2.5
6000,659.95,0.6824902483,2.5
6000,660,0.6825242416,2.5
6000,660.05,0.6825582261,2.5
6000,660.1,0.6825922015,2.5
6000,660.15,0.682626168,2.5
6000,660.2,0.6826601255,2.5
6000,660.25,0.682694074,2.5
6000,660.3,0.6827280135,2.5
6000,660.35,0.6827619441,2.5
6000,660.4,0.6827958656,2.5
6000,660.45,0.6828297781,2.5
6000,660.5,0.6828636816,2.5
6000,660.55,0.6828975761,2.5
6000,660.6,0.6829314615,2.5
6000,660.65,0.6829653379,2.5
6000,660.7,0.6829992052,2.5
6000,660.75,0.6830330635,2.5
6000,660.8,0.6830669127,2.5
6000,660.85,0.6831007529,2.5
6000,660.9,0.683134584,2.5
6000,660.95,0.683168406,2.5
6000,661,0.6832022189,2.5
6000,661.05,0.6832360227,2.5
6000,661.1,0.6832698174,2.5
6000,661.15,0.683303603,2.5
6000,661.2,0.6833373795,2.5
6000,661.25,0.6833711469,2.5
6000,661.3,0.6834049051,2.5
6000,661.35,0.6834386542,2.5
6000,661.4,0.6834723942,2.5
6000,661.45,0.683506125,2.5
6000,661.5,0.6835398466,2.5
6000,661.55,0.6835735591,2.5
6000,661.6,0.6836072624,2.5
6000,661.65,0.6836409566,2.5
6000,661.7,0.6836746415,2.5
6000,661.75,0.6837083173,2.5
6000,661.8,0.6837419838,2.5
6000,661.85,0.6837756412,2.5
6000,661.9,0.6838092893,2.5
6000,661.95,0.6838429282,2.5
6000,662,0.6838765579,2.5
6000,662.05,0.6839101784,2.5
6000,662.1,0.6839437896,2.5
6000,662.15,0.6839773916,2.5
6000,662.2,0.6840109843,2.5
6000,662.25,0.6840445678,2.5
6000,662.3,0.684078142,2.5
6000,662.35,0.684111707,2.5
6000,662.4,0.6841452626,2.5
6000,662.45,0.684178809,2.5
6000,662.5,0.6842123461,2.5
6000,662.55,0.6842458738,2.5
6000,662.6,0.6842793923,2.5
6000,662.65,0.6843129015,2.5
6000,662.7,0.6843464013,2.5
6000,662.75,0.6843798918,2.5
6000,662.8,0.684413373,2.5
6000,662.85,0.6844468448,2.5
6000,662.9,0.6844803073,2.5
6000,662.95,0.6845137605,2.5
6000,663,0.6845472043,2.5
6000,663.05,0.6845806387,2.5
6000,663.1,0.6846140638,2.5
6000,663.15,0.6846474794,2.5
6000,663.2,0.6846808857,2.5
6000,663.25,0.6847142826,2.5
6000,663.3,0.6847476701,2.5
6000,663.35,0.6847810482,2.5
6000,663.4,0.6848144169,2.5
6000,663.45,0.6848477762,2.5
6000,663.5,0.6848811261,2.5
6000,663.55,0.6849144665,2.5
6000,663.6,0.6849477975,2.5
6000,663.65,0.684981119,2.5
6000,663.7,0.6850144311,2.5
6000,663.75,0.6850477337,2.5
6000,663.8,0.6850810269,2.5
6000,663.85,0.6851143106,2.5
6000,663.9,0.6851475849,2.5
6000,663.95,0.6851808496,2.5
6000,664,0.6852141049,2.5
6000,664.05,0.6852473507,2.5
6000,664.1,0.6852805869,2.5
6000,664.15,0.6853138137,2.5
6000,664.2,0.6853470309,2.5
6000,664.25,0.6853802387,2.5
6000,664.3,0.6854134369,2.5
6000,664.35,0.6854466256,2.5
6000,664.4,0.6854798047,2.5
6000,664.45,0.6855129743,2.5
6000,664.5,0.6855461343,2.5
6000,664.55,0.6855792848,2.5
6000,664.6,0.6856124257,2.5
6000,664.65,0.6856455571,2.5
6000,664.7,0.6856786789,2.5
6000,664.75,0.6857117911,2.5
6000,664.8,0.6857448937,2.5
6000,664.85,0.6857779867,2.5
6000,664.9,0.6858110701,2.5
6000,664.95,0.6858441439,2.5
6000,665,0.6858772081,2.5
6000,665.05,0.6859102627,2.5
6000,665.1,0.6859433076,2.5
6000,665.15,0.6859763429,2.5
6000,665.2,0.6860093686,2.5
6000,665.25,0.6860423846,2.5
6000,665.3,0.686075391,2.5
6000,665.35,0.6861083878,2.5
6000,665.4,0.6861413748,2.5
6000,665.45,0.6861743522,2.5
6000,665.5,0.6862073199,2.5
6000,665.55,0.686240278,2.5
6000,665.6,0.6862732263,2.5
6000,665.65,0.686306165,2.5
6000,665.7,0.686339094,2.5
6000,665.75,0.6863720132,2.5
6000,665.8,0.6864049228,2.5
6000,665.85,0.6864378226,2.5
6000,665.9,0.6864707127,2.5
6000,665.95,0.6865035931,2.5
6000,666,0.6865364637,2.5
6000,666.05,0.6865693246,2.5
6000,666.1,0.6866021758,2.5
6000,666.15,0.6866350172,2.5
6000,666.2,0.6866678488,2.5
6000,666.25,0.6867006707,2.5
6000,666.3,0.6867334828,2.5
6000,666.35,0.6867662851,2.5
6000,666.4,0.6867990777,2.5
6000,666.45,0.6868318604,2.5
6000,666.5,0.6868646334,2.5
6000,666.55,0.6868973965,2.5
6000,666.6,0.6869301499,2.5
6000,666.65,0.6869628934,2.5
6000,666.7,0.6869956271,2.5
6000,666.75,0.687028351,2.5
6000,666.8,0.6870610651,2.5
6000,666.85,0.6870937693,2.5
6000,666.9,0.6871264637,2.5
6000,666.95,0.6871591483,2.5
6000,667,0.6871918229,2.5
6000,667.05,0.6872244878,2.5
6000,667.1,0.6872571427,2.5
6000,667.15,0.6872897878,2.5
6000,667.2,0.687322423,2.5
6000,667.25,0.6873550484,2.5
6000,667.3,0.6873876638,2.5
6000,667.35,0.6874202693,2.5
6000,667.4,0.687452865,2.5
6000,667.45,0.6874854507,2.5
6000,667.5,0.6875180266,2.5
6000,667.55,0.6875505925,2.5
6000,667.6,0.6875831485,2.5
6000,667.65,0.6876156945,2.5
6000,667.7,0.6876482306,2.5
6000,667.75,0.6876807568,2.5
6000,667.8,0.6877132731,2.5
6000,667.85,0.6877457793,2.5
6000,667.9,0.6877782757,2.5
6000,667.95,0.687810762,2.5
6000,668,0.6878432384,2.5
6000,668.05,0.6878757048,2.5
6000,668.1,0.6879081613,2.5
6000,668.15,0.6879406077,2.5
6000,668.2,0.6879730442,2.5
6000,668.25,0.6880054707,2.5
6000,668.3,0.6880378871,2.5
6000,668.35,0.6880702936,2.5
6000,668.4,0.68810269,2.5
6000,668.45,0.6881350764,2.5
6000,668.5,0.6881674528,2.5
6000,668.55,0.6881998192,2.5
6000,668.6,0.6882321755,2.5
6000,668.65,0.6882645218,2.5
6000,668.7,0.688296858,2.5
6000,668.75,0.6883291842,2.5
6000,668.8,0.6883615004,2.5
6000,668.85,0.6883938064,2.5
6000,668.9,0.6884261024,2.5
6000,668.95,0.6884583883,2.5
6000,669,0.6884906642,2.5
6000,669.05,0.6885229299,2.5
6000,669.1,0.6885551856,2.5
6000,669.15,0.6885874311,2.5
6000,669.2,0.6886196666,2.5
6000,669.25,0.688651892,2.5
6000,669.3,0.6886841072,2.5
6000,669.35,0.6887163123,2.5
6000,669.4,0.6887485073,2.5
6000,669.45,0.6887806922,2.5
6000,669.5,0.6888128669,2.5
6000,669.55,0.6888450315,2.5
6000,669.6,0.688877186,2.5
6000,669.65,0.6889093303,2.5
6000,669.7,0.6889414644,2.5
6000,669.75,0.6889735884,2.5
6000,669.8,0.6890057022,2.5
6000,669.85,0.6890378058,2.5
6000,669.9,0.6890698993,2.5
6000,669.95,0.6891019826,2.5
6000,670,0.6891340556,2.5
6000,670.05,0.6891661185,2.5
6000,670.1,0.6891981712,2.5
6000,670.15,0.6892302137,2.5
6000,670.2,0.689262246,2.5
6000,670.25,0.6892942681,2.5
6000,670.3,0.6893262799,2.5
6000,670.35,0.6893582815,2.5
6000,670.4,0.6893902729,2.5
6000,670.45,0.6894222541,2.5
6000,670.5,0.689454225,2.5
6000,670.55,0.6894861857,2.5
6000,670.6,0.6895181361,2.5
6000,670.65,0.6895500762,2.5
6000,670.7,0.6895820061,2.5
6000,670.75,0.6896139258,2.5
6000,670.8,0.6896458351,2.5
6000,670.85,0.6896777342,2.5
6000,670.9,0.689709623,2.5
6000,670.95,0.6897415015,2.5
6000,671,0.6897733697,2.5
6000,671.05,0.6898052276,2.5
6000,671.1,0.6898370752,2.5
6000,671.15,0.6898689125,2.5
6000,671.2,0.6899007395,2.5
6000,671.25,0.6899325562,2.5
6000,671.3,0.6899643625,2.5
6000,671.35,0.6899961586,2.5
6000,671.4,0.6900279442,2.5
6000,671.45,0.6900597196,2.5
6000,671.5,0.6900914846,2.5
6000,671.55,0.6901232392,2.5
6000,671.6,0.6901549835,2.5
6000,671.65,0.6901867175,2.5
6000,671.7,0.6902184411,2.5
6000,671.75,0.6902501543,2.5
6000,671.8,0.6902818571,2.5
6000,671.85,0.6903135496,2.5
6000,671.9,0.6903452316,2.5
6000,671.95,0.6903769033,2.5
6000,672,0.6904085646,2.5
6000,672.05,0.6904402155,2.5
6000,672.1,0.690471856,2.5
6000,672.15,0.690503486,2.5
6000,672.2,0.6905351057,2.5
6000,672.25,0.6905667149,2.5
6000,672.3,0.6905983137,2.5
6000,672.35,0.6906299021,2.5
6000,672.4,0.6906614801,2.5
6000,672.45,0.6906930476,2.5
6000,672.5,0.6907246047,2.5
6000,672.55,0.6907561513,2.5
6000,672.6,0.6907876875,2.5
6000,672.65,0.6908192132,2.5
6000,672.7,0.6908507284,2.5
6000,672.75,0.6908822332,2.5
6000,672.8,0.6909137275,2.5
6000,672.85,0.6909452114,2.5
6000,672.9,0.6909766847,2.5
6000,672.95,0.6910081476,2.5
6000,673,0.6910395999,2.5
6000,673.05,0.6910710418,2.5
6000,673.1,0.6911024732,2.5
6000,673.15,0.6911338941,2.5
6000,673.2,0.6911653044,2.5
6000,673.25,0.6911967043,2.5
6000,673.3,0.6912280936,2.5
6000,673.35,0.6912594724,2.5
6000,673.4,0.6912908406,2.5
6000,673.45,0.6913221984,2.5
6000,673.5,0.6913535456,2.5
6000,673.55,0.6913848822,2.5
6000,673.6,0.6914162083,2.5
6000,673.65,0.6914475239,2.5
6000,673.7,0.6914788289,2.5
6000,673.75,0.6915101233,2.5
6000,673.8,0.6915414071,2.5
6000,673.85,0.6915726804,2.5
6000,673.9,0.6916039431,2.5
6000,673.95,0.6916351953,2.5
6000,674,0.6916664368,2.5
6000,674.05,0.6916976678,2.5
6000,674.1,0.6917288881,2.5
6000,674.15,0.6917600979,2.5
6000,674.2,0.691791297,2.5
6000,674.25,0.6918224856,2.5
6000,674.3,0.6918536635,2.5
6000,674.35,0.6918848308,2.5
6000,674.4,0.6919159875,2.5
6000,674.45,0.6919471336,2.5
6000,674.5,0.691978269,2.5
6000,674.55,0.6920093938,2.5
6000,674.6,0.692040508,2.5
6000,674.65,0.6920716115,2.5
6000,674.7,0.6921027044,2.5
6000,674.75,0.6921337866,2.5
6000,674.8,0.6921648581,2.5
6000,674.85,0.692195919,2.5
6000,674.9,0.6922269692,2.5
6000,674.95,0.6922580088,2.5
6000,675,0.6922890376,2.5
6000,675.05,0.6923200558,2.5
6000,675.1,0.6923510633,2.5
6000,675.15,0.6923820601,2.5
6000,675.2,0.6924130463,2.5
6000,675.25,0.6924440217,2.5
6000,675.3,0.6924749864,2.5
6000,675.35,0.6925059404,2.5
6000,675.4,0.6925368837,2.5
6000,675.45,0.6925678163,2.5
6000,675.5,0.6925987381,2.5
6000,675.55,0.6926296493,2.5
6000,675.6,0.6926605497,2.5
6000,675.65,0.6926914394,2.5
6000,675.7,0.6927223183,2.5
6000,675.75,0.6927531865,2.5
6000,675.8,0.6927840439,2.5
6000,675.85,0.6928148906,2.5
6000,675.9,0.6928457266,2.5
6000,675.95,0.6928765517,2.5
6000,676,0.6929073662,2.5
6000,676.05,0.6929381698,2.5
6000,676.1,0.6929689627,2.5
6000,676.15,0.6929997448,2.5
6000,676.2,0.6930305161,2.5
6000,676.25,0.6930612766,2.5
6000,676.3,0.6930920264,2.5
6000,676.35,0.6931227653,2.5
6000,676.4,0.6931534935,2.5
6000,676.45,0.6931842108,2.5
6000,676.5,0.6932149174,2.5
6000,676.55,0.6932456131,2.5
6000,676.6,0.6932762981,2.5
6000,676.65,0.6933069722,2.5
6000,676.7,0.6933376354,2.5
6000,676.75,0.6933682879,2.5
6000,676.8,0.6933989295,2.5
6000,676.85,0.6934295603,2.5
6000,676.9,0.6934601802,2.5
6000,676.95,0.6934907893,2.5
6000,677,0.6935213876,2.5
6000,677.05,0.693551975,2.5
6000,677.1,0.6935825516,2.5
6000,677.15,0.6936131172,2.5
6000,677.2,0.6936436721,2.5
6000,677.25,0.693674216,2.5
6000,677.3,0.6937047491,2.5
6000,677.35,0.6937352713,2.5
6000,677.4,0.6937657826,2.5
6000,677.45,0.6937962831,2.5
6000,677.5,0.6938267726,2.5
6000,677.55,0.6938572513,2.5
6000,677.6,0.6938877191,2.5
6000,677.65,0.6939181759,2.5
6000,677.7,0.6939486219,2.5
6000,677.75,0.693979057,2.5
6000,677.8,0.6940094811,2.5
6000,677.85,0.6940398943,2.5
6000,677.9,0.6940702966,2.5
6000,677.95,0.694100688,2.5
6000,678,0.6941310685,2.5
6000,678.05,0.694161438,2.5
6000,678.1,0.6941917966,2.5
6000,678.15,0.6942221442,2.5
6000,678.2,0.6942524809,2.5
6000,678.25,0.6942828067,2.5
6000,678.3,0.6943131215,2.5
6000,678.35,0.6943434253,2.5
6000,678.4,0.6943737182,2.5
6000,678.45,0.6944040001,2.5
6000,678.5,0.6944342711,2.5
6000,678.55,0.6944645311,2.5
6000,678.6,0.6944947801,2.5
6000,678.65,0.6945250181,2.5
6000,678.7,0.6945552452,2.5
6000,678.75,0.6945854612,2.5
6000,678.8,0.6946156663,2.5
6000,678.85,0.6946458604,2.5
6000,678.9,0.6946760435,2.5
6000,678.95,0.6947062156,2.5
6000,679,0.6947363767,2.5
6000,679.05,0.6947665267,2.5
6000,679.1,0.6947966658,2.5
6000,679.15,0.6948267938,2.5
6000,679.2,0.6948569108,2.5
6000,679.25,0.6948870168,2.5
6000,679.3,0.6949171118,2.5
6000,679.35,0.6949471957,2.5
6000,679.4,0.6949772686,2.5
6000,679.45,0.6950073305,2.5
6000,679.5,0.6950373813,2.5
6000,679.55,0.6950674211,2.5
6000,679.6,0.6950974498,2.5
6000,679.65,0.6951274675,2.5
6000,679.7,0.6951574741,2.5
6000,679.75,0.6951874697,2.5
6000,679.8,0.6952174541,2.5
6000,679.85,0.6952474276,2.5
6000,679.9,0.6952773899,2.5
6000,679.95,0.6953073412,2.5
6000,680,0.6953372814,2.5
6000,680.05,0.6953672105,2.5
6000,680.1,0.6953971285,2.5
6000,680.15,0.6954270355,2.5
6000,680.2,0.6954569313,2.5
6000,680.25,0.695486816,2.5
6000,680.3,0.6955166897,2.5
6000,680.35,0.6955465522,2.5
6000,680.4,0.6955764037,2.5
6000,680.45,0.695606244,2.5
6000,680.5,0.6956360732,2.5
6000,680.55,0.6956658913,2.5
6000,680.6,0.6956956983,2.5
6000,680.65,0.6957254941,2.5
6000,680.7,0.6957552788,2.5
6000,680.75,0.6957850524,2.5
6000,680.8,0.6958148149,2.5
6000,680.85,0.6958445662,2.5
6000,680.9,0.6958743063,2.5
6000,680.95,0.6959040354,2.5
6000,681,0.6959337532,2.5
6000,681.05,0.69596346,2.5
6000,681.1,0.6959931555,2.5
6000,681.15,0.6960228399,2.5
6000,681.2,0.6960525132,2.5
6000,681.25,0.6960821752,2.5
6000,681.3,0.6961118261,2.5
6000,681.35,0.6961414659,2.5
6000,681.4,0.6961710944,2.5
6000,681.45,0.6962007118,2.5
6000,681.5,0.696230318,2.5
6000,681.55,0.696259913,2.5
6000,681.6,0.6962894968,2.5
6000,681.65,0.6963190694,2.5
6000,681.7,0.6963486309,2.5
6000,681.75,0.6963781811,2.5
6000,681.8,0.6964077201,2.5
6000,681.85,0.6964372479,2.5
6000,681.9,0.6964667645,2.5
6000,681.95,0.6964962699,2.5
6000,682,0.6965257641,2.5
6000,682.05,0.6965552471,2.5
6000,682.1,0.6965847188,2.5
6000,682.15,0.6966141793,2.5
6000,682.2,0.6966436286,2.5
6000,682.25,0.6966730666,2.5
6000,682.3,0.6967024934,2.5
6000,682.35,0.696731909,2.5
6000,682.4,0.6967613133,2.5
6000,682.45,0.6967907064,2.5
6000,682.5,0.6968200883,2.5
6000,682.55,0.6968494588,2.5
6000,682.6,0.6968788182,2.5
6000,682.65,0.6969081662,2.5
6000,682.7,0.696937503,2.5
6000,682.75,0.6969668286,2.5
6000,682.8,0.6969961429,2.5
6000,682.85,0.6970254459,2.5
6000,682.9,0.6970547376,2.5
6000,682.95,0.6970840181,2.5
6000,683,0.6971132872,2.5
6000,683.05,0.6971425451,2.5
6000,683.1,0.6971717917,2.5
6000,683.15,0.697201027,2.5
6000,683.2,0.6972302511,2.5
6000,683.25,0.6972594638,2.5
6000,683.3,0.6972886652,2.5
6000,683.35,0.6973178553,2.5
6000,683.4,0.6973470342,2.5
6000,683.45,0.6973762017,2.5
6000,683.5,0.6974053579,2.5
6000,683.55,0.6974345028,2.5
6000,683.6,0.6974636363,2.5
6000,683.65,0.6974927586,2.5
6000,683.7,0.6975218695,2.5
6000,683.75,0.6975509691,2.5
6000,683.8,0.6975800574,2.5
6000,683.85,0.6976091343,2.5
6000,683.9,0.6976381999,2.5
6000,683.95,0.6976672542,2.5
6000,684,0.6976962971,2.5
6000,684.05,0.6977253287,2.5
6000,684.1,0.697754349,2.5
6000,684.15,0.6977833578,2.5
6000,684.2,0.6978123554,2.5
6000,684.25,0.6978413416,2.5
6000,684.3,0.6978703164,2.5
6000,684.35,0.6978992798,2.5
6000,684.4,0.6979282319,2.5
6000,684.45,0.6979571727,2.5
6000,684.5,0.697986102,2.5
6000,684.55,0.69801502,2.5
6000,684.6,0.6980439266,2.5
6000,684.65,0.6980728219,2.5
6000,684.7,0.6981017057,2.5
6000,684.75,0.6981305782,2.5
6000,684.8,0.6981594393,2.5
6000,684.85,0.698188289,2.5
6000,684.9,0.6982171273,2.5
6000,684.95,0.6982459542,2.5
6000,685,0.6982747697,2.5
6000,685.05,0.6983035738,2.5
6000,685.1,0.6983323665,2.5
6000,685.15,0.6983611478,2.5
6000,685.2,0.6983899176,2.5
6000,685.25,0.6984186761,2.5
6000,685.3,0.6984474232,2.5
6000,685.35,0.6984761588,2.5
6000,685.4,0.698504883,2.5
6000,685.45,0.6985335958,2.5
6000,685.5,0.6985622972,2.5
6000,685.55,0.6985909872,2.5
6000,685.6,0.6986196657,2.5
6000,685.65,0.6986483327,2.5
6000,685.7,0.6986769884,2.5
6000,685.75,0.6987056326,2.5
6000,685.8,0.6987342654,2.5
6000,685.85,0.6987628867,2.5
6000,685.9,0.6987914965,2.5
6000,685.95,0.698820095,2.5
6000,686,0.6988486819,2.5
6000,686.05,0.6988772574,2.5
6000,686.1,0.6989058215,2.5
6000,686.15,0.6989343741,2.5
6000,686.2,0.6989629152,2.5
6000,686.25,0.6989914449,2.5
6000,686.3,0.6990199631,2.5
6000,686.35,0.6990484698,2.5
6000,686.4,0.6990769651,2.5
6000,686.45,0.6991054489,2.5
6000,686.5,0.6991339212,2.5
6000,686.55,0.699162382,2.5
6000,686.6,0.6991908313,2.5
6000,686.65,0.6992192692,2.5
6000,686.7,0.6992476956,2.5
6000,686.75,0.6992761104,2.5
6000,686.8,0.6993045138,2.5
6000,686.85,0.6993329057,2.5
6000,686.9,0.6993612861,2.5
6000,686.95,0.699389655,2.5
6000,687,0.6994180124,2.5
6000,687.05,0.6994463582,2.5
6000,687.1,0.6994746926,2.5
6000,687.15,0.6995030155,2.5
6000,687.2,0.6995313268,2.5
6000,687.25,0.6995596267,2.5
6000,687.3,0.699587915,2.5
6000,687.35,0.6996161918,2.5
6000,687.4,0.699644457,2.5
6000,687.45,0.6996727108,2.5
6000,687.5,0.699700953,2.5
6000,687.55,0.6997291837,2.5
6000,687.6,0.6997574028,2.5
6000,687.65,0.6997856105,2.5
6000,687.7,0.6998138065,2.5
6000,687.75,0.6998419911,2.5
6000,687.8,0.6998701641,2.5
6000,687.85,0.6998983255,2.5
6000,687.9,0.6999264755,2.5
6000,687.95,0.6999546138,2.5
6000,688,0.6999827406,2.5
6000,688.05,0.7000108559,2.5
6000,688.1,0.7000389596,2.5
6000,688.15,0.7000670517,2.5
6000,688.2,0.7000951323,2.5
6000,688.25,0.7001232014,2.5
6000,688.3,0.7001512588,2.5
6000,688.35,0.7001793047,2.5
6000,688.4,0.700207339,2.5
6000,688.45,0.7002353618,2.5
6000,688.5,0.700263373,2.5
6000,688.55,0.7002913726,2.5
6000,688.6,0.7003193606,2.5
6000,688.65,0.700347337,2.5
6000,688.7,0.7003753019,2.5
6000,688.75,0.7004032552,2.5
6000,688.8,0.7004311968,2.5
6000,688.85,0.7004591269,2.5
6000,688.9,0.7004870454,2.5
6000,688.95,0.7005149524,2.5
6000,689,0.7005428477,2.5
6000,689.05,0.7005707314,2.5
6000,689.1,0.7005986035,2.5
6000,689.15,0.700626464,2.5
6000,689.2,0.700654313,2.5
6000,689.25,0.7006821503,2.5
6000,689.3,0.700709976,2.5
6000,689.35,0.70073779,2.5
6000,689.4,0.7007655925,2.5
6000,689.45,0.7007933834,2.5
6000,689.5,0.7008211626,2.5
6000,689.55,0.7008489303,2.5
6000,689.6,0.7008766863,2.5
6000,689.65,0.7009044306,2.5
6000,689.7,0.7009321634,2.5
6000,689.75,0.7009598845,2.5
6000,689.8,0.700987594,2.5
6000,689.85,0.7010152919,2.5
6000,689.9,0.7010429781,2.5
6000,689.95,0.7010706527,2.5
6000,690,0.7010983157,2.5
6000,690.05,0.701125967,2.5
6000,690.1,0.7011536067,2.5
6000,690.15,0.7011812347,2.5
6000,690.2,0.7012088511,2.5
6000,690.25,0.7012364559,2.5
6000,690.3,0.701264049,2.5
6000,690.35,0.7012916304,2.5
6000,690.4,0.7013192002,2.5
6000,690.45,0.7013467583,2.5
6000,690.5,0.7013743048,2.5
6000,690.55,0.7014018396,2.5
6000,690.6,0.7014293628,2.5
6000,690.65,0.7014568743,2.5
6000,690.7,0.7014843741,2.5
6000,690.75,0.7015118623,2.5
6000,690.8,0.7015393388,2.5
6000,690.85,0.7015668036,2.5
6000,690.9,0.7015942568,2.5
6000,690.95,0.7016216983,2.5
6000,691,0.7016491281,2.5
6000,691.05,0.7016765462,2.5
6000,691.1,0.7017039527,2.5
6000,691.15,0.7017313474,2.5
6000,691.2,0.7017587305,2.5
6000,691.25,0.7017861019,2.5
6000,691.3,0.7018134616,2.5
6000,691.35,0.7018408097,2.5
6000,691.4,0.701868146,2.5
6000,691.45,0.7018954706,2.5
6000,691.5,0.7019227836,2.5
6000,691.55,0.7019500848,2.5
6000,691.6,0.7019773744,2.5
6000,691.65,0.7020046522,2.5
6000,691.7,0.7020319184,2.5
6000,691.75,0.7020591728,2.5
6000,691.8,0.7020864156,2.5
6000,691.85,0.7021136466,2.5
6000,691.9,0.702140866,2.5
6000,691.95,0.7021680736,2.5
6000,692,0.7021952695,2.5
6000,692.05,0.7022224537,2.5
6000,692.1,0.7022496262,2.5
6000,692.15,0.702276787,2.5
6000,692.2,0.702303936,2.5
6000,692.25,0.7023310733,2.5
6000,692.3,0.702358199,2.5
6000,692.35,0.7023853128,2.5
6000,692.4,0.702412415,2.5
6000,692.45,0.7024395054,2.5
6000,692.5,0.7024665841,2.5
6000,692.55,0.7024936511,2.5
6000,692.6,0.7025207064,2.5
6000,692.65,0.7025477499,2.5
6000,692.7,0.7025747817,2.5
6000,692.75,0.7026018017,2.5
6000,692.8,0.70262881,2.5
6000,692.85,0.7026558066,2.5
6000,692.9,0.7026827914,2.5
6000,692.95,0.7027097645,2.5
6000,693,0.7027367258,2.5
6000,693.05,0.7027636754,2.5
6000,693.1,0.7027906133,2.5
6000,693.15,0.7028175394,2.5
6000,693.2,0.7028444537,2.5
6000,693.25,0.7028713563,2.5
6000,693.3,0.7028982472,2.5
6000,693.35,0.7029251262,2.5
6000,693.4,0.7029519936,2.5
6000,693.45,0.7029788492,2.5
6000,693.5,0.703005693,2.5
6000,693.55,0.703032525,2.5
6000,693.6,0.7030593453,2.5
6000,693.65,0.7030861539,2.5
6000,693.7,0.7031129506,2.5
6000,693.75,0.7031397356,2.5
6000,693.8,0.7031665089,2.5
6000,693.85,0.7031932703,2.5
6000,693.9,0.70322002,2.5
6000,693.95,0.7032467579,2.5
6000,694,0.7032734841,2.5
6000,694.05,0.7033001985,2.5
6000,694.1,0.7033269011,2.5
6000,694.15,0.7033535919,2.5
6000,694.2,0.7033802709,2.5
6000,694.25,0.7034069382,2.5
6000,694.3,0.7034335937,2.5
6000,694.35,0.7034602374,2.5
6000,694.4,0.7034868693,2.5
6000,694.45,0.7035134894,2.5
6000,694.5,0.7035400977,2.5
6000,694.55,0.7035666943,2.5
6000,694.6,0.703593279,2.5
6000,694.65,0.703619852,2.5
6000,694.7,0.7036464132,2.5
6000,694.75,0.7036729626,2.5
6000,694.8,0.7036995002,2.5
6000,694.85,0.703726026,2.5
6000,694.9,0.70375254,2.5
6000,694.95,0.7037790422,2.5
6000,695,0.7038055325,2.5
6000,695.05,0.7038320111,2.5
6000,695.1,0.7038584779,2.5
6000,695.15,0.7038849329,2.5
6000,695.2,0.7039113761,2.5
6000,695.25,0.7039378075,2.5
6000,695.3,0.7039642271,2.5
6000,695.35,0.7039906348,2.5
6000,695.4,0.7040170308,2.5
6000,695.45,0.7040434149,2.5
6000,695.5,0.7040697872,2.5
6000,695.55,0.7040961478,2.5
6000,695.6,0.7041224965,2.5
6000,695.65,0.7041488333,2.5
6000,695.7,0.7041751584,2.5
6000,695.75,0.7042014717,2.5
6000,695.8,0.7042277731,2.5
6000,695.85,0.7042540627,2.5
6000,695.9,0.7042803405,2.5
6000,695.95,0.7043066065,2.5
6000,696,0.7043328606,2.5
6000,696.05,0.7043591029,2.5
6000,696.1,0.7043853334,2.5
6000,696.15,0.7044115521,2.5
6000,696.2,0.7044377589,2.5
6000,696.25,0.7044639539,2.5
6000,696.3,0.7044901371,2.5
6000,696.35,0.7045163085,2.5
6000,696.4,0.704542468,2.5
6000,696.45,0.7045686157,2.5
6000,696.5,0.7045947515,2.5
6000,696.55,0.7046208755,2.5
6000,696.6,0.7046469877,2.5
6000,696.65,0.704673088,2.5
6000,696.7,0.7046991765,2.5
6000,696.75,0.7047252532,2.5
6000,696.8,0.704751318,2.5
6000,696.85,0.704777371,2.5
6000,696.9,0.7048034121,2.5
6000,696.95,0.7048294414,2.5
6000,697,0.7048554589,2.5
6000,697.05,0.7048814645,2.5
6000,697.1,0.7049074582,2.5
6000,697.15,0.7049334401,2.5
6000,697.2,0.7049594102,2.5
6000,697.25,0.7049853684,2.5
6000,697.3,0.7050113148,2.5
6000,697.35,0.7050372493,2.5
6000,697.4,0.7050631719,2.5
6000,697.45,0.7050890827,2.5
6000,697.5,0.7051149817,2.5
6000,697.55,0.7051408688,2.5
6000,697.6,0.705166744,2.5
6000,697.65,0.7051926074,2.5
6000,697.7,0.7052184589,2.5
6000,697.75,0.7052442986,2.5
6000,697.8,0.7052701264,2.5
6000,697.85,0.7052959423,2.5
6000,697.9,0.7053217464,2.5
6000,697.95,0.7053475387,2.5
6000,698,0.705373319,2.5
6000,698.05,0.7053990875,2.5
6000,698.1,0.7054248442,2.5
6000,698.15,0.7054505889,2.5
6000,698.2,0.7054763218,2.5
6000,698.25,0.7055020429,2.5
6000,698.3,0.705527752,2.5
6000,698.35,0.7055534494,2.5
6000,698.4,0.7055791348,2.5
6000,698.45,0.7056048084,2.5
6000,698.5,0.70563047,2.5
6000,698.55,0.7056561199,2.5
6000,698.6,0.7056817578,2.5
6000,698.65,0.7057073839,2.5
6000,698.7,0.7057329981,2.5
6000,698.75,0.7057586004,2.5
6000,698.8,0.7057841909,2.5
6000,698.85,0.7058097695,2.5
6000,698.9,0.7058353362,2.5
6000,698.95,0.705860891,2.5
6000,699,0.705886434,2.5
6000,699.05,0.705911965,2.5
6000,699.1,0.7059374842,2.5
6000,699.15,0.7059629915,2.5
6000,699.2,0.705988487,2.5
6000,699.25,0.7060139705,2.5
6000,699.3,0.7060394422,2.5
6000,699.35,0.706064902,2.5
6000,699.4,0.7060903499,2.5
6000,699.45,0.7061157859,2.5
6000,699.5,0.70614121,2.5
6000,699.55,0.7061666223,2.5
6000,699.6,0.7061920226,2.5
6000,699.65,0.7062174111,2.5
6000,699.7,0.7062427877,2.5
6000,699.75,0.7062681524,2.5
6000,699.8,0.7062935052,2.5
6000,699.85,0.7063188462,2.5
6000,699.9,0.7063441752,2.5
6000,699.95,0.7063694924,2.5
6000,700,0.7063947976,2.5
6000,700.05,0.706420091,2.5
6000,700.1,0.7064453725,2.5
6000,700.15,0.7064706421,2.5
6000,700.2,0.7064958997,2.5
6000,700.25,0.7065211455,2.5
6000,700.3,0.7065463795,2.5
6000,700.35,0.7065716015,2.5
6000,700.4,0.7065968116,2.5
6000,700.45,0.7066220098,2.5
6000,700.5,0.7066471961,2.5
6000,700.55,0.7066723706,2.5
6000,700.6,0.7066975331,2.5
6000,700.65,0.7067226838,2.5
6000,700.7,0.7067478225,2.5
6000,700.75,0.7067729494,2.5
6000,700.8,0.7067980643,2.5
6000,700.85,0.7068231673,2.5
6000,700.9,0.7068482585,2.5
6000,700.95,0.7068733378,2.5
6000,701,0.7068984051,2.5
6000,701.05,0.7069234606,2.5
6000,701.1,0.7069485041,2.5
6000,701.15,0.7069735358,2.5
6000,701.2,0.7069985555,2.5
6000,701.25,0.7070235633,2.5
6000,701.3,0.7070485593,2.5
6000,701.35,0.7070735433,2.5
6000,701.4,0.7070985155,2.5
6000,701.45,0.7071234757,2.5
6000,701.5,0.707148424,2.5
6000,701.55,0.7071733605,2.5
6000,701.6,0.707198285,2.5
6000,701.65,0.7072231976,2.5
6000,701.7,0.7072480983,2.5
6000,701.75,0.7072729871,2.5
6000,701.8,0.707297864,2.5
6000,701.85,0.707322729,2.5
6000,701.9,0.7073475821,2.5
6000,701.95,0.7073724233,2.5
6000,702,0.7073972526,2.5
6000,702.05,0.7074220699,2.5
6000,702.1,0.7074468754,2.5
6000,702.15,0.707471669,2.5
6000,702.2,0.7074964506,2.5
6000,702.25,0.7075212203,2.5
6000,702.3,0.7075459782,2.5
6000,702.35,0.7075707241,2.5
6000,702.4,0.7075954581,2.5
6000,702.45,0.7076201802,2.5
6000,702.5,0.7076448904,2.5
6000,702.55,0.7076695887,2.5
6000,702.6,0.7076942751,2.5
6000,702.65,0.7077189495,2.5
6000,702.7,0.7077436121,2.5
6000,702.75,0.7077682627,2.5
6000,702.8,0.7077929015,2.5
6000,702.85,0.7078175283,2.5
6000,702.9,0.7078421432,2.5
6000,702.95,0.7078667462,2.5
6000,703,0.7078913373,2.5
6000,703.05,0.7079159165,2.5
6000,703.1,0.7079404837,2.5
6000,703.15,0.7079650391,2.5
6000,703.2,0.7079895825,2.5
6000,703.25,0.7080141141,2.5
6000,703.3,0.7080386337,2.5
6000,703.35,0.7080631414,2.5
6000,703.4,0.7080876372,2.5
6000,703.45,0.7081121211,2.5
6000,703.5,0.708136593,2.5
6000,703.55,0.7081610531,2.5
6000,703.6,0.7081855012,2.5
6000,703.65,0.7082099375,2.5
6000,703.7,0.7082343618,2.5
6000,703.75,0.7082587742,2.5
6000,703.8,0.7082831747,2.5
6000,703.85,0.7083075633,2.5
6000,703.9,0.7083319399,2.5
6000,703.95,0.7083563047,2.5
6000,704,0.7083806575,2.5
6000,704.05,0.7084049985,2.5
6000,704.1,0.7084293275,2.5
6000,704.15,0.7084536446,2.5
6000,704.2,0.7084779498,2.5
6000,704.25,0.7085022431,2.5
6000,704.3,0.7085265244,2.5
6000,704.35,0.7085507939,2.5
6000,704.4,0.7085750514,2.5
6000,704.45,0.708599297,2.5
6000,704.5,0.7086235307,2.5
6000,704.55,0.7086477525,2.5
6000,704.6,0.7086719624,2.5
6000,704.65,0.7086961604,2.5
6000,704.7,0.7087203465,2.5
6000,704.75,0.7087445206,2.5
6000,704.8,0.7087686829,2.5
6000,704.85,0.7087928332,2.5
6000,704.9,0.7088169716,2.5
6000,704.95,0.7088410981,2.5
6000,705,0.7088652127,2.5
6000,705.05,0.7088893154,2.5
6000,705.1,0.7089134061,2.5
6000,705.15,0.708937485,2.5
6000,705.2,0.7089615519,2.5
6000,705.25,0.7089856069,2.5
6000,705.3,0.7090096501,2.5
6000,705.35,0.7090336813,2.5
6000,705.4,0.7090577006,2.5
6000,705.45,0.7090817079,2.5
6000,705.5,0.7091057034,2.5
6000,705.55,0.709129687,2.5
6000,705.6,0.7091536586,2.5
6000,705.65,0.7091776184,2.5
6000,705.7,0.7092015662,2.5
6000,705.75,0.7092255021,2.5
6000,705.8,0.7092494261,2.5
6000,705.85,0.7092733383,2.5
6000,705.9,0.7092972384,2.5
6000,705.95,0.7093211267,2.5
6000,706,0.7093450031,2.5
6000,706.05,0.7093688676,2.5
6000,706.1,0.7093927201,2.5
6000,706.15,0.7094165608,2.5
6000,706.2,0.7094403895,2.5
6000,706.25,0.7094642064,2.5
6000,706.3,0.7094880113,2.5
6000,706.35,0.7095118043,2.5
6000,706.4,0.7095355854,2.5
6000,706.45,0.7095593546,2.5
6000,706.5,0.7095831119,2.5
6000,706.55,0.7096068573,2.5
6000,706.6,0.7096305908,2.5
6000,706.65,0.7096543124,2.5
6000,706.7,0.7096780221,2.5
6000,706.75,0.7097017199,2.5
6000,706.8,0.7097254058,2.5
6000,706.85,0.7097490797,2.5
6000,706.9,0.7097727418,2.5
6000,706.95,0.709796392,2.5
6000,707,0.7098200302,2.5
6000,707.05,0.7098436566,2.5
6000,707.1,0.709867271,2.5
6000,707.15,0.7098908736,2.5
6000,707.2,0.7099144642,2.5
6000,707.25,0.709938043,2.5
6000,707.3,0.7099616098,2.5
6000,707.35,0.7099851648,2.5
6000,707.4,0.7100087078,2.5
6000,707.45,0.710032239,2.5
6000,707.5,0.7100557582,2.5
6000,707.55,0.7100792656,2.5
6000,707.6,0.710102761,2.5
6000,707.65,0.7101262446,2.5
6000,707.7,0.7101497162,2.5
6000,707.75,0.710173176,2.5
6000,707.8,0.7101966239,2.5
6000,707.85,0.7102200598,2.5
6000,707.9,0.7102434839,2.5
6000,707.95,0.7102668961,2.5
6000,708,0.7102902964,2.5
6000,708.05,0.7103136848,2.5
6000,708.1,0.7103370613,2.5
6000,708.15,0.7103604259,2.5
6000,708.2,0.7103837786,2.5
6000,708.25,0.7104071194,2.5
6000,708.3,0.7104304483,2.5
6000,708.35,0.7104537654,2.5
6000,708.4,0.7104770705,2.5
6000,708.45,0.7105003638,2.5
6000,708.5,0.7105236452,2.5
6000,708.55,0.7105469146,2.5
6000,708.6,0.7105701722,2.5
6000,708.65,0.7105934179,2.5
6000,708.7,0.7106166517,2.5
6000,708.75,0.7106398737,2.5
6000,708.8,0.7106630837,2.5
6000,708.85,0.7106862819,2.5
6000,708.9,0.7107094681,2.5
6000,708.95,0.7107326425,2.5
6000,709,0.710755805,2.5
6000,709.05,0.7107789557,2.5
6000,709.1,0.7108020944,2.5
6000,709.15,0.7108252213,2.5
6000,709.2,0.7108483362,2.5
6000,709.25,0.7108714393,2.5
6000,709.3,0.7108945305,2.5
6000,709.35,0.7109176099,2.5
6000,709.4,0.7109406773,2.5
6000,709.45,0.7109637329,2.5
6000,709.5,0.7109867766,2.5
6000,709.55,0.7110098084,2.5
6000,709.6,0.7110328284,2.5
6000,709.65,0.7110558364,2.5
6000,709.7,0.7110788326,2.5
6000,709.75,0.711101817,2.5
6000,709.8,0.7111247894,2.5
6000,709.85,0.71114775,2.5
6000,709.9,0.7111706987,2.5
6000,709.95,0.7111936355,2.5
6000,710,0.7112165605,2.5
6000,710.05,0.7112394736,2.5
6000,710.1,0.7112623748,2.5
6000,710.15,0.7112852642,2.5
6000,710.2,0.7113081417,2.5
6000,710.25,0.7113310073,2.5
6000,710.3,0.711353861,2.5
6000,710.35,0.7113767029,2.5
6000,710.4,0.711399533,2.5
6000,710.45,0.7114223511,2.5
6000,710.5,0.7114451574,2.5
6000,710.55,0.7114679518,2.5
6000,710.6,0.7114907344,2.5
6000,710.65,0.7115135051,2.5
6000,710.7,0.711536264,2.5
6000,710.75,0.711559011,2.5
6000,710.8,0.7115817461,2.5
6000,710.85,0.7116044694,2.5
6000,710.9,0.7116271808,2.5
6000,710.95,0.7116498804,2.5
6000,711,0.7116725681,2.5
6000,711.05,0.7116952439,2.5
6000,711.1,0.7117179079,2.5
6000,711.15,0.7117405601,2.5
6000,711.2,0.7117632004,2.5
6000,711.25,0.7117858288,2.5
6000,711.3,0.7118084454,2.5
6000,711.35,0.7118310502,2.5
6000,711.4,0.7118536431,2.5
6000,711.45,0.7118762241,2.5
6000,711.5,0.7118987934,2.5
6000,711.55,0.7119213507,2.5
6000,711.6,0.7119438962,2.5
6000,711.65,0.7119664299,2.5
6000,711.7,0.7119889517,2.5
6000,711.75,0.7120114617,2.5
6000,711.8,0.7120339599,2.5
6000,711.85,0.7120564462,2.5
6000,711.9,0.7120789206,2.5
6000,711.95,0.7121013833,2.5
6000,712,0.7121238341,2.5
6000,712.05,0.712146273,2.5
6000,712.1,0.7121687001,2.5
6000,712.15,0.7121911154,2.5
6000,712.2,0.7122135189,2.5
6000,712.25,0.7122359105,2.5
6000,712.3,0.7122582903,2.5
6000,712.35,0.7122806582,2.5
6000,712.4,0.7123030144,2.5
6000,712.45,0.7123253587,2.5
6000,712.5,0.7123476911,2.5
6000,712.55,0.7123700118,2.5
6000,712.6,0.7123923206,2.5
6000,712.65,0.7124146176,2.5
6000,712.7,0.7124369028,2.5
6000,712.75,0.7124591761,2.5
6000,712.8,0.7124814377,2.5
6000,712.85,0.7125036874,2.5
6000,712.9,0.7125259252,2.5
6000,712.95,0.7125481513,2.5
6000,713,0.7125703656,2.5
6000,713.05,0.712592568,2.5
6000,713.1,0.7126147586,2.5
6000,713.15,0.7126369374,2.5
6000,713.2,0.7126591044,2.5
6000,713.25,0.7126812596,2.5
6000,713.3,0.712703403,2.5
6000,713.35,0.7127255346,2.5
6000,713.4,0.7127476543,2.5
6000,713.45,0.7127697623,2.5
6000,713.5,0.7127918584,2.5
6000,713.55,0.7128139427,2.5
6000,713.6,0.7128360153,2.5
6000,713.65,0.712858076,2.5
6000,713.7,0.7128801249,2.5
6000,713.75,0.712902162,2.5
6000,713.8,0.7129241874,2.5
6000,713.85,0.7129462009,2.5
6000,713.9,0.7129682026,2.5
6000,713.95,0.7129901926,2.5
6000,714,0.7130121707,2.5
6000,714.05,0.7130341371,2.5
6000,714.1,0.7130560916,2.5
6000,714.15,0.7130780344,2.5
6000,714.2,0.7130999653,2.5
6000,714.25,0.7131218845,2.5
6000,714.3,0.7131437919,2.5
6000,714.35,0.7131656875,2.5
6000,714.4,0.7131875714,2.5
6000,714.45,0.7132094434,2.5
6000,714.5,0.7132313037,2.5
6000,714.55,0.7132531521,2.5
6000,714.6,0.7132749888,2.5
6000,714.65,0.7132968137,2.5
6000,714.7,0.7133186269,2.5
6000,714.75,0.7133404282,2.5
6000,714.8,0.7133622178,2.5
6000,714.85,0.7133839956,2.5
6000,714.9,0.7134057617,2.5
6000,714.95,0.7134275159,2.5
6000,715,0.7134492584,2.5
6000,715.05,0.7134709892,2.5
6000,715.1,0.7134927081,2.5
6000,715.15,0.7135144153,2.5
6000,715.2,0.7135361107,2.5
6000,715.25,0.7135577944,2.5
6000,715.3,0.7135794663,2.5
6000,715.35,0.7136011264,2.5
6000,715.4,0.7136227748,2.5
6000,715.45,0.7136444114,2.5
6000,715.5,0.7136660363,2.5
6000,715.55,0.7136876494,2.5
6000,715.6,0.7137092508,2.5
6000,715.65,0.7137308404,2.5
6000,715.7,0.7137524182,2.5
6000,715.75,0.7137739843,2.5
6000,715.8,0.7137955387,2.5
6000,715.85,0.7138170813,2.5
6000,715.9,0.7138386121,2.5
6000,715.95,0.7138601312,2.5
6000,716,0.7138816386,2.5
6000,716.05,0.7139031342,2.5
6000,716.1,0.7139246181,2.5
6000,716.15,0.7139460902,2.5
6000,716.2,0.7139675506,2.5
6000,716.25,0.7139889993,2.5
6000,716.3,0.7140104362,2.5
6000,716.35,0.7140318614,2.5
6000,716.4,0.7140532749,2.5
6000,716.45,0.7140746766,2.5
6000,716.5,0.7140960666,2.5
6000,716.55,0.7141174449,2.5
6000,716.6,0.7141388114,2.5
6000,716.65,0.7141601663,2.5
6000,716.7,0.7141815094,2.5
6000,716.75,0.7142028408,2.5
6000,716.8,0.7142241604,2.5
6000,716.85,0.7142454683,2.5
6000,716.9,0.7142667646,2.5
6000,716.95,0.7142880491,2.5
6000,717,0.7143093219,2.5
6000,717.05,0.7143305829,2.5
6000,717.1,0.7143518323,2.5
6000,717.15,0.7143730699,2.5
6000,717.2,0.7143942959,2.5
6000,717.25,0.7144155101,2.5
6000,717.3,0.7144367126,2.5
6000,717.35,0.7144579035,2.5
6000,717.4,0.7144790826,2.5
6000,717.45,0.71450025,2.5
6000,717.5,0.7145214057,2.5
6000,717.55,0.7145425498,2.5
6000,717.6,0.7145636821,2.5
6000,717.65,0.7145848027,2.5
6000,717.7,0.7146059117,2.5
6000,717.75,0.7146270089,2.5
6000,717.8,0.7146480944,2.5
6000,717.85,0.7146691683,2.5
6000,717.9,0.7146902305,2.5
6000,717.95,0.714711281,2.5
6000,718,0.7147323198,2.5
6000,718.05,0.7147533469,2.5
6000,718.1,0.7147743624,2.5
6000,718.15,0.7147953661,2.5
6000,718.2,0.7148163582,2.5
6000,718.25,0.7148373386,2.5
6000,718.3,0.7148583074,2.5
6000,718.35,0.7148792644,2.5
6000,718.4,0.7149002098,2.5
6000,718.45,0.7149211435,2.5
6000,718.5,0.7149420656,2.5
6000,718.55,0.714962976,2.5
6000,718.6,0.7149838747,2.5
6000,718.65,0.7150047618,2.5
6000,718.7,0.7150256372,2.5
6000,718.75,0.7150465009,2.5
6000,718.8,0.715067353,2.5
6000,718.85,0.7150881934,2.5
6000,718.9,0.7151090222,2.5
6000,718.95,0.7151298393,2.5
6000,719,0.7151506448,2.5
6000,719.05,0.7151714386,2.5
6000,719.1,0.7151922207,2.5
6000,719.15,0.7152129913,2.5
6000,719.2,0.7152337501,2.5
6000,719.25,0.7152544974,2.5
6000,719.3,0.715275233,2.5
6000,719.35,0.7152959569,2.5
6000,719.4,0.7153166692,2.5
6000,719.45,0.7153373699,2.5
6000,719.5,0.715358059,2.5
6000,719.55,0.7153787364,2.5
6000,719.6,0.7153994022,2.5
6000,719.65,0.7154200563,2.5
6000,719.7,0.7154406988,2.5
6000,719.75,0.7154613297,2.5
6000,719.8,0.715481949,2.5
6000,719.85,0.7155025567,2.5
6000,719.9,0.7155231527,2.5
6000,719.95,0.7155437371,2.5
6000,720,0.7155643099,2.5
6000,720.05,0.7155848711,2.5
6000,720.1,0.7156054207,2.5
6000,720.15,0.7156259586,2.5
6000,720.2,0.715646485,2.5
6000,720.25,0.7156669997,2.5
6000,720.3,0.7156875029,2.5
6000,720.35,0.7157079944,2.5
6000,720.4,0.7157284744,2.5
6000,720.45,0.7157489427,2.5
6000,720.5,0.7157693994,2.5
6000,720.55,0.7157898446,2.5
6000,720.6,0.7158102781,2.5
6000,720.65,0.7158307001,2.5
6000,720.7,0.7158511104,2.5
6000,720.75,0.7158715092,2.5
6000,720.8,0.7158918964,2.5
6000,720.85,0.715912272,2.5
6000,720.9,0.715932636,2.5
6000,720.95,0.7159529884,2.5
6000,721,0.7159733293,2.5
6000,721.05,0.7159936585,2.5
6000,721.1,0.7160139762,2.5
6000,721.15,0.7160342824,2.5
6000,721.2,0.7160545769,2.5
6000,721.25,0.7160748599,2.5
6000,721.3,0.7160951313,2.5
6000,721.35,0.7161153912,2.5
6000,721.4,0.7161356394,2.5
6000,721.45,0.7161558762,2.5
6000,721.5,0.7161761013,2.5
6000,721.55,0.7161963149,2.5
6000,721.6,0.716216517,2.5
6000,721.65,0.7162367075,2.5
6000,721.7,0.7162568864,2.5
6000,721.75,0.7162770538,2.5
6000,721.8,0.7162972096,2.5
6000,721.85,0.7163173539,2.5
6000,721.9,0.7163374866,2.5
6000,721.95,0.7163576079,2.5
6000,722,0.7163777175,2.5
6000,722.05,0.7163978156,2.5
6000,722.1,0.7164179022,2.5
6000,722.15,0.7164379773,2.5
6000,722.2,0.7164580408,2.5
6000,722.25,0.7164780928,2.5
6000,722.3,0.7164981332,2.5
6000,722.35,0.7165181621,2.5
6000,722.4,0.7165381796,2.5
6000,722.45,0.7165581854,2.5
6000,722.5,0.7165781798,2.5
6000,722.55,0.7165981626,2.5
6000,722.6,0.716618134,2.5
6000,722.65,0.7166380938,2.5
6000,722.7,0.7166580421,2.5
6000,722.75,0.7166779788,2.5
6000,722.8,0.7166979041,2.5
6000,722.85,0.7167178179,2.5
6000,722.9,0.7167377201,2.5
6000,722.95,0.7167576109,2.5
6000,723,0.7167774902,2.5
6000,723.05,0.7167973579,2.5
6000,723.1,0.7168172142,2.5
6000,723.15,0.716837059,2.5
6000,723.2,0.7168568922,2.5
6000,723.25,0.716876714,2.5
6000,723.3,0.7168965243,2.5
6000,723.35,0.7169163232,2.5
6000,723.4,0.7169361105,2.5
6000,723.45,0.7169558863,2.5
6000,723.5,0.7169756507,2.5
6000,723.55,0.7169954036,2.5
6000,723.6,0.717015145,2.5
6000,723.65,0.717034875,2.5
6000,723.7,0.7170545934,2.5
6000,723.75,0.7170743004,2.5
6000,723.8,0.717093996,2.5
6000,723.85,0.71711368,2.5
6000,723.9,0.7171333526,2.5
6000,723.95,0.7171530138,2.5
6000,724,0.7171726635,2.5
6000,724.05,0.7171923017,2.5
6000,724.1,0.7172119285,2.5
6000,724.15,0.7172315438,2.5
6000,724.2,0.7172511477,2.5
6000,724.25,0.7172707401,2.5
6000,724.3,0.7172903211,2.5
6000,724.35,0.7173098907,2.5
6000,724.4,0.7173294488,2.5
6000,724.45,0.7173489954,2.5
6000,724.5,0.7173685307,2.5
6000,724.55,0.7173880545,2.5
6000,724.6,0.7174075668,2.5
6000,724.65,0.7174270677,2.5
6000,724.7,0.7174465573,2.5
6000,724.75,0.7174660353,2.5
6000,724.8,0.717485502,2.5
6000,724.85,0.7175049572,2.5
6000,724.9,0.717524401,2.5
6000,724.95,0.7175438334,2.5
6000,725,0.7175632544,2.5
6000,725.05,0.717582664,2.5
6000,725.1,0.7176020622,2.5
6000,725.15,0.7176214489,2.5
6000,725.2,0.7176408243,2.5
6000,725.25,0.7176601882,2.5
6000,725.3,0.7176795408,2.5
6000,725.35,0.7176988819,2.5
6000,725.4,0.7177182117,2.5
6000,725.45,0.71773753,2.5
6000,725.5,0.717756837,2.5
6000,725.55,0.7177761326,2.5
6000,725.6,0.7177954168,2.5
6000,725.65,0.7178146896,2.5
6000,725.7,0.717833951,2.5
6000,725.75,0.7178532011,2.5
6000,725.8,0.7178724397,2.5
6000,725.85,0.717891667,2.5
6000,725.9,0.7179108829,2.5
6000,725.95,0.7179300875,2.5
6000,726,0.7179492807,2.5
6000,726.05,0.7179684625,2.5
6000,726.1,0.7179876329,2.5
6000,726.15,0.718006792,2.5
6000,726.2,0.7180259398,2.5
6000,726.25,0.7180450761,2.5
6000,726.3,0.7180642012,2.5
6000,726.35,0.7180833148,2.5
6000,726.4,0.7181024172,2.5
6000,726.45,0.7181215081,2.5
6000,726.5,0.7181405878,2.5
6000,726.55,0.718159656,2.5
6000,726.6,0.718178713,2.5
6000,726.65,0.7181977586,2.5
6000,726.7,0.7182167929,2.5
6000,726.75,0.7182358158,2.5
6000,726.8,0.7182548274,2.5
6000,726.85,0.7182738277,2.5
6000,726.9,0.7182928167,2.5
6000,726.95,0.7183117943,2.5
6000,727,0.7183307606,2.5
6000,727.05,0.7183497156,2.5
6000,727.1,0.7183686593,2.5
6000,727.15,0.7183875917,2.5
6000,727.2,0.7184065127,2.5
6000,727.25,0.7184254225,2.5
6000,727.3,0.7184443209,2.5
6000,727.35,0.718463208,2.5
6000,727.4,0.7184820839,2.5
6000,727.45,0.7185009484,2.5
6000,727.5,0.7185198016,2.5
6000,727.55,0.7185386436,2.5
6000,727.6,0.7185574742,2.5
6000,727.65,0.7185762936,2.5
6000,727.7,0.7185951017,2.5
6000,727.75,0.7186138985,2.5
6000,727.8,0.718632684,2.5
6000,727.85,0.7186514582,2.5
6000,727.9,0.7186702212,2.5
6000,727.95,0.7186889729,2.5
6000,728,0.7187077133,2.5
6000,728.05,0.7187264424,2.5
6000,728.1,0.7187451603,2.5
6000,728.15,0.7187638669,2.5
6000,728.2,0.7187825623,2.5
6000,728.25,0.7188012464,2.5
6000,728.3,0.7188199192,2.5
6000,728.35,0.7188385808,2.5
6000,728.4,0.7188572311,2.5
6000,728.45,0.7188758702,2.5
6000,728.5,0.718894498,2.5
6000,728.55,0.7189131146,2.5
6000,728.6,0.71893172,2.5
6000,728.65,0.7189503141,2.5
6000,728.7,0.718968897,2.5
6000,728.75,0.7189874686,2.5
6000,728.8,0.719006029,2.5
6000,728.85,0.7190245782,2.5
6000,728.9,0.7190431162,2.5
6000,728.95,0.7190616429,2.5
6000,729,0.7190801584,2.5
6000,729.05,0.7190986627,2.5
6000,729.1,0.7191171558,2.5
6000,729.15,0.7191356377,2.5
6000,729.2,0.7191541083,2.5
6000,729.25,0.7191725678,2.5
6000,729.3,0.719191016,2.5
6000,729.35,0.7192094531,2.5
6000,729.4,0.7192278789,2.5
6000,729.45,0.7192462935,2.5
6000,729.5,0.719264697,2.5
6000,729.55,0.7192830893,2.5
6000,729.6,0.7193014703,2.5
6000,729.65,0.7193198402,2.5
6000,729.7,0.7193381989,2.5
6000,729.75,0.7193565464,2.5
6000,729.8,0.7193748828,2.5
6000,729.85,0.7193932079,2.5
6000,729.9,0.7194115219,2.5
6000,729.95,0.7194298247,2.5
6000,730,0.7194481164,2.5
6000,730.05,0.7194663968,2.5
6000,730.1,0.7194846662,2.5
6000,730.15,0.7195029243,2.5
6000,730.2,0.7195211713,2.5
6000,730.25,0.7195394072,2.5
6000,730.3,0.7195576319,2.5
6000,730.35,0.7195758454,2.5
6000,730.4,0.7195940478,2.5
6000,730.45,0.7196122391,2.5
6000,730.5,0.7196304192,2.5
6000,730.55,0.7196485881,2.5
6000,730.6,0.719666746,2.5
6000,730.65,0.7196848927,2.5
6000,730.7,0.7197030283,2.5
6000,730.75,0.7197211527,2.5
6000,730.8,0.719739266,2.5
6000,730.85,0.7197573682,2.5
6000,730.9,0.7197754593,2.5
6000,730.95,0.7197935393,2.5
6000,731,0.7198116081,2.5
6000,731.05,0.7198296658,2.5
6000,731.1,0.7198477125,2.5
6000,731.15,0.719865748,2.5
6000,731.2,0.7198837724,2.5
6000,731.25,0.7199017857,2.5
6000,731.3,0.7199197879,2.5
6000,731.35,0.7199377791,2.5
6000,731.4,0.7199557591,2.5
6000,731.45,0.719973728,2.5
6000,731.5,0.7199916859,2.5
6000,731.55,0.7200096326,2.5
6000,731.6,0.7200275683,2.5
6000,731.65,0.7200454929,2.5
6000,731.7,0.7200634065,2.5
6000,731.75,0.7200813089,2.5
6000,731.8,0.7200992003,2.5
6000,731.85,0.7201170806,2.5
6000,731.9,0.7201349499,2.5
6000,731.95,0.7201528081,2.5
6000,732,0.7201706552,2.5
6000,732.05,0.7201884913,2.5
6000,732.1,0.7202063164,2.5
6000,732.15,0.7202241303,2.5
6000,732.2,0.7202419333,2.5
6000,732.25,0.7202597251,2.5
6000,732.3,0.720277506,2.5
6000,732.35,0.7202952758,2.5
6000,732.4,0.7203130346,2.5
6000,732.45,0.7203307823,2.5
6000,732.5,0.720348519,2.5
6000,732.55,0.7203662447,2.5
6000,732.6,0.7203839593,2.5
6000,732.65,0.720401663,2.5
6000,732.7,0.7204193556,2.5
6000,732.75,0.7204370372,2.5
6000,732.8,0.7204547077,2.5
6000,732.85,0.7204723673,2.5
6000,732.9,0.7204900159,2.5
6000,732.95,0.7205076534,2.5
6000,733,0.72052528,2.5
6000,733.05,0.7205428955,2.5
6000,733.1,0.7205605001,2.5
6000,733.15,0.7205780937,2.5
6000,733.2,0.7205956762,2.5
6000,733.25,0.7206132478,2.5
6000,733.3,0.7206308084,2.5
6000,733.35,0.720648358,2.5
6000,733.4,0.7206658967,2.5
6000,733.45,0.7206834243,2.5
6000,733.5,0.720700941,2.5
6000,733.55,0.7207184468,2.5
6000,733.6,0.7207359415,2.5
6000,733.65,0.7207534253,2.5
6000,733.7,0.7207708981,2.5
6000,733.75,0.72078836,2.5
6000,733.8,0.7208058109,2.5
6000,733.85,0.7208232509,2.5
6000,733.9,0.7208406799,2.5
6000,733.95,0.720858098,2.5
6000,734,0.7208755051,2.5
6000,734.05,0.7208929013,2.5
6000,734.1,0.7209102865,2.5
6000,734.15,0.7209276608,2.5
6000,734.2,0.7209450242,2.5
6000,734.25,0.7209623766,2.5
6000,734.3,0.7209797182,2.5
6000,734.35,0.7209970487,2.5
6000,734.4,0.7210143684,2.5
6000,734.45,0.7210316772,2.5
6000,734.5,0.721048975,2.5
6000,734.55,0.721066262,2.5
6000,734.6,0.721083538,2.5
6000,734.65,0.7211008031,2.5
6000,734.7,0.7211180573,2.5
6000,734.75,0.7211353007,2.5
6000,734.8,0.7211525331,2.5
6000,734.85,0.7211697546,2.5
6000,734.9,0.7211869653,2.5
6000,734.95,0.721204165,2.5
6000,735,0.7212213539,2.5
6000,735.05,0.7212385319,2.5
6000,735.1,0.721255699,2.5
6000,735.15,0.7212728552,2.5
6000,735.2,0.7212900006,2.5
6000,735.25,0.7213071351,2.5
6000,735.3,0.7213242587,2.5
6000,735.35,0.7213413715,2.5
6000,735.4,0.7213584734,2.5
6000,735.45,0.7213755644,2.5
6000,735.5,0.7213926446,2.5
6000,735.55,0.721409714,2.5
6000,735.6,0.7214267725,2.5
6000,735.65,0.7214438201,2.5
6000,735.7,0.7214608569,2.5
6000,735.75,0.7214778829,2.5
6000,735.8,0.721494898,2.5
6000,735.85,0.7215119023,2.5
6000,735.9,0.7215288958,2.5
6000,735.95,0.7215458785,2.5
6000,736,0.7215628503,2.5
6000,736.05,0.7215798113,2.5
6000,736.1,0.7215967615,2.5
6000,736.15,0.7216137008,2.5
6000,736.2,0.7216306294,2.5
6000,736.25,0.7216475472,2.5
6000,736.3,0.7216644541,2.5
6000,736.35,0.7216813503,2.5
6000,736.4,0.7216982356,2.5
6000,736.45,0.7217151102,2.5
6000,736.5,0.7217319739,2.5
6000,736.55,0.7217488269,2.5
6000,736.6,0.7217656691,2.5
6000,736.65,0.7217825005,2.5
6000,736.7,0.7217993211,2.5
6000,736.75,0.721816131,2.5
6000,736.8,0.7218329301,2.5
6000,736.85,0.7218497184,2.5
6000,736.9,0.7218664959,2.5
6000,736.95,0.7218832627,2.5
6000,737,0.7219000187,2.5
6000,737.05,0.7219167639,2.5
6000,737.1,0.7219334984,2.5
6000,737.15,0.7219502222,2.5
6000,737.2,0.7219669352,2.5
6000,737.25,0.7219836374,2.5
6000,737.3,0.722000329,2.5
6000,737.35,0.7220170097,2.5
6000,737.4,0.7220336798,2.5
6000,737.45,0.7220503391,2.5
6000,737.5,0.7220669877,2.5
6000,737.55,0.7220836255,2.5
6000,737.6,0.7221002526,2.5
6000,737.65,0.722116869,2.5
6000,737.7,0.7221334747,2.5
6000,737.75,0.7221500697,2.5
6000,737.8,0.722166654,2.5
6000,737.85,0.7221832276,2.5
6000,737.9,0.7221997904,2.5
6000,737.95,0.7222163426,2.5
6000,738,0.722232884,2.5
6000,738.05,0.7222494148,2.5
6000,738.1,0.7222659349,2.5
6000,738.15,0.7222824443,2.5
6000,738.2,0.722298943,2.5
6000,738.25,0.722315431,2.5
6000,738.3,0.7223319083,2.5
6000,738.35,0.722348375,2.5
6000,738.4,0.722364831,2.5
6000,738.45,0.7223812763,2.5
6000,738.5,0.722397711,2.5
6000,738.55,0.722414135,2.5
6000,738.6,0.7224305483,2.5
6000,738.65,0.722446951,2.5
6000,738.7,0.722463343,2.5
6000,738.75,0.7224797244,2.5
6000,738.8,0.7224960952,2.5
6000,738.85,0.7225124553,2.5
6000,738.9,0.7225288047,2.5
6000,738.95,0.7225451436,2.5
6000,739,0.7225614717,2.5
6000,739.05,0.7225777893,2.5
6000,739.1,0.7225940962,2.5
6000,739.15,0.7226103926,2.5
6000,739.2,0.7226266782,2.5
6000,739.25,0.7226429533,2.5
6000,739.3,0.7226592178,2.5
6000,739.35,0.7226754716,2.5
6000,739.4,0.7226917149,2.5
6000,739.45,0.7227079475,2.5
6000,739.5,0.7227241696,2.5
6000,739.55,0.722740381,2.5
6000,739.6,0.7227565819,2.5
6000,739.65,0.7227727721,2.5
6000,739.7,0.7227889518,2.5
6000,739.75,0.7228051209,2.5
6000,739.8,0.7228212794,2.5
6000,739.85,0.7228374274,2.5
6000,739.9,0.7228535647,2.5
6000,739.95,0.7228696915,2.5
6000,740,0.7228858078,2.5
6000,740.05,0.7229019134,2.5
6000,740.1,0.7229180085,2.5
6000,740.15,0.7229340931,2.5
6000,740.2,0.7229501671,2.5
6000,740.25,0.7229662305,2.5
6000,740.3,0.7229822834,2.5
6000,740.35,0.7229983258,2.5
6000,740.4,0.7230143576,2.5
6000,740.45,0.7230303789,2.5
6000,740.5,0.7230463896,2.5
6000,740.55,0.7230623898,2.5
6000,740.6,0.7230783795,2.5
6000,740.65,0.7230943587,2.5
6000,740.7,0.7231103273,2.5
6000,740.75,0.7231262854,2.5
6000,740.8,0.723142233,2.5
6000,740.85,0.7231581702,2.5
6000,740.9,0.7231740967,2.5
6000,740.95,0.7231900128,2.5
6000,741,0.7232059184,2.5
6000,741.05,0.7232218135,2.5
6000,741.1,0.7232376981,2.5
6000,741.15,0.7232535723,2.5
6000,741.2,0.7232694359,2.5
6000,741.25,0.723285289,2.5
6000,741.3,0.7233011317,2.5
6000,741.35,0.7233169639,2.5
6000,741.4,0.7233327856,2.5
6000,741.45,0.7233485969,2.5
6000,741.5,0.7233643977,2.5
6000,741.55,0.723380188,2.5
6000,741.6,0.7233959678,2.5
6000,741.65,0.7234117372,2.5
6000,741.7,0.7234274962,2.5
6000,741.75,0.7234432447,2.5
6000,741.8,0.7234589828,2.5
6000,741.85,0.7234747104,2.5
6000,741.9,0.7234904276,2.5
6000,741.95,0.7235061343,2.5
6000,742,0.7235218306,2.5
6000,742.05,0.7235375165,2.5
6000,742.1,0.723553192,2.5
6000,742.15,0.723568857,2.5
6000,742.2,0.7235845116,2.5
6000,742.25,0.7236001559,2.5
6000,742.3,0.7236157897,2.5
6000,742.35,0.723631413,2.5
6000,742.4,0.723647026,2.5
6000,742.45,0.7236626286,2.5
6000,742.5,0.7236782208,2.5
6000,742.55,0.7236938026,2.5
6000,742.6,0.723709374,2.5
6000,742.65,0.723724935,2.5
6000,742.7,0.7237404857,2.5
6000,742.75,0.7237560259,2.5
6000,742.8,0.7237715558,2.5
6000,742.85,0.7237870753,2.5
6000,742.9,0.7238025844,2.5
6000,742.95,0.7238180832,2.5
6000,743,0.7238335716,2.5
6000,743.05,0.7238490497,2.5
6000,743.1,0.7238645174,2.5
6000,743.15,0.7238799747,2.5
6000,743.2,0.7238954217,2.5
6000,743.25,0.7239108583,2.5
6000,743.3,0.7239262846,2.5
6000,743.35,0.7239417006,2.5
6000,743.4,0.7239571063,2.5
6000,743.45,0.7239725016,2.5
6000,743.5,0.7239878865,2.5
6000,743.55,0.7240032612,2.5
6000,743.6,0.7240186255,2.5
6000,743.65,0.7240339795,2.5
6000,743.7,0.7240493232,2.5
6000,743.75,0.7240646566,2.5
6000,743.8,0.7240799797,2.5
6000,743.85,0.7240952925,2.5
6000,743.9,0.724110595,2.5
6000,743.95,0.7241258872,2.5
6000,744,0.7241411691,2.5
6000,744.05,0.7241564407,2.5
6000,744.1,0.724171702,2.5
6000,744.15,0.724186953,2.5
6000,744.2,0.7242021938,2.5
6000,744.25,0.7242174243,2.5
6000,744.3,0.7242326445,2.5
6000,744.35,0.7242478545,2.5
6000,744.4,0.7242630542,2.5
6000,744.45,0.7242782436,2.5
6000,744.5,0.7242934228,2.5
6000,744.55,0.7243085917,2.5
6000,744.6,0.7243237503,2.5
6000,744.65,0.7243388988,2.5
6000,744.7,0.7243540369,2.5
6000,744.75,0.7243691649,2.5
6000,744.8,0.7243842826,2.5
6000,744.85,0.7243993901,2.5
6000,744.9,0.7244144873,2.5
6000,744.95,0.7244295743,2.5
6000,745,0.7244446511,2.5
6000,745.05,0.7244597177,2.5
6000,745.1,0.7244747741,2.5
6000,745.15,0.7244898202,2.5
6000,745.2,0.7245048562,2.5
6000,745.25,0.7245198819,2.5
6000,745.3,0.7245348975,2.5
6000,745.35,0.7245499028,2.5
6000,745.4,0.724564898,2.5
6000,745.45,0.724579883,2.5
6000,745.5,0.7245948578,2.5
6000,745.55,0.7246098224,2.5
6000,745.6,0.7246247768,2.5
6000,745.65,0.724639721,2.5
6000,745.7,0.7246546551,2.5
6000,745.75,0.724669579,2.5
6000,745.8,0.7246844928,2.5
6000,745.85,0.7246993964,2.5
6000,745.9,0.7247142898,2.5
6000,745.95,0.7247291731,2.5
6000,746,0.7247440462,2.5
6000,746.05,0.7247589092,2.5
6000,746.1,0.7247737621,2.5
6000,746.15,0.7247886048,2.5
6000,746.2,0.7248034374,2.5
6000,746.25,0.7248182598,2.5
6000,746.3,0.7248330721,2.5
6000,746.35,0.7248478743,2.5
6000,746.4,0.7248626664,2.5
6000,746.45,0.7248774484,2.5
6000,746.5,0.7248922202,2.5
6000,746.55,0.724906982,2.5
6000,746.6,0.7249217336,2.5
6000,746.65,0.7249364751,2.5
6000,746.7,0.7249512066,2.5
6000,746.75,0.7249659279,2.5
6000,746.8,0.7249806392,2.5
6000,746.85,0.7249953403,2.5
6000,746.9,0.7250100314,2.5
6000,746.95,0.7250247124,2.5
6000,747,0.7250393833,2.5
6000,747.05,0.7250540442,2.5
6000,747.1,0.725068695,2.5
6000,747.15,0.7250833357,2.5
6000,747.2,0.7250979663,2.5
6000,747.25,0.7251125869,2.5
6000,747.3,0.7251271975,2.5
6000,747.35,0.725141798,2.5
6000,747.4,0.7251563884,2.5
6000,747.45,0.7251709689,2.5
6000,747.5,0.7251855392,2.5
6000,747.55,0.7252000996,2.5
6000,747.6,0.7252146499,2.5
6000,747.65,0.7252291901,2.5
6000,747.7,0.7252437204,2.5
6000,747.75,0.7252582406,2.5
6000,747.8,0.7252727508,2.5
6000,747.85,0.725287251,2.5
6000,747.9,0.7253017412,2.5
6000,747.95,0.7253162214,2.5
6000,748,0.7253306916,2.5
6000,748.05,0.7253451518,2.5
6000,748.1,0.725359602,2.5
6000,748.15,0.7253740422,2.5
6000,748.2,0.7253884724,2.5
6000,748.25,0.7254028926,2.5
6000,748.3,0.7254173029,2.5
6000,748.35,0.7254317032,2.5
6000,748.4,0.7254460935,2.5
6000,748.45,0.7254604738,2.5
6000,748.5,0.7254748442,2.5
6000,748.55,0.7254892046,2.5
6000,748.6,0.725503555,2.5
6000,748.65,0.7255178955,2.5
6000,748.7,0.7255322261,2.5
6000,748.75,0.7255465467,2.5
6000,748.8,0.7255608573,2.5
6000,748.85,0.7255751581,2.5
6000,748.9,0.7255894488,2.5
6000,748.95,0.7256037297,2.5
6000,749,0.7256180006,2.5
6000,749.05,0.7256322616,2.5
6000,749.1,0.7256465127,2.5
6000,749.15,0.7256607539,2.5
6000,749.2,0.7256749852,2.5
6000,749.25,0.7256892065,2.5
6000,749.3,0.725703418,2.5
6000,749.35,0.7257176195,2.5
6000,749.4,0.7257318112,2.5
6000,749.45,0.7257459929,2.5
6000,749.5,0.7257601648,2.5
6000,749.55,0.7257743268,2.5
6000,749.6,0.7257884789,2.5
6000,749.65,0.7258026211,2.5
6000,749.7,0.7258167534,2.5
6000,749.75,0.7258308759,2.5
6000,749.8,0.7258449885,2.5
6000,749.85,0.7258590913,2.5
6000,749.9,0.7258731841,2.5
6000,749.95,0.7258872672,2.5
6000,750,0.7259013404,2.5
6000,750.05,0.7259154037,2.5
6000,750.1,0.7259294572,2.5
6000,750.15,0.7259435008,2.5
6000,750.2,0.7259575346,2.5
6000,750.25,0.7259715586,2.5
6000,750.3,0.7259855728,2.5
6000,750.35,0.7259995771,2.5
6000,750.4,0.7260135716,2.5
6000,750.45,0.7260275563,2.5
6000,750.5,0.7260415312,2.5
6000,750.55,0.7260554962,2.5
6000,750.6,0.7260694515,2.5
6000,750.65,0.7260833969,2.5
6000,750.7,0.7260973326,2.5
6000,750.75,0.7261112585,2.5
6000,750.8,0.7261251745,2.5
6000,750.85,0.7261390808,2.5
6000,750.9,0.7261529773,2.5
6000,750.95,0.726166864,2.5
6000,751,0.726180741,2.5
6000,751.05,0.7261946082,2.5
6000,751.1,0.7262084656,2.5
6000,751.15,0.7262223132,2.5
6000,751.2,0.7262361511,2.5
6000,751.25,0.7262499792,2.5
6000,751.3,0.7262637976,2.5
6000,751.35,0.7262776062,2.5
6000,751.4,0.7262914051,2.5
6000,751.45,0.7263051943,2.5
6000,751.5,0.7263189737,2.5
6000,751.55,0.7263327434,2.5
6000,751.6,0.7263465033,2.5
6000,751.65,0.7263602535,2.5
6000,751.7,0.726373994,2.5
6000,751.75,0.7263877248,2.5
6000,751.8,0.7264014459,2.5
6000,751.85,0.7264151572,2.5
6000,751.9,0.7264288589,2.5
6000,751.95,0.7264425508,2.5
6000,752,0.7264562331,2.5
6000,752.05,0.7264699056,2.5
6000,752.1,0.7264835685,2.5
6000,752.15,0.7264972217,2.5
6000,752.2,0.7265108652,2.5
6000,752.25,0.726524499,2.5
6000,752.3,0.7265381231,2.5
6000,752.35,0.7265517376,2.5
6000,752.4,0.7265653424,2.5
6000,752.45,0.7265789375,2.5
6000,752.5,0.726592523,2.5
6000,752.55,0.7266060989,2.5
6000,752.6,0.726619665,2.5
6000,752.65,0.7266332216,2.5
6000,752.7,0.7266467684,2.5
6000,752.75,0.7266603057,2.5
6000,752.8,0.7266738333,2.5
6000,752.85,0.7266873513,2.5
6000,752.9,0.7267008596,2.5
6000,752.95,0.7267143583,2.5
6000,753,0.7267278474,2.5
6000,753.05,0.7267413269,2.5
6000,753.1,0.7267547968,2.5
6000,753.15,0.726768257,2.5
6000,753.2,0.7267817077,2.5
6000,753.25,0.7267951488,2.5
6000,753.3,0.7268085802,2.5
6000,753.35,0.7268220021,2.5
6000,753.4,0.7268354144,2.5
6000,753.45,0.7268488171,2.5
6000,753.5,0.7268622102,2.5
6000,753.55,0.7268755937,2.5
6000,753.6,0.7268889677,2.5
6000,753.65,0.7269023321,2.5
6000,753.7,0.7269156869,2.5
6000,753.75,0.7269290321,2.5
6000,753.8,0.7269423678,2.5
6000,753.85,0.726955694,2.5
6000,753.9,0.7269690106,2.5
6000,753.95,0.7269823176,2.5
6000,754,0.7269956152,2.5
6000,754.05,0.7270089031,2.5
6000,754.1,0.7270221816,2.5
6000,754.15,0.7270354505,2.5
6000,754.2,0.7270487099,2.5
6000,754.25,0.7270619597,2.5
6000,754.3,0.7270752001,2.5
6000,754.35,0.7270884309,2.5
6000,754.4,0.7271016522,2.5
6000,754.45,0.727114864,2.5
6000,754.5,0.7271280663,2.5
6000,754.55,0.7271412591,2.5
6000,754.6,0.7271544425,2.5
6000,754.65,0.7271676163,2.5
6000,754.7,0.7271807806,2.5
6000,754.75,0.7271939355,2.5
6000,754.8,0.7272070808,2.5
6000,754.85,0.7272202167,2.5
6000,754.9,0.7272333432,2.5
6000,754.95,0.7272464601,2.5
6000,755,0.7272595676,2.5
6000,755.05,0.7272726657,2.5
6000,755.1,0.7272857543,2.5
6000,755.15,0.7272988334,2.5
6000,755.2,0.7273119031,2.5
6000,755.25,0.7273249633,2.5
6000,755.3,0.7273380141,2.5
6000,755.35,0.7273510555,2.5
6000,755.4,0.7273640874,2.5
6000,755.45,0.7273771099,2.5
6000,755.5,0.727390123,2.5
6000,755.55,0.7274031267,2.5
6000,755.6,0.7274161209,2.5
6000,755.65,0.7274291058,2.5
6000,755.7,0.7274420812,2.5
6000,755.75,0.7274550472,2.5
6000,755.8,0.7274680039,2.5
6000,755.85,0.7274809511,2.5
6000,755.9,0.7274938889,2.5
6000,755.95,0.7275068174,2.5
6000,756,0.7275197365,2.5
6000,756.05,0.7275326461,2.5
6000,756.1,0.7275455465,2.5
6000,756.15,0.7275584374,2.5
6000,756.2,0.727571319,2.5
6000,756.25,0.7275841912,2.5
6000,756.3,0.727597054,2.5
6000,756.35,0.7276099075,2.5
6000,756.4,0.7276227517,2.5
6000,756.45,0.7276355865,2.5
6000,756.5,0.7276484119,2.5
6000,756.55,0.7276612281,2.5
6000,756.6,0.7276740348,2.5
6000,756.65,0.7276868323,2.5
6000,756.7,0.7276996204,2.5
6000,756.75,0.7277123992,2.5
6000,756.8,0.7277251687,2.5
6000,756.85,0.7277379288,2.5
6000,756.9,0.7277506797,2.5
6000,756.95,0.7277634212,2.5
6000,757,0.7277761535,2.5
6000,757.05,0.7277888764,2.5
6000,757.1,0.7278015901,2.5
6000,757.15,0.7278142944,2.5
6000,757.2,0.7278269895,2.5
6000,757.25,0.7278396753,2.5
6000,757.3,0.7278523518,2.5
6000,757.35,0.727865019,2.5
6000,757.4,0.727877677,2.5
6000,757.45,0.7278903257,2.5
6000,757.5,0.7279029651,2.5
6000,757.55,0.7279155952,2.5
6000,757.6,0.7279282162,2.5
6000,757.65,0.7279408278,2.5
6000,757.7,0.7279534302,2.5
6000,757.75,0.7279660234,2.5
6000,757.8,0.7279786073,2.5
6000,757.85,0.727991182,2.5
6000,757.9,0.7280037475,2.5
6000,757.95,0.7280163037,2.5
6000,758,0.7280288508,2.5
6000,758.05,0.7280413886,2.5
6000,758.1,0.7280539172,2.5
6000,758.15,0.7280664365,2.5
6000,758.2,0.7280789467,2.5
6000,758.25,0.7280914477,2.5
6000,758.3,0.7281039394,2.5
6000,758.35,0.728116422,2.5
6000,758.4,0.7281288954,2.5
6000,758.45,0.7281413596,2.5
6000,758.5,0.7281538146,2.5
6000,758.55,0.7281662604,2.5
6000,758.6,0.7281786971,2.5
6000,758.65,0.7281911246,2.5
6000,758.7,0.7282035429,2.5
6000,758.75,0.7282159521,2.5
6000,758.8,0.7282283521,2.5
6000,758.85,0.7282407429,2.5
6000,758.9,0.7282531246,2.5
6000,758.95,0.7282654972,2.5
6000,759,0.7282778606,2.5
6000,759.05,0.7282902149,2.5
6000,759.1,0.72830256,2.5
6000,759.15,0.728314896,2.5
6000,759.2,0.7283272229,2.5
6000,759.25,0.7283395407,2.5
6000,759.3,0.7283518493,2.5
6000,759.35,0.7283641489,2.5
6000,759.4,0.7283764393,2.5
6000,759.45,0.7283887206,2.5
6000,759.5,0.7284009929,2.5
6000,759.55,0.728413256,2.5
6000,759.6,0.72842551,2.5
6000,759.65,0.728437755,2.5
6000,759.7,0.7284499908,2.5
6000,759.75,0.7284622176,2.5
6000,759.8,0.7284744353,2.5
6000,759.85,0.7284866439,2.5
6000,759.9,0.7284988435,2.5
6000,759.95,0.728511034,2.5
6000,760,0.7285232154,2.5
6000,760.05,0.7285353878,2.5
6000,760.1,0.7285475511,2.5
6000,760.15,0.7285597054,2.5
6000,760.2,0.7285718507,2.5
6000,760.25,0.7285839869,2.5
6000,760.3,0.728596114,2.5
6000,760.35,0.7286082322,2.5
6000,760.4,0.7286203413,2.5
6000,760.45,0.7286324414,2.5
6000,760.5,0.7286445324,2.5
6000,760.55,0.7286566145,2.5
6000,760.6,0.7286686875,2.5
6000,760.65,0.7286807516,2.5
6000,760.7,0.7286928066,2.5
6000,760.75,0.7287048526,2.5
6000,760.8,0.7287168896,2.5
6000,760.85,0.7287289177,2.5
6000,760.9,0.7287409368,2.5
6000,760.95,0.7287529468,2.5
6000,761,0.7287649479,2.5
6000,761.05,0.7287769401,2.5
6000,761.1,0.7287889232,2.5
6000,761.15,0.7288008974,2.5
6000,761.2,0.7288128626,2.5
6000,761.25,0.7288248189,2.5
6000,761.3,0.7288367662,2.5
6000,761.35,0.7288487046,2.5
6000,761.4,0.728860634,2.5
6000,761.45,0.7288725545,2.5
6000,761.5,0.7288844661,2.5
6000,761.55,0.7288963687,2.5
6000,761.6,0.7289082624,2.5
6000,761.65,0.7289201471,2.5
6000,761.7,0.728932023,2.5
6000,761.75,0.7289438899,2.5
6000,761.8,0.7289557479,2.5
6000,761.85,0.728967597,2.5
6000,761.9,0.7289794372,2.5
6000,761.95,0.7289912685,2.5
6000,762,0.7290030909,2.5
6000,762.05,0.7290149044,2.5
6000,762.1,0.7290267091,2.5
6000,762.15,0.7290385048,2.5
6000,762.2,0.7290502917,2.5
6000,762.25,0.7290620697,2.5
6000,762.3,0.7290738388,2.5
6000,762.35,0.729085599,2.5
6000,762.4,0.7290973504,2.5
6000,762.45,0.729109093,2.5
6000,762.5,0.7291208267,2.5
6000,762.55,0.7291325515,2.5
6000,762.6,0.7291442675,2.5
6000,762.65,0.7291559746,2.5
6000,762.7,0.7291676729,2.5
6000,762.75,0.7291793624,2.5
6000,762.8,0.729191043,2.5
6000,762.85,0.7292027148,2.5
6000,762.9,0.7292143778,2.5
6000,762.95,0.729226032,2.5
6000,763,0.7292376774,2.5
6000,763.05,0.7292493139,2.5
6000,763.1,0.7292609417,2.5
6000,763.15,0.7292725606,2.5
6000,763.2,0.7292841708,2.5
6000,763.25,0.7292957722,2.5
6000,763.3,0.7293073647,2.5
6000,763.35,0.7293189485,2.5
6000,763.4,0.7293305236,2.5
6000,763.45,0.7293420898,2.5
6000,763.5,0.7293536473,2.5
6000,763.55,0.729365196,2.5
6000,763.6,0.7293767359,2.5
6000,763.65,0.7293882671,2.5
6000,763.7,0.7293997895,2.5
6000,763.75,0.7294113032,2.5
6000,763.8,0.7294228081,2.5
6000,763.85,0.7294343043,2.5
6000,763.9,0.7294457917,2.5
6000,763.95,0.7294572704,2.5
6000,764,0.7294687404,2.5
6000,764.05,0.7294802017,2.5
6000,764.1,0.7294916542,2.5
6000,764.15,0.729503098,2.5
6000,764.2,0.7295145332,2.5
6000,764.25,0.7295259596,2.5
6000,764.3,0.7295373772,2.5
6000,764.35,0.7295487862,2.5
6000,764.4,0.7295601865,2.5
6000,764.45,0.7295715781,2.5
6000,764.5,0.7295829611,2.5
6000,764.55,0.7295943353,2.5
6000,764.6,0.7296057008,2.5
6000,764.65,0.7296170577,2.5
6000,764.7,0.7296284059,2.5
6000,764.75,0.7296397455,2.5
6000,764.8,0.7296510764,2.5
6000,764.85,0.7296623986,2.5
6000,764.9,0.7296737121,2.5
6000,764.95,0.7296850171,2.5
6000,765,0.7296963133,2.5
6000,765.05,0.7297076009,2.5
6000,765.1,0.7297188799,2.5
6000,765.15,0.7297301503,2.5
6000,765.2,0.729741412,2.5
6000,765.25,0.7297526651,2.5
6000,765.3,0.7297639096,2.5
6000,765.35,0.7297751455,2.5
6000,765.4,0.7297863727,2.5
6000,765.45,0.7297975914,2.5
6000,765.5,0.7298088014,2.5
6000,765.55,0.7298200028,2.5
6000,765.6,0.7298311957,2.5
6000,765.65,0.7298423799,2.5
6000,765.7,0.7298535556,2.5
6000,765.75,0.7298647227,2.5
6000,765.8,0.7298758812,2.5
6000,765.85,0.7298870311,2.5
6000,765.9,0.7298981724,2.5
6000,765.95,0.7299093052,2.5
6000,766,0.7299204294,2.5
6000,766.05,0.7299315451,2.5
6000,766.1,0.7299426522,2.5
6000,766.15,0.7299537508,2.5
6000,766.2,0.7299648408,2.5
6000,766.25,0.7299759223,2.5
6000,766.3,0.7299869952,2.5
6000,766.35,0.7299980596,2.5
6000,766.4,0.7300091155,2.5
6000,766.45,0.7300201628,2.5
6000,766.5,0.7300312017,2.5
6000,766.55,0.730042232,2.5
6000,766.6,0.7300532538,2.5
6000,766.65,0.7300642671,2.5
6000,766.7,0.7300752719,2.5
6000,766.75,0.7300862682,2.5
6000,766.8,0.730097256,2.5
6000,766.85,0.7301082353,2.5
6000,766.9,0.7301192061,2.5
6000,766.95,0.7301301684,2.5
6000,767,0.7301411223,2.5
6000,767.05,0.7301520677,2.5
6000,767.1,0.7301630046,2.5
6000,767.15,0.730173933,2.5
6000,767.2,0.730184853,2.5
6000,767.25,0.7301957645,2.5
6000,767.3,0.7302066676,2.5
6000,767.35,0.7302175622,2.5
6000,767.4,0.7302284484,2.5
6000,767.45,0.7302393261,2.5
6000,767.5,0.7302501954,2.5
6000,767.55,0.7302610563,2.5
6000,767.6,0.7302719088,2.5
6000,767.65,0.7302827528,2.5
6000,767.7,0.7302935884,2.5
6000,767.75,0.7303044156,2.5
6000,767.8,0.7303152343,2.5
6000,767.85,0.7303260447,2.5
6000,767.9,0.7303368467,2.5
6000,767.95,0.7303476402,2.5
6000,768,0.7303584254,2.5
6000,768.05,0.7303692022,2.5
6000,768.1,0.7303799706,2.5
6000,768.15,0.7303907306,2.5
6000,768.2,0.7304014822,2.5
6000,768.25,0.7304122255,2.5
6000,768.3,0.7304229604,2.5
6000,768.35,0.7304336869,2.5
6000,768.4,0.7304444051,2.5
6000,768.45,0.7304551149,2.5
6000,768.5,0.7304658163,2.5
6000,768.55,0.7304765094,2.5
6000,768.6,0.7304871942,2.5
6000,768.65,0.7304978706,2.5
6000,768.7,0.7305085387,2.5
6000,768.75,0.7305191985,2.5
6000,768.8,0.7305298499,2.5
6000,768.85,0.730540493,2.5
6000,768.9,0.7305511278,2.5
6000,768.95,0.7305617543,2.5
6000,769,0.7305723725,2.5
6000,769.05,0.7305829823,2.5
6000,769.1,0.7305935839,2.5
6000,769.15,0.7306041772,2.5
6000,769.2,0.7306147621,2.5
6000,769.25,0.7306253388,2.5
6000,769.3,0.7306359072,2.5
6000,769.35,0.7306464673,2.5
6000,769.4,0.7306570192,2.5
6000,769.45,0.7306675627,2.5
6000,769.5,0.730678098,2.5
6000,769.55,0.7306886251,2.5
6000,769.6,0.7306991439,2.5
6000,769.65,0.7307096544,2.5
6000,769.7,0.7307201567,2.5
6000,769.75,0.7307306507,2.5
6000,769.8,0.7307411365,2.5
6000,769.85,0.730751614,2.5
6000,769.9,0.7307620833,2.5
6000,769.95,0.7307725444,2.5
6000,770,0.7307829973,2.5
6000,770.05,0.7307934419,2.5
6000,770.1,0.7308038783,2.5
6000,770.15,0.7308143065,2.5
6000,770.2,0.7308247265,2.5
6000,770.25,0.7308351383,2.5
6000,770.3,0.7308455419,2.5
6000,770.35,0.7308559373,2.5
6000,770.4,0.7308663245,2.5
6000,770.45,0.7308767035,2.5
6000,770.5,0.7308870744,2.5
6000,770.55,0.730897437,2.5
6000,770.6,0.7309077915,2.5
6000,770.65,0.7309181378,2.5
6000,770.7,0.730928476,2.5
6000,770.75,0.7309388059,2.5
6000,770.8,0.7309491278,2.5
6000,770.85,0.7309594414,2.5
6000,770.9,0.730969747,2.5
6000,770.95,0.7309800443,2.5
6000,771,0.7309903336,2.5
6000,771.05,0.7310006147,2.5
6000,771.1,0.7310108876,2.5
6000,771.15,0.7310211525,2.5
6000,771.2,0.7310314092,2.5
6000,771.25,0.7310416578,2.5
6000,771.3,0.7310518983,2.5
6000,771.35,0.7310621306,2.5
6000,771.4,0.7310723549,2.5
6000,771.45,0.7310825711,2.5
6000,771.5,0.7310927791,2.5
6000,771.55,0.7311029791,2.5
6000,771.6,0.731113171,2.5
6000,771.65,0.7311233548,2.5
6000,771.7,0.7311335305,2.5
6000,771.75,0.7311436981,2.5
6000,771.8,0.7311538577,2.5
6000,771.85,0.7311640092,2.5
6000,771.9,0.7311741526,2.5
6000,771.95,0.7311842879,2.5
6000,772,0.7311944153,2.5
6000,772.05,0.7312045345,2.5
6000,772.1,0.7312146457,2.5
6000,772.15,0.7312247489,2.5
6000,772.2,0.731234844,2.5
6000,772.25,0.7312449311,2.5
6000,772.3,0.7312550102,2.5
6000,772.35,0.7312650812,2.5
6000,772.4,0.7312751442,2.5
6000,772.45,0.7312851992,2.5
6000,772.5,0.7312952462,2.5
6000,772.55,0.7313052852,2.5
6000,772.6,0.7313153161,2.5
6000,772.65,0.7313253391,2.5
6000,772.7,0.7313353541,2.5
6000,772.75,0.7313453611,2.5
6000,772.8,0.73135536,2.5
6000,772.85,0.7313653511,2.5
6000,772.9,0.7313753341,2.5
6000,772.95,0.7313853091,2.5
6000,773,0.7313952762,2.5
6000,773.05,0.7314052353,2.5
6000,773.1,0.7314151865,2.5
6000,773.15,0.7314251297,2.5
6000,773.2,0.7314350649,2.5
6000,773.25,0.7314449922,2.5
6000,773.3,0.7314549115,2.5
6000,773.35,0.7314648229,2.5
6000,773.4,0.7314747264,2.5
6000,773.45,0.7314846219,2.5
6000,773.5,0.7314945095,2.5
6000,773.55,0.7315043892,2.5
6000,773.6,0.7315142609,2.5
6000,773.65,0.7315241248,2.5
6000,773.7,0.7315339807,2.5
6000,773.75,0.7315438287,2.5
6000,773.8,0.7315536688,2.5
6000,773.85,0.7315635011,2.5
6000,773.9,0.7315733254,2.5
6000,773.95,0.7315831418,2.5
6000,774,0.7315929504,2.5
6000,774.05,0.731602751,2.5
6000,774.1,0.7316125438,2.5
6000,774.15,0.7316223287,2.5
6000,774.2,0.7316321058,2.5
6000,774.25,0.7316418749,2.5
6000,774.3,0.7316516363,2.5
6000,774.35,0.7316613897,2.5
6000,774.4,0.7316711353,2.5
6000,774.45,0.7316808731,2.5
6000,774.5,0.731690603,2.5
6000,774.55,0.7317003251,2.5
6000,774.6,0.7317100393,2.5
6000,774.65,0.7317197457,2.5
6000,774.7,0.7317294443,2.5
6000,774.75,0.7317391351,2.5
6000,774.8,0.731748818,2.5
6000,774.85,0.7317584931,2.5
6000,774.9,0.7317681605,2.5
6000,774.95,0.73177782,2.5
6000,775,0.7317874717,2.5
6000,775.05,0.7317971156,2.5
6000,775.1,0.7318067517,2.5
6000,775.15,0.7318163801,2.5
6000,775.2,0.7318260006,2.5
6000,775.25,0.7318356134,2.5
6000,775.3,0.7318452184,2.5
6000,775.35,0.7318548156,2.5
6000,775.4,0.731864405,2.5
6000,775.45,0.7318739867,2.5
6000,775.5,0.7318835606,2.5
6000,775.55,0.7318931268,2.5
6000,775.6,0.7319026852,2.5
6000,775.65,0.7319122359,2.5
6000,775.7,0.7319217789,2.5
6000,775.75,0.7319313141,2.5
6000,775.8,0.7319408415,2.5
6000,775.85,0.7319503613,2.5
6000,775.9,0.7319598733,2.5
6000,775.95,0.7319693776,2.5
6000,776,0.7319788741,2.5
6000,776.05,0.731988363,2.5
6000,776.1,0.7319978441,2.5
6000,776.15,0.7320073176,2.5
6000,776.2,0.7320167833,2.5
6000,776.25,0.7320262414,2.5
6000,776.3,0.7320356918,2.5
6000,776.35,0.7320451344,2.5
6000,776.4,0.7320545694,2.5
6000,776.45,0.7320639967,2.5
6000,776.5,0.7320734164,2.5
6000,776.55,0.7320828284,2.5
6000,776.6,0.7320922327,2.5
6000,776.65,0.7321016293,2.5
6000,776.7,0.7321110183,2.5
6000,776.75,0.7321203996,2.5
6000,776.8,0.7321297733,2.5
6000,776.85,0.7321391394,2.5
6000,776.9,0.7321484978,2.5
6000,776.95,0.7321578485,2.5
6000,777,0.7321671917,2.5
6000,777.05,0.7321765272,2.5
6000,777.1,0.7321858551,2.5
6000,777.15,0.7321951753,2.5
6000,777.2,0.732204488,2.5
6000,777.25,0.732213793,2.5
6000,777.3,0.7322230905,2.5
6000,777.35,0.7322323803,2.5
6000,777.4,0.7322416625,2.5
6000,777.45,0.7322509372,2.5
6000,777.5,0.7322602042,2.5
6000,777.55,0.7322694637,2.5
6000,777.6,0.7322787156,2.5
6000,777.65,0.7322879599,2.5
6000,777.7,0.7322971966,2.5
6000,777.75,0.7323064258,2.5
6000,777.8,0.7323156474,2.5
6000,777.85,0.7323248614,2.5
6000,777.9,0.7323340679,2.5
6000,777.95,0.7323432669,2.5
6000,778,0.7323524583,2.5
6000,778.05,0.7323616421,2.5
6000,778.1,0.7323708184,2.5
6000,778.15,0.7323799872,2.5
6000,778.2,0.7323891484,2.5
6000,778.25,0.7323983022,2.5
6000,778.3,0.7324074484,2.5
6000,778.35,0.7324165871,2.5
6000,778.4,0.7324257182,2.5
6000,778.45,0.7324348419,2.5
6000,778.5,0.7324439581,2.5
6000,778.55,0.7324530667,2.5
6000,778.6,0.7324621679,2.5
6000,778.65,0.7324712615,2.5
6000,778.7,0.7324803477,2.5
6000,778.75,0.7324894264,2.5
6000,778.8,0.7324984977,2.5
6000,778.85,0.7325075614,2.5
6000,778.9,0.7325166177,2.5
6000,778.95,0.7325256665,2.5
6000,779,0.7325347078,2.5
6000,779.05,0.7325437417,2.5
6000,779.1,0.7325527682,2.5
6000,779.15,0.7325617871,2.5
6000,779.2,0.7325707987,2.5
6000,779.25,0.7325798028,2.5
6000,779.3,0.7325887995,2.5
6000,779.35,0.7325977887,2.5
6000,779.4,0.7326067705,2.5
6000,779.45,0.7326157449,2.5
6000,779.5,0.7326247118,2.5
6000,779.55,0.7326336714,2.5
6000,779.6,0.7326426235,2.5
6000,779.65,0.7326515683,2.5
6000,779.7,0.7326605056,2.5
6000,779.75,0.7326694355,2.5
6000,779.8,0.732678358,2.5
6000,779.85,0.7326872732,2.5
6000,779.9,0.7326961809,2.5
6000,779.95,0.7327050813,2.5
6000,780,0.7327139743,2.5
6000,780.05,0.7327228599,2.5
6000,780.1,0.7327317382,2.5
6000,780.15,0.7327406091,2.5
6000,780.2,0.7327494726,2.5
6000,780.25,0.7327583288,2.5
6000,780.3,0.7327671776,2.5
6000,780.35,0.7327760191,2.5
6000,780.4,0.7327848532,2.5
6000,780.45,0.73279368,2.5
6000,780.5,0.7328024995,2.5
6000,780.55,0.7328113116,2.5
6000,780.6,0.7328201164,2.5
6000,780.65,0.7328289139,2.5
6000,780.7,0.732837704,2.5
6000,780.75,0.7328464869,2.5
6000,780.8,0.7328552624,2.5
6000,780.85,0.7328640307,2.5
6000,780.9,0.7328727916,2.5
6000,780.95,0.7328815452,2.5
6000,781,0.7328902916,2.5
6000,781.05,0.7328990306,2.5
6000,781.1,0.7329077624,2.5
6000,781.15,0.7329164869,2.5
6000,781.2,0.7329252041,2.5
6000,781.25,0.732933914,2.5
6000,781.3,0.7329426167,2.5
6000,781.35,0.7329513121,2.5
6000,781.4,0.7329600003,2.5
6000,781.45,0.7329686812,2.5
6000,781.5,0.7329773548,2.5
6000,781.55,0.7329860212,2.5
6000,781.6,0.7329946804,2.5
6000,781.65,0.7330033323,2.5
6000,781.7,0.733011977,2.5
6000,781.75,0.7330206144,2.5
6000,781.8,0.7330292447,2.5
6000,781.85,0.7330378677,2.5
6000,781.9,0.7330464835,2.5
6000,781.95,0.7330550921,2.5
6000,782,0.7330636934,2.5
6000,782.05,0.7330722876,2.5
6000,782.1,0.7330808746,2.5
6000,782.15,0.7330894543,2.5
6000,782.2,0.7330980269,2.5
6000,782.25,0.7331065923,2.5
6000,782.3,0.7331151505,2.5
6000,782.35,0.7331237016,2.5
6000,782.4,0.7331322454,2.5
6000,782.45,0.7331407821,2.5
6000,782.5,0.7331493116,2.5
6000,782.55,0.733157834,2.5
6000,782.6,0.7331663492,2.5
6000,782.65,0.7331748573,2.5
6000,782.7,0.7331833582,2.5
6000,782.75,0.7331918519,2.5
6000,782.8,0.7332003385,2.5
6000,782.85,0.733208818,2.5
6000,782.9,0.7332172904,2.5
6000,782.95,0.7332257556,2.5
6000,783,0.7332342137,2.5
6000,783.05,0.7332426646,2.5
6000,783.1,0.7332511085,2.5
6000,783.15,0.7332595453,2.5
6000,783.2,0.7332679749,2.5
6000,783.25,0.7332763974,2.5
6000,783.3,0.7332848129,2.5
6000,783.35,0.7332932212,2.5
6000,783.4,0.7333016225,2.5
6000,783.45,0.7333100166,2.5
6000,783.5,0.7333184037,2.5
6000,783.55,0.7333267837,2.5
6000,783.6,0.7333351567,2.5
6000,783.65,0.7333435225,2.5
6000,783.7,0.7333518813,2.5
6000,783.75,0.7333602331,2.5
6000,783.8,0.7333685778,2.5
6000,783.85,0.7333769154,2.5
6000,783.9,0.733385246,2.5
6000,783.95,0.7333935695,2.5
6000,784,0.733401886,2.5
6000,784.05,0.7334101955,2.5
6000,784.1,0.7334184979,2.5
6000,784.15,0.7334267933,2.5
6000,784.2,0.7334350817,2.5
6000,784.25,0.7334433631,2.5
6000,784.3,0.7334516374,2.5
6000,784.35,0.7334599047,2.5
6000,784.4,0.7334681651,2.5
6000,784.45,0.7334764184,2.5
6000,784.5,0.7334846647,2.5
6000,784.55,0.7334929041,2.5
6000,784.6,0.7335011364,2.5
6000,784.65,0.7335093618,2.5
6000,784.7,0.7335175802,2.5
6000,784.75,0.7335257916,2.5
6000,784.8,0.733533996,2.5
6000,784.85,0.7335421935,2.5
6000,784.9,0.733550384,2.5
6000,784.95,0.7335585675,2.5
6000,785,0.7335667441,2.5
6000,785.05,0.7335749137,2.5
6000,785.1,0.7335830764,2.5
6000,785.15,0.7335912321,2.5
6000,785.2,0.7335993809,2.5
6000,785.25,0.7336075228,2.5
6000,785.3,0.7336156578,2.5
6000,785.35,0.7336237858,2.5
6000,785.4,0.7336319068,2.5
6000,785.45,0.733640021,2.5
6000,785.5,0.7336481283,2.5
6000,785.55,0.7336562286,2.5
6000,785.6,0.7336643221,2.5
6000,785.65,0.7336724086,2.5
6000,785.7,0.7336804882,2.5
6000,785.75,0.733688561,2.5
6000,785.8,0.7336966268,2.5
6000,785.85,0.7337046858,2.5
6000,785.9,0.7337127379,2.5
6000,785.95,0.7337207831,2.5
6000,786,0.7337288215,2.5
6000,786.05,0.7337368529,2.5
6000,786.1,0.7337448776,2.5
6000,786.15,0.7337528953,2.5
6000,786.2,0.7337609062,2.5
6000,786.25,0.7337689103,2.5
6000,786.3,0.7337769075,2.5
6000,786.35,0.7337848978,2.5
6000,786.4,0.7337928813,2.5
6000,786.45,0.733800858,2.5
6000,786.5,0.7338088279,2.5
6000,786.55,0.7338167909,2.5
6000,786.6,0.7338247471,2.5
6000,786.65,0.7338326965,2.5
6000,786.7,0.733840639,2.5
6000,786.75,0.7338485748,2.5
6000,786.8,0.7338565038,2.5
6000,786.85,0.7338644259,2.5
6000,786.9,0.7338723413,2.5
6000,786.95,0.7338802498,2.5
6000,787,0.7338881516,2.5
6000,787.05,0.7338960466,2.5
6000,787.1,0.7339039348,2.5
6000,787.15,0.7339118163,2.5
6000,787.2,0.7339196909,2.5
6000,787.25,0.7339275588,2.5
6000,787.3,0.73393542,2.5
6000,787.35,0.7339432743,2.5
6000,787.4,0.7339511219,2.5
6000,787.45,0.7339589628,2.5
6000,787.5,0.7339667969,2.5
6000,787.55,0.7339746243,2.5
6000,787.6,0.7339824449,2.5
6000,787.65,0.7339902588,2.5
6000,787.7,0.733998066,2.5
6000,787.75,0.7340058665,2.5
6000,787.8,0.7340136602,2.5
6000,787.85,0.7340214472,2.5
6000,787.9,0.7340292275,2.5
6000,787.95,0.7340370011,2.5
6000,788,0.7340447679,2.5
6000,788.05,0.7340525281,2.5
6000,788.1,0.7340602816,2.5
6000,788.15,0.7340680284,2.5
6000,788.2,0.7340757685,2.5
6000,788.25,0.7340835019,2.5
6000,788.3,0.7340912286,2.5
6000,788.35,0.7340989487,2.5
6000,788.4,0.734106662,2.5
6000,788.45,0.7341143688,2.5
6000,788.5,0.7341220688,2.5
6000,788.55,0.7341297622,2.5
6000,788.6,0.7341374489,2.5
6000,788.65,0.734145129,2.5
6000,788.7,0.7341528024,2.5
6000,788.75,0.7341604692,2.5
6000,788.8,0.7341681294,2.5
6000,788.85,0.7341757829,2.5
6000,788.9,0.7341834298,2.5
6000,788.95,0.7341910701,2.5
6000,789,0.7341987037,2.5
6000,789.05,0.7342063307,2.5
6000,789.1,0.7342139511,2.5
6000,789.15,0.7342215649,2.5
6000,789.2,0.7342291721,2.5
6000,789.25,0.7342367727,2.5
6000,789.3,0.7342443667,2.5
6000,789.35,0.7342519541,2.5
6000,789.4,0.7342595349,2.5
6000,789.45,0.7342671091,2.5
6000,789.5,0.7342746767,2.5
6000,789.55,0.7342822378,2.5
6000,789.6,0.7342897923,2.5
6000,789.65,0.7342973402,2.5
6000,789.7,0.7343048815,2.5
6000,789.75,0.7343124163,2.5
6000,789.8,0.7343199446,2.5
6000,789.85,0.7343274663,2.5
6000,789.9,0.7343349814,2.5
6000,789.95,0.73434249,2.5
6000,790,0.734349992,2.5
6000,790.05,0.7343574876,2.5
6000,790.1,0.7343649765,2.5
6000,790.15,0.734372459,2.5
6000,790.2,0.7343799349,2.5
6000,790.25,0.7343874043,2.5
6000,790.3,0.7343948672,2.5
6000,790.35,0.7344023236,2.5
6000,790.4,0.7344097735,2.5
6000,790.45,0.7344172169,2.5
6000,790.5,0.7344246538,2.5
6000,790.55,0.7344320842,2.5
6000,790.6,0.7344395081,2.5
6000,790.65,0.7344469255,2.5
6000,790.7,0.7344543364,2.5
6000,790.75,0.7344617408,2.5
6000,790.8,0.7344691388,2.5
6000,790.85,0.7344765303,2.5
6000,790.9,0.7344839154,2.5
6000,790.95,0.7344912939,2.5
6000,791,0.734498666,2.5
6000,791.05,0.7345060317,2.5
6000,791.1,0.7345133909,2.5
6000,791.15,0.7345207437,2.5
6000,791.2,0.73452809,2.5
6000,791.25,0.7345354299,2.5
6000,791.3,0.7345427634,2.5
6000,791.35,0.7345500904,2.5
6000,791.4,0.734557411,2.5
6000,791.45,0.7345647252,2.5
6000,791.5,0.734572033,2.5
6000,791.55,0.7345793343,2.5
6000,791.6,0.7345866293,2.5
6000,791.65,0.7345939178,2.5
6000,791.7,0.7346012,2.5
6000,791.75,0.7346084757,2.5
6000,791.8,0.7346157451,2.5
6000,791.85,0.734623008,2.5
6000,791.9,0.7346302646,2.5
6000,791.95,0.7346375148,2.5
6000,792,0.7346447586,2.5
6000,792.05,0.7346519961,2.5
6000,792.1,0.7346592272,2.5
6000,792.15,0.7346664519,2.5
6000,792.2,0.7346736703,2.5
6000,792.25,0.7346808823,2.5
6000,792.3,0.7346880879,2.5
6000,792.35,0.7346952873,2.5
6000,792.4,0.7347024802,2.5
6000,792.45,0.7347096669,2.5
6000,792.5,0.7347168472,2.5
6000,792.55,0.7347240211,2.5
6000,792.6,0.7347311888,2.5
6000,792.65,0.7347383501,2.5
6000,792.7,0.7347455051,2.5
6000,792.75,0.7347526538,2.5
6000,792.8,0.7347597961,2.5
6000,792.85,0.7347669322,2.5
6000,792.9,0.734774062,2.5
6000,792.95,0.7347811854,2.5
6000,793,0.7347883026,2.5
6000,793.05,0.7347954135,2.5
6000,793.1,0.7348025181,2.5
6000,793.15,0.7348096164,2.5
6000,793.2,0.7348167084,2.5
6000,793.25,0.7348237942,2.5
6000,793.3,0.7348308737,2.5
6000,793.35,0.7348379469,2.5
6000,793.4,0.7348450139,2.5
6000,793.45,0.7348520746,2.5
6000,793.5,0.7348591291,2.5
6000,793.55,0.7348661773,2.5
6000,793.6,0.7348732192,2.5
6000,793.65,0.734880255,2.5
6000,793.7,0.7348872844,2.5
6000,793.75,0.7348943077,2.5
6000,793.8,0.7349013247,2.5
6000,793.85,0.7349083355,2.5
6000,793.9,0.7349153401,2.5
6000,793.95,0.7349223385,2.5
6000,794,0.7349293306,2.5
6000,794.05,0.7349363165,2.5
6000,794.1,0.7349432963,2.5
6000,794.15,0.7349502698,2.5
6000,794.2,0.7349572372,2.5
6000,794.25,0.7349641983,2.5
6000,794.3,0.7349711533,2.5
6000,794.35,0.734978102,2.5
6000,794.4,0.7349850446,2.5
6000,794.45,0.734991981,2.5
6000,794.5,0.7349989113,2.5
6000,794.55,0.7350058354,2.5
6000,794.6,0.7350127533,2.5
6000,794.65,0.735019665,2.5
6000,794.7,0.7350265706,2.5
6000,794.75,0.7350334701,2.5
6000,794.8,0.7350403634,2.5
6000,794.85,0.7350472505,2.5
6000,794.9,0.7350541315,2.5
6000,794.95,0.7350610064,2.5
6000,795,0.7350678752,2.5
6000,795.05,0.7350747378,2.5
6000,795.1,0.7350815943,2.5
6000,795.15,0.7350884447,2.5
6000,795.2,0.7350952889,2.5
6000,795.25,0.7351021271,2.5
6000,795.3,0.7351089591,2.5
6000,795.35,0.735115785,2.5
6000,795.4,0.7351226049,2.5
6000,795.45,0.7351294186,2.5
6000,795.5,0.7351362263,2.5
6000,795.55,0.7351430278,2.5
6000,795.6,0.7351498233,2.5
6000,795.65,0.7351566127,2.5
6000,795.7,0.735163396,2.5
6000,795.75,0.7351701733,2.5
6000,795.8,0.7351769445,2.5
6000,795.85,0.7351837096,2.5
6000,795.9,0.7351904687,2.5
6000,795.95,0.7351972217,2.5
6000,796,0.7352039686,2.5
6000,796.05,0.7352107095,2.5
6000,796.1,0.7352174444,2.5
6000,796.15,0.7352241732,2.5
6000,796.2,0.735230896,2.5
6000,796.25,0.7352376128,2.5
6000,796.3,0.7352443235,2.5
6000,796.35,0.7352510282,2.5
6000,796.4,0.7352577269,2.5
6000,796.45,0.7352644196,2.5
6000,796.5,0.7352711063,2.5
6000,796.55,0.7352777869,2.5
6000,796.6,0.7352844616,2.5
6000,796.65,0.7352911303,2.5
6000,796.7,0.7352977929,2.5
6000,796.75,0.7353044496,2.5
6000,796.8,0.7353111003,2.5
6000,796.85,0.735317745,2.5
6000,796.9,0.7353243837,2.5
6000,796.95,0.7353310165,2.5
6000,797,0.7353376432,2.5
6000,797.05,0.735344264,2.5
6000,797.1,0.7353508789,2.5
6000,797.15,0.7353574878,2.5
6000,797.2,0.7353640907,2.5
6000,797.25,0.7353706877,2.5
6000,797.3,0.7353772787,2.5
6000,797.35,0.7353838638,2.5
6000,797.4,0.735390443,2.5
6000,797.45,0.7353970162,2.5
6000,797.5,0.7354035835,2.5
6000,797.55,0.7354101448,2.5
6000,797.6,0.7354167003,2.5
6000,797.65,0.7354232498,2.5
6000,797.7,0.7354297934,2.5
6000,797.75,0.7354363311,2.5
6000,797.8,0.7354428629,2.5
6000,797.85,0.7354493887,2.5
6000,797.9,0.7354559087,2.5
6000,797.95,0.7354624228,2.5
6000,798,0.735468931,2.5
6000,798.05,0.7354754333,2.5
6000,798.1,0.7354819297,2.5
6000,798.15,0.7354884203,2.5
6000,798.2,0.7354949049,2.5
6000,798.25,0.7355013837,2.5
6000,798.3,0.7355078567,2.5
6000,798.35,0.7355143237,2.5
6000,798.4,0.7355207849,2.5
6000,798.45,0.7355272403,2.5
6000,798.5,0.7355336898,2.5
6000,798.55,0.7355401334,2.5
6000,798.6,0.7355465712,2.5
6000,798.65,0.7355530032,2.5
6000,798.7,0.7355594293,2.5
6000,798.75,0.7355658496,2.5
6000,798.8,0.7355722641,2.5
6000,798.85,0.7355786728,2.5
6000,798.9,0.7355850756,2.5
6000,798.95,0.7355914726,2.5
6000,799,0.7355978638,2.5
6000,799.05,0.7356042492,2.5
6000,799.1,0.7356106288,2.5
6000,799.15,0.7356170026,2.5
6000,799.2,0.7356233706,2.5
6000,799.25,0.7356297328,2.5
6000,799.3,0.7356360892,2.5
6000,799.35,0.7356424398,2.5
6000,799.4,0.7356487846,2.5
6000,799.45,0.7356551237,2.5
6000,799.5,0.735661457,2.5
6000,799.55,0.7356677845,2.5
6000,799.6,0.7356741063,2.5
6000,799.65,0.7356804223,2.5
6000,799.7,0.7356867326,2.5
6000,799.75,0.7356930371,2.5
6000,799.8,0.7356993358,2.5
6000,799.85,0.7357056288,2.5
6000,799.9,0.7357119161,2.5
6000,799.95,0.7357181976,2.5
6000,800,0.7357244734,2.5
6000,800.05,0.7357307434,2.5
6000,800.1,0.7357370078,2.5
6000,800.15,0.7357432664,2.5
6000,800.2,0.7357495193,2.5
6000,800.25,0.7357557664,2.5
6000,800.3,0.7357620079,2.5
6000,800.35,0.7357682437,2.5
6000,800.4,0.7357744737,2.5
6000,800.45,0.7357806981,2.5
6000,800.5,0.7357869168,2.5
6000,800.55,0.7357931298,2.5
6000,800.6,0.7357993371,2.5
6000,800.65,0.7358055387,2.5
6000,800.7,0.7358117346,2.5
6000,800.75,0.7358179249,2.5
6000,800.8,0.7358241095,2.5
6000,800.85,0.7358302884,2.5
6000,800.9,0.7358364616,2.5
6000,800.95,0.7358426293,2.5
6000,801,0.7358487912,2.5
6000,801.05,0.7358549475,2.5
6000,801.1,0.7358610981,2.5
6000,801.15,0.7358672432,2.5
6000,801.2,0.7358733825,2.5
6000,801.25,0.7358795163,2.5
6000,801.3,0.7358856444,2.5
6000,801.35,0.7358917668,2.5
6000,801.4,0.7358978837,2.5
6000,801.45,0.7359039949,2.5
6000,801.5,0.7359101005,2.5
6000,801.55,0.7359162005,2.5
6000,801.6,0.7359222949,2.5
6000,801.65,0.7359283837,2.5
6000,801.7,0.7359344669,2.5
6000,801.75,0.7359405445,2.5
6000,801.8,0.7359466165,2.5
6000,801.85,0.7359526829,2.5
6000,801.9,0.7359587437,2.5
6000,801.95,0.735964799,2.5
6000,802,0.7359708487,2.5
6000,802.05,0.7359768928,2.5
6000,802.1,0.7359829313,2.5
6000,802.15,0.7359889642,2.5
6000,802.2,0.7359949916,2.5
6000,802.25,0.7360010135,2.5
6000,802.3,0.7360070298,2.5
6000,802.35,0.7360130405,2.5
6000,802.4,0.7360190457,2.5
6000,802.45,0.7360250454,2.5
6000,802.5,0.7360310395,2.5
6000,802.55,0.7360370281,2.5
6000,802.6,0.7360430111,2.5
6000,802.65,0.7360489886,2.5
6000,802.7,0.7360549606,2.5
6000,802.75,0.7360609271,2.5
6000,802.8,0.7360668881,2.5
6000,802.85,0.7360728435,2.5
6000,802.9,0.7360787935,2.5
6000,802.95,0.7360847379,2.5
6000,803,0.7360906769,2.5
6000,803.05,0.7360966103,2.5
6000,803.1,0.7361025383,2.5
6000,803.15,0.7361084608,2.5
6000,803.2,0.7361143778,2.5
6000,803.25,0.7361202893,2.5
6000,803.3,0.7361261953,2.5
6000,803.35,0.7361320958,2.5
6000,803.4,0.7361379909,2.5
6000,803.45,0.7361438806,2.5
6000,803.5,0.7361497647,2.5
6000,803.55,0.7361556434,2.5
6000,803.6,0.7361615167,2.5
6000,803.65,0.7361673845,2.5
6000,803.7,0.7361732468,2.5
6000,803.75,0.7361791038,2.5
6000,803.8,0.7361849552,2.5
6000,803.85,0.7361908013,2.5
6000,803.9,0.7361966419,2.5
6000,803.95,0.7362024771,2.5
6000,804,0.7362083068,2.5
6000,804.05,0.7362141312,2.5
6000,804.1,0.7362199501,2.5
6000,804.15,0.7362257636,2.5
6000,804.2,0.7362315718,2.5
6000,804.25,0.7362373745,2.5
6000,804.3,0.7362431718,2.5
6000,804.35,0.7362489637,2.5
6000,804.4,0.7362547502,2.5
6000,804.45,0.7362605313,2.5
6000,804.5,0.7362663071,2.5
6000,804.55,0.7362720775,2.5
6000,804.6,0.7362778425,2.5
6000,804.65,0.7362836021,2.5
6000,804.7,0.7362893563,2.5
6000,804.75,0.7362951052,2.5
6000,804.8,0.7363008487,2.5
6000,804.85,0.7363065869,2.5
6000,804.9,0.7363123197,2.5
6000,804.95,0.7363180472,2.5
6000,805,0.7363237693,2.5
6000,805.05,0.7363294861,2.5
6000,805.1,0.7363351975,2.5
6000,805.15,0.7363409036,2.5
6000,805.2,0.7363466044,2.5
6000,805.25,0.7363522998,2.5
6000,805.3,0.7363579899,2.5
6000,805.35,0.7363636747,2.5
6000,805.4,0.7363693542,2.5
6000,805.45,0.7363750284,2.5
6000,805.5,0.7363806973,2.5
6000,805.55,0.7363863608,2.5
6000,805.6,0.7363920191,2.5
6000,805.65,0.736397672,2.5
6000,805.7,0.7364033197,2.5
6000,805.75,0.7364089621,2.5
6000,805.8,0.7364145992,2.5
6000,805.85,0.736420231,2.5
6000,805.9,0.7364258575,2.5
6000,805.95,0.7364314788,2.5
6000,806,0.7364370948,2.5
6000,806.05,0.7364427055,2.5
6000,806.1,0.736448311,2.5
6000,806.15,0.7364539112,2.5
6000,806.2,0.7364595061,2.5
6000,806.25,0.7364650958,2.5
6000,806.3,0.7364706803,2.5
6000,806.35,0.7364762595,2.5
6000,806.4,0.7364818334,2.5
6000,806.45,0.7364874022,2.5
6000,806.5,0.7364929657,2.5
6000,806.55,0.7364985239,2.5
6000,806.6,0.736504077,2.5
6000,806.65,0.7365096248,2.5
6000,806.7,0.7365151674,2.5
6000,806.75,0.7365207048,2.5
6000,806.8,0.736526237,2.5
6000,806.85,0.736531764,2.5
6000,806.9,0.7365372857,2.5
6000,806.95,0.7365428023,2.5
6000,807,0.7365483137,2.5
6000,807.05,0.7365538199,2.5
6000,807.1,0.7365593209,2.5
6000,807.15,0.7365648167,2.5
6000,807.2,0.7365703073,2.5
6000,807.25,0.7365757928,2.5
6000,807.3,0.7365812731,2.5
6000,807.35,0.7365867482,2.5
6000,807.4,0.7365922181,2.5
6000,807.45,0.7365976829,2.5
6000,807.5,0.7366031426,2.5
6000,807.55,0.7366085971,2.5
6000,807.6,0.7366140464,2.5
6000,807.65,0.7366194906,2.5
6000,807.7,0.7366249296,2.5
6000,807.75,0.7366303635,2.5
6000,807.8,0.7366357923,2.5
6000,807.85,0.7366412159,2.5
6000,807.9,0.7366466345,2.5
6000,807.95,0.7366520478,2.5
6000,808,0.7366574561,2.5
6000,808.05,0.7366628593,2.5
6000,808.1,0.7366682573,2.5
6000,808.15,0.7366736502,2.5
6000,808.2,0.7366790381,2.5
6000,808.25,0.7366844208,2.5
6000,808.3,0.7366897984,2.5
6000,808.35,0.7366951709,2.5
6000,808.4,0.7367005384,2.5
6000,808.45,0.7367059007,2.5
6000,808.5,0.736711258,2.5
6000,808.55,0.7367166102,2.5
6000,808.6,0.7367219573,2.5
6000,808.65,0.7367272994,2.5
6000,808.7,0.7367326364,2.5
6000,808.75,0.7367379683,2.5
6000,808.8,0.7367432951,2.5
6000,808.85,0.7367486169,2.5
6000,808.9,0.7367539337,2.5
6000,808.95,0.7367592454,2.5
6000,809,0.736764552,2.5
6000,809.05,0.7367698536,2.5
6000,809.1,0.7367751502,2.5
6000,809.15,0.7367804417,2.5
6000,809.2,0.7367857282,2.5
6000,809.25,0.7367910097,2.5
6000,809.3,0.7367962861,2.5
6000,809.35,0.7368015576,2.5
6000,809.4,0.736806824,2.5
6000,809.45,0.7368120854,2.5
6000,809.5,0.7368173418,2.5
6000,809.55,0.7368225932,2.5
6000,809.6,0.7368278396,2.5
6000,809.65,0.736833081,2.5
6000,809.7,0.7368383174,2.5
6000,809.75,0.7368435488,2.5
6000,809.8,0.7368487752,2.5
6000,809.85,0.7368539966,2.5
6000,809.9,0.7368592131,2.5
6000,809.95,0.7368644246,2.5
6000,810,0.7368696311,2.5
6000,810.05,0.7368748326,2.5
6000,810.1,0.7368800292,2.5
6000,810.15,0.7368852208,2.5
6000,810.2,0.7368904075,2.5
6000,810.25,0.7368955892,2.5
6000,810.3,0.7369007659,2.5
6000,810.35,0.7369059377,2.5
6000,810.4,0.7369111046,2.5
6000,810.45,0.7369162665,2.5
6000,810.5,0.7369214235,2.5
6000,810.55,0.7369265756,2.5
6000,810.6,0.7369317227,2.5
6000,810.65,0.7369368649,2.5
6000,810.7,0.7369420022,2.5
6000,810.75,0.7369471346,2.5
6000,810.8,0.736952262,2.5
6000,810.85,0.7369573846,2.5
6000,810.9,0.7369625022,2.5
6000,810.95,0.7369676149,2.5
6000,811,0.7369727228,2.5
6000,811.05,0.7369778257,2.5
6000,811.1,0.7369829238,2.5
6000,811.15,0.7369880169,2.5
6000,811.2,0.7369931052,2.5
6000,811.25,0.7369981886,2.5
6000,811.3,0.7370032671,2.5
6000,811.35,0.7370083408,2.5
6000,811.4,0.7370134096,2.5
6000,811.45,0.7370184735,2.5
6000,811.5,0.7370235325,2.5
6000,811.55,0.7370285867,2.5
6000,811.6,0.737033636,2.5
6000,811.65,0.7370386805,2.5
6000,811.7,0.7370437202,2.5
6000,811.75,0.737048755,2.5
6000,811.8,0.7370537849,2.5
6000,811.85,0.73705881,2.5
6000,811.9,0.7370638303,2.5
6000,811.95,0.7370688458,2.5
6000,812,0.7370738564,2.5
6000,812.05,0.7370788622,2.5
6000,812.1,0.7370838632,2.5
6000,812.15,0.7370888593,2.5
6000,812.2,0.7370938507,2.5
6000,812.25,0.7370988372,2.5
6000,812.3,0.737103819,2.5
6000,812.35,0.7371087959,2.5
6000,812.4,0.7371137681,2.5
6000,812.45,0.7371187354,2.5
6000,812.5,0.737123698,2.5
6000,812.55,0.7371286558,2.5
6000,812.6,0.7371336088,2.5
6000,812.65,0.737138557,2.5
6000,812.7,0.7371435004,2.5
6000,812.75,0.7371484391,2.5
6000,812.8,0.737153373,2.5
6000,812.85,0.7371583021,2.5
6000,812.9,0.7371632265,2.5
6000,812.95,0.7371681461,2.5
6000,813,0.7371730609,2.5
6000,813.05,0.737177971,2.5
6000,813.1,0.7371828764,2.5
6000,813.15,0.737187777,2.5
6000,813.2,0.7371926729,2.5
6000,813.25,0.737197564,2.5
6000,813.3,0.7372024504,2.5
6000,813.35,0.7372073321,2.5
6000,813.4,0.7372122091,2.5
6000,813.45,0.7372170813,2.5
6000,813.5,0.7372219488,2.5
6000,813.55,0.7372268116,2.5
6000,813.6,0.7372316697,2.5
6000,813.65,0.7372365231,2.5
6000,813.7,0.7372413717,2.5
6000,813.75,0.7372462157,2.5
6000,813.8,0.737251055,2.5
6000,813.85,0.7372558896,2.5
6000,813.9,0.7372607195,2.5
6000,813.95,0.7372655447,2.5
6000,814,0.7372703652,2.5
6000,814.05,0.737275181,2.5
6000,814.1,0.7372799922,2.5
6000,814.15,0.7372847987,2.5
6000,814.2,0.7372896005,2.5
6000,814.25,0.7372943977,2.5
6000,814.3,0.7372991902,2.5
6000,814.35,0.737303978,2.5
6000,814.4,0.7373087612,2.5
6000,814.45,0.7373135398,2.5
6000,814.5,0.7373183137,2.5
6000,814.55,0.7373230829,2.5
6000,814.6,0.7373278475,2.5
6000,814.65,0.7373326075,2.5
6000,814.7,0.7373373628,2.5
6000,814.75,0.7373421135,2.5
6000,814.8,0.7373468596,2.5
6000,814.85,0.7373516011,2.5
6000,814.9,0.7373563379,2.5
6000,814.95,0.7373610701,2.5
6000,815,0.7373657977,2.5
6000,815.05,0.7373705207,2.5
6000,815.1,0.7373752391,2.5
6000,815.15,0.7373799529,2.5
6000,815.2,0.7373846621,2.5
6000,815.25,0.7373893667,2.5
6000,815.3,0.7373940668,2.5
6000,815.35,0.7373987622,2.5
6000,815.4,0.737403453,2.5
6000,815.45,0.7374081393,2.5
6000,815.5,0.737412821,2.5
6000,815.55,0.7374174981,2.5
6000,815.6,0.7374221706,2.5
6000,815.65,0.7374268386,2.5
6000,815.7,0.737431502,2.5
6000,815.75,0.7374361609,2.5
6000,815.8,0.7374408152,2.5
6000,815.85,0.7374454649,2.5
6000,815.9,0.7374501101,2.5
6000,815.95,0.7374547508,2.5
6000,816,0.7374593869,2.5
6000,816.05,0.7374640185,2.5
6000,816.1,0.7374686455,2.5
6000,816.15,0.737473268,2.5
6000,816.2,0.737477886,2.5
6000,816.25,0.7374824994,2.5
6000,816.3,0.7374871084,2.5
6000,816.35,0.7374917128,2.5
6000,816.4,0.7374963127,2.5
6000,816.45,0.7375009081,2.5
6000,816.5,0.737505499,2.5
6000,816.55,0.7375100853,2.5
6000,816.6,0.7375146672,2.5
6000,816.65,0.7375192446,2.5
6000,816.7,0.7375238175,2.5
6000,816.75,0.7375283859,2.5
6000,816.8,0.7375329498,2.5
6000,816.85,0.7375375093,2.5
6000,816.9,0.7375420642,2.5
6000,816.95,0.7375466147,2.5
6000,817,0.7375511607,2.5
6000,817.05,0.7375557022,2.5
6000,817.1,0.7375602393,2.5
6000,817.15,0.7375647719,2.5
6000,817.2,0.7375693001,2.5
6000,817.25,0.7375738238,2.5
6000,817.3,0.737578343,2.5
6000,817.35,0.7375828578,2.5
6000,817.4,0.7375873682,2.5
6000,817.45,0.7375918741,2.5
6000,817.5,0.7375963756,2.5
6000,817.55,0.7376008726,2.5
6000,817.6,0.7376053652,2.5
6000,817.65,0.7376098534,2.5
6000,817.7,0.7376143372,2.5
6000,817.75,0.7376188165,2.5
6000,817.8,0.7376232914,2.5
6000,817.85,0.737627762,2.5
6000,817.9,0.7376322281,2.5
6000,817.95,0.7376366898,2.5
6000,818,0.737641147,2.5
6000,818.05,0.7376455999,2.5
6000,818.1,0.7376500484,2.5
6000,818.15,0.7376544925,2.5
6000,818.2,0.7376589322,2.5
6000,818.25,0.7376633676,2.5
6000,818.3,0.7376677985,2.5
6000,818.35,0.7376722251,2.5
6000,818.4,0.7376766473,2.5
6000,818.45,0.7376810651,2.5
6000,818.5,0.7376854785,2.5
6000,818.55,0.7376898876,2.5
6000,818.6,0.7376942923,2.5
6000,818.65,0.7376986927,2.5
6000,818.7,0.7377030887,2.5
6000,818.75,0.7377074804,2.5
6000,818.8,0.7377118677,2.5
6000,818.85,0.7377162506,2.5
6000,818.9,0.7377206292,2.5
6000,818.95,0.7377250035,2.5
6000,819,0.7377293735,2.5
6000,819.05,0.7377337391,2.5
6000,819.1,0.7377381004,2.5
6000,819.15,0.7377424573,2.5
6000,819.2,0.73774681,2.5
6000,819.25,0.7377511583,2.5
6000,819.3,0.7377555023,2.5
6000,819.35,0.737759842,2.5
6000,819.4,0.7377641774,2.5
6000,819.45,0.7377685085,2.5
6000,819.5,0.7377728353,2.5
6000,819.55,0.7377771578,2.5
6000,819.6,0.737781476,2.5
6000,819.65,0.7377857899,2.5
6000,819.7,0.7377900995,2.5
6000,819.75,0.7377944048,2.5
6000,819.8,0.7377987059,2.5
6000,819.85,0.7378030027,2.5
6000,819.9,0.7378072952,2.5
6000,819.95,0.7378115834,2.5
6000,820,0.7378158674,2.5
6000,820.05,0.7378201471,2.5
6000,820.1,0.7378244225,2.5
6000,820.15,0.7378286937,2.5
6000,820.2,0.7378329606,2.5
6000,820.25,0.7378372233,2.5
6000,820.3,0.7378414817,2.5
6000,820.35,0.7378457359,2.5
6000,820.4,0.7378499859,2.5
6000,820.45,0.7378542316,2.5
6000,820.5,0.737858473,2.5
6000,820.55,0.7378627103,2.5
6000,820.6,0.7378669433,2.5
6000,820.65,0.7378711721,2.5
6000,820.7,0.7378753967,2.5
6000,820.75,0.7378796171,2.5
6000,820.8,0.7378838332,2.5
6000,820.85,0.7378880452,2.5
6000,820.9,0.7378922529,2.5
6000,820.95,0.7378964564,2.5
6000,821,0.7379006557,2.5
6000,821.05,0.7379048509,2.5
6000,821.1,0.7379090418,2.5
6000,821.15,0.7379132286,2.5
6000,821.2,0.7379174111,2.5
6000,821.25,0.7379215895,2.5
6000,821.3,0.7379257637,2.5
6000,821.35,0.7379299337,2.5
6000,821.4,0.7379340996,2.5
6000,821.45,0.7379382613,2.5
6000,821.5,0.7379424188,2.5
6000,821.55,0.7379465721,2.5
6000,821.6,0.7379507213,2.5
6000,821.65,0.7379548664,2.5
6000,821.7,0.7379590072,2.5
6000,821.75,0.737963144,2.5
6000,821.8,0.7379672766,2.5
6000,821.85,0.737971405,2.5
6000,821.9,0.7379755293,2.5
6000,821.95,0.7379796495,2.5
6000,822,0.7379837655,2.5
6000,822.05,0.7379878774,2.5
6000,822.1,0.7379919852,2.5
6000,822.15,0.7379960888,2.5
6000,822.2,0.7380001884,2.5
6000,822.25,0.7380042838,2.5
6000,822.3,0.7380083751,2.5
6000,822.35,0.7380124623,2.5
6000,822.4,0.7380165453,2.5
6000,822.45,0.7380206243,2.5
6000,822.5,0.7380246992,2.5
6000,822.55,0.73802877,2.5
6000,822.6,0.7380328367,2.5
6000,822.65,0.7380368993,2.5
6000,822.7,0.7380409578,2.5
6000,822.75,0.7380450122,2.5
6000,822.8,0.7380490626,2.5
6000,822.85,0.7380531088,2.5
6000,822.9,0.738057151,2.5
6000,822.95,0.7380611891,2.5
6000,823,0.7380652232,2.5
6000,823.05,0.7380692532,2.5
6000,823.1,0.7380732791,2.5
6000,823.15,0.738077301,2.5
6000,823.2,0.7380813188,2.5
6000,823.25,0.7380853326,2.5
6000,823.3,0.7380893423,2.5
6000,823.35,0.738093348,2.5
6000,823.4,0.7380973496,2.5
6000,823.45,0.7381013472,2.5
6000,823.5,0.7381053408,2.5
6000,823.55,0.7381093303,2.5
6000,823.6,0.7381133158,2.5
6000,823.65,0.7381172973,2.5
6000,823.7,0.7381212747,2.5
6000,823.75,0.7381252482,2.5
6000,823.8,0.7381292176,2.5
6000,823.85,0.738133183,2.5
6000,823.9,0.7381371444,2.5
6000,823.95,0.7381411018,2.5
6000,824,0.7381450552,2.5
6000,824.05,0.7381490046,2.5
6000,824.1,0.7381529499,2.5
6000,824.15,0.7381568914,2.5
6000,824.2,0.7381608288,2.5
6000,824.25,0.7381647622,2.5
6000,824.3,0.7381686916,2.5
6000,824.35,0.7381726171,2.5
6000,824.4,0.7381765386,2.5
6000,824.45,0.7381804561,2.5
6000,824.5,0.7381843696,2.5
6000,824.55,0.7381882792,2.5
6000,824.6,0.7381921848,2.5
6000,824.65,0.7381960865,2.5
6000,824.7,0.7381999842,2.5
6000,824.75,0.7382038779,2.5
6000,824.8,0.7382077677,2.5
6000,824.85,0.7382116536,2.5
6000,824.9,0.7382155355,2.5
6000,824.95,0.7382194134,2.5
6000,825,0.7382232875,2.5
6000,825.05,0.7382271575,2.5
6000,825.1,0.7382310237,2.5
6000,825.15,0.7382348859,2.5
6000,825.2,0.7382387442,2.5
6000,825.25,0.7382425986,2.5
6000,825.3,0.7382464491,2.5
6000,825.35,0.7382502956,2.5
6000,825.4,0.7382541383,2.5
6000,825.45,0.738257977,2.5
6000,825.5,0.7382618118,2.5
6000,825.55,0.7382656427,2.5
6000,825.6,0.7382694697,2.5
6000,825.65,0.7382732929,2.5
6000,825.7,0.7382771121,2.5
6000,825.75,0.7382809274,2.5
6000,825.8,0.7382847389,2.5
6000,825.85,0.7382885464,2.5
6000,825.9,0.7382923501,2.5
6000,825.95,0.7382961499,2.5
6000,826,0.7382999459,2.5
6000,826.05,0.738303738,2.5
6000,826.1,0.7383075262,2.5
6000,826.15,0.7383113105,2.5
6000,826.2,0.738315091,2.5
6000,826.25,0.7383188676,2.5
6000,826.3,0.7383226403,2.5
6000,826.35,0.7383264092,2.5
6000,826.4,0.7383301743,2.5
6000,826.45,0.7383339355,2.5
6000,826.5,0.7383376929,2.5
6000,826.55,0.7383414464,2.5
6000,826.6,0.7383451961,2.5
6000,826.65,0.738348942,2.5
6000,826.7,0.738352684,2.5
6000,826.75,0.7383564222,2.5
6000,826.8,0.7383601566,2.5
6000,826.85,0.7383638872,2.5
6000,826.9,0.7383676139,2.5
6000,826.95,0.7383713369,2.5
6000,827,0.738375056,2.5
6000,827.05,0.7383787713,2.5
6000,827.1,0.7383824828,2.5
6000,827.15,0.7383861905,2.5
6000,827.2,0.7383898945,2.5
6000,827.25,0.7383935946,2.5
6000,827.3,0.7383972909,2.5
6000,827.35,0.7384009834,2.5
6000,827.4,0.7384046722,2.5
6000,827.45,0.7384083572,2.5
6000,827.5,0.7384120383,2.5
6000,827.55,0.7384157158,2.5
6000,827.6,0.7384193894,2.5
6000,827.65,0.7384230593,2.5
6000,827.7,0.7384267254,2.5
6000,827.75,0.7384303877,2.5
6000,827.8,0.7384340463,2.5
6000,827.85,0.7384377011,2.5
6000,827.9,0.7384413522,2.5
6000,827.95,0.7384449995,2.5
6000,828,0.7384486431,2.5
6000,828.05,0.7384522829,2.5
6000,828.1,0.738455919,2.5
6000,828.15,0.7384595513,2.5
6000,828.2,0.7384631799,2.5
6000,828.25,0.7384668048,2.5
6000,828.3,0.738470426,2.5
6000,828.35,0.7384740434,2.5
6000,828.4,0.7384776571,2.5
6000,828.45,0.7384812671,2.5
6000,828.5,0.7384848733,2.5
6000,828.55,0.7384884759,2.5
6000,828.6,0.7384920747,2.5
6000,828.65,0.7384956698,2.5
6000,828.7,0.7384992612,2.5
6000,828.75,0.738502849,2.5
6000,828.8,0.738506433,2.5
6000,828.85,0.7385100133,2.5
6000,828.9,0.7385135899,2.5
6000,828.95,0.7385171629,2.5
6000,829,0.7385207321,2.5
6000,829.05,0.7385242977,2.5
6000,829.1,0.7385278596,2.5
6000,829.15,0.7385314178,2.5
6000,829.2,0.7385349724,2.5
6000,829.25,0.7385385233,2.5
6000,829.3,0.7385420705,2.5
6000,829.35,0.738545614,2.5
6000,829.4,0.7385491539,2.5
6000,829.45,0.7385526901,2.5
6000,829.5,0.7385562227,2.5
6000,829.55,0.7385597516,2.5
6000,829.6,0.7385632768,2.5
6000,829.65,0.7385667985,2.5
6000,829.7,0.7385703164,2.5
6000,829.75,0.7385738308,2.5
6000,829.8,0.7385773415,2.5
6000,829.85,0.7385808485,2.5
6000,829.9,0.738584352,2.5
6000,829.95,0.7385878518,2.5
6000,830,0.738591348,2.5
6000,830.05,0.7385948405,2.5
6000,830.1,0.7385983295,2.5
6000,830.15,0.7386018148,2.5
6000,830.2,0.7386052965,2.5
6000,830.25,0.7386087746,2.5
6000,830.3,0.7386122491,2.5
6000,830.35,0.73861572,2.5
6000,830.4,0.7386191873,2.5
6000,830.45,0.738622651,2.5
6000,830.5,0.7386261111,2.5
6000,830.55,0.7386295676,2.5
6000,830.6,0.7386330205,2.5
6000,830.65,0.7386364698,2.5
6000,830.7,0.7386399156,2.5
6000,830.75,0.7386433577,2.5
6000,830.8,0.7386467963,2.5
6000,830.85,0.7386502313,2.5
6000,830.9,0.7386536628,2.5
6000,830.95,0.7386570907,2.5
6000,831,0.738660515,2.5
6000,831.05,0.7386639358,2.5
6000,831.1,0.738667353,2.5
6000,831.15,0.7386707666,2.5
6000,831.2,0.7386741767,2.5
6000,831.25,0.7386775832,2.5
6000,831.3,0.7386809862,2.5
6000,831.35,0.7386843857,2.5
6000,831.4,0.7386877816,2.5
6000,831.45,0.738691174,2.5
6000,831.5,0.7386945628,2.5
6000,831.55,0.7386979481,2.5
6000,831.6,0.7387013299,2.5
6000,831.65,0.7387047082,2.5
6000,831.7,0.7387080829,2.5
6000,831.75,0.7387114541,2.5
6000,831.8,0.7387148218,2.5
6000,831.85,0.738718186,2.5
6000,831.9,0.7387215467,2.5
6000,831.95,0.7387249038,2.5
6000,832,0.7387282575,2.5
6000,832.05,0.7387316077,2.5
6000,832.1,0.7387349543,2.5
6000,832.15,0.7387382975,2.5
6000,832.2,0.7387416372,2.5
6000,832.25,0.7387449734,2.5
6000,832.3,0.7387483061,2.5
6000,832.35,0.7387516353,2.5
6000,832.4,0.738754961,2.5
6000,832.45,0.7387582833,2.5
6000,832.5,0.738761602,2.5
6000,832.55,0.7387649174,2.5
6000,832.6,0.7387682292,2.5
6000,832.65,0.7387715376,2.5
6000,832.7,0.7387748425,2.5
6000,832.75,0.7387781439,2.5
6000,832.8,0.7387814419,2.5
6000,832.85,0.7387847365,2.5
6000,832.9,0.7387880276,2.5
6000,832.95,0.7387913152,2.5
6000,833,0.7387945994,2.5
6000,833.05,0.7387978802,2.5
6000,833.1,0.7388011575,2.5
6000,833.15,0.7388044314,2.5
6000,833.2,0.7388077018,2.5
6000,833.25,0.7388109688,2.5
6000,833.3,0.7388142324,2.5
6000,833.35,0.7388174926,2.5
6000,833.4,0.7388207493,2.5
6000,833.45,0.7388240027,2.5
6000,833.5,0.7388272526,2.5
6000,833.55,0.7388304991,2.5
6000,833.6,0.7388337422,2.5
6000,833.65,0.7388369818,2.5
6000,833.7,0.7388402181,2.5
6000,833.75,0.738843451,2.5
6000,833.8,0.7388466805,2.5
6000,833.85,0.7388499065,2.5
6000,833.9,0.7388531292,2.5
6000,833.95,0.7388563485,2.5
6000,834,0.7388595644,2.5
6000,834.05,0.738862777,2.5
6000,834.1,0.7388659861,2.5
6000,834.15,0.7388691919,2.5
6000,834.2,0.7388723943,2.5
6000,834.25,0.7388755933,2.5
6000,834.3,0.738878789,2.5
6000,834.35,0.7388819813,2.5
6000,834.4,0.7388851702,2.5
6000,834.45,0.7388883558,2.5
6000,834.5,0.738891538,2.5
6000,834.55,0.7388947168,2.5
6000,834.6,0.7388978923,2.5
6000,834.65,0.7389010645,2.5
6000,834.7,0.7389042333,2.5
6000,834.75,0.7389073987,2.5
6000,834.8,0.7389105609,2.5
6000,834.85,0.7389137196,2.5
6000,834.9,0.7389168751,2.5
6000,834.95,0.7389200272,2.5
6000,835,0.738923176,2.5
6000,835.05,0.7389263215,2.5
6000,835.1,0.7389294636,2.5
6000,835.15,0.7389326024,2.5
6000,835.2,0.738935738,2.5
6000,835.25,0.7389388701,2.5
6000,835.3,0.738941999,2.5
6000,835.35,0.7389451246,2.5
6000,835.4,0.7389482469,2.5
6000,835.45,0.7389513658,2.5
6000,835.5,0.7389544815,2.5
6000,835.55,0.7389575939,2.5
6000,835.6,0.7389607029,2.5
6000,835.65,0.7389638087,2.5
6000,835.7,0.7389669112,2.5
6000,835.75,0.7389700104,2.5
6000,835.8,0.7389731063,2.5
6000,835.85,0.738976199,2.5
6000,835.9,0.7389792884,2.5
6000,835.95,0.7389823744,2.5
6000,836,0.7389854573,2.5
6000,836.05,0.7389885368,2.5
6000,836.1,0.7389916131,2.5
6000,836.15,0.7389946861,2.5
6000,836.2,0.7389977559,2.5
6000,836.25,0.7390008224,2.5
6000,836.3,0.7390038857,2.5
6000,836.35,0.7390069457,2.5
6000,836.4,0.7390100024,2.5
6000,836.45,0.7390130559,2.5
6000,836.5,0.7390161062,2.5
6000,836.55,0.7390191532,2.5
6000,836.6,0.739022197,2.5
6000,836.65,0.7390252376,2.5
6000,836.7,0.7390282749,2.5
6000,836.75,0.739031309,2.5
6000,836.8,0.7390343398,2.5
6000,836.85,0.7390373675,2.5
6000,836.9,0.7390403919,2.5
6000,836.95,0.7390434131,2.5
6000,837,0.7390464311,2.5
6000,837.05,0.7390494459,2.5
6000,837.1,0.7390524575,2.5
6000,837.15,0.7390554658,2.5
6000,837.2,0.739058471,2.5
6000,837.25,0.7390614729,2.5
6000,837.3,0.7390644717,2.5
6000,837.35,0.7390674673,2.5
6000,837.4,0.7390704596,2.5
6000,837.45,0.7390734488,2.5
6000,837.5,0.7390764348,2.5
6000,837.55,0.7390794176,2.5
6000,837.6,0.7390823973,2.5
6000,837.65,0.7390853737,2.5
6000,837.7,0.739088347,2.5
6000,837.75,0.7390913171,2.5
6000,837.8,0.739094284,2.5
6000,837.85,0.7390972478,2.5
6000,837.9,0.7391002084,2.5
6000,837.95,0.7391031659,2.5
6000,838,0.7391061201,2.5
6000,838.05,0.7391090713,2.5
6000,838.1,0.7391120192,2.5
6000,838.15,0.7391149641,2.5
6000,838.2,0.7391179057,2.5
6000,838.25,0.7391208443,2.5
6000,838.3,0.7391237797,2.5
6000,838.35,0.7391267119,2.5
6000,838.4,0.739129641,2.5
6000,838.45,0.739132567,2.5
6000,838.5,0.7391354899,2.5
6000,838.55,0.7391384096,2.5
6000,838.6,0.7391413262,2.5
6000,838.65,0.7391442396,2.5
6000,838.7,0.73914715,2.5
6000,838.75,0.7391500572,2.5
6000,838.8,0.7391529613,2.5
6000,838.85,0.7391558624,2.5
6000,838.9,0.7391587602,2.5
6000,838.95,0.739161655,2.5
6000,839,0.7391645467,2.5
6000,839.05,0.7391674353,2.5
6000,839.1,0.7391703208,2.5
6000,839.15,0.7391732032,2.5
6000,839.2,0.7391760825,2.5
6000,839.25,0.7391789587,2.5
6000,839.3,0.7391818318,2.5
6000,839.35,0.7391847019,2.5
6000,839.4,0.7391875688,2.5
6000,839.45,0.7391904327,2.5
6000,839.5,0.7391932935,2.5
6000,839.55,0.7391961512,2.5
6000,839.6,0.7391990059,2.5
6000,839.65,0.7392018575,2.5
6000,839.7,0.739204706,2.5
6000,839.75,0.7392075515,2.5
6000,839.8,0.7392103939,2.5
6000,839.85,0.7392132332,2.5
6000,839.9,0.7392160695,2.5
6000,839.95,0.7392189028,2.5
6000,840,0.739221733,2.5
6000,840.05,0.7392245601,2.5
6000,840.1,0.7392273842,2.5
6000,840.15,0.7392302053,2.5
6000,840.2,0.7392330233,2.5
6000,840.25,0.7392358383,2.5
6000,840.3,0.7392386502,2.5
6000,840.35,0.7392414591,2.5
6000,840.4,0.739244265,2.5
6000,840.45,0.7392470679,2.5
6000,840.5,0.7392498678,2.5
6000,840.55,0.7392526646,2.5
6000,840.6,0.7392554584,2.5
6000,840.65,0.7392582492,2.5
6000,840.7,0.739261037,2.5
6000,840.75,0.7392638218,2.5
6000,840.8,0.7392666035,2.5
6000,840.85,0.7392693823,2.5
6000,840.9,0.7392721581,2.5
6000,840.95,0.7392749309,2.5
6000,841,0.7392777006,2.5
6000,841.05,0.7392804674,2.5
6000,841.1,0.7392832312,2.5
6000,841.15,0.739285992,2.5
6000,841.2,0.7392887498,2.5
6000,841.25,0.7392915047,2.5
6000,841.3,0.7392942566,2.5
6000,841.35,0.7392970054,2.5
6000,841.4,0.7392997514,2.5
6000,841.45,0.7393024943,2.5
6000,841.5,0.7393052343,2.5
6000,841.55,0.7393079713,2.5
6000,841.6,0.7393107053,2.5
6000,841.65,0.7393134364,2.5
6000,841.7,0.7393161645,2.5
6000,841.75,0.7393188897,2.5
6000,841.8,0.7393216119,2.5
6000,841.85,0.7393243312,2.5
6000,841.9,0.7393270475,2.5
6000,841.95,0.7393297609,2.5
6000,842,0.7393324713,2.5
6000,842.05,0.7393351788,2.5
6000,842.1,0.7393378834,2.5
6000,842.15,0.739340585,2.5
6000,842.2,0.7393432837,2.5
6000,842.25,0.7393459795,2.5
6000,842.3,0.7393486723,2.5
6000,842.35,0.7393513622,2.5
6000,842.4,0.7393540492,2.5
6000,842.45,0.7393567333,2.5
6000,842.5,0.7393594145,2.5
6000,842.55,0.7393620927,2.5
6000,842.6,0.739364768,2.5
6000,842.65,0.7393674405,2.5
6000,842.7,0.73937011,2.5
6000,842.75,0.7393727766,2.5
6000,842.8,0.7393754403,2.5
6000,842.85,0.7393781012,2.5
6000,842.9,0.7393807591,2.5
6000,842.95,0.7393834141,2.5
6000,843,0.7393860663,2.5
6000,843.05,0.7393887156,2.5
6000,843.1,0.7393913619,2.5
6000,843.15,0.7393940054,2.5
6000,843.2,0.7393966461,2.5
6000,843.25,0.7393992838,2.5
6000,843.3,0.7394019187,2.5
6000,843.35,0.7394045507,2.5
6000,843.4,0.7394071798,2.5
6000,843.45,0.7394098061,2.5
6000,843.5,0.7394124295,2.5
6000,843.55,0.73941505,2.5
6000,843.6,0.7394176677,2.5
6000,843.65,0.7394202825,2.5
6000,843.7,0.7394228945,2.5
6000,843.75,0.7394255036,2.5
6000,843.8,0.7394281099,2.5
6000,843.85,0.7394307133,2.5
6000,843.9,0.7394333139,2.5
6000,843.95,0.7394359117,2.5
6000,844,0.7394385066,2.5
6000,844.05,0.7394410986,2.5
6000,844.1,0.7394436879,2.5
6000,844.15,0.7394462743,2.5
6000,844.2,0.7394488579,2.5
6000,844.25,0.7394514386,2.5
6000,844.3,0.7394540166,2.5
6000,844.35,0.7394565917,2.5
6000,844.4,0.739459164,2.5
6000,844.45,0.7394617335,2.5
6000,844.5,0.7394643002,2.5
6000,844.55,0.7394668641,2.5
6000,844.6,0.7394694251,2.5
6000,844.65,0.7394719834,2.5
6000,844.7,0.7394745388,2.5
6000,844.75,0.7394770915,2.5
6000,844.8,0.7394796413,2.5
6000,844.85,0.7394821884,2.5
6000,844.9,0.7394847327,2.5
6000,844.95,0.7394872742,2.5
6000,845,0.7394898129,2.5
6000,845.05,0.7394923488,2.5
6000,845.1,0.7394948819,2.5
6000,845.15,0.7394974123,2.5
6000,845.2,0.7394999399,2.5
6000,845.25,0.7395024647,2.5
6000,845.3,0.7395049867,2.5
6000,845.35,0.739507506,2.5
6000,845.4,0.7395100225,2.5
6000,845.45,0.7395125362,2.5
6000,845.5,0.7395150472,2.5
6000,845.55,0.7395175554,2.5
6000,845.6,0.7395200609,2.5
6000,845.65,0.7395225636,2.5
6000,845.7,0.7395250636,2.5
6000,845.75,0.7395275608,2.5
6000,845.8,0.7395300553,2.5
6000,845.85,0.739532547,2.5
6000,845.9,0.739535036,2.5
6000,845.95,0.7395375222,2.5
6000,846,0.7395400057,2.5
6000,846.05,0.7395424865,2.5
6000,846.1,0.7395449646,2.5
6000,846.15,0.7395474399,2.5
6000,846.2,0.7395499125,2.5
6000,846.25,0.7395523823,2.5
6000,846.3,0.7395548495,2.5
6000,846.35,0.7395573139,2.5
6000,846.4,0.7395597756,2.5
6000,846.45,0.7395622347,2.5
6000,846.5,0.7395646909,2.5
6000,846.55,0.7395671445,2.5
6000,846.6,0.7395695954,2.5
6000,846.65,0.7395720436,2.5
6000,846.7,0.7395744891,2.5
6000,846.75,0.7395769318,2.5
6000,846.8,0.7395793719,2.5
6000,846.85,0.7395818093,2.5
6000,846.9,0.739584244,2.5
6000,846.95,0.739586676,2.5
6000,847,0.7395891053,2.5
6000,847.05,0.739591532,2.5
6000,847.1,0.7395939559,2.5
6000,847.15,0.7395963772,2.5
6000,847.2,0.7395987958,2.5
6000,847.25,0.7396012118,2.5
6000,847.3,0.739603625,2.5
6000,847.35,0.7396060356,2.5
6000,847.4,0.7396084436,2.5
6000,847.45,0.7396108488,2.5
6000,847.5,0.7396132514,2.5
6000,847.55,0.7396156514,2.5
6000,847.6,0.7396180487,2.5
6000,847.65,0.7396204433,2.5
6000,847.7,0.7396228353,2.5
6000,847.75,0.7396252246,2.5
6000,847.8,0.7396276113,2.5
6000,847.85,0.7396299954,2.5
6000,847.9,0.7396323768,2.5
6000,847.95,0.7396347555,2.5
6000,848,0.7396371317,2.5
6000,848.05,0.7396395051,2.5
6000,848.1,0.739641876,2.5
6000,848.15,0.7396442442,2.5
6000,848.2,0.7396466099,2.5
6000,848.25,0.7396489728,2.5
6000,848.3,0.7396513332,2.5
6000,848.35,0.7396536909,2.5
6000,848.4,0.7396560461,2.5
6000,848.45,0.7396583986,2.5
6000,848.5,0.7396607485,2.5
6000,848.55,0.7396630958,2.5
6000,848.6,0.7396654405,2.5
6000,848.65,0.7396677825,2.5
6000,848.7,0.739670122,2.5
6000,848.75,0.7396724589,2.5
6000,848.8,0.7396747932,2.5
6000,848.85,0.7396771249,2.5
6000,848.9,0.7396794539,2.5
6000,848.95,0.7396817804,2.5
6000,849,0.7396841044,2.5
6000,849.05,0.7396864257,2.5
6000,849.1,0.7396887444,2.5
6000,849.15,0.7396910606,2.5
6000,849.2,0.7396933742,2.5
6000,849.25,0.7396956852,2.5
6000,849.3,0.7396979936,2.5
6000,849.35,0.7397002995,2.5
6000,849.4,0.7397026028,2.5
6000,849.45,0.7397049035,2.5
6000,849.5,0.7397072017,2.5
6000,849.55,0.7397094973,2.5
6000,849.6,0.7397117903,2.5
6000,849.65,0.7397140808,2.5
6000,849.7,0.7397163688,2.5
6000,849.75,0.7397186542,2.5
6000,849.8,0.739720937,2.5
6000,849.85,0.7397232173,2.5
6000,849.9,0.739725495,2.5
6000,849.95,0.7397277702,2.5
6000,850,0.7397300429,2.5
6000,850.05,0.739732313,2.5
6000,850.1,0.7397345806,2.5
6000,850.15,0.7397368457,2.5
6000,850.2,0.7397391082,2.5
6000,850.25,0.7397413682,2.5
6000,850.3,0.7397436257,2.5
6000,850.35,0.7397458806,2.5
6000,850.4,0.739748133,2.5
6000,850.45,0.7397503829,2.5
6000,850.5,0.7397526303,2.5
6000,850.55,0.7397548752,2.5
6000,850.6,0.7397571176,2.5
6000,850.65,0.7397593574,2.5
6000,850.7,0.7397615948,2.5
6000,850.75,0.7397638296,2.5
6000,850.8,0.739766062,2.5
6000,850.85,0.7397682918,2.5
6000,850.9,0.7397705192,2.5
6000,850.95,0.739772744,2.5
6000,851,0.7397749664,2.5
6000,851.05,0.7397771863,2.5
6000,851.1,0.7397794037,2.5
6000,851.15,0.7397816186,2.5
6000,851.2,0.739783831,2.5
6000,851.25,0.7397860409,2.5
6000,851.3,0.7397882484,2.5
6000,851.35,0.7397904534,2.5
6000,851.4,0.7397926559,2.5
6000,851.45,0.7397948559,2.5
6000,851.5,0.7397970535,2.5
6000,851.55,0.7397992486,2.5
6000,851.6,0.7398014412,2.5
6000,851.65,0.7398036314,2.5
6000,851.7,0.7398058191,2.5
6000,851.75,0.7398080043,2.5
6000,851.8,0.7398101871,2.5
6000,851.85,0.7398123675,2.5
6000,851.9,0.7398145454,2.5
6000,851.95,0.7398167208,2.5
6000,852,0.7398188938,2.5
6000,852.05,0.7398210644,2.5
6000,852.1,0.7398232325,2.5
6000,852.15,0.7398253982,2.5
6000,852.2,0.7398275614,2.5
6000,852.25,0.7398297222,2.5
6000,852.3,0.7398318806,2.5
6000,852.35,0.7398340365,2.5
6000,852.4,0.7398361901,2.5
6000,852.45,0.7398383412,2.5
6000,852.5,0.7398404898,2.5
6000,852.55,0.7398426361,2.5
6000,852.6,0.7398447799,2.5
6000,852.65,0.7398469213,2.5
6000,852.7,0.7398490603,2.5
6000,852.75,0.7398511969,2.5
6000,852.8,0.7398533311,2.5
6000,852.85,0.7398554629,2.5
6000,852.9,0.7398575922,2.5
6000,852.95,0.7398597192,2.5
6000,853,0.7398618438,2.5
6000,853.05,0.739863966,2.5
6000,853.1,0.7398660857,2.5
6000,853.15,0.7398682031,2.5
6000,853.2,0.7398703181,2.5
6000,853.25,0.7398724307,2.5
6000,853.3,0.7398745409,2.5
6000,853.35,0.7398766488,2.5
6000,853.4,0.7398787542,2.5
6000,853.45,0.7398808573,2.5
6000,853.5,0.739882958,2.5
6000,853.55,0.7398850563,2.5
6000,853.6,0.7398871522,2.5
6000,853.65,0.7398892458,2.5
6000,853.7,0.739891337,2.5
6000,853.75,0.7398934259,2.5
6000,853.8,0.7398955123,2.5
6000,853.85,0.7398975965,2.5
6000,853.9,0.7398996782,2.5
6000,853.95,0.7399017576,2.5
6000,854,0.7399038347,2.5
6000,854.05,0.7399059094,2.5
6000,854.1,0.7399079817,2.5
6000,854.15,0.7399100517,2.5
6000,854.2,0.7399121194,2.5
6000,854.25,0.7399141847,2.5
6000,854.3,0.7399162476,2.5
6000,854.35,0.7399183083,2.5
6000,854.4,0.7399203666,2.5
6000,854.45,0.7399224225,2.5
6000,854.5,0.7399244761,2.5
6000,854.55,0.7399265274,2.5
6000,854.6,0.7399285764,2.5
6000,854.65,0.7399306231,2.5
6000,854.7,0.7399326674,2.5
6000,854.75,0.7399347094,2.5
6000,854.8,0.7399367491,2.5
6000,854.85,0.7399387864,2.5
6000,854.9,0.7399408215,2.5
6000,854.95,0.7399428542,2.5
6000,855,0.7399448846,2.5
6000,855.05,0.7399469127,2.5
6000,855.1,0.7399489386,2.5
6000,855.15,0.7399509621,2.5
6000,855.2,0.7399529833,2.5
6000,855.25,0.7399550022,2.5
6000,855.3,0.7399570188,2.5
6000,855.35,0.7399590331,2.5
6000,855.4,0.7399610452,2.5
6000,855.45,0.7399630549,2.5
6000,855.5,0.7399650624,2.5
6000,855.55,0.7399670675,2.5
6000,855.6,0.7399690704,2.5
6000,855.65,0.739971071,2.5
6000,855.7,0.7399730693,2.5
6000,855.75,0.7399750654,2.5
6000,855.8,0.7399770591,2.5
6000,855.85,0.7399790506,2.5
6000,855.9,0.7399810399,2.5
6000,855.95,0.7399830268,2.5
6000,856,0.7399850115,2.5
6000,856.05,0.739986994,2.5
6000,856.1,0.7399889741,2.5
6000,856.15,0.739990952,2.5
6000,856.2,0.7399929277,2.5
6000,856.25,0.7399949011,2.5
6000,856.3,0.7399968722,2.5
6000,856.35,0.7399988411,2.5
6000,856.4,0.7400008078,2.5
6000,856.45,0.7400027722,2.5
6000,856.5,0.7400047343,2.5
6000,856.55,0.7400066943,2.5
6000,856.6,0.7400086519,2.5
6000,856.65,0.7400106074,2.5
6000,856.7,0.7400125606,2.5
6000,856.75,0.7400145115,2.5
6000,856.8,0.7400164603,2.5
6000,856.85,0.7400184068,2.5
6000,856.9,0.7400203511,2.5
6000,856.95,0.7400222931,2.5
6000,857,0.740024233,2.5
6000,857.05,0.7400261706,2.5
6000,857.1,0.740028106,2.5
6000,857.15,0.7400300392,2.5
6000,857.2,0.7400319701,2.5
6000,857.25,0.7400338989,2.5
6000,857.3,0.7400358255,2.5
6000,857.35,0.7400377498,2.5
6000,857.4,0.7400396719,2.5
6000,857.45,0.7400415919,2.5
6000,857.5,0.7400435096,2.5
6000,857.55,0.7400454251,2.5
6000,857.6,0.7400473385,2.5
6000,857.65,0.7400492496,2.5
6000,857.7,0.7400511586,2.5
6000,857.75,0.7400530653,2.5
6000,857.8,0.7400549699,2.5
6000,857.85,0.7400568723,2.5
6000,857.9,0.7400587725,2.5
6000,857.95,0.7400606705,2.5
6000,858,0.7400625664,2.5
6000,858.05,0.74006446,2.5
6000,858.1,0.7400663515,2.5
6000,858.15,0.7400682408,2.5
6000,858.2,0.740070128,2.5
6000,858.25,0.740072013,2.5
6000,858.3,0.7400738958,2.5
6000,858.35,0.7400757764,2.5
6000,858.4,0.7400776549,2.5
6000,858.45,0.7400795312,2.5
6000,858.5,0.7400814054,2.5
6000,858.55,0.7400832774,2.5
6000,858.6,0.7400851473,2.5
6000,858.65,0.740087015,2.5
6000,858.7,0.7400888805,2.5
6000,858.75,0.7400907439,2.5
6000,858.8,0.7400926052,2.5
6000,858.85,0.7400944643,2.5
6000,858.9,0.7400963213,2.5
6000,858.95,0.7400981761,2.5
6000,859,0.7401000288,2.5
6000,859.05,0.7401018794,2.5
6000,859.1,0.7401037278,2.5
6000,859.15,0.7401055741,2.5
6000,859.2,0.7401074183,2.5
6000,859.25,0.7401092603,2.5
6000,859.3,0.7401111002,2.5
6000,859.35,0.740112938,2.5
6000,859.4,0.7401147737,2.5
6000,859.45,0.7401166072,2.5
6000,859.5,0.7401184387,2.5
6000,859.55,0.740120268,2.5
6000,859.6,0.7401220952,2.5
6000,859.65,0.7401239203,2.5
6000,859.7,0.7401257433,2.5
6000,859.75,0.7401275642,2.5
6000,859.8,0.740129383,2.5
6000,859.85,0.7401311997,2.5
6000,859.9,0.7401330143,2.5
6000,859.95,0.7401348268,2.5
6000,860,0.7401366371,2.5
6000,860.05,0.7401384454,2.5
6000,860.1,0.7401402516,2.5
6000,860.15,0.7401420558,2.5
6000,860.2,0.7401438578,2.5
6000,860.25,0.7401456577,2.5
6000,860.3,0.7401474556,2.5
6000,860.35,0.7401492514,2.5
6000,860.4,0.7401510451,2.5
6000,860.45,0.7401528367,2.5
6000,860.5,0.7401546262,2.5
6000,860.55,0.7401564137,2.5
6000,860.6,0.7401581991,2.5
6000,860.65,0.7401599825,2.5
6000,860.7,0.7401617637,2.5
6000,860.75,0.7401635429,2.5
6000,860.8,0.7401653201,2.5
6000,860.85,0.7401670951,2.5
6000,860.9,0.7401688682,2.5
6000,860.95,0.7401706391,2.5
6000,861,0.740172408,2.5
6000,861.05,0.7401741749,2.5
6000,861.1,0.7401759397,2.5
6000,861.15,0.7401777024,2.5
6000,861.2,0.7401794632,2.5
6000,861.25,0.7401812218,2.5
6000,861.3,0.7401829784,2.5
6000,861.35,0.740184733,2.5
6000,861.4,0.7401864856,2.5
6000,861.45,0.7401882361,2.5
6000,861.5,0.7401899845,2.5
6000,861.55,0.740191731,2.5
6000,861.6,0.7401934754,2.5
6000,861.65,0.7401952178,2.5
6000,861.7,0.7401969581,2.5
6000,861.75,0.7401986965,2.5
6000,861.8,0.7402004328,2.5
6000,861.85,0.7402021671,2.5
6000,861.9,0.7402038993,2.5
6000,861.95,0.7402056296,2.5
6000,862,0.7402073578,2.5
6000,862.05,0.740209084,2.5
6000,862.1,0.7402108083,2.5
6000,862.15,0.7402125305,2.5
6000,862.2,0.7402142507,2.5
6000,862.25,0.7402159689,2.5
6000,862.3,0.7402176851,2.5
6000,862.35,0.7402193993,2.5
6000,862.4,0.7402211115,2.5
6000,862.45,0.7402228217,2.5
6000,862.5,0.7402245299,2.5
6000,862.55,0.7402262361,2.5
6000,862.6,0.7402279403,2.5
6000,862.65,0.7402296425,2.5
6000,862.7,0.7402313428,2.5
6000,862.75,0.740233041,2.5
6000,862.8,0.7402347373,2.5
6000,862.85,0.7402364316,2.5
6000,862.9,0.7402381239,2.5
6000,862.95,0.7402398143,2.5
6000,863,0.7402415026,2.5
6000,863.05,0.740243189,2.5
6000,863.1,0.7402448735,2.5
6000,863.15,0.7402465559,2.5
6000,863.2,0.7402482364,2.5
6000,863.25,0.7402499149,2.5
6000,863.3,0.7402515915,2.5
6000,863.35,0.7402532661,2.5
6000,863.4,0.7402549388,2.5
6000,863.45,0.7402566094,2.5
6000,863.5,0.7402582782,2.5
6000,863.55,0.740259945,2.5
6000,863.6,0.7402616098,2.5
6000,863.65,0.7402632727,2.5
6000,863.7,0.7402649336,2.5
6000,863.75,0.7402665926,2.5
6000,863.8,0.7402682496,2.5
6000,863.85,0.7402699047,2.5
6000,863.9,0.7402715579,2.5
6000,863.95,0.7402732091,2.5
6000,864,0.7402748584,2.5
6000,864.05,0.7402765058,2.5
6000,864.1,0.7402781512,2.5
6000,864.15,0.7402797947,2.5
6000,864.2,0.7402814362,2.5
6000,864.25,0.7402830759,2.5
6000,864.3,0.7402847136,2.5
6000,864.35,0.7402863494,2.5
6000,864.4,0.7402879833,2.5
6000,864.45,0.7402896152,2.5
6000,864.5,0.7402912453,2.5
6000,864.55,0.7402928734,2.5
6000,864.6,0.7402944996,2.5
6000,864.65,0.7402961239,2.5
6000,864.7,0.7402977463,2.5
6000,864.75,0.7402993668,2.5
6000,864.8,0.7403009854,2.5
6000,864.85,0.7403026021,2.5
6000,864.9,0.7403042168,2.5
6000,864.95,0.7403058297,2.5
6000,865,0.7403074407,2.5
6000,865.05,0.7403090498,2.5
6000,865.1,0.740310657,2.5
6000,865.15,0.7403122623,2.5
6000,865.2,0.7403138657,2.5
6000,865.25,0.7403154672,2.5
6000,865.3,0.7403170669,2.5
6000,865.35,0.7403186646,2.5
6000,865.4,0.7403202605,2.5
6000,865.45,0.7403218545,2.5
6000,865.5,0.7403234466,2.5
6000,865.55,0.7403250369,2.5
6000,865.6,0.7403266253,2.5
6000,865.65,0.7403282118,2.5
6000,865.7,0.7403297964,2.5
6000,865.75,0.7403313791,2.5
6000,865.8,0.74033296,2.5
6000,865.85,0.7403345391,2.5
6000,865.9,0.7403361162,2.5
6000,865.95,0.7403376915,2.5
6000,866,0.740339265,2.5
6000,866.05,0.7403408366,2.5
6000,866.1,0.7403424063,2.5
6000,866.15,0.7403439742,2.5
6000,866.2,0.7403455402,2.5
6000,866.25,0.7403471044,2.5
6000,866.3,0.7403486667,2.5
6000,866.35,0.7403502272,2.5
6000,866.4,0.7403517858,2.5
6000,866.45,0.7403533426,2.5
6000,866.5,0.7403548976,2.5
6000,866.55,0.7403564507,2.5
6000,866.6,0.740358002,2.5
6000,866.65,0.7403595515,2.5
6000,866.7,0.7403610991,2.5
6000,866.75,0.7403626449,2.5
6000,866.8,0.7403641888,2.5
6000,866.85,0.7403657309,2.5
6000,866.9,0.7403672712,2.5
6000,866.95,0.7403688097,2.5
6000,867,0.7403703464,2.5
6000,867.05,0.7403718812,2.5
6000,867.1,0.7403734142,2.5
6000,867.15,0.7403749454,2.5
6000,867.2,0.7403764748,2.5
6000,867.25,0.7403780024,2.5
6000,867.3,0.7403795282,2.5
6000,867.35,0.7403810521,2.5
6000,867.4,0.7403825743,2.5
6000,867.45,0.7403840946,2.5
6000,867.5,0.7403856132,2.5
6000,867.55,0.7403871299,2.5
6000,867.6,0.7403886449,2.5
6000,867.65,0.740390158,2.5
6000,867.7,0.7403916694,2.5
6000,867.75,0.7403931789,2.5
6000,867.8,0.7403946867,2.5
6000,867.85,0.7403961927,2.5
6000,867.9,0.7403976968,2.5
6000,867.95,0.7403991992,2.5
6000,868,0.7404006999,2.5
6000,868.05,0.7404021987,2.5
6000,868.1,0.7404036957,2.5
6000,868.15,0.740405191,2.5
6000,868.2,0.7404066845,2.5
6000,868.25,0.7404081762,2.5
6000,868.3,0.7404096661,2.5
6000,868.35,0.7404111543,2.5
6000,868.4,0.7404126407,2.5
6000,868.45,0.7404141253,2.5
6000,868.5,0.7404156082,2.5
6000,868.55,0.7404170893,2.5
6000,868.6,0.7404185686,2.5
6000,868.65,0.7404200462,2.5
6000,868.7,0.740421522,2.5
6000,868.75,0.7404229961,2.5
6000,868.8,0.7404244684,2.5
6000,868.85,0.7404259389,2.5
6000,868.9,0.7404274077,2.5
6000,868.95,0.7404288748,2.5
6000,869,0.7404303401,2.5
6000,869.05,0.7404318036,2.5
6000,869.1,0.7404332654,2.5
6000,869.15,0.7404347255,2.5
6000,869.2,0.7404361838,2.5
6000,869.25,0.7404376404,2.5
6000,869.3,0.7404390952,2.5
6000,869.35,0.7404405483,2.5
6000,869.4,0.7404419997,2.5
6000,869.45,0.7404434493,2.5
6000,869.5,0.7404448972,2.5
6000,869.55,0.7404463434,2.5
6000,869.6,0.7404477879,2.5
6000,869.65,0.7404492306,2.5
6000,869.7,0.7404506716,2.5
6000,869.75,0.7404521109,2.5
6000,869.8,0.7404535484,2.5
6000,869.85,0.7404549843,2.5
6000,869.9,0.7404564184,2.5
6000,869.95,0.7404578508,2.5
6000,870,0.7404592815,2.5
6000,870.05,0.7404607105,2.5
6000,870.1,0.7404621378,2.5
6000,870.15,0.7404635633,2.5
6000,870.2,0.7404649872,2.5
6000,870.25,0.7404664094,2.5
6000,870.3,0.7404678298,2.5
6000,870.35,0.7404692486,2.5
6000,870.4,0.7404706656,2.5
6000,870.45,0.740472081,2.5
6000,870.5,0.7404734946,2.5
6000,870.55,0.7404749066,2.5
6000,870.6,0.7404763169,2.5
6000,870.65,0.7404777255,2.5
6000,870.7,0.7404791324,2.5
6000,870.75,0.7404805376,2.5
6000,870.8,0.7404819411,2.5
6000,870.85,0.740483343,2.5
6000,870.9,0.7404847431,2.5
6000,870.95,0.7404861416,2.5
6000,871,0.7404875384,2.5
6000,871.05,0.7404889335,2.5
6000,871.1,0.740490327,2.5
6000,871.15,0.7404917188,2.5
6000,871.2,0.7404931089,2.5
6000,871.25,0.7404944973,2.5
6000,871.3,0.7404958841,2.5
6000,871.35,0.7404972692,2.5
6000,871.4,0.7404986526,2.5
6000,871.45,0.7405000344,2.5
6000,871.5,0.7405014145,2.5
6000,871.55,0.740502793,2.5
6000,871.6,0.7405041698,2.5
6000,871.65,0.7405055449,2.5
6000,871.7,0.7405069184,2.5
6000,871.75,0.7405082903,2.5
6000,871.8,0.7405096605,2.5
6000,871.85,0.740511029,2.5
6000,871.9,0.7405123959,2.5
6000,871.95,0.7405137611,2.5
6000,872,0.7405151247,2.5
6000,872.05,0.7405164867,2.5
6000,872.1,0.740517847,2.5
6000,872.15,0.7405192057,2.5
6000,872.2,0.7405205628,2.5
6000,872.25,0.7405219182,2.5
6000,872.3,0.740523272,2.5
6000,872.35,0.7405246241,2.5
6000,872.4,0.7405259746,2.5
6000,872.45,0.7405273235,2.5
6000,872.5,0.7405286708,2.5
6000,872.55,0.7405300164,2.5
6000,872.6,0.7405313604,2.5
6000,872.65,0.7405327028,2.5
6000,872.7,0.7405340436,2.5
6000,872.75,0.7405353828,2.5
6000,872.8,0.7405367203,2.5
6000,872.85,0.7405380562,2.5
6000,872.9,0.7405393905,2.5
6000,872.95,0.7405407232,2.5
6000,873,0.7405420543,2.5
6000,873.05,0.7405433838,2.5
6000,873.1,0.7405447117,2.5
6000,873.15,0.740546038,2.5
6000,873.2,0.7405473626,2.5
6000,873.25,0.7405486857,2.5
6000,873.3,0.7405500072,2.5
6000,873.35,0.740551327,2.5
6000,873.4,0.7405526453,2.5
6000,873.45,0.740553962,2.5
6000,873.5,0.7405552771,2.5
6000,873.55,0.7405565906,2.5
6000,873.6,0.7405579025,2.5
6000,873.65,0.7405592128,2.5
6000,873.7,0.7405605215,2.5
6000,873.75,0.7405618287,2.5
6000,873.8,0.7405631342,2.5
6000,873.85,0.7405644382,2.5
6000,873.9,0.7405657406,2.5
6000,873.95,0.7405670414,2.5
6000,874,0.7405683407,2.5
6000,874.05,0.7405696384,2.5
6000,874.1,0.7405709345,2.5
6000,874.15,0.740572229,2.5
6000,874.2,0.740573522,2.5
6000,874.25,0.7405748133,2.5
6000,874.3,0.7405761032,2.5
6000,874.35,0.7405773914,2.5
6000,874.4,0.7405786781,2.5
6000,874.45,0.7405799633,2.5
6000,874.5,0.7405812468,2.5
6000,874.55,0.7405825289,2.5
6000,874.6,0.7405838093,2.5
6000,874.65,0.7405850882,2.5
6000,874.7,0.7405863656,2.5
6000,874.75,0.7405876414,2.5
6000,874.8,0.7405889156,2.5
6000,874.85,0.7405901883,2.5
6000,874.9,0.7405914595,2.5
6000,874.95,0.7405927291,2.5
6000,875,0.7405939972,2.5
6000,875.05,0.7405952637,2.5
6000,875.1,0.7405965287,2.5
6000,875.15,0.7405977921,2.5
6000,875.2,0.740599054,2.5
6000,875.25,0.7406003144,2.5
6000,875.3,0.7406015733,2.5
6000,875.35,0.7406028306,2.5
6000,875.4,0.7406040863,2.5
6000,875.45,0.7406053406,2.5
6000,875.5,0.7406065933,2.5
6000,875.55,0.7406078445,2.5
6000,875.6,0.7406090942,2.5
6000,875.65,0.7406103423,2.5
6000,875.7,0.740611589,2.5
6000,875.75,0.7406128341,2.5
6000,875.8,0.7406140777,2.5
6000,875.85,0.7406153197,2.5
6000,875.9,0.7406165603,2.5
6000,875.95,0.7406177994,2.5
6000,876,0.7406190369,2.5
6000,876.05,0.7406202729,2.5
6000,876.1,0.7406215074,2.5
6000,876.15,0.7406227405,2.5
6000,876.2,0.740623972,2.5
6000,876.25,0.740625202,2.5
6000,876.3,0.7406264305,2.5
6000,876.35,0.7406276575,2.5
6000,876.4,0.740628883,2.5
6000,876.45,0.740630107,2.5
6000,876.5,0.7406313295,2.5
6000,876.55,0.7406325505,2.5
6000,876.6,0.74063377,2.5
6000,876.65,0.7406349881,2.5
6000,876.7,0.7406362046,2.5
6000,876.75,0.7406374197,2.5
6000,876.8,0.7406386333,2.5
6000,876.85,0.7406398454,2.5
6000,876.9,0.740641056,2.5
6000,876.95,0.7406422651,2.5
6000,877,0.7406434727,2.5
6000,877.05,0.7406446789,2.5
6000,877.1,0.7406458836,2.5
6000,877.15,0.7406470868,2.5
6000,877.2,0.7406482886,2.5
6000,877.25,0.7406494888,2.5
6000,877.3,0.7406506876,2.5
6000,877.35,0.740651885,2.5
6000,877.4,0.7406530808,2.5
6000,877.45,0.7406542752,2.5
6000,877.5,0.7406554682,2.5
6000,877.55,0.7406566596,2.5
6000,877.6,0.7406578497,2.5
6000,877.65,0.7406590382,2.5
6000,877.7,0.7406602253,2.5
6000,877.75,0.740661411,2.5
6000,877.8,0.7406625951,2.5
6000,877.85,0.7406637779,2.5
6000,877.9,0.7406649592,2.5
6000,877.95,0.740666139,2.5
6000,878,0.7406673174,2.5
6000,878.05,0.7406684943,2.5
6000,878.1,0.7406696698,2.5
6000,878.15,0.7406708439,2.5
6000,878.2,0.7406720165,2.5
6000,878.25,0.7406731876,2.5
6000,878.3,0.7406743574,2.5
6000,878.35,0.7406755256,2.5
6000,878.4,0.7406766925,2.5
6000,878.45,0.7406778579,2.5
6000,878.5,0.7406790219,2.5
6000,878.55,0.7406801845,2.5
6000,878.6,0.7406813456,2.5
6000,878.65,0.7406825053,2.5
6000,878.7,0.7406836635,2.5
6000,878.75,0.7406848204,2.5
6000,878.8,0.7406859758,2.5
6000,878.85,0.7406871298,2.5
6000,878.9,0.7406882824,2.5
6000,878.95,0.7406894335,2.5
6000,879,0.7406905833,2.5
6000,879.05,0.7406917316,2.5
6000,879.1,0.7406928785,2.5
6000,879.15,0.740694024,2.5
6000,879.2,0.7406951681,2.5
6000,879.25,0.7406963108,2.5
6000,879.3,0.740697452,2.5
6000,879.35,0.7406985919,2.5
6000,879.4,0.7406997304,2.5
6000,879.45,0.7407008674,2.5
6000,879.5,0.7407020031,2.5
6000,879.55,0.7407031373,2.5
6000,879.6,0.7407042701,2.5
6000,879.65,0.7407054016,2.5
6000,879.7,0.7407065316,2.5
6000,879.75,0.7407076603,2.5
6000,879.8,0.7407087876,2.5
6000,879.85,0.7407099134,2.5
6000,879.9,0.7407110379,2.5
6000,879.95,0.740712161,2.5
6000,880,0.7407132827,2.5
6000,880.05,0.740714403,2.5
6000,880.1,0.740715522,2.5
6000,880.15,0.7407166395,2.5
6000,880.2,0.7407177557,2.5
6000,880.25,0.7407188705,2.5
6000,880.3,0.7407199839,2.5
6000,880.35,0.7407210959,2.5
6000,880.4,0.7407222066,2.5
6000,880.45,0.7407233159,2.5
6000,880.5,0.7407244238,2.5
6000,880.55,0.7407255303,2.5
6000,880.6,0.7407266355,2.5
6000,880.65,0.7407277393,2.5
6000,880.7,0.7407288417,2.5
6000,880.75,0.7407299428,2.5
6000,880.8,0.7407310425,2.5
6000,880.85,0.7407321408,2.5
6000,880.9,0.7407332378,2.5
6000,880.95,0.7407343335,2.5
6000,881,0.7407354277,2.5
6000,881.05,0.7407365206,2.5
6000,881.1,0.7407376122,2.5
6000,881.15,0.7407387024,2.5
6000,881.2,0.7407397912,2.5
6000,881.25,0.7407408787,2.5
6000,881.3,0.7407419649,2.5
6000,881.35,0.7407430497,2.5
6000,881.4,0.7407441331,2.5
6000,881.45,0.7407452152,2.5
6000,881.5,0.740746296,2.5
6000,881.55,0.7407473754,2.5
6000,881.6,0.7407484535,2.5
6000,881.65,0.7407495303,2.5
6000,881.7,0.7407506057,2.5
6000,881.75,0.7407516797,2.5
6000,881.8,0.7407527525,2.5
6000,881.85,0.7407538239,2.5
6000,881.9,0.740754894,2.5
6000,881.95,0.7407559627,2.5
6000,882,0.7407570301,2.5
6000,882.05,0.7407580962,2.5
6000,882.1,0.740759161,2.5
6000,882.15,0.7407602244,2.5
6000,882.2,0.7407612865,2.5
6000,882.25,0.7407623473,2.5
6000,882.3,0.7407634068,2.5
6000,882.35,0.7407644649,2.5
6000,882.4,0.7407655218,2.5
6000,882.45,0.7407665773,2.5
6000,882.5,0.7407676315,2.5
6000,882.55,0.7407686844,2.5
6000,882.6,0.740769736,2.5
6000,882.65,0.7407707862,2.5
6000,882.7,0.7407718352,2.5
6000,882.75,0.7407728828,2.5
6000,882.8,0.7407739292,2.5
6000,882.85,0.7407749742,2.5
6000,882.9,0.740776018,2.5
6000,882.95,0.7407770604,2.5
6000,883,0.7407781016,2.5
6000,883.05,0.7407791414,2.5
6000,883.1,0.7407801799,2.5
6000,883.15,0.7407812172,2.5
6000,883.2,0.7407822531,2.5
6000,883.25,0.7407832878,2.5
6000,883.3,0.7407843212,2.5
6000,883.35,0.7407853532,2.5
6000,883.4,0.740786384,2.5
6000,883.45,0.7407874135,2.5
6000,883.5,0.7407884417,2.5
6000,883.55,0.7407894687,2.5
6000,883.6,0.7407904943,2.5
6000,883.65,0.7407915187,2.5
6000,883.7,0.7407925418,2.5
6000,883.75,0.7407935636,2.5
6000,883.8,0.7407945841,2.5
6000,883.85,0.7407956034,2.5
6000,883.9,0.7407966213,2.5
6000,883.95,0.740797638,2.5
6000,884,0.7407986535,2.5
6000,884.05,0.7407996676,2.5
6000,884.1,0.7408006805,2.5
6000,884.15,0.7408016921,2.5
6000,884.2,0.7408027025,2.5
6000,884.25,0.7408037116,2.5
6000,884.3,0.7408047194,2.5
6000,884.35,0.740805726,2.5
6000,884.4,0.7408067313,2.5
6000,884.45,0.7408077353,2.5
6000,884.5,0.7408087381,2.5
6000,884.55,0.7408097396,2.5
6000,884.6,0.7408107399,2.5
6000,884.65,0.7408117389,2.5
6000,884.7,0.7408127367,2.5
6000,884.75,0.7408137332,2.5
6000,884.8,0.7408147285,2.5
6000,884.85,0.7408157225,2.5
6000,884.9,0.7408167153,2.5
6000,884.95,0.7408177068,2.5
6000,885,0.7408186971,2.5
6000,885.05,0.7408196861,2.5
6000,885.1,0.7408206739,2.5
6000,885.15,0.7408216604,2.5
6000,885.2,0.7408226458,2.5
6000,885.25,0.7408236298,2.5
6000,885.3,0.7408246127,2.5
6000,885.35,0.7408255943,2.5
6000,885.4,0.7408265747,2.5
6000,885.45,0.7408275538,2.5
6000,885.5,0.7408285317,2.5
6000,885.55,0.7408295084,2.5
6000,885.6,0.7408304838,2.5
6000,885.65,0.7408314581,2.5
6000,885.7,0.7408324311,2.5
6000,885.75,0.7408334028,2.5
6000,885.8,0.7408343734,2.5
6000,885.85,0.7408353427,2.5
6000,885.9,0.7408363108,2.5
6000,885.95,0.7408372777,2.5
6000,886,0.7408382434,2.5
6000,886.05,0.7408392079,2.5
6000,886.1,0.7408401711,2.5
6000,886.15,0.7408411331,2.5
6000,886.2,0.7408420939,2.5
6000,886.25,0.7408430536,2.5
6000,886.3,0.7408440119,2.5
6000,886.35,0.7408449691,2.5
6000,886.4,0.7408459251,2.5
6000,886.45,0.7408468799,2.5
6000,886.5,0.7408478335,2.5
6000,886.55,0.7408487858,2.5
6000,886.6,0.740849737,2.5
6000,886.65,0.740850687,2.5
6000,886.7,0.7408516358,2.5
6000,886.75,0.7408525833,2.5
6000,886.8,0.7408535297,2.5
6000,886.85,0.7408544749,2.5
6000,886.9,0.7408554189,2.5
6000,886.95,0.7408563617,2.5
6000,887,0.7408573033,2.5
6000,887.05,0.7408582437,2.5
6000,887.1,0.7408591829,2.5
6000,887.15,0.740860121,2.5
6000,887.2,0.7408610578,2.5
6000,887.25,0.7408619935,2.5
6000,887.3,0.740862928,2.5
6000,887.35,0.7408638613,2.5
6000,887.4,0.7408647934,2.5
6000,887.45,0.7408657244,2.5
6000,887.5,0.7408666542,2.5
6000,887.55,0.7408675828,2.5
6000,887.6,0.7408685102,2.5
6000,887.65,0.7408694364,2.5
6000,887.7,0.7408703615,2.5
6000,887.75,0.7408712854,2.5
6000,887.8,0.7408722081,2.5
6000,887.85,0.7408731297,2.5
6000,887.9,0.7408740501,2.5
6000,887.95,0.7408749693,2.5
6000,888,0.7408758874,2.5
6000,888.05,0.7408768043,2.5
6000,888.1,0.74087772,2.5
6000,888.15,0.7408786346,2.5
6000,888.2,0.740879548,2.5
6000,888.25,0.7408804603,2.5
6000,888.3,0.7408813714,2.5
6000,888.35,0.7408822814,2.5
6000,888.4,0.7408831902,2.5
6000,888.45,0.7408840978,2.5
6000,888.5,0.7408850043,2.5
6000,888.55,0.7408859096,2.5
6000,888.6,0.7408868138,2.5
6000,888.65,0.7408877169,2.5
6000,888.7,0.7408886188,2.5
6000,888.75,0.7408895195,2.5
6000,888.8,0.7408904191,2.5
6000,888.85,0.7408913176,2.5
6000,888.9,0.7408922149,2.5
6000,888.95,0.7408931111,2.5
6000,889,0.7408940062,2.5
6000,889.05,0.7408949001,2.5
6000,889.1,0.7408957928,2.5
6000,889.15,0.7408966845,2.5
6000,889.2,0.740897575,2.5
6000,889.25,0.7408984643,2.5
6000,889.3,0.7408993526,2.5
6000,889.35,0.7409002397,2.5
6000,889.4,0.7409011257,2.5
6000,889.45,0.7409020105,2.5
6000,889.5,0.7409028942,2.5
6000,889.55,0.7409037768,2.5
6000,889.6,0.7409046583,2.5
6000,889.65,0.7409055387,2.5
6000,889.7,0.7409064179,2.5
6000,889.75,0.740907296,2.5
6000,889.8,0.740908173,2.5
6000,889.85,0.7409090489,2.5
6000,889.9,0.7409099237,2.5
6000,889.95,0.7409107973,2.5
6000,890,0.7409116698,2.5
6000,890.05,0.7409125413,2.5
6000,890.1,0.7409134116,2.5
6000,890.15,0.7409142808,2.5
6000,890.2,0.7409151489,2.5
6000,890.25,0.7409160158,2.5
6000,890.3,0.7409168817,2.5
6000,890.35,0.7409177465,2.5
6000,890.4,0.7409186102,2.5
6000,890.45,0.7409194727,2.5
6000,890.5,0.7409203342,2.5
6000,890.55,0.7409211945,2.5
6000,890.6,0.7409220538,2.5
6000,890.65,0.740922912,2.5
6000,890.7,0.7409237691,2.5
6000,890.75,0.740924625,2.5
6000,890.8,0.7409254799,2.5
6000,890.85,0.7409263337,2.5
6000,890.9,0.7409271864,2.5
6000,890.95,0.740928038,2.5
6000,891,0.7409288885,2.5
6000,891.05,0.740929738,2.5
6000,891.1,0.7409305863,2.5
6000,891.15,0.7409314336,2.5
6000,891.2,0.7409322797,2.5
6000,891.25,0.7409331248,2.5
6000,891.3,0.7409339688,2.5
6000,891.35,0.7409348118,2.5
6000,891.4,0.7409356536,2.5
6000,891.45,0.7409364944,2.5
6000,891.5,0.7409373341,2.5
6000,891.55,0.7409381727,2.5
6000,891.6,0.7409390103,2.5
6000,891.65,0.7409398467,2.5
6000,891.7,0.7409406821,2.5
6000,891.75,0.7409415165,2.5
6000,891.8,0.7409423497,2.5
6000,891.85,0.7409431819,2.5
6000,891.9,0.740944013,2.5
6000,891.95,0.7409448431,2.5
6000,892,0.7409456721,2.5
6000,892.05,0.7409465,2.5
6000,892.1,0.7409473269,2.5
6000,892.15,0.7409481527,2.5
6000,892.2,0.7409489775,2.5
6000,892.25,0.7409498012,2.5
6000,892.3,0.7409506238,2.5
6000,892.35,0.7409514454,2.5
6000,892.4,0.7409522659,2.5
6000,892.45,0.7409530854,2.5
6000,892.5,0.7409539038,2.5
6000,892.55,0.7409547211,2.5
6000,892.6,0.7409555374,2.5
6000,892.65,0.7409563527,2.5
6000,892.7,0.7409571669,2.5
6000,892.75,0.7409579801,2.5
6000,892.8,0.7409587922,2.5
6000,892.85,0.7409596033,2.5
6000,892.9,0.7409604133,2.5
6000,892.95,0.7409612223,2.5
6000,893,0.7409620303,2.5
6000,893.05,0.7409628372,2.5
6000,893.1,0.7409636431,2.5
6000,893.15,0.7409644479,2.5
6000,893.2,0.7409652517,2.5
6000,893.25,0.7409660545,2.5
6000,893.3,0.7409668562,2.5
6000,893.35,0.7409676569,2.5
6000,893.4,0.7409684566,2.5
6000,893.45,0.7409692552,2.5
6000,893.5,0.7409700528,2.5
6000,893.55,0.7409708494,2.5
6000,893.6,0.740971645,2.5
6000,893.65,0.7409724395,2.5
6000,893.7,0.740973233,2.5
6000,893.75,0.7409740255,2.5
6000,893.8,0.7409748169,2.5
6000,893.85,0.7409756074,2.5
6000,893.9,0.7409763968,2.5
6000,893.95,0.7409771852,2.5
6000,894,0.7409779726,2.5
6000,894.05,0.740978759,2.5
6000,894.1,0.7409795443,2.5
6000,894.15,0.7409803287,2.5
6000,894.2,0.740981112,2.5
6000,894.25,0.7409818943,2.5
6000,894.3,0.7409826756,2.5
6000,894.35,0.7409834559,2.5
6000,894.4,0.7409842352,2.5
6000,894.45,0.7409850135,2.5
6000,894.5,0.7409857907,2.5
6000,894.55,0.740986567,2.5
6000,894.6,0.7409873423,2.5
6000,894.65,0.7409881165,2.5
6000,894.7,0.7409888898,2.5
6000,894.75,0.740989662,2.5
6000,894.8,0.7409904333,2.5
6000,894.85,0.7409912036,2.5
6000,894.9,0.7409919728,2.5
6000,894.95,0.7409927411,2.5
6000,895,0.7409935084,2.5
6000,895.05,0.7409942747,2.5
6000,895.1,0.74099504,2.5
6000,895.15,0.7409958043,2.5
6000,895.2,0.7409965676,2.5
6000,895.25,0.7409973299,2.5
6000,895.3,0.7409980912,2.5
6000,895.35,0.7409988516,2.5
6000,895.4,0.740999611,2.5
6000,895.45,0.7410003693,2.5
6000,895.5,0.7410011267,2.5
6000,895.55,0.7410018831,2.5
6000,895.6,0.7410026386,2.5
6000,895.65,0.741003393,2.5
6000,895.7,0.7410041465,2.5
6000,895.75,0.741004899,2.5
6000,895.8,0.7410056505,2.5
6000,895.85,0.7410064011,2.5
6000,895.9,0.7410071506,2.5
6000,895.95,0.7410078992,2.5
6000,896,0.7410086469,2.5
6000,896.05,0.7410093935,2.5
6000,896.1,0.7410101392,2.5
6000,896.15,0.7410108839,2.5
6000,896.2,0.7410116277,2.5
6000,896.25,0.7410123704,2.5
6000,896.3,0.7410131123,2.5
6000,896.35,0.7410138531,2.5
6000,896.4,0.741014593,2.5
6000,896.45,0.7410153319,2.5
6000,896.5,0.7410160699,2.5
6000,896.55,0.7410168069,2.5
6000,896.6,0.741017543,2.5
6000,896.65,0.7410182781,2.5
6000,896.7,0.7410190122,2.5
6000,896.75,0.7410197454,2.5
6000,896.8,0.7410204776,2.5
6000,896.85,0.7410212089,2.5
6000,896.9,0.7410219392,2.5
6000,896.95,0.7410226686,2.5
6000,897,0.741023397,2.5
6000,897.05,0.7410241245,2.5
6000,897.1,0.741024851,2.5
6000,897.15,0.7410255766,2.5
6000,897.2,0.7410263012,2.5
6000,897.25,0.7410270249,2.5
6000,897.3,0.7410277476,2.5
6000,897.35,0.7410284694,2.5
6000,897.4,0.7410291903,2.5
6000,897.45,0.7410299102,2.5
6000,897.5,0.7410306292,2.5
6000,897.55,0.7410313472,2.5
6000,897.6,0.7410320644,2.5
6000,897.65,0.7410327805,2.5
6000,897.7,0.7410334958,2.5
6000,897.75,0.7410342101,2.5
6000,897.8,0.7410349234,2.5
6000,897.85,0.7410356359,2.5
6000,897.9,0.7410363474,2.5
6000,897.95,0.741037058,2.5
6000,898,0.7410377676,2.5
6000,898.05,0.7410384764,2.5
6000,898.1,0.7410391842,2.5
6000,898.15,0.741039891,2.5
6000,898.2,0.741040597,2.5
6000,898.25,0.741041302,2.5
6000,898.3,0.7410420061,2.5
6000,898.35,0.7410427093,2.5
6000,898.4,0.7410434116,2.5
6000,898.45,0.7410441129,2.5
6000,898.5,0.7410448134,2.5
6000,898.55,0.7410455129,2.5
6000,898.6,0.7410462115,2.5
6000,898.65,0.7410469092,2.5
6000,898.7,0.7410476059,2.5
6000,898.75,0.7410483018,2.5
6000,898.8,0.7410489967,2.5
6000,898.85,0.7410496908,2.5
6000,898.9,0.7410503839,2.5
6000,898.95,0.7410510761,2.5
6000,899,0.7410517674,2.5
6000,899.05,0.7410524579,2.5
6000,899.1,0.7410531474,2.5
6000,899.15,0.741053836,2.5
6000,899.2,0.7410545237,2.5
6000,899.25,0.7410552105,2.5
6000,899.3,0.7410558964,2.5
6000,899.35,0.7410565814,2.5
6000,899.4,0.7410572655,2.5
6000,899.45,0.7410579487,2.5
6000,899.5,0.741058631,2.5
6000,899.55,0.7410593124,2.5
6000,899.6,0.7410599929,2.5
6000,899.65,0.7410606725,2.5
6000,899.7,0.7410613512,2.5
6000,899.75,0.7410620291,2.5
6000,899.8,0.741062706,2.5
6000,899.85,0.7410633821,2.5
6000,899.9,0.7410640573,2.5
6000,899.95,0.7410647315,2.5
6000,900,0.7410654049,2.5
6000,900.05,0.7410660774,2.5
6000,900.1,0.7410667491,2.5
6000,900.15,0.7410674198,2.5
6000,900.2,0.7410680897,2.5
6000,900.25,0.7410687587,2.5
6000,900.3,0.7410694268,2.5
6000,900.35,0.741070094,2.5
6000,900.4,0.7410707604,2.5
6000,900.45,0.7410714258,2.5
6000,900.5,0.7410720904,2.5
6000,900.55,0.7410727541,2.5
6000,900.6,0.741073417,2.5
6000,900.65,0.741074079,2.5
6000,900.7,0.7410747401,2.5
6000,900.75,0.7410754003,2.5
6000,900.8,0.7410760597,2.5
6000,900.85,0.7410767182,2.5
6000,900.9,0.7410773758,2.5
6000,900.95,0.7410780325,2.5
6000,901,0.7410786884,2.5
6000,901.05,0.7410793435,2.5
6000,901.1,0.7410799976,2.5
6000,901.15,0.7410806509,2.5
6000,901.2,0.7410813034,2.5
6000,901.25,0.741081955,2.5
6000,901.3,0.7410826057,2.5
6000,901.35,0.7410832555,2.5
6000,901.4,0.7410839046,2.5
6000,901.45,0.7410845527,2.5
6000,901.5,0.7410852,2.5
6000,901.55,0.7410858464,2.5
6000,901.6,0.741086492,2.5
6000,901.65,0.7410871368,2.5
6000,901.7,0.7410877806,2.5
6000,901.75,0.7410884237,2.5
6000,901.8,0.7410890659,2.5
6000,901.85,0.7410897072,2.5
6000,901.9,0.7410903477,2.5
6000,901.95,0.7410909873,2.5
6000,902,0.7410916261,2.5
6000,902.05,0.7410922641,2.5
6000,902.1,0.7410929012,2.5
6000,902.15,0.7410935374,2.5
6000,902.2,0.7410941729,2.5
6000,902.25,0.7410948075,2.5
6000,902.3,0.7410954412,2.5
6000,902.35,0.7410960741,2.5
6000,902.4,0.7410967062,2.5
6000,902.45,0.7410973374,2.5
6000,902.5,0.7410979678,2.5
6000,902.55,0.7410985974,2.5
6000,902.6,0.7410992261,2.5
6000,902.65,0.741099854,2.5
6000,902.7,0.741100481,2.5
6000,902.75,0.7411011073,2.5
6000,902.8,0.7411017327,2.5
6000,902.85,0.7411023573,2.5
6000,902.9,0.741102981,2.5
6000,902.95,0.7411036039,2.5
6000,903,0.741104226,2.5
6000,903.05,0.7411048473,2.5
6000,903.1,0.7411054677,2.5
6000,903.15,0.7411060874,2.5
6000,903.2,0.7411067062,2.5
6000,903.25,0.7411073241,2.5
6000,903.3,0.7411079413,2.5
6000,903.35,0.7411085576,2.5
6000,903.4,0.7411091732,2.5
6000,903.45,0.7411097879,2.5
6000,903.5,0.7411104018,2.5
6000,903.55,0.7411110148,2.5
6000,903.6,0.7411116271,2.5
6000,903.65,0.7411122385,2.5
6000,903.7,0.7411128492,2.5
6000,903.75,0.741113459,2.5
6000,903.8,0.741114068,2.5
6000,903.85,0.7411146762,2.5
6000,903.9,0.7411152836,2.5
6000,903.95,0.7411158902,2.5
6000,904,0.741116496,2.5
6000,904.05,0.741117101,2.5
6000,904.1,0.7411177051,2.5
6000,904.15,0.7411183085,2.5
6000,904.2,0.7411189111,2.5
6000,904.25,0.7411195128,2.5
6000,904.3,0.7411201138,2.5
6000,904.35,0.7411207139,2.5
6000,904.4,0.7411213133,2.5
6000,904.45,0.7411219119,2.5
6000,904.5,0.7411225096,2.5
6000,904.55,0.7411231066,2.5
6000,904.6,0.7411237028,2.5
6000,904.65,0.7411242982,2.5
6000,904.7,0.7411248928,2.5
6000,904.75,0.7411254866,2.5
6000,904.8,0.7411260796,2.5
6000,904.85,0.7411266718,2.5
6000,904.9,0.7411272632,2.5
6000,904.95,0.7411278539,2.5
6000,905,0.7411284437,2.5
6000,905.05,0.7411290328,2.5
6000,905.1,0.741129621,2.5
6000,905.15,0.7411302085,2.5
6000,905.2,0.7411307953,2.5
6000,905.25,0.7411313812,2.5
6000,905.3,0.7411319663,2.5
6000,905.35,0.7411325507,2.5
6000,905.4,0.7411331343,2.5
6000,905.45,0.7411337171,2.5
6000,905.5,0.7411342991,2.5
6000,905.55,0.7411348803,2.5
6000,905.6,0.7411354608,2.5
6000,905.65,0.7411360405,2.5
6000,905.7,0.7411366194,2.5
6000,905.75,0.7411371976,2.5
6000,905.8,0.741137775,2.5
6000,905.85,0.7411383516,2.5
6000,905.9,0.7411389274,2.5
6000,905.95,0.7411395025,2.5
6000,906,0.7411400768,2.5
6000,906.05,0.7411406503,2.5
6000,906.1,0.741141223,2.5
6000,906.15,0.741141795,2.5
6000,906.2,0.7411423663,2.5
6000,906.25,0.7411429367,2.5
6000,906.3,0.7411435064,2.5
6000,906.35,0.7411440754,2.5
6000,906.4,0.7411446435,2.5
6000,906.45,0.7411452109,2.5
6000,906.5,0.7411457776,2.5
6000,906.55,0.7411463435,2.5
6000,906.6,0.7411469086,2.5
6000,906.65,0.741147473,2.5
6000,906.7,0.7411480366,2.5
6000,906.75,0.7411485995,2.5
6000,906.8,0.7411491616,2.5
6000,906.85,0.741149723,2.5
6000,906.9,0.7411502836,2.5
6000,906.95,0.7411508434,2.5
6000,907,0.7411514025,2.5
6000,907.05,0.7411519609,2.5
6000,907.1,0.7411525185,2.5
6000,907.15,0.7411530754,2.5
6000,907.2,0.7411536315,2.5
6000,907.25,0.7411541868,2.5
6000,907.3,0.7411547414,2.5
6000,907.35,0.7411552953,2.5
6000,907.4,0.7411558485,2.5
6000,907.45,0.7411564008,2.5
6000,907.5,0.7411569525,2.5
6000,907.55,0.7411575034,2.5
6000,907.6,0.7411580535,2.5
6000,907.65,0.741158603,2.5
6000,907.7,0.7411591517,2.5
6000,907.75,0.7411596996,2.5
6000,907.8,0.7411602468,2.5
6000,907.85,0.7411607933,2.5
6000,907.9,0.741161339,2.5
6000,907.95,0.741161884,2.5
6000,908,0.7411624283,2.5
6000,908.05,0.7411629719,2.5
6000,908.1,0.7411635147,2.5
6000,908.15,0.7411640567,2.5
6000,908.2,0.7411645981,2.5
6000,908.25,0.7411651387,2.5
6000,908.3,0.7411656786,2.5
6000,908.35,0.7411662178,2.5
6000,908.4,0.7411667562,2.5
6000,908.45,0.7411672939,2.5
6000,908.5,0.7411678309,2.5
6000,908.55,0.7411683672,2.5
6000,908.6,0.7411689027,2.5
6000,908.65,0.7411694375,2.5
6000,908.7,0.7411699717,2.5
6000,908.75,0.741170505,2.5
6000,908.8,0.7411710377,2.5
6000,908.85,0.7411715696,2.5
6000,908.9,0.7411721009,2.5
6000,908.95,0.7411726314,2.5
6000,909,0.7411731612,2.5
6000,909.05,0.7411736903,2.5
6000,909.1,0.7411742186,2.5
6000,909.15,0.7411747463,2.5
6000,909.2,0.7411752732,2.5
6000,909.25,0.7411757994,2.5
6000,909.3,0.741176325,2.5
6000,909.35,0.7411768498,2.5
6000,909.4,0.7411773739,2.5
6000,909.45,0.7411778973,2.5
6000,909.5,0.7411784199,2.5
6000,909.55,0.7411789419,2.5
6000,909.6,0.7411794632,2.5
6000,909.65,0.7411799838,2.5
6000,909.7,0.7411805036,2.5
6000,909.75,0.7411810228,2.5
6000,909.8,0.7411815413,2.5
6000,909.85,0.741182059,2.5
6000,909.9,0.7411825761,2.5
6000,909.95,0.7411830924,2.5
6000,910,0.7411836081,2.5
6000,910.05,0.7411841231,2.5
6000,910.1,0.7411846373,2.5
6000,910.15,0.7411851509,2.5
6000,910.2,0.7411856638,2.5
6000,910.25,0.7411861759,2.5
6000,910.3,0.7411866874,2.5
6000,910.35,0.7411871982,2.5
6000,910.4,0.7411877083,2.5
6000,910.45,0.7411882177,2.5
6000,910.5,0.7411887265,2.5
6000,910.55,0.7411892345,2.5
6000,910.6,0.7411897418,2.5
6000,910.65,0.7411902485,2.5
6000,910.7,0.7411907545,2.5
6000,910.75,0.7411912597,2.5
6000,910.8,0.7411917643,2.5
6000,910.85,0.7411922683,2.5
6000,910.9,0.7411927715,2.5
6000,910.95,0.741193274,2.5
6000,911,0.7411937759,2.5
6000,911.05,0.7411942771,2.5
6000,911.1,0.7411947776,2.5
6000,911.15,0.7411952774,2.5
6000,911.2,0.7411957766,2.5
6000,911.25,0.741196275,2.5
6000,911.3,0.7411967728,2.5
6000,911.35,0.7411972699,2.5
6000,911.4,0.7411977664,2.5
6000,911.45,0.7411982621,2.5
6000,911.5,0.7411987572,2.5
6000,911.55,0.7411992516,2.5
6000,911.6,0.7411997454,2.5
6000,911.65,0.7412002385,2.5
6000,911.7,0.7412007309,2.5
6000,911.75,0.7412012226,2.5
6000,911.8,0.7412017137,2.5
6000,911.85,0.7412022041,2.5
6000,911.9,0.7412026938,2.5
6000,911.95,0.7412031829,2.5
6000,912,0.7412036713,2.5
6000,912.05,0.741204159,2.5
6000,912.1,0.7412046461,2.5
6000,912.15,0.7412051325,2.5
6000,912.2,0.7412056182,2.5
6000,912.25,0.7412061033,2.5
6000,912.3,0.7412065878,2.5
6000,912.35,0.7412070715,2.5
6000,912.4,0.7412075546,2.5
6000,912.45,0.7412080371,2.5
6000,912.5,0.7412085189,2.5
6000,912.55,0.741209,2.5
6000,912.6,0.7412094805,2.5
6000,912.65,0.7412099603,2.5
6000,912.7,0.7412104395,2.5
6000,912.75,0.741210918,2.5
6000,912.8,0.7412113958,2.5
6000,912.85,0.741211873,2.5
6000,912.9,0.7412123496,2.5
6000,912.95,0.7412128255,2.5
6000,913,0.7412133008,2.5
6000,913.05,0.7412137754,2.5
6000,913.1,0.7412142494,2.5
6000,913.15,0.7412147227,2.5
6000,913.2,0.7412151953,2.5
6000,913.25,0.7412156674,2.5
6000,913.3,0.7412161387,2.5
6000,913.35,0.7412166095,2.5
6000,913.4,0.7412170796,2.5
6000,913.45,0.741217549,2.5
6000,913.5,0.7412180178,2.5
6000,913.55,0.741218486,2.5
6000,913.6,0.7412189535,2.5
6000,913.65,0.7412194204,2.5
6000,913.7,0.7412198867,2.5
6000,913.75,0.7412203523,2.5
6000,913.8,0.7412208173,2.5
6000,913.85,0.7412212816,2.5
6000,913.9,0.7412217453,2.5
6000,913.95,0.7412222084,2.5
6000,914,0.7412226708,2.5
6000,914.05,0.7412231326,2.5
6000,914.1,0.7412235938,2.5
6000,914.15,0.7412240543,2.5
6000,914.2,0.7412245142,2.5
6000,914.25,0.7412249735,2.5
6000,914.3,0.7412254322,2.5
6000,914.35,0.7412258902,2.5
6000,914.4,0.7412263476,2.5
6000,914.45,0.7412268044,2.5
6000,914.5,0.7412272605,2.5
6000,914.55,0.741227716,2.5
6000,914.6,0.7412281709,2.5
6000,914.65,0.7412286252,2.5
6000,914.7,0.7412290788,2.5
6000,914.75,0.7412295318,2.5
6000,914.8,0.7412299842,2.5
6000,914.85,0.741230436,2.5
6000,914.9,0.7412308872,2.5
6000,914.95,0.7412313377,2.5
6000,915,0.7412317877,2.5
6000,915.05,0.741232237,2.5
6000,915.1,0.7412326857,2.5
6000,915.15,0.7412331337,2.5
6000,915.2,0.7412335812,2.5
6000,915.25,0.741234028,2.5
6000,915.3,0.7412344743,2.5
6000,915.35,0.7412349199,2.5
6000,915.4,0.7412353649,2.5
6000,915.45,0.7412358093,2.5
6000,915.5,0.7412362531,2.5
6000,915.55,0.7412366962,2.5
6000,915.6,0.7412371388,2.5
6000,915.65,0.7412375808,2.5
6000,915.7,0.7412380221,2.5
6000,915.75,0.7412384629,2.5
6000,915.8,0.741238903,2.5
6000,915.85,0.7412393425,2.5
6000,915.9,0.7412397814,2.5
6000,915.95,0.7412402198,2.5
6000,916,0.7412406575,2.5
6000,916.05,0.7412410946,2.5
6000,916.1,0.7412415311,2.5
6000,916.15,0.741241967,2.5
6000,916.2,0.7412424023,2.5
6000,916.25,0.741242837,2.5
6000,916.3,0.7412432712,2.5
6000,916.35,0.7412437047,2.5
6000,916.4,0.7412441376,2.5
6000,916.45,0.7412445699,2.5
6000,916.5,0.7412450016,2.5
6000,916.55,0.7412454328,2.5
6000,916.6,0.7412458633,2.5
6000,916.65,0.7412462932,2.5
6000,916.7,0.7412467226,2.5
6000,916.75,0.7412471514,2.5
6000,916.8,0.7412475795,2.5
6000,916.85,0.7412480071,2.5
6000,916.9,0.7412484341,2.5
6000,916.95,0.7412488605,2.5
6000,917,0.7412492863,2.5
6000,917.05,0.7412497115,2.5
6000,917.1,0.7412501361,2.5
6000,917.15,0.7412505602,2.5
6000,917.2,0.7412509836,2.5
6000,917.25,0.7412514065,2.5
6000,917.3,0.7412518288,2.5
6000,917.35,0.7412522505,2.5
6000,917.4,0.7412526716,2.5
6000,917.45,0.7412530922,2.5
6000,917.5,0.7412535122,2.5
6000,917.55,0.7412539315,2.5
6000,917.6,0.7412543503,2.5
6000,917.65,0.7412547686,2.5
6000,917.7,0.7412551862,2.5
6000,917.75,0.7412556033,2.5
6000,917.8,0.7412560198,2.5
6000,917.85,0.7412564357,2.5
6000,917.9,0.741256851,2.5
6000,917.95,0.7412572658,2.5
6000,918,0.74125768,2.5
6000,918.05,0.7412580936,2.5
6000,918.1,0.7412585066,2.5
6000,918.15,0.7412589191,2.5
6000,918.2,0.741259331,2.5
6000,918.25,0.7412597423,2.5
6000,918.3,0.7412601531,2.5
6000,918.35,0.7412605633,2.5
6000,918.4,0.7412609729,2.5
6000,918.45,0.741261382,2.5
6000,918.5,0.7412617905,2.5
6000,918.55,0.7412621984,2.5
6000,918.6,0.7412626057,2.5
6000,918.65,0.7412630125,2.5
6000,918.7,0.7412634188,2.5
6000,918.75,0.7412638244,2.5
6000,918.8,0.7412642295,2.5
6000,918.85,0.7412646341,2.5
6000,918.9,0.741265038,2.5
6000,918.95,0.7412654415,2.5
6000,919,0.7412658443,2.5
6000,919.05,0.7412662466,2.5
6000,919.1,0.7412666484,2.5
6000,919.15,0.7412670495,2.5
6000,919.2,0.7412674502,2.5
6000,919.25,0.7412678502,2.5
6000,919.3,0.7412682498,2.5
6000,919.35,0.7412686487,2.5
6000,919.4,0.7412690471,2.5
6000,919.45,0.741269445,2.5
6000,919.5,0.7412698423,2.5
6000,919.55,0.741270239,2.5
6000,919.6,0.7412706352,2.5
6000,919.65,0.7412710308,2.5
6000,919.7,0.7412714259,2.5
6000,919.75,0.7412718205,2.5
6000,919.8,0.7412722145,2.5
6000,919.85,0.7412726079,2.5
6000,919.9,0.7412730008,2.5
6000,919.95,0.7412733932,2.5
6000,920,0.741273785,2.5
6000,920.05,0.7412741762,2.5
6000,920.1,0.741274567,2.5
6000,920.15,0.7412749571,2.5
6000,920.2,0.7412753468,2.5
6000,920.25,0.7412757358,2.5
6000,920.3,0.7412761244,2.5
6000,920.35,0.7412765124,2.5
6000,920.4,0.7412768999,2.5
6000,920.45,0.7412772868,2.5
6000,920.5,0.7412776732,2.5
6000,920.55,0.741278059,2.5
6000,920.6,0.7412784443,2.5
6000,920.65,0.7412788291,2.5
6000,920.7,0.7412792133,2.5
6000,920.75,0.741279597,2.5
6000,920.8,0.7412799802,2.5
6000,920.85,0.7412803628,2.5
6000,920.9,0.7412807449,2.5
6000,920.95,0.7412811264,2.5
6000,921,0.7412815075,2.5
6000,921.05,0.741281888,2.5
6000,921.1,0.7412822679,2.5
6000,921.15,0.7412826474,2.5
6000,921.2,0.7412830263,2.5
6000,921.25,0.7412834046,2.5
6000,921.3,0.7412837825,2.5
6000,921.35,0.7412841598,2.5
6000,921.4,0.7412845366,2.5
6000,921.45,0.7412849129,2.5
6000,921.5,0.7412852886,2.5
6000,921.55,0.7412856638,2.5
6000,921.6,0.7412860385,2.5
6000,921.65,0.7412864127,2.5
6000,921.7,0.7412867863,2.5
6000,921.75,0.7412871594,2.5
6000,921.8,0.741287532,2.5
6000,921.85,0.7412879041,2.5
6000,921.9,0.7412882757,2.5
6000,921.95,0.7412886467,2.5
6000,922,0.7412890172,2.5
6000,922.05,0.7412893872,2.5
6000,922.1,0.7412897567,2.5
6000,922.15,0.7412901256,2.5
6000,922.2,0.7412904941,2.5
6000,922.25,0.741290862,2.5
6000,922.3,0.7412912294,2.5
6000,922.35,0.7412915963,2.5
6000,922.4,0.7412919627,2.5
6000,922.45,0.7412923286,2.5
6000,922.5,0.741292694,2.5
6000,922.55,0.7412930588,2.5
6000,922.6,0.7412934231,2.5
6000,922.65,0.741293787,2.5
6000,922.7,0.7412941503,2.5
6000,922.75,0.7412945131,2.5
6000,922.8,0.7412948754,2.5
6000,922.85,0.7412952372,2.5
6000,922.9,0.7412955984,2.5
6000,922.95,0.7412959592,2.5
6000,923,0.7412963195,2.5
6000,923.05,0.7412966792,2.5
6000,923.1,0.7412970385,2.5
6000,923.15,0.7412973973,2.5
6000,923.2,0.7412977555,2.5
6000,923.25,0.7412981132,2.5
6000,923.3,0.7412984705,2.5
6000,923.35,0.7412988272,2.5
6000,923.4,0.7412991835,2.5
6000,923.45,0.7412995392,2.5
6000,923.5,0.7412998944,2.5
6000,923.55,0.7413002492,2.5
6000,923.6,0.7413006034,2.5
6000,923.65,0.7413009572,2.5
6000,923.7,0.7413013104,2.5
6000,923.75,0.7413016632,2.5
6000,923.8,0.7413020154,2.5
6000,923.85,0.7413023672,2.5
6000,923.9,0.7413027184,2.5
6000,923.95,0.7413030692,2.5
6000,924,0.7413034195,2.5
6000,924.05,0.7413037693,2.5
6000,924.1,0.7413041186,2.5
6000,924.15,0.7413044673,2.5
6000,924.2,0.7413048157,2.5
6000,924.25,0.7413051635,2.5
6000,924.3,0.7413055108,2.5
6000,924.35,0.7413058576,2.5
6000,924.4,0.741306204,2.5
6000,924.45,0.7413065498,2.5
6000,924.5,0.7413068952,2.5
6000,924.55,0.7413072401,2.5
6000,924.6,0.7413075845,2.5
6000,924.65,0.7413079284,2.5
6000,924.7,0.7413082718,2.5
6000,924.75,0.7413086148,2.5
6000,924.8,0.7413089572,2.5
6000,924.85,0.7413092992,2.5
6000,924.9,0.7413096407,2.5
6000,924.95,0.7413099817,2.5
6000,925,0.7413103223,2.5
6000,925.05,0.7413106623,2.5
6000,925.1,0.7413110019,2.5
6000,925.15,0.741311341,2.5
6000,925.2,0.7413116796,2.5
6000,925.25,0.7413120177,2.5
6000,925.3,0.7413123554,2.5
6000,925.35,0.7413126926,2.5
6000,925.4,0.7413130293,2.5
6000,925.45,0.7413133655,2.5
6000,925.5,0.7413137013,2.5
6000,925.55,0.7413140365,2.5
6000,925.6,0.7413143713,2.5
6000,925.65,0.7413147057,2.5
6000,925.7,0.7413150395,2.5
6000,925.75,0.7413153729,2.5
6000,925.8,0.7413157058,2.5
6000,925.85,0.7413160383,2.5
6000,925.9,0.7413163703,2.5
6000,925.95,0.7413167018,2.5
6000,926,0.7413170328,2.5
6000,926.05,0.7413173634,2.5
6000,926.1,0.7413176935,2.5
6000,926.15,0.7413180231,2.5
6000,926.2,0.7413183523,2.5
6000,926.25,0.741318681,2.5
6000,926.3,0.7413190092,2.5
6000,926.35,0.741319337,2.5
6000,926.4,0.7413196643,2.5
6000,926.45,0.7413199911,2.5
6000,926.5,0.7413203175,2.5
6000,926.55,0.7413206434,2.5
6000,926.6,0.7413209689,2.5
6000,926.65,0.7413212939,2.5
6000,926.7,0.7413216184,2.5
6000,926.75,0.7413219425,2.5
6000,926.8,0.7413222661,2.5
6000,926.85,0.7413225892,2.5
6000,926.9,0.7413229119,2.5
6000,926.95,0.7413232341,2.5
6000,927,0.7413235559,2.5
6000,927.05,0.7413238773,2.5
6000,927.1,0.7413241981,2.5
6000,927.15,0.7413245185,2.5
6000,927.2,0.7413248385,2.5
6000,927.25,0.741325158,2.5
6000,927.3,0.741325477,2.5
6000,927.35,0.7413257956,2.5
6000,927.4,0.7413261138,2.5
6000,927.45,0.7413264315,2.5
6000,927.5,0.7413267487,2.5
6000,927.55,0.7413270655,2.5
6000,927.6,0.7413273818,2.5
6000,927.65,0.7413276977,2.5
6000,927.7,0.7413280132,2.5
6000,927.75,0.7413283281,2.5
6000,927.8,0.7413286427,2.5
6000,927.85,0.7413289568,2.5
6000,927.9,0.7413292704,2.5
6000,927.95,0.7413295836,2.5
6000,928,0.7413298964,2.5
6000,928.05,0.7413302087,2.5
6000,928.1,0.7413305206,2.5
6000,928.15,0.741330832,2.5
6000,928.2,0.741331143,2.5
6000,928.25,0.7413314535,2.5
6000,928.3,0.7413317636,2.5
6000,928.35,0.7413320733,2.5
6000,928.4,0.7413323825,2.5
6000,928.45,0.7413326912,2.5
6000,928.5,0.7413329996,2.5
6000,928.55,0.7413333075,2.5
6000,928.6,0.7413336149,2.5
6000,928.65,0.7413339219,2.5
6000,928.7,0.7413342285,2.5
6000,928.75,0.7413345347,2.5
6000,928.8,0.7413348404,2.5
6000,928.85,0.7413351456,2.5
6000,928.9,0.7413354505,2.5
6000,928.95,0.7413357549,2.5
6000,929,0.7413360588,2.5
6000,929.05,0.7413363624,2.5
6000,929.1,0.7413366655,2.5
6000,929.15,0.7413369681,2.5
6000,929.2,0.7413372704,2.5
6000,929.25,0.7413375722,2.5
6000,929.3,0.7413378735,2.5
6000,929.35,0.7413381745,2.5
6000,929.4,0.741338475,2.5
6000,929.45,0.7413387751,2.5
6000,929.5,0.7413390747,2.5
6000,929.55,0.7413393739,2.5
6000,929.6,0.7413396727,2.5
6000,929.65,0.7413399711,2.5
6000,929.7,0.741340269,2.5
6000,929.75,0.7413405666,2.5
6000,929.8,0.7413408637,2.5
6000,929.85,0.7413411603,2.5
6000,929.9,0.7413414566,2.5
6000,929.95,0.7413417524,2.5
6000,930,0.7413420478,2.5
6000,930.05,0.7413423428,2.5
6000,930.1,0.7413426373,2.5
6000,930.15,0.7413429314,2.5
6000,930.2,0.7413432251,2.5
6000,930.25,0.7413435184,2.5
6000,930.3,0.7413438113,2.5
6000,930.35,0.7413441037,2.5
6000,930.4,0.7413443958,2.5
6000,930.45,0.7413446874,2.5
6000,930.5,0.7413449786,2.5
6000,930.55,0.7413452694,2.5
6000,930.6,0.7413455597,2.5
6000,930.65,0.7413458497,2.5
6000,930.7,0.7413461392,2.5
6000,930.75,0.7413464283,2.5
6000,930.8,0.741346717,2.5
6000,930.85,0.7413470053,2.5
6000,930.9,0.7413472932,2.5
6000,930.95,0.7413475806,2.5
6000,931,0.7413478677,2.5
6000,931.05,0.7413481543,2.5
6000,931.1,0.7413484405,2.5
6000,931.15,0.7413487263,2.5
6000,931.2,0.7413490117,2.5
6000,931.25,0.7413492967,2.5
6000,931.3,0.7413495813,2.5
6000,931.35,0.7413498655,2.5
6000,931.4,0.7413501493,2.5
6000,931.45,0.7413504326,2.5
6000,931.5,0.7413507156,2.5
6000,931.55,0.7413509981,2.5
6000,931.6,0.7413512803,2.5
6000,931.65,0.741351562,2.5
6000,931.7,0.7413518433,2.5
6000,931.75,0.7413521243,2.5
6000,931.8,0.7413524048,2.5
6000,931.85,0.7413526849,2.5
6000,931.9,0.7413529646,2.5
6000,931.95,0.7413532439,2.5
6000,932,0.7413535228,2.5
6000,932.05,0.7413538014,2.5
6000,932.1,0.7413540795,2.5
6000,932.15,0.7413543572,2.5
6000,932.2,0.7413546345,2.5
6000,932.25,0.7413549114,2.5
6000,932.3,0.7413551879,2.5
6000,932.35,0.741355464,2.5
6000,932.4,0.7413557397,2.5
6000,932.45,0.7413560151,2.5
6000,932.5,0.74135629,2.5
6000,932.55,0.7413565645,2.5
6000,932.6,0.7413568386,2.5
6000,932.65,0.7413571124,2.5
6000,932.7,0.7413573857,2.5
6000,932.75,0.7413576587,2.5
6000,932.8,0.7413579312,2.5
6000,932.85,0.7413582034,2.5
6000,932.9,0.7413584752,2.5
6000,932.95,0.7413587465,2.5
6000,933,0.7413590175,2.5
6000,933.05,0.7413592881,2.5
6000,933.1,0.7413595583,2.5
6000,933.15,0.7413598281,2.5
6000,933.2,0.7413600976,2.5
6000,933.25,0.7413603666,2.5
6000,933.3,0.7413606353,2.5
6000,933.35,0.7413609035,2.5
6000,933.4,0.7413611714,2.5
6000,933.45,0.7413614389,2.5
6000,933.5,0.741361706,2.5
6000,933.55,0.7413619727,2.5
6000,933.6,0.741362239,2.5
6000,933.65,0.741362505,2.5
6000,933.7,0.7413627705,2.5
6000,933.75,0.7413630357,2.5
6000,933.8,0.7413633005,2.5
6000,933.85,0.7413635649,2.5
6000,933.9,0.7413638289,2.5
6000,933.95,0.7413640926,2.5
6000,934,0.7413643559,2.5
6000,934.05,0.7413646187,2.5
6000,934.1,0.7413648813,2.5
6000,934.15,0.7413651434,2.5
6000,934.2,0.7413654051,2.5
6000,934.25,0.7413656665,2.5
6000,934.3,0.7413659275,2.5
6000,934.35,0.7413661881,2.5
6000,934.4,0.7413664483,2.5
6000,934.45,0.7413667082,2.5
6000,934.5,0.7413669677,2.5
6000,934.55,0.7413672268,2.5
6000,934.6,0.7413674855,2.5
6000,934.65,0.7413677439,2.5
6000,934.7,0.7413680018,2.5
6000,934.75,0.7413682595,2.5
6000,934.8,0.7413685167,2.5
6000,934.85,0.7413687736,2.5
6000,934.9,0.74136903,2.5
6000,934.95,0.7413692862,2.5
6000,935,0.7413695419,2.5
6000,935.05,0.7413697973,2.5
6000,935.1,0.7413700523,2.5
6000,935.15,0.7413703069,2.5
6000,935.2,0.7413705612,2.5
6000,935.25,0.7413708151,2.5
6000,935.3,0.7413710686,2.5
6000,935.35,0.7413713218,2.5
6000,935.4,0.7413715746,2.5
6000,935.45,0.741371827,2.5
6000,935.5,0.7413720791,2.5
6000,935.55,0.7413723307,2.5
6000,935.6,0.7413725821,2.5
6000,935.65,0.741372833,2.5
6000,935.7,0.7413730836,2.5
6000,935.75,0.7413733339,2.5
6000,935.8,0.7413735837,2.5
6000,935.85,0.7413738333,2.5
6000,935.9,0.7413740824,2.5
6000,935.95,0.7413743312,2.5
6000,936,0.7413745796,2.5
6000,936.05,0.7413748277,2.5
6000,936.1,0.7413750754,2.5
6000,936.15,0.7413753227,2.5
6000,936.2,0.7413755697,2.5
6000,936.25,0.7413758163,2.5
6000,936.3,0.7413760626,2.5
6000,936.35,0.7413763085,2.5
6000,936.4,0.741376554,2.5
6000,936.45,0.7413767992,2.5
6000,936.5,0.741377044,2.5
6000,936.55,0.7413772885,2.5
6000,936.6,0.7413775326,2.5
6000,936.65,0.7413777764,2.5
6000,936.7,0.7413780198,2.5
6000,936.75,0.7413782629,2.5
6000,936.8,0.7413785056,2.5
6000,936.85,0.7413787479,2.5
6000,936.9,0.7413789899,2.5
6000,936.95,0.7413792315,2.5
6000,937,0.7413794728,2.5
6000,937.05,0.7413797138,2.5
6000,937.1,0.7413799544,2.5
6000,937.15,0.7413801946,2.5
6000,937.2,0.7413804345,2.5
6000,937.25,0.741380674,2.5
6000,937.3,0.7413809132,2.5
6000,937.35,0.741381152,2.5
6000,937.4,0.7413813905,2.5
6000,937.45,0.7413816287,2.5
6000,937.5,0.7413818665,2.5
6000,937.55,0.7413821039,2.5
6000,937.6,0.741382341,2.5
6000,937.65,0.7413825777,2.5
6000,937.7,0.7413828142,2.5
6000,937.75,0.7413830502,2.5
6000,937.8,0.7413832859,2.5
6000,937.85,0.7413835213,2.5
6000,937.9,0.7413837563,2.5
6000,937.95,0.741383991,2.5
6000,938,0.7413842254,2.5
6000,938.05,0.7413844594,2.5
6000,938.1,0.741384693,2.5
6000,938.15,0.7413849263,2.5
6000,938.2,0.7413851593,2.5
6000,938.25,0.7413853919,2.5
6000,938.3,0.7413856242,2.5
6000,938.35,0.7413858562,2.5
6000,938.4,0.7413860878,2.5
6000,938.45,0.7413863191,2.5
6000,938.5,0.74138655,2.5
6000,938.55,0.7413867806,2.5
6000,938.6,0.7413870109,2.5
6000,938.65,0.7413872408,2.5
6000,938.7,0.7413874704,2.5
6000,938.75,0.7413876996,2.5
6000,938.8,0.7413879286,2.5
6000,938.85,0.7413881571,2.5
6000,938.9,0.7413883854,2.5
6000,938.95,0.7413886133,2.5
6000,939,0.7413888409,2.5
6000,939.05,0.7413890681,2.5
6000,939.1,0.741389295,2.5
6000,939.15,0.7413895216,2.5
6000,939.2,0.7413897479,2.5
6000,939.25,0.7413899738,2.5
6000,939.3,0.7413901994,2.5
6000,939.35,0.7413904246,2.5
6000,939.4,0.7413906495,2.5
6000,939.45,0.7413908741,2.5
6000,939.5,0.7413910984,2.5
6000,939.55,0.7413913223,2.5
6000,939.6,0.7413915459,2.5
6000,939.65,0.7413917692,2.5
6000,939.7,0.7413919921,2.5
6000,939.75,0.7413922148,2.5
6000,939.8,0.7413924371,2.5
6000,939.85,0.741392659,2.5
6000,939.9,0.7413928807,2.5
6000,939.95,0.741393102,2.5
6000,940,0.741393323,2.5
6000,940.05,0.7413935437,2.5
6000,940.1,0.741393764,2.5
6000,940.15,0.741393984,2.5
6000,940.2,0.7413942037,2.5
6000,940.25,0.7413944231,2.5
6000,940.3,0.7413946421,2.5
6000,940.35,0.7413948609,2.5
6000,940.4,0.7413950793,2.5
6000,940.45,0.7413952973,2.5
6000,940.5,0.7413955151,2.5
6000,940.55,0.7413957326,2.5
6000,940.6,0.7413959497,2.5
6000,940.65,0.7413961665,2.5
6000,940.7,0.741396383,2.5
6000,940.75,0.7413965991,2.5
6000,940.8,0.741396815,2.5
6000,940.85,0.7413970305,2.5
6000,940.9,0.7413972457,2.5
6000,940.95,0.7413974606,2.5
6000,941,0.7413976752,2.5
6000,941.05,0.7413978895,2.5
6000,941.1,0.7413981034,2.5
6000,941.15,0.7413983171,2.5
6000,941.2,0.7413985304,2.5
6000,941.25,0.7413987434,2.5
6000,941.3,0.7413989561,2.5
6000,941.35,0.7413991684,2.5
6000,941.4,0.7413993805,2.5
6000,941.45,0.7413995922,2.5
6000,941.5,0.7413998037,2.5
6000,941.55,0.7414000148,2.5
6000,941.6,0.7414002256,2.5
6000,941.65,0.7414004361,2.5
6000,941.7,0.7414006463,2.5
6000,941.75,0.7414008562,2.5
6000,941.8,0.7414010658,2.5
6000,941.85,0.741401275,2.5
6000,941.9,0.741401484,2.5
6000,941.95,0.7414016926,2.5
6000,942,0.741401901,2.5
6000,942.05,0.741402109,2.5
6000,942.1,0.7414023167,2.5
6000,942.15,0.7414025241,2.5
6000,942.2,0.7414027313,2.5
6000,942.25,0.7414029381,2.5
6000,942.3,0.7414031446,2.5
6000,942.35,0.7414033508,2.5
6000,942.4,0.7414035566,2.5
6000,942.45,0.7414037622,2.5
6000,942.5,0.7414039675,2.5
6000,942.55,0.7414041725,2.5
6000,942.6,0.7414043771,2.5
6000,942.65,0.7414045815,2.5
6000,942.7,0.7414047856,2.5
6000,942.75,0.7414049894,2.5
6000,942.8,0.7414051928,2.5
6000,942.85,0.741405396,2.5
6000,942.9,0.7414055988,2.5
6000,942.95,0.7414058014,2.5
6000,943,0.7414060037,2.5
6000,943.05,0.7414062056,2.5
6000,943.1,0.7414064073,2.5
6000,943.15,0.7414066087,2.5
6000,943.2,0.7414068097,2.5
6000,943.25,0.7414070105,2.5
6000,943.3,0.741407211,2.5
6000,943.35,0.7414074111,2.5
6000,943.4,0.741407611,2.5
6000,943.45,0.7414078106,2.5
6000,943.5,0.7414080099,2.5
6000,943.55,0.7414082089,2.5
6000,943.6,0.7414084076,2.5
6000,943.65,0.741408606,2.5
6000,943.7,0.7414088041,2.5
6000,943.75,0.7414090019,2.5
6000,943.8,0.7414091994,2.5
6000,943.85,0.7414093966,2.5
6000,943.9,0.7414095935,2.5
6000,943.95,0.7414097902,2.5
6000,944,0.7414099865,2.5
6000,944.05,0.7414101826,2.5
6000,944.1,0.7414103784,2.5
6000,944.15,0.7414105738,2.5
6000,944.2,0.741410769,2.5
6000,944.25,0.7414109639,2.5
6000,944.3,0.7414111585,2.5
6000,944.35,0.7414113528,2.5
6000,944.4,0.7414115469,2.5
6000,944.45,0.7414117406,2.5
6000,944.5,0.741411934,2.5
6000,944.55,0.7414121272,2.5
6000,944.6,0.7414123201,2.5
6000,944.65,0.7414125127,2.5
6000,944.7,0.741412705,2.5
6000,944.75,0.741412897,2.5
6000,944.8,0.7414130887,2.5
6000,944.85,0.7414132802,2.5
6000,944.9,0.7414134713,2.5
6000,944.95,0.7414136622,2.5
6000,945,0.7414138528,2.5
6000,945.05,0.7414140431,2.5
6000,945.1,0.7414142331,2.5
6000,945.15,0.7414144229,2.5
6000,945.2,0.7414146123,2.5
6000,945.25,0.7414148015,2.5
6000,945.3,0.7414149904,2.5
6000,945.35,0.741415179,2.5
6000,945.4,0.7414153673,2.5
6000,945.45,0.7414155554,2.5
6000,945.5,0.7414157432,2.5
6000,945.55,0.7414159307,2.5
6000,945.6,0.7414161179,2.5
6000,945.65,0.7414163048,2.5
6000,945.7,0.7414164915,2.5
6000,945.75,0.7414166778,2.5
6000,945.8,0.7414168639,2.5
6000,945.85,0.7414170498,2.5
6000,945.9,0.7414172353,2.5
6000,945.95,0.7414174206,2.5
6000,946,0.7414176056,2.5
6000,946.05,0.7414177903,2.5
6000,946.1,0.7414179747,2.5
6000,946.15,0.7414181589,2.5
6000,946.2,0.7414183428,2.5
6000,946.25,0.7414185264,2.5
6000,946.3,0.7414187097,2.5
6000,946.35,0.7414188928,2.5
6000,946.4,0.7414190756,2.5
6000,946.45,0.7414192581,2.5
6000,946.5,0.7414194403,2.5
6000,946.55,0.7414196223,2.5
6000,946.6,0.741419804,2.5
6000,946.65,0.7414199855,2.5
6000,946.7,0.7414201666,2.5
6000,946.75,0.7414203475,2.5
6000,946.8,0.7414205281,2.5
6000,946.85,0.7414207085,2.5
6000,946.9,0.7414208885,2.5
6000,946.95,0.7414210684,2.5
6000,947,0.7414212479,2.5
6000,947.05,0.7414214272,2.5
6000,947.1,0.7414216062,2.5
6000,947.15,0.7414217849,2.5
6000,947.2,0.7414219634,2.5
6000,947.25,0.7414221416,2.5
6000,947.3,0.7414223195,2.5
6000,947.35,0.7414224972,2.5
6000,947.4,0.7414226746,2.5
6000,947.45,0.7414228517,2.5
6000,947.5,0.7414230286,2.5
6000,947.55,0.7414232052,2.5
6000,947.6,0.7414233815,2.5
6000,947.65,0.7414235576,2.5
6000,947.7,0.7414237334,2.5
6000,947.75,0.741423909,2.5
6000,947.8,0.7414240842,2.5
6000,947.85,0.7414242593,2.5
6000,947.9,0.741424434,2.5
6000,947.95,0.7414246085,2.5
6000,948,0.7414247828,2.5
6000,948.05,0.7414249567,2.5
6000,948.1,0.7414251305,2.5
6000,948.15,0.7414253039,2.5
6000,948.2,0.7414254771,2.5
6000,948.25,0.74142565,2.5
6000,948.3,0.7414258227,2.5
6000,948.35,0.7414259951,2.5
6000,948.4,0.7414261673,2.5
6000,948.45,0.7414263392,2.5
6000,948.5,0.7414265108,2.5
6000,948.55,0.7414266822,2.5
6000,948.6,0.7414268533,2.5
6000,948.65,0.7414270242,2.5
6000,948.7,0.7414271948,2.5
6000,948.75,0.7414273652,2.5
6000,948.8,0.7414275353,2.5
6000,948.85,0.7414277051,2.5
6000,948.9,0.7414278747,2.5
6000,948.95,0.741428044,2.5
6000,949,0.7414282131,2.5
6000,949.05,0.7414283819,2.5
6000,949.1,0.7414285505,2.5
6000,949.15,0.7414287188,2.5
6000,949.2,0.7414288869,2.5
6000,949.25,0.7414290547,2.5
6000,949.3,0.7414292222,2.5
6000,949.35,0.7414293895,2.5
6000,949.4,0.7414295566,2.5
6000,949.45,0.7414297234,2.5
6000,949.5,0.7414298899,2.5
6000,949.55,0.7414300562,2.5
6000,949.6,0.7414302223,2.5
6000,949.65,0.7414303881,2.5
6000,949.7,0.7414305536,2.5
6000,949.75,0.7414307189,2.5
6000,949.8,0.741430884,2.5
6000,949.85,0.7414310488,2.5
6000,949.9,0.7414312133,2.5
6000,949.95,0.7414313776,2.5
6000,950,0.7414315417,2.5
6000,950.05,0.7414317055,2.5
6000,950.1,0.7414318691,2.5
6000,950.15,0.7414320324,2.5
6000,950.2,0.7414321955,2.5
6000,950.25,0.7414323583,2.5
6000,950.3,0.7414325209,2.5
6000,950.35,0.7414326832,2.5
6000,950.4,0.7414328453,2.5
6000,950.45,0.7414330071,2.5
6000,950.5,0.7414331687,2.5
6000,950.55,0.7414333301,2.5
6000,950.6,0.7414334912,2.5
6000,950.65,0.7414336521,2.5
6000,950.7,0.7414338127,2.5
6000,950.75,0.7414339731,2.5
6000,950.8,0.7414341332,2.5
6000,950.85,0.7414342931,2.5
6000,950.9,0.7414344528,2.5
6000,950.95,0.7414346122,2.5
6000,951,0.7414347714,2.5
6000,951.05,0.7414349303,2.5
6000,951.1,0.741435089,2.5
6000,951.15,0.7414352474,2.5
6000,951.2,0.7414354057,2.5
6000,951.25,0.7414355636,2.5
6000,951.3,0.7414357214,2.5
6000,951.35,0.7414358789,2.5
6000,951.4,0.7414360361,2.5
6000,951.45,0.7414361931,2.5
6000,951.5,0.7414363499,2.5
6000,951.55,0.7414365065,2.5
6000,951.6,0.7414366628,2.5
6000,951.65,0.7414368189,2.5
6000,951.7,0.7414369747,2.5
6000,951.75,0.7414371303,2.5
6000,951.8,0.7414372857,2.5
6000,951.85,0.7414374408,2.5
6000,951.9,0.7414375957,2.5
6000,951.95,0.7414377503,2.5
6000,952,0.7414379048,2.5
6000,952.05,0.741438059,2.5
6000,952.1,0.7414382129,2.5
6000,952.15,0.7414383666,2.5
6000,952.2,0.7414385201,2.5
6000,952.25,0.7414386734,2.5
6000,952.3,0.7414388264,2.5
6000,952.35,0.7414389792,2.5
6000,952.4,0.7414391318,2.5
6000,952.45,0.7414392841,2.5
6000,952.5,0.7414394362,2.5
6000,952.55,0.7414395881,2.5
6000,952.6,0.7414397397,2.5
6000,952.65,0.7414398911,2.5
6000,952.7,0.7414400423,2.5
6000,952.75,0.7414401932,2.5
6000,952.8,0.741440344,2.5
6000,952.85,0.7414404945,2.5
6000,952.9,0.7414406447,2.5
6000,952.95,0.7414407948,2.5
6000,953,0.7414409446,2.5
6000,953.05,0.7414410941,2.5
6000,953.1,0.7414412435,2.5
6000,953.15,0.7414413926,2.5
6000,953.2,0.7414415415,2.5
6000,953.25,0.7414416902,2.5
6000,953.3,0.7414418386,2.5
6000,953.35,0.7414419868,2.5
6000,953.4,0.7414421348,2.5
6000,953.45,0.7414422826,2.5
6000,953.5,0.7414424302,2.5
6000,953.55,0.7414425775,2.5
6000,953.6,0.7414427246,2.5
6000,953.65,0.7414428714,2.5
6000,953.7,0.7414430181,2.5
6000,953.75,0.7414431645,2.5
6000,953.8,0.7414433107,2.5
6000,953.85,0.7414434567,2.5
6000,953.9,0.7414436025,2.5
6000,953.95,0.741443748,2.5
6000,954,0.7414438933,2.5
6000,954.05,0.7414440384,2.5
6000,954.1,0.7414441833,2.5
6000,954.15,0.7414443279,2.5
6000,954.2,0.7414444724,2.5
6000,954.25,0.7414446166,2.5
6000,954.3,0.7414447606,2.5
6000,954.35,0.7414449043,2.5
6000,954.4,0.7414450479,2.5
6000,954.45,0.7414451912,2.5
6000,954.5,0.7414453343,2.5
6000,954.55,0.7414454772,2.5
6000,954.6,0.7414456199,2.5
6000,954.65,0.7414457624,2.5
6000,954.7,0.7414459046,2.5
6000,954.75,0.7414460466,2.5
6000,954.8,0.7414461884,2.5
6000,954.85,0.74144633,2.5
6000,954.9,0.7414464714,2.5
6000,954.95,0.7414466126,2.5
6000,955,0.7414467535,2.5
6000,955.05,0.7414468943,2.5
6000,955.1,0.7414470348,2.5
6000,955.15,0.7414471751,2.5
6000,955.2,0.7414473152,2.5
6000,955.25,0.741447455,2.5
6000,955.3,0.7414475947,2.5
6000,955.35,0.7414477341,2.5
6000,955.4,0.7414478734,2.5
6000,955.45,0.7414480124,2.5
6000,955.5,0.7414481512,2.5
6000,955.55,0.7414482898,2.5
6000,955.6,0.7414484282,2.5
6000,955.65,0.7414485663,2.5
6000,955.7,0.7414487043,2.5
6000,955.75,0.7414488421,2.5
6000,955.8,0.7414489796,2.5
6000,955.85,0.7414491169,2.5
6000,955.9,0.741449254,2.5
6000,955.95,0.741449391,2.5
6000,956,0.7414495277,2.5
6000,956.05,0.7414496641,2.5
6000,956.1,0.7414498004,2.5
6000,956.15,0.7414499365,2.5
6000,956.2,0.7414500724,2.5
6000,956.25,0.741450208,2.5
6000,956.3,0.7414503435,2.5
6000,956.35,0.7414504787,2.5
6000,956.4,0.7414506137,2.5
6000,956.45,0.7414507486,2.5
6000,956.5,0.7414508832,2.5
6000,956.55,0.7414510176,2.5
6000,956.6,0.7414511518,2.5
6000,956.65,0.7414512858,2.5
6000,956.7,0.7414514196,2.5
6000,956.75,0.7414515532,2.5
6000,956.8,0.7414516866,2.5
6000,956.85,0.7414518197,2.5
6000,956.9,0.7414519527,2.5
6000,956.95,0.7414520855,2.5
6000,957,0.7414522181,2.5
6000,957.05,0.7414523504,2.5
6000,957.1,0.7414524826,2.5
6000,957.15,0.7414526146,2.5
6000,957.2,0.7414527463,2.5
6000,957.25,0.7414528779,2.5
6000,957.3,0.7414530092,2.5
6000,957.35,0.7414531404,2.5
6000,957.4,0.7414532713,2.5
6000,957.45,0.7414534021,2.5
6000,957.5,0.7414535326,2.5
6000,957.55,0.741453663,2.5
6000,957.6,0.7414537931,2.5
6000,957.65,0.7414539231,2.5
6000,957.7,0.7414540528,2.5
6000,957.75,0.7414541823,2.5
6000,957.8,0.7414543117,2.5
6000,957.85,0.7414544408,2.5
6000,957.9,0.7414545698,2.5
6000,957.95,0.7414546985,2.5
6000,958,0.7414548271,2.5
6000,958.05,0.7414549555,2.5
6000,958.1,0.7414550836,2.5
6000,958.15,0.7414552116,2.5
6000,958.2,0.7414553393,2.5
6000,958.25,0.7414554669,2.5
6000,958.3,0.7414555943,2.5
6000,958.35,0.7414557215,2.5
6000,958.4,0.7414558484,2.5
6000,958.45,0.7414559752,2.5
6000,958.5,0.7414561018,2.5
6000,958.55,0.7414562282,2.5
6000,958.6,0.7414563544,2.5
6000,958.65,0.7414564804,2.5
6000,958.7,0.7414566062,2.5
6000,958.75,0.7414567318,2.5
6000,958.8,0.7414568573,2.5
6000,958.85,0.7414569825,2.5
6000,958.9,0.7414571075,2.5
6000,958.95,0.7414572324,2.5
6000,959,0.741457357,2.5
6000,959.05,0.7414574815,2.5
6000,959.1,0.7414576057,2.5
6000,959.15,0.7414577298,2.5
6000,959.2,0.7414578537,2.5
6000,959.25,0.7414579774,2.5
6000,959.3,0.7414581009,2.5
6000,959.35,0.7414582242,2.5
6000,959.4,0.7414583473,2.5
6000,959.45,0.7414584703,2.5
6000,959.5,0.741458593,2.5
6000,959.55,0.7414587156,2.5
6000,959.6,0.7414588379,2.5
6000,959.65,0.7414589601,2.5
6000,959.7,0.7414590821,2.5
6000,959.75,0.7414592039,2.5
6000,959.8,0.7414593255,2.5
6000,959.85,0.7414594469,2.5
6000,959.9,0.7414595681,2.5
6000,959.95,0.7414596892,2.5
6000,960,0.74145981,2.5
6000,960.05,0.7414599307,2.5
6000,960.1,0.7414600512,2.5
6000,960.15,0.7414601715,2.5
6000,960.2,0.7414602916,2.5
6000,960.25,0.7414604115,2.5
6000,960.3,0.7414605313,2.5
6000,960.35,0.7414606508,2.5
6000,960.4,0.7414607702,2.5
6000,960.45,0.7414608894,2.5
6000,960.5,0.7414610084,2.5
6000,960.55,0.7414611272,2.5
6000,960.6,0.7414612458,2.5
6000,960.65,0.7414613643,2.5
6000,960.7,0.7414614825,2.5
6000,960.75,0.7414616006,2.5
6000,960.8,0.7414617185,2.5
6000,960.85,0.7414618362,2.5
6000,960.9,0.7414619538,2.5
6000,960.95,0.7414620711,2.5
6000,961,0.7414621883,2.5
6000,961.05,0.7414623053,2.5
6000,961.1,0.7414624221,2.5
6000,961.15,0.7414625387,2.5
6000,961.2,0.7414626552,2.5
6000,961.25,0.7414627714,2.5
6000,961.3,0.7414628875,2.5
6000,961.35,0.7414630034,2.5
6000,961.4,0.7414631192,2.5
6000,961.45,0.7414632347,2.5
6000,961.5,0.7414633501,2.5
6000,961.55,0.7414634653,2.5
6000,961.6,0.7414635803,2.5
6000,961.65,0.7414636951,2.5
6000,961.7,0.7414638097,2.5
6000,961.75,0.7414639242,2.5
6000,961.8,0.7414640385,2.5
6000,961.85,0.7414641526,2.5
6000,961.9,0.7414642666,2.5
6000,961.95,0.7414643803,2.5
6000,962,0.7414644939,2.5
6000,962.05,0.7414646073,2.5
6000,962.1,0.7414647206,2.5
6000,962.15,0.7414648336,2.5
6000,962.2,0.7414649465,2.5
6000,962.25,0.7414650592,2.5
6000,962.3,0.7414651718,2.5
6000,962.35,0.7414652841,2.5
6000,962.4,0.7414653963,2.5
6000,962.45,0.7414655083,2.5
6000,962.5,0.7414656201,2.5
6000,962.55,0.7414657318,2.5
6000,962.6,0.7414658433,2.5
6000,962.65,0.7414659546,2.5
6000,962.7,0.7414660657,2.5
6000,962.75,0.7414661767,2.5
6000,962.8,0.7414662875,2.5
6000,962.85,0.7414663981,2.5
6000,962.9,0.7414665086,2.5
6000,962.95,0.7414666188,2.5
6000,963,0.741466729,2.5
6000,963.05,0.7414668389,2.5
6000,963.1,0.7414669486,2.5
6000,963.15,0.7414670582,2.5
6000,963.2,0.7414671677,2.5
6000,963.25,0.7414672769,2.5
6000,963.3,0.741467386,2.5
6000,963.35,0.7414674949,2.5
6000,963.4,0.7414676036,2.5
6000,963.45,0.7414677122,2.5
6000,963.5,0.7414678206,2.5
6000,963.55,0.7414679288,2.5
6000,963.6,0.7414680369,2.5
6000,963.65,0.7414681448,2.5
6000,963.7,0.7414682525,2.5
6000,963.75,0.7414683601,2.5
6000,963.8,0.7414684675,2.5
6000,963.85,0.7414685747,2.5
6000,963.9,0.7414686818,2.5
6000,963.95,0.7414687886,2.5
6000,964,0.7414688954,2.5
6000,964.05,0.7414690019,2.5
6000,964.1,0.7414691083,2.5
6000,964.15,0.7414692145,2.5
6000,964.2,0.7414693206,2.5
6000,964.25,0.7414694265,2.5
6000,964.3,0.7414695322,2.5
6000,964.35,0.7414696378,2.5
6000,964.4,0.7414697432,2.5
6000,964.45,0.7414698484,2.5
6000,964.5,0.7414699535,2.5
6000,964.55,0.7414700584,2.5
6000,964.6,0.7414701631,2.5
6000,964.65,0.7414702677,2.5
6000,964.7,0.7414703721,2.5
6000,964.75,0.7414704763,2.5
6000,964.8,0.7414705804,2.5
6000,964.85,0.7414706843,2.5
6000,964.9,0.7414707881,2.5
6000,964.95,0.7414708917,2.5
6000,965,0.7414709951,2.5
6000,965.05,0.7414710984,2.5
6000,965.1,0.7414712015,2.5
6000,965.15,0.7414713045,2.5
6000,965.2,0.7414714072,2.5
6000,965.25,0.7414715099,2.5
6000,965.3,0.7414716123,2.5
6000,965.35,0.7414717146,2.5
6000,965.4,0.7414718168,2.5
6000,965.45,0.7414719188,2.5
6000,965.5,0.7414720206,2.5
6000,965.55,0.7414721223,2.5
6000,965.6,0.7414722238,2.5
6000,965.65,0.7414723251,2.5
6000,965.7,0.7414724263,2.5
6000,965.75,0.7414725273,2.5
6000,965.8,0.7414726282,2.5
6000,965.85,0.7414727289,2.5
6000,965.9,0.7414728295,2.5
6000,965.95,0.7414729299,2.5
6000,966,0.7414730301,2.5
6000,966.05,0.7414731302,2.5
6000,966.1,0.7414732301,2.5
6000,966.15,0.7414733299,2.5
6000,966.2,0.7414734295,2.5
6000,966.25,0.741473529,2.5
6000,966.3,0.7414736283,2.5
6000,966.35,0.7414737274,2.5
6000,966.4,0.7414738264,2.5
6000,966.45,0.7414739252,2.5
6000,966.5,0.7414740239,2.5
6000,966.55,0.7414741224,2.5
6000,966.6,0.7414742208,2.5
6000,966.65,0.741474319,2.5
6000,966.7,0.7414744171,2.5
6000,966.75,0.741474515,2.5
6000,966.8,0.7414746127,2.5
6000,966.85,0.7414747103,2.5
6000,966.9,0.7414748078,2.5
6000,966.95,0.7414749051,2.5
6000,967,0.7414750022,2.5
6000,967.05,0.7414750992,2.5
6000,967.1,0.741475196,2.5
6000,967.15,0.7414752927,2.5
6000,967.2,0.7414753892,2.5
6000,967.25,0.7414754856,2.5
6000,967.3,0.7414755818,2.5
6000,967.35,0.7414756779,2.5
6000,967.4,0.7414757738,2.5
6000,967.45,0.7414758696,2.5
6000,967.5,0.7414759652,2.5
6000,967.55,0.7414760607,2.5
6000,967.6,0.741476156,2.5
6000,967.65,0.7414762512,2.5
6000,967.7,0.7414763462,2.5
6000,967.75,0.7414764411,2.5
6000,967.8,0.7414765358,2.5
6000,967.85,0.7414766303,2.5
6000,967.9,0.7414767248,2.5
6000,967.95,0.741476819,2.5
6000,968,0.7414769132,2.5
6000,968.05,0.7414770071,2.5
6000,968.1,0.741477101,2.5
6000,968.15,0.7414771946,2.5
6000,968.2,0.7414772882,2.5
6000,968.25,0.7414773816,2.5
6000,968.3,0.7414774748,2.5
6000,968.35,0.7414775679,2.5
6000,968.4,0.7414776608,2.5
6000,968.45,0.7414777536,2.5
6000,968.5,0.7414778463,2.5
6000,968.55,0.7414779388,2.5
6000,968.6,0.7414780311,2.5
6000,968.65,0.7414781233,2.5
6000,968.7,0.7414782154,2.5
6000,968.75,0.7414783073,2.5
6000,968.8,0.7414783991,2.5
6000,968.85,0.7414784907,2.5
6000,968.9,0.7414785822,2.5
6000,968.95,0.7414786736,2.5
6000,969,0.7414787647,2.5
6000,969.05,0.7414788558,2.5
6000,969.1,0.7414789467,2.5
6000,969.15,0.7414790375,2.5
6000,969.2,0.7414791281,2.5
6000,969.25,0.7414792186,2.5
6000,969.3,0.7414793089,2.5
6000,969.35,0.7414793991,2.5
6000,969.4,0.7414794891,2.5
6000,969.45,0.7414795791,2.5
6000,969.5,0.7414796688,2.5
6000,969.55,0.7414797584,2.5
6000,969.6,0.7414798479,2.5
6000,969.65,0.7414799373,2.5
6000,969.7,0.7414800265,2.5
6000,969.75,0.7414801155,2.5
6000,969.8,0.7414802044,2.5
6000,969.85,0.7414802932,2.5
6000,969.9,0.7414803818,2.5
6000,969.95,0.7414804703,2.5
6000,970,0.7414805587,2.5
6000,970.05,0.7414806469,2.5
6000,970.1,0.741480735,2.5
6000,970.15,0.7414808229,2.5
6000,970.2,0.7414809107,2.5
6000,970.25,0.7414809984,2.5
6000,970.3,0.7414810859,2.5
6000,970.35,0.7414811732,2.5
6000,970.4,0.7414812605,2.5
6000,970.45,0.7414813476,2.5
6000,970.5,0.7414814345,2.5
6000,970.55,0.7414815214,2.5
6000,970.6,0.7414816081,2.5
6000,970.65,0.7414816946,2.5
6000,970.7,0.741481781,2.5
6000,970.75,0.7414818673,2.5
6000,970.8,0.7414819534,2.5
6000,970.85,0.7414820394,2.5
6000,970.9,0.7414821253,2.5
6000,970.95,0.741482211,2.5
6000,971,0.7414822966,2.5
6000,971.05,0.7414823821,2.5
6000,971.1,0.7414824674,2.5
6000,971.15,0.7414825526,2.5
6000,971.2,0.7414826376,2.5
6000,971.25,0.7414827225,2.5
6000,971.3,0.7414828073,2.5
6000,971.35,0.741482892,2.5
6000,971.4,0.7414829765,2.5
6000,971.45,0.7414830609,2.5
6000,971.5,0.7414831451,2.5
6000,971.55,0.7414832292,2.5
6000,971.6,0.7414833132,2.5
6000,971.65,0.741483397,2.5
6000,971.7,0.7414834807,2.5
6000,971.75,0.7414835643,2.5
6000,971.8,0.7414836477,2.5
6000,971.85,0.741483731,2.5
6000,971.9,0.7414838142,2.5
6000,971.95,0.7414838973,2.5
6000,972,0.7414839802,2.5
6000,972.05,0.741484063,2.5
6000,972.1,0.7414841456,2.5
6000,972.15,0.7414842281,2.5
6000,972.2,0.7414843105,2.5
6000,972.25,0.7414843928,2.5
6000,972.3,0.7414844749,2.5
6000,972.35,0.7414845569,2.5
6000,972.4,0.7414846387,2.5
6000,972.45,0.7414847205,2.5
6000,972.5,0.7414848021,2.5
6000,972.55,0.7414848835,2.5
6000,972.6,0.7414849649,2.5
6000,972.65,0.7414850461,2.5
6000,972.7,0.7414851272,2.5
6000,972.75,0.7414852081,2.5
6000,972.8,0.7414852889,2.5
6000,972.85,0.7414853696,2.5
6000,972.9,0.7414854502,2.5
6000,972.95,0.7414855306,2.5
6000,973,0.7414856109,2.5
6000,973.05,0.7414856911,2.5
6000,973.1,0.7414857712,2.5
6000,973.15,0.7414858511,2.5
6000,973.2,0.7414859309,2.5
6000,973.25,0.7414860106,2.5
6000,973.3,0.7414860901,2.5
6000,973.35,0.7414861695,2.5
6000,973.4,0.7414862488,2.5
6000,973.45,0.741486328,2.5
6000,973.5,0.741486407,2.5
6000,973.55,0.7414864859,2.5
6000,973.6,0.7414865647,2.5
6000,973.65,0.7414866433,2.5
6000,973.7,0.7414867219,2.5
6000,973.75,0.7414868003,2.5
6000,973.8,0.7414868786,2.5
6000,973.85,0.7414869567,2.5
6000,973.9,0.7414870347,2.5
6000,973.95,0.7414871126,2.5
6000,974,0.7414871904,2.5
6000,974.05,0.7414872681,2.5
6000,974.1,0.7414873456,2.5
6000,974.15,0.741487423,2.5
6000,974.2,0.7414875003,2.5
6000,974.25,0.7414875775,2.5
6000,974.3,0.7414876545,2.5
6000,974.35,0.7414877314,2.5
6000,974.4,0.7414878082,2.5
6000,974.45,0.7414878849,2.5
6000,974.5,0.7414879614,2.5
6000,974.55,0.7414880378,2.5
6000,974.6,0.7414881141,2.5
6000,974.65,0.7414881903,2.5
6000,974.7,0.7414882664,2.5
6000,974.75,0.7414883423,2.5
6000,974.8,0.7414884181,2.5
6000,974.85,0.7414884938,2.5
6000,974.9,0.7414885694,2.5
6000,974.95,0.7414886448,2.5
6000,975,0.7414887201,2.5
6000,975.05,0.7414887953,2.5
6000,975.1,0.7414888704,2.5
6000,975.15,0.7414889454,2.5
6000,975.2,0.7414890202,2.5
6000,975.25,0.741489095,2.5
6000,975.3,0.7414891696,2.5
6000,975.35,0.7414892441,2.5
6000,975.4,0.7414893184,2.5
6000,975.45,0.7414893927,2.5
6000,975.5,0.7414894668,2.5
6000,975.55,0.7414895408,2.5
6000,975.6,0.7414896147,2.5
6000,975.65,0.7414896885,2.5
6000,975.7,0.7414897621,2.5
6000,975.75,0.7414898356,2.5
6000,975.8,0.7414899091,2.5
6000,975.85,0.7414899824,2.5
6000,975.9,0.7414900555,2.5
6000,975.95,0.7414901286,2.5
6000,976,0.7414902015,2.5
6000,976.05,0.7414902744,2.5
6000,976.1,0.7414903471,2.5
6000,976.15,0.7414904197,2.5
6000,976.2,0.7414904922,2.5
6000,976.25,0.7414905645,2.5
6000,976.3,0.7414906368,2.5
6000,976.35,0.7414907089,2.5
6000,976.4,0.7414907809,2.5
6000,976.45,0.7414908528,2.5
6000,976.5,0.7414909246,2.5
6000,976.55,0.7414909962,2.5
6000,976.6,0.7414910678,2.5
6000,976.65,0.7414911392,2.5
6000,976.7,0.7414912105,2.5
6000,976.75,0.7414912817,2.5
6000,976.8,0.7414913528,2.5
6000,976.85,0.7414914238,2.5
6000,976.9,0.7414914947,2.5
6000,976.95,0.7414915654,2.5
6000,977,0.7414916361,2.5
6000,977.05,0.7414917066,2.5
6000,977.1,0.741491777,2.5
6000,977.15,0.7414918473,2.5
6000,977.2,0.7414919174,2.5
6000,977.25,0.7414919875,2.5
6000,977.3,0.7414920575,2.5
6000,977.35,0.7414921273,2.5
6000,977.4,0.741492197,2.5
6000,977.45,0.7414922666,2.5
6000,977.5,0.7414923361,2.5
6000,977.55,0.7414924055,2.5
6000,977.6,0.7414924748,2.5
6000,977.65,0.741492544,2.5
6000,977.7,0.741492613,2.5
6000,977.75,0.741492682,2.5
6000,977.8,0.7414927508,2.5
6000,977.85,0.7414928195,2.5
6000,977.9,0.7414928881,2.5
6000,977.95,0.7414929566,2.5
6000,978,0.741493025,2.5
6000,978.05,0.7414930933,2.5
6000,978.1,0.7414931615,2.5
6000,978.15,0.7414932295,2.5
6000,978.2,0.7414932975,2.5
6000,978.25,0.7414933653,2.5
6000,978.3,0.7414934331,2.5
6000,978.35,0.7414935007,2.5
6000,978.4,0.7414935682,2.5
6000,978.45,0.7414936356,2.5
6000,978.5,0.7414937029,2.5
6000,978.55,0.7414937701,2.5
6000,978.6,0.7414938371,2.5
6000,978.65,0.7414939041,2.5
6000,978.7,0.741493971,2.5
6000,978.75,0.7414940377,2.5
6000,978.8,0.7414941043,2.5
6000,978.85,0.7414941709,2.5
6000,978.9,0.7414942373,2.5
6000,978.95,0.7414943036,2.5
6000,979,0.7414943698,2.5
6000,979.05,0.7414944359,2.5
6000,979.1,0.7414945019,2.5
6000,979.15,0.7414945678,2.5
6000,979.2,0.7414946336,2.5
6000,979.25,0.7414946993,2.5
6000,979.3,0.7414947649,2.5
6000,979.35,0.7414948303,2.5
6000,979.4,0.7414948957,2.5
6000,979.45,0.7414949609,2.5
6000,979.5,0.7414950261,2.5
6000,979.55,0.7414950911,2.5
6000,979.6,0.7414951561,2.5
6000,979.65,0.7414952209,2.5
6000,979.7,0.7414952856,2.5
6000,979.75,0.7414953502,2.5
6000,979.8,0.7414954147,2.5
6000,979.85,0.7414954792,2.5
6000,979.9,0.7414955435,2.5
6000,979.95,0.7414956077,2.5
6000,980,0.7414956718,2.5
6000,980.05,0.7414957358,2.5
6000,980.1,0.7414957997,2.5
6000,980.15,0.7414958634,2.5
6000,980.2,0.7414959271,2.5
6000,980.25,0.7414959907,2.5
6000,980.3,0.7414960542,2.5
6000,980.35,0.7414961175,2.5
6000,980.4,0.7414961808,2.5
6000,980.45,0.741496244,2.5
6000,980.5,0.7414963071,2.5
6000,980.55,0.74149637,2.5
6000,980.6,0.7414964329,2.5
6000,980.65,0.7414964956,2.5
6000,980.7,0.7414965583,2.5
6000,980.75,0.7414966208,2.5
6000,980.8,0.7414966833,2.5
6000,980.85,0.7414967456,2.5
6000,980.9,0.7414968079,2.5
6000,980.95,0.74149687,2.5
6000,981,0.7414969321,2.5
6000,981.05,0.741496994,2.5
6000,981.1,0.7414970559,2.5
6000,981.15,0.7414971176,2.5
6000,981.2,0.7414971793,2.5
6000,981.25,0.7414972408,2.5
6000,981.3,0.7414973023,2.5
6000,981.35,0.7414973636,2.5
6000,981.4,0.7414974249,2.5
6000,981.45,0.741497486,2.5
6000,981.5,0.741497547,2.5
6000,981.55,0.741497608,2.5
6000,981.6,0.7414976688,2.5
6000,981.65,0.7414977296,2.5
6000,981.7,0.7414977902,2.5
6000,981.75,0.7414978508,2.5
6000,981.8,0.7414979112,2.5
6000,981.85,0.7414979716,2.5
6000,981.9,0.7414980318,2.5
6000,981.95,0.741498092,2.5
6000,982,0.7414981521,2.5
6000,982.05,0.741498212,2.5
6000,982.1,0.7414982719,2.5
6000,982.15,0.7414983316,2.5
6000,982.2,0.7414983913,2.5
6000,982.25,0.7414984509,2.5
6000,982.3,0.7414985104,2.5
6000,982.35,0.7414985697,2.5
6000,982.4,0.741498629,2.5
6000,982.45,0.7414986882,2.5
6000,982.5,0.7414987473,2.5
6000,982.55,0.7414988063,2.5
6000,982.6,0.7414988652,2.5
6000,982.65,0.741498924,2.5
6000,982.7,0.7414989827,2.5
6000,982.75,0.7414990413,2.5
6000,982.8,0.7414990998,2.5
6000,982.85,0.7414991582,2.5
6000,982.9,0.7414992165,2.5
6000,982.95,0.7414992747,2.5
6000,983,0.7414993329,2.5
6000,983.05,0.7414993909,2.5
6000,983.1,0.7414994488,2.5
6000,983.15,0.7414995067,2.5
6000,983.2,0.7414995644,2.5
6000,983.25,0.7414996221,2.5
6000,983.3,0.7414996796,2.5
6000,983.35,0.7414997371,2.5
6000,983.4,0.7414997945,2.5
6000,983.45,0.7414998517,2.5
6000,983.5,0.7414999089,2.5
6000,983.55,0.741499966,2.5
6000,983.6,0.741500023,2.5
6000,983.65,0.7415000799,2.5
6000,983.7,0.7415001367,2.5
6000,983.75,0.7415001935,2.5
6000,983.8,0.7415002501,2.5
6000,983.85,0.7415003066,2.5
6000,983.9,0.7415003631,2.5
6000,983.95,0.7415004194,2.5
6000,984,0.7415004757,2.5
6000,984.05,0.7415005318,2.5
6000,984.1,0.7415005879,2.5
6000,984.15,0.7415006439,2.5
6000,984.2,0.7415006998,2.5
6000,984.25,0.7415007556,2.5
6000,984.3,0.7415008113,2.5
6000,984.35,0.7415008669,2.5
6000,984.4,0.7415009224,2.5
6000,984.45,0.7415009778,2.5
6000,984.5,0.7415010332,2.5
6000,984.55,0.7415010884,2.5
6000,984.6,0.7415011436,2.5
6000,984.65,0.7415011986,2.5
6000,984.7,0.7415012536,2.5
6000,984.75,0.7415013085,2.5
6000,984.8,0.7415013633,2.5
6000,984.85,0.741501418,2.5
6000,984.9,0.7415014726,2.5
6000,984.95,0.7415015272,2.5
6000,985,0.7415015816,2.5
6000,985.05,0.741501636,2.5
6000,985.1,0.7415016902,2.5
6000,985.15,0.7415017444,2.5
6000,985.2,0.7415017985,2.5
6000,985.25,0.7415018525,2.5
6000,985.3,0.7415019064,2.5
6000,985.35,0.7415019602,2.5
6000,985.4,0.7415020139,2.5
6000,985.45,0.7415020675,2.5
6000,985.5,0.7415021211,2.5
6000,985.55,0.7415021746,2.5
6000,985.6,0.7415022279,2.5
6000,985.65,0.7415022812,2.5
6000,985.7,0.7415023344,2.5
6000,985.75,0.7415023875,2.5
6000,985.8,0.7415024406,2.5
6000,985.85,0.7415024935,2.5
6000,985.9,0.7415025464,2.5
6000,985.95,0.7415025991,2.5
6000,986,0.7415026518,2.5
6000,986.05,0.7415027044,2.5
6000,986.1,0.7415027569,2.5
6000,986.15,0.7415028093,2.5
6000,986.2,0.7415028616,2.5
6000,986.25,0.7415029139,2.5
6000,986.3,0.7415029661,2.5
6000,986.35,0.7415030181,2.5
6000,986.4,0.7415030701,2.5
6000,986.45,0.741503122,2.5
6000,986.5,0.7415031738,2.5
6000,986.55,0.7415032256,2.5
6000,986.6,0.7415032772,2.5
6000,986.65,0.7415033288,2.5
6000,986.7,0.7415033802,2.5
6000,986.75,0.7415034316,2.5
6000,986.8,0.7415034829,2.5
6000,986.85,0.7415035342,2.5
6000,986.9,0.7415035853,2.5
6000,986.95,0.7415036364,2.5
6000,987,0.7415036873,2.5
6000,987.05,0.7415037382,2.5
6000,987.1,0.741503789,2.5
6000,987.15,0.7415038397,2.5
6000,987.2,0.7415038904,2.5
6000,987.25,0.7415039409,2.5
6000,987.3,0.7415039914,2.5
6000,987.35,0.7415040418,2.5
6000,987.4,0.7415040921,2.5
6000,987.45,0.7415041423,2.5
6000,987.5,0.7415041924,2.5
6000,987.55,0.7415042425,2.5
6000,987.6,0.7415042924,2.5
6000,987.65,0.7415043423,2.5
6000,987.7,0.7415043921,2.5
6000,987.75,0.7415044418,2.5
6000,987.8,0.7415044915,2.5
6000,987.85,0.741504541,2.5
6000,987.9,0.7415045905,2.5
6000,987.95,0.7415046399,2.5
6000,988,0.7415046892,2.5
6000,988.05,0.7415047385,2.5
6000,988.1,0.7415047876,2.5
6000,988.15,0.7415048367,2.5
6000,988.2,0.7415048857,2.5
6000,988.25,0.7415049346,2.5
6000,988.3,0.7415049834,2.5
6000,988.35,0.7415050321,2.5
6000,988.4,0.7415050808,2.5
6000,988.45,0.7415051294,2.5
6000,988.5,0.7415051779,2.5
6000,988.55,0.7415052263,2.5
6000,988.6,0.7415052747,2.5
6000,988.65,0.7415053229,2.5
6000,988.7,0.7415053711,2.5
6000,988.75,0.7415054192,2.5
6000,988.8,0.7415054672,2.5
6000,988.85,0.7415055152,2.5
6000,988.9,0.741505563,2.5
6000,988.95,0.7415056108,2.5
6000,989,0.7415056585,2.5
6000,989.05,0.7415057061,2.5
6000,989.1,0.7415057537,2.5
6000,989.15,0.7415058012,2.5
6000,989.2,0.7415058486,2.5
6000,989.25,0.7415058959,2.5
6000,989.3,0.7415059431,2.5
6000,989.35,0.7415059903,2.5
6000,989.4,0.7415060373,2.5
6000,989.45,0.7415060843,2.5
6000,989.5,0.7415061313,2.5
6000,989.55,0.7415061781,2.5
6000,989.6,0.7415062249,2.5
6000,989.65,0.7415062715,2.5
6000,989.7,0.7415063182,2.5
6000,989.75,0.7415063647,2.5
6000,989.8,0.7415064111,2.5
6000,989.85,0.7415064575,2.5
6000,989.9,0.7415065038,2.5
6000,989.95,0.7415065501,2.5
6000,990,0.7415065962,2.5
6000,990.05,0.7415066423,2.5
6000,990.1,0.7415066883,2.5
6000,990.15,0.7415067342,2.5
6000,990.2,0.74150678,2.5
6000,990.25,0.7415068258,2.5
6000,990.3,0.7415068715,2.5
6000,990.35,0.7415069171,2.5
6000,990.4,0.7415069626,2.5
6000,990.45,0.7415070081,2.5
6000,990.5,0.7415070535,2.5
6000,990.55,0.7415070988,2.5
6000,990.6,0.741507144,2.5
6000,990.65,0.7415071892,2.5
6000,990.7,0.7415072343,2.5
6000,990.75,0.7415072793,2.5
6000,990.8,0.7415073242,2.5
6000,990.85,0.7415073691,2.5
6000,990.9,0.7415074139,2.5
6000,990.95,0.7415074586,2.5
6000,991,0.7415075032,2.5
6000,991.05,0.7415075478,2.5
6000,991.1,0.7415075923,2.5
6000,991.15,0.7415076367,2.5
6000,991.2,0.741507681,2.5
6000,991.25,0.7415077253,2.5
6000,991.3,0.7415077695,2.5
6000,991.35,0.7415078136,2.5
6000,991.4,0.7415078577,2.5
6000,991.45,0.7415079016,2.5
6000,991.5,0.7415079455,2.5
6000,991.55,0.7415079894,2.5
6000,991.6,0.7415080331,2.5
6000,991.65,0.7415080768,2.5
6000,991.7,0.7415081204,2.5
6000,991.75,0.7415081639,2.5
6000,991.8,0.7415082074,2.5
6000,991.85,0.7415082508,2.5
6000,991.9,0.7415082941,2.5
6000,991.95,0.7415083374,2.5
6000,992,0.7415083805,2.5
6000,992.05,0.7415084236,2.5
6000,992.1,0.7415084667,2.5
6000,992.15,0.7415085096,2.5
6000,992.2,0.7415085525,2.5
6000,992.25,0.7415085953,2.5
6000,992.3,0.7415086381,2.5
6000,992.35,0.7415086807,2.5
6000,992.4,0.7415087233,2.5
6000,992.45,0.7415087659,2.5
6000,992.5,0.7415088083,2.5
6000,992.55,0.7415088507,2.5
6000,992.6,0.741508893,2.5
6000,992.65,0.7415089353,2.5
6000,992.7,0.7415089774,2.5
6000,992.75,0.7415090195,2.5
6000,992.8,0.7415090616,2.5
6000,992.85,0.7415091035,2.5
6000,992.9,0.7415091454,2.5
6000,992.95,0.7415091873,2.5
6000,993,0.741509229,2.5
6000,993.05,0.7415092707,2.5
6000,993.1,0.7415093123,2.5
6000,993.15,0.7415093539,2.5
6000,993.2,0.7415093953,2.5
6000,993.25,0.7415094367,2.5
6000,993.3,0.7415094781,2.5
6000,993.35,0.7415095193,2.5
6000,993.4,0.7415095605,2.5
6000,993.45,0.7415096017,2.5
6000,993.5,0.7415096427,2.5
6000,993.55,0.7415096837,2.5
6000,993.6,0.7415097247,2.5
6000,993.65,0.7415097655,2.5
6000,993.7,0.7415098063,2.5
6000,993.75,0.741509847,2.5
6000,993.8,0.7415098877,2.5
6000,993.85,0.7415099282,2.5
6000,993.9,0.7415099688,2.5
6000,993.95,0.7415100092,2.5
6000,994,0.7415100496,2.5
6000,994.05,0.7415100899,2.5
6000,994.1,0.7415101301,2.5
6000,994.15,0.7415101703,2.5
6000,994.2,0.7415102104,2.5
6000,994.25,0.7415102505,2.5
6000,994.3,0.7415102904,2.5
6000,994.35,0.7415103303,2.5
6000,994.4,0.7415103702,2.5
6000,994.45,0.74151041,2.5
6000,994.5,0.7415104497,2.5
6000,994.55,0.7415104893,2.5
6000,994.6,0.7415105289,2.5
6000,994.65,0.7415105684,2.5
6000,994.7,0.7415106078,2.5
6000,994.75,0.7415106472,2.5
6000,994.8,0.7415106865,2.5
6000,994.85,0.7415107257,2.5
6000,994.9,0.7415107649,2.5
6000,994.95,0.741510804,2.5
6000,995,0.7415108431,2.5
6000,995.05,0.7415108821,2.5
6000,995.1,0.741510921,2.5
6000,995.15,0.7415109598,2.5
6000,995.2,0.7415109986,2.5
6000,995.25,0.7415110373,2.5
6000,995.3,0.741511076,2.5
6000,995.35,0.7415111146,2.5
6000,995.4,0.7415111531,2.5
6000,995.45,0.7415111915,2.5
6000,995.5,0.7415112299,2.5
6000,995.55,0.7415112683,2.5
6000,995.6,0.7415113065,2.5
6000,995.65,0.7415113447,2.5
6000,995.7,0.7415113829,2.5
6000,995.75,0.7415114209,2.5
6000,995.8,0.7415114589,2.5
6000,995.85,0.7415114969,2.5
6000,995.9,0.7415115348,2.5
6000,995.95,0.7415115726,2.5
6000,996,0.7415116103,2.5
6000,996.05,0.741511648,2.5
6000,996.1,0.7415116857,2.5
6000,996.15,0.7415117232,2.5
6000,996.2,0.7415117607,2.5
6000,996.25,0.7415117982,2.5
6000,996.3,0.7415118355,2.5
6000,996.35,0.7415118728,2.5
6000,996.4,0.7415119101,2.5
6000,996.45,0.7415119473,2.5
6000,996.5,0.7415119844,2.5
6000,996.55,0.7415120214,2.5
6000,996.6,0.7415120584,2.5
6000,996.65,0.7415120954,2.5
6000,996.7,0.7415121323,2.5
6000,996.75,0.7415121691,2.5
6000,996.8,0.7415122058,2.5
6000,996.85,0.7415122425,2.5
6000,996.9,0.7415122791,2.5
6000,996.95,0.7415123157,2.5
6000,997,0.7415123522,2.5
6000,997.05,0.7415123886,2.5
6000,997.1,0.741512425,2.5
6000,997.15,0.7415124613,2.5
6000,997.2,0.7415124976,2.5
6000,997.25,0.7415125338,2.5
6000,997.3,0.7415125699,2.5
6000,997.35,0.741512606,2.5
6000,997.4,0.741512642,2.5
6000,997.45,0.7415126779,2.5
6000,997.5,0.7415127138,2.5
6000,997.55,0.7415127496,2.5
6000,997.6,0.7415127854,2.5
6000,997.65,0.7415128211,2.5
6000,997.7,0.7415128568,2.5
6000,997.75,0.7415128924,2.5
6000,997.8,0.7415129279,2.5
6000,997.85,0.7415129633,2.5
6000,997.9,0.7415129988,2.5
6000,997.95,0.7415130341,2.5
6000,998,0.7415130694,2.5
6000,998.05,0.7415131046,2.5
6000,998.1,0.7415131398,2.5
6000,998.15,0.7415131749,2.5
6000,998.2,0.7415132099,2.5
6000,998.25,0.7415132449,2.5
6000,998.3,0.7415132799,2.5
6000,998.35,0.7415133147,2.5
6000,998.4,0.7415133495,2.5
6000,998.45,0.7415133843,2.5
6000,998.5,0.741513419,2.5
6000,998.55,0.7415134536,2.5
6000,998.6,0.7415134882,2.5
6000,998.65,0.7415135227,2.5
6000,998.7,0.7415135572,2.5
6000,998.75,0.7415135916,2.5
6000,998.8,0.7415136259,2.5
6000,998.85,0.7415136602,2.5
6000,998.9,0.7415136944,2.5
6000,998.95,0.7415137286,2.5
6000,999,0.7415137627,2.5
6000,999.05,0.7415137968,2.5
6000,999.1,0.7415138308,2.5
6000,999.15,0.7415138647,2.5
6000,999.2,0.7415138986,2.5
6000,999.25,0.7415139324,2.5
6000,999.3,0.7415139662,2.5
6000,999.35,0.7415139999,2.5
6000,999.4,0.7415140335,2.5
6000,999.45,0.7415140671,2.5
6000,999.5,0.7415141007,2.5
6000,999.55,0.7415141342,2.5
6000,999.6,0.7415141676,2.5
6000,999.65,0.7415142009,2.5
6000,999.7,0.7415142343,2.5
6000,999.75,0.7415142675,2.5
6000,999.8,0.7415143007,2.5
6000,999.85,0.7415143338,2.5
6000,999.9,0.7415143669,2.5
6000,999.95,0.7415144,2.5
6000,1000,0.7415144329,2.5
