# macdonald-short-sup — MacDonald 100 m channel, supercritical throughout
# SWASHES 3.2.2 (supercritical); Delestre et al. 2013, doi 10.1002/fld.3741
# Independent Python implementation (swasheslib/analytic.py); no SWASHES-tool output vendored.
# grid: 4001 stations (20x model resolution nx=200)
t_s,x_m,h_m,q_m2_per_s
1800,0,0.6733340733,2
1800,0.025,0.6732658576,2
1800,0.05,0.6731976079,2
1800,0.075,0.6731293241,2
1800,0.1,0.6730610063,2
1800,0.125,0.6729926545,2
1800,0.15,0.6729242688,2
1800,0.175,0.6728558492,2
1800,0.2,0.6727873958,2
1800,0.225,0.6727189085,2
1800,0.25,0.6726503875,2
1800,0.275,0.6725818327,2
1800,0.3,0.6725132441,2
1800,0.325,0.6724446219,2
1800,0.35,0.6723759661,2
1800,0.375,0.6723072766,2
1800,0.4,0.6722385535,2
1800,0.425,0.6721697969,2
1800,0.45,0.6721010068,2
1800,0.475,0.6720321833,2
1800,0.5,0.6719633263,2
1800,0.525,0.6718944359,2
1800,0.55,0.6718255121,2
1800,0.575,0.671756555,2
1800,0.6,0.6716875646,2
1800,0.625,0.6716185409,2
1800,0.65,0.6715494841,2
1800,0.675,0.671480394,2
1800,0.7,0.6714112708,2
1800,0.725,0.6713421145,2
1800,0.75,0.6712729251,2
1800,0.775,0.6712037027,2
1800,0.8,0.6711344472,2
1800,0.825,0.6710651589,2
1800,0.85,0.6709958375,2
1800,0.875,0.6709264833,2
1800,0.9,0.6708570963,2
1800,0.925,0.6707876764,2
1800,0.95,0.6707182237,2
1800,0.975,0.6706487383,2
1800,1,0.6705792202,2
1800,1.025,0.6705096694,2
1800,1.05,0.670440086,2
1800,1.075,0.6703704701,2
1800,1.1,0.6703008215,2
1800,1.125,0.6702311404,2
1800,1.15,0.6701614269,2
1800,1.175,0.6700916809,2
1800,1.2,0.6700219025,2
1800,1.225,0.6699520918,2
1800,1.25,0.6698822487,2
1800,1.275,0.6698123733,2
1800,1.3,0.6697424657,2
1800,1.325,0.6696725259,2
1800,1.35,0.6696025539,2
1800,1.375,0.6695325498,2
1800,1.4,0.6694625136,2
1800,1.425,0.6693924453,2
1800,1.45,0.669322345,2
1800,1.475,0.6692522127,2
1800,1.5,0.6691820485,2
1800,1.525,0.6691118524,2
1800,1.55,0.6690416244,2
1800,1.575,0.6689713647,2
1800,1.6,0.6689010731,2
1800,1.625,0.6688307498,2
1800,1.65,0.6687603948,2
1800,1.675,0.6686900081,2
1800,1.7,0.6686195898,2
1800,1.725,0.6685491399,2
1800,1.75,0.6684786585,2
1800,1.775,0.6684081455,2
1800,1.8,0.6683376011,2
1800,1.825,0.6682670253,2
1800,1.85,0.6681964181,2
1800,1.875,0.6681257796,2
1800,1.9,0.6680551098,2
1800,1.925,0.6679844087,2
1800,1.95,0.6679136763,2
1800,1.975,0.6678429128,2
1800,2,0.6677721182,2
1800,2.025,0.6677012925,2
1800,2.05,0.6676304357,2
1800,2.075,0.6675595479,2
1800,2.1,0.6674886291,2
1800,2.125,0.6674176794,2
1800,2.15,0.6673466988,2
1800,2.175,0.6672756873,2
1800,2.2,0.6672046451,2
1800,2.225,0.667133572,2
1800,2.25,0.6670624683,2
1800,2.275,0.6669913338,2
1800,2.3,0.6669201687,2
1800,2.325,0.6668489731,2
1800,2.35,0.6667777468,2
1800,2.375,0.6667064901,2
1800,2.4,0.6666352028,2
1800,2.425,0.6665638852,2
1800,2.45,0.6664925371,2
1800,2.475,0.6664211587,2
1800,2.5,0.66634975,2
1800,2.525,0.6662783111,2
1800,2.55,0.6662068419,2
1800,2.575,0.6661353425,2
1800,2.6,0.6660638131,2
1800,2.625,0.6659922535,2
1800,2.65,0.6659206639,2
1800,2.675,0.6658490442,2
1800,2.7,0.6657773947,2
1800,2.725,0.6657057151,2
1800,2.75,0.6656340058,2
1800,2.775,0.6655622666,2
1800,2.8,0.6654904976,2
1800,2.825,0.6654186988,2
1800,2.85,0.6653468704,2
1800,2.875,0.6652750123,2
1800,2.9,0.6652031246,2
1800,2.925,0.6651312073,2
1800,2.95,0.6650592605,2
1800,2.975,0.6649872843,2
1800,3,0.6649152786,2
1800,3.025,0.6648432435,2
1800,3.05,0.664771179,2
1800,3.075,0.6646990853,2
1800,3.1,0.6646269623,2
1800,3.125,0.6645548101,2
1800,3.15,0.6644826287,2
1800,3.175,0.6644104182,2
1800,3.2,0.6643381786,2
1800,3.225,0.66426591,2
1800,3.25,0.6641936124,2
1800,3.275,0.6641212858,2
1800,3.3,0.6640489304,2
1800,3.325,0.6639765461,2
1800,3.35,0.663904133,2
1800,3.375,0.6638316911,2
1800,3.4,0.6637592206,2
1800,3.425,0.6636867213,2
1800,3.45,0.6636141935,2
1800,3.475,0.663541637,2
1800,3.5,0.663469052,2
1800,3.525,0.6633964386,2
1800,3.55,0.6633237967,2
1800,3.575,0.6632511264,2
1800,3.6,0.6631784278,2
1800,3.625,0.6631057008,2
1800,3.65,0.6630329456,2
1800,3.675,0.6629601622,2
1800,3.7,0.6628873507,2
1800,3.725,0.662814511,2
1800,3.75,0.6627416432,2
1800,3.775,0.6626687475,2
1800,3.8,0.6625958237,2
1800,3.825,0.6625228721,2
1800,3.85,0.6624498925,2
1800,3.875,0.6623768852,2
1800,3.9,0.66230385,2
1800,3.925,0.6622307871,2
1800,3.95,0.6621576965,2
1800,3.975,0.6620845783,2
1800,4,0.6620114325,2
1800,4.025,0.6619382591,2
1800,4.05,0.6618650583,2
1800,4.075,0.66179183,2
1800,4.1,0.6617185742,2
1800,4.125,0.6616452912,2
1800,4.15,0.6615719808,2
1800,4.175,0.6614986432,2
1800,4.2,0.6614252783,2
1800,4.225,0.6613518863,2
1800,4.25,0.6612784672,2
1800,4.275,0.661205021,2
1800,4.3,0.6611315478,2
1800,4.325,0.6610580477,2
1800,4.35,0.6609845206,2
1800,4.375,0.6609109666,2
1800,4.4,0.6608373859,2
1800,4.425,0.6607637783,2
1800,4.45,0.6606901441,2
1800,4.475,0.6606164832,2
1800,4.5,0.6605427956,2
1800,4.525,0.6604690815,2
1800,4.55,0.6603953408,2
1800,4.575,0.6603215737,2
1800,4.6,0.6602477802,2
1800,4.625,0.6601739603,2
1800,4.65,0.660100114,2
1800,4.675,0.6600262415,2
1800,4.7,0.6599523428,2
1800,4.725,0.6598784178,2
1800,4.75,0.6598044668,2
1800,4.775,0.6597304897,2
1800,4.8,0.6596564866,2
1800,4.825,0.6595824575,2
1800,4.85,0.6595084024,2
1800,4.875,0.6594343215,2
1800,4.9,0.6593602148,2
1800,4.925,0.6592860823,2
1800,4.95,0.6592119241,2
1800,4.975,0.6591377402,2
1800,5,0.6590635307,2
1800,5.025,0.6589892957,2
1800,5.05,0.6589150351,2
1800,5.075,0.6588407491,2
1800,5.1,0.6587664376,2
1800,5.125,0.6586921008,2
1800,5.15,0.6586177387,2
1800,5.175,0.6585433513,2
1800,5.2,0.6584689388,2
1800,5.225,0.658394501,2
1800,5.25,0.6583200382,2
1800,5.275,0.6582455503,2
1800,5.3,0.6581710374,2
1800,5.325,0.6580964996,2
1800,5.35,0.6580219369,2
1800,5.375,0.6579473493,2
1800,5.4,0.657872737,2
1800,5.425,0.6577980999,2
1800,5.45,0.6577234382,2
1800,5.475,0.6576487518,2
1800,5.5,0.6575740408,2
1800,5.525,0.6574993053,2
1800,5.55,0.6574245454,2
1800,5.575,0.657349761,2
1800,5.6,0.6572749522,2
1800,5.625,0.6572001192,2
1800,5.65,0.6571252618,2
1800,5.675,0.6570503803,2
1800,5.7,0.6569754747,2
1800,5.725,0.6569005449,2
1800,5.75,0.6568255911,2
1800,5.775,0.6567506133,2
1800,5.8,0.6566756115,2
1800,5.825,0.6566005859,2
1800,5.85,0.6565255364,2
1800,5.875,0.6564504632,2
1800,5.9,0.6563753662,2
1800,5.925,0.6563002456,2
1800,5.95,0.6562251014,2
1800,5.975,0.6561499336,2
1800,6,0.6560747423,2
1800,6.025,0.6559995275,2
1800,6.05,0.6559242894,2
1800,6.075,0.6558490279,2
1800,6.1,0.6557737431,2
1800,6.125,0.6556984351,2
1800,6.15,0.6556231039,2
1800,6.175,0.6555477496,2
1800,6.2,0.6554723723,2
1800,6.225,0.6553969719,2
1800,6.25,0.6553215486,2
1800,6.275,0.6552461023,2
1800,6.3,0.6551706333,2
1800,6.325,0.6550951414,2
1800,6.35,0.6550196268,2
1800,6.375,0.6549440895,2
1800,6.4,0.6548685296,2
1800,6.425,0.6547929472,2
1800,6.45,0.6547173422,2
1800,6.475,0.6546417148,2
1800,6.5,0.654566065,2
1800,6.525,0.6544903928,2
1800,6.55,0.6544146983,2
1800,6.575,0.6543389817,2
1800,6.6,0.6542632428,2
1800,6.625,0.6541874818,2
1800,6.65,0.6541116988,2
1800,6.675,0.6540358938,2
1800,6.7,0.6539600668,2
1800,6.725,0.6538842179,2
1800,6.75,0.6538083472,2
1800,6.775,0.6537324548,2
1800,6.8,0.6536565406,2
1800,6.825,0.6535806047,2
1800,6.85,0.6535046473,2
1800,6.875,0.6534286683,2
1800,6.9,0.6533526678,2
1800,6.925,0.6532766458,2
1800,6.95,0.6532006025,2
1800,6.975,0.6531245379,2
1800,7,0.6530484521,2
1800,7.025,0.652972345,2
1800,7.05,0.6528962168,2
1800,7.075,0.6528200675,2
1800,7.1,0.6527438971,2
1800,7.125,0.6526677058,2
1800,7.15,0.6525914936,2
1800,7.175,0.6525152606,2
1800,7.2,0.6524390067,2
1800,7.225,0.6523627321,2
1800,7.25,0.6522864369,2
1800,7.275,0.652210121,2
1800,7.3,0.6521337845,2
1800,7.325,0.6520574276,2
1800,7.35,0.6519810502,2
1800,7.375,0.6519046524,2
1800,7.4,0.6518282343,2
1800,7.425,0.651751796,2
1800,7.45,0.6516753374,2
1800,7.475,0.6515988587,2
1800,7.5,0.6515223599,2
1800,7.525,0.6514458411,2
1800,7.55,0.6513693023,2
1800,7.575,0.6512927436,2
1800,7.6,0.6512161651,2
1800,7.625,0.6511395667,2
1800,7.65,0.6510629487,2
1800,7.675,0.6509863109,2
1800,7.7,0.6509096536,2
1800,7.725,0.6508329767,2
1800,7.75,0.6507562803,2
1800,7.775,0.6506795645,2
1800,7.8,0.6506028293,2
1800,7.825,0.6505260748,2
1800,7.85,0.6504493011,2
1800,7.875,0.6503725082,2
1800,7.9,0.6502956961,2
1800,7.925,0.650218865,2
1800,7.95,0.6501420149,2
1800,7.975,0.6500651459,2
1800,8,0.6499882579,2
1800,8.025,0.6499113512,2
1800,8.05,0.6498344256,2
1800,8.075,0.6497574814,2
1800,8.1,0.6496805186,2
1800,8.125,0.6496035371,2
1800,8.15,0.6495265372,2
1800,8.175,0.6494495188,2
1800,8.2,0.649372482,2
1800,8.225,0.6492954268,2
1800,8.25,0.6492183534,2
1800,8.275,0.6491412618,2
1800,8.3,0.6490641521,2
1800,8.325,0.6489870243,2
1800,8.35,0.6489098784,2
1800,8.375,0.6488327146,2
1800,8.4,0.6487555329,2
1800,8.425,0.6486783334,2
1800,8.45,0.6486011161,2
1800,8.475,0.648523881,2
1800,8.5,0.6484466284,2
1800,8.525,0.6483693581,2
1800,8.55,0.6482920703,2
1800,8.575,0.6482147651,2
1800,8.6,0.6481374425,2
1800,8.625,0.6480601025,2
1800,8.65,0.6479827453,2
1800,8.675,0.6479053709,2
1800,8.7,0.6478279793,2
1800,8.725,0.6477505706,2
1800,8.75,0.647673145,2
1800,8.775,0.6475957023,2
1800,8.8,0.6475182428,2
1800,8.825,0.6474407665,2
1800,8.85,0.6473632734,2
1800,8.875,0.6472857636,2
1800,8.9,0.6472082371,2
1800,8.925,0.6471306941,2
1800,8.95,0.6470531346,2
1800,8.975,0.6469755586,2
1800,9,0.6468979663,2
1800,9.025,0.6468203576,2
1800,9.05,0.6467427327,2
1800,9.075,0.6466650916,2
1800,9.1,0.6465874344,2
1800,9.125,0.6465097611,2
1800,9.15,0.6464320719,2
1800,9.175,0.6463543667,2
1800,9.2,0.6462766456,2
1800,9.225,0.6461989087,2
1800,9.25,0.6461211561,2
1800,9.275,0.6460433879,2
1800,9.3,0.645965604,2
1800,9.325,0.6458878046,2
1800,9.35,0.6458099897,2
1800,9.375,0.6457321595,2
1800,9.4,0.6456543138,2
1800,9.425,0.6455764529,2
1800,9.45,0.6454985768,2
1800,9.475,0.6454206855,2
1800,9.5,0.6453427792,2
1800,9.525,0.6452648578,2
1800,9.55,0.6451869215,2
1800,9.575,0.6451089703,2
1800,9.6,0.6450310043,2
1800,9.625,0.6449530236,2
1800,9.65,0.6448750281,2
1800,9.675,0.644797018,2
1800,9.7,0.6447189934,2
1800,9.725,0.6446409543,2
1800,9.75,0.6445629008,2
1800,9.775,0.6444848329,2
1800,9.8,0.6444067507,2
1800,9.825,0.6443286543,2
1800,9.85,0.6442505438,2
1800,9.875,0.6441724192,2
1800,9.9,0.6440942805,2
1800,9.925,0.6440161279,2
1800,9.95,0.6439379614,2
1800,9.975,0.6438597811,2
1800,10,0.643781587,2
1800,10.025,0.6437033793,2
1800,10.05,0.6436251579,2
1800,10.075,0.643546923,2
1800,10.1,0.6434686746,2
1800,10.125,0.6433904128,2
1800,10.15,0.6433121376,2
1800,10.175,0.6432338492,2
1800,10.2,0.6431555475,2
1800,10.225,0.6430772327,2
1800,10.25,0.6429989048,2
1800,10.275,0.6429205639,2
1800,10.3,0.6428422101,2
1800,10.325,0.6427638434,2
1800,10.35,0.6426854639,2
1800,10.375,0.6426070716,2
1800,10.4,0.6425286667,2
1800,10.425,0.6424502492,2
1800,10.45,0.6423718192,2
1800,10.475,0.6422933767,2
1800,10.5,0.6422149218,2
1800,10.525,0.6421364546,2
1800,10.55,0.6420579751,2
1800,10.575,0.6419794834,2
1800,10.6,0.6419009796,2
1800,10.625,0.6418224638,2
1800,10.65,0.641743936,2
1800,10.675,0.6416653962,2
1800,10.7,0.6415868447,2
1800,10.725,0.6415082813,2
1800,10.75,0.6414297063,2
1800,10.775,0.6413511196,2
1800,10.8,0.6412725213,2
1800,10.825,0.6411939116,2
1800,10.85,0.6411152904,2
1800,10.875,0.6410366579,2
1800,10.9,0.6409580141,2
1800,10.925,0.6408793591,2
1800,10.95,0.6408006929,2
1800,10.975,0.6407220156,2
1800,11,0.6406433274,2
1800,11.025,0.6405646282,2
1800,11.05,0.6404859181,2
1800,11.075,0.6404071973,2
1800,11.1,0.6403284657,2
1800,11.125,0.6402497234,2
1800,11.15,0.6401709706,2
1800,11.175,0.6400922073,2
1800,11.2,0.6400134335,2
1800,11.225,0.6399346493,2
1800,11.25,0.6398558549,2
1800,11.275,0.6397770502,2
1800,11.3,0.6396982354,2
1800,11.325,0.6396194104,2
1800,11.35,0.6395405755,2
1800,11.375,0.6394617306,2
1800,11.4,0.6393828758,2
1800,11.425,0.6393040112,2
1800,11.45,0.6392251369,2
1800,11.475,0.6391462529,2
1800,11.5,0.6390673593,2
1800,11.525,0.6389884563,2
1800,11.55,0.6389095437,2
1800,11.575,0.6388306218,2
1800,11.6,0.6387516906,2
1800,11.625,0.6386727502,2
1800,11.65,0.6385938005,2
1800,11.675,0.6385148419,2
1800,11.7,0.6384358741,2
1800,11.725,0.6383568975,2
1800,11.75,0.638277912,2
1800,11.775,0.6381989176,2
1800,11.8,0.6381199146,2
1800,11.825,0.6380409029,2
1800,11.85,0.6379618826,2
1800,11.875,0.6378828538,2
1800,11.9,0.6378038165,2
1800,11.925,0.6377247709,2
1800,11.95,0.637645717,2
1800,11.975,0.6375666549,2
1800,12,0.6374875846,2
1800,12.025,0.6374085063,2
1800,12.05,0.63732942,2
1800,12.075,0.6372503257,2
1800,12.1,0.6371712236,2
1800,12.125,0.6370921137,2
1800,12.15,0.637012996,2
1800,12.175,0.6369338708,2
1800,12.2,0.636854738,2
1800,12.225,0.6367755977,2
1800,12.25,0.63669645,2
1800,12.275,0.6366172949,2
1800,12.3,0.6365381326,2
1800,12.325,0.6364589631,2
1800,12.35,0.6363797865,2
1800,12.375,0.6363006028,2
1800,12.4,0.6362214121,2
1800,12.425,0.6361422146,2
1800,12.45,0.6360630102,2
1800,12.475,0.6359837991,2
1800,12.5,0.6359045813,2
1800,12.525,0.6358253569,2
1800,12.55,0.6357461259,2
1800,12.575,0.6356668885,2
1800,12.6,0.6355876448,2
1800,12.625,0.6355083947,2
1800,12.65,0.6354291384,2
1800,12.675,0.635349876,2
1800,12.7,0.6352706074,2
1800,12.725,0.6351913329,2
1800,12.75,0.6351120524,2
1800,12.775,0.6350327661,2
1800,12.8,0.634953474,2
1800,12.825,0.6348741762,2
1800,12.85,0.6347948727,2
1800,12.875,0.6347155637,2
1800,12.9,0.6346362493,2
1800,12.925,0.6345569294,2
1800,12.95,0.6344776042,2
1800,12.975,0.6343982737,2
1800,13,0.6343189381,2
1800,13.025,0.6342395973,2
1800,13.05,0.6341602515,2
1800,13.075,0.6340809008,2
1800,13.1,0.6340015452,2
1800,13.125,0.6339221848,2
1800,13.15,0.6338428197,2
1800,13.175,0.6337634499,2
1800,13.2,0.6336840755,2
1800,13.225,0.6336046967,2
1800,13.25,0.6335253134,2
1800,13.275,0.6334459258,2
1800,13.3,0.6333665339,2
1800,13.325,0.6332871378,2
1800,13.35,0.6332077376,2
1800,13.375,0.6331283334,2
1800,13.4,0.6330489252,2
1800,13.425,0.6329695131,2
1800,13.45,0.6328900973,2
1800,13.475,0.6328106776,2
1800,13.5,0.6327312544,2
1800,13.525,0.6326518275,2
1800,13.55,0.6325723971,2
1800,13.575,0.6324929633,2
1800,13.6,0.6324135262,2
1800,13.625,0.6323340858,2
1800,13.65,0.6322546422,2
1800,13.675,0.6321751955,2
1800,13.7,0.6320957457,2
1800,13.725,0.632016293,2
1800,13.75,0.6319368374,2
1800,13.775,0.631857379,2
1800,13.8,0.6317779178,2
1800,13.825,0.631698454,2
1800,13.85,0.6316189876,2
1800,13.875,0.6315395188,2
1800,13.9,0.6314600475,2
1800,13.925,0.6313805738,2
1800,13.95,0.6313010979,2
1800,13.975,0.6312216198,2
1800,14,0.6311421396,2
1800,14.025,0.6310626574,2
1800,14.05,0.6309831732,2
1800,14.075,0.6309036872,2
1800,14.1,0.6308241993,2
1800,14.125,0.6307447097,2
1800,14.15,0.6306652185,2
1800,14.175,0.6305857257,2
1800,14.2,0.6305062315,2
1800,14.225,0.6304267358,2
1800,14.25,0.6303472388,2
1800,14.275,0.6302677406,2
1800,14.3,0.6301882412,2
1800,14.325,0.6301087407,2
1800,14.35,0.6300292392,2
1800,14.375,0.6299497367,2
1800,14.4,0.6298702334,2
1800,14.425,0.6297907293,2
1800,14.45,0.6297112246,2
1800,14.475,0.6296317192,2
1800,14.5,0.6295522132,2
1800,14.525,0.6294727069,2
1800,14.55,0.6293932001,2
1800,14.575,0.629313693,2
1800,14.6,0.6292341857,2
1800,14.625,0.6291546783,2
1800,14.65,0.6290751708,2
1800,14.675,0.6289956633,2
1800,14.7,0.6289161559,2
1800,14.725,0.6288366487,2
1800,14.75,0.6287571418,2
1800,14.775,0.6286776352,2
1800,14.8,0.628598129,2
1800,14.825,0.6285186233,2
1800,14.85,0.6284391182,2
1800,14.875,0.6283596137,2
1800,14.9,0.6282801099,2
1800,14.925,0.628200607,2
1800,14.95,0.628121105,2
1800,14.975,0.6280416039,2
1800,15,0.6279621039,2
1800,15.025,0.6278826051,2
1800,15.05,0.6278031074,2
1800,15.075,0.6277236111,2
1800,15.1,0.6276441161,2
1800,15.125,0.6275646226,2
1800,15.15,0.6274851306,2
1800,15.175,0.6274056403,2
1800,15.2,0.6273261516,2
1800,15.225,0.6272466647,2
1800,15.25,0.6271671797,2
1800,15.275,0.6270876966,2
1800,15.3,0.6270082156,2
1800,15.325,0.6269287366,2
1800,15.35,0.6268492599,2
1800,15.375,0.6267697854,2
1800,15.4,0.6266903132,2
1800,15.425,0.6266108435,2
1800,15.45,0.6265313763,2
1800,15.475,0.6264519116,2
1800,15.5,0.6263724497,2
1800,15.525,0.6262929905,2
1800,15.55,0.6262135341,2
1800,15.575,0.6261340806,2
1800,15.6,0.6260546302,2
1800,15.625,0.6259751828,2
1800,15.65,0.6258957386,2
1800,15.675,0.6258162976,2
1800,15.7,0.6257368599,2
1800,15.725,0.6256574257,2
1800,15.75,0.6255779949,2
1800,15.775,0.6254985677,2
1800,15.8,0.6254191441,2
1800,15.825,0.6253397243,2
1800,15.85,0.6252603083,2
1800,15.875,0.6251808962,2
1800,15.9,0.6251014881,2
1800,15.925,0.625022084,2
1800,15.95,0.6249426841,2
1800,15.975,0.6248632884,2
1800,16,0.624783897,2
1800,16.025,0.62470451,2
1800,16.05,0.6246251275,2
1800,16.075,0.6245457495,2
1800,16.1,0.6244663762,2
1800,16.125,0.6243870076,2
1800,16.15,0.6243076437,2
1800,16.175,0.6242282848,2
1800,16.2,0.6241489308,2
1800,16.225,0.6240695819,2
1800,16.25,0.6239902382,2
1800,16.275,0.6239108996,2
1800,16.3,0.6238315663,2
1800,16.325,0.6237522384,2
1800,16.35,0.623672916,2
1800,16.375,0.6235935991,2
1800,16.4,0.6235142879,2
1800,16.425,0.6234349824,2
1800,16.45,0.6233556827,2
1800,16.475,0.6232763888,2
1800,16.5,0.6231971009,2
1800,16.525,0.6231178191,2
1800,16.55,0.6230385434,2
1800,16.575,0.6229592739,2
1800,16.6,0.6228800107,2
1800,16.625,0.6228007539,2
1800,16.65,0.6227215035,2
1800,16.675,0.6226422597,2
1800,16.7,0.6225630225,2
1800,16.725,0.6224837921,2
1800,16.75,0.6224045684,2
1800,16.775,0.6223253517,2
1800,16.8,0.6222461418,2
1800,16.825,0.6221669391,2
1800,16.85,0.6220877435,2
1800,16.875,0.6220085551,2
1800,16.9,0.6219293739,2
1800,16.925,0.6218502002,2
1800,16.95,0.621771034,2
1800,16.975,0.6216918753,2
1800,17,0.6216127242,2
1800,17.025,0.6215335809,2
1800,17.05,0.6214544454,2
1800,17.075,0.6213753177,2
1800,17.1,0.6212961981,2
1800,17.125,0.6212170865,2
1800,17.15,0.621137983,2
1800,17.175,0.6210588878,2
1800,17.2,0.6209798009,2
1800,17.225,0.6209007224,2
1800,17.25,0.6208216524,2
1800,17.275,0.6207425909,2
1800,17.3,0.6206635381,2
1800,17.325,0.620584494,2
1800,17.35,0.6205054588,2
1800,17.375,0.6204264324,2
1800,17.4,0.6203474151,2
1800,17.425,0.6202684068,2
1800,17.45,0.6201894077,2
1800,17.475,0.6201104178,2
1800,17.5,0.6200314373,2
1800,17.525,0.6199524661,2
1800,17.55,0.6198735045,2
1800,17.575,0.6197945525,2
1800,17.6,0.6197156101,2
1800,17.625,0.6196366775,2
1800,17.65,0.6195577548,2
1800,17.675,0.6194788419,2
1800,17.7,0.6193999391,2
1800,17.725,0.6193210464,2
1800,17.75,0.6192421638,2
1800,17.775,0.6191632916,2
1800,17.8,0.6190844297,2
1800,17.825,0.6190055782,2
1800,17.85,0.6189267372,2
1800,17.875,0.6188479069,2
1800,17.9,0.6187690873,2
1800,17.925,0.6186902784,2
1800,17.95,0.6186114804,2
1800,17.975,0.6185326934,2
1800,18,0.6184539174,2
1800,18.025,0.6183751525,2
1800,18.05,0.6182963989,2
1800,18.075,0.6182176565,2
1800,18.1,0.6181389256,2
1800,18.125,0.618060206,2
1800,18.15,0.6179814981,2
1800,18.175,0.6179028018,2
1800,18.2,0.6178241172,2
1800,18.225,0.6177454445,2
1800,18.25,0.6176667836,2
1800,18.275,0.6175881347,2
1800,18.3,0.6175094979,2
1800,18.325,0.6174308733,2
1800,18.35,0.6173522609,2
1800,18.375,0.6172736608,2
1800,18.4,0.6171950732,2
1800,18.425,0.6171164981,2
1800,18.45,0.6170379355,2
1800,18.475,0.6169593857,2
1800,18.5,0.6168808486,2
1800,18.525,0.6168023243,2
1800,18.55,0.616723813,2
1800,18.575,0.6166453147,2
1800,18.6,0.6165668295,2
1800,18.625,0.6164883576,2
1800,18.65,0.6164098989,2
1800,18.675,0.6163314536,2
1800,18.7,0.6162530217,2
1800,18.725,0.6161746034,2
1800,18.75,0.6160961987,2
1800,18.775,0.6160178077,2
1800,18.8,0.6159394306,2
1800,18.825,0.6158610673,2
1800,18.85,0.6157827181,2
1800,18.875,0.6157043828,2
1800,18.9,0.6156260618,2
1800,18.925,0.615547755,2
1800,18.95,0.6154694625,2
1800,18.975,0.6153911844,2
1800,19,0.6153129208,2
1800,19.025,0.6152346719,2
1800,19.05,0.6151564376,2
1800,19.075,0.615078218,2
1800,19.1,0.6150000134,2
1800,19.125,0.6149218236,2
1800,19.15,0.6148436489,2
1800,19.175,0.6147654893,2
1800,19.2,0.6146873449,2
1800,19.225,0.6146092158,2
1800,19.25,0.6145311021,2
1800,19.275,0.6144530039,2
1800,19.3,0.6143749211,2
1800,19.325,0.6142968541,2
1800,19.35,0.6142188028,2
1800,19.375,0.6141407672,2
1800,19.4,0.6140627476,2
1800,19.425,0.613984744,2
1800,19.45,0.6139067565,2
1800,19.475,0.6138287851,2
1800,19.5,0.61375083,2
1800,19.525,0.6136728912,2
1800,19.55,0.6135949688,2
1800,19.575,0.613517063,2
1800,19.6,0.6134391738,2
1800,19.625,0.6133613013,2
1800,19.65,0.6132834455,2
1800,19.675,0.6132056067,2
1800,19.7,0.6131277848,2
1800,19.725,0.6130499799,2
1800,19.75,0.6129721922,2
1800,19.775,0.6128944217,2
1800,19.8,0.6128166685,2
1800,19.825,0.6127389327,2
1800,19.85,0.6126612144,2
1800,19.875,0.6125835137,2
1800,19.9,0.6125058306,2
1800,19.925,0.6124281653,2
1800,19.95,0.6123505178,2
1800,19.975,0.6122728883,2
1800,20,0.6121952768,2
1800,20.025,0.6121176834,2
1800,20.05,0.6120401082,2
1800,20.075,0.6119625512,2
1800,20.1,0.6118850127,2
1800,20.125,0.6118074926,2
1800,20.15,0.6117299911,2
1800,20.175,0.6116525082,2
1800,20.2,0.611575044,2
1800,20.225,0.6114975986,2
1800,20.25,0.6114201722,2
1800,20.275,0.6113427647,2
1800,20.3,0.6112653763,2
1800,20.325,0.6111880071,2
1800,20.35,0.6111106571,2
1800,20.375,0.6110333265,2
1800,20.4,0.6109560154,2
1800,20.425,0.6108787237,2
1800,20.45,0.6108014517,2
1800,20.475,0.6107241994,2
1800,20.5,0.6106469669,2
1800,20.525,0.6105697542,2
1800,20.55,0.6104925615,2
1800,20.575,0.6104153889,2
1800,20.6,0.6103382364,2
1800,20.625,0.6102611042,2
1800,20.65,0.6101839923,2
1800,20.675,0.6101069008,2
1800,20.7,0.6100298298,2
1800,20.725,0.6099527794,2
1800,20.75,0.6098757497,2
1800,20.775,0.6097987408,2
1800,20.8,0.6097217527,2
1800,20.825,0.6096447856,2
1800,20.85,0.6095678395,2
1800,20.875,0.6094909146,2
1800,20.9,0.6094140108,2
1800,20.925,0.6093371284,2
1800,20.95,0.6092602674,2
1800,20.975,0.6091834278,2
1800,21,0.6091066098,2
1800,21.025,0.6090298135,2
1800,21.05,0.608953039,2
1800,21.075,0.6088762863,2
1800,21.1,0.6087995555,2
1800,21.125,0.6087228468,2
1800,21.15,0.6086461601,2
1800,21.175,0.6085694957,2
1800,21.2,0.6084928535,2
1800,21.225,0.6084162338,2
1800,21.25,0.6083396365,2
1800,21.275,0.6082630617,2
1800,21.3,0.6081865096,2
1800,21.325,0.6081099803,2
1800,21.35,0.6080334738,2
1800,21.375,0.6079569902,2
1800,21.4,0.6078805296,2
1800,21.425,0.6078040921,2
1800,21.45,0.6077276778,2
1800,21.475,0.6076512867,2
1800,21.5,0.6075749191,2
1800,21.525,0.6074985749,2
1800,21.55,0.6074222542,2
1800,21.575,0.6073459572,2
1800,21.6,0.6072696838,2
1800,21.625,0.6071934344,2
1800,21.65,0.6071172088,2
1800,21.675,0.6070410072,2
1800,21.7,0.6069648297,2
1800,21.725,0.6068886763,2
1800,21.75,0.6068125473,2
1800,21.775,0.6067364426,2
1800,21.8,0.6066603623,2
1800,21.825,0.6065843066,2
1800,21.85,0.6065082754,2
1800,21.875,0.606432269,2
1800,21.9,0.6063562874,2
1800,21.925,0.6062803307,2
1800,21.95,0.606204399,2
1800,21.975,0.6061284924,2
1800,22,0.6060526109,2
1800,22.025,0.6059767547,2
1800,22.05,0.6059009238,2
1800,22.075,0.6058251183,2
1800,22.1,0.6057493384,2
1800,22.125,0.6056735841,2
1800,22.15,0.6055978555,2
1800,22.175,0.6055221527,2
1800,22.2,0.6054464757,2
1800,22.225,0.6053708248,2
1800,22.25,0.6052951999,2
1800,22.275,0.6052196011,2
1800,22.3,0.6051440286,2
1800,22.325,0.6050684825,2
1800,22.35,0.6049929627,2
1800,22.375,0.6049174695,2
1800,22.4,0.6048420029,2
1800,22.425,0.604766563,2
1800,22.45,0.6046911499,2
1800,22.475,0.6046157636,2
1800,22.5,0.6045404043,2
1800,22.525,0.6044650721,2
1800,22.55,0.604389767,2
1800,22.575,0.6043144891,2
1800,22.6,0.6042392386,2
1800,22.625,0.6041640155,2
1800,22.65,0.6040888199,2
1800,22.675,0.6040136518,2
1800,22.7,0.6039385115,2
1800,22.725,0.603863399,2
1800,22.75,0.6037883143,2
1800,22.775,0.6037132576,2
1800,22.8,0.6036382289,2
1800,22.825,0.6035632284,2
1800,22.85,0.6034882561,2
1800,22.875,0.6034133121,2
1800,22.9,0.6033383966,2
1800,22.925,0.6032635095,2
1800,22.95,0.603188651,2
1800,22.975,0.6031138212,2
1800,23,0.6030390202,2
1800,23.025,0.602964248,2
1800,23.05,0.6028895048,2
1800,23.075,0.6028147907,2
1800,23.1,0.6027401056,2
1800,23.125,0.6026654498,2
1800,23.15,0.6025908233,2
1800,23.175,0.6025162263,2
1800,23.2,0.6024416587,2
1800,23.225,0.6023671206,2
1800,23.25,0.6022926123,2
1800,23.275,0.6022181337,2
1800,23.3,0.602143685,2
1800,23.325,0.6020692663,2
1800,23.35,0.6019948775,2
1800,23.375,0.6019205189,2
1800,23.4,0.6018461906,2
1800,23.425,0.6017718925,2
1800,23.45,0.6016976248,2
1800,23.475,0.6016233876,2
1800,23.5,0.601549181,2
1800,23.525,0.6014750051,2
1800,23.55,0.6014008599,2
1800,23.575,0.6013267456,2
1800,23.6,0.6012526622,2
1800,23.625,0.6011786099,2
1800,23.65,0.6011045886,2
1800,23.675,0.6010305986,2
1800,23.7,0.6009566399,2
1800,23.725,0.6008827126,2
1800,23.75,0.6008088168,2
1800,23.775,0.6007349525,2
1800,23.8,0.6006611199,2
1800,23.825,0.6005873191,2
1800,23.85,0.6005135501,2
1800,23.875,0.6004398131,2
1800,23.9,0.600366108,2
1800,23.925,0.6002924351,2
1800,23.95,0.6002187944,2
1800,23.975,0.600145186,2
1800,24,0.60007161,2
1800,24.025,0.5999980665,2
1800,24.05,0.5999245555,2
1800,24.075,0.5998510772,2
1800,24.1,0.5997776317,2
1800,24.125,0.599704219,2
1800,24.15,0.5996308392,2
1800,24.175,0.5995574925,2
1800,24.2,0.5994841788,2
1800,24.225,0.5994108984,2
1800,24.25,0.5993376512,2
1800,24.275,0.5992644375,2
1800,24.3,0.5991912572,2
1800,24.325,0.5991181105,2
1800,24.35,0.5990449974,2
1800,24.375,0.5989719181,2
1800,24.4,0.5988988726,2
1800,24.425,0.598825861,2
1800,24.45,0.5987528835,2
1800,24.475,0.59867994,2
1800,24.5,0.5986070308,2
1800,24.525,0.5985341559,2
1800,24.55,0.5984613153,2
1800,24.575,0.5983885092,2
1800,24.6,0.5983157376,2
1800,24.625,0.5982430007,2
1800,24.65,0.5981702986,2
1800,24.675,0.5980976313,2
1800,24.7,0.5980249989,2
1800,24.725,0.5979524015,2
1800,24.75,0.5978798392,2
1800,24.775,0.5978073121,2
1800,24.8,0.5977348202,2
1800,24.825,0.5976623638,2
1800,24.85,0.5975899428,2
1800,24.875,0.5975175574,2
1800,24.9,0.5974452076,2
1800,24.925,0.5973728935,2
1800,24.95,0.5973006153,2
1800,24.975,0.597228373,2
1800,25,0.5971561667,2
1800,25.025,0.5970839964,2
1800,25.05,0.5970118624,2
1800,25.075,0.5969397646,2
1800,25.1,0.5968677032,2
1800,25.125,0.5967956783,2
1800,25.15,0.5967236899,2
1800,25.175,0.5966517381,2
1800,25.2,0.5965798231,2
1800,25.225,0.5965079449,2
1800,25.25,0.5964361036,2
1800,25.275,0.5963642992,2
1800,25.3,0.596292532,2
1800,25.325,0.5962208019,2
1800,25.35,0.5961491092,2
1800,25.375,0.5960774537,2
1800,25.4,0.5960058357,2
1800,25.425,0.5959342553,2
1800,25.45,0.5958627125,2
1800,25.475,0.5957912074,2
1800,25.5,0.5957197401,2
1800,25.525,0.5956483106,2
1800,25.55,0.5955769192,2
1800,25.575,0.5955055659,2
1800,25.6,0.5954342507,2
1800,25.625,0.5953629738,2
1800,25.65,0.5952917352,2
1800,25.675,0.5952205351,2
1800,25.7,0.5951493735,2
1800,25.725,0.5950782505,2
1800,25.75,0.5950071662,2
1800,25.775,0.5949361207,2
1800,25.8,0.5948651141,2
1800,25.825,0.5947941465,2
1800,25.85,0.5947232179,2
1800,25.875,0.5946523285,2
1800,25.9,0.5945814784,2
1800,25.925,0.5945106676,2
1800,25.95,0.5944398962,2
1800,25.975,0.5943691643,2
1800,26,0.594298472,2
1800,26.025,0.5942278194,2
1800,26.05,0.5941572066,2
1800,26.075,0.5940866337,2
1800,26.1,0.5940161007,2
1800,26.125,0.5939456078,2
1800,26.15,0.593875155,2
1800,26.175,0.5938047425,2
1800,26.2,0.5937343703,2
1800,26.225,0.5936640385,2
1800,26.25,0.5935937472,2
1800,26.275,0.5935234965,2
1800,26.3,0.5934532865,2
1800,26.325,0.5933831172,2
1800,26.35,0.5933129888,2
1800,26.375,0.5932429013,2
1800,26.4,0.5931728549,2
1800,26.425,0.5931028496,2
1800,26.45,0.5930328856,2
1800,26.475,0.5929629628,2
1800,26.5,0.5928930815,2
1800,26.525,0.5928232416,2
1800,26.55,0.5927534433,2
1800,26.575,0.5926836866,2
1800,26.6,0.5926139717,2
1800,26.625,0.5925442987,2
1800,26.65,0.5924746676,2
1800,26.675,0.5924050785,2
1800,26.7,0.5923355315,2
1800,26.725,0.5922660267,2
1800,26.75,0.5921965642,2
1800,26.775,0.5921271441,2
1800,26.8,0.5920577665,2
1800,26.825,0.5919884314,2
1800,26.85,0.5919191389,2
1800,26.875,0.5918498892,2
1800,26.9,0.5917806823,2
1800,26.925,0.5917115183,2
1800,26.95,0.5916423974,2
1800,26.975,0.5915733195,2
1800,27,0.5915042848,2
1800,27.025,0.5914352933,2
1800,27.05,0.5913663453,2
1800,27.075,0.5912974406,2
1800,27.1,0.5912285795,2
1800,27.125,0.591159762,2
1800,27.15,0.5910909883,2
1800,27.175,0.5910222583,2
1800,27.2,0.5909535722,2
1800,27.225,0.5908849301,2
1800,27.25,0.5908163321,2
1800,27.275,0.5907477783,2
1800,27.3,0.5906792686,2
1800,27.325,0.5906108033,2
1800,27.35,0.5905423825,2
1800,27.375,0.5904740061,2
1800,27.4,0.5904056743,2
1800,27.425,0.5903373873,2
1800,27.45,0.590269145,2
1800,27.475,0.5902009475,2
1800,27.5,0.5901327951,2
1800,27.525,0.5900646876,2
1800,27.55,0.5899966253,2
1800,27.575,0.5899286082,2
1800,27.6,0.5898606364,2
1800,27.625,0.5897927101,2
1800,27.65,0.5897248291,2
1800,27.675,0.5896569938,2
1800,27.7,0.5895892041,2
1800,27.725,0.5895214602,2
1800,27.75,0.5894537621,2
1800,27.775,0.58938611,2
1800,27.8,0.5893185038,2
1800,27.825,0.5892509438,2
1800,27.85,0.5891834299,2
1800,27.875,0.5891159623,2
1800,27.9,0.5890485411,2
1800,27.925,0.5889811663,2
1800,27.95,0.5889138381,2
1800,27.975,0.5888465565,2
1800,28,0.5887793216,2
1800,28.025,0.5887121335,2
1800,28.05,0.5886449923,2
1800,28.075,0.5885778981,2
1800,28.1,0.5885108509,2
1800,28.125,0.5884438509,2
1800,28.15,0.5883768982,2
1800,28.175,0.5883099928,2
1800,28.2,0.5882431348,2
1800,28.225,0.5881763243,2
1800,28.25,0.5881095614,2
1800,28.275,0.5880428461,2
1800,28.3,0.5879761787,2
1800,28.325,0.5879095591,2
1800,28.35,0.5878429874,2
1800,28.375,0.5877764638,2
1800,28.4,0.5877099883,2
1800,28.425,0.5876435609,2
1800,28.45,0.5875771819,2
1800,28.475,0.5875108513,2
1800,28.5,0.5874445691,2
1800,28.525,0.5873783355,2
1800,28.55,0.5873121505,2
1800,28.575,0.5872460143,2
1800,28.6,0.5871799268,2
1800,28.625,0.5871138883,2
1800,28.65,0.5870478987,2
1800,28.675,0.5869819583,2
1800,28.7,0.586916067,2
1800,28.725,0.5868502249,2
1800,28.75,0.5867844322,2
1800,28.775,0.5867186889,2
1800,28.8,0.5866529951,2
1800,28.825,0.5865873509,2
1800,28.85,0.5865217564,2
1800,28.875,0.5864562116,2
1800,28.9,0.5863907167,2
1800,28.925,0.5863252718,2
1800,28.95,0.5862598769,2
1800,28.975,0.5861945321,2
1800,29,0.5861292375,2
1800,29.025,0.5860639931,2
1800,29.05,0.5859987992,2
1800,29.075,0.5859336557,2
1800,29.1,0.5858685628,2
1800,29.125,0.5858035205,2
1800,29.15,0.5857385289,2
1800,29.175,0.5856735882,2
1800,29.2,0.5856086983,2
1800,29.225,0.5855438594,2
1800,29.25,0.5854790716,2
1800,29.275,0.5854143349,2
1800,29.3,0.5853496495,2
1800,29.325,0.5852850153,2
1800,29.35,0.5852204326,2
1800,29.375,0.5851559014,2
1800,29.4,0.5850914218,2
1800,29.425,0.5850269938,2
1800,29.45,0.5849626176,2
1800,29.475,0.5848982932,2
1800,29.5,0.5848340207,2
1800,29.525,0.5847698003,2
1800,29.55,0.5847056319,2
1800,29.575,0.5846415157,2
1800,29.6,0.5845774518,2
1800,29.625,0.5845134402,2
1800,29.65,0.5844494811,2
1800,29.675,0.5843855745,2
1800,29.7,0.5843217205,2
1800,29.725,0.5842579192,2
1800,29.75,0.5841941706,2
1800,29.775,0.584130475,2
1800,29.8,0.5840668322,2
1800,29.825,0.5840032425,2
1800,29.85,0.583939706,2
1800,29.875,0.5838762226,2
1800,29.9,0.5838127925,2
1800,29.925,0.5837494158,2
1800,29.95,0.5836860925,2
1800,29.975,0.5836228228,2
1800,30,0.5835596067,2
1800,30.025,0.5834964443,2
1800,30.05,0.5834333357,2
1800,30.075,0.583370281,2
1800,30.1,0.5833072803,2
1800,30.125,0.5832443336,2
1800,30.15,0.583181441,2
1800,30.175,0.5831186027,2
1800,30.2,0.5830558187,2
1800,30.225,0.582993089,2
1800,30.25,0.5829304138,2
1800,30.275,0.5828677932,2
1800,30.3,0.5828052272,2
1800,30.325,0.582742716,2
1800,30.35,0.5826802595,2
1800,30.375,0.5826178579,2
1800,30.4,0.5825555114,2
1800,30.425,0.5824932198,2
1800,30.45,0.5824309834,2
1800,30.475,0.5823688023,2
1800,30.5,0.5823066764,2
1800,30.525,0.582244606,2
1800,30.55,0.582182591,2
1800,30.575,0.5821206316,2
1800,30.6,0.5820587278,2
1800,30.625,0.5819968798,2
1800,30.65,0.5819350876,2
1800,30.675,0.5818733513,2
1800,30.7,0.5818116709,2
1800,30.725,0.5817500466,2
1800,30.75,0.5816884785,2
1800,30.775,0.5816269666,2
1800,30.8,0.581565511,2
1800,30.825,0.5815041118,2
1800,30.85,0.581442769,2
1800,30.875,0.5813814829,2
1800,30.9,0.5813202534,2
1800,30.925,0.5812590806,2
1800,30.95,0.5811979646,2
1800,30.975,0.5811369055,2
1800,31,0.5810759034,2
1800,31.025,0.5810149583,2
1800,31.05,0.5809540704,2
1800,31.075,0.5808932397,2
1800,31.1,0.5808324664,2
1800,31.125,0.5807717504,2
1800,31.15,0.5807110918,2
1800,31.175,0.5806504909,2
1800,31.2,0.5805899475,2
1800,31.225,0.5805294619,2
1800,31.25,0.5804690341,2
1800,31.275,0.5804086642,2
1800,31.3,0.5803483522,2
1800,31.325,0.5802880983,2
1800,31.35,0.5802279025,2
1800,31.375,0.5801677649,2
1800,31.4,0.5801076856,2
1800,31.425,0.5800476647,2
1800,31.45,0.5799877022,2
1800,31.475,0.5799277983,2
1800,31.5,0.579867953,2
1800,31.525,0.5798081664,2
1800,31.55,0.5797484386,2
1800,31.575,0.5796887696,2
1800,31.6,0.5796291596,2
1800,31.625,0.5795696086,2
1800,31.65,0.5795101167,2
1800,31.675,0.579450684,2
1800,31.7,0.5793913106,2
1800,31.725,0.5793319965,2
1800,31.75,0.5792727419,2
1800,31.775,0.5792135468,2
1800,31.8,0.5791544112,2
1800,31.825,0.5790953354,2
1800,31.85,0.5790363193,2
1800,31.875,0.578977363,2
1800,31.9,0.5789184667,2
1800,31.925,0.5788596303,2
1800,31.95,0.578800854,2
1800,31.975,0.5787421379,2
1800,32,0.578683482,2
1800,32.025,0.5786248865,2
1800,32.05,0.5785663513,2
1800,32.075,0.5785078766,2
1800,32.1,0.5784494625,2
1800,32.125,0.578391109,2
1800,32.15,0.5783328163,2
1800,32.175,0.5782745843,2
1800,32.2,0.5782164132,2
1800,32.225,0.5781583031,2
1800,32.25,0.578100254,2
1800,32.275,0.5780422661,2
1800,32.3,0.5779843393,2
1800,32.325,0.5779264739,2
1800,32.35,0.5778686697,2
1800,32.375,0.577810927,2
1800,32.4,0.5777532459,2
1800,32.425,0.5776956263,2
1800,32.45,0.5776380684,2
1800,32.475,0.5775805723,2
1800,32.5,0.577523138,2
1800,32.525,0.5774657656,2
1800,32.55,0.5774084552,2
1800,32.575,0.5773512069,2
1800,32.6,0.5772940207,2
1800,32.625,0.5772368968,2
1800,32.65,0.5771798351,2
1800,32.675,0.5771228359,2
1800,32.7,0.5770658991,2
1800,32.725,0.5770090248,2
1800,32.75,0.5769522132,2
1800,32.775,0.5768954643,2
1800,32.8,0.5768387782,2
1800,32.825,0.5767821549,2
1800,32.85,0.5767255945,2
1800,32.875,0.5766690972,2
1800,32.9,0.576612663,2
1800,32.925,0.5765562919,2
1800,32.95,0.5764999841,2
1800,32.975,0.5764437396,2
1800,33,0.5763875585,2
1800,33.025,0.5763314409,2
1800,33.05,0.5762753869,2
1800,33.075,0.5762193965,2
1800,33.1,0.5761634698,2
1800,33.125,0.5761076069,2
1800,33.15,0.5760518078,2
1800,33.175,0.5759960727,2
1800,33.2,0.5759404017,2
1800,33.225,0.5758847947,2
1800,33.25,0.5758292519,2
1800,33.275,0.5757737734,2
1800,33.3,0.5757183592,2
1800,33.325,0.5756630094,2
1800,33.35,0.5756077241,2
1800,33.375,0.5755525034,2
1800,33.4,0.5754973473,2
1800,33.425,0.5754422559,2
1800,33.45,0.5753872293,2
1800,33.475,0.5753322676,2
1800,33.5,0.5752773709,2
1800,33.525,0.5752225391,2
1800,33.55,0.5751677725,2
1800,33.575,0.575113071,2
1800,33.6,0.5750584348,2
1800,33.625,0.5750038639,2
1800,33.65,0.5749493584,2
1800,33.675,0.5748949184,2
1800,33.7,0.5748405439,2
1800,33.725,0.5747862351,2
1800,33.75,0.574731992,2
1800,33.775,0.5746778146,2
1800,33.8,0.5746237031,2
1800,33.825,0.5745696576,2
1800,33.85,0.5745156781,2
1800,33.875,0.5744617646,2
1800,33.9,0.5744079173,2
1800,33.925,0.5743541362,2
1800,33.95,0.5743004215,2
1800,33.975,0.5742467731,2
1800,34,0.5741931912,2
1800,34.025,0.5741396758,2
1800,34.05,0.5740862271,2
1800,34.075,0.574032845,2
1800,34.1,0.5739795297,2
1800,34.125,0.5739262812,2
1800,34.15,0.5738730996,2
1800,34.175,0.573819985,2
1800,34.2,0.5737669375,2
1800,34.225,0.573713957,2
1800,34.25,0.5736610438,2
1800,34.275,0.5736081979,2
1800,34.3,0.5735554193,2
1800,34.325,0.5735027082,2
1800,34.35,0.5734500645,2
1800,34.375,0.5733974884,2
1800,34.4,0.57334498,2
1800,34.425,0.5732925393,2
1800,34.45,0.5732401664,2
1800,34.475,0.5731878614,2
1800,34.5,0.5731356243,2
1800,34.525,0.5730834552,2
1800,34.55,0.5730313542,2
1800,34.575,0.5729793213,2
1800,34.6,0.5729273567,2
1800,34.625,0.5728754605,2
1800,34.65,0.5728236325,2
1800,34.675,0.5727718731,2
1800,34.7,0.5727201822,2
1800,34.725,0.5726685598,2
1800,34.75,0.5726170062,2
1800,34.775,0.5725655213,2
1800,34.8,0.5725141052,2
1800,34.825,0.572462758,2
1800,34.85,0.5724114797,2
1800,34.875,0.5723602705,2
1800,34.9,0.5723091304,2
1800,34.925,0.5722580595,2
1800,34.95,0.5722070578,2
1800,34.975,0.5721561254,2
1800,35,0.5721052625,2
1800,35.025,0.572054469,2
1800,35.05,0.572003745,2
1800,35.075,0.5719530907,2
1800,35.1,0.571902506,2
1800,35.125,0.5718519911,2
1800,35.15,0.571801546,2
1800,35.175,0.5717511708,2
1800,35.2,0.5717008655,2
1800,35.225,0.5716506303,2
1800,35.25,0.5716004652,2
1800,35.275,0.5715503703,2
1800,35.3,0.5715003456,2
1800,35.325,0.5714503913,2
1800,35.35,0.5714005073,2
1800,35.375,0.5713506938,2
1800,35.4,0.5713009508,2
1800,35.425,0.5712512785,2
1800,35.45,0.5712016768,2
1800,35.475,0.5711521458,2
1800,35.5,0.5711026857,2
1800,35.525,0.5710532964,2
1800,35.55,0.5710039781,2
1800,35.575,0.5709547308,2
1800,35.6,0.5709055546,2
1800,35.625,0.5708564496,2
1800,35.65,0.5708074158,2
1800,35.675,0.5707584533,2
1800,35.7,0.5707095621,2
1800,35.725,0.5706607424,2
1800,35.75,0.5706119943,2
1800,35.775,0.5705633176,2
1800,35.8,0.5705147127,2
1800,35.825,0.5704661794,2
1800,35.85,0.570417718,2
1800,35.875,0.5703693284,2
1800,35.9,0.5703210107,2
1800,35.925,0.570272765,2
1800,35.95,0.5702245913,2
1800,35.975,0.5701764898,2
1800,36,0.5701284605,2
1800,36.025,0.5700805034,2
1800,36.05,0.5700326187,2
1800,36.075,0.5699848064,2
1800,36.1,0.5699370665,2
1800,36.125,0.5698893992,2
1800,36.15,0.5698418045,2
1800,36.175,0.5697942825,2
1800,36.2,0.5697468332,2
1800,36.225,0.5696994567,2
1800,36.25,0.5696521531,2
1800,36.275,0.5696049224,2
1800,36.3,0.5695577647,2
1800,36.325,0.5695106801,2
1800,36.35,0.5694636687,2
1800,36.375,0.5694167304,2
1800,36.4,0.5693698655,2
1800,36.425,0.5693230739,2
1800,36.45,0.5692763556,2
1800,36.475,0.5692297109,2
1800,36.5,0.5691831397,2
1800,36.525,0.5691366422,2
1800,36.55,0.5690902183,2
1800,36.575,0.5690438681,2
1800,36.6,0.5689975918,2
1800,36.625,0.5689513893,2
1800,36.65,0.5689052608,2
1800,36.675,0.5688592062,2
1800,36.7,0.5688132258,2
1800,36.725,0.5687673195,2
1800,36.75,0.5687214874,2
1800,36.775,0.5686757295,2
1800,36.8,0.568630046,2
1800,36.825,0.5685844369,2
1800,36.85,0.5685389023,2
1800,36.875,0.5684934422,2
1800,36.9,0.5684480567,2
1800,36.925,0.5684027459,2
1800,36.95,0.5683575097,2
1800,36.975,0.5683123484,2
1800,37,0.5682672619,2
1800,37.025,0.5682222504,2
1800,37.05,0.5681773138,2
1800,37.075,0.5681324523,2
1800,37.1,0.5680876659,2
1800,37.125,0.5680429547,2
1800,37.15,0.5679983187,2
1800,37.175,0.567953758,2
1800,37.2,0.5679092727,2
1800,37.225,0.5678648628,2
1800,37.25,0.5678205284,2
1800,37.275,0.5677762696,2
1800,37.3,0.5677320864,2
1800,37.325,0.5676879789,2
1800,37.35,0.5676439471,2
1800,37.375,0.5675999912,2
1800,37.4,0.5675561111,2
1800,37.425,0.567512307,2
1800,37.45,0.5674685789,2
1800,37.475,0.5674249268,2
1800,37.5,0.5673813509,2
1800,37.525,0.5673378511,2
1800,37.55,0.5672944277,2
1800,37.575,0.5672510805,2
1800,37.6,0.5672078097,2
1800,37.625,0.5671646153,2
1800,37.65,0.5671214975,2
1800,37.675,0.5670784562,2
1800,37.7,0.5670354916,2
1800,37.725,0.5669926036,2
1800,37.75,0.5669497924,2
1800,37.775,0.566907058,2
1800,37.8,0.5668644004,2
1800,37.825,0.5668218198,2
1800,37.85,0.5667793162,2
1800,37.875,0.5667368897,2
1800,37.9,0.5666945403,2
1800,37.925,0.566652268,2
1800,37.95,0.566610073,2
1800,37.975,0.5665679553,2
1800,38,0.566525915,2
1800,38.025,0.5664839521,2
1800,38.05,0.5664420666,2
1800,38.075,0.5664002588,2
1800,38.1,0.5663585285,2
1800,38.125,0.5663168758,2
1800,38.15,0.566275301,2
1800,38.175,0.5662338038,2
1800,38.2,0.5661923846,2
1800,38.225,0.5661510432,2
1800,38.25,0.5661097798,2
1800,38.275,0.5660685945,2
1800,38.3,0.5660274872,2
1800,38.325,0.565986458,2
1800,38.35,0.5659455071,2
1800,38.375,0.5659046344,2
1800,38.4,0.56586384,2
1800,38.425,0.565823124,2
1800,38.45,0.5657824865,2
1800,38.475,0.5657419274,2
1800,38.5,0.5657014469,2
1800,38.525,0.5656610451,2
1800,38.55,0.5656207219,2
1800,38.575,0.5655804774,2
1800,38.6,0.5655403117,2
1800,38.625,0.5655002249,2
1800,38.65,0.5654602169,2
1800,38.675,0.565420288,2
1800,38.7,0.565380438,2
1800,38.725,0.5653406671,2
1800,38.75,0.5653009754,2
1800,38.775,0.5652613629,2
1800,38.8,0.5652218296,2
1800,38.825,0.5651823756,2
1800,38.85,0.565143001,2
1800,38.875,0.5651037058,2
1800,38.9,0.5650644901,2
1800,38.925,0.5650253539,2
1800,38.95,0.5649862973,2
1800,38.975,0.5649473204,2
1800,39,0.5649084232,2
1800,39.025,0.5648696057,2
1800,39.05,0.5648308681,2
1800,39.075,0.5647922103,2
1800,39.1,0.5647536325,2
1800,39.125,0.5647151347,2
1800,39.15,0.5646767169,2
1800,39.175,0.5646383792,2
1800,39.2,0.5646001216,2
1800,39.225,0.5645619443,2
1800,39.25,0.5645238472,2
1800,39.275,0.5644858305,2
1800,39.3,0.5644478941,2
1800,39.325,0.5644100382,2
1800,39.35,0.5643722628,2
1800,39.375,0.5643345679,2
1800,39.4,0.5642969536,2
1800,39.425,0.5642594199,2
1800,39.45,0.564221967,2
1800,39.475,0.5641845948,2
1800,39.5,0.5641473034,2
1800,39.525,0.5641100929,2
1800,39.55,0.5640729633,2
1800,39.575,0.5640359147,2
1800,39.6,0.5639989472,2
1800,39.625,0.5639620607,2
1800,39.65,0.5639252554,2
1800,39.675,0.5638885312,2
1800,39.7,0.5638518883,2
1800,39.725,0.5638153267,2
1800,39.75,0.5637788465,2
1800,39.775,0.5637424477,2
1800,39.8,0.5637061303,2
1800,39.825,0.5636698944,2
1800,39.85,0.5636337401,2
1800,39.875,0.5635976674,2
1800,39.9,0.5635616764,2
1800,39.925,0.5635257672,2
1800,39.95,0.5634899396,2
1800,39.975,0.563454194,2
1800,40,0.5634185302,2
1800,40.025,0.5633829483,2
1800,40.05,0.5633474484,2
1800,40.075,0.5633120306,2
1800,40.1,0.5632766948,2
1800,40.125,0.5632414412,2
1800,40.15,0.5632062698,2
1800,40.175,0.5631711806,2
1800,40.2,0.5631361737,2
1800,40.225,0.5631012492,2
1800,40.25,0.563066407,2
1800,40.275,0.5630316473,2
1800,40.3,0.5629969701,2
1800,40.325,0.5629623754,2
1800,40.35,0.5629278634,2
1800,40.375,0.562893434,2
1800,40.4,0.5628590873,2
1800,40.425,0.5628248233,2
1800,40.45,0.5627906422,2
1800,40.475,0.5627565439,2
1800,40.5,0.5627225285,2
1800,40.525,0.562688596,2
1800,40.55,0.5626547465,2
1800,40.575,0.5626209801,2
1800,40.6,0.5625872968,2
1800,40.625,0.5625536967,2
1800,40.65,0.5625201797,2
1800,40.675,0.562486746,2
1800,40.7,0.5624533956,2
1800,40.725,0.5624201285,2
1800,40.75,0.5623869448,2
1800,40.775,0.5623538446,2
1800,40.8,0.5623208278,2
1800,40.825,0.5622878946,2
1800,40.85,0.562255045,2
1800,40.875,0.562222279,2
1800,40.9,0.5621895967,2
1800,40.925,0.5621569981,2
1800,40.95,0.5621244833,2
1800,40.975,0.5620920523,2
1800,41,0.5620597052,2
1800,41.025,0.562027442,2
1800,41.05,0.5619952628,2
1800,41.075,0.5619631676,2
1800,41.1,0.5619311565,2
1800,41.125,0.5618992295,2
1800,41.15,0.5618673866,2
1800,41.175,0.561835628,2
1800,41.2,0.5618039536,2
1800,41.225,0.5617723635,2
1800,41.25,0.5617408577,2
1800,41.275,0.5617094363,2
1800,41.3,0.5616780994,2
1800,41.325,0.5616468469,2
1800,41.35,0.561615679,2
1800,41.375,0.5615845956,2
1800,41.4,0.5615535969,2
1800,41.425,0.5615226828,2
1800,41.45,0.5614918535,2
1800,41.475,0.5614611089,2
1800,41.5,0.5614304491,2
1800,41.525,0.5613998741,2
1800,41.55,0.561369384,2
1800,41.575,0.5613389789,2
1800,41.6,0.5613086588,2
1800,41.625,0.5612784236,2
1800,41.65,0.5612482736,2
1800,41.675,0.5612182086,2
1800,41.7,0.5611882288,2
1800,41.725,0.5611583343,2
1800,41.75,0.5611285249,2
1800,41.775,0.5610988009,2
1800,41.8,0.5610691622,2
1800,41.825,0.5610396089,2
1800,41.85,0.5610101409,2
1800,41.875,0.5609807585,2
1800,41.9,0.5609514616,2
1800,41.925,0.5609222502,2
1800,41.95,0.5608931244,2
1800,41.975,0.5608640842,2
1800,42,0.5608351298,2
1800,42.025,0.560806261,2
1800,42.05,0.560777478,2
1800,42.075,0.5607487809,2
1800,42.1,0.5607201695,2
1800,42.125,0.5606916441,2
1800,42.15,0.5606632046,2
1800,42.175,0.5606348511,2
1800,42.2,0.5606065836,2
1800,42.225,0.5605784021,2
1800,42.25,0.5605503068,2
1800,42.275,0.5605222976,2
1800,42.3,0.5604943746,2
1800,42.325,0.5604665378,2
1800,42.35,0.5604387873,2
1800,42.375,0.5604111231,2
1800,42.4,0.5603835452,2
1800,42.425,0.5603560537,2
1800,42.45,0.5603286487,2
1800,42.475,0.5603013301,2
1800,42.5,0.560274098,2
1800,42.525,0.5602469525,2
1800,42.55,0.5602198936,2
1800,42.575,0.5601929213,2
1800,42.6,0.5601660357,2
1800,42.625,0.5601392368,2
1800,42.65,0.5601125246,2
1800,42.675,0.5600858993,2
1800,42.7,0.5600593607,2
1800,42.725,0.560032909,2
1800,42.75,0.5600065443,2
1800,42.775,0.5599802665,2
1800,42.8,0.5599540756,2
1800,42.825,0.5599279718,2
1800,42.85,0.5599019551,2
1800,42.875,0.5598760254,2
1800,42.9,0.5598501829,2
1800,42.925,0.5598244276,2
1800,42.95,0.5597987595,2
1800,42.975,0.5597731786,2
1800,43,0.5597476851,2
1800,43.025,0.5597222788,2
1800,43.05,0.55969696,2
1800,43.075,0.5596717285,2
1800,43.1,0.5596465845,2
1800,43.125,0.5596215279,2
1800,43.15,0.5595965589,2
1800,43.175,0.5595716774,2
1800,43.2,0.5595468836,2
1800,43.225,0.5595221773,2
1800,43.25,0.5594975587,2
1800,43.275,0.5594730278,2
1800,43.3,0.5594485847,2
1800,43.325,0.5594242293,2
1800,43.35,0.5593999617,2
1800,43.375,0.559375782,2
1800,43.4,0.5593516901,2
1800,43.425,0.5593276862,2
1800,43.45,0.5593037702,2
1800,43.475,0.5592799422,2
1800,43.5,0.5592562022,2
1800,43.525,0.5592325503,2
1800,43.55,0.5592089865,2
1800,43.575,0.5591855108,2
1800,43.6,0.5591621233,2
1800,43.625,0.5591388239,2
1800,43.65,0.5591156128,2
1800,43.675,0.55909249,2
1800,43.7,0.5590694555,2
1800,43.725,0.5590465093,2
1800,43.75,0.5590236514,2
1800,43.775,0.559000882,2
1800,43.8,0.558978201,2
1800,43.825,0.5589556085,2
1800,43.85,0.5589331045,2
1800,43.875,0.558910689,2
1800,43.9,0.5588883621,2
1800,43.925,0.5588661238,2
1800,43.95,0.5588439741,2
1800,43.975,0.5588219131,2
1800,44,0.5587999408,2
1800,44.025,0.5587780572,2
1800,44.05,0.5587562625,2
1800,44.075,0.5587345565,2
1800,44.1,0.5587129393,2
1800,44.125,0.558691411,2
1800,44.15,0.5586699716,2
1800,44.175,0.5586486211,2
1800,44.2,0.5586273596,2
1800,44.225,0.5586061871,2
1800,44.25,0.5585851036,2
1800,44.275,0.5585641091,2
1800,44.3,0.5585432038,2
1800,44.325,0.5585223875,2
1800,44.35,0.5585016604,2
1800,44.375,0.5584810225,2
1800,44.4,0.5584604738,2
1800,44.425,0.5584400143,2
1800,44.45,0.5584196441,2
1800,44.475,0.5583993632,2
1800,44.5,0.5583791717,2
1800,44.525,0.5583590695,2
1800,44.55,0.5583390567,2
1800,44.575,0.5583191333,2
1800,44.6,0.5582992993,2
1800,44.625,0.5582795549,2
1800,44.65,0.5582598999,2
1800,44.675,0.5582403345,2
1800,44.7,0.5582208586,2
1800,44.725,0.5582014724,2
1800,44.75,0.5581821757,2
1800,44.775,0.5581629688,2
1800,44.8,0.5581438515,2
1800,44.825,0.5581248239,2
1800,44.85,0.558105886,2
1800,44.875,0.558087038,2
1800,44.9,0.5580682797,2
1800,44.925,0.5580496112,2
1800,44.95,0.5580310326,2
1800,44.975,0.5580125439,2
1800,45,0.5579941451,2
1800,45.025,0.5579758362,2
1800,45.05,0.5579576172,2
1800,45.075,0.5579394883,2
1800,45.1,0.5579214494,2
1800,45.125,0.5579035005,2
1800,45.15,0.5578856417,2
1800,45.175,0.557867873,2
1800,45.2,0.5578501944,2
1800,45.225,0.5578326059,2
1800,45.25,0.5578151077,2
1800,45.275,0.5577976996,2
1800,45.3,0.5577803818,2
1800,45.325,0.5577631542,2
1800,45.35,0.5577460169,2
1800,45.375,0.5577289698,2
1800,45.4,0.5577120132,2
1800,45.425,0.5576951468,2
1800,45.45,0.5576783709,2
1800,45.475,0.5576616854,2
1800,45.5,0.5576450902,2
1800,45.525,0.5576285856,2
1800,45.55,0.5576121714,2
1800,45.575,0.5575958477,2
1800,45.6,0.5575796146,2
1800,45.625,0.557563472,2
1800,45.65,0.55754742,2
1800,45.675,0.5575314586,2
1800,45.7,0.5575155878,2
1800,45.725,0.5574998076,2
1800,45.75,0.5574841181,2
1800,45.775,0.5574685194,2
1800,45.8,0.5574530113,2
1800,45.825,0.557437594,2
1800,45.85,0.5574222674,2
1800,45.875,0.5574070316,2
1800,45.9,0.5573918867,2
1800,45.925,0.5573768325,2
1800,45.95,0.5573618693,2
1800,45.975,0.5573469969,2
1800,46,0.5573322154,2
1800,46.025,0.5573175248,2
1800,46.05,0.5573029252,2
1800,46.075,0.5572884165,2
1800,46.1,0.5572739988,2
1800,46.125,0.5572596721,2
1800,46.15,0.5572454365,2
1800,46.175,0.5572312919,2
1800,46.2,0.5572172384,2
1800,46.225,0.557203276,2
1800,46.25,0.5571894046,2
1800,46.275,0.5571756245,2
1800,46.3,0.5571619354,2
1800,46.325,0.5571483376,2
1800,46.35,0.5571348309,2
1800,46.375,0.5571214155,2
1800,46.4,0.5571080913,2
1800,46.425,0.5570948584,2
1800,46.45,0.5570817167,2
1800,46.475,0.5570686663,2
1800,46.5,0.5570557073,2
1800,46.525,0.5570428395,2
1800,46.55,0.5570300632,2
1800,46.575,0.5570173782,2
1800,46.6,0.5570047846,2
1800,46.625,0.5569922824,2
1800,46.65,0.5569798716,2
1800,46.675,0.5569675523,2
1800,46.7,0.5569553245,2
1800,46.725,0.5569431881,2
1800,46.75,0.5569311432,2
1800,46.775,0.5569191899,2
1800,46.8,0.5569073281,2
1800,46.825,0.5568955579,2
1800,46.85,0.5568838792,2
1800,46.875,0.5568722921,2
1800,46.9,0.5568607966,2
1800,46.925,0.5568493928,2
1800,46.95,0.5568380806,2
1800,46.975,0.55682686,2
1800,47,0.5568157312,2
1800,47.025,0.556804694,2
1800,47.05,0.5567937485,2
1800,47.075,0.5567828948,2
1800,47.1,0.5567721328,2
1800,47.125,0.5567614626,2
1800,47.15,0.5567508841,2
1800,47.175,0.5567403975,2
1800,47.2,0.5567300026,2
1800,47.225,0.5567196996,2
1800,47.25,0.5567094884,2
1800,47.275,0.556699369,2
1800,47.3,0.5566893415,2
1800,47.325,0.5566794059,2
1800,47.35,0.5566695622,2
1800,47.375,0.5566598104,2
1800,47.4,0.5566501506,2
1800,47.425,0.5566405827,2
1800,47.45,0.5566311067,2
1800,47.475,0.5566217227,2
1800,47.5,0.5566124307,2
1800,47.525,0.5566032307,2
1800,47.55,0.5565941227,2
1800,47.575,0.5565851067,2
1800,47.6,0.5565761827,2
1800,47.625,0.5565673509,2
1800,47.65,0.556558611,2
1800,47.675,0.5565499633,2
1800,47.7,0.5565414076,2
1800,47.725,0.5565329441,2
1800,47.75,0.5565245727,2
1800,47.775,0.5565162934,2
1800,47.8,0.5565081062,2
1800,47.825,0.5565000112,2
1800,47.85,0.5564920084,2
1800,47.875,0.5564840977,2
1800,47.9,0.5564762792,2
1800,47.925,0.556468553,2
1800,47.95,0.5564609189,2
1800,47.975,0.5564533771,2
1800,48,0.5564459275,2
1800,48.025,0.5564385701,2
1800,48.05,0.5564313051,2
1800,48.075,0.5564241322,2
1800,48.1,0.5564170517,2
1800,48.125,0.5564100634,2
1800,48.15,0.5564031675,2
1800,48.175,0.5563963639,2
1800,48.2,0.5563896525,2
1800,48.225,0.5563830336,2
1800,48.25,0.5563765069,2
1800,48.275,0.5563700726,2
1800,48.3,0.5563637307,2
1800,48.325,0.5563574811,2
1800,48.35,0.556351324,2
1800,48.375,0.5563452592,2
1800,48.4,0.5563392868,2
1800,48.425,0.5563334068,2
1800,48.45,0.5563276192,2
1800,48.475,0.5563219241,2
1800,48.5,0.5563163214,2
1800,48.525,0.5563108111,2
1800,48.55,0.5563053933,2
1800,48.575,0.5563000679,2
1800,48.6,0.556294835,2
1800,48.625,0.5562896946,2
1800,48.65,0.5562846467,2
1800,48.675,0.5562796912,2
1800,48.7,0.5562748282,2
1800,48.725,0.5562700578,2
1800,48.75,0.5562653799,2
1800,48.775,0.5562607944,2
1800,48.8,0.5562563015,2
1800,48.825,0.5562519012,2
1800,48.85,0.5562475933,2
1800,48.875,0.556243378,2
1800,48.9,0.5562392553,2
1800,48.925,0.5562352251,2
1800,48.95,0.5562312875,2
1800,48.975,0.5562274425,2
1800,49,0.55622369,2
1800,49.025,0.5562200301,2
1800,49.05,0.5562164628,2
1800,49.075,0.5562129881,2
1800,49.1,0.556209606,2
1800,49.125,0.5562063165,2
1800,49.15,0.5562031196,2
1800,49.175,0.5562000153,2
1800,49.2,0.5561970036,2
1800,49.225,0.5561940845,2
1800,49.25,0.5561912581,2
1800,49.275,0.5561885243,2
1800,49.3,0.5561858831,2
1800,49.325,0.5561833346,2
1800,49.35,0.5561808787,2
1800,49.375,0.5561785154,2
1800,49.4,0.5561762448,2
1800,49.425,0.5561740669,2
1800,49.45,0.5561719816,2
1800,49.475,0.5561699889,2
1800,49.5,0.556168089,2
1800,49.525,0.5561662816,2
1800,49.55,0.556164567,2
1800,49.575,0.556162945,2
1800,49.6,0.5561614157,2
1800,49.625,0.5561599791,2
1800,49.65,0.5561586351,2
1800,49.675,0.5561573838,2
1800,49.7,0.5561562252,2
1800,49.725,0.5561551593,2
1800,49.75,0.5561541861,2
1800,49.775,0.5561533055,2
1800,49.8,0.5561525177,2
1800,49.825,0.5561518225,2
1800,49.85,0.55615122,2
1800,49.875,0.5561507102,2
1800,49.9,0.5561502931,2
1800,49.925,0.5561499687,2
1800,49.95,0.5561497369,2
1800,49.975,0.5561495979,2
1800,50,0.5561495516,2
1800,50.025,0.5561495979,2
1800,50.05,0.5561497369,2
1800,50.075,0.5561499687,2
1800,50.1,0.5561502931,2
1800,50.125,0.5561507102,2
1800,50.15,0.55615122,2
1800,50.175,0.5561518225,2
1800,50.2,0.5561525177,2
1800,50.225,0.5561533055,2
1800,50.25,0.5561541861,2
1800,50.275,0.5561551593,2
1800,50.3,0.5561562252,2
1800,50.325,0.5561573838,2
1800,50.35,0.5561586351,2
1800,50.375,0.5561599791,2
1800,50.4,0.5561614157,2
1800,50.425,0.556162945,2
1800,50.45,0.556164567,2
1800,50.475,0.5561662816,2
1800,50.5,0.556168089,2
1800,50.525,0.5561699889,2
1800,50.55,0.5561719816,2
1800,50.575,0.5561740669,2
1800,50.6,0.5561762448,2
1800,50.625,0.5561785154,2
1800,50.65,0.5561808787,2
1800,50.675,0.5561833346,2
1800,50.7,0.5561858831,2
1800,50.725,0.5561885243,2
1800,50.75,0.5561912581,2
1800,50.775,0.5561940845,2
1800,50.8,0.5561970036,2
1800,50.825,0.5562000153,2
1800,50.85,0.5562031196,2
1800,50.875,0.5562063165,2
1800,50.9,0.556209606,2
1800,50.925,0.5562129881,2
1800,50.95,0.5562164628,2
1800,50.975,0.5562200301,2
1800,51,0.55622369,2
1800,51.025,0.5562274425,2
1800,51.05,0.5562312875,2
1800,51.075,0.5562352251,2
1800,51.1,0.5562392553,2
1800,51.125,0.556243378,2
1800,51.15,0.5562475933,2
1800,51.175,0.5562519012,2
1800,51.2,0.5562563015,2
1800,51.225,0.5562607944,2
1800,51.25,0.5562653799,2
1800,51.275,0.5562700578,2
1800,51.3,0.5562748282,2
1800,51.325,0.5562796912,2
1800,51.35,0.5562846467,2
1800,51.375,0.5562896946,2
1800,51.4,0.556294835,2
1800,51.425,0.5563000679,2
1800,51.45,0.5563053933,2
1800,51.475,0.5563108111,2
1800,51.5,0.5563163214,2
1800,51.525,0.5563219241,2
1800,51.55,0.5563276192,2
1800,51.575,0.5563334068,2
1800,51.6,0.5563392868,2
1800,51.625,0.5563452592,2
1800,51.65,0.556351324,2
1800,51.675,0.5563574811,2
1800,51.7,0.5563637307,2
1800,51.725,0.5563700726,2
1800,51.75,0.5563765069,2
1800,51.775,0.5563830336,2
1800,51.8,0.5563896525,2
1800,51.825,0.5563963639,2
1800,51.85,0.5564031675,2
1800,51.875,0.5564100634,2
1800,51.9,0.5564170517,2
1800,51.925,0.5564241322,2
1800,51.95,0.5564313051,2
1800,51.975,0.5564385701,2
1800,52,0.5564459275,2
1800,52.025,0.5564533771,2
1800,52.05,0.5564609189,2
1800,52.075,0.556468553,2
1800,52.1,0.5564762792,2
1800,52.125,0.5564840977,2
1800,52.15,0.5564920084,2
1800,52.175,0.5565000112,2
1800,52.2,0.5565081062,2
1800,52.225,0.5565162934,2
1800,52.25,0.5565245727,2
1800,52.275,0.5565329441,2
1800,52.3,0.5565414076,2
1800,52.325,0.5565499633,2
1800,52.35,0.556558611,2
1800,52.375,0.5565673509,2
1800,52.4,0.5565761827,2
1800,52.425,0.5565851067,2
1800,52.45,0.5565941227,2
1800,52.475,0.5566032307,2
1800,52.5,0.5566124307,2
1800,52.525,0.5566217227,2
1800,52.55,0.5566311067,2
1800,52.575,0.5566405827,2
1800,52.6,0.5566501506,2
1800,52.625,0.5566598104,2
1800,52.65,0.5566695622,2
1800,52.675,0.5566794059,2
1800,52.7,0.5566893415,2
1800,52.725,0.556699369,2
1800,52.75,0.5567094884,2
1800,52.775,0.5567196996,2
1800,52.8,0.5567300026,2
1800,52.825,0.5567403975,2
1800,52.85,0.5567508841,2
1800,52.875,0.5567614626,2
1800,52.9,0.5567721328,2
1800,52.925,0.5567828948,2
1800,52.95,0.5567937485,2
1800,52.975,0.556804694,2
1800,53,0.5568157312,2
1800,53.025,0.55682686,2
1800,53.05,0.5568380806,2
1800,53.075,0.5568493928,2
1800,53.1,0.5568607966,2
1800,53.125,0.5568722921,2
1800,53.15,0.5568838792,2
1800,53.175,0.5568955579,2
1800,53.2,0.5569073281,2
1800,53.225,0.5569191899,2
1800,53.25,0.5569311432,2
1800,53.275,0.5569431881,2
1800,53.3,0.5569553245,2
1800,53.325,0.5569675523,2
1800,53.35,0.5569798716,2
1800,53.375,0.5569922824,2
1800,53.4,0.5570047846,2
1800,53.425,0.5570173782,2
1800,53.45,0.5570300632,2
1800,53.475,0.5570428395,2
1800,53.5,0.5570557073,2
1800,53.525,0.5570686663,2
1800,53.55,0.5570817167,2
1800,53.575,0.5570948584,2
1800,53.6,0.5571080913,2
1800,53.625,0.5571214155,2
1800,53.65,0.5571348309,2
1800,53.675,0.5571483376,2
1800,53.7,0.5571619354,2
1800,53.725,0.5571756245,2
1800,53.75,0.5571894046,2
1800,53.775,0.557203276,2
1800,53.8,0.5572172384,2
1800,53.825,0.5572312919,2
1800,53.85,0.5572454365,2
1800,53.875,0.5572596721,2
1800,53.9,0.5572739988,2
1800,53.925,0.5572884165,2
1800,53.95,0.5573029252,2
1800,53.975,0.5573175248,2
1800,54,0.5573322154,2
1800,54.025,0.5573469969,2
1800,54.05,0.5573618693,2
1800,54.075,0.5573768325,2
1800,54.1,0.5573918867,2
1800,54.125,0.5574070316,2
1800,54.15,0.5574222674,2
1800,54.175,0.557437594,2
1800,54.2,0.5574530113,2
1800,54.225,0.5574685194,2
1800,54.25,0.5574841181,2
1800,54.275,0.5574998076,2
1800,54.3,0.5575155878,2
1800,54.325,0.5575314586,2
1800,54.35,0.55754742,2
1800,54.375,0.557563472,2
1800,54.4,0.5575796146,2
1800,54.425,0.5575958477,2
1800,54.45,0.5576121714,2
1800,54.475,0.5576285856,2
1800,54.5,0.5576450902,2
1800,54.525,0.5576616854,2
1800,54.55,0.5576783709,2
1800,54.575,0.5576951468,2
1800,54.6,0.5577120132,2
1800,54.625,0.5577289698,2
1800,54.65,0.5577460169,2
1800,54.675,0.5577631542,2
1800,54.7,0.5577803818,2
1800,54.725,0.5577976996,2
1800,54.75,0.5578151077,2
1800,54.775,0.5578326059,2
1800,54.8,0.5578501944,2
1800,54.825,0.557867873,2
1800,54.85,0.5578856417,2
1800,54.875,0.5579035005,2
1800,54.9,0.5579214494,2
1800,54.925,0.5579394883,2
1800,54.95,0.5579576172,2
1800,54.975,0.5579758362,2
1800,55,0.5579941451,2
1800,55.025,0.5580125439,2
1800,55.05,0.5580310326,2
1800,55.075,0.5580496112,2
1800,55.1,0.5580682797,2
1800,55.125,0.558087038,2
1800,55.15,0.558105886,2
1800,55.175,0.5581248239,2
1800,55.2,0.5581438515,2
1800,55.225,0.5581629688,2
1800,55.25,0.5581821757,2
1800,55.275,0.5582014724,2
1800,55.3,0.5582208586,2
1800,55.325,0.5582403345,2
1800,55.35,0.5582598999,2
1800,55.375,0.5582795549,2
1800,55.4,0.5582992993,2
1800,55.425,0.5583191333,2
1800,55.45,0.5583390567,2
1800,55.475,0.5583590695,2
1800,55.5,0.5583791717,2
1800,55.525,0.5583993632,2
1800,55.55,0.5584196441,2
1800,55.575,0.5584400143,2
1800,55.6,0.5584604738,2
1800,55.625,0.5584810225,2
1800,55.65,0.5585016604,2
1800,55.675,0.5585223875,2
1800,55.7,0.5585432038,2
1800,55.725,0.5585641091,2
1800,55.75,0.5585851036,2
1800,55.775,0.5586061871,2
1800,55.8,0.5586273596,2
1800,55.825,0.5586486211,2
1800,55.85,0.5586699716,2
1800,55.875,0.558691411,2
1800,55.9,0.5587129393,2
1800,55.925,0.5587345565,2
1800,55.95,0.5587562625,2
1800,55.975,0.5587780572,2
1800,56,0.5587999408,2
1800,56.025,0.5588219131,2
1800,56.05,0.5588439741,2
1800,56.075,0.5588661238,2
1800,56.1,0.5588883621,2
1800,56.125,0.558910689,2
1800,56.15,0.5589331045,2
1800,56.175,0.5589556085,2
1800,56.2,0.558978201,2
1800,56.225,0.559000882,2
1800,56.25,0.5590236514,2
1800,56.275,0.5590465093,2
1800,56.3,0.5590694555,2
1800,56.325,0.55909249,2
1800,56.35,0.5591156128,2
1800,56.375,0.5591388239,2
1800,56.4,0.5591621233,2
1800,56.425,0.5591855108,2
1800,56.45,0.5592089865,2
1800,56.475,0.5592325503,2
1800,56.5,0.5592562022,2
1800,56.525,0.5592799422,2
1800,56.55,0.5593037702,2
1800,56.575,0.5593276862,2
1800,56.6,0.5593516901,2
1800,56.625,0.559375782,2
1800,56.65,0.5593999617,2
1800,56.675,0.5594242293,2
1800,56.7,0.5594485847,2
1800,56.725,0.5594730278,2
1800,56.75,0.5594975587,2
1800,56.775,0.5595221773,2
1800,56.8,0.5595468836,2
1800,56.825,0.5595716774,2
1800,56.85,0.5595965589,2
1800,56.875,0.5596215279,2
1800,56.9,0.5596465845,2
1800,56.925,0.5596717285,2
1800,56.95,0.55969696,2
1800,56.975,0.5597222788,2
1800,57,0.5597476851,2
1800,57.025,0.5597731786,2
1800,57.05,0.5597987595,2
1800,57.075,0.5598244276,2
1800,57.1,0.5598501829,2
1800,57.125,0.5598760254,2
1800,57.15,0.5599019551,2
1800,57.175,0.5599279718,2
1800,57.2,0.5599540756,2
1800,57.225,0.5599802665,2
1800,57.25,0.5600065443,2
1800,57.275,0.560032909,2
1800,57.3,0.5600593607,2
1800,57.325,0.5600858993,2
1800,57.35,0.5601125246,2
1800,57.375,0.5601392368,2
1800,57.4,0.5601660357,2
1800,57.425,0.5601929213,2
1800,57.45,0.5602198936,2
1800,57.475,0.5602469525,2
1800,57.5,0.560274098,2
1800,57.525,0.5603013301,2
1800,57.55,0.5603286487,2
1800,57.575,0.5603560537,2
1800,57.6,0.5603835452,2
1800,57.625,0.5604111231,2
1800,57.65,0.5604387873,2
1800,57.675,0.5604665378,2
1800,57.7,0.5604943746,2
1800,57.725,0.5605222976,2
1800,57.75,0.5605503068,2
1800,57.775,0.5605784021,2
1800,57.8,0.5606065836,2
1800,57.825,0.5606348511,2
1800,57.85,0.5606632046,2
1800,57.875,0.5606916441,2
1800,57.9,0.5607201695,2
1800,57.925,0.5607487809,2
1800,57.95,0.560777478,2
1800,57.975,0.560806261,2
1800,58,0.5608351298,2
1800,58.025,0.5608640842,2
1800,58.05,0.5608931244,2
1800,58.075,0.5609222502,2
1800,58.1,0.5609514616,2
1800,58.125,0.5609807585,2
1800,58.15,0.5610101409,2
1800,58.175,0.5610396089,2
1800,58.2,0.5610691622,2
1800,58.225,0.5610988009,2
1800,58.25,0.5611285249,2
1800,58.275,0.5611583343,2
1800,58.3,0.5611882288,2
1800,58.325,0.5612182086,2
1800,58.35,0.5612482736,2
1800,58.375,0.5612784236,2
1800,58.4,0.5613086588,2
1800,58.425,0.5613389789,2
1800,58.45,0.561369384,2
1800,58.475,0.5613998741,2
1800,58.5,0.5614304491,2
1800,58.525,0.5614611089,2
1800,58.55,0.5614918535,2
1800,58.575,0.5615226828,2
1800,58.6,0.5615535969,2
1800,58.625,0.5615845956,2
1800,58.65,0.561615679,2
1800,58.675,0.5616468469,2
1800,58.7,0.5616780994,2
1800,58.725,0.5617094363,2
1800,58.75,0.5617408577,2
1800,58.775,0.5617723635,2
1800,58.8,0.5618039536,2
1800,58.825,0.561835628,2
1800,58.85,0.5618673866,2
1800,58.875,0.5618992295,2
1800,58.9,0.5619311565,2
1800,58.925,0.5619631676,2
1800,58.95,0.5619952628,2
1800,58.975,0.562027442,2
1800,59,0.5620597052,2
1800,59.025,0.5620920523,2
1800,59.05,0.5621244833,2
1800,59.075,0.5621569981,2
1800,59.1,0.5621895967,2
1800,59.125,0.562222279,2
1800,59.15,0.562255045,2
1800,59.175,0.5622878946,2
1800,59.2,0.5623208278,2
1800,59.225,0.5623538446,2
1800,59.25,0.5623869448,2
1800,59.275,0.5624201285,2
1800,59.3,0.5624533956,2
1800,59.325,0.562486746,2
1800,59.35,0.5625201797,2
1800,59.375,0.5625536967,2
1800,59.4,0.5625872968,2
1800,59.425,0.5626209801,2
1800,59.45,0.5626547465,2
1800,59.475,0.562688596,2
1800,59.5,0.5627225285,2
1800,59.525,0.5627565439,2
1800,59.55,0.5627906422,2
1800,59.575,0.5628248233,2
1800,59.6,0.5628590873,2
1800,59.625,0.562893434,2
1800,59.65,0.5629278634,2
1800,59.675,0.5629623754,2
1800,59.7,0.5629969701,2
1800,59.725,0.5630316473,2
1800,59.75,0.563066407,2
1800,59.775,0.5631012492,2
1800,59.8,0.5631361737,2
1800,59.825,0.5631711806,2
1800,59.85,0.5632062698,2
1800,59.875,0.5632414412,2
1800,59.9,0.5632766948,2
1800,59.925,0.5633120306,2
1800,59.95,0.5633474484,2
1800,59.975,0.5633829483,2
1800,60,0.5634185302,2
1800,60.025,0.563454194,2
1800,60.05,0.5634899396,2
1800,60.075,0.5635257672,2
1800,60.1,0.5635616764,2
1800,60.125,0.5635976674,2
1800,60.15,0.5636337401,2
1800,60.175,0.5636698944,2
1800,60.2,0.5637061303,2
1800,60.225,0.5637424477,2
1800,60.25,0.5637788465,2
1800,60.275,0.5638153267,2
1800,60.3,0.5638518883,2
1800,60.325,0.5638885312,2
1800,60.35,0.5639252554,2
1800,60.375,0.5639620607,2
1800,60.4,0.5639989472,2
1800,60.425,0.5640359147,2
1800,60.45,0.5640729633,2
1800,60.475,0.5641100929,2
1800,60.5,0.5641473034,2
1800,60.525,0.5641845948,2
1800,60.55,0.564221967,2
1800,60.575,0.5642594199,2
1800,60.6,0.5642969536,2
1800,60.625,0.5643345679,2
1800,60.65,0.5643722628,2
1800,60.675,0.5644100382,2
1800,60.7,0.5644478941,2
1800,60.725,0.5644858305,2
1800,60.75,0.5645238472,2
1800,60.775,0.5645619443,2
1800,60.8,0.5646001216,2
1800,60.825,0.5646383792,2
1800,60.85,0.5646767169,2
1800,60.875,0.5647151347,2
1800,60.9,0.5647536325,2
1800,60.925,0.5647922103,2
1800,60.95,0.5648308681,2
1800,60.975,0.5648696057,2
1800,61,0.5649084232,2
1800,61.025,0.5649473204,2
1800,61.05,0.5649862973,2
1800,61.075,0.5650253539,2
1800,61.1,0.5650644901,2
1800,61.125,0.5651037058,2
1800,61.15,0.565143001,2
1800,61.175,0.5651823756,2
1800,61.2,0.5652218296,2
1800,61.225,0.5652613629,2
1800,61.25,0.5653009754,2
1800,61.275,0.5653406671,2
1800,61.3,0.565380438,2
1800,61.325,0.565420288,2
1800,61.35,0.5654602169,2
1800,61.375,0.5655002249,2
1800,61.4,0.5655403117,2
1800,61.425,0.5655804774,2
1800,61.45,0.5656207219,2
1800,61.475,0.5656610451,2
1800,61.5,0.5657014469,2
1800,61.525,0.5657419274,2
1800,61.55,0.5657824865,2
1800,61.575,0.565823124,2
1800,61.6,0.56586384,2
1800,61.625,0.5659046344,2
1800,61.65,0.5659455071,2
1800,61.675,0.565986458,2
1800,61.7,0.5660274872,2
1800,61.725,0.5660685945,2
1800,61.75,0.5661097798,2
1800,61.775,0.5661510432,2
1800,61.8,0.5661923846,2
1800,61.825,0.5662338038,2
1800,61.85,0.566275301,2
1800,61.875,0.5663168758,2
1800,61.9,0.5663585285,2
1800,61.925,0.5664002588,2
1800,61.95,0.5664420666,2
1800,61.975,0.5664839521,2
1800,62,0.566525915,2
1800,62.025,0.5665679553,2
1800,62.05,0.566610073,2
1800,62.075,0.566652268,2
1800,62.1,0.5666945403,2
1800,62.125,0.5667368897,2
1800,62.15,0.5667793162,2
1800,62.175,0.5668218198,2
1800,62.2,0.5668644004,2
1800,62.225,0.566907058,2
1800,62.25,0.5669497924,2
1800,62.275,0.5669926036,2
1800,62.3,0.5670354916,2
1800,62.325,0.5670784562,2
1800,62.35,0.5671214975,2
1800,62.375,0.5671646153,2
1800,62.4,0.5672078097,2
1800,62.425,0.5672510805,2
1800,62.45,0.5672944277,2
1800,62.475,0.5673378511,2
1800,62.5,0.5673813509,2
1800,62.525,0.5674249268,2
1800,62.55,0.5674685789,2
1800,62.575,0.567512307,2
1800,62.6,0.5675561111,2
1800,62.625,0.5675999912,2
1800,62.65,0.5676439471,2
1800,62.675,0.5676879789,2
1800,62.7,0.5677320864,2
1800,62.725,0.5677762696,2
1800,62.75,0.5678205284,2
1800,62.775,0.5678648628,2
1800,62.8,0.5679092727,2
1800,62.825,0.567953758,2
1800,62.85,0.5679983187,2
1800,62.875,0.5680429547,2
1800,62.9,0.5680876659,2
1800,62.925,0.5681324523,2
1800,62.95,0.5681773138,2
1800,62.975,0.5682222504,2
1800,63,0.5682672619,2
1800,63.025,0.5683123484,2
1800,63.05,0.5683575097,2
1800,63.075,0.5684027459,2
1800,63.1,0.5684480567,2
1800,63.125,0.5684934422,2
1800,63.15,0.5685389023,2
1800,63.175,0.5685844369,2
1800,63.2,0.568630046,2
1800,63.225,0.5686757295,2
1800,63.25,0.5687214874,2
1800,63.275,0.5687673195,2
1800,63.3,0.5688132258,2
1800,63.325,0.5688592062,2
1800,63.35,0.5689052608,2
1800,63.375,0.5689513893,2
1800,63.4,0.5689975918,2
1800,63.425,0.5690438681,2
1800,63.45,0.5690902183,2
1800,63.475,0.5691366422,2
1800,63.5,0.5691831397,2
1800,63.525,0.5692297109,2
1800,63.55,0.5692763556,2
1800,63.575,0.5693230739,2
1800,63.6,0.5693698655,2
1800,63.625,0.5694167304,2
1800,63.65,0.5694636687,2
1800,63.675,0.5695106801,2
1800,63.7,0.5695577647,2
1800,63.725,0.5696049224,2
1800,63.75,0.5696521531,2
1800,63.775,0.5696994567,2
1800,63.8,0.5697468332,2
1800,63.825,0.5697942825,2
1800,63.85,0.5698418045,2
1800,63.875,0.5698893992,2
1800,63.9,0.5699370665,2
1800,63.925,0.5699848064,2
1800,63.95,0.5700326187,2
1800,63.975,0.5700805034,2
1800,64,0.5701284605,2
1800,64.025,0.5701764898,2
1800,64.05,0.5702245913,2
1800,64.075,0.570272765,2
1800,64.1,0.5703210107,2
1800,64.125,0.5703693284,2
1800,64.15,0.570417718,2
1800,64.175,0.5704661794,2
1800,64.2,0.5705147127,2
1800,64.225,0.5705633176,2
1800,64.25,0.5706119943,2
1800,64.275,0.5706607424,2
1800,64.3,0.5707095621,2
1800,64.325,0.5707584533,2
1800,64.35,0.5708074158,2
1800,64.375,0.5708564496,2
1800,64.4,0.5709055546,2
1800,64.425,0.5709547308,2
1800,64.45,0.5710039781,2
1800,64.475,0.5710532964,2
1800,64.5,0.5711026857,2
1800,64.525,0.5711521458,2
1800,64.55,0.5712016768,2
1800,64.575,0.5712512785,2
1800,64.6,0.5713009508,2
1800,64.625,0.5713506938,2
1800,64.65,0.5714005073,2
1800,64.675,0.5714503913,2
1800,64.7,0.5715003456,2
1800,64.725,0.5715503703,2
1800,64.75,0.5716004652,2
1800,64.775,0.5716506303,2
1800,64.8,0.5717008655,2
1800,64.825,0.5717511708,2
1800,64.85,0.571801546,2
1800,64.875,0.5718519911,2
1800,64.9,0.571902506,2
1800,64.925,0.5719530907,2
1800,64.95,0.572003745,2
1800,64.975,0.572054469,2
1800,65,0.5721052625,2
1800,65.025,0.5721561254,2
1800,65.05,0.5722070578,2
1800,65.075,0.5722580595,2
1800,65.1,0.5723091304,2
1800,65.125,0.5723602705,2
1800,65.15,0.5724114797,2
1800,65.175,0.572462758,2
1800,65.2,0.5725141052,2
1800,65.225,0.5725655213,2
1800,65.25,0.5726170062,2
1800,65.275,0.5726685598,2
1800,65.3,0.5727201822,2
1800,65.325,0.5727718731,2
1800,65.35,0.5728236325,2
1800,65.375,0.5728754605,2
1800,65.4,0.5729273567,2
1800,65.425,0.5729793213,2
1800,65.45,0.5730313542,2
1800,65.475,0.5730834552,2
1800,65.5,0.5731356243,2
1800,65.525,0.5731878614,2
1800,65.55,0.5732401664,2
1800,65.575,0.5732925393,2
1800,65.6,0.57334498,2
1800,65.625,0.5733974884,2
1800,65.65,0.5734500645,2
1800,65.675,0.5735027082,2
1800,65.7,0.5735554193,2
1800,65.725,0.5736081979,2
1800,65.75,0.5736610438,2
1800,65.775,0.573713957,2
1800,65.8,0.5737669375,2
1800,65.825,0.573819985,2
1800,65.85,0.5738730996,2
1800,65.875,0.5739262812,2
1800,65.9,0.5739795297,2
1800,65.925,0.574032845,2
1800,65.95,0.5740862271,2
1800,65.975,0.5741396758,2
1800,66,0.5741931912,2
1800,66.025,0.5742467731,2
1800,66.05,0.5743004215,2
1800,66.075,0.5743541362,2
1800,66.1,0.5744079173,2
1800,66.125,0.5744617646,2
1800,66.15,0.5745156781,2
1800,66.175,0.5745696576,2
1800,66.2,0.5746237031,2
1800,66.225,0.5746778146,2
1800,66.25,0.574731992,2
1800,66.275,0.5747862351,2
1800,66.3,0.5748405439,2
1800,66.325,0.5748949184,2
1800,66.35,0.5749493584,2
1800,66.375,0.5750038639,2
1800,66.4,0.5750584348,2
1800,66.425,0.575113071,2
1800,66.45,0.5751677725,2
1800,66.475,0.5752225391,2
1800,66.5,0.5752773709,2
1800,66.525,0.5753322676,2
1800,66.55,0.5753872293,2
1800,66.575,0.5754422559,2
1800,66.6,0.5754973473,2
1800,66.625,0.5755525034,2
1800,66.65,0.5756077241,2
1800,66.675,0.5756630094,2
1800,66.7,0.5757183592,2
1800,66.725,0.5757737734,2
1800,66.75,0.5758292519,2
1800,66.775,0.5758847947,2
1800,66.8,0.5759404017,2
1800,66.825,0.5759960727,2
1800,66.85,0.5760518078,2
1800,66.875,0.5761076069,2
1800,66.9,0.5761634698,2
1800,66.925,0.5762193965,2
1800,66.95,0.5762753869,2
1800,66.975,0.5763314409,2
1800,67,0.5763875585,2
1800,67.025,0.5764437396,2
1800,67.05,0.5764999841,2
1800,67.075,0.5765562919,2
1800,67.1,0.576612663,2
1800,67.125,0.5766690972,2
1800,67.15,0.5767255945,2
1800,67.175,0.5767821549,2
1800,67.2,0.5768387782,2
1800,67.225,0.5768954643,2
1800,67.25,0.5769522132,2
1800,67.275,0.5770090248,2
1800,67.3,0.5770658991,2
1800,67.325,0.5771228359,2
1800,67.35,0.5771798351,2
1800,67.375,0.5772368968,2
1800,67.4,0.5772940207,2
1800,67.425,0.5773512069,2
1800,67.45,0.5774084552,2
1800,67.475,0.5774657656,2
1800,67.5,0.577523138,2
1800,67.525,0.5775805723,2
1800,67.55,0.5776380684,2
1800,67.575,0.5776956263,2
1800,67.6,0.5777532459,2
1800,67.625,0.577810927,2
1800,67.65,0.5778686697,2
1800,67.675,0.5779264739,2
1800,67.7,0.5779843393,2
1800,67.725,0.5780422661,2
1800,67.75,0.578100254,2
1800,67.775,0.5781583031,2
1800,67.8,0.5782164132,2
1800,67.825,0.5782745843,2
1800,67.85,0.5783328163,2
1800,67.875,0.578391109,2
1800,67.9,0.5784494625,2
1800,67.925,0.5785078766,2
1800,67.95,0.5785663513,2
1800,67.975,0.5786248865,2
1800,68,0.578683482,2
1800,68.025,0.5787421379,2
1800,68.05,0.578800854,2
1800,68.075,0.5788596303,2
1800,68.1,0.5789184667,2
1800,68.125,0.578977363,2
1800,68.15,0.5790363193,2
1800,68.175,0.5790953354,2
1800,68.2,0.5791544112,2
1800,68.225,0.5792135468,2
1800,68.25,0.5792727419,2
1800,68.275,0.5793319965,2
1800,68.3,0.5793913106,2
1800,68.325,0.579450684,2
1800,68.35,0.5795101167,2
1800,68.375,0.5795696086,2
1800,68.4,0.5796291596,2
1800,68.425,0.5796887696,2
1800,68.45,0.5797484386,2
1800,68.475,0.5798081664,2
1800,68.5,0.579867953,2
1800,68.525,0.5799277983,2
1800,68.55,0.5799877022,2
1800,68.575,0.5800476647,2
1800,68.6,0.5801076856,2
1800,68.625,0.5801677649,2
1800,68.65,0.5802279025,2
1800,68.675,0.5802880983,2
1800,68.7,0.5803483522,2
1800,68.725,0.5804086642,2
1800,68.75,0.5804690341,2
1800,68.775,0.5805294619,2
1800,68.8,0.5805899475,2
1800,68.825,0.5806504909,2
1800,68.85,0.5807110918,2
1800,68.875,0.5807717504,2
1800,68.9,0.5808324664,2
1800,68.925,0.5808932397,2
1800,68.95,0.5809540704,2
1800,68.975,0.5810149583,2
1800,69,0.5810759034,2
1800,69.025,0.5811369055,2
1800,69.05,0.5811979646,2
1800,69.075,0.5812590806,2
1800,69.1,0.5813202534,2
1800,69.125,0.5813814829,2
1800,69.15,0.581442769,2
1800,69.175,0.5815041118,2
1800,69.2,0.581565511,2
1800,69.225,0.5816269666,2
1800,69.25,0.5816884785,2
1800,69.275,0.5817500466,2
1800,69.3,0.5818116709,2
1800,69.325,0.5818733513,2
1800,69.35,0.5819350876,2
1800,69.375,0.5819968798,2
1800,69.4,0.5820587278,2
1800,69.425,0.5821206316,2
1800,69.45,0.582182591,2
1800,69.475,0.582244606,2
1800,69.5,0.5823066764,2
1800,69.525,0.5823688023,2
1800,69.55,0.5824309834,2
1800,69.575,0.5824932198,2
1800,69.6,0.5825555114,2
1800,69.625,0.5826178579,2
1800,69.65,0.5826802595,2
1800,69.675,0.582742716,2
1800,69.7,0.5828052272,2
1800,69.725,0.5828677932,2
1800,69.75,0.5829304138,2
1800,69.775,0.582993089,2
1800,69.8,0.5830558187,2
1800,69.825,0.5831186027,2
1800,69.85,0.583181441,2
1800,69.875,0.5832443336,2
1800,69.9,0.5833072803,2
1800,69.925,0.583370281,2
1800,69.95,0.5834333357,2
1800,69.975,0.5834964443,2
1800,70,0.5835596067,2
1800,70.025,0.5836228228,2
1800,70.05,0.5836860925,2
1800,70.075,0.5837494158,2
1800,70.1,0.5838127925,2
1800,70.125,0.5838762226,2
1800,70.15,0.583939706,2
1800,70.175,0.5840032425,2
1800,70.2,0.5840668322,2
1800,70.225,0.584130475,2
1800,70.25,0.5841941706,2
1800,70.275,0.5842579192,2
1800,70.3,0.5843217205,2
1800,70.325,0.5843855745,2
1800,70.35,0.5844494811,2
1800,70.375,0.5845134402,2
1800,70.4,0.5845774518,2
1800,70.425,0.5846415157,2
1800,70.45,0.5847056319,2
1800,70.475,0.5847698003,2
1800,70.5,0.5848340207,2
1800,70.525,0.5848982932,2
1800,70.55,0.5849626176,2
1800,70.575,0.5850269938,2
1800,70.6,0.5850914218,2
1800,70.625,0.5851559014,2
1800,70.65,0.5852204326,2
1800,70.675,0.5852850153,2
1800,70.7,0.5853496495,2
1800,70.725,0.5854143349,2
1800,70.75,0.5854790716,2
1800,70.775,0.5855438594,2
1800,70.8,0.5856086983,2
1800,70.825,0.5856735882,2
1800,70.85,0.5857385289,2
1800,70.875,0.5858035205,2
1800,70.9,0.5858685628,2
1800,70.925,0.5859336557,2
1800,70.95,0.5859987992,2
1800,70.975,0.5860639931,2
1800,71,0.5861292375,2
1800,71.025,0.5861945321,2
1800,71.05,0.5862598769,2
1800,71.075,0.5863252718,2
1800,71.1,0.5863907167,2
1800,71.125,0.5864562116,2
1800,71.15,0.5865217564,2
1800,71.175,0.5865873509,2
1800,71.2,0.5866529951,2
1800,71.225,0.5867186889,2
1800,71.25,0.5867844322,2
1800,71.275,0.5868502249,2
1800,71.3,0.586916067,2
1800,71.325,0.5869819583,2
1800,71.35,0.5870478987,2
1800,71.375,0.5871138883,2
1800,71.4,0.5871799268,2
1800,71.425,0.5872460143,2
1800,71.45,0.5873121505,2
1800,71.475,0.5873783355,2
1800,71.5,0.5874445691,2
1800,71.525,0.5875108513,2
1800,71.55,0.5875771819,2
1800,71.575,0.5876435609,2
1800,71.6,0.5877099883,2
1800,71.625,0.5877764638,2
1800,71.65,0.5878429874,2
1800,71.675,0.5879095591,2
1800,71.7,0.5879761787,2
1800,71.725,0.5880428461,2
1800,71.75,0.5881095614,2
1800,71.775,0.5881763243,2
1800,71.8,0.5882431348,2
1800,71.825,0.5883099928,2
1800,71.85,0.5883768982,2
1800,71.875,0.5884438509,2
1800,71.9,0.5885108509,2
1800,71.925,0.5885778981,2
1800,71.95,0.5886449923,2
1800,71.975,0.5887121335,2
1800,72,0.5887793216,2
1800,72.025,0.5888465565,2
1800,72.05,0.5889138381,2
1800,72.075,0.5889811663,2
1800,72.1,0.5890485411,2
1800,72.125,0.5891159623,2
1800,72.15,0.5891834299,2
1800,72.175,0.5892509438,2
1800,72.2,0.5893185038,2
1800,72.225,0.58938611,2
1800,72.25,0.5894537621,2
1800,72.275,0.5895214602,2
1800,72.3,0.5895892041,2
1800,72.325,0.5896569938,2
1800,72.35,0.5897248291,2
1800,72.375,0.5897927101,2
1800,72.4,0.5898606364,2
1800,72.425,0.5899286082,2
1800,72.45,0.5899966253,2
1800,72.475,0.5900646876,2
1800,72.5,0.5901327951,2
1800,72.525,0.5902009475,2
1800,72.55,0.590269145,2
1800,72.575,0.5903373873,2
1800,72.6,0.5904056743,2
1800,72.625,0.5904740061,2
1800,72.65,0.5905423825,2
1800,72.675,0.5906108033,2
1800,72.7,0.5906792686,2
1800,72.725,0.5907477783,2
1800,72.75,0.5908163321,2
1800,72.775,0.5908849301,2
1800,72.8,0.5909535722,2
1800,72.825,0.5910222583,2
1800,72.85,0.5910909883,2
1800,72.875,0.591159762,2
1800,72.9,0.5912285795,2
1800,72.925,0.5912974406,2
1800,72.95,0.5913663453,2
1800,72.975,0.5914352933,2
1800,73,0.5915042848,2
1800,73.025,0.5915733195,2
1800,73.05,0.5916423974,2
1800,73.075,0.5917115183,2
1800,73.1,0.5917806823,2
1800,73.125,0.5918498892,2
1800,73.15,0.5919191389,2
1800,73.175,0.5919884314,2
1800,73.2,0.5920577665,2
1800,73.225,0.5921271441,2
1800,73.25,0.5921965642,2
1800,73.275,0.5922660267,2
1800,73.3,0.5923355315,2
1800,73.325,0.5924050785,2
1800,73.35,0.5924746676,2
1800,73.375,0.5925442987,2
1800,73.4,0.5926139717,2
1800,73.425,0.5926836866,2
1800,73.45,0.5927534433,2
1800,73.475,0.5928232416,2
1800,73.5,0.5928930815,2
1800,73.525,0.5929629628,2
1800,73.55,0.5930328856,2
1800,73.575,0.5931028496,2
1800,73.6,0.5931728549,2
1800,73.625,0.5932429013,2
1800,73.65,0.5933129888,2
1800,73.675,0.5933831172,2
1800,73.7,0.5934532865,2
1800,73.725,0.5935234965,2
1800,73.75,0.5935937472,2
1800,73.775,0.5936640385,2
1800,73.8,0.5937343703,2
1800,73.825,0.5938047425,2
1800,73.85,0.593875155,2
1800,73.875,0.5939456078,2
1800,73.9,0.5940161007,2
1800,73.925,0.5940866337,2
1800,73.95,0.5941572066,2
1800,73.975,0.5942278194,2
1800,74,0.594298472,2
1800,74.025,0.5943691643,2
1800,74.05,0.5944398962,2
1800,74.075,0.5945106676,2
1800,74.1,0.5945814784,2
1800,74.125,0.5946523285,2
1800,74.15,0.5947232179,2
1800,74.175,0.5947941465,2
1800,74.2,0.5948651141,2
1800,74.225,0.5949361207,2
1800,74.25,0.5950071662,2
1800,74.275,0.5950782505,2
1800,74.3,0.5951493735,2
1800,74.325,0.5952205351,2
1800,74.35,0.5952917352,2
1800,74.375,0.5953629738,2
1800,74.4,0.5954342507,2
1800,74.425,0.5955055659,2
1800,74.45,0.5955769192,2
1800,74.475,0.5956483106,2
1800,74.5,0.5957197401,2
1800,74.525,0.5957912074,2
1800,74.55,0.5958627125,2
1800,74.575,0.5959342553,2
1800,74.6,0.5960058357,2
1800,74.625,0.5960774537,2
1800,74.65,0.5961491092,2
1800,74.675,0.5962208019,2
1800,74.7,0.596292532,2
1800,74.725,0.5963642992,2
1800,74.75,0.5964361036,2
1800,74.775,0.5965079449,2
1800,74.8,0.5965798231,2
1800,74.825,0.5966517381,2
1800,74.85,0.5967236899,2
1800,74.875,0.5967956783,2
1800,74.9,0.5968677032,2
1800,74.925,0.5969397646,2
1800,74.95,0.5970118624,2
1800,74.975,0.5970839964,2
1800,75,0.5971561667,2
1800,75.025,0.597228373,2
1800,75.05,0.5973006153,2
1800,75.075,0.5973728935,2
1800,75.1,0.5974452076,2
1800,75.125,0.5975175574,2
1800,75.15,0.5975899428,2
1800,75.175,0.5976623638,2
1800,75.2,0.5977348202,2
1800,75.225,0.5978073121,2
1800,75.25,0.5978798392,2
1800,75.275,0.5979524015,2
1800,75.3,0.5980249989,2
1800,75.325,0.5980976313,2
1800,75.35,0.5981702986,2
1800,75.375,0.5982430007,2
1800,75.4,0.5983157376,2
1800,75.425,0.5983885092,2
1800,75.45,0.5984613153,2
1800,75.475,0.5985341559,2
1800,75.5,0.5986070308,2
1800,75.525,0.59867994,2
1800,75.55,0.5987528835,2
1800,75.575,0.598825861,2
1800,75.6,0.5988988726,2
1800,75.625,0.5989719181,2
1800,75.65,0.5990449974,2
1800,75.675,0.5991181105,2
1800,75.7,0.5991912572,2
1800,75.725,0.5992644375,2
1800,75.75,0.5993376512,2
1800,75.775,0.5994108984,2
1800,75.8,0.5994841788,2
1800,75.825,0.5995574925,2
1800,75.85,0.5996308392,2
1800,75.875,0.599704219,2
1800,75.9,0.5997776317,2
1800,75.925,0.5998510772,2
1800,75.95,0.5999245555,2
1800,75.975,0.5999980665,2
1800,76,0.60007161,2
1800,76.025,0.600145186,2
1800,76.05,0.6002187944,2
1800,76.075,0.6002924351,2
1800,76.1,0.600366108,2
1800,76.125,0.6004398131,2
1800,76.15,0.6005135501,2
1800,76.175,0.6005873191,2
1800,76.2,0.6006611199,2
1800,76.225,0.6007349525,2
1800,76.25,0.6008088168,2
1800,76.275,0.6008827126,2
1800,76.3,0.6009566399,2
1800,76.325,0.6010305986,2
1800,76.35,0.6011045886,2
1800,76.375,0.6011786099,2
1800,76.4,0.6012526622,2
1800,76.425,0.6013267456,2
1800,76.45,0.6014008599,2
1800,76.475,0.6014750051,2
1800,76.5,0.601549181,2
1800,76.525,0.6016233876,2
1800,76.55,0.6016976248,2
1800,76.575,0.6017718925,2
1800,76.6,0.6018461906,2
1800,76.625,0.6019205189,2
1800,76.65,0.6019948775,2
1800,76.675,0.6020692663,2
1800,76.7,0.602143685,2
1800,76.725,0.6022181337,2
1800,76.75,0.6022926123,2
1800,76.775,0.6023671206,2
1800,76.8,0.6024416587,2
1800,76.825,0.6025162263,2
1800,76.85,0.6025908233,2
1800,76.875,0.6026654498,2
1800,76.9,0.6027401056,2
1800,76.925,0.6028147907,2
1800,76.95,0.6028895048,2
1800,76.975,0.602964248,2
1800,77,0.6030390202,2
1800,77.025,0.6031138212,2
1800,77.05,0.603188651,2
1800,77.075,0.6032635095,2
1800,77.1,0.6033383966,2
1800,77.125,0.6034133121,2
1800,77.15,0.6034882561,2
1800,77.175,0.6035632284,2
1800,77.2,0.6036382289,2
1800,77.225,0.6037132576,2
1800,77.25,0.6037883143,2
1800,77.275,0.603863399,2
1800,77.3,0.6039385115,2
1800,77.325,0.6040136518,2
1800,77.35,0.6040888199,2
1800,77.375,0.6041640155,2
1800,77.4,0.6042392386,2
1800,77.425,0.6043144891,2
1800,77.45,0.604389767,2
1800,77.475,0.6044650721,2
1800,77.5,0.6045404043,2
1800,77.525,0.6046157636,2
1800,77.55,0.6046911499,2
1800,77.575,0.604766563,2
1800,77.6,0.6048420029,2
1800,77.625,0.6049174695,2
1800,77.65,0.6049929627,2
1800,77.675,0.6050684825,2
1800,77.7,0.6051440286,2
1800,77.725,0.6052196011,2
1800,77.75,0.6052951999,2
1800,77.775,0.6053708248,2
1800,77.8,0.6054464757,2
1800,77.825,0.6055221527,2
1800,77.85,0.6055978555,2
1800,77.875,0.6056735841,2
1800,77.9,0.6057493384,2
1800,77.925,0.6058251183,2
1800,77.95,0.6059009238,2
1800,77.975,0.6059767547,2
1800,78,0.6060526109,2
1800,78.025,0.6061284924,2
1800,78.05,0.606204399,2
1800,78.075,0.6062803307,2
1800,78.1,0.6063562874,2
1800,78.125,0.606432269,2
1800,78.15,0.6065082754,2
1800,78.175,0.6065843066,2
1800,78.2,0.6066603623,2
1800,78.225,0.6067364426,2
1800,78.25,0.6068125473,2
1800,78.275,0.6068886763,2
1800,78.3,0.6069648297,2
1800,78.325,0.6070410072,2
1800,78.35,0.6071172088,2
1800,78.375,0.6071934344,2
1800,78.4,0.6072696838,2
1800,78.425,0.6073459572,2
1800,78.45,0.6074222542,2
1800,78.475,0.6074985749,2
1800,78.5,0.6075749191,2
1800,78.525,0.6076512867,2
1800,78.55,0.6077276778,2
1800,78.575,0.6078040921,2
1800,78.6,0.6078805296,2
1800,78.625,0.6079569902,2
1800,78.65,0.6080334738,2
1800,78.675,0.6081099803,2
1800,78.7,0.6081865096,2
1800,78.725,0.6082630617,2
1800,78.75,0.6083396365,2
1800,78.775,0.6084162338,2
1800,78.8,0.6084928535,2
1800,78.825,0.6085694957,2
1800,78.85,0.6086461601,2
1800,78.875,0.6087228468,2
1800,78.9,0.6087995555,2
1800,78.925,0.6088762863,2
1800,78.95,0.608953039,2
1800,78.975,0.6090298135,2
1800,79,0.6091066098,2
1800,79.025,0.6091834278,2
1800,79.05,0.6092602674,2
1800,79.075,0.6093371284,2
1800,79.1,0.6094140108,2
1800,79.125,0.6094909146,2
1800,79.15,0.6095678395,2
1800,79.175,0.6096447856,2
1800,79.2,0.6097217527,2
1800,79.225,0.6097987408,2
1800,79.25,0.6098757497,2
1800,79.275,0.6099527794,2
1800,79.3,0.6100298298,2
1800,79.325,0.6101069008,2
1800,79.35,0.6101839923,2
1800,79.375,0.6102611042,2
1800,79.4,0.6103382364,2
1800,79.425,0.6104153889,2
1800,79.45,0.6104925615,2
1800,79.475,0.6105697542,2
1800,79.5,0.6106469669,2
1800,79.525,0.6107241994,2
1800,79.55,0.6108014517,2
1800,79.575,0.6108787237,2
1800,79.6,0.6109560154,2
1800,79.625,0.6110333265,2
1800,79.65,0.6111106571,2
1800,79.675,0.6111880071,2
1800,79.7,0.6112653763,2
1800,79.725,0.6113427647,2
1800,79.75,0.6114201722,2
1800,79.775,0.6114975986,2
1800,79.8,0.611575044,2
1800,79.825,0.6116525082,2
1800,79.85,0.6117299911,2
1800,79.875,0.6118074926,2
1800,79.9,0.6118850127,2
1800,79.925,0.6119625512,2
1800,79.95,0.6120401082,2
1800,79.975,0.6121176834,2
1800,80,0.6121952768,2
1800,80.025,0.6122728883,2
1800,80.05,0.6123505178,2
1800,80.075,0.6124281653,2
1800,80.1,0.6125058306,2
1800,80.125,0.6125835137,2
1800,80.15,0.6126612144,2
1800,80.175,0.6127389327,2
1800,80.2,0.6128166685,2
1800,80.225,0.6128944217,2
1800,80.25,0.6129721922,2
1800,80.275,0.6130499799,2
1800,80.3,0.6131277848,2
1800,80.325,0.6132056067,2
1800,80.35,0.6132834455,2
1800,80.375,0.6133613013,2
1800,80.4,0.6134391738,2
1800,80.425,0.613517063,2
1800,80.45,0.6135949688,2
1800,80.475,0.6136728912,2
1800,80.5,0.61375083,2
1800,80.525,0.6138287851,2
1800,80.55,0.6139067565,2
1800,80.575,0.613984744,2
1800,80.6,0.6140627476,2
1800,80.625,0.6141407672,2
1800,80.65,0.6142188028,2
1800,80.675,0.6142968541,2
1800,80.7,0.6143749211,2
1800,80.725,0.6144530039,2
1800,80.75,0.6145311021,2
1800,80.775,0.6146092158,2
1800,80.8,0.6146873449,2
1800,80.825,0.6147654893,2
1800,80.85,0.6148436489,2
1800,80.875,0.6149218236,2
1800,80.9,0.6150000134,2
1800,80.925,0.615078218,2
1800,80.95,0.6151564376,2
1800,80.975,0.6152346719,2
1800,81,0.6153129208,2
1800,81.025,0.6153911844,2
1800,81.05,0.6154694625,2
1800,81.075,0.615547755,2
1800,81.1,0.6156260618,2
1800,81.125,0.6157043828,2
1800,81.15,0.6157827181,2
1800,81.175,0.6158610673,2
1800,81.2,0.6159394306,2
1800,81.225,0.6160178077,2
1800,81.25,0.6160961987,2
1800,81.275,0.6161746034,2
1800,81.3,0.6162530217,2
1800,81.325,0.6163314536,2
1800,81.35,0.6164098989,2
1800,81.375,0.6164883576,2
1800,81.4,0.6165668295,2
1800,81.425,0.6166453147,2
1800,81.45,0.616723813,2
1800,81.475,0.6168023243,2
1800,81.5,0.6168808486,2
1800,81.525,0.6169593857,2
1800,81.55,0.6170379355,2
1800,81.575,0.6171164981,2
1800,81.6,0.6171950732,2
1800,81.625,0.6172736608,2
1800,81.65,0.6173522609,2
1800,81.675,0.6174308733,2
1800,81.7,0.6175094979,2
1800,81.725,0.6175881347,2
1800,81.75,0.6176667836,2
1800,81.775,0.6177454445,2
1800,81.8,0.6178241172,2
1800,81.825,0.6179028018,2
1800,81.85,0.6179814981,2
1800,81.875,0.618060206,2
1800,81.9,0.6181389256,2
1800,81.925,0.6182176565,2
1800,81.95,0.6182963989,2
1800,81.975,0.6183751525,2
1800,82,0.6184539174,2
1800,82.025,0.6185326934,2
1800,82.05,0.6186114804,2
1800,82.075,0.6186902784,2
1800,82.1,0.6187690873,2
1800,82.125,0.6188479069,2
1800,82.15,0.6189267372,2
1800,82.175,0.6190055782,2
1800,82.2,0.6190844297,2
1800,82.225,0.6191632916,2
1800,82.25,0.6192421638,2
1800,82.275,0.6193210464,2
1800,82.3,0.6193999391,2
1800,82.325,0.6194788419,2
1800,82.35,0.6195577548,2
1800,82.375,0.6196366775,2
1800,82.4,0.6197156101,2
1800,82.425,0.6197945525,2
1800,82.45,0.6198735045,2
1800,82.475,0.6199524661,2
1800,82.5,0.6200314373,2
1800,82.525,0.6201104178,2
1800,82.55,0.6201894077,2
1800,82.575,0.6202684068,2
1800,82.6,0.6203474151,2
1800,82.625,0.6204264324,2
1800,82.65,0.6205054588,2
1800,82.675,0.620584494,2
1800,82.7,0.6206635381,2
1800,82.725,0.6207425909,2
1800,82.75,0.6208216524,2
1800,82.775,0.6209007224,2
1800,82.8,0.6209798009,2
1800,82.825,0.6210588878,2
1800,82.85,0.621137983,2
1800,82.875,0.6212170865,2
1800,82.9,0.6212961981,2
1800,82.925,0.6213753177,2
1800,82.95,0.6214544454,2
1800,82.975,0.6215335809,2
1800,83,0.6216127242,2
1800,83.025,0.6216918753,2
1800,83.05,0.621771034,2
1800,83.075,0.6218502002,2
1800,83.1,0.6219293739,2
1800,83.125,0.6220085551,2
1800,83.15,0.6220877435,2
1800,83.175,0.6221669391,2
1800,83.2,0.6222461418,2
1800,83.225,0.6223253517,2
1800,83.25,0.6224045684,2
1800,83.275,0.6224837921,2
1800,83.3,0.6225630225,2
1800,83.325,0.6226422597,2
1800,83.35,0.6227215035,2
1800,83.375,0.6228007539,2
1800,83.4,0.6228800107,2
1800,83.425,0.6229592739,2
1800,83.45,0.6230385434,2
1800,83.475,0.6231178191,2
1800,83.5,0.6231971009,2
1800,83.525,0.6232763888,2
1800,83.55,0.6233556827,2
1800,83.575,0.6234349824,2
1800,83.6,0.6235142879,2
1800,83.625,0.6235935991,2
1800,83.65,0.623672916,2
1800,83.675,0.6237522384,2
1800,83.7,0.6238315663,2
1800,83.725,0.6239108996,2
1800,83.75,0.6239902382,2
1800,83.775,0.6240695819,2
1800,83.8,0.6241489308,2
1800,83.825,0.6242282848,2
1800,83.85,0.6243076437,2
1800,83.875,0.6243870076,2
1800,83.9,0.6244663762,2
1800,83.925,0.6245457495,2
1800,83.95,0.6246251275,2
1800,83.975,0.62470451,2
1800,84,0.624783897,2
1800,84.025,0.6248632884,2
1800,84.05,0.6249426841,2
1800,84.075,0.625022084,2
1800,84.1,0.6251014881,2
1800,84.125,0.6251808962,2
1800,84.15,0.6252603083,2
1800,84.175,0.6253397243,2
1800,84.2,0.6254191441,2
1800,84.225,0.6254985677,2
1800,84.25,0.6255779949,2
1800,84.275,0.6256574257,2
1800,84.3,0.6257368599,2
1800,84.325,0.6258162976,2
1800,84.35,0.6258957386,2
1800,84.375,0.6259751828,2
1800,84.4,0.6260546302,2
1800,84.425,0.6261340806,2
1800,84.45,0.6262135341,2
1800,84.475,0.6262929905,2
1800,84.5,0.6263724497,2
1800,84.525,0.6264519116,2
1800,84.55,0.6265313763,2
1800,84.575,0.6266108435,2
1800,84.6,0.6266903132,2
1800,84.625,0.6267697854,2
1800,84.65,0.6268492599,2
1800,84.675,0.6269287366,2
1800,84.7,0.6270082156,2
1800,84.725,0.6270876966,2
1800,84.75,0.6271671797,2
1800,84.775,0.6272466647,2
1800,84.8,0.6273261516,2
1800,84.825,0.6274056403,2
1800,84.85,0.6274851306,2
1800,84.875,0.6275646226,2
1800,84.9,0.6276441161,2
1800,84.925,0.6277236111,2
1800,84.95,0.6278031074,2
1800,84.975,0.6278826051,2
1800,85,0.6279621039,2
1800,85.025,0.6280416039,2
1800,85.05,0.628121105,2
1800,85.075,0.628200607,2
1800,85.1,0.6282801099,2
1800,85.125,0.6283596137,2
1800,85.15,0.6284391182,2
1800,85.175,0.6285186233,2
1800,85.2,0.628598129,2
1800,85.225,0.6286776352,2
1800,85.25,0.6287571418,2
1800,85.275,0.6288366487,2
1800,85.3,0.6289161559,2
1800,85.325,0.6289956633,2
1800,85.35,0.6290751708,2
1800,85.375,0.6291546783,2
1800,85.4,0.6292341857,2
1800,85.425,0.629313693,2
1800,85.45,0.6293932001,2
1800,85.475,0.6294727069,2
1800,85.5,0.6295522132,2
1800,85.525,0.6296317192,2
1800,85.55,0.6297112246,2
1800,85.575,0.6297907293,2
1800,85.6,0.6298702334,2
1800,85.625,0.6299497367,2
1800,85.65,0.6300292392,2
1800,85.675,0.6301087407,2
1800,85.7,0.6301882412,2
1800,85.725,0.6302677406,2
1800,85.75,0.6303472388,2
1800,85.775,0.6304267358,2
1800,85.8,0.6305062315,2
1800,85.825,0.6305857257,2
1800,85.85,0.6306652185,2
1800,85.875,0.6307447097,2
1800,85.9,0.6308241993,2
1800,85.925,0.6309036872,2
1800,85.95,0.6309831732,2
1800,85.975,0.6310626574,2
1800,86,0.6311421396,2
1800,86.025,0.6312216198,2
1800,86.05,0.6313010979,2
1800,86.075,0.6313805738,2
1800,86.1,0.6314600475,2
1800,86.125,0.6315395188,2
1800,86.15,0.6316189876,2
1800,86.175,0.631698454,2
1800,86.2,0.6317779178,2
1800,86.225,0.631857379,2
1800,86.25,0.6319368374,2
1800,86.275,0.632016293,2
1800,86.3,0.6320957457,2
1800,86.325,0.6321751955,2
1800,86.35,0.6322546422,2
1800,86.375,0.6323340858,2
1800,86.4,0.6324135262,2
1800,86.425,0.6324929633,2
1800,86.45,0.6325723971,2
1800,86.475,0.6326518275,2
1800,86.5,0.6327312544,2
1800,86.525,0.6328106776,2
1800,86.55,0.6328900973,2
1800,86.575,0.6329695131,2
1800,86.6,0.6330489252,2
1800,86.625,0.6331283334,2
1800,86.65,0.6332077376,2
1800,86.675,0.6332871378,2
1800,86.7,0.6333665339,2
1800,86.725,0.6334459258,2
1800,86.75,0.6335253134,2
1800,86.775,0.6336046967,2
1800,86.8,0.6336840755,2
1800,86.825,0.6337634499,2
1800,86.85,0.6338428197,2
1800,86.875,0.6339221848,2
1800,86.9,0.6340015452,2
1800,86.925,0.6340809008,2
1800,86.95,0.6341602515,2
1800,86.975,0.6342395973,2
1800,87,0.6343189381,2
1800,87.025,0.6343982737,2
1800,87.05,0.6344776042,2
1800,87.075,0.6345569294,2
1800,87.1,0.6346362493,2
1800,87.125,0.6347155637,2
1800,87.15,0.6347948727,2
1800,87.175,0.6348741762,2
1800,87.2,0.634953474,2
1800,87.225,0.6350327661,2
1800,87.25,0.6351120524,2
1800,87.275,0.6351913329,2
1800,87.3,0.6352706074,2
1800,87.325,0.635349876,2
1800,87.35,0.6354291384,2
1800,87.375,0.6355083947,2
1800,87.4,0.6355876448,2
1800,87.425,0.6356668885,2
1800,87.45,0.6357461259,2
1800,87.475,0.6358253569,2
1800,87.5,0.6359045813,2
1800,87.525,0.6359837991,2
1800,87.55,0.6360630102,2
1800,87.575,0.6361422146,2
1800,87.6,0.6362214121,2
1800,87.625,0.6363006028,2
1800,87.65,0.6363797865,2
1800,87.675,0.6364589631,2
1800,87.7,0.6365381326,2
1800,87.725,0.6366172949,2
1800,87.75,0.63669645,2
1800,87.775,0.6367755977,2
1800,87.8,0.636854738,2
1800,87.825,0.6369338708,2
1800,87.85,0.637012996,2
1800,87.875,0.6370921137,2
1800,87.9,0.6371712236,2
1800,87.925,0.6372503257,2
1800,87.95,0.63732942,2
1800,87.975,0.6374085063,2
1800,88,0.6374875846,2
1800,88.025,0.6375666549,2
1800,88.05,0.637645717,2
1800,88.075,0.6377247709,2
1800,88.1,0.6378038165,2
1800,88.125,0.6378828538,2
1800,88.15,0.6379618826,2
1800,88.175,0.6380409029,2
1800,88.2,0.6381199146,2
1800,88.225,0.6381989176,2
1800,88.25,0.638277912,2
1800,88.275,0.6383568975,2
1800,88.3,0.6384358741,2
1800,88.325,0.6385148419,2
1800,88.35,0.6385938005,2
1800,88.375,0.6386727502,2
1800,88.4,0.6387516906,2
1800,88.425,0.6388306218,2
1800,88.45,0.6389095437,2
1800,88.475,0.6389884563,2
1800,88.5,0.6390673593,2
1800,88.525,0.6391462529,2
1800,88.55,0.6392251369,2
1800,88.575,0.6393040112,2
1800,88.6,0.6393828758,2
1800,88.625,0.6394617306,2
1800,88.65,0.6395405755,2
1800,88.675,0.6396194104,2
1800,88.7,0.6396982354,2
1800,88.725,0.6397770502,2
1800,88.75,0.6398558549,2
1800,88.775,0.6399346493,2
1800,88.8,0.6400134335,2
1800,88.825,0.6400922073,2
1800,88.85,0.6401709706,2
1800,88.875,0.6402497234,2
1800,88.9,0.6403284657,2
1800,88.925,0.6404071973,2
1800,88.95,0.6404859181,2
1800,88.975,0.6405646282,2
1800,89,0.6406433274,2
1800,89.025,0.6407220156,2
1800,89.05,0.6408006929,2
1800,89.075,0.6408793591,2
1800,89.1,0.6409580141,2
1800,89.125,0.6410366579,2
1800,89.15,0.6411152904,2
1800,89.175,0.6411939116,2
1800,89.2,0.6412725213,2
1800,89.225,0.6413511196,2
1800,89.25,0.6414297063,2
1800,89.275,0.6415082813,2
1800,89.3,0.6415868447,2
1800,89.325,0.6416653962,2
1800,89.35,0.641743936,2
1800,89.375,0.6418224638,2
1800,89.4,0.6419009796,2
1800,89.425,0.6419794834,2
1800,89.45,0.6420579751,2
1800,89.475,0.6421364546,2
1800,89.5,0.6422149218,2
1800,89.525,0.6422933767,2
1800,89.55,0.6423718192,2
1800,89.575,0.6424502492,2
1800,89.6,0.6425286667,2
1800,89.625,0.6426070716,2
1800,89.65,0.6426854639,2
1800,89.675,0.6427638434,2
1800,89.7,0.6428422101,2
1800,89.725,0.6429205639,2
1800,89.75,0.6429989048,2
1800,89.775,0.6430772327,2
1800,89.8,0.6431555475,2
1800,89.825,0.6432338492,2
1800,89.85,0.6433121376,2
1800,89.875,0.6433904128,2
1800,89.9,0.6434686746,2
1800,89.925,0.643546923,2
1800,89.95,0.6436251579,2
1800,89.975,0.6437033793,2
1800,90,0.643781587,2
1800,90.025,0.6438597811,2
1800,90.05,0.6439379614,2
1800,90.075,0.6440161279,2
1800,90.1,0.6440942805,2
1800,90.125,0.6441724192,2
1800,90.15,0.6442505438,2
1800,90.175,0.6443286543,2
1800,90.2,0.6444067507,2
1800,90.225,0.6444848329,2
1800,90.25,0.6445629008,2
1800,90.275,0.6446409543,2
1800,90.3,0.6447189934,2
1800,90.325,0.644797018,2
1800,90.35,0.6448750281,2
1800,90.375,0.6449530236,2
1800,90.4,0.6450310043,2
1800,90.425,0.6451089703,2
1800,90.45,0.6451869215,2
1800,90.475,0.6452648578,2
1800,90.5,0.6453427792,2
1800,90.525,0.6454206855,2
1800,90.55,0.6454985768,2
1800,90.575,0.6455764529,2
1800,90.6,0.6456543138,2
1800,90.625,0.6457321595,2
1800,90.65,0.6458099897,2
1800,90.675,0.6458878046,2
1800,90.7,0.645965604,2
1800,90.725,0.6460433879,2
1800,90.75,0.6461211561,2
1800,90.775,0.6461989087,2
1800,90.8,0.6462766456,2
1800,90.825,0.6463543667,2
1800,90.85,0.6464320719,2
1800,90.875,0.6465097611,2
1800,90.9,0.6465874344,2
1800,90.925,0.6466650916,2
1800,90.95,0.6467427327,2
1800,90.975,0.6468203576,2
1800,91,0.6468979663,2
1800,91.025,0.6469755586,2
1800,91.05,0.6470531346,2
1800,91.075,0.6471306941,2
1800,91.1,0.6472082371,2
1800,91.125,0.6472857636,2
1800,91.15,0.6473632734,2
1800,91.175,0.6474407665,2
1800,91.2,0.6475182428,2
1800,91.225,0.6475957023,2
1800,91.25,0.647673145,2
1800,91.275,0.6477505706,2
1800,91.3,0.6478279793,2
1800,91.325,0.6479053709,2
1800,91.35,0.6479827453,2
1800,91.375,0.6480601025,2
1800,91.4,0.6481374425,2
1800,91.425,0.6482147651,2
1800,91.45,0.6482920703,2
1800,91.475,0.6483693581,2
1800,91.5,0.6484466284,2
1800,91.525,0.648523881,2
1800,91.55,0.6486011161,2
1800,91.575,0.6486783334,2
1800,91.6,0.6487555329,2
1800,91.625,0.6488327146,2
1800,91.65,0.6489098784,2
1800,91.675,0.6489870243,2
1800,91.7,0.6490641521,2
1800,91.725,0.6491412618,2
1800,91.75,0.6492183534,2
1800,91.775,0.6492954268,2
1800,91.8,0.649372482,2
1800,91.825,0.6494495188,2
1800,91.85,0.6495265372,2
1800,91.875,0.6496035371,2
1800,91.9,0.6496805186,2
1800,91.925,0.6497574814,2
1800,91.95,0.6498344256,2
1800,91.975,0.6499113512,2
1800,92,0.6499882579,2
1800,92.025,0.6500651459,2
1800,92.05,0.6501420149,2
1800,92.075,0.650218865,2
1800,92.1,0.6502956961,2
1800,92.125,0.6503725082,2
1800,92.15,0.6504493011,2
1800,92.175,0.6505260748,2
1800,92.2,0.6506028293,2
1800,92.225,0.6506795645,2
1800,92.25,0.6507562803,2
1800,92.275,0.6508329767,2
1800,92.3,0.6509096536,2
1800,92.325,0.6509863109,2
1800,92.35,0.6510629487,2
1800,92.375,0.6511395667,2
1800,92.4,0.6512161651,2
1800,92.425,0.6512927436,2
1800,92.45,0.6513693023,2
1800,92.475,0.6514458411,2
1800,92.5,0.6515223599,2
1800,92.525,0.6515988587,2
1800,92.55,0.6516753374,2
1800,92.575,0.651751796,2
1800,92.6,0.6518282343,2
1800,92.625,0.6519046524,2
1800,92.65,0.6519810502,2
1800,92.675,0.6520574276,2
1800,92.7,0.6521337845,2
1800,92.725,0.652210121,2
1800,92.75,0.6522864369,2
1800,92.775,0.6523627321,2
1800,92.8,0.6524390067,2
1800,92.825,0.6525152606,2
1800,92.85,0.6525914936,2
1800,92.875,0.6526677058,2
1800,92.9,0.6527438971,2
1800,92.925,0.6528200675,2
1800,92.95,0.6528962168,2
1800,92.975,0.652972345,2
1800,93,0.6530484521,2
1800,93.025,0.6531245379,2
1800,93.05,0.6532006025,2
1800,93.075,0.6532766458,2
1800,93.1,0.6533526678,2
1800,93.125,0.6534286683,2
1800,93.15,0.6535046473,2
1800,93.175,0.6535806047,2
1800,93.2,0.6536565406,2
1800,93.225,0.6537324548,2
1800,93.25,0.6538083472,2
1800,93.275,0.6538842179,2
1800,93.3,0.6539600668,2
1800,93.325,0.6540358938,2
1800,93.35,0.6541116988,2
1800,93.375,0.6541874818,2
1800,93.4,0.6542632428,2
1800,93.425,0.6543389817,2
1800,93.45,0.6544146983,2
1800,93.475,0.6544903928,2
1800,93.5,0.654566065,2
1800,93.525,0.6546417148,2
1800,93.55,0.6547173422,2
1800,93.575,0.6547929472,2
1800,93.6,0.6548685296,2
1800,93.625,0.6549440895,2
1800,93.65,0.6550196268,2
1800,93.675,0.6550951414,2
1800,93.7,0.6551706333,2
1800,93.725,0.6552461023,2
1800,93.75,0.6553215486,2
1800,93.775,0.6553969719,2
1800,93.8,0.6554723723,2
1800,93.825,0.6555477496,2
1800,93.85,0.6556231039,2
1800,93.875,0.6556984351,2
1800,93.9,0.6557737431,2
1800,93.925,0.6558490279,2
1800,93.95,0.6559242894,2
1800,93.975,0.6559995275,2
1800,94,0.6560747423,2
1800,94.025,0.6561499336,2
1800,94.05,0.6562251014,2
1800,94.075,0.6563002456,2
1800,94.1,0.6563753662,2
1800,94.125,0.6564504632,2
1800,94.15,0.6565255364,2
1800,94.175,0.6566005859,2
1800,94.2,0.6566756115,2
1800,94.225,0.6567506133,2
1800,94.25,0.6568255911,2
1800,94.275,0.6569005449,2
1800,94.3,0.6569754747,2
1800,94.325,0.6570503803,2
1800,94.35,0.6571252618,2
1800,94.375,0.6572001192,2
1800,94.4,0.6572749522,2
1800,94.425,0.657349761,2
1800,94.45,0.6574245454,2
1800,94.475,0.6574993053,2
1800,94.5,0.6575740408,2
1800,94.525,0.6576487518,2
1800,94.55,0.6577234382,2
1800,94.575,0.6577980999,2
1800,94.6,0.657872737,2
1800,94.625,0.6579473493,2
1800,94.65,0.6580219369,2
1800,94.675,0.6580964996,2
1800,94.7,0.6581710374,2
1800,94.725,0.6582455503,2
1800,94.75,0.6583200382,2
1800,94.775,0.658394501,2
1800,94.8,0.6584689388,2
1800,94.825,0.6585433513,2
1800,94.85,0.6586177387,2
1800,94.875,0.6586921008,2
1800,94.9,0.6587664376,2
1800,94.925,0.6588407491,2
1800,94.95,0.6589150351,2
1800,94.975,0.6589892957,2
1800,95,0.6590635307,2
1800,95.025,0.6591377402,2
1800,95.05,0.6592119241,2
1800,95.075,0.6592860823,2
1800,95.1,0.6593602148,2
1800,95.125,0.6594343215,2
1800,95.15,0.6595084024,2
1800,95.175,0.6595824575,2
1800,95.2,0.6596564866,2
1800,95.225,0.6597304897,2
1800,95.25,0.6598044668,2
1800,95.275,0.6598784178,2
1800,95.3,0.6599523428,2
1800,95.325,0.6600262415,2
1800,95.35,0.660100114,2
1800,95.375,0.6601739603,2
1800,95.4,0.6602477802,2
1800,95.425,0.6603215737,2
1800,95.45,0.6603953408,2
1800,95.475,0.6604690815,2
1800,95.5,0.6605427956,2
1800,95.525,0.6606164832,2
1800,95.55,0.6606901441,2
1800,95.575,0.6607637783,2
1800,95.6,0.6608373859,2
1800,95.625,0.6609109666,2
1800,95.65,0.6609845206,2
1800,95.675,0.6610580477,2
1800,95.7,0.6611315478,2
1800,95.725,0.661205021,2
1800,95.75,0.6612784672,2
1800,95.775,0.6613518863,2
1800,95.8,0.6614252783,2
1800,95.825,0.6614986432,2
1800,95.85,0.6615719808,2
1800,95.875,0.6616452912,2
1800,95.9,0.6617185742,2
1800,95.925,0.66179183,2
1800,95.95,0.6618650583,2
1800,95.975,0.6619382591,2
1800,96,0.6620114325,2
1800,96.025,0.6620845783,2
1800,96.05,0.6621576965,2
1800,96.075,0.6622307871,2
1800,96.1,0.66230385,2
1800,96.125,0.6623768852,2
1800,96.15,0.6624498925,2
1800,96.175,0.6625228721,2
1800,96.2,0.6625958237,2
1800,96.225,0.6626687475,2
1800,96.25,0.6627416432,2
1800,96.275,0.662814511,2
1800,96.3,0.6628873507,2
1800,96.325,0.6629601622,2
1800,96.35,0.6630329456,2
1800,96.375,0.6631057008,2
1800,96.4,0.6631784278,2
1800,96.425,0.6632511264,2
1800,96.45,0.6633237967,2
1800,96.475,0.6633964386,2
1800,96.5,0.663469052,2
1800,96.525,0.663541637,2
1800,96.55,0.6636141935,2
1800,96.575,0.6636867213,2
1800,96.6,0.6637592206,2
1800,96.625,0.6638316911,2
1800,96.65,0.663904133,2
1800,96.675,0.6639765461,2
1800,96.7,0.6640489304,2
1800,96.725,0.6641212858,2
1800,96.75,0.6641936124,2
1800,96.775,0.66426591,2
1800,96.8,0.6643381786,2
1800,96.825,0.6644104182,2
1800,96.85,0.6644826287,2
1800,96.875,0.6645548101,2
1800,96.9,0.6646269623,2
1800,96.925,0.6646990853,2
1800,96.95,0.664771179,2
1800,96.975,0.6648432435,2
1800,97,0.6649152786,2
1800,97.025,0.6649872843,2
1800,97.05,0.6650592605,2
1800,97.075,0.6651312073,2
1800,97.1,0.6652031246,2
1800,97.125,0.6652750123,2
1800,97.15,0.6653468704,2
1800,97.175,0.6654186988,2
1800,97.2,0.6654904976,2
1800,97.225,0.6655622666,2
1800,97.25,0.6656340058,2
1800,97.275,0.6657057151,2
1800,97.3,0.6657773947,2
1800,97.325,0.6658490442,2
1800,97.35,0.6659206639,2
1800,97.375,0.6659922535,2
1800,97.4,0.6660638131,2
1800,97.425,0.6661353425,2
1800,97.45,0.6662068419,2
1800,97.475,0.6662783111,2
1800,97.5,0.66634975,2
1800,97.525,0.6664211587,2
1800,97.55,0.6664925371,2
1800,97.575,0.6665638852,2
1800,97.6,0.6666352028,2
1800,97.625,0.6667064901,2
1800,97.65,0.6667777468,2
1800,97.675,0.6668489731,2
1800,97.7,0.6669201687,2
1800,97.725,0.6669913338,2
1800,97.75,0.6670624683,2
1800,97.775,0.667133572,2
1800,97.8,0.6672046451,2
1800,97.825,0.6672756873,2
1800,97.85,0.6673466988,2
1800,97.875,0.6674176794,2
1800,97.9,0.6674886291,2
1800,97.925,0.6675595479,2
1800,97.95,0.6676304357,2
1800,97.975,0.6677012925,2
1800,98,0.6677721182,2
1800,98.025,0.6678429128,2
1800,98.05,0.6679136763,2
1800,98.075,0.6679844087,2
1800,98.1,0.6680551098,2
1800,98.125,0.6681257796,2
1800,98.15,0.6681964181,2
1800,98.175,0.6682670253,2
1800,98.2,0.6683376011,2
1800,98.225,0.6684081455,2
1800,98.25,0.6684786585,2
1800,98.275,0.6685491399,2
1800,98.3,0.6686195898,2
1800,98.325,0.6686900081,2
1800,98.35,0.6687603948,2
1800,98.375,0.6688307498,2
1800,98.4,0.6689010731,2
1800,98.425,0.6689713647,2
1800,98.45,0.6690416244,2
1800,98.475,0.6691118524,2
1800,98.5,0.6691820485,2
1800,98.525,0.6692522127,2
1800,98.55,0.669322345,2
1800,98.575,0.6693924453,2
1800,98.6,0.6694625136,2
1800,98.625,0.6695325498,2
1800,98.65,0.6696025539,2
1800,98.675,0.6696725259,2
1800,98.7,0.6697424657,2
1800,98.725,0.6698123733,2
1800,98.75,0.6698822487,2
1800,98.775,0.6699520918,2
1800,98.8,0.6700219025,2
1800,98.825,0.6700916809,2
1800,98.85,0.6701614269,2
1800,98.875,0.6702311404,2
1800,98.9,0.6703008215,2
1800,98.925,0.6703704701,2
1800,98.95,0.670440086,2
1800,98.975,0.6705096694,2
1800,99,0.6705792202,2
1800,99.025,0.6706487383,2
1800,99.05,0.6707182237,2
1800,99.075,0.6707876764,2
1800,99.1,0.6708570963,2
1800,99.125,0.6709264833,2
1800,99.15,0.6709958375,2
1800,99.175,0.6710651589,2
1800,99.2,0.6711344472,2
1800,99.225,0.6712037027,2
1800,99.25,0.6712729251,2
1800,99.275,0.6713421145,2
1800,99.3,0.6714112708,2
1800,99.325,0.671480394,2
1800,99.35,0.6715494841,2
1800,99.375,0.6716185409,2
1800,99.4,0.6716875646,2
1800,99.425,0.671756555,2
1800,99.45,0.6718255121,2
1800,99.475,0.6718944359,2
1800,99.5,0.6719633263,2
1800,99.525,0.6720321833,2
1800,99.55,0.6721010068,2
1800,99.575,0.6721697969,2
1800,99.6,0.6722385535,2
1800,99.625,0.6723072766,2
1800,99.65,0.6723759661,2
1800,99.675,0.6724446219,2
1800,99.7,0.6725132441,2
1800,99.725,0.6725818327,2
1800,99.75,0.6726503875,2
1800,99.775,0.6727189085,2
1800,99.8,0.6727873958,2
1800,99.825,0.6728558492,2
1800,99.85,0.6729242688,2
1800,99.875,0.6729926545,2
1800,99.9,0.6730610063,2
1800,99.925,0.6731293241,2
1800,99.95,0.6731976079,2
1800,99.975,0.6732658576,2
1800,100,0.6733340733,2
