# macdonald-short-shock — MacDonald 100 m channel, transonic then shock at x = 66.7 m
# SWASHES 3.2.2 (smooth transition and shock); Delestre et al. 2013, doi 10.1002/fld.3741
# Independent Python implementation (swasheslib/analytic.py); no SWASHES-tool output vendored.
# grid: 4001 stations (20x model resolution nx=200)
t_s,x_m,h_m,q_m2_per_s
1800,0,0.9887103139,2
1800,0.025,0.9886748745,2
1800,0.05,0.9886393225,2
1800,0.075,0.9886036581,2
1800,0.1,0.9885678812,2
1800,0.125,0.9885319917,2
1800,0.15,0.9884959898,2
1800,0.175,0.9884598754,2
1800,0.2,0.9884236484,2
1800,0.225,0.988387309,2
1800,0.25,0.988350857,2
1800,0.275,0.9883142926,2
1800,0.3,0.9882776157,2
1800,0.325,0.9882408262,2
1800,0.35,0.9882039243,2
1800,0.375,0.9881669099,2
1800,0.4,0.9881297829,2
1800,0.425,0.9880925435,2
1800,0.45,0.9880551916,2
1800,0.475,0.9880177271,2
1800,0.5,0.9879801502,2
1800,0.525,0.9879424608,2
1800,0.55,0.9879046588,2
1800,0.575,0.9878667444,2
1800,0.6,0.9878287175,2
1800,0.625,0.987790578,2
1800,0.65,0.9877523261,2
1800,0.675,0.9877139617,2
1800,0.7,0.9876754847,2
1800,0.725,0.9876368953,2
1800,0.75,0.9875981934,2
1800,0.775,0.9875593789,2
1800,0.8,0.987520452,2
1800,0.825,0.9874814126,2
1800,0.85,0.9874422606,2
1800,0.875,0.9874029962,2
1800,0.9,0.9873636193,2
1800,0.925,0.9873241298,2
1800,0.95,0.9872845279,2
1800,0.975,0.9872448135,2
1800,1,0.9872049865,2
1800,1.025,0.9871650471,2
1800,1.05,0.9871249952,2
1800,1.075,0.9870848307,2
1800,1.1,0.9870445538,2
1800,1.125,0.9870041644,2
1800,1.15,0.9869636624,2
1800,1.175,0.986923048,2
1800,1.2,0.9868823211,2
1800,1.225,0.9868414816,2
1800,1.25,0.9868005297,2
1800,1.275,0.9867594653,2
1800,1.3,0.9867182883,2
1800,1.325,0.9866769989,2
1800,1.35,0.986635597,2
1800,1.375,0.9865940825,2
1800,1.4,0.9865524556,2
1800,1.425,0.9865107162,2
1800,1.45,0.9864688642,2
1800,1.475,0.9864268998,2
1800,1.5,0.9863848229,2
1800,1.525,0.9863426334,2
1800,1.55,0.9863003315,2
1800,1.575,0.9862579171,2
1800,1.6,0.9862153901,2
1800,1.625,0.9861727507,2
1800,1.65,0.9861299988,2
1800,1.675,0.9860871343,2
1800,1.7,0.9860441574,2
1800,1.725,0.986001068,2
1800,1.75,0.985957866,2
1800,1.775,0.9859145516,2
1800,1.8,0.9858711246,2
1800,1.825,0.9858275852,2
1800,1.85,0.9857839333,2
1800,1.875,0.9857401688,2
1800,1.9,0.9856962919,2
1800,1.925,0.9856523025,2
1800,1.95,0.9856082005,2
1800,1.975,0.9855639861,2
1800,2,0.9855196592,2
1800,2.025,0.9854752197,2
1800,2.05,0.9854306678,2
1800,2.075,0.9853860034,2
1800,2.1,0.9853412264,2
1800,2.125,0.985296337,2
1800,2.15,0.9852513351,2
1800,2.175,0.9852062206,2
1800,2.2,0.9851609937,2
1800,2.225,0.9851156543,2
1800,2.25,0.9850702023,2
1800,2.275,0.9850246379,2
1800,2.3,0.984978961,2
1800,2.325,0.9849331715,2
1800,2.35,0.9848872696,2
1800,2.375,0.9848412552,2
1800,2.4,0.9847951282,2
1800,2.425,0.9847488888,2
1800,2.45,0.9847025369,2
1800,2.475,0.9846560724,2
1800,2.5,0.9846094955,2
1800,2.525,0.9845628061,2
1800,2.55,0.9845160041,2
1800,2.575,0.9844690897,2
1800,2.6,0.9844220628,2
1800,2.625,0.9843749233,2
1800,2.65,0.9843276714,2
1800,2.675,0.984280307,2
1800,2.7,0.98423283,2
1800,2.725,0.9841852406,2
1800,2.75,0.9841375387,2
1800,2.775,0.9840897242,2
1800,2.8,0.9840417973,2
1800,2.825,0.9839937579,2
1800,2.85,0.9839456059,2
1800,2.875,0.9838973415,2
1800,2.9,0.9838489646,2
1800,2.925,0.9838004751,2
1800,2.95,0.9837518732,2
1800,2.975,0.9837031588,2
1800,3,0.9836543318,2
1800,3.025,0.9836053924,2
1800,3.05,0.9835563405,2
1800,3.075,0.983507176,2
1800,3.1,0.9834578991,2
1800,3.125,0.9834085097,2
1800,3.15,0.9833590077,2
1800,3.175,0.9833093933,2
1800,3.2,0.9832596664,2
1800,3.225,0.9832098269,2
1800,3.25,0.983159875,2
1800,3.275,0.9831098106,2
1800,3.3,0.9830596336,2
1800,3.325,0.9830093442,2
1800,3.35,0.9829589423,2
1800,3.375,0.9829084278,2
1800,3.4,0.9828578009,2
1800,3.425,0.9828070614,2
1800,3.45,0.9827562095,2
1800,3.475,0.9827052451,2
1800,3.5,0.9826541681,2
1800,3.525,0.9826029787,2
1800,3.55,0.9825516768,2
1800,3.575,0.9825002623,2
1800,3.6,0.9824487354,2
1800,3.625,0.982397096,2
1800,3.65,0.982345344,2
1800,3.675,0.9822934796,2
1800,3.7,0.9822415027,2
1800,3.725,0.9821894132,2
1800,3.75,0.9821372113,2
1800,3.775,0.9820848969,2
1800,3.8,0.9820324699,2
1800,3.825,0.9819799305,2
1800,3.85,0.9819272786,2
1800,3.875,0.9818745141,2
1800,3.9,0.9818216372,2
1800,3.925,0.9817686478,2
1800,3.95,0.9817155458,2
1800,3.975,0.9816623314,2
1800,4,0.9816090045,2
1800,4.025,0.981555565,2
1800,4.05,0.9815020131,2
1800,4.075,0.9814483487,2
1800,4.1,0.9813945717,2
1800,4.125,0.9813406823,2
1800,4.15,0.9812866804,2
1800,4.175,0.9812325659,2
1800,4.2,0.981178339,2
1800,4.225,0.9811239996,2
1800,4.25,0.9810695476,2
1800,4.275,0.9810149832,2
1800,4.3,0.9809603063,2
1800,4.325,0.9809055168,2
1800,4.35,0.9808506149,2
1800,4.375,0.9807956005,2
1800,4.4,0.9807404735,2
1800,4.425,0.9806852341,2
1800,4.45,0.9806298822,2
1800,4.475,0.9805744177,2
1800,4.5,0.9805188408,2
1800,4.525,0.9804631514,2
1800,4.55,0.9804073494,2
1800,4.575,0.980351435,2
1800,4.6,0.9802954081,2
1800,4.625,0.9802392686,2
1800,4.65,0.9801830167,2
1800,4.675,0.9801266523,2
1800,4.7,0.9800701753,2
1800,4.725,0.9800135859,2
1800,4.75,0.979956884,2
1800,4.775,0.9799000695,2
1800,4.8,0.9798431426,2
1800,4.825,0.9797861032,2
1800,4.85,0.9797289512,2
1800,4.875,0.9796716868,2
1800,4.9,0.9796143099,2
1800,4.925,0.9795568204,2
1800,4.95,0.9794992185,2
1800,4.975,0.9794415041,2
1800,5,0.9793836771,2
1800,5.025,0.9793257377,2
1800,5.05,0.9792676857,2
1800,5.075,0.9792095213,2
1800,5.1,0.9791512444,2
1800,5.125,0.9790928549,2
1800,5.15,0.979034353,2
1800,5.175,0.9789757386,2
1800,5.2,0.9789170116,2
1800,5.225,0.9788581722,2
1800,5.25,0.9787992203,2
1800,5.275,0.9787401558,2
1800,5.3,0.9786809789,2
1800,5.325,0.9786216895,2
1800,5.35,0.9785622875,2
1800,5.375,0.9785027731,2
1800,5.4,0.9784431462,2
1800,5.425,0.9783834067,2
1800,5.45,0.9783235548,2
1800,5.475,0.9782635904,2
1800,5.5,0.9782035134,2
1800,5.525,0.978143324,2
1800,5.55,0.9780830221,2
1800,5.575,0.9780226076,2
1800,5.6,0.9779620807,2
1800,5.625,0.9779014413,2
1800,5.65,0.9778406893,2
1800,5.675,0.9777798249,2
1800,5.7,0.977718848,2
1800,5.725,0.9776577585,2
1800,5.75,0.9775965566,2
1800,5.775,0.9775352422,2
1800,5.8,0.9774738152,2
1800,5.825,0.9774122758,2
1800,5.85,0.9773506239,2
1800,5.875,0.9772888594,2
1800,5.9,0.9772269825,2
1800,5.925,0.9771649931,2
1800,5.95,0.9771028911,2
1800,5.975,0.9770406767,2
1800,6,0.9769783498,2
1800,6.025,0.9769159103,2
1800,6.05,0.9768533584,2
1800,6.075,0.976790694,2
1800,6.1,0.976727917,2
1800,6.125,0.9766650276,2
1800,6.15,0.9766020257,2
1800,6.175,0.9765389112,2
1800,6.2,0.9764756843,2
1800,6.225,0.9764123449,2
1800,6.25,0.9763488929,2
1800,6.275,0.9762853285,2
1800,6.3,0.9762216516,2
1800,6.325,0.9761578621,2
1800,6.35,0.9760939602,2
1800,6.375,0.9760299458,2
1800,6.4,0.9759658188,2
1800,6.425,0.9759015794,2
1800,6.45,0.9758372275,2
1800,6.475,0.975772763,2
1800,6.5,0.9757081861,2
1800,6.525,0.9756434967,2
1800,6.55,0.9755786947,2
1800,6.575,0.9755137803,2
1800,6.6,0.9754487533,2
1800,6.625,0.9753836139,2
1800,6.65,0.975318362,2
1800,6.675,0.9752529975,2
1800,6.7,0.9751875206,2
1800,6.725,0.9751219312,2
1800,6.75,0.9750562292,2
1800,6.775,0.9749904148,2
1800,6.8,0.9749244879,2
1800,6.825,0.9748584484,2
1800,6.85,0.9747922965,2
1800,6.875,0.9747260321,2
1800,6.9,0.9746596551,2
1800,6.925,0.9745931657,2
1800,6.95,0.9745265638,2
1800,6.975,0.9744598493,2
1800,7,0.9743930224,2
1800,7.025,0.974326083,2
1800,7.05,0.974259031,2
1800,7.075,0.9741918666,2
1800,7.1,0.9741245897,2
1800,7.125,0.9740572002,2
1800,7.15,0.9739896983,2
1800,7.175,0.9739220839,2
1800,7.2,0.9738543569,2
1800,7.225,0.9737865175,2
1800,7.25,0.9737185656,2
1800,7.275,0.9736505011,2
1800,7.3,0.9735823242,2
1800,7.325,0.9735140348,2
1800,7.35,0.9734456328,2
1800,7.375,0.9733771184,2
1800,7.4,0.9733084915,2
1800,7.425,0.973239752,2
1800,7.45,0.9731709001,2
1800,7.475,0.9731019357,2
1800,7.5,0.9730328587,2
1800,7.525,0.9729636693,2
1800,7.55,0.9728943674,2
1800,7.575,0.9728249529,2
1800,7.6,0.972755426,2
1800,7.625,0.9726857866,2
1800,7.65,0.9726160346,2
1800,7.675,0.9725461702,2
1800,7.7,0.9724761933,2
1800,7.725,0.9724061038,2
1800,7.75,0.9723359019,2
1800,7.775,0.9722655875,2
1800,7.8,0.9721951605,2
1800,7.825,0.9721246211,2
1800,7.85,0.9720539692,2
1800,7.875,0.9719832047,2
1800,7.9,0.9719123278,2
1800,7.925,0.9718413384,2
1800,7.95,0.9717702364,2
1800,7.975,0.971699022,2
1800,8,0.9716276951,2
1800,8.025,0.9715562556,2
1800,8.05,0.9714847037,2
1800,8.075,0.9714130393,2
1800,8.1,0.9713412623,2
1800,8.125,0.9712693729,2
1800,8.15,0.971197371,2
1800,8.175,0.9711252565,2
1800,8.2,0.9710530296,2
1800,8.225,0.9709806901,2
1800,8.25,0.9709082382,2
1800,8.275,0.9708356738,2
1800,8.3,0.9707629968,2
1800,8.325,0.9706902074,2
1800,8.35,0.9706173055,2
1800,8.375,0.970544291,2
1800,8.4,0.9704711641,2
1800,8.425,0.9703979247,2
1800,8.45,0.9703245727,2
1800,8.475,0.9702511083,2
1800,8.5,0.9701775314,2
1800,8.525,0.9701038419,2
1800,8.55,0.97003004,2
1800,8.575,0.9699561256,2
1800,8.6,0.9698820986,2
1800,8.625,0.9698079592,2
1800,8.65,0.9697337073,2
1800,8.675,0.9696593428,2
1800,8.7,0.9695848659,2
1800,8.725,0.9695102765,2
1800,8.75,0.9694355745,2
1800,8.775,0.9693607601,2
1800,8.8,0.9692858332,2
1800,8.825,0.9692107937,2
1800,8.85,0.9691356418,2
1800,8.875,0.9690603774,2
1800,8.9,0.9689850004,2
1800,8.925,0.968909511,2
1800,8.95,0.9688339091,2
1800,8.975,0.9687581946,2
1800,9,0.9686823677,2
1800,9.025,0.9686064283,2
1800,9.05,0.9685303763,2
1800,9.075,0.9684542119,2
1800,9.1,0.968377935,2
1800,9.125,0.9683015455,2
1800,9.15,0.9682250436,2
1800,9.175,0.9681484292,2
1800,9.2,0.9680717022,2
1800,9.225,0.9679948628,2
1800,9.25,0.9679179109,2
1800,9.275,0.9678408464,2
1800,9.3,0.9677636695,2
1800,9.325,0.9676863801,2
1800,9.35,0.9676089781,2
1800,9.375,0.9675314637,2
1800,9.4,0.9674538368,2
1800,9.425,0.9673760973,2
1800,9.45,0.9672982454,2
1800,9.475,0.967220281,2
1800,9.5,0.967142204,2
1800,9.525,0.9670640146,2
1800,9.55,0.9669857127,2
1800,9.575,0.9669072982,2
1800,9.6,0.9668287713,2
1800,9.625,0.9667501319,2
1800,9.65,0.9666713799,2
1800,9.675,0.9665925155,2
1800,9.7,0.9665135386,2
1800,9.725,0.9664344491,2
1800,9.75,0.9663552472,2
1800,9.775,0.9662759328,2
1800,9.8,0.9661965058,2
1800,9.825,0.9661169664,2
1800,9.85,0.9660373144,2
1800,9.875,0.96595755,2
1800,9.9,0.9658776731,2
1800,9.925,0.9657976836,2
1800,9.95,0.9657175817,2
1800,9.975,0.9656373673,2
1800,10,0.9655570403,2
1800,10.025,0.9654766009,2
1800,10.05,0.965396049,2
1800,10.075,0.9653153845,2
1800,10.1,0.9652346076,2
1800,10.125,0.9651537182,2
1800,10.15,0.9650727162,2
1800,10.175,0.9649916018,2
1800,10.2,0.9649103749,2
1800,10.225,0.9648290354,2
1800,10.25,0.9647475835,2
1800,10.275,0.9646660191,2
1800,10.3,0.9645843421,2
1800,10.325,0.9645025527,2
1800,10.35,0.9644206508,2
1800,10.375,0.9643386363,2
1800,10.4,0.9642565094,2
1800,10.425,0.96417427,2
1800,10.45,0.964091918,2
1800,10.475,0.9640094536,2
1800,10.5,0.9639268767,2
1800,10.525,0.9638441872,2
1800,10.55,0.9637613853,2
1800,10.575,0.9636784709,2
1800,10.6,0.9635954439,2
1800,10.625,0.9635123045,2
1800,10.65,0.9634290526,2
1800,10.675,0.9633456881,2
1800,10.7,0.9632622112,2
1800,10.725,0.9631786218,2
1800,10.75,0.9630949198,2
1800,10.775,0.9630111054,2
1800,10.8,0.9629271785,2
1800,10.825,0.962843139,2
1800,10.85,0.9627589871,2
1800,10.875,0.9626747227,2
1800,10.9,0.9625903457,2
1800,10.925,0.9625058563,2
1800,10.95,0.9624212544,2
1800,10.975,0.9623365399,2
1800,11,0.962251713,2
1800,11.025,0.9621667736,2
1800,11.05,0.9620817216,2
1800,11.075,0.9619965572,2
1800,11.1,0.9619112803,2
1800,11.125,0.9618258908,2
1800,11.15,0.9617403889,2
1800,11.175,0.9616547745,2
1800,11.2,0.9615690475,2
1800,11.225,0.9614832081,2
1800,11.25,0.9613972562,2
1800,11.275,0.9613111917,2
1800,11.3,0.9612250148,2
1800,11.325,0.9611387254,2
1800,11.35,0.9610523234,2
1800,11.375,0.960965809,2
1800,11.4,0.960879182,2
1800,11.425,0.9607924426,2
1800,11.45,0.9607055907,2
1800,11.475,0.9606186262,2
1800,11.5,0.9605315493,2
1800,11.525,0.9604443599,2
1800,11.55,0.9603570579,2
1800,11.575,0.9602696435,2
1800,11.6,0.9601821166,2
1800,11.625,0.9600944771,2
1800,11.65,0.9600067252,2
1800,11.675,0.9599188608,2
1800,11.7,0.9598308838,2
1800,11.725,0.9597427944,2
1800,11.75,0.9596545925,2
1800,11.775,0.959566278,2
1800,11.8,0.9594778511,2
1800,11.825,0.9593893117,2
1800,11.85,0.9593006597,2
1800,11.875,0.9592118953,2
1800,11.9,0.9591230184,2
1800,11.925,0.9590340289,2
1800,11.95,0.958944927,2
1800,11.975,0.9588557126,2
1800,12,0.9587663856,2
1800,12.025,0.9586769462,2
1800,12.05,0.9585873943,2
1800,12.075,0.9584977298,2
1800,12.1,0.9584079529,2
1800,12.125,0.9583180635,2
1800,12.15,0.9582280615,2
1800,12.175,0.9581379471,2
1800,12.2,0.9580477202,2
1800,12.225,0.9579573807,2
1800,12.25,0.9578669288,2
1800,12.275,0.9577763644,2
1800,12.3,0.9576856874,2
1800,12.325,0.957594898,2
1800,12.35,0.9575039961,2
1800,12.375,0.9574129816,2
1800,12.4,0.9573218547,2
1800,12.425,0.9572306153,2
1800,12.45,0.9571392633,2
1800,12.475,0.9570477989,2
1800,12.5,0.956956222,2
1800,12.525,0.9568645325,2
1800,12.55,0.9567727306,2
1800,12.575,0.9566808162,2
1800,12.6,0.9565887892,2
1800,12.625,0.9564966498,2
1800,12.65,0.9564043979,2
1800,12.675,0.9563120334,2
1800,12.7,0.9562195565,2
1800,12.725,0.9561269671,2
1800,12.75,0.9560342651,2
1800,12.775,0.9559414507,2
1800,12.8,0.9558485238,2
1800,12.825,0.9557554843,2
1800,12.85,0.9556623324,2
1800,12.875,0.955569068,2
1800,12.9,0.955475691,2
1800,12.925,0.9553822016,2
1800,12.95,0.9552885997,2
1800,12.975,0.9551948852,2
1800,13,0.9551010583,2
1800,13.025,0.9550071188,2
1800,13.05,0.9549130669,2
1800,13.075,0.9548189025,2
1800,13.1,0.9547246255,2
1800,13.125,0.9546302361,2
1800,13.15,0.9545357342,2
1800,13.175,0.9544411197,2
1800,13.2,0.9543463928,2
1800,13.225,0.9542515534,2
1800,13.25,0.9541566014,2
1800,13.275,0.954061537,2
1800,13.3,0.9539663601,2
1800,13.325,0.9538710706,2
1800,13.35,0.9537756687,2
1800,13.375,0.9536801543,2
1800,13.4,0.9535845273,2
1800,13.425,0.9534887879,2
1800,13.45,0.953392936,2
1800,13.475,0.9532969715,2
1800,13.5,0.9532008946,2
1800,13.525,0.9531047052,2
1800,13.55,0.9530084032,2
1800,13.575,0.9529119888,2
1800,13.6,0.9528154619,2
1800,13.625,0.9527188224,2
1800,13.65,0.9526220705,2
1800,13.675,0.9525252061,2
1800,13.7,0.9524282291,2
1800,13.725,0.9523311397,2
1800,13.75,0.9522339378,2
1800,13.775,0.9521366233,2
1800,13.8,0.9520391964,2
1800,13.825,0.951941657,2
1800,13.85,0.951844005,2
1800,13.875,0.9517462406,2
1800,13.9,0.9516483637,2
1800,13.925,0.9515503742,2
1800,13.95,0.9514522723,2
1800,13.975,0.9513540579,2
1800,14,0.9512557309,2
1800,14.025,0.9511572915,2
1800,14.05,0.9510587396,2
1800,14.075,0.9509600751,2
1800,14.1,0.9508612982,2
1800,14.125,0.9507624088,2
1800,14.15,0.9506634068,2
1800,14.175,0.9505642924,2
1800,14.2,0.9504650655,2
1800,14.225,0.950365726,2
1800,14.25,0.9502662741,2
1800,14.275,0.9501667097,2
1800,14.3,0.9500670327,2
1800,14.325,0.9499672433,2
1800,14.35,0.9498673414,2
1800,14.375,0.9497673269,2
1800,14.4,0.9496672,2
1800,14.425,0.9495669606,2
1800,14.45,0.9494666086,2
1800,14.475,0.9493661442,2
1800,14.5,0.9492655673,2
1800,14.525,0.9491648778,2
1800,14.55,0.9490640759,2
1800,14.575,0.9489631615,2
1800,14.6,0.9488621345,2
1800,14.625,0.9487609951,2
1800,14.65,0.9486597431,2
1800,14.675,0.9485583787,2
1800,14.7,0.9484569018,2
1800,14.725,0.9483553123,2
1800,14.75,0.9482536104,2
1800,14.775,0.948151796,2
1800,14.8,0.948049869,2
1800,14.825,0.9479478296,2
1800,14.85,0.9478456777,2
1800,14.875,0.9477434132,2
1800,14.9,0.9476410363,2
1800,14.925,0.9475385469,2
1800,14.95,0.9474359449,2
1800,14.975,0.9473332305,2
1800,15,0.9472304036,2
1800,15.025,0.9471274641,2
1800,15.05,0.9470244122,2
1800,15.075,0.9469212478,2
1800,15.1,0.9468179708,2
1800,15.125,0.9467145814,2
1800,15.15,0.9466110795,2
1800,15.175,0.946507465,2
1800,15.2,0.9464037381,2
1800,15.225,0.9462998987,2
1800,15.25,0.9461959467,2
1800,15.275,0.9460918823,2
1800,15.3,0.9459877054,2
1800,15.325,0.9458834159,2
1800,15.35,0.945779014,2
1800,15.375,0.9456744996,2
1800,15.4,0.9455698726,2
1800,15.425,0.9454651332,2
1800,15.45,0.9453602813,2
1800,15.475,0.9452553168,2
1800,15.5,0.9451502399,2
1800,15.525,0.9450450505,2
1800,15.55,0.9449397485,2
1800,15.575,0.9448343341,2
1800,15.6,0.9447288072,2
1800,15.625,0.9446231677,2
1800,15.65,0.9445174158,2
1800,15.675,0.9444115514,2
1800,15.7,0.9443055744,2
1800,15.725,0.944199485,2
1800,15.75,0.9440932831,2
1800,15.775,0.9439869686,2
1800,15.8,0.9438805417,2
1800,15.825,0.9437740023,2
1800,15.85,0.9436673503,2
1800,15.875,0.9435605859,2
1800,15.9,0.943453709,2
1800,15.925,0.9433467195,2
1800,15.95,0.9432396176,2
1800,15.975,0.9431324032,2
1800,16,0.9430250762,2
1800,16.025,0.9429176368,2
1800,16.05,0.9428100849,2
1800,16.075,0.9427024204,2
1800,16.1,0.9425946435,2
1800,16.125,0.9424867541,2
1800,16.15,0.9423787521,2
1800,16.175,0.9422706377,2
1800,16.2,0.9421624107,2
1800,16.225,0.9420540713,2
1800,16.25,0.9419456194,2
1800,16.275,0.9418370549,2
1800,16.3,0.941728378,2
1800,16.325,0.9416195886,2
1800,16.35,0.9415106866,2
1800,16.375,0.9414016722,2
1800,16.4,0.9412925453,2
1800,16.425,0.9411833058,2
1800,16.45,0.9410739539,2
1800,16.475,0.9409644895,2
1800,16.5,0.9408549125,2
1800,16.525,0.9407452231,2
1800,16.55,0.9406354212,2
1800,16.575,0.9405255067,2
1800,16.6,0.9404154798,2
1800,16.625,0.9403053404,2
1800,16.65,0.9401950884,2
1800,16.675,0.940084724,2
1800,16.7,0.9399742471,2
1800,16.725,0.9398636576,2
1800,16.75,0.9397529557,2
1800,16.775,0.9396421413,2
1800,16.8,0.9395312143,2
1800,16.825,0.9394201749,2
1800,16.85,0.939309023,2
1800,16.875,0.9391977585,2
1800,16.9,0.9390863816,2
1800,16.925,0.9389748922,2
1800,16.95,0.9388632902,2
1800,16.975,0.9387515758,2
1800,17,0.9386397489,2
1800,17.025,0.9385278094,2
1800,17.05,0.9384157575,2
1800,17.075,0.9383035931,2
1800,17.1,0.9381913161,2
1800,17.125,0.9380789267,2
1800,17.15,0.9379664248,2
1800,17.175,0.9378538103,2
1800,17.2,0.9377410834,2
1800,17.225,0.937628244,2
1800,17.25,0.937515292,2
1800,17.275,0.9374022276,2
1800,17.3,0.9372890507,2
1800,17.325,0.9371757612,2
1800,17.35,0.9370623593,2
1800,17.375,0.9369488449,2
1800,17.4,0.9368352179,2
1800,17.425,0.9367214785,2
1800,17.45,0.9366076266,2
1800,17.475,0.9364936621,2
1800,17.5,0.9363795852,2
1800,17.525,0.9362653958,2
1800,17.55,0.9361510938,2
1800,17.575,0.9360366794,2
1800,17.6,0.9359221525,2
1800,17.625,0.935807513,2
1800,17.65,0.9356927611,2
1800,17.675,0.9355778967,2
1800,17.7,0.9354629197,2
1800,17.725,0.9353478303,2
1800,17.75,0.9352326284,2
1800,17.775,0.9351173139,2
1800,17.8,0.935001887,2
1800,17.825,0.9348863475,2
1800,17.85,0.9347706956,2
1800,17.875,0.9346549312,2
1800,17.9,0.9345390542,2
1800,17.925,0.9344230648,2
1800,17.95,0.9343069629,2
1800,17.975,0.9341907484,2
1800,18,0.9340744215,2
1800,18.025,0.9339579821,2
1800,18.05,0.9338414301,2
1800,18.075,0.9337247657,2
1800,18.1,0.9336079888,2
1800,18.125,0.9334910993,2
1800,18.15,0.9333740974,2
1800,18.175,0.933256983,2
1800,18.2,0.933139756,2
1800,18.225,0.9330224166,2
1800,18.25,0.9329049647,2
1800,18.275,0.9327874002,2
1800,18.3,0.9326697233,2
1800,18.325,0.9325519339,2
1800,18.35,0.9324340319,2
1800,18.375,0.9323160175,2
1800,18.4,0.9321978906,2
1800,18.425,0.9320796511,2
1800,18.45,0.9319612992,2
1800,18.475,0.9318428348,2
1800,18.5,0.9317242578,2
1800,18.525,0.9316055684,2
1800,18.55,0.9314867665,2
1800,18.575,0.931367852,2
1800,18.6,0.9312488251,2
1800,18.625,0.9311296857,2
1800,18.65,0.9310104337,2
1800,18.675,0.9308910693,2
1800,18.7,0.9307715924,2
1800,18.725,0.9306520029,2
1800,18.75,0.930532301,2
1800,18.775,0.9304124866,2
1800,18.8,0.9302925596,2
1800,18.825,0.9301725202,2
1800,18.85,0.9300523683,2
1800,18.875,0.9299321038,2
1800,18.9,0.9298117269,2
1800,18.925,0.9296912375,2
1800,18.95,0.9295706355,2
1800,18.975,0.9294499211,2
1800,19,0.9293290942,2
1800,19.025,0.9292081547,2
1800,19.05,0.9290871028,2
1800,19.075,0.9289659384,2
1800,19.1,0.9288446614,2
1800,19.125,0.928723272,2
1800,19.15,0.9286017701,2
1800,19.175,0.9284801556,2
1800,19.2,0.9283584287,2
1800,19.225,0.9282365893,2
1800,19.25,0.9281146373,2
1800,19.275,0.9279925729,2
1800,19.3,0.927870396,2
1800,19.325,0.9277481065,2
1800,19.35,0.9276257046,2
1800,19.375,0.9275031902,2
1800,19.4,0.9273805632,2
1800,19.425,0.9272578238,2
1800,19.45,0.9271349718,2
1800,19.475,0.9270120074,2
1800,19.5,0.9268889305,2
1800,19.525,0.926765741,2
1800,19.55,0.9266424391,2
1800,19.575,0.9265190247,2
1800,19.6,0.9263954977,2
1800,19.625,0.9262718583,2
1800,19.65,0.9261481064,2
1800,19.675,0.9260242419,2
1800,19.7,0.925900265,2
1800,19.725,0.9257761756,2
1800,19.75,0.9256519736,2
1800,19.775,0.9255276592,2
1800,19.8,0.9254032323,2
1800,19.825,0.9252786928,2
1800,19.85,0.9251540409,2
1800,19.875,0.9250292765,2
1800,19.9,0.9249043995,2
1800,19.925,0.9247794101,2
1800,19.95,0.9246543082,2
1800,19.975,0.9245290937,2
1800,20,0.9244037668,2
1800,20.025,0.9242783274,2
1800,20.05,0.9241527754,2
1800,20.075,0.924027111,2
1800,20.1,0.9239013341,2
1800,20.125,0.9237754446,2
1800,20.15,0.9236494427,2
1800,20.175,0.9235233283,2
1800,20.2,0.9233971013,2
1800,20.225,0.9232707619,2
1800,20.25,0.92314431,2
1800,20.275,0.9230177455,2
1800,20.3,0.9228910686,2
1800,20.325,0.9227642792,2
1800,20.35,0.9226373772,2
1800,20.375,0.9225103628,2
1800,20.4,0.9223832359,2
1800,20.425,0.9222559964,2
1800,20.45,0.9221286445,2
1800,20.475,0.9220011801,2
1800,20.5,0.9218736031,2
1800,20.525,0.9217459137,2
1800,20.55,0.9216181118,2
1800,20.575,0.9214901973,2
1800,20.6,0.9213621704,2
1800,20.625,0.921234031,2
1800,20.65,0.921105779,2
1800,20.675,0.9209774146,2
1800,20.7,0.9208489377,2
1800,20.725,0.9207203482,2
1800,20.75,0.9205916463,2
1800,20.775,0.9204628319,2
1800,20.8,0.9203339049,2
1800,20.825,0.9202048655,2
1800,20.85,0.9200757136,2
1800,20.875,0.9199464491,2
1800,20.9,0.9198170722,2
1800,20.925,0.9196875828,2
1800,20.95,0.9195579808,2
1800,20.975,0.9194282664,2
1800,21,0.9192984394,2
1800,21.025,0.9191685,2
1800,21.05,0.9190384481,2
1800,21.075,0.9189082836,2
1800,21.1,0.9187780067,2
1800,21.125,0.9186476173,2
1800,21.15,0.9185171153,2
1800,21.175,0.9183865009,2
1800,21.2,0.918255774,2
1800,21.225,0.9181249345,2
1800,21.25,0.9179939826,2
1800,21.275,0.9178629182,2
1800,21.3,0.9177317412,2
1800,21.325,0.9176004518,2
1800,21.35,0.9174690499,2
1800,21.375,0.9173375354,2
1800,21.4,0.9172059085,2
1800,21.425,0.9170741691,2
1800,21.45,0.9169423171,2
1800,21.475,0.9168103527,2
1800,21.5,0.9166782758,2
1800,21.525,0.9165460863,2
1800,21.55,0.9164137844,2
1800,21.575,0.91628137,2
1800,21.6,0.916148843,2
1800,21.625,0.9160162036,2
1800,21.65,0.9158834517,2
1800,21.675,0.9157505872,2
1800,21.7,0.9156176103,2
1800,21.725,0.9154845209,2
1800,21.75,0.9153513189,2
1800,21.775,0.9152180045,2
1800,21.8,0.9150845776,2
1800,21.825,0.9149510381,2
1800,21.85,0.9148173862,2
1800,21.875,0.9146836218,2
1800,21.9,0.9145497448,2
1800,21.925,0.9144157554,2
1800,21.95,0.9142816535,2
1800,21.975,0.914147439,2
1800,22,0.9140131121,2
1800,22.025,0.9138786727,2
1800,22.05,0.9137441207,2
1800,22.075,0.9136094563,2
1800,22.1,0.9134746794,2
1800,22.125,0.9133397899,2
1800,22.15,0.913204788,2
1800,22.175,0.9130696736,2
1800,22.2,0.9129344466,2
1800,22.225,0.9127991072,2
1800,22.25,0.9126636553,2
1800,22.275,0.9125280908,2
1800,22.3,0.9123924139,2
1800,22.325,0.9122566245,2
1800,22.35,0.9121207225,2
1800,22.375,0.9119847081,2
1800,22.4,0.9118485812,2
1800,22.425,0.9117123417,2
1800,22.45,0.9115759898,2
1800,22.475,0.9114395254,2
1800,22.5,0.9113029484,2
1800,22.525,0.911166259,2
1800,22.55,0.9110294571,2
1800,22.575,0.9108925426,2
1800,22.6,0.9107555157,2
1800,22.625,0.9106183762,2
1800,22.65,0.9104811243,2
1800,22.675,0.9103437599,2
1800,22.7,0.9102062829,2
1800,22.725,0.9100686935,2
1800,22.75,0.9099309916,2
1800,22.775,0.9097931771,2
1800,22.8,0.9096552502,2
1800,22.825,0.9095172108,2
1800,22.85,0.9093790588,2
1800,22.875,0.9092407944,2
1800,22.9,0.9091024175,2
1800,22.925,0.908963928,2
1800,22.95,0.9088253261,2
1800,22.975,0.9086866117,2
1800,23,0.9085477847,2
1800,23.025,0.9084088453,2
1800,23.05,0.9082697934,2
1800,23.075,0.9081306289,2
1800,23.1,0.907991352,2
1800,23.125,0.9078519626,2
1800,23.15,0.9077124606,2
1800,23.175,0.9075728462,2
1800,23.2,0.9074331193,2
1800,23.225,0.9072932798,2
1800,23.25,0.9071533279,2
1800,23.275,0.9070132635,2
1800,23.3,0.9068730865,2
1800,23.325,0.9067327971,2
1800,23.35,0.9065923952,2
1800,23.375,0.9064518807,2
1800,23.4,0.9063112538,2
1800,23.425,0.9061705144,2
1800,23.45,0.9060296624,2
1800,23.475,0.905888698,2
1800,23.5,0.9057476211,2
1800,23.525,0.9056064316,2
1800,23.55,0.9054651297,2
1800,23.575,0.9053237153,2
1800,23.6,0.9051821883,2
1800,23.625,0.9050405489,2
1800,23.65,0.904898797,2
1800,23.675,0.9047569325,2
1800,23.7,0.9046149556,2
1800,23.725,0.9044728662,2
1800,23.75,0.9043306642,2
1800,23.775,0.9041883498,2
1800,23.8,0.9040459229,2
1800,23.825,0.9039033834,2
1800,23.85,0.9037607315,2
1800,23.875,0.9036179671,2
1800,23.9,0.9034750901,2
1800,23.925,0.9033321007,2
1800,23.95,0.9031889988,2
1800,23.975,0.9030457843,2
1800,24,0.9029024574,2
1800,24.025,0.902759018,2
1800,24.05,0.902615466,2
1800,24.075,0.9024718016,2
1800,24.1,0.9023280247,2
1800,24.125,0.9021841352,2
1800,24.15,0.9020401333,2
1800,24.175,0.9018960189,2
1800,24.2,0.9017517919,2
1800,24.225,0.9016074525,2
1800,24.25,0.9014630005,2
1800,24.275,0.9013184361,2
1800,24.3,0.9011737592,2
1800,24.325,0.9010289697,2
1800,24.35,0.9008840678,2
1800,24.375,0.9007390534,2
1800,24.4,0.9005939264,2
1800,24.425,0.900448687,2
1800,24.45,0.9003033351,2
1800,24.475,0.9001578706,2
1800,24.5,0.9000122937,2
1800,24.525,0.8998666043,2
1800,24.55,0.8997208023,2
1800,24.575,0.8995748879,2
1800,24.6,0.899428861,2
1800,24.625,0.8992827215,2
1800,24.65,0.8991364696,2
1800,24.675,0.8989901052,2
1800,24.7,0.8988436282,2
1800,24.725,0.8986970388,2
1800,24.75,0.8985503369,2
1800,24.775,0.8984035224,2
1800,24.8,0.8982565955,2
1800,24.825,0.8981095561,2
1800,24.85,0.8979624041,2
1800,24.875,0.8978151397,2
1800,24.9,0.8976677628,2
1800,24.925,0.8975202733,2
1800,24.95,0.8973726714,2
1800,24.975,0.897224957,2
1800,25,0.89707713,2
1800,25.025,0.8969291906,2
1800,25.05,0.8967811387,2
1800,25.075,0.8966329742,2
1800,25.1,0.8964846973,2
1800,25.125,0.8963363079,2
1800,25.15,0.8961878059,2
1800,25.175,0.8960391915,2
1800,25.2,0.8958904646,2
1800,25.225,0.8957416251,2
1800,25.25,0.8955926732,2
1800,25.275,0.8954436088,2
1800,25.3,0.8952944318,2
1800,25.325,0.8951451424,2
1800,25.35,0.8949957405,2
1800,25.375,0.894846226,2
1800,25.4,0.8946965991,2
1800,25.425,0.8945468597,2
1800,25.45,0.8943970077,2
1800,25.475,0.8942470433,2
1800,25.5,0.8940969664,2
1800,25.525,0.8939467769,2
1800,25.55,0.893796475,2
1800,25.575,0.8936460606,2
1800,25.6,0.8934955336,2
1800,25.625,0.8933448942,2
1800,25.65,0.8931941423,2
1800,25.675,0.8930432778,2
1800,25.7,0.8928923009,2
1800,25.725,0.8927412115,2
1800,25.75,0.8925900095,2
1800,25.775,0.8924386951,2
1800,25.8,0.8922872681,2
1800,25.825,0.8921357287,2
1800,25.85,0.8919840768,2
1800,25.875,0.8918323123,2
1800,25.9,0.8916804354,2
1800,25.925,0.891528446,2
1800,25.95,0.891376344,2
1800,25.975,0.8912241296,2
1800,26,0.8910718027,2
1800,26.025,0.8909193632,2
1800,26.05,0.8907668113,2
1800,26.075,0.8906141469,2
1800,26.1,0.8904613699,2
1800,26.125,0.8903084805,2
1800,26.15,0.8901554786,2
1800,26.175,0.8900023641,2
1800,26.2,0.8898491372,2
1800,26.225,0.8896957978,2
1800,26.25,0.8895423458,2
1800,26.275,0.8893887814,2
1800,26.3,0.8892351045,2
1800,26.325,0.889081315,2
1800,26.35,0.8889274131,2
1800,26.375,0.8887733987,2
1800,26.4,0.8886192717,2
1800,26.425,0.8884650323,2
1800,26.45,0.8883106804,2
1800,26.475,0.8881562159,2
1800,26.5,0.888001639,2
1800,26.525,0.8878469496,2
1800,26.55,0.8876921476,2
1800,26.575,0.8875372332,2
1800,26.6,0.8873822063,2
1800,26.625,0.8872270668,2
1800,26.65,0.8870718149,2
1800,26.675,0.8869164505,2
1800,26.7,0.8867609735,2
1800,26.725,0.8866053841,2
1800,26.75,0.8864496822,2
1800,26.775,0.8862938677,2
1800,26.8,0.8861379408,2
1800,26.825,0.8859819014,2
1800,26.85,0.8858257494,2
1800,26.875,0.885669485,2
1800,26.9,0.8855131081,2
1800,26.925,0.8853566186,2
1800,26.95,0.8852000167,2
1800,26.975,0.8850433023,2
1800,27,0.8848864753,2
1800,27.025,0.8847295359,2
1800,27.05,0.884572484,2
1800,27.075,0.8844153195,2
1800,27.1,0.8842580426,2
1800,27.125,0.8841006532,2
1800,27.15,0.8839431512,2
1800,27.175,0.8837855368,2
1800,27.2,0.8836278099,2
1800,27.225,0.8834699704,2
1800,27.25,0.8833120185,2
1800,27.275,0.8831539541,2
1800,27.3,0.8829957771,2
1800,27.325,0.8828374877,2
1800,27.35,0.8826790858,2
1800,27.375,0.8825205713,2
1800,27.4,0.8823619444,2
1800,27.425,0.8822032049,2
1800,27.45,0.882044353,2
1800,27.475,0.8818853886,2
1800,27.5,0.8817263116,2
1800,27.525,0.8815671222,2
1800,27.55,0.8814078203,2
1800,27.575,0.8812484058,2
1800,27.6,0.8810888789,2
1800,27.625,0.8809292395,2
1800,27.65,0.8807694875,2
1800,27.675,0.8806096231,2
1800,27.7,0.8804496462,2
1800,27.725,0.8802895567,2
1800,27.75,0.8801293548,2
1800,27.775,0.8799690404,2
1800,27.8,0.8798086134,2
1800,27.825,0.879648074,2
1800,27.85,0.8794874221,2
1800,27.875,0.8793266576,2
1800,27.9,0.8791657807,2
1800,27.925,0.8790047913,2
1800,27.95,0.8788436893,2
1800,27.975,0.8786824749,2
1800,28,0.878521148,2
1800,28.025,0.8783597085,2
1800,28.05,0.8781981566,2
1800,28.075,0.8780364922,2
1800,28.1,0.8778747152,2
1800,28.125,0.8777128258,2
1800,28.15,0.8775508239,2
1800,28.175,0.8773887094,2
1800,28.2,0.8772264825,2
1800,28.225,0.8770641431,2
1800,28.25,0.8769016911,2
1800,28.275,0.8767391267,2
1800,28.3,0.8765764498,2
1800,28.325,0.8764136603,2
1800,28.35,0.8762507584,2
1800,28.375,0.876087744,2
1800,28.4,0.875924617,2
1800,28.425,0.8757613776,2
1800,28.45,0.8755980257,2
1800,28.475,0.8754345612,2
1800,28.5,0.8752709843,2
1800,28.525,0.8751072949,2
1800,28.55,0.8749434929,2
1800,28.575,0.8747795785,2
1800,28.6,0.8746155516,2
1800,28.625,0.8744514121,2
1800,28.65,0.8742871602,2
1800,28.675,0.8741227958,2
1800,28.7,0.8739583188,2
1800,28.725,0.8737937294,2
1800,28.75,0.8736290275,2
1800,28.775,0.873464213,2
1800,28.8,0.8732992861,2
1800,28.825,0.8731342467,2
1800,28.85,0.8729690947,2
1800,28.875,0.8728038303,2
1800,28.9,0.8726384534,2
1800,28.925,0.8724729639,2
1800,28.95,0.872307362,2
1800,28.975,0.8721416476,2
1800,29,0.8719758206,2
1800,29.025,0.8718098812,2
1800,29.05,0.8716438292,2
1800,29.075,0.8714776648,2
1800,29.1,0.8713113879,2
1800,29.125,0.8711449984,2
1800,29.15,0.8709784965,2
1800,29.175,0.8708118821,2
1800,29.2,0.8706451551,2
1800,29.225,0.8704783157,2
1800,29.25,0.8703113638,2
1800,29.275,0.8701442993,2
1800,29.3,0.8699771224,2
1800,29.325,0.869809833,2
1800,29.35,0.869642431,2
1800,29.375,0.8694749166,2
1800,29.4,0.8693072897,2
1800,29.425,0.8691395502,2
1800,29.45,0.8689716983,2
1800,29.475,0.8688037339,2
1800,29.5,0.8686356569,2
1800,29.525,0.8684674675,2
1800,29.55,0.8682991656,2
1800,29.575,0.8681307511,2
1800,29.6,0.8679622242,2
1800,29.625,0.8677935848,2
1800,29.65,0.8676248328,2
1800,29.675,0.8674559684,2
1800,29.7,0.8672869915,2
1800,29.725,0.867117902,2
1800,29.75,0.8669487001,2
1800,29.775,0.8667793857,2
1800,29.8,0.8666099587,2
1800,29.825,0.8664404193,2
1800,29.85,0.8662707674,2
1800,29.875,0.8661010029,2
1800,29.9,0.865931126,2
1800,29.925,0.8657611366,2
1800,29.95,0.8655910346,2
1800,29.975,0.8654208202,2
1800,30,0.8652504933,2
1800,30.025,0.8650800538,2
1800,30.05,0.8649095019,2
1800,30.075,0.8647388375,2
1800,30.1,0.8645680605,2
1800,30.125,0.8643971711,2
1800,30.15,0.8642261692,2
1800,30.175,0.8640550547,2
1800,30.2,0.8638838278,2
1800,30.225,0.8637124884,2
1800,30.25,0.8635410364,2
1800,30.275,0.863369472,2
1800,30.3,0.8631977951,2
1800,30.325,0.8630260056,2
1800,30.35,0.8628541037,2
1800,30.375,0.8626820893,2
1800,30.4,0.8625099623,2
1800,30.425,0.8623377229,2
1800,30.45,0.862165371,2
1800,30.475,0.8619929065,2
1800,30.5,0.8618203296,2
1800,30.525,0.8616476402,2
1800,30.55,0.8614748382,2
1800,30.575,0.8613019238,2
1800,30.6,0.8611288969,2
1800,30.625,0.8609557574,2
1800,30.65,0.8607825055,2
1800,30.675,0.860609141,2
1800,30.7,0.8604356641,2
1800,30.725,0.8602620747,2
1800,30.75,0.8600883727,2
1800,30.775,0.8599145583,2
1800,30.8,0.8597406314,2
1800,30.825,0.8595665919,2
1800,30.85,0.85939244,2
1800,30.875,0.8592181756,2
1800,30.9,0.8590437986,2
1800,30.925,0.8588693092,2
1800,30.95,0.8586947073,2
1800,30.975,0.8585199928,2
1800,31,0.8583451659,2
1800,31.025,0.8581702265,2
1800,31.05,0.8579951745,2
1800,31.075,0.8578200101,2
1800,31.1,0.8576447332,2
1800,31.125,0.8574693437,2
1800,31.15,0.8572938418,2
1800,31.175,0.8571182274,2
1800,31.2,0.8569425004,2
1800,31.225,0.856766661,2
1800,31.25,0.8565907091,2
1800,31.275,0.8564146446,2
1800,31.3,0.8562384677,2
1800,31.325,0.8560621783,2
1800,31.35,0.8558857763,2
1800,31.375,0.8557092619,2
1800,31.4,0.855532635,2
1800,31.425,0.8553558955,2
1800,31.45,0.8551790436,2
1800,31.475,0.8550020792,2
1800,31.5,0.8548250022,2
1800,31.525,0.8546478128,2
1800,31.55,0.8544705109,2
1800,31.575,0.8542930964,2
1800,31.6,0.8541155695,2
1800,31.625,0.8539379301,2
1800,31.65,0.8537601781,2
1800,31.675,0.8535823137,2
1800,31.7,0.8534043368,2
1800,31.725,0.8532262473,2
1800,31.75,0.8530480454,2
1800,31.775,0.852869731,2
1800,31.8,0.852691304,2
1800,31.825,0.8525127646,2
1800,31.85,0.8523341127,2
1800,31.875,0.8521553482,2
1800,31.9,0.8519764713,2
1800,31.925,0.8517974819,2
1800,31.95,0.8516183799,2
1800,31.975,0.8514391655,2
1800,32,0.8512598386,2
1800,32.025,0.8510803991,2
1800,32.05,0.8509008472,2
1800,32.075,0.8507211828,2
1800,32.1,0.8505414058,2
1800,32.125,0.8503615164,2
1800,32.15,0.8501815145,2
1800,32.175,0.8500014,2
1800,32.2,0.8498211731,2
1800,32.225,0.8496408336,2
1800,32.25,0.8494603817,2
1800,32.275,0.8492798173,2
1800,32.3,0.8490991403,2
1800,32.325,0.8489183509,2
1800,32.35,0.848737449,2
1800,32.375,0.8485564345,2
1800,32.4,0.8483753076,2
1800,32.425,0.8481940682,2
1800,32.45,0.8480127162,2
1800,32.475,0.8478312518,2
1800,32.5,0.8476496749,2
1800,32.525,0.8474679854,2
1800,32.55,0.8472861835,2
1800,32.575,0.8471042691,2
1800,32.6,0.8469222421,2
1800,32.625,0.8467401027,2
1800,32.65,0.8465578508,2
1800,32.675,0.8463754863,2
1800,32.7,0.8461930094,2
1800,32.725,0.84601042,2
1800,32.75,0.845827718,2
1800,32.775,0.8456449036,2
1800,32.8,0.8454619767,2
1800,32.825,0.8452789372,2
1800,32.85,0.8450957853,2
1800,32.875,0.8449125209,2
1800,32.9,0.8447291439,2
1800,32.925,0.8445456545,2
1800,32.95,0.8443620526,2
1800,32.975,0.8441783381,2
1800,33,0.8439945112,2
1800,33.025,0.8438105718,2
1800,33.05,0.8436265198,2
1800,33.075,0.8434423554,2
1800,33.1,0.8432580785,2
1800,33.125,0.843073689,2
1800,33.15,0.8428891871,2
1800,33.175,0.8427045727,2
1800,33.2,0.8425198457,2
1800,33.225,0.8423350063,2
1800,33.25,0.8421500544,2
1800,33.275,0.8419649899,2
1800,33.3,0.841779813,2
1800,33.325,0.8415945236,2
1800,33.35,0.8414091216,2
1800,33.375,0.8412236072,2
1800,33.4,0.8410379803,2
1800,33.425,0.8408522408,2
1800,33.45,0.8406663889,2
1800,33.475,0.8404804245,2
1800,33.5,0.8402943475,2
1800,33.525,0.8401081581,2
1800,33.55,0.8399218562,2
1800,33.575,0.8397354417,2
1800,33.6,0.8395489148,2
1800,33.625,0.8393622754,2
1800,33.65,0.8391755234,2
1800,33.675,0.838988659,2
1800,33.7,0.8388016821,2
1800,33.725,0.8386145926,2
1800,33.75,0.8384273907,2
1800,33.775,0.8382400763,2
1800,33.8,0.8380526493,2
1800,33.825,0.8378651099,2
1800,33.85,0.8376774579,2
1800,33.875,0.8374896935,2
1800,33.9,0.8373018166,2
1800,33.925,0.8371138271,2
1800,33.95,0.8369257252,2
1800,33.975,0.8367375108,2
1800,34,0.8365491838,2
1800,34.025,0.8363607444,2
1800,34.05,0.8361721925,2
1800,34.075,0.835983528,2
1800,34.1,0.8357947511,2
1800,34.125,0.8356058617,2
1800,34.15,0.8354168597,2
1800,34.175,0.8352277453,2
1800,34.2,0.8350385184,2
1800,34.225,0.8348491789,2
1800,34.25,0.834659727,2
1800,34.275,0.8344701626,2
1800,34.3,0.8342804856,2
1800,34.325,0.8340906962,2
1800,34.35,0.8339007943,2
1800,34.375,0.8337107798,2
1800,34.4,0.8335206529,2
1800,34.425,0.8333304135,2
1800,34.45,0.8331400615,2
1800,34.475,0.8329495971,2
1800,34.5,0.8327590202,2
1800,34.525,0.8325683307,2
1800,34.55,0.8323775288,2
1800,34.575,0.8321866144,2
1800,34.6,0.8319955874,2
1800,34.625,0.831804448,2
1800,34.65,0.8316131961,2
1800,34.675,0.8314218316,2
1800,34.7,0.8312303547,2
1800,34.725,0.8310387653,2
1800,34.75,0.8308470633,2
1800,34.775,0.8306552489,2
1800,34.8,0.830463322,2
1800,34.825,0.8302712825,2
1800,34.85,0.8300791306,2
1800,34.875,0.8298868662,2
1800,34.9,0.8296944892,2
1800,34.925,0.8295019998,2
1800,34.95,0.8293093979,2
1800,34.975,0.8291166834,2
1800,35,0.8289238565,2
1800,35.025,0.8287309171,2
1800,35.05,0.8285378651,2
1800,35.075,0.8283447007,2
1800,35.1,0.8281514238,2
1800,35.125,0.8279580343,2
1800,35.15,0.8277645324,2
1800,35.175,0.827570918,2
1800,35.2,0.827377191,2
1800,35.225,0.8271833516,2
1800,35.25,0.8269893997,2
1800,35.275,0.8267953352,2
1800,35.3,0.8266011583,2
1800,35.325,0.8264068689,2
1800,35.35,0.8262124669,2
1800,35.375,0.8260179525,2
1800,35.4,0.8258233256,2
1800,35.425,0.8256285861,2
1800,35.45,0.8254337342,2
1800,35.475,0.8252387697,2
1800,35.5,0.8250436928,2
1800,35.525,0.8248485034,2
1800,35.55,0.8246532014,2
1800,35.575,0.824457787,2
1800,35.6,0.8242622601,2
1800,35.625,0.8240666206,2
1800,35.65,0.8238708687,2
1800,35.675,0.8236750043,2
1800,35.7,0.8234790273,2
1800,35.725,0.8232829379,2
1800,35.75,0.823086736,2
1800,35.775,0.8228904215,2
1800,35.8,0.8226939946,2
1800,35.825,0.8224974552,2
1800,35.85,0.8223008032,2
1800,35.875,0.8221040388,2
1800,35.9,0.8219071619,2
1800,35.925,0.8217101724,2
1800,35.95,0.8215130705,2
1800,35.975,0.8213158561,2
1800,36,0.8211185291,2
1800,36.025,0.8209210897,2
1800,36.05,0.8207235378,2
1800,36.075,0.8205258733,2
1800,36.1,0.8203280964,2
1800,36.125,0.820130207,2
1800,36.15,0.819932205,2
1800,36.175,0.8197340906,2
1800,36.2,0.8195358637,2
1800,36.225,0.8193375242,2
1800,36.25,0.8191390723,2
1800,36.275,0.8189405079,2
1800,36.3,0.8187418309,2
1800,36.325,0.8185430415,2
1800,36.35,0.8183441396,2
1800,36.375,0.8181451251,2
1800,36.4,0.8179459982,2
1800,36.425,0.8177467588,2
1800,36.45,0.8175474068,2
1800,36.475,0.8173479424,2
1800,36.5,0.8171483655,2
1800,36.525,0.816948676,2
1800,36.55,0.8167488741,2
1800,36.575,0.8165489597,2
1800,36.6,0.8163489327,2
1800,36.625,0.8161487933,2
1800,36.65,0.8159485414,2
1800,36.675,0.8157481769,2
1800,36.7,0.8155477,2
1800,36.725,0.8153471106,2
1800,36.75,0.8151464086,2
1800,36.775,0.8149455942,2
1800,36.8,0.8147446673,2
1800,36.825,0.8145436278,2
1800,36.85,0.8143424759,2
1800,36.875,0.8141412115,2
1800,36.9,0.8139398345,2
1800,36.925,0.8137383451,2
1800,36.95,0.8135367432,2
1800,36.975,0.8133350287,2
1800,37,0.8131332018,2
1800,37.025,0.8129312623,2
1800,37.05,0.8127292104,2
1800,37.075,0.812527046,2
1800,37.1,0.812324769,2
1800,37.125,0.8121223796,2
1800,37.15,0.8119198777,2
1800,37.175,0.8117172632,2
1800,37.2,0.8115145363,2
1800,37.225,0.8113116969,2
1800,37.25,0.8111087449,2
1800,37.275,0.8109056805,2
1800,37.3,0.8107025036,2
1800,37.325,0.8104992141,2
1800,37.35,0.8102958122,2
1800,37.375,0.8100922978,2
1800,37.4,0.8098886708,2
1800,37.425,0.8096849314,2
1800,37.45,0.8094810795,2
1800,37.475,0.809277115,2
1800,37.5,0.8090730381,2
1800,37.525,0.8088688487,2
1800,37.55,0.8086645467,2
1800,37.575,0.8084601323,2
1800,37.6,0.8082556054,2
1800,37.625,0.8080509659,2
1800,37.65,0.807846214,2
1800,37.675,0.8076413496,2
1800,37.7,0.8074363726,2
1800,37.725,0.8072312832,2
1800,37.75,0.8070260813,2
1800,37.775,0.8068207668,2
1800,37.8,0.8066153399,2
1800,37.825,0.8064098005,2
1800,37.85,0.8062041485,2
1800,37.875,0.8059983841,2
1800,37.9,0.8057925072,2
1800,37.925,0.8055865177,2
1800,37.95,0.8053804158,2
1800,37.975,0.8051742014,2
1800,38,0.8049678744,2
1800,38.025,0.804761435,2
1800,38.05,0.8045548831,2
1800,38.075,0.8043482186,2
1800,38.1,0.8041414417,2
1800,38.125,0.8039345523,2
1800,38.15,0.8037275503,2
1800,38.175,0.8035204359,2
1800,38.2,0.803313209,2
1800,38.225,0.8031058695,2
1800,38.25,0.8028984176,2
1800,38.275,0.8026908532,2
1800,38.3,0.8024831762,2
1800,38.325,0.8022753868,2
1800,38.35,0.8020674849,2
1800,38.375,0.8018594704,2
1800,38.4,0.8016513435,2
1800,38.425,0.8014431041,2
1800,38.45,0.8012347521,2
1800,38.475,0.8010262877,2
1800,38.5,0.8008177108,2
1800,38.525,0.8006090213,2
1800,38.55,0.8004002194,2
1800,38.575,0.800191305,2
1800,38.6,0.799982278,2
1800,38.625,0.7997731386,2
1800,38.65,0.7995638866,2
1800,38.675,0.7993545222,2
1800,38.7,0.7991450453,2
1800,38.725,0.7989354558,2
1800,38.75,0.7987257539,2
1800,38.775,0.7985159395,2
1800,38.8,0.7983060125,2
1800,38.825,0.7980959731,2
1800,38.85,0.7978858212,2
1800,38.875,0.7976755567,2
1800,38.9,0.7974651798,2
1800,38.925,0.7972546904,2
1800,38.95,0.7970440884,2
1800,38.975,0.796833374,2
1800,39,0.7966225471,2
1800,39.025,0.7964116076,2
1800,39.05,0.7962005557,2
1800,39.075,0.7959893913,2
1800,39.1,0.7957781143,2
1800,39.125,0.7955667249,2
1800,39.15,0.795355223,2
1800,39.175,0.7951436085,2
1800,39.2,0.7949318816,2
1800,39.225,0.7947200422,2
1800,39.25,0.7945080902,2
1800,39.275,0.7942960258,2
1800,39.3,0.7940838489,2
1800,39.325,0.7938715594,2
1800,39.35,0.7936591575,2
1800,39.375,0.7934466431,2
1800,39.4,0.7932340161,2
1800,39.425,0.7930212767,2
1800,39.45,0.7928084248,2
1800,39.475,0.7925954603,2
1800,39.5,0.7923823834,2
1800,39.525,0.792169194,2
1800,39.55,0.791955892,2
1800,39.575,0.7917424776,2
1800,39.6,0.7915289507,2
1800,39.625,0.7913153112,2
1800,39.65,0.7911015593,2
1800,39.675,0.7908876949,2
1800,39.7,0.7906737179,2
1800,39.725,0.7904596285,2
1800,39.75,0.7902454266,2
1800,39.775,0.7900311121,2
1800,39.8,0.7898166852,2
1800,39.825,0.7896021458,2
1800,39.85,0.7893874938,2
1800,39.875,0.7891727294,2
1800,39.9,0.7889578525,2
1800,39.925,0.788742863,2
1800,39.95,0.7885277611,2
1800,39.975,0.7883125467,2
1800,40,0.7880972197,2
1800,40.025,0.7878817803,2
1800,40.05,0.7876662284,2
1800,40.075,0.7874505639,2
1800,40.1,0.787234787,2
1800,40.125,0.7870188976,2
1800,40.15,0.7868028956,2
1800,40.175,0.7865867812,2
1800,40.2,0.7863705543,2
1800,40.225,0.7861542148,2
1800,40.25,0.7859377629,2
1800,40.275,0.7857211984,2
1800,40.3,0.7855045215,2
1800,40.325,0.7852877321,2
1800,40.35,0.7850708301,2
1800,40.375,0.7848538157,2
1800,40.4,0.7846366888,2
1800,40.425,0.7844194493,2
1800,40.45,0.7842020974,2
1800,40.475,0.783984633,2
1800,40.5,0.783767056,2
1800,40.525,0.7835493666,2
1800,40.55,0.7833315647,2
1800,40.575,0.7831136502,2
1800,40.6,0.7828956233,2
1800,40.625,0.7826774839,2
1800,40.65,0.7824592319,2
1800,40.675,0.7822408675,2
1800,40.7,0.7820223906,2
1800,40.725,0.7818038011,2
1800,40.75,0.7815850992,2
1800,40.775,0.7813662848,2
1800,40.8,0.7811473578,2
1800,40.825,0.7809283184,2
1800,40.85,0.7807091665,2
1800,40.875,0.780489902,2
1800,40.9,0.7802705251,2
1800,40.925,0.7800510357,2
1800,40.95,0.7798314337,2
1800,40.975,0.7796117193,2
1800,41,0.7793918924,2
1800,41.025,0.7791719529,2
1800,41.05,0.778951901,2
1800,41.075,0.7787317366,2
1800,41.1,0.7785114596,2
1800,41.125,0.7782910702,2
1800,41.15,0.7780705683,2
1800,41.175,0.7778499538,2
1800,41.2,0.7776292269,2
1800,41.225,0.7774083875,2
1800,41.25,0.7771874355,2
1800,41.275,0.7769663711,2
1800,41.3,0.7767451942,2
1800,41.325,0.7765239047,2
1800,41.35,0.7763025028,2
1800,41.375,0.7760809884,2
1800,41.4,0.7758593614,2
1800,41.425,0.775637622,2
1800,41.45,0.7754157701,2
1800,41.475,0.7751938056,2
1800,41.5,0.7749717287,2
1800,41.525,0.7747495393,2
1800,41.55,0.7745272373,2
1800,41.575,0.7743048229,2
1800,41.6,0.774082296,2
1800,41.625,0.7738596565,2
1800,41.65,0.7736369046,2
1800,41.675,0.7734140402,2
1800,41.7,0.7731910632,2
1800,41.725,0.7729679738,2
1800,41.75,0.7727447719,2
1800,41.775,0.7725214574,2
1800,41.8,0.7722980305,2
1800,41.825,0.772074491,2
1800,41.85,0.7718508391,2
1800,41.875,0.7716270747,2
1800,41.9,0.7714031977,2
1800,41.925,0.7711792083,2
1800,41.95,0.7709551064,2
1800,41.975,0.7707308919,2
1800,42,0.770506565,2
1800,42.025,0.7702821256,2
1800,42.05,0.7700575736,2
1800,42.075,0.7698329092,2
1800,42.1,0.7696081323,2
1800,42.125,0.7693832428,2
1800,42.15,0.7691582409,2
1800,42.175,0.7689331265,2
1800,42.2,0.7687078995,2
1800,42.225,0.7684825601,2
1800,42.25,0.7682571082,2
1800,42.275,0.7680315437,2
1800,42.3,0.7678058668,2
1800,42.325,0.7675800774,2
1800,42.35,0.7673541754,2
1800,42.375,0.767128161,2
1800,42.4,0.7669020341,2
1800,42.425,0.7666757946,2
1800,42.45,0.7664494427,2
1800,42.475,0.7662229783,2
1800,42.5,0.7659964013,2
1800,42.525,0.7657697119,2
1800,42.55,0.76554291,2
1800,42.575,0.7653159955,2
1800,42.6,0.7650889686,2
1800,42.625,0.7648618292,2
1800,42.65,0.7646345772,2
1800,42.675,0.7644072128,2
1800,42.7,0.7641797359,2
1800,42.725,0.7639521464,2
1800,42.75,0.7637244445,2
1800,42.775,0.7634966301,2
1800,42.8,0.7632687031,2
1800,42.825,0.7630406637,2
1800,42.85,0.7628125118,2
1800,42.875,0.7625842473,2
1800,42.9,0.7623558704,2
1800,42.925,0.762127381,2
1800,42.95,0.761898779,2
1800,42.975,0.7616700646,2
1800,43,0.7614412377,2
1800,43.025,0.7612122982,2
1800,43.05,0.7609832463,2
1800,43.075,0.7607540819,2
1800,43.1,0.7605248049,2
1800,43.125,0.7602954155,2
1800,43.15,0.7600659136,2
1800,43.175,0.7598362991,2
1800,43.2,0.7596065722,2
1800,43.225,0.7593767328,2
1800,43.25,0.7591467808,2
1800,43.275,0.7589167164,2
1800,43.3,0.7586865395,2
1800,43.325,0.75845625,2
1800,43.35,0.7582258481,2
1800,43.375,0.7579953337,2
1800,43.4,0.7577647067,2
1800,43.425,0.7575339673,2
1800,43.45,0.7573031153,2
1800,43.475,0.7570721509,2
1800,43.5,0.756841074,2
1800,43.525,0.7566098845,2
1800,43.55,0.7563785826,2
1800,43.575,0.7561471682,2
1800,43.6,0.7559156412,2
1800,43.625,0.7556840018,2
1800,43.65,0.7554522499,2
1800,43.675,0.7552203854,2
1800,43.7,0.7549884085,2
1800,43.725,0.7547563191,2
1800,43.75,0.7545241171,2
1800,43.775,0.7542918027,2
1800,43.8,0.7540593758,2
1800,43.825,0.7538268363,2
1800,43.85,0.7535941844,2
1800,43.875,0.75336142,2
1800,43.9,0.753128543,2
1800,43.925,0.7528955536,2
1800,43.95,0.7526624517,2
1800,43.975,0.7524292372,2
1800,44,0.7521959103,2
1800,44.025,0.7519624709,2
1800,44.05,0.7517289189,2
1800,44.075,0.7514952545,2
1800,44.1,0.7512614776,2
1800,44.125,0.7510275881,2
1800,44.15,0.7507935862,2
1800,44.175,0.7505594718,2
1800,44.2,0.7503252448,2
1800,44.225,0.7500909054,2
1800,44.25,0.7498564535,2
1800,44.275,0.749621889,2
1800,44.3,0.7493872121,2
1800,44.325,0.7491524227,2
1800,44.35,0.7489175207,2
1800,44.375,0.7486825063,2
1800,44.4,0.7484473794,2
1800,44.425,0.7482121399,2
1800,44.45,0.747976788,2
1800,44.475,0.7477413236,2
1800,44.5,0.7475057466,2
1800,44.525,0.7472700572,2
1800,44.55,0.7470342553,2
1800,44.575,0.7467983408,2
1800,44.6,0.7465623139,2
1800,44.625,0.7463261745,2
1800,44.65,0.7460899225,2
1800,44.675,0.7458535581,2
1800,44.7,0.7456170812,2
1800,44.725,0.7453804917,2
1800,44.75,0.7451437898,2
1800,44.775,0.7449069754,2
1800,44.8,0.7446700484,2
1800,44.825,0.744433009,2
1800,44.85,0.7441958571,2
1800,44.875,0.7439585926,2
1800,44.9,0.7437212157,2
1800,44.925,0.7434837263,2
1800,44.95,0.7432461243,2
1800,44.975,0.7430084099,2
1800,45,0.742770583,2
1800,45.025,0.7425326435,2
1800,45.05,0.7422945916,2
1800,45.075,0.7420564271,2
1800,45.1,0.7418181502,2
1800,45.125,0.7415797608,2
1800,45.15,0.7413412588,2
1800,45.175,0.7411026444,2
1800,45.2,0.7408639175,2
1800,45.225,0.740625078,2
1800,45.25,0.7403861261,2
1800,45.275,0.7401470617,2
1800,45.3,0.7399078847,2
1800,45.325,0.7396685953,2
1800,45.35,0.7394291934,2
1800,45.375,0.7391896789,2
1800,45.4,0.738950052,2
1800,45.425,0.7387103126,2
1800,45.45,0.7384704606,2
1800,45.475,0.7382304962,2
1800,45.5,0.7379904193,2
1800,45.525,0.7377502298,2
1800,45.55,0.7375099279,2
1800,45.575,0.7372695135,2
1800,45.6,0.7370289865,2
1800,45.625,0.7367883471,2
1800,45.65,0.7365475952,2
1800,45.675,0.7363067307,2
1800,45.7,0.7360657538,2
1800,45.725,0.7358246644,2
1800,45.75,0.7355834624,2
1800,45.775,0.735342148,2
1800,45.8,0.7351007211,2
1800,45.825,0.7348591816,2
1800,45.85,0.7346175297,2
1800,45.875,0.7343757653,2
1800,45.9,0.7341338883,2
1800,45.925,0.7338918989,2
1800,45.95,0.733649797,2
1800,45.975,0.7334075825,2
1800,46,0.7331652556,2
1800,46.025,0.7329228162,2
1800,46.05,0.7326802642,2
1800,46.075,0.7324375998,2
1800,46.1,0.7321948229,2
1800,46.125,0.7319519334,2
1800,46.15,0.7317089315,2
1800,46.175,0.7314658171,2
1800,46.2,0.7312225901,2
1800,46.225,0.7309792507,2
1800,46.25,0.7307357988,2
1800,46.275,0.7304922343,2
1800,46.3,0.7302485574,2
1800,46.325,0.730004768,2
1800,46.35,0.729760866,2
1800,46.375,0.7295168516,2
1800,46.4,0.7292727247,2
1800,46.425,0.7290284852,2
1800,46.45,0.7287841333,2
1800,46.475,0.7285396689,2
1800,46.5,0.7282950919,2
1800,46.525,0.7280504025,2
1800,46.55,0.7278056006,2
1800,46.575,0.7275606861,2
1800,46.6,0.7273156592,2
1800,46.625,0.7270705197,2
1800,46.65,0.7268252678,2
1800,46.675,0.7265799034,2
1800,46.7,0.7263344264,2
1800,46.725,0.726088837,2
1800,46.75,0.7258431351,2
1800,46.775,0.7255973206,2
1800,46.8,0.7253513937,2
1800,46.825,0.7251053543,2
1800,46.85,0.7248592023,2
1800,46.875,0.7246129379,2
1800,46.9,0.724366561,2
1800,46.925,0.7241200715,2
1800,46.95,0.7238734696,2
1800,46.975,0.7236267552,2
1800,47,0.7233799282,2
1800,47.025,0.7231329888,2
1800,47.05,0.7228859369,2
1800,47.075,0.7226387724,2
1800,47.1,0.7223914955,2
1800,47.125,0.7221441061,2
1800,47.15,0.7218966041,2
1800,47.175,0.7216489897,2
1800,47.2,0.7214012628,2
1800,47.225,0.7211534233,2
1800,47.25,0.7209054714,2
1800,47.275,0.720657407,2
1800,47.3,0.72040923,2
1800,47.325,0.7201609406,2
1800,47.35,0.7199125387,2
1800,47.375,0.7196640242,2
1800,47.4,0.7194153973,2
1800,47.425,0.7191666579,2
1800,47.45,0.7189178059,2
1800,47.475,0.7186688415,2
1800,47.5,0.7184197646,2
1800,47.525,0.7181705751,2
1800,47.55,0.7179212732,2
1800,47.575,0.7176718588,2
1800,47.6,0.7174223318,2
1800,47.625,0.7171726924,2
1800,47.65,0.7169229405,2
1800,47.675,0.716673076,2
1800,47.7,0.7164230991,2
1800,47.725,0.7161730097,2
1800,47.75,0.7159228077,2
1800,47.775,0.7156724933,2
1800,47.8,0.7154220664,2
1800,47.825,0.7151715269,2
1800,47.85,0.714920875,2
1800,47.875,0.7146701106,2
1800,47.9,0.7144192336,2
1800,47.925,0.7141682442,2
1800,47.95,0.7139171423,2
1800,47.975,0.7136659278,2
1800,48,0.7134146009,2
1800,48.025,0.7131631615,2
1800,48.05,0.7129116095,2
1800,48.075,0.7126599451,2
1800,48.1,0.7124081682,2
1800,48.125,0.7121562787,2
1800,48.15,0.7119042768,2
1800,48.175,0.7116521624,2
1800,48.2,0.7113999354,2
1800,48.225,0.711147596,2
1800,48.25,0.710895144,2
1800,48.275,0.7106425796,2
1800,48.3,0.7103899027,2
1800,48.325,0.7101371132,2
1800,48.35,0.7098842113,2
1800,48.375,0.7096311969,2
1800,48.4,0.7093780699,2
1800,48.425,0.7091248305,2
1800,48.45,0.7088714786,2
1800,48.475,0.7086180141,2
1800,48.5,0.7083644372,2
1800,48.525,0.7081107478,2
1800,48.55,0.7078569458,2
1800,48.575,0.7076030314,2
1800,48.6,0.7073490045,2
1800,48.625,0.707094865,2
1800,48.65,0.7068406131,2
1800,48.675,0.7065862487,2
1800,48.7,0.7063317717,2
1800,48.725,0.7060771823,2
1800,48.75,0.7058224804,2
1800,48.775,0.7055676659,2
1800,48.8,0.705312739,2
1800,48.825,0.7050576996,2
1800,48.85,0.7048025476,2
1800,48.875,0.7045472832,2
1800,48.9,0.7042919063,2
1800,48.925,0.7040364168,2
1800,48.95,0.7037808149,2
1800,48.975,0.7035251005,2
1800,49,0.7032692735,2
1800,49.025,0.7030133341,2
1800,49.05,0.7027572822,2
1800,49.075,0.7025011177,2
1800,49.1,0.7022448408,2
1800,49.125,0.7019884514,2
1800,49.15,0.7017319494,2
1800,49.175,0.701475335,2
1800,49.2,0.7012186081,2
1800,49.225,0.7009617686,2
1800,49.25,0.7007048167,2
1800,49.275,0.7004477523,2
1800,49.3,0.7001905753,2
1800,49.325,0.6999332859,2
1800,49.35,0.699675884,2
1800,49.375,0.6994183695,2
1800,49.4,0.6991607426,2
1800,49.425,0.6989030032,2
1800,49.45,0.6986451512,2
1800,49.475,0.6983871868,2
1800,49.5,0.6981291099,2
1800,49.525,0.6978709204,2
1800,49.55,0.6976126185,2
1800,49.575,0.6973542041,2
1800,49.6,0.6970956771,2
1800,49.625,0.6968370377,2
1800,49.65,0.6965782858,2
1800,49.675,0.6963194213,2
1800,49.7,0.6960604444,2
1800,49.725,0.695801355,2
1800,49.75,0.695542153,2
1800,49.775,0.6952828386,2
1800,49.8,0.6950234117,2
1800,49.825,0.6947638722,2
1800,49.85,0.6945042203,2
1800,49.875,0.6942444558,2
1800,49.9,0.6939845789,2
1800,49.925,0.6937245895,2
1800,49.95,0.6934644875,2
1800,49.975,0.6932042731,2
1800,50,0.6929439462,2
1800,50.025,0.6926835067,2
1800,50.05,0.6924229548,2
1800,50.075,0.6921622904,2
1800,50.1,0.6919015134,2
1800,50.125,0.691640624,2
1800,50.15,0.6913796221,2
1800,50.175,0.6911185076,2
1800,50.2,0.6908572807,2
1800,50.225,0.6905959413,2
1800,50.25,0.6903344893,2
1800,50.275,0.6900729249,2
1800,50.3,0.689811248,2
1800,50.325,0.6895494585,2
1800,50.35,0.6892875566,2
1800,50.375,0.6890255422,2
1800,50.4,0.6887634152,2
1800,50.425,0.6885011758,2
1800,50.45,0.6882388239,2
1800,50.475,0.6879763594,2
1800,50.5,0.6877137825,2
1800,50.525,0.6874510931,2
1800,50.55,0.6871882911,2
1800,50.575,0.6869253767,2
1800,50.6,0.6866623498,2
1800,50.625,0.6863992103,2
1800,50.65,0.6861359584,2
1800,50.675,0.685872594,2
1800,50.7,0.685609117,2
1800,50.725,0.6853455276,2
1800,50.75,0.6850818257,2
1800,50.775,0.6848180112,2
1800,50.8,0.6845540843,2
1800,50.825,0.6842900449,2
1800,50.85,0.6840258929,2
1800,50.875,0.6837616285,2
1800,50.9,0.6834972516,2
1800,50.925,0.6832327621,2
1800,50.95,0.6829681602,2
1800,50.975,0.6827034458,2
1800,51,0.6824386188,2
1800,51.025,0.6821736794,2
1800,51.05,0.6819086275,2
1800,51.075,0.681643463,2
1800,51.1,0.6813781861,2
1800,51.125,0.6811127967,2
1800,51.15,0.6808472947,2
1800,51.175,0.6805816803,2
1800,51.2,0.6803159534,2
1800,51.225,0.6800501139,2
1800,51.25,0.679784162,2
1800,51.275,0.6795180976,2
1800,51.3,0.6792519206,2
1800,51.325,0.6789856312,2
1800,51.35,0.6787192293,2
1800,51.375,0.6784527148,2
1800,51.4,0.6781860879,2
1800,51.425,0.6779193484,2
1800,51.45,0.6776524965,2
1800,51.475,0.6773855321,2
1800,51.5,0.6771184551,2
1800,51.525,0.6768512657,2
1800,51.55,0.6765839638,2
1800,51.575,0.6763165493,2
1800,51.6,0.6760490224,2
1800,51.625,0.675781383,2
1800,51.65,0.675513631,2
1800,51.675,0.6752457666,2
1800,51.7,0.6749777897,2
1800,51.725,0.6747097002,2
1800,51.75,0.6744414983,2
1800,51.775,0.6741731839,2
1800,51.8,0.6739047569,2
1800,51.825,0.6736362175,2
1800,51.85,0.6733675656,2
1800,51.875,0.6730988011,2
1800,51.9,0.6728299242,2
1800,51.925,0.6725609348,2
1800,51.95,0.6722918328,2
1800,51.975,0.6720226184,2
1800,52,0.6717532915,2
1800,52.025,0.671483852,2
1800,52.05,0.6712143001,2
1800,52.075,0.6709446357,2
1800,52.1,0.6706748587,2
1800,52.125,0.6704049693,2
1800,52.15,0.6701349674,2
1800,52.175,0.6698648529,2
1800,52.2,0.669594626,2
1800,52.225,0.6693242866,2
1800,52.25,0.6690538346,2
1800,52.275,0.6687832702,2
1800,52.3,0.6685125933,2
1800,52.325,0.6682418038,2
1800,52.35,0.6679709019,2
1800,52.375,0.6676998875,2
1800,52.4,0.6674287605,2
1800,52.425,0.6671575211,2
1800,52.45,0.6668861692,2
1800,52.475,0.6666147047,2
1800,52.5,0.6663431278,2
1800,52.525,0.6660714384,2
1800,52.55,0.6657996364,2
1800,52.575,0.665527722,2
1800,52.6,0.6652556951,2
1800,52.625,0.6649835556,2
1800,52.65,0.6647113037,2
1800,52.675,0.6644389393,2
1800,52.7,0.6641664623,2
1800,52.725,0.6638938729,2
1800,52.75,0.663621171,2
1800,52.775,0.6633483565,2
1800,52.8,0.6630754296,2
1800,52.825,0.6628023902,2
1800,52.85,0.6625292382,2
1800,52.875,0.6622559738,2
1800,52.9,0.6619825969,2
1800,52.925,0.6617091074,2
1800,52.95,0.6614355055,2
1800,52.975,0.6611617911,2
1800,53,0.6608879641,2
1800,53.025,0.6606140247,2
1800,53.05,0.6603399727,2
1800,53.075,0.6600658083,2
1800,53.1,0.6597915314,2
1800,53.125,0.6595171419,2
1800,53.15,0.65924264,2
1800,53.175,0.6589680256,2
1800,53.2,0.6586932986,2
1800,53.225,0.6584184592,2
1800,53.25,0.6581435073,2
1800,53.275,0.6578684428,2
1800,53.3,0.6575932659,2
1800,53.325,0.6573179765,2
1800,53.35,0.6570425745,2
1800,53.375,0.6567670601,2
1800,53.4,0.6564914332,2
1800,53.425,0.6562156937,2
1800,53.45,0.6559398418,2
1800,53.475,0.6556638774,2
1800,53.5,0.6553878004,2
1800,53.525,0.655111611,2
1800,53.55,0.6548353091,2
1800,53.575,0.6545588946,2
1800,53.6,0.6542823677,2
1800,53.625,0.6540057283,2
1800,53.65,0.6537289763,2
1800,53.675,0.6534521119,2
1800,53.7,0.653175135,2
1800,53.725,0.6528980455,2
1800,53.75,0.6526208436,2
1800,53.775,0.6523435292,2
1800,53.8,0.6520661022,2
1800,53.825,0.6517885628,2
1800,53.85,0.6515109109,2
1800,53.875,0.6512331464,2
1800,53.9,0.6509552695,2
1800,53.925,0.6506772801,2
1800,53.95,0.6503991781,2
1800,53.975,0.6501209637,2
1800,54,0.6498426368,2
1800,54.025,0.6495641973,2
1800,54.05,0.6492856454,2
1800,54.075,0.649006981,2
1800,54.1,0.648728204,2
1800,54.125,0.6484493146,2
1800,54.15,0.6481703127,2
1800,54.175,0.6478911982,2
1800,54.2,0.6476119713,2
1800,54.225,0.6473326319,2
1800,54.25,0.6470531799,2
1800,54.275,0.6467736155,2
1800,54.3,0.6464939386,2
1800,54.325,0.6462141491,2
1800,54.35,0.6459342472,2
1800,54.375,0.6456542328,2
1800,54.4,0.6453741058,2
1800,54.425,0.6450938664,2
1800,54.45,0.6448135145,2
1800,54.475,0.64453305,2
1800,54.5,0.6442524731,2
1800,54.525,0.6439717837,2
1800,54.55,0.6436909817,2
1800,54.575,0.6434100673,2
1800,54.6,0.6431290404,2
1800,54.625,0.6428479009,2
1800,54.65,0.642566649,2
1800,54.675,0.6422852845,2
1800,54.7,0.6420038076,2
1800,54.725,0.6417222182,2
1800,54.75,0.6414405162,2
1800,54.775,0.6411587018,2
1800,54.8,0.6408767749,2
1800,54.825,0.6405947354,2
1800,54.85,0.6403125835,2
1800,54.875,0.6400303191,2
1800,54.9,0.6397479421,2
1800,54.925,0.6394654527,2
1800,54.95,0.6391828508,2
1800,54.975,0.6389001363,2
1800,55,0.6386173094,2
1800,55.025,0.63833437,2
1800,55.05,0.638051318,2
1800,55.075,0.6377681536,2
1800,55.1,0.6374848767,2
1800,55.125,0.6372014872,2
1800,55.15,0.6369179853,2
1800,55.175,0.6366343709,2
1800,55.2,0.6363506439,2
1800,55.225,0.6360668045,2
1800,55.25,0.6357828526,2
1800,55.275,0.6354987881,2
1800,55.3,0.6352146112,2
1800,55.325,0.6349303218,2
1800,55.35,0.6346459198,2
1800,55.375,0.6343614054,2
1800,55.4,0.6340767785,2
1800,55.425,0.633792039,2
1800,55.45,0.6335071871,2
1800,55.475,0.6332222227,2
1800,55.5,0.6329371457,2
1800,55.525,0.6326519563,2
1800,55.55,0.6323666544,2
1800,55.575,0.6320812399,2
1800,55.6,0.631795713,2
1800,55.625,0.6315100736,2
1800,55.65,0.6312243216,2
1800,55.675,0.6309384572,2
1800,55.7,0.6306524803,2
1800,55.725,0.6303663908,2
1800,55.75,0.6300801889,2
1800,55.775,0.6297938745,2
1800,55.8,0.6295074475,2
1800,55.825,0.6292209081,2
1800,55.85,0.6289342562,2
1800,55.875,0.6286474917,2
1800,55.9,0.6283606148,2
1800,55.925,0.6280736254,2
1800,55.95,0.6277865234,2
1800,55.975,0.627499309,2
1800,56,0.6272119821,2
1800,56.025,0.6269245426,2
1800,56.05,0.6266369907,2
1800,56.075,0.6263493263,2
1800,56.1,0.6260615493,2
1800,56.125,0.6257736599,2
1800,56.15,0.625485658,2
1800,56.175,0.6251975435,2
1800,56.2,0.6249093166,2
1800,56.225,0.6246209771,2
1800,56.25,0.6243325252,2
1800,56.275,0.6240439608,2
1800,56.3,0.6237552838,2
1800,56.325,0.6234664944,2
1800,56.35,0.6231775925,2
1800,56.375,0.622888578,2
1800,56.4,0.6225994511,2
1800,56.425,0.6223102117,2
1800,56.45,0.6220208597,2
1800,56.475,0.6217313953,2
1800,56.5,0.6214418184,2
1800,56.525,0.6211521289,2
1800,56.55,0.620862327,2
1800,56.575,0.6205724126,2
1800,56.6,0.6202823856,2
1800,56.625,0.6199922462,2
1800,56.65,0.6197019943,2
1800,56.675,0.6194116298,2
1800,56.7,0.6191211529,2
1800,56.725,0.6188305635,2
1800,56.75,0.6185398615,2
1800,56.775,0.6182490471,2
1800,56.8,0.6179581202,2
1800,56.825,0.6176670807,2
1800,56.85,0.6173759288,2
1800,56.875,0.6170846644,2
1800,56.9,0.6167932874,2
1800,56.925,0.616501798,2
1800,56.95,0.6162101961,2
1800,56.975,0.6159184816,2
1800,57,0.6156266547,2
1800,57.025,0.6153347153,2
1800,57.05,0.6150426633,2
1800,57.075,0.6147504989,2
1800,57.1,0.614458222,2
1800,57.125,0.6141658325,2
1800,57.15,0.6138733306,2
1800,57.175,0.6135807162,2
1800,57.2,0.6132879892,2
1800,57.225,0.6129951498,2
1800,57.25,0.6127021979,2
1800,57.275,0.6124091334,2
1800,57.3,0.6121159565,2
1800,57.325,0.6118226671,2
1800,57.35,0.6115292651,2
1800,57.375,0.6112357507,2
1800,57.4,0.6109421238,2
1800,57.425,0.6106483843,2
1800,57.45,0.6103545324,2
1800,57.475,0.610060568,2
1800,57.5,0.609766491,2
1800,57.525,0.6094723016,2
1800,57.55,0.6091779997,2
1800,57.575,0.6088835852,2
1800,57.6,0.6085890583,2
1800,57.625,0.6082944189,2
1800,57.65,0.6079996669,2
1800,57.675,0.6077048025,2
1800,57.7,0.6074098256,2
1800,57.725,0.6071147361,2
1800,57.75,0.6068195342,2
1800,57.775,0.6065242198,2
1800,57.8,0.6062287928,2
1800,57.825,0.6059332534,2
1800,57.85,0.6056376014,2
1800,57.875,0.605341837,2
1800,57.9,0.6050459601,2
1800,57.925,0.6047499706,2
1800,57.95,0.6044538687,2
1800,57.975,0.6041576543,2
1800,58,0.6038613273,2
1800,58.025,0.6035648879,2
1800,58.05,0.603268336,2
1800,58.075,0.6029716715,2
1800,58.1,0.6026748946,2
1800,58.125,0.6023780052,2
1800,58.15,0.6020810032,2
1800,58.175,0.6017838888,2
1800,58.2,0.6014866619,2
1800,58.225,0.6011893224,2
1800,58.25,0.6008918705,2
1800,58.275,0.6005943061,2
1800,58.3,0.6002966291,2
1800,58.325,0.5999988397,2
1800,58.35,0.5997009378,2
1800,58.375,0.5994029233,2
1800,58.4,0.5991047964,2
1800,58.425,0.598806557,2
1800,58.45,0.598508205,2
1800,58.475,0.5982097406,2
1800,58.5,0.5979111637,2
1800,58.525,0.5976124742,2
1800,58.55,0.5973136723,2
1800,58.575,0.5970147579,2
1800,58.6,0.5967157309,2
1800,58.625,0.5964165915,2
1800,58.65,0.5961173396,2
1800,58.675,0.5958179751,2
1800,58.7,0.5955184982,2
1800,58.725,0.5952189088,2
1800,58.75,0.5949192068,2
1800,58.775,0.5946193924,2
1800,58.8,0.5943194655,2
1800,58.825,0.594019426,2
1800,58.85,0.5937192741,2
1800,58.875,0.5934190097,2
1800,58.9,0.5931186327,2
1800,58.925,0.5928181433,2
1800,58.95,0.5925175414,2
1800,58.975,0.5922168269,2
1800,59,0.591916,2
1800,59.025,0.5916150606,2
1800,59.05,0.5913140086,2
1800,59.075,0.5910128442,2
1800,59.1,0.5907115673,2
1800,59.125,0.5904101778,2
1800,59.15,0.5901086759,2
1800,59.175,0.5898070615,2
1800,59.2,0.5895053345,2
1800,59.225,0.5892034951,2
1800,59.25,0.5889015432,2
1800,59.275,0.5885994787,2
1800,59.3,0.5882973018,2
1800,59.325,0.5879950124,2
1800,59.35,0.5876926104,2
1800,59.375,0.587390096,2
1800,59.4,0.5870874691,2
1800,59.425,0.5867847296,2
1800,59.45,0.5864818777,2
1800,59.475,0.5861789132,2
1800,59.5,0.5858758363,2
1800,59.525,0.5855726469,2
1800,59.55,0.5852693449,2
1800,59.575,0.5849659305,2
1800,59.6,0.5846624036,2
1800,59.625,0.5843587641,2
1800,59.65,0.5840550122,2
1800,59.675,0.5837511478,2
1800,59.7,0.5834471708,2
1800,59.725,0.5831430814,2
1800,59.75,0.5828388795,2
1800,59.775,0.582534565,2
1800,59.8,0.5822301381,2
1800,59.825,0.5819255987,2
1800,59.85,0.5816209467,2
1800,59.875,0.5813161823,2
1800,59.9,0.5810113054,2
1800,59.925,0.5807063159,2
1800,59.95,0.580401214,2
1800,59.975,0.5800959996,2
1800,60,0.5797906726,2
1800,60.025,0.5794852332,2
1800,60.05,0.5791796813,2
1800,60.075,0.5788740168,2
1800,60.1,0.5785682399,2
1800,60.125,0.5782623505,2
1800,60.15,0.5779563485,2
1800,60.175,0.5776502341,2
1800,60.2,0.5773440072,2
1800,60.225,0.5770376677,2
1800,60.25,0.5767312158,2
1800,60.275,0.5764246514,2
1800,60.3,0.5761179744,2
1800,60.325,0.575811185,2
1800,60.35,0.5755042831,2
1800,60.375,0.5751972686,2
1800,60.4,0.5748901417,2
1800,60.425,0.5745829023,2
1800,60.45,0.5742755503,2
1800,60.475,0.5739680859,2
1800,60.5,0.573660509,2
1800,60.525,0.5733528195,2
1800,60.55,0.5730450176,2
1800,60.575,0.5727371032,2
1800,60.6,0.5724290762,2
1800,60.625,0.5721209368,2
1800,60.65,0.5718126849,2
1800,60.675,0.5715043204,2
1800,60.7,0.5711958435,2
1800,60.725,0.5708872541,2
1800,60.75,0.5705785521,2
1800,60.775,0.5702697377,2
1800,60.8,0.5699608108,2
1800,60.825,0.5696517713,2
1800,60.85,0.5693426194,2
1800,60.875,0.569033355,2
1800,60.9,0.568723978,2
1800,60.925,0.5684144886,2
1800,60.95,0.5681048867,2
1800,60.975,0.5677951722,2
1800,61,0.5674853453,2
1800,61.025,0.5671754058,2
1800,61.05,0.5668653539,2
1800,61.075,0.5665551895,2
1800,61.1,0.5662449125,2
1800,61.125,0.5659345231,2
1800,61.15,0.5656240212,2
1800,61.175,0.5653134067,2
1800,61.2,0.5650026798,2
1800,61.225,0.5646918404,2
1800,61.25,0.5643808884,2
1800,61.275,0.564069824,2
1800,61.3,0.5637586471,2
1800,61.325,0.5634473576,2
1800,61.35,0.5631359557,2
1800,61.375,0.5628244413,2
1800,61.4,0.5625128143,2
1800,61.425,0.5622010749,2
1800,61.45,0.561889223,2
1800,61.475,0.5615772585,2
1800,61.5,0.5612651816,2
1800,61.525,0.5609529922,2
1800,61.55,0.5606406902,2
1800,61.575,0.5603282758,2
1800,61.6,0.5600157489,2
1800,61.625,0.5597031094,2
1800,61.65,0.5593903575,2
1800,61.675,0.5590774931,2
1800,61.7,0.5587645161,2
1800,61.725,0.5584514267,2
1800,61.75,0.5581382248,2
1800,61.775,0.5578249103,2
1800,61.8,0.5575114834,2
1800,61.825,0.557197944,2
1800,61.85,0.556884292,2
1800,61.875,0.5565705276,2
1800,61.9,0.5562566507,2
1800,61.925,0.5559426612,2
1800,61.95,0.5556285593,2
1800,61.975,0.5553143449,2
1800,62,0.5550000179,2
1800,62.025,0.5546855785,2
1800,62.05,0.5543710266,2
1800,62.075,0.5540563621,2
1800,62.1,0.5537415852,2
1800,62.125,0.5534266958,2
1800,62.15,0.5531116938,2
1800,62.175,0.5527965794,2
1800,62.2,0.5524813525,2
1800,62.225,0.552166013,2
1800,62.25,0.5518505611,2
1800,62.275,0.5515349967,2
1800,62.3,0.5512193197,2
1800,62.325,0.5509035303,2
1800,62.35,0.5505876284,2
1800,62.375,0.5502716139,2
1800,62.4,0.549955487,2
1800,62.425,0.5496392476,2
1800,62.45,0.5493228956,2
1800,62.475,0.5490064312,2
1800,62.5,0.5486898543,2
1800,62.525,0.5483731648,2
1800,62.55,0.5480563629,2
1800,62.575,0.5477394485,2
1800,62.6,0.5474224215,2
1800,62.625,0.5471052821,2
1800,62.65,0.5467880301,2
1800,62.675,0.5464706657,2
1800,62.7,0.5461531888,2
1800,62.725,0.5458355993,2
1800,62.75,0.5455178974,2
1800,62.775,0.545200083,2
1800,62.8,0.544882156,2
1800,62.825,0.5445641166,2
1800,62.85,0.5442459647,2
1800,62.875,0.5439277002,2
1800,62.9,0.5436093233,2
1800,62.925,0.5432908339,2
1800,62.95,0.5429722319,2
1800,62.975,0.5426535175,2
1800,63,0.5423346906,2
1800,63.025,0.5420157511,2
1800,63.05,0.5416966992,2
1800,63.075,0.5413775348,2
1800,63.1,0.5410582578,2
1800,63.125,0.5407388684,2
1800,63.15,0.5404193665,2
1800,63.175,0.540099752,2
1800,63.2,0.5397800251,2
1800,63.225,0.5394601857,2
1800,63.25,0.5391402337,2
1800,63.275,0.5388201693,2
1800,63.3,0.5384999924,2
1800,63.325,0.5381797029,2
1800,63.35,0.537859301,2
1800,63.375,0.5375387866,2
1800,63.4,0.5372181596,2
1800,63.425,0.5368974202,2
1800,63.45,0.5365765683,2
1800,63.475,0.5362556038,2
1800,63.5,0.5359345269,2
1800,63.525,0.5356133375,2
1800,63.55,0.5352920355,2
1800,63.575,0.5349706211,2
1800,63.6,0.5346490942,2
1800,63.625,0.5343274547,2
1800,63.65,0.5340057028,2
1800,63.675,0.5336838384,2
1800,63.7,0.5333618614,2
1800,63.725,0.533039772,2
1800,63.75,0.5327175701,2
1800,63.775,0.5323952556,2
1800,63.8,0.5320728287,2
1800,63.825,0.5317502893,2
1800,63.85,0.5314276373,2
1800,63.875,0.5311048729,2
1800,63.9,0.530781996,2
1800,63.925,0.5304590065,2
1800,63.95,0.5301359046,2
1800,63.975,0.5298126902,2
1800,64,0.5294893632,2
1800,64.025,0.5291659238,2
1800,64.05,0.5288423719,2
1800,64.075,0.5285187074,2
1800,64.1,0.5281949305,2
1800,64.125,0.5278710411,2
1800,64.15,0.5275470391,2
1800,64.175,0.5272229247,2
1800,64.2,0.5268986978,2
1800,64.225,0.5265743583,2
1800,64.25,0.5262499064,2
1800,64.275,0.5259253419,2
1800,64.3,0.525600665,2
1800,64.325,0.5252758756,2
1800,64.35,0.5249509736,2
1800,64.375,0.5246259592,2
1800,64.4,0.5243008323,2
1800,64.425,0.5239755928,2
1800,64.45,0.5236502409,2
1800,64.475,0.5233247765,2
1800,64.5,0.5229991995,2
1800,64.525,0.5226735101,2
1800,64.55,0.5223477082,2
1800,64.575,0.5220217937,2
1800,64.6,0.5216957668,2
1800,64.625,0.5213696274,2
1800,64.65,0.5210433754,2
1800,64.675,0.520717011,2
1800,64.7,0.5203905341,2
1800,64.725,0.5200639446,2
1800,64.75,0.5197372427,2
1800,64.775,0.5194104283,2
1800,64.8,0.5190835013,2
1800,64.825,0.5187564619,2
1800,64.85,0.51842931,2
1800,64.875,0.5181020455,2
1800,64.9,0.5177746686,2
1800,64.925,0.5174471792,2
1800,64.95,0.5171195772,2
1800,64.975,0.5167918628,2
1800,65,0.5164640359,2
1800,65.025,0.5161360964,2
1800,65.05,0.5158080445,2
1800,65.075,0.5154798801,2
1800,65.1,0.5151516031,2
1800,65.125,0.5148232137,2
1800,65.15,0.5144947118,2
1800,65.175,0.5141660973,2
1800,65.2,0.5138373704,2
1800,65.225,0.513508531,2
1800,65.25,0.513179579,2
1800,65.275,0.5128505146,2
1800,65.3,0.5125213377,2
1800,65.325,0.5121920482,2
1800,65.35,0.5118626463,2
1800,65.375,0.5115331319,2
1800,65.4,0.5112035049,2
1800,65.425,0.5108737655,2
1800,65.45,0.5105439136,2
1800,65.475,0.5102139491,2
1800,65.5,0.5098838722,2
1800,65.525,0.5095536828,2
1800,65.55,0.5092233808,2
1800,65.575,0.5088929664,2
1800,65.6,0.5085624395,2
1800,65.625,0.5082318,2
1800,65.65,0.5079010481,2
1800,65.675,0.5075701837,2
1800,65.7,0.5072392067,2
1800,65.725,0.5069081173,2
1800,65.75,0.5065769154,2
1800,65.775,0.5062456009,2
1800,65.8,0.505914174,2
1800,65.825,0.5055826345,2
1800,65.85,0.5052509826,2
1800,65.875,0.5049192182,2
1800,65.9,0.5045873412,2
1800,65.925,0.5042553518,2
1800,65.95,0.5039232499,2
1800,65.975,0.5035910354,2
1800,66,0.5032587085,2
1800,66.025,0.5029262691,2
1800,66.05,0.5025937171,2
1800,66.075,0.5022610527,2
1800,66.1,0.5019282758,2
1800,66.125,0.5015953863,2
1800,66.15,0.5012623844,2
1800,66.175,0.50092927,2
1800,66.2,0.500596043,2
1800,66.225,0.5002627036,2
1800,66.25,0.4999292517,2
1800,66.275,0.4995956872,2
1800,66.3,0.4992620103,2
1800,66.325,0.4989282209,2
1800,66.35,0.4985943189,2
1800,66.375,0.4982603045,2
1800,66.4,0.4979261776,2
1800,66.425,0.4975919381,2
1800,66.45,0.4972575862,2
1800,66.475,0.4969231218,2
1800,66.5,0.4965885448,2
1800,66.525,0.4962538554,2
1800,66.55,0.4959190535,2
1800,66.575,0.495584139,2
1800,66.6,0.4952491121,2
1800,66.625,0.4949139727,2
1800,66.65,0.4945787207,2
1800,66.675,1.061657991,2
1800,66.7,1.064342887,2
1800,66.725,1.06702577,2
1800,66.75,1.069706642,2
1800,66.775,1.072385501,2
1800,66.8,1.075062348,2
1800,66.825,1.077737182,2
1800,66.85,1.080410005,2
1800,66.875,1.083080815,2
1800,66.9,1.085749613,2
1800,66.925,1.0884164,2
1800,66.95,1.091081174,2
1800,66.975,1.093743937,2
1800,67,1.096404687,2
1800,67.025,1.099063426,2
1800,67.05,1.101720153,2
1800,67.075,1.104374868,2
1800,67.1,1.107027572,2
1800,67.125,1.109678264,2
1800,67.15,1.112326944,2
1800,67.175,1.114973613,2
1800,67.2,1.117618271,2
1800,67.225,1.120260916,2
1800,67.25,1.122901551,2
1800,67.275,1.125540174,2
1800,67.3,1.128176786,2
1800,67.325,1.130811387,2
1800,67.35,1.133443976,2
1800,67.375,1.136074555,2
1800,67.4,1.138703122,2
1800,67.425,1.141329678,2
1800,67.45,1.143954223,2
1800,67.475,1.146576758,2
1800,67.5,1.149197281,2
1800,67.525,1.151815794,2
1800,67.55,1.154432295,2
1800,67.575,1.157046786,2
1800,67.6,1.159659266,2
1800,67.625,1.162269736,2
1800,67.65,1.164878195,2
1800,67.675,1.167484643,2
1800,67.7,1.170089081,2
1800,67.725,1.172691508,2
1800,67.75,1.175291925,2
1800,67.775,1.177890332,2
1800,67.8,1.180486728,2
1800,67.825,1.183081114,2
1800,67.85,1.18567349,2
1800,67.875,1.188263856,2
1800,67.9,1.190852211,2
1800,67.925,1.193438556,2
1800,67.95,1.196022892,2
1800,67.975,1.198605217,2
1800,68,1.201185533,2
1800,68.025,1.203763838,2
1800,68.05,1.206340134,2
1800,68.075,1.20891442,2
1800,68.1,1.211486696,2
1800,68.125,1.214056963,2
1800,68.15,1.21662522,2
1800,68.175,1.219191467,2
1800,68.2,1.221755705,2
1800,68.225,1.224317933,2
1800,68.25,1.226878152,2
1800,68.275,1.229436361,2
1800,68.3,1.231992562,2
1800,68.325,1.234546752,2
1800,68.35,1.237098934,2
1800,68.375,1.239649107,2
1800,68.4,1.24219727,2
1800,68.425,1.244743424,2
1800,68.45,1.247287569,2
1800,68.475,1.249829706,2
1800,68.5,1.252369833,2
1800,68.525,1.254907951,2
1800,68.55,1.257444061,2
1800,68.575,1.259978162,2
1800,68.6,1.262510254,2
1800,68.625,1.265040337,2
1800,68.65,1.267568412,2
1800,68.675,1.270094478,2
1800,68.7,1.272618536,2
1800,68.725,1.275140585,2
1800,68.75,1.277660626,2
1800,68.775,1.280178658,2
1800,68.8,1.282694682,2
1800,68.825,1.285208698,2
1800,68.85,1.287720706,2
1800,68.875,1.290230705,2
1800,68.9,1.292738696,2
1800,68.925,1.295244679,2
1800,68.95,1.297748655,2
1800,68.975,1.300250622,2
1800,69,1.302750581,2
1800,69.025,1.305248532,2
1800,69.05,1.307744476,2
1800,69.075,1.310238412,2
1800,69.1,1.31273034,2
1800,69.125,1.31522026,2
1800,69.15,1.317708173,2
1800,69.175,1.320194079,2
1800,69.2,1.322677976,2
1800,69.225,1.325159867,2
1800,69.25,1.32763975,2
1800,69.275,1.330117625,2
1800,69.3,1.332593493,2
1800,69.325,1.335067354,2
1800,69.35,1.337539208,2
1800,69.375,1.340009055,2
1800,69.4,1.342476894,2
1800,69.425,1.344942727,2
1800,69.45,1.347406553,2
1800,69.475,1.349868371,2
1800,69.5,1.352328183,2
1800,69.525,1.354785988,2
1800,69.55,1.357241786,2
1800,69.575,1.359695577,2
1800,69.6,1.362147362,2
1800,69.625,1.36459714,2
1800,69.65,1.367044912,2
1800,69.675,1.369490677,2
1800,69.7,1.371934435,2
1800,69.725,1.374376187,2
1800,69.75,1.376815933,2
1800,69.775,1.379253672,2
1800,69.8,1.381689406,2
1800,69.825,1.384123133,2
1800,69.85,1.386554853,2
1800,69.875,1.388984568,2
1800,69.9,1.391412277,2
1800,69.925,1.39383798,2
1800,69.95,1.396261676,2
1800,69.975,1.398683367,2
1800,70,1.401103052,2
1800,70.025,1.403520731,2
1800,70.05,1.405936405,2
1800,70.075,1.408350073,2
1800,70.1,1.410761735,2
1800,70.125,1.413171392,2
1800,70.15,1.415579043,2
1800,70.175,1.417984689,2
1800,70.2,1.420388329,2
1800,70.225,1.422789964,2
1800,70.25,1.425189594,2
1800,70.275,1.427587218,2
1800,70.3,1.429982837,2
1800,70.325,1.432376451,2
1800,70.35,1.43476806,2
1800,70.375,1.437157664,2
1800,70.4,1.439545263,2
1800,70.425,1.441930857,2
1800,70.45,1.444314446,2
1800,70.475,1.446696031,2
1800,70.5,1.44907561,2
1800,70.525,1.451453185,2
1800,70.55,1.453828755,2
1800,70.575,1.456202321,2
1800,70.6,1.458573882,2
1800,70.625,1.460943439,2
1800,70.65,1.463310991,2
1800,70.675,1.465676539,2
1800,70.7,1.468040082,2
1800,70.725,1.470401621,2
1800,70.75,1.472761156,2
1800,70.775,1.475118687,2
1800,70.8,1.477474214,2
1800,70.825,1.479827736,2
1800,70.85,1.482179255,2
1800,70.875,1.48452877,2
1800,70.9,1.48687628,2
1800,70.925,1.489221787,2
1800,70.95,1.491565291,2
1800,70.975,1.49390679,2
1800,71,1.496246286,2
1800,71.025,1.498583778,2
1800,71.05,1.500919266,2
1800,71.075,1.503252752,2
1800,71.1,1.505584233,2
1800,71.125,1.507913711,2
1800,71.15,1.510241186,2
1800,71.175,1.512566658,2
1800,71.2,1.514890126,2
1800,71.225,1.517211591,2
1800,71.25,1.519531054,2
1800,71.275,1.521848513,2
1800,71.3,1.524163969,2
1800,71.325,1.526477422,2
1800,71.35,1.528788872,2
1800,71.375,1.531098319,2
1800,71.4,1.533405764,2
1800,71.425,1.535711205,2
1800,71.45,1.538014644,2
1800,71.475,1.540316081,2
1800,71.5,1.542615515,2
1800,71.525,1.544912946,2
1800,71.55,1.547208375,2
1800,71.575,1.549501802,2
1800,71.6,1.551793226,2
1800,71.625,1.554082648,2
1800,71.65,1.556370068,2
1800,71.675,1.558655485,2
1800,71.7,1.560938901,2
1800,71.725,1.563220314,2
1800,71.75,1.565499725,2
1800,71.775,1.567777135,2
1800,71.8,1.570052542,2
1800,71.825,1.572325948,2
1800,71.85,1.574597352,2
1800,71.875,1.576866754,2
1800,71.9,1.579134155,2
1800,71.925,1.581399554,2
1800,71.95,1.583662951,2
1800,71.975,1.585924347,2
1800,72,1.588183741,2
1800,72.025,1.590441134,2
1800,72.05,1.592696526,2
1800,72.075,1.594949916,2
1800,72.1,1.597201306,2
1800,72.125,1.599450694,2
1800,72.15,1.601698081,2
1800,72.175,1.603943467,2
1800,72.2,1.606186852,2
1800,72.225,1.608428236,2
1800,72.25,1.610667619,2
1800,72.275,1.612905001,2
1800,72.3,1.615140383,2
1800,72.325,1.617373764,2
1800,72.35,1.619605144,2
1800,72.375,1.621834524,2
1800,72.4,1.624061903,2
1800,72.425,1.626287282,2
1800,72.45,1.62851066,2
1800,72.475,1.630732038,2
1800,72.5,1.632951416,2
1800,72.525,1.635168794,2
1800,72.55,1.637384171,2
1800,72.575,1.639597548,2
1800,72.6,1.641808925,2
1800,72.625,1.644018302,2
1800,72.65,1.646225679,2
1800,72.675,1.648431057,2
1800,72.7,1.650634434,2
1800,72.725,1.652835812,2
1800,72.75,1.65503519,2
1800,72.775,1.657232568,2
1800,72.8,1.659427947,2
1800,72.825,1.661621326,2
1800,72.85,1.663812706,2
1800,72.875,1.666002086,2
1800,72.9,1.668189467,2
1800,72.925,1.670374849,2
1800,72.95,1.672558231,2
1800,72.975,1.674739614,2
1800,73,1.676918998,2
1800,73.025,1.679096383,2
1800,73.05,1.681271769,2
1800,73.075,1.683445156,2
1800,73.1,1.685616544,2
1800,73.125,1.687785934,2
1800,73.15,1.689953324,2
1800,73.175,1.692118716,2
1800,73.2,1.694282109,2
1800,73.225,1.696443504,2
1800,73.25,1.6986029,2
1800,73.275,1.700760297,2
1800,73.3,1.702915697,2
1800,73.325,1.705069097,2
1800,73.35,1.7072205,2
1800,73.375,1.709369904,2
1800,73.4,1.71151731,2
1800,73.425,1.713662718,2
1800,73.45,1.715806128,2
1800,73.475,1.71794754,2
1800,73.5,1.720086954,2
1800,73.525,1.72222437,2
1800,73.55,1.724359788,2
1800,73.575,1.726493208,2
1800,73.6,1.728624631,2
1800,73.625,1.730754056,2
1800,73.65,1.732881484,2
1800,73.675,1.735006914,2
1800,73.7,1.737130346,2
1800,73.725,1.739251781,2
1800,73.75,1.741371219,2
1800,73.775,1.74348866,2
1800,73.8,1.745604103,2
1800,73.825,1.747717549,2
1800,73.85,1.749828998,2
1800,73.875,1.75193845,2
1800,73.9,1.754045905,2
1800,73.925,1.756151363,2
1800,73.95,1.758254824,2
1800,73.975,1.760356289,2
1800,74,1.762455756,2
1800,74.025,1.764553227,2
1800,74.05,1.766648702,2
1800,74.075,1.768742179,2
1800,74.1,1.770833661,2
1800,74.125,1.772923146,2
1800,74.15,1.775010634,2
1800,74.175,1.777096126,2
1800,74.2,1.779179622,2
1800,74.225,1.781261122,2
1800,74.25,1.783340625,2
1800,74.275,1.785418133,2
1800,74.3,1.787493644,2
1800,74.325,1.78956716,2
1800,74.35,1.79163868,2
1800,74.375,1.793708203,2
1800,74.4,1.795775731,2
1800,74.425,1.797841264,2
1800,74.45,1.7999048,2
1800,74.475,1.801966342,2
1800,74.5,1.804025887,2
1800,74.525,1.806083437,2
1800,74.55,1.808138992,2
1800,74.575,1.810192552,2
1800,74.6,1.812244116,2
1800,74.625,1.814293685,2
1800,74.65,1.816341258,2
1800,74.675,1.818386837,2
1800,74.7,1.820430421,2
1800,74.725,1.822472009,2
1800,74.75,1.824511603,2
1800,74.775,1.826549202,2
1800,74.8,1.828584806,2
1800,74.825,1.830618416,2
1800,74.85,1.832650031,2
1800,74.875,1.834679651,2
1800,74.9,1.836707276,2
1800,74.925,1.838732908,2
1800,74.95,1.840756544,2
1800,74.975,1.842778187,2
1800,75,1.844797835,2
1800,75.025,1.846815489,2
1800,75.05,1.848831149,2
1800,75.075,1.850844815,2
1800,75.1,1.852856486,2
1800,75.125,1.854866164,2
1800,75.15,1.856873848,2
1800,75.175,1.858879538,2
1800,75.2,1.860883234,2
1800,75.225,1.862884936,2
1800,75.25,1.864884645,2
1800,75.275,1.86688236,2
1800,75.3,1.868878082,2
1800,75.325,1.87087181,2
1800,75.35,1.872863545,2
1800,75.375,1.874853287,2
1800,75.4,1.876841035,2
1800,75.425,1.87882679,2
1800,75.45,1.880810552,2
1800,75.475,1.88279232,2
1800,75.5,1.884772096,2
1800,75.525,1.886749879,2
1800,75.55,1.888725669,2
1800,75.575,1.890699466,2
1800,75.6,1.89267127,2
1800,75.625,1.894641082,2
1800,75.65,1.896608901,2
1800,75.675,1.898574727,2
1800,75.7,1.900538561,2
1800,75.725,1.902500402,2
1800,75.75,1.904460251,2
1800,75.775,1.906418108,2
1800,75.8,1.908373972,2
1800,75.825,1.910327845,2
1800,75.85,1.912279725,2
1800,75.875,1.914229613,2
1800,75.9,1.916177509,2
1800,75.925,1.918123413,2
1800,75.95,1.920067325,2
1800,75.975,1.922009245,2
1800,76,1.923949174,2
1800,76.025,1.925887111,2
1800,76.05,1.927823056,2
1800,76.075,1.92975701,2
1800,76.1,1.931688973,2
1800,76.125,1.933618944,2
1800,76.15,1.935546923,2
1800,76.175,1.937472911,2
1800,76.2,1.939396908,2
1800,76.225,1.941318914,2
1800,76.25,1.943238929,2
1800,76.275,1.945156953,2
1800,76.3,1.947072985,2
1800,76.325,1.948987027,2
1800,76.35,1.950899078,2
1800,76.375,1.952809138,2
1800,76.4,1.954717208,2
1800,76.425,1.956623287,2
1800,76.45,1.958527375,2
1800,76.475,1.960429473,2
1800,76.5,1.96232958,2
1800,76.525,1.964227697,2
1800,76.55,1.966123824,2
1800,76.575,1.96801796,2
1800,76.6,1.969910106,2
1800,76.625,1.971800262,2
1800,76.65,1.973688428,2
1800,76.675,1.975574604,2
1800,76.7,1.97745879,2
1800,76.725,1.979340987,2
1800,76.75,1.981221193,2
1800,76.775,1.98309941,2
1800,76.8,1.984975637,2
1800,76.825,1.986849874,2
1800,76.85,1.988722122,2
1800,76.875,1.99059238,2
1800,76.9,1.992460649,2
1800,76.925,1.994326929,2
1800,76.95,1.99619122,2
1800,76.975,1.998053521,2
1800,77,1.999913833,2
1800,77.025,2.001772156,2
1800,77.05,2.00362849,2
1800,77.075,2.005482835,2
1800,77.1,2.007335191,2
1800,77.125,2.009185559,2
1800,77.15,2.011033937,2
1800,77.175,2.012880327,2
1800,77.2,2.014724729,2
1800,77.225,2.016567142,2
1800,77.25,2.018407566,2
1800,77.275,2.020246002,2
1800,77.3,2.02208245,2
1800,77.325,2.023916909,2
1800,77.35,2.02574938,2
1800,77.375,2.027579863,2
1800,77.4,2.029408358,2
1800,77.425,2.031234865,2
1800,77.45,2.033059384,2
1800,77.475,2.034881915,2
1800,77.5,2.036702459,2
1800,77.525,2.038521014,2
1800,77.55,2.040337582,2
1800,77.575,2.042152163,2
1800,77.6,2.043964755,2
1800,77.625,2.045775361,2
1800,77.65,2.047583979,2
1800,77.675,2.049390609,2
1800,77.7,2.051195253,2
1800,77.725,2.052997909,2
1800,77.75,2.054798578,2
1800,77.775,2.05659726,2
1800,77.8,2.058393955,2
1800,77.825,2.060188663,2
1800,77.85,2.061981384,2
1800,77.875,2.063772118,2
1800,77.9,2.065560866,2
1800,77.925,2.067347627,2
1800,77.95,2.069132402,2
1800,77.975,2.07091519,2
1800,78,2.072695991,2
1800,78.025,2.074474806,2
1800,78.05,2.076251635,2
1800,78.075,2.078026477,2
1800,78.1,2.079799334,2
1800,78.125,2.081570204,2
1800,78.15,2.083339088,2
1800,78.175,2.085105986,2
1800,78.2,2.086870899,2
1800,78.225,2.088633825,2
1800,78.25,2.090394766,2
1800,78.275,2.092153721,2
1800,78.3,2.09391069,2
1800,78.325,2.095665674,2
1800,78.35,2.097418673,2
1800,78.375,2.099169686,2
1800,78.4,2.100918713,2
1800,78.425,2.102665755,2
1800,78.45,2.104410812,2
1800,78.475,2.106153884,2
1800,78.5,2.107894971,2
1800,78.525,2.109634073,2
1800,78.55,2.11137119,2
1800,78.575,2.113106322,2
1800,78.6,2.114839469,2
1800,78.625,2.116570632,2
1800,78.65,2.118299809,2
1800,78.675,2.120027003,2
1800,78.7,2.121752211,2
1800,78.725,2.123475436,2
1800,78.75,2.125196675,2
1800,78.775,2.126915931,2
1800,78.8,2.128633202,2
1800,78.825,2.130348489,2
1800,78.85,2.132061792,2
1800,78.875,2.133773111,2
1800,78.9,2.135482446,2
1800,78.925,2.137189797,2
1800,78.95,2.138895165,2
1800,78.975,2.140598548,2
1800,79,2.142299948,2
1800,79.025,2.143999364,2
1800,79.05,2.145696797,2
1800,79.075,2.147392246,2
1800,79.1,2.149085712,2
1800,79.125,2.150777194,2
1800,79.15,2.152466693,2
1800,79.175,2.154154209,2
1800,79.2,2.155839742,2
1800,79.225,2.157523292,2
1800,79.25,2.159204858,2
1800,79.275,2.160884442,2
1800,79.3,2.162562043,2
1800,79.325,2.164237661,2
1800,79.35,2.165911297,2
1800,79.375,2.16758295,2
1800,79.4,2.16925262,2
1800,79.425,2.170920308,2
1800,79.45,2.172586013,2
1800,79.475,2.174249736,2
1800,79.5,2.175911477,2
1800,79.525,2.177571236,2
1800,79.55,2.179229012,2
1800,79.575,2.180884807,2
1800,79.6,2.182538619,2
1800,79.625,2.184190449,2
1800,79.65,2.185840298,2
1800,79.675,2.187488165,2
1800,79.7,2.18913405,2
1800,79.725,2.190777953,2
1800,79.75,2.192419875,2
1800,79.775,2.194059815,2
1800,79.8,2.195697774,2
1800,79.825,2.197333752,2
1800,79.85,2.198967748,2
1800,79.875,2.200599763,2
1800,79.9,2.202229797,2
1800,79.925,2.20385785,2
1800,79.95,2.205483922,2
1800,79.975,2.207108013,2
1800,80,2.208730123,2
1800,80.025,2.210350252,2
1800,80.05,2.211968401,2
1800,80.075,2.213584569,2
1800,80.1,2.215198756,2
1800,80.125,2.216810963,2
1800,80.15,2.21842119,2
1800,80.175,2.220029436,2
1800,80.2,2.221635702,2
1800,80.225,2.223239987,2
1800,80.25,2.224842293,2
1800,80.275,2.226442618,2
1800,80.3,2.228040964,2
1800,80.325,2.229637329,2
1800,80.35,2.231231715,2
1800,80.375,2.232824121,2
1800,80.4,2.234414547,2
1800,80.425,2.236002994,2
1800,80.45,2.237589461,2
1800,80.475,2.239173948,2
1800,80.5,2.240756456,2
1800,80.525,2.242336985,2
1800,80.55,2.243915535,2
1800,80.575,2.245492105,2
1800,80.6,2.247066696,2
1800,80.625,2.248639309,2
1800,80.65,2.250209942,2
1800,80.675,2.251778596,2
1800,80.7,2.253345272,2
1800,80.725,2.254909968,2
1800,80.75,2.256472686,2
1800,80.775,2.258033426,2
1800,80.8,2.259592187,2
1800,80.825,2.261148969,2
1800,80.85,2.262703773,2
1800,80.875,2.264256599,2
1800,80.9,2.265807447,2
1800,80.925,2.267356316,2
1800,80.95,2.268903207,2
1800,80.975,2.270448121,2
1800,81,2.271991056,2
1800,81.025,2.273532013,2
1800,81.05,2.275070993,2
1800,81.075,2.276607995,2
1800,81.1,2.278143019,2
1800,81.125,2.279676066,2
1800,81.15,2.281207135,2
1800,81.175,2.282736227,2
1800,81.2,2.284263341,2
1800,81.225,2.285788479,2
1800,81.25,2.287311638,2
1800,81.275,2.288832821,2
1800,81.3,2.290352027,2
1800,81.325,2.291869256,2
1800,81.35,2.293384508,2
1800,81.375,2.294897783,2
1800,81.4,2.296409081,2
1800,81.425,2.297918403,2
1800,81.45,2.299425748,2
1800,81.475,2.300931116,2
1800,81.5,2.302434508,2
1800,81.525,2.303935924,2
1800,81.55,2.305435363,2
1800,81.575,2.306932826,2
1800,81.6,2.308428313,2
1800,81.625,2.309921824,2
1800,81.65,2.311413358,2
1800,81.675,2.312902917,2
1800,81.7,2.3143905,2
1800,81.725,2.315876107,2
1800,81.75,2.317359739,2
1800,81.775,2.318841395,2
1800,81.8,2.320321075,2
1800,81.825,2.32179878,2
1800,81.85,2.323274509,2
1800,81.875,2.324748263,2
1800,81.9,2.326220042,2
1800,81.925,2.327689846,2
1800,81.95,2.329157674,2
1800,81.975,2.330623528,2
1800,82,2.332087406,2
1800,82.025,2.33354931,2
1800,82.05,2.335009239,2
1800,82.075,2.336467193,2
1800,82.1,2.337923172,2
1800,82.125,2.339377177,2
1800,82.15,2.340829207,2
1800,82.175,2.342279263,2
1800,82.2,2.343727345,2
1800,82.225,2.345173452,2
1800,82.25,2.346617585,2
1800,82.275,2.348059744,2
1800,82.3,2.349499929,2
1800,82.325,2.35093814,2
1800,82.35,2.352374377,2
1800,82.375,2.35380864,2
1800,82.4,2.35524093,2
1800,82.425,2.356671245,2
1800,82.45,2.358099588,2
1800,82.475,2.359525956,2
1800,82.5,2.360950352,2
1800,82.525,2.362372773,2
1800,82.55,2.363793222,2
1800,82.575,2.365211697,2
1800,82.6,2.3666282,2
1800,82.625,2.368042729,2
1800,82.65,2.369455285,2
1800,82.675,2.370865869,2
1800,82.7,2.372274479,2
1800,82.725,2.373681117,2
1800,82.75,2.375085782,2
1800,82.775,2.376488474,2
1800,82.8,2.377889194,2
1800,82.825,2.379287942,2
1800,82.85,2.380684717,2
1800,82.875,2.38207952,2
1800,82.9,2.383472351,2
1800,82.925,2.384863209,2
1800,82.95,2.386252096,2
1800,82.975,2.38763901,2
1800,83,2.389023953,2
1800,83.025,2.390406924,2
1800,83.05,2.391787923,2
1800,83.075,2.39316695,2
1800,83.1,2.394544006,2
1800,83.125,2.39591909,2
1800,83.15,2.397292203,2
1800,83.175,2.398663345,2
1800,83.2,2.400032515,2
1800,83.225,2.401399714,2
1800,83.25,2.402764942,2
1800,83.275,2.404128199,2
1800,83.3,2.405489485,2
1800,83.325,2.4068488,2
1800,83.35,2.408206144,2
1800,83.375,2.409561517,2
1800,83.4,2.41091492,2
1800,83.425,2.412266352,2
1800,83.45,2.413615814,2
1800,83.475,2.414963306,2
1800,83.5,2.416308827,2
1800,83.525,2.417652377,2
1800,83.55,2.418993958,2
1800,83.575,2.420333568,2
1800,83.6,2.421671209,2
1800,83.625,2.423006879,2
1800,83.65,2.42434058,2
1800,83.675,2.425672311,2
1800,83.7,2.427002072,2
1800,83.725,2.428329863,2
1800,83.75,2.429655685,2
1800,83.775,2.430979537,2
1800,83.8,2.43230142,2
1800,83.825,2.433621334,2
1800,83.85,2.434939279,2
1800,83.875,2.436255254,2
1800,83.9,2.43756926,2
1800,83.925,2.438881297,2
1800,83.95,2.440191366,2
1800,83.975,2.441499465,2
1800,84,2.442805596,2
1800,84.025,2.444109758,2
1800,84.05,2.445411951,2
1800,84.075,2.446712176,2
1800,84.1,2.448010433,2
1800,84.125,2.449306721,2
1800,84.15,2.450601041,2
1800,84.175,2.451893392,2
1800,84.2,2.453183776,2
1800,84.225,2.454472191,2
1800,84.25,2.455758639,2
1800,84.275,2.457043118,2
1800,84.3,2.45832563,2
1800,84.325,2.459606174,2
1800,84.35,2.46088475,2
1800,84.375,2.462161359,2
1800,84.4,2.463436,2
1800,84.425,2.464708674,2
1800,84.45,2.465979381,2
1800,84.475,2.46724812,2
1800,84.5,2.468514892,2
1800,84.525,2.469779697,2
1800,84.55,2.471042536,2
1800,84.575,2.472303407,2
1800,84.6,2.473562311,2
1800,84.625,2.474819249,2
1800,84.65,2.476074219,2
1800,84.675,2.477327224,2
1800,84.7,2.478578261,2
1800,84.725,2.479827333,2
1800,84.75,2.481074438,2
1800,84.775,2.482319576,2
1800,84.8,2.483562749,2
1800,84.825,2.484803955,2
1800,84.85,2.486043195,2
1800,84.875,2.487280469,2
1800,84.9,2.488515778,2
1800,84.925,2.489749121,2
1800,84.95,2.490980497,2
1800,84.975,2.492209909,2
1800,85,2.493437354,2
1800,85.025,2.494662835,2
1800,85.05,2.49588635,2
1800,85.075,2.497107899,2
1800,85.1,2.498327484,2
1800,85.125,2.499545103,2
1800,85.15,2.500760757,2
1800,85.175,2.501974446,2
1800,85.2,2.50318617,2
1800,85.225,2.50439593,2
1800,85.25,2.505603724,2
1800,85.275,2.506809554,2
1800,85.3,2.50801342,2
1800,85.325,2.509215321,2
1800,85.35,2.510415257,2
1800,85.375,2.511613229,2
1800,85.4,2.512809237,2
1800,85.425,2.514003281,2
1800,85.45,2.515195361,2
1800,85.475,2.516385477,2
1800,85.5,2.517573628,2
1800,85.525,2.518759816,2
1800,85.55,2.519944041,2
1800,85.575,2.521126301,2
1800,85.6,2.522306598,2
1800,85.625,2.523484932,2
1800,85.65,2.524661302,2
1800,85.675,2.525835708,2
1800,85.7,2.527008152,2
1800,85.725,2.528178632,2
1800,85.75,2.529347149,2
1800,85.775,2.530513703,2
1800,85.8,2.531678294,2
1800,85.825,2.532840922,2
1800,85.85,2.534001588,2
1800,85.875,2.535160291,2
1800,85.9,2.536317031,2
1800,85.925,2.537471809,2
1800,85.95,2.538624624,2
1800,85.975,2.539775477,2
1800,86,2.540924368,2
1800,86.025,2.542071297,2
1800,86.05,2.543216263,2
1800,86.075,2.544359267,2
1800,86.1,2.54550031,2
1800,86.125,2.54663939,2
1800,86.15,2.547776509,2
1800,86.175,2.548911666,2
1800,86.2,2.550044862,2
1800,86.225,2.551176096,2
1800,86.25,2.552305369,2
1800,86.275,2.55343268,2
1800,86.3,2.55455803,2
1800,86.325,2.555681419,2
1800,86.35,2.556802846,2
1800,86.375,2.557922313,2
1800,86.4,2.559039819,2
1800,86.425,2.560155364,2
1800,86.45,2.561268948,2
1800,86.475,2.562380571,2
1800,86.5,2.563490234,2
1800,86.525,2.564597937,2
1800,86.55,2.565703679,2
1800,86.575,2.56680746,2
1800,86.6,2.567909281,2
1800,86.625,2.569009143,2
1800,86.65,2.570107044,2
1800,86.675,2.571202985,2
1800,86.7,2.572296966,2
1800,86.725,2.573388987,2
1800,86.75,2.574479049,2
1800,86.775,2.57556715,2
1800,86.8,2.576653293,2
1800,86.825,2.577737475,2
1800,86.85,2.578819699,2
1800,86.875,2.579899963,2
1800,86.9,2.580978268,2
1800,86.925,2.582054613,2
1800,86.95,2.583129,2
1800,86.975,2.584201427,2
1800,87,2.585271896,2
1800,87.025,2.586340406,2
1800,87.05,2.587406957,2
1800,87.075,2.588471549,2
1800,87.1,2.589534183,2
1800,87.125,2.590594858,2
1800,87.15,2.591653575,2
1800,87.175,2.592710334,2
1800,87.2,2.593765134,2
1800,87.225,2.594817977,2
1800,87.25,2.595868861,2
1800,87.275,2.596917787,2
1800,87.3,2.597964756,2
1800,87.325,2.599009766,2
1800,87.35,2.600052819,2
1800,87.375,2.601093914,2
1800,87.4,2.602133052,2
1800,87.425,2.603170232,2
1800,87.45,2.604205455,2
1800,87.475,2.605238721,2
1800,87.5,2.606270029,2
1800,87.525,2.60729938,2
1800,87.55,2.608326775,2
1800,87.575,2.609352212,2
1800,87.6,2.610375692,2
1800,87.625,2.611397216,2
1800,87.65,2.612416783,2
1800,87.675,2.613434393,2
1800,87.7,2.614450047,2
1800,87.725,2.615463745,2
1800,87.75,2.616475486,2
1800,87.775,2.617485271,2
1800,87.8,2.618493099,2
1800,87.825,2.619498972,2
1800,87.85,2.620502889,2
1800,87.875,2.621504849,2
1800,87.9,2.622504854,2
1800,87.925,2.623502904,2
1800,87.95,2.624498997,2
1800,87.975,2.625493135,2
1800,88,2.626485318,2
1800,88.025,2.627475545,2
1800,88.05,2.628463816,2
1800,88.075,2.629450133,2
1800,88.1,2.630434495,2
1800,88.125,2.631416901,2
1800,88.15,2.632397352,2
1800,88.175,2.633375849,2
1800,88.2,2.634352391,2
1800,88.225,2.635326978,2
1800,88.25,2.636299611,2
1800,88.275,2.637270289,2
1800,88.3,2.638239012,2
1800,88.325,2.639205782,2
1800,88.35,2.640170597,2
1800,88.375,2.641133457,2
1800,88.4,2.642094364,2
1800,88.425,2.643053317,2
1800,88.45,2.644010316,2
1800,88.475,2.644965361,2
1800,88.5,2.645918452,2
1800,88.525,2.64686959,2
1800,88.55,2.647818774,2
1800,88.575,2.648766005,2
1800,88.6,2.649711282,2
1800,88.625,2.650654606,2
1800,88.65,2.651595977,2
1800,88.675,2.652535395,2
1800,88.7,2.65347286,2
1800,88.725,2.654408371,2
1800,88.75,2.65534193,2
1800,88.775,2.656273536,2
1800,88.8,2.65720319,2
1800,88.825,2.658130891,2
1800,88.85,2.659056639,2
1800,88.875,2.659980435,2
1800,88.9,2.660902279,2
1800,88.925,2.66182217,2
1800,88.95,2.66274011,2
1800,88.975,2.663656097,2
1800,89,2.664570132,2
1800,89.025,2.665482216,2
1800,89.05,2.666392347,2
1800,89.075,2.667300527,2
1800,89.1,2.668206756,2
1800,89.125,2.669111032,2
1800,89.15,2.670013358,2
1800,89.175,2.670913732,2
1800,89.2,2.671812155,2
1800,89.225,2.672708626,2
1800,89.25,2.673603147,2
1800,89.275,2.674495717,2
1800,89.3,2.675386335,2
1800,89.325,2.676275003,2
1800,89.35,2.67716172,2
1800,89.375,2.678046487,2
1800,89.4,2.678929303,2
1800,89.425,2.679810169,2
1800,89.45,2.680689084,2
1800,89.475,2.681566049,2
1800,89.5,2.682441063,2
1800,89.525,2.683314128,2
1800,89.55,2.684185243,2
1800,89.575,2.685054408,2
1800,89.6,2.685921622,2
1800,89.625,2.686786888,2
1800,89.65,2.687650203,2
1800,89.675,2.688511569,2
1800,89.7,2.689370986,2
1800,89.725,2.690228453,2
1800,89.75,2.691083971,2
1800,89.775,2.69193754,2
1800,89.8,2.692789159,2
1800,89.825,2.69363883,2
1800,89.85,2.694486552,2
1800,89.875,2.695332324,2
1800,89.9,2.696176149,2
1800,89.925,2.697018024,2
1800,89.95,2.697857951,2
1800,89.975,2.698695929,2
1800,90,2.699531959,2
1800,90.025,2.700366041,2
1800,90.05,2.701198175,2
1800,90.075,2.70202836,2
1800,90.1,2.702856598,2
1800,90.125,2.703682887,2
1800,90.15,2.704507229,2
1800,90.175,2.705329623,2
1800,90.2,2.706150069,2
1800,90.225,2.706968568,2
1800,90.25,2.707785119,2
1800,90.275,2.708599723,2
1800,90.3,2.70941238,2
1800,90.325,2.710223089,2
1800,90.35,2.711031852,2
1800,90.375,2.711838667,2
1800,90.4,2.712643535,2
1800,90.425,2.713446457,2
1800,90.45,2.714247432,2
1800,90.475,2.71504646,2
1800,90.5,2.715843542,2
1800,90.525,2.716638677,2
1800,90.55,2.717431866,2
1800,90.575,2.718223108,2
1800,90.6,2.719012404,2
1800,90.625,2.719799755,2
1800,90.65,2.720585159,2
1800,90.675,2.721368617,2
1800,90.7,2.72215013,2
1800,90.725,2.722929696,2
1800,90.75,2.723707317,2
1800,90.775,2.724482993,2
1800,90.8,2.725256723,2
1800,90.825,2.726028508,2
1800,90.85,2.726798347,2
1800,90.875,2.727566242,2
1800,90.9,2.728332191,2
1800,90.925,2.729096195,2
1800,90.95,2.729858254,2
1800,90.975,2.730618369,2
1800,91,2.731376539,2
1800,91.025,2.732132764,2
1800,91.05,2.732887044,2
1800,91.075,2.733639381,2
1800,91.1,2.734389772,2
1800,91.125,2.73513822,2
1800,91.15,2.735884723,2
1800,91.175,2.736629283,2
1800,91.2,2.737371898,2
1800,91.225,2.73811257,2
1800,91.25,2.738851297,2
1800,91.275,2.739588081,2
1800,91.3,2.740322922,2
1800,91.325,2.741055819,2
1800,91.35,2.741786772,2
1800,91.375,2.742515782,2
1800,91.4,2.743242849,2
1800,91.425,2.743967973,2
1800,91.45,2.744691154,2
1800,91.475,2.745412391,2
1800,91.5,2.746131686,2
1800,91.525,2.746849039,2
1800,91.55,2.747564448,2
1800,91.575,2.748277915,2
1800,91.6,2.748989439,2
1800,91.625,2.749699021,2
1800,91.65,2.750406661,2
1800,91.675,2.751112359,2
1800,91.7,2.751816114,2
1800,91.725,2.752517928,2
1800,91.75,2.753217799,2
1800,91.775,2.753915729,2
1800,91.8,2.754611717,2
1800,91.825,2.755305763,2
1800,91.85,2.755997868,2
1800,91.875,2.756688031,2
1800,91.9,2.757376253,2
1800,91.925,2.758062533,2
1800,91.95,2.758746873,2
1800,91.975,2.759429271,2
1800,92,2.760109729,2
1800,92.025,2.760788245,2
1800,92.05,2.761464821,2
1800,92.075,2.762139456,2
1800,92.1,2.762812151,2
1800,92.125,2.763482905,2
1800,92.15,2.764151718,2
1800,92.175,2.764818591,2
1800,92.2,2.765483524,2
1800,92.225,2.766146517,2
1800,92.25,2.76680757,2
1800,92.275,2.767466683,2
1800,92.3,2.768123856,2
1800,92.325,2.768779089,2
1800,92.35,2.769432383,2
1800,92.375,2.770083737,2
1800,92.4,2.770733151,2
1800,92.425,2.771380627,2
1800,92.45,2.772026162,2
1800,92.475,2.772669759,2
1800,92.5,2.773311417,2
1800,92.525,2.773951136,2
1800,92.55,2.774588915,2
1800,92.575,2.775224756,2
1800,92.6,2.775858659,2
1800,92.625,2.776490622,2
1800,92.65,2.777120648,2
1800,92.675,2.777748734,2
1800,92.7,2.778374883,2
1800,92.725,2.778999093,2
1800,92.75,2.779621365,2
1800,92.775,2.780241699,2
1800,92.8,2.780860095,2
1800,92.825,2.781476553,2
1800,92.85,2.782091074,2
1800,92.875,2.782703657,2
1800,92.9,2.783314302,2
1800,92.925,2.78392301,2
1800,92.95,2.78452978,2
1800,92.975,2.785134613,2
1800,93,2.785737509,2
1800,93.025,2.786338468,2
1800,93.05,2.78693749,2
1800,93.075,2.787534575,2
1800,93.1,2.788129724,2
1800,93.125,2.788722935,2
1800,93.15,2.78931421,2
1800,93.175,2.789903549,2
1800,93.2,2.790490951,2
1800,93.225,2.791076417,2
1800,93.25,2.791659947,2
1800,93.275,2.79224154,2
1800,93.3,2.792821198,2
1800,93.325,2.793398919,2
1800,93.35,2.793974705,2
1800,93.375,2.794548555,2
1800,93.4,2.795120469,2
1800,93.425,2.795690448,2
1800,93.45,2.796258492,2
1800,93.475,2.7968246,2
1800,93.5,2.797388773,2
1800,93.525,2.79795101,2
1800,93.55,2.798511313,2
1800,93.575,2.799069681,2
1800,93.6,2.799626114,2
1800,93.625,2.800180612,2
1800,93.65,2.800733175,2
1800,93.675,2.801283804,2
1800,93.7,2.801832499,2
1800,93.725,2.802379259,2
1800,93.75,2.802924085,2
1800,93.775,2.803466976,2
1800,93.8,2.804007934,2
1800,93.825,2.804546958,2
1800,93.85,2.805084047,2
1800,93.875,2.805619203,2
1800,93.9,2.806152426,2
1800,93.925,2.806683714,2
1800,93.95,2.80721307,2
1800,93.975,2.807740491,2
1800,94,2.80826598,2
1800,94.025,2.808789535,2
1800,94.05,2.809311158,2
1800,94.075,2.809830847,2
1800,94.1,2.810348603,2
1800,94.125,2.810864427,2
1800,94.15,2.811378318,2
1800,94.175,2.811890276,2
1800,94.2,2.812400302,2
1800,94.225,2.812908395,2
1800,94.25,2.813414557,2
1800,94.275,2.813918785,2
1800,94.3,2.814421082,2
1800,94.325,2.814921447,2
1800,94.35,2.81541988,2
1800,94.375,2.815916381,2
1800,94.4,2.81641095,2
1800,94.425,2.816903588,2
1800,94.45,2.817394294,2
1800,94.475,2.817883069,2
1800,94.5,2.818369913,2
1800,94.525,2.818854825,2
1800,94.55,2.819337806,2
1800,94.575,2.819818856,2
1800,94.6,2.820297976,2
1800,94.625,2.820775164,2
1800,94.65,2.821250422,2
1800,94.675,2.821723749,2
1800,94.7,2.822195145,2
1800,94.725,2.822664611,2
1800,94.75,2.823132147,2
1800,94.775,2.823597753,2
1800,94.8,2.824061428,2
1800,94.825,2.824523174,2
1800,94.85,2.824982989,2
1800,94.875,2.825440875,2
1800,94.9,2.825896831,2
1800,94.925,2.826350857,2
1800,94.95,2.826802954,2
1800,94.975,2.827253121,2
1800,95,2.827701359,2
1800,95.025,2.828147668,2
1800,95.05,2.828592048,2
1800,95.075,2.829034499,2
1800,95.1,2.82947502,2
1800,95.125,2.829913613,2
1800,95.15,2.830350278,2
1800,95.175,2.830785013,2
1800,95.2,2.83121782,2
1800,95.225,2.831648699,2
1800,95.25,2.832077649,2
1800,95.275,2.832504671,2
1800,95.3,2.832929765,2
1800,95.325,2.833352931,2
1800,95.35,2.833774169,2
1800,95.375,2.834193479,2
1800,95.4,2.834610862,2
1800,95.425,2.835026317,2
1800,95.45,2.835439844,2
1800,95.475,2.835851444,2
1800,95.5,2.836261116,2
1800,95.525,2.836668862,2
1800,95.55,2.83707468,2
1800,95.575,2.837478571,2
1800,95.6,2.837880536,2
1800,95.625,2.838280573,2
1800,95.65,2.838678684,2
1800,95.675,2.839074868,2
1800,95.7,2.839469126,2
1800,95.725,2.839861457,2
1800,95.75,2.840251862,2
1800,95.775,2.840640341,2
1800,95.8,2.841026894,2
1800,95.825,2.84141152,2
1800,95.85,2.841794221,2
1800,95.875,2.842174996,2
1800,95.9,2.842553845,2
1800,95.925,2.842930769,2
1800,95.95,2.843305767,2
1800,95.975,2.84367884,2
1800,96,2.844049987,2
1800,96.025,2.84441921,2
1800,96.05,2.844786507,2
1800,96.075,2.845151879,2
1800,96.1,2.845515326,2
1800,96.125,2.845876849,2
1800,96.15,2.846236447,2
1800,96.175,2.84659412,2
1800,96.2,2.846949869,2
1800,96.225,2.847303693,2
1800,96.25,2.847655594,2
1800,96.275,2.84800557,2
1800,96.3,2.848353622,2
1800,96.325,2.84869975,2
1800,96.35,2.849043954,2
1800,96.375,2.849386234,2
1800,96.4,2.849726591,2
1800,96.425,2.850065024,2
1800,96.45,2.850401534,2
1800,96.475,2.85073612,2
1800,96.5,2.851068783,2
1800,96.525,2.851399523,2
1800,96.55,2.85172834,2
1800,96.575,2.852055234,2
1800,96.6,2.852380205,2
1800,96.625,2.852703254,2
1800,96.65,2.85302438,2
1800,96.675,2.853343583,2
1800,96.7,2.853660864,2
1800,96.725,2.853976222,2
1800,96.75,2.854289659,2
1800,96.775,2.854601173,2
1800,96.8,2.854910765,2
1800,96.825,2.855218435,2
1800,96.85,2.855524184,2
1800,96.875,2.855828011,2
1800,96.9,2.856129916,2
1800,96.925,2.8564299,2
1800,96.95,2.856727962,2
1800,96.975,2.857024103,2
1800,97,2.857318323,2
1800,97.025,2.857610622,2
1800,97.05,2.857900999,2
1800,97.075,2.858189456,2
1800,97.1,2.858475993,2
1800,97.125,2.858760608,2
1800,97.15,2.859043303,2
1800,97.175,2.859324078,2
1800,97.2,2.859602932,2
1800,97.225,2.859879866,2
1800,97.25,2.860154879,2
1800,97.275,2.860427973,2
1800,97.3,2.860699147,2
1800,97.325,2.860968401,2
1800,97.35,2.861235735,2
1800,97.375,2.86150115,2
1800,97.4,2.861764645,2
1800,97.425,2.862026221,2
1800,97.45,2.862285877,2
1800,97.475,2.862543614,2
1800,97.5,2.862799432,2
1800,97.525,2.863053331,2
1800,97.55,2.863305312,2
1800,97.575,2.863555373,2
1800,97.6,2.863803516,2
1800,97.625,2.86404974,2
1800,97.65,2.864294046,2
1800,97.675,2.864536433,2
1800,97.7,2.864776902,2
1800,97.725,2.865015453,2
1800,97.75,2.865252086,2
1800,97.775,2.865486801,2
1800,97.8,2.865719598,2
1800,97.825,2.865950477,2
1800,97.85,2.866179439,2
1800,97.875,2.866406483,2
1800,97.9,2.86663161,2
1800,97.925,2.86685482,2
1800,97.95,2.867076112,2
1800,97.975,2.867295487,2
1800,98,2.867512945,2
1800,98.025,2.867728486,2
1800,98.05,2.867942111,2
1800,98.075,2.868153819,2
1800,98.1,2.86836361,2
1800,98.125,2.868571485,2
1800,98.15,2.868777443,2
1800,98.175,2.868981485,2
1800,98.2,2.869183611,2
1800,98.225,2.869383821,2
1800,98.25,2.869582115,2
1800,98.275,2.869778494,2
1800,98.3,2.869972956,2
1800,98.325,2.870165503,2
1800,98.35,2.870356134,2
1800,98.375,2.87054485,2
1800,98.4,2.870731651,2
1800,98.425,2.870916536,2
1800,98.45,2.871099507,2
1800,98.475,2.871280562,2
1800,98.5,2.871459703,2
1800,98.525,2.871636928,2
1800,98.55,2.87181224,2
1800,98.575,2.871985636,2
1800,98.6,2.872157118,2
1800,98.625,2.872326686,2
1800,98.65,2.872494339,2
1800,98.675,2.872660079,2
1800,98.7,2.872823904,2
1800,98.725,2.872985816,2
1800,98.75,2.873145813,2
1800,98.775,2.873303897,2
1800,98.8,2.873460067,2
1800,98.825,2.873614324,2
1800,98.85,2.873766668,2
1800,98.875,2.873917098,2
1800,98.9,2.874065615,2
1800,98.925,2.874212219,2
1800,98.95,2.87435691,2
1800,98.975,2.874499688,2
1800,99,2.874640554,2
1800,99.025,2.874779506,2
1800,99.05,2.874916547,2
1800,99.075,2.875051675,2
1800,99.1,2.87518489,2
1800,99.125,2.875316194,2
1800,99.15,2.875445585,2
1800,99.175,2.875573064,2
1800,99.2,2.875698632,2
1800,99.225,2.875822287,2
1800,99.25,2.875944031,2
1800,99.275,2.876063864,2
1800,99.3,2.876181785,2
1800,99.325,2.876297794,2
1800,99.35,2.876411893,2
1800,99.375,2.87652408,2
1800,99.4,2.876634357,2
1800,99.425,2.876742722,2
1800,99.45,2.876849177,2
1800,99.475,2.876953721,2
1800,99.5,2.877056354,2
1800,99.525,2.877157077,2
1800,99.55,2.877255889,2
1800,99.575,2.877352792,2
1800,99.6,2.877447784,2
1800,99.625,2.877540866,2
1800,99.65,2.877632038,2
1800,99.675,2.8777213,2
1800,99.7,2.877808653,2
1800,99.725,2.877894096,2
1800,99.75,2.87797763,2
1800,99.775,2.878059254,2
1800,99.8,2.878138969,2
1800,99.825,2.878216775,2
1800,99.85,2.878292671,2
1800,99.875,2.878366659,2
1800,99.9,2.878438738,2
1800,99.925,2.878508908,2
1800,99.95,2.87857717,2
1800,99.975,2.878643523,2
1800,100,2.878707967,2
