# macdonald-long-sub2sup — MacDonald 1000 m channel, subcritical to supercritical
# SWASHES 3.2.1 (sub-to-supercritical); Delestre et al. 2013, doi 10.1002/fld.3741
# Independent Python implementation (swasheslib/analytic.py); no SWASHES-tool output vendored.
# grid: 20001 stations (20x model resolution nx=1000)
t_s,x_m,h_m,q_m2_per_s
6000,0,0.9652650889,2
6000,0.05,0.965258388,2
6000,0.1,0.9652516853,2
6000,0.15,0.9652449807,2
6000,0.2,0.9652382744,2
6000,0.25,0.9652315662,2
6000,0.3,0.9652248562,2
6000,0.35,0.9652181443,2
6000,0.4,0.9652114307,2
6000,0.45,0.9652047152,2
6000,0.5,0.9651979979,2
6000,0.55,0.9651912788,2
6000,0.6,0.9651845579,2
6000,0.65,0.9651778351,2
6000,0.7,0.9651711105,2
6000,0.75,0.9651643841,2
6000,0.8,0.9651576558,2
6000,0.85,0.9651509257,2
6000,0.9,0.9651441938,2
6000,0.95,0.9651374601,2
6000,1,0.9651307246,2
6000,1.05,0.9651239872,2
6000,1.1,0.965117248,2
6000,1.15,0.9651105069,2
6000,1.2,0.9651037641,2
6000,1.25,0.9650970194,2
6000,1.3,0.9650902728,2
6000,1.35,0.9650835245,2
6000,1.4,0.9650767743,2
6000,1.45,0.9650700222,2
6000,1.5,0.9650632684,2
6000,1.55,0.9650565127,2
6000,1.6,0.9650497552,2
6000,1.65,0.9650429958,2
6000,1.7,0.9650362346,2
6000,1.75,0.9650294716,2
6000,1.8,0.9650227068,2
6000,1.85,0.9650159401,2
6000,1.9,0.9650091715,2
6000,1.95,0.9650024012,2
6000,2,0.964995629,2
6000,2.05,0.9649888549,2
6000,2.1,0.964982079,2
6000,2.15,0.9649753013,2
6000,2.2,0.9649685218,2
6000,2.25,0.9649617404,2
6000,2.3,0.9649549572,2
6000,2.35,0.9649481721,2
6000,2.4,0.9649413852,2
6000,2.45,0.9649345964,2
6000,2.5,0.9649278058,2
6000,2.55,0.9649210134,2
6000,2.6,0.9649142191,2
6000,2.65,0.964907423,2
6000,2.7,0.964900625,2
6000,2.75,0.9648938252,2
6000,2.8,0.9648870236,2
6000,2.85,0.9648802201,2
6000,2.9,0.9648734148,2
6000,2.95,0.9648666076,2
6000,3,0.9648597986,2
6000,3.05,0.9648529877,2
6000,3.1,0.964846175,2
6000,3.15,0.9648393604,2
6000,3.2,0.964832544,2
6000,3.25,0.9648257257,2
6000,3.3,0.9648189056,2
6000,3.35,0.9648120837,2
6000,3.4,0.9648052599,2
6000,3.45,0.9647984342,2
6000,3.5,0.9647916067,2
6000,3.55,0.9647847773,2
6000,3.6,0.9647779461,2
6000,3.65,0.9647711131,2
6000,3.7,0.9647642782,2
6000,3.75,0.9647574414,2
6000,3.8,0.9647506028,2
6000,3.85,0.9647437623,2
6000,3.9,0.96473692,2
6000,3.95,0.9647300758,2
6000,4,0.9647232298,2
6000,4.05,0.9647163819,2
6000,4.1,0.9647095322,2
6000,4.15,0.9647026806,2
6000,4.2,0.9646958271,2
6000,4.25,0.9646889718,2
6000,4.3,0.9646821147,2
6000,4.35,0.9646752557,2
6000,4.4,0.9646683948,2
6000,4.45,0.964661532,2
6000,4.5,0.9646546674,2
6000,4.55,0.964647801,2
6000,4.6,0.9646409327,2
6000,4.65,0.9646340625,2
6000,4.7,0.9646271905,2
6000,4.75,0.9646203166,2
6000,4.8,0.9646134408,2
6000,4.85,0.9646065632,2
6000,4.9,0.9645996837,2
6000,4.95,0.9645928024,2
6000,5,0.9645859192,2
6000,5.05,0.9645790341,2
6000,5.1,0.9645721472,2
6000,5.15,0.9645652584,2
6000,5.2,0.9645583677,2
6000,5.25,0.9645514752,2
6000,5.3,0.9645445808,2
6000,5.35,0.9645376845,2
6000,5.4,0.9645307864,2
6000,5.45,0.9645238864,2
6000,5.5,0.9645169845,2
6000,5.55,0.9645100808,2
6000,5.6,0.9645031752,2
6000,5.65,0.9644962677,2
6000,5.7,0.9644893584,2
6000,5.75,0.9644824472,2
6000,5.8,0.9644755341,2
6000,5.85,0.9644686191,2
6000,5.9,0.9644617023,2
6000,5.95,0.9644547836,2
6000,6,0.964447863,2
6000,6.05,0.9644409406,2
6000,6.1,0.9644340163,2
6000,6.15,0.9644270901,2
6000,6.2,0.9644201621,2
6000,6.25,0.9644132321,2
6000,6.3,0.9644063003,2
6000,6.35,0.9643993666,2
6000,6.4,0.9643924311,2
6000,6.45,0.9643854936,2
6000,6.5,0.9643785543,2
6000,6.55,0.9643716131,2
6000,6.6,0.9643646701,2
6000,6.65,0.9643577251,2
6000,6.7,0.9643507783,2
6000,6.75,0.9643438296,2
6000,6.8,0.964336879,2
6000,6.85,0.9643299265,2
6000,6.9,0.9643229722,2
6000,6.95,0.964316016,2
6000,7,0.9643090579,2
6000,7.05,0.9643020979,2
6000,7.1,0.964295136,2
6000,7.15,0.9642881723,2
6000,7.2,0.9642812066,2
6000,7.25,0.9642742391,2
6000,7.3,0.9642672697,2
6000,7.35,0.9642602984,2
6000,7.4,0.9642533253,2
6000,7.45,0.9642463502,2
6000,7.5,0.9642393733,2
6000,7.55,0.9642323944,2
6000,7.6,0.9642254137,2
6000,7.65,0.9642184311,2
6000,7.7,0.9642114466,2
6000,7.75,0.9642044603,2
6000,7.8,0.964197472,2
6000,7.85,0.9641904819,2
6000,7.9,0.9641834898,2
6000,7.95,0.9641764959,2
6000,8,0.9641695001,2
6000,8.05,0.9641625023,2
6000,8.1,0.9641555027,2
6000,8.15,0.9641485012,2
6000,8.2,0.9641414979,2
6000,8.25,0.9641344926,2
6000,8.3,0.9641274854,2
6000,8.35,0.9641204763,2
6000,8.4,0.9641134654,2
6000,8.45,0.9641064525,2
6000,8.5,0.9640994378,2
6000,8.55,0.9640924211,2
6000,8.6,0.9640854026,2
6000,8.65,0.9640783822,2
6000,8.7,0.9640713598,2
6000,8.75,0.9640643356,2
6000,8.8,0.9640573095,2
6000,8.85,0.9640502815,2
6000,8.9,0.9640432515,2
6000,8.95,0.9640362197,2
6000,9,0.964029186,2
6000,9.05,0.9640221504,2
6000,9.1,0.9640151128,2
6000,9.15,0.9640080734,2
6000,9.2,0.9640010321,2
6000,9.25,0.9639939889,2
6000,9.3,0.9639869438,2
6000,9.35,0.9639798967,2
6000,9.4,0.9639728478,2
6000,9.45,0.963965797,2
6000,9.5,0.9639587442,2
6000,9.55,0.9639516896,2
6000,9.6,0.963944633,2
6000,9.65,0.9639375746,2
6000,9.7,0.9639305142,2
6000,9.75,0.963923452,2
6000,9.8,0.9639163878,2
6000,9.85,0.9639093217,2
6000,9.9,0.9639022537,2
6000,9.95,0.9638951838,2
6000,10,0.963888112,2
6000,10.05,0.9638810383,2
6000,10.1,0.9638739627,2
6000,10.15,0.9638668852,2
6000,10.2,0.9638598058,2
6000,10.25,0.9638527244,2
6000,10.3,0.9638456411,2
6000,10.35,0.963838556,2
6000,10.4,0.9638314689,2
6000,10.45,0.9638243799,2
6000,10.5,0.963817289,2
6000,10.55,0.9638101962,2
6000,10.6,0.9638031014,2
6000,10.65,0.9637960048,2
6000,10.7,0.9637889062,2
6000,10.75,0.9637818057,2
6000,10.8,0.9637747034,2
6000,10.85,0.963767599,2
6000,10.9,0.9637604928,2
6000,10.95,0.9637533847,2
6000,11,0.9637462746,2
6000,11.05,0.9637391626,2
6000,11.1,0.9637320487,2
6000,11.15,0.9637249329,2
6000,11.2,0.9637178152,2
6000,11.25,0.9637106955,2
6000,11.3,0.9637035739,2
6000,11.35,0.9636964505,2
6000,11.4,0.963689325,2
6000,11.45,0.9636821977,2
6000,11.5,0.9636750684,2
6000,11.55,0.9636679373,2
6000,11.6,0.9636608041,2
6000,11.65,0.9636536691,2
6000,11.7,0.9636465322,2
6000,11.75,0.9636393933,2
6000,11.8,0.9636322525,2
6000,11.85,0.9636251098,2
6000,11.9,0.9636179651,2
6000,11.95,0.9636108185,2
6000,12,0.96360367,2
6000,12.05,0.9635965196,2
6000,12.1,0.9635893672,2
6000,12.15,0.9635822129,2
6000,12.2,0.9635750567,2
6000,12.25,0.9635678986,2
6000,12.3,0.9635607385,2
6000,12.35,0.9635535765,2
6000,12.4,0.9635464126,2
6000,12.45,0.9635392467,2
6000,12.5,0.9635320789,2
6000,12.55,0.9635249092,2
6000,12.6,0.9635177375,2
6000,12.65,0.9635105639,2
6000,12.7,0.9635033884,2
6000,12.75,0.963496211,2
6000,12.8,0.9634890316,2
6000,12.85,0.9634818502,2
6000,12.9,0.963474667,2
6000,12.95,0.9634674818,2
6000,13,0.9634602947,2
6000,13.05,0.9634531056,2
6000,13.1,0.9634459146,2
6000,13.15,0.9634387216,2
6000,13.2,0.9634315268,2
6000,13.25,0.9634243299,2
6000,13.3,0.9634171312,2
6000,13.35,0.9634099305,2
6000,13.4,0.9634027279,2
6000,13.45,0.9633955233,2
6000,13.5,0.9633883168,2
6000,13.55,0.9633811083,2
6000,13.6,0.9633738979,2
6000,13.65,0.9633666856,2
6000,13.7,0.9633594713,2
6000,13.75,0.9633522551,2
6000,13.8,0.9633450369,2
6000,13.85,0.9633378168,2
6000,13.9,0.9633305948,2
6000,13.95,0.9633233708,2
6000,14,0.9633161448,2
6000,14.05,0.9633089169,2
6000,14.1,0.9633016871,2
6000,14.15,0.9632944553,2
6000,14.2,0.9632872216,2
6000,14.25,0.9632799859,2
6000,14.3,0.9632727483,2
6000,14.35,0.9632655087,2
6000,14.4,0.9632582672,2
6000,14.45,0.9632510237,2
6000,14.5,0.9632437783,2
6000,14.55,0.963236531,2
6000,14.6,0.9632292816,2
6000,14.65,0.9632220304,2
6000,14.7,0.9632147772,2
6000,14.75,0.963207522,2
6000,14.8,0.9632002649,2
6000,14.85,0.9631930058,2
6000,14.9,0.9631857448,2
6000,14.95,0.9631784818,2
6000,15,0.9631712168,2
6000,15.05,0.96316395,2
6000,15.1,0.9631566811,2
6000,15.15,0.9631494103,2
6000,15.2,0.9631421376,2
6000,15.25,0.9631348628,2
6000,15.3,0.9631275862,2
6000,15.35,0.9631203075,2
6000,15.4,0.963113027,2
6000,15.45,0.9631057444,2
6000,15.5,0.9630984599,2
6000,15.55,0.9630911735,2
6000,15.6,0.963083885,2
6000,15.65,0.9630765946,2
6000,15.7,0.9630693023,2
6000,15.75,0.963062008,2
6000,15.8,0.9630547117,2
6000,15.85,0.9630474135,2
6000,15.9,0.9630401133,2
6000,15.95,0.9630328112,2
6000,16,0.9630255071,2
6000,16.05,0.963018201,2
6000,16.1,0.9630108929,2
6000,16.15,0.9630035829,2
6000,16.2,0.962996271,2
6000,16.25,0.962988957,2
6000,16.3,0.9629816411,2
6000,16.35,0.9629743232,2
6000,16.4,0.9629670034,2
6000,16.45,0.9629596816,2
6000,16.5,0.9629523578,2
6000,16.55,0.9629450321,2
6000,16.6,0.9629377044,2
6000,16.65,0.9629303747,2
6000,16.7,0.962923043,2
6000,16.75,0.9629157094,2
6000,16.8,0.9629083738,2
6000,16.85,0.9629010363,2
6000,16.9,0.9628936967,2
6000,16.95,0.9628863552,2
6000,17,0.9628790117,2
6000,17.05,0.9628716663,2
6000,17.1,0.9628643189,2
6000,17.15,0.9628569695,2
6000,17.2,0.9628496181,2
6000,17.25,0.9628422647,2
6000,17.3,0.9628349094,2
6000,17.35,0.9628275521,2
6000,17.4,0.9628201928,2
6000,17.45,0.9628128316,2
6000,17.5,0.9628054684,2
6000,17.55,0.9627981032,2
6000,17.6,0.962790736,2
6000,17.65,0.9627833668,2
6000,17.7,0.9627759957,2
6000,17.75,0.9627686225,2
6000,17.8,0.9627612474,2
6000,17.85,0.9627538703,2
6000,17.9,0.9627464913,2
6000,17.95,0.9627391102,2
6000,18,0.9627317272,2
6000,18.05,0.9627243422,2
6000,18.1,0.9627169552,2
6000,18.15,0.9627095662,2
6000,18.2,0.9627021753,2
6000,18.25,0.9626947823,2
6000,18.3,0.9626873874,2
6000,18.35,0.9626799905,2
6000,18.4,0.9626725916,2
6000,18.45,0.9626651907,2
6000,18.5,0.9626577878,2
6000,18.55,0.9626503829,2
6000,18.6,0.9626429761,2
6000,18.65,0.9626355673,2
6000,18.7,0.9626281564,2
6000,18.75,0.9626207436,2
6000,18.8,0.9626133288,2
6000,18.85,0.962605912,2
6000,18.9,0.9625984932,2
6000,18.95,0.9625910725,2
6000,19,0.9625836497,2
6000,19.05,0.9625762249,2
6000,19.1,0.9625687982,2
6000,19.15,0.9625613695,2
6000,19.2,0.9625539387,2
6000,19.25,0.962546506,2
6000,19.3,0.9625390713,2
6000,19.35,0.9625316345,2
6000,19.4,0.9625241958,2
6000,19.45,0.9625167551,2
6000,19.5,0.9625093124,2
6000,19.55,0.9625018677,2
6000,19.6,0.962494421,2
6000,19.65,0.9624869723,2
6000,19.7,0.9624795216,2
6000,19.75,0.962472069,2
6000,19.8,0.9624646143,2
6000,19.85,0.9624571576,2
6000,19.9,0.9624496989,2
6000,19.95,0.9624422382,2
6000,20,0.9624347755,2
6000,20.05,0.9624273108,2
6000,20.1,0.9624198441,2
6000,20.15,0.9624123754,2
6000,20.2,0.9624049047,2
6000,20.25,0.962397432,2
6000,20.3,0.9623899573,2
6000,20.35,0.9623824806,2
6000,20.4,0.9623750019,2
6000,20.45,0.9623675212,2
6000,20.5,0.9623600385,2
6000,20.55,0.9623525538,2
6000,20.6,0.962345067,2
6000,20.65,0.9623375783,2
6000,20.7,0.9623300875,2
6000,20.75,0.9623225948,2
6000,20.8,0.9623151,2
6000,20.85,0.9623076033,2
6000,20.9,0.9623001045,2
6000,20.95,0.9622926037,2
6000,21,0.9622851009,2
6000,21.05,0.9622775961,2
6000,21.1,0.9622700893,2
6000,21.15,0.9622625804,2
6000,21.2,0.9622550696,2
6000,21.25,0.9622475567,2
6000,21.3,0.9622400419,2
6000,21.35,0.962232525,2
6000,21.4,0.9622250061,2
6000,21.45,0.9622174852,2
6000,21.5,0.9622099622,2
6000,21.55,0.9622024373,2
6000,21.6,0.9621949103,2
6000,21.65,0.9621873814,2
6000,21.7,0.9621798504,2
6000,21.75,0.9621723174,2
6000,21.8,0.9621647823,2
6000,21.85,0.9621572453,2
6000,21.9,0.9621497062,2
6000,21.95,0.9621421652,2
6000,22,0.9621346221,2
6000,22.05,0.962127077,2
6000,22.1,0.9621195298,2
6000,22.15,0.9621119807,2
6000,22.2,0.9621044295,2
6000,22.25,0.9620968763,2
6000,22.3,0.962089321,2
6000,22.35,0.9620817638,2
6000,22.4,0.9620742045,2
6000,22.45,0.9620666432,2
6000,22.5,0.9620590799,2
6000,22.55,0.9620515146,2
6000,22.6,0.9620439472,2
6000,22.65,0.9620363778,2
6000,22.7,0.9620288064,2
6000,22.75,0.9620212329,2
6000,22.8,0.9620136575,2
6000,22.85,0.96200608,2
6000,22.9,0.9619985004,2
6000,22.95,0.9619909189,2
6000,23,0.9619833353,2
6000,23.05,0.9619757497,2
6000,23.1,0.961968162,2
6000,23.15,0.9619605724,2
6000,23.2,0.9619529807,2
6000,23.25,0.9619453869,2
6000,23.3,0.9619377911,2
6000,23.35,0.9619301933,2
6000,23.4,0.9619225935,2
6000,23.45,0.9619149916,2
6000,23.5,0.9619073877,2
6000,23.55,0.9618997818,2
6000,23.6,0.9618921738,2
6000,23.65,0.9618845638,2
6000,23.7,0.9618769518,2
6000,23.75,0.9618693377,2
6000,23.8,0.9618617216,2
6000,23.85,0.9618541035,2
6000,23.9,0.9618464833,2
6000,23.95,0.961838861,2
6000,24,0.9618312368,2
6000,24.05,0.9618236105,2
6000,24.1,0.9618159821,2
6000,24.15,0.9618083518,2
6000,24.2,0.9618007193,2
6000,24.25,0.9617930849,2
6000,24.3,0.9617854484,2
6000,24.35,0.9617778098,2
6000,24.4,0.9617701692,2
6000,24.45,0.9617625266,2
6000,24.5,0.9617548819,2
6000,24.55,0.9617472352,2
6000,24.6,0.9617395865,2
6000,24.65,0.9617319357,2
6000,24.7,0.9617242828,2
6000,24.75,0.9617166279,2
6000,24.8,0.961708971,2
6000,24.85,0.961701312,2
6000,24.9,0.9616936509,2
6000,24.95,0.9616859879,2
6000,25,0.9616783227,2
6000,25.05,0.9616706556,2
6000,25.1,0.9616629863,2
6000,25.15,0.9616553151,2
6000,25.2,0.9616476417,2
6000,25.25,0.9616399663,2
6000,25.3,0.9616322889,2
6000,25.35,0.9616246094,2
6000,25.4,0.9616169279,2
6000,25.45,0.9616092443,2
6000,25.5,0.9616015587,2
6000,25.55,0.961593871,2
6000,25.6,0.9615861813,2
6000,25.65,0.9615784895,2
6000,25.7,0.9615707956,2
6000,25.75,0.9615630997,2
6000,25.8,0.9615554018,2
6000,25.85,0.9615477017,2
6000,25.9,0.9615399997,2
6000,25.95,0.9615322955,2
6000,26,0.9615245894,2
6000,26.05,0.9615168811,2
6000,26.1,0.9615091708,2
6000,26.15,0.9615014584,2
6000,26.2,0.961493744,2
6000,26.25,0.9614860275,2
6000,26.3,0.961478309,2
6000,26.35,0.9614705884,2
6000,26.4,0.9614628657,2
6000,26.45,0.961455141,2
6000,26.5,0.9614474142,2
6000,26.55,0.9614396854,2
6000,26.6,0.9614319545,2
6000,26.65,0.9614242215,2
6000,26.7,0.9614164864,2
6000,26.75,0.9614087493,2
6000,26.8,0.9614010102,2
6000,26.85,0.9613932689,2
6000,26.9,0.9613855256,2
6000,26.95,0.9613777803,2
6000,27,0.9613700328,2
6000,27.05,0.9613622833,2
6000,27.1,0.9613545318,2
6000,27.15,0.9613467781,2
6000,27.2,0.9613390224,2
6000,27.25,0.9613312646,2
6000,27.3,0.9613235048,2
6000,27.35,0.9613157429,2
6000,27.4,0.9613079789,2
6000,27.45,0.9613002128,2
6000,27.5,0.9612924447,2
6000,27.55,0.9612846745,2
6000,27.6,0.9612769022,2
6000,27.65,0.9612691279,2
6000,27.7,0.9612613514,2
6000,27.75,0.9612535729,2
6000,27.8,0.9612457924,2
6000,27.85,0.9612380097,2
6000,27.9,0.961230225,2
6000,27.95,0.9612224382,2
6000,28,0.9612146493,2
6000,28.05,0.9612068584,2
6000,28.1,0.9611990654,2
6000,28.15,0.9611912702,2
6000,28.2,0.9611834731,2
6000,28.25,0.9611756738,2
6000,28.3,0.9611678725,2
6000,28.35,0.961160069,2
6000,28.4,0.9611522635,2
6000,28.45,0.9611444559,2
6000,28.5,0.9611366463,2
6000,28.55,0.9611288345,2
6000,28.6,0.9611210207,2
6000,28.65,0.9611132048,2
6000,28.7,0.9611053868,2
6000,28.75,0.9610975667,2
6000,28.8,0.9610897445,2
6000,28.85,0.9610819203,2
6000,28.9,0.961074094,2
6000,28.95,0.9610662655,2
6000,29,0.961058435,2
6000,29.05,0.9610506024,2
6000,29.1,0.9610427678,2
6000,29.15,0.961034931,2
6000,29.2,0.9610270921,2
6000,29.25,0.9610192512,2
6000,29.3,0.9610114082,2
6000,29.35,0.961003563,2
6000,29.4,0.9609957158,2
6000,29.45,0.9609878665,2
6000,29.5,0.9609800151,2
6000,29.55,0.9609721616,2
6000,29.6,0.9609643061,2
6000,29.65,0.9609564484,2
6000,29.7,0.9609485886,2
6000,29.75,0.9609407268,2
6000,29.8,0.9609328628,2
6000,29.85,0.9609249968,2
6000,29.9,0.9609171286,2
6000,29.95,0.9609092584,2
6000,30,0.9609013861,2
6000,30.05,0.9608935117,2
6000,30.1,0.9608856351,2
6000,30.15,0.9608777565,2
6000,30.2,0.9608698758,2
6000,30.25,0.960861993,2
6000,30.3,0.9608541081,2
6000,30.35,0.960846221,2
6000,30.4,0.9608383319,2
6000,30.45,0.9608304407,2
6000,30.5,0.9608225474,2
6000,30.55,0.960814652,2
6000,30.6,0.9608067545,2
6000,30.65,0.9607988549,2
6000,30.7,0.9607909531,2
6000,30.75,0.9607830493,2
6000,30.8,0.9607751434,2
6000,30.85,0.9607672353,2
6000,30.9,0.9607593252,2
6000,30.95,0.960751413,2
6000,31,0.9607434986,2
6000,31.05,0.9607355822,2
6000,31.1,0.9607276636,2
6000,31.15,0.9607197429,2
6000,31.2,0.9607118202,2
6000,31.25,0.9607038953,2
6000,31.3,0.9606959683,2
6000,31.35,0.9606880392,2
6000,31.4,0.960680108,2
6000,31.45,0.9606721747,2
6000,31.5,0.9606642392,2
6000,31.55,0.9606563017,2
6000,31.6,0.960648362,2
6000,31.65,0.9606404203,2
6000,31.7,0.9606324764,2
6000,31.75,0.9606245304,2
6000,31.8,0.9606165823,2
6000,31.85,0.9606086321,2
6000,31.9,0.9606006798,2
6000,31.95,0.9605927253,2
6000,32,0.9605847688,2
6000,32.05,0.9605768101,2
6000,32.1,0.9605688493,2
6000,32.15,0.9605608864,2
6000,32.2,0.9605529214,2
6000,32.25,0.9605449542,2
6000,32.3,0.960536985,2
6000,32.35,0.9605290136,2
6000,32.4,0.9605210401,2
6000,32.45,0.9605130645,2
6000,32.5,0.9605050868,2
6000,32.55,0.9604971069,2
6000,32.6,0.9604891249,2
6000,32.65,0.9604811408,2
6000,32.7,0.9604731546,2
6000,32.75,0.9604651663,2
6000,32.8,0.9604571758,2
6000,32.85,0.9604491832,2
6000,32.9,0.9604411885,2
6000,32.95,0.9604331916,2
6000,33,0.9604251927,2
6000,33.05,0.9604171916,2
6000,33.1,0.9604091884,2
6000,33.15,0.960401183,2
6000,33.2,0.9603931756,2
6000,33.25,0.960385166,2
6000,33.3,0.9603771542,2
6000,33.35,0.9603691404,2
6000,33.4,0.9603611244,2
6000,33.45,0.9603531063,2
6000,33.5,0.9603450861,2
6000,33.55,0.9603370637,2
6000,33.6,0.9603290392,2
6000,33.65,0.9603210126,2
6000,33.7,0.9603129838,2
6000,33.75,0.9603049529,2
6000,33.8,0.9602969199,2
6000,33.85,0.9602888847,2
6000,33.9,0.9602808474,2
6000,33.95,0.960272808,2
6000,34,0.9602647664,2
6000,34.05,0.9602567227,2
6000,34.1,0.9602486769,2
6000,34.15,0.9602406289,2
6000,34.2,0.9602325788,2
6000,34.25,0.9602245266,2
6000,34.3,0.9602164722,2
6000,34.35,0.9602084157,2
6000,34.4,0.960200357,2
6000,34.45,0.9601922962,2
6000,34.5,0.9601842333,2
6000,34.55,0.9601761682,2
6000,34.6,0.960168101,2
6000,34.65,0.9601600316,2
6000,34.7,0.9601519601,2
6000,34.75,0.9601438865,2
6000,34.8,0.9601358107,2
6000,34.85,0.9601277328,2
6000,34.9,0.9601196527,2
6000,34.95,0.9601115705,2
6000,35,0.9601034861,2
6000,35.05,0.9600953996,2
6000,35.1,0.960087311,2
6000,35.15,0.9600792202,2
6000,35.2,0.9600711272,2
6000,35.25,0.9600630322,2
6000,35.3,0.9600549349,2
6000,35.35,0.9600468355,2
6000,35.4,0.960038734,2
6000,35.45,0.9600306303,2
6000,35.5,0.9600225245,2
6000,35.55,0.9600144165,2
6000,35.6,0.9600063064,2
6000,35.65,0.9599981941,2
6000,35.7,0.9599900797,2
6000,35.75,0.9599819631,2
6000,35.8,0.9599738443,2
6000,35.85,0.9599657235,2
6000,35.9,0.9599576004,2
6000,35.95,0.9599494752,2
6000,36,0.9599413479,2
6000,36.05,0.9599332184,2
6000,36.1,0.9599250867,2
6000,36.15,0.9599169529,2
6000,36.2,0.9599088169,2
6000,36.25,0.9599006788,2
6000,36.3,0.9598925385,2
6000,36.35,0.9598843961,2
6000,36.4,0.9598762515,2
6000,36.45,0.9598681047,2
6000,36.5,0.9598599558,2
6000,36.55,0.9598518047,2
6000,36.6,0.9598436515,2
6000,36.65,0.9598354961,2
6000,36.7,0.9598273385,2
6000,36.75,0.9598191788,2
6000,36.8,0.9598110169,2
6000,36.85,0.9598028528,2
6000,36.9,0.9597946866,2
6000,36.95,0.9597865183,2
6000,37,0.9597783477,2
6000,37.05,0.959770175,2
6000,37.1,0.9597620002,2
6000,37.15,0.9597538231,2
6000,37.2,0.9597456439,2
6000,37.25,0.9597374626,2
6000,37.3,0.959729279,2
6000,37.35,0.9597210933,2
6000,37.4,0.9597129055,2
6000,37.45,0.9597047154,2
6000,37.5,0.9596965232,2
6000,37.55,0.9596883288,2
6000,37.6,0.9596801323,2
6000,37.65,0.9596719336,2
6000,37.7,0.9596637327,2
6000,37.75,0.9596555296,2
6000,37.8,0.9596473244,2
6000,37.85,0.959639117,2
6000,37.9,0.9596309074,2
6000,37.95,0.9596226957,2
6000,38,0.9596144818,2
6000,38.05,0.9596062657,2
6000,38.1,0.9595980474,2
6000,38.15,0.9595898269,2
6000,38.2,0.9595816043,2
6000,38.25,0.9595733795,2
6000,38.3,0.9595651526,2
6000,38.35,0.9595569234,2
6000,38.4,0.9595486921,2
6000,38.45,0.9595404586,2
6000,38.5,0.9595322229,2
6000,38.55,0.959523985,2
6000,38.6,0.959515745,2
6000,38.65,0.9595075027,2
6000,38.7,0.9594992583,2
6000,38.75,0.9594910117,2
6000,38.8,0.959482763,2
6000,38.85,0.959474512,2
6000,38.9,0.9594662589,2
6000,38.95,0.9594580035,2
6000,39,0.959449746,2
6000,39.05,0.9594414864,2
6000,39.1,0.9594332245,2
6000,39.15,0.9594249604,2
6000,39.2,0.9594166942,2
6000,39.25,0.9594084257,2
6000,39.3,0.9594001551,2
6000,39.35,0.9593918823,2
6000,39.4,0.9593836073,2
6000,39.45,0.9593753302,2
6000,39.5,0.9593670508,2
6000,39.55,0.9593587692,2
6000,39.6,0.9593504855,2
6000,39.65,0.9593421995,2
6000,39.7,0.9593339114,2
6000,39.75,0.9593256211,2
6000,39.8,0.9593173286,2
6000,39.85,0.9593090339,2
6000,39.9,0.959300737,2
6000,39.95,0.9592924379,2
6000,40,0.9592841366,2
6000,40.05,0.9592758331,2
6000,40.1,0.9592675275,2
6000,40.15,0.9592592196,2
6000,40.2,0.9592509095,2
6000,40.25,0.9592425973,2
6000,40.3,0.9592342828,2
6000,40.35,0.9592259662,2
6000,40.4,0.9592176473,2
6000,40.45,0.9592093263,2
6000,40.5,0.959201003,2
6000,40.55,0.9591926776,2
6000,40.6,0.9591843499,2
6000,40.65,0.9591760201,2
6000,40.7,0.959167688,2
6000,40.75,0.9591593538,2
6000,40.8,0.9591510173,2
6000,40.85,0.9591426787,2
6000,40.9,0.9591343378,2
6000,40.95,0.9591259947,2
6000,41,0.9591176495,2
6000,41.05,0.959109302,2
6000,41.1,0.9591009523,2
6000,41.15,0.9590926005,2
6000,41.2,0.9590842464,2
6000,41.25,0.9590758901,2
6000,41.3,0.9590675316,2
6000,41.35,0.9590591709,2
6000,41.4,0.959050808,2
6000,41.45,0.9590424429,2
6000,41.5,0.9590340756,2
6000,41.55,0.959025706,2
6000,41.6,0.9590173343,2
6000,41.65,0.9590089603,2
6000,41.7,0.9590005842,2
6000,41.75,0.9589922058,2
6000,41.8,0.9589838252,2
6000,41.85,0.9589754424,2
6000,41.9,0.9589670574,2
6000,41.95,0.9589586702,2
6000,42,0.9589502807,2
6000,42.05,0.9589418891,2
6000,42.1,0.9589334952,2
6000,42.15,0.9589250991,2
6000,42.2,0.9589167008,2
6000,42.25,0.9589083003,2
6000,42.3,0.9588998976,2
6000,42.35,0.9588914926,2
6000,42.4,0.9588830854,2
6000,42.45,0.9588746761,2
6000,42.5,0.9588662645,2
6000,42.55,0.9588578506,2
6000,42.6,0.9588494346,2
6000,42.65,0.9588410163,2
6000,42.7,0.9588325959,2
6000,42.75,0.9588241731,2
6000,42.8,0.9588157482,2
6000,42.85,0.9588073211,2
6000,42.9,0.9587988917,2
6000,42.95,0.9587904601,2
6000,43,0.9587820263,2
6000,43.05,0.9587735903,2
6000,43.1,0.958765152,2
6000,43.15,0.9587567115,2
6000,43.2,0.9587482688,2
6000,43.25,0.9587398238,2
6000,43.3,0.9587313767,2
6000,43.35,0.9587229273,2
6000,43.4,0.9587144757,2
6000,43.45,0.9587060218,2
6000,43.5,0.9586975657,2
6000,43.55,0.9586891074,2
6000,43.6,0.9586806469,2
6000,43.65,0.9586721841,2
6000,43.7,0.9586637191,2
6000,43.75,0.9586552519,2
6000,43.8,0.9586467824,2
6000,43.85,0.9586383107,2
6000,43.9,0.9586298368,2
6000,43.95,0.9586213606,2
6000,44,0.9586128822,2
6000,44.05,0.9586044016,2
6000,44.1,0.9585959188,2
6000,44.15,0.9585874337,2
6000,44.2,0.9585789463,2
6000,44.25,0.9585704568,2
6000,44.3,0.958561965,2
6000,44.35,0.9585534709,2
6000,44.4,0.9585449746,2
6000,44.45,0.9585364761,2
6000,44.5,0.9585279754,2
6000,44.55,0.9585194724,2
6000,44.6,0.9585109671,2
6000,44.65,0.9585024597,2
6000,44.7,0.9584939499,2
6000,44.75,0.958485438,2
6000,44.8,0.9584769238,2
6000,44.85,0.9584684073,2
6000,44.9,0.9584598887,2
6000,44.95,0.9584513677,2
6000,45,0.9584428446,2
6000,45.05,0.9584343191,2
6000,45.1,0.9584257915,2
6000,45.15,0.9584172616,2
6000,45.2,0.9584087294,2
6000,45.25,0.958400195,2
6000,45.3,0.9583916584,2
6000,45.35,0.9583831195,2
6000,45.4,0.9583745784,2
6000,45.45,0.958366035,2
6000,45.5,0.9583574893,2
6000,45.55,0.9583489415,2
6000,45.6,0.9583403913,2
6000,45.65,0.9583318389,2
6000,45.7,0.9583232843,2
6000,45.75,0.9583147274,2
6000,45.8,0.9583061683,2
6000,45.85,0.9582976069,2
6000,45.9,0.9582890433,2
6000,45.95,0.9582804774,2
6000,46,0.9582719092,2
6000,46.05,0.9582633388,2
6000,46.1,0.9582547661,2
6000,46.15,0.9582461912,2
6000,46.2,0.9582376141,2
6000,46.25,0.9582290346,2
6000,46.3,0.958220453,2
6000,46.35,0.958211869,2
6000,46.4,0.9582032828,2
6000,46.45,0.9581946944,2
6000,46.5,0.9581861037,2
6000,46.55,0.9581775107,2
6000,46.6,0.9581689154,2
6000,46.65,0.958160318,2
6000,46.7,0.9581517182,2
6000,46.75,0.9581431162,2
6000,46.8,0.9581345119,2
6000,46.85,0.9581259054,2
6000,46.9,0.9581172966,2
6000,46.95,0.9581086855,2
6000,47,0.9581000722,2
6000,47.05,0.9580914566,2
6000,47.1,0.9580828387,2
6000,47.15,0.9580742186,2
6000,47.2,0.9580655962,2
6000,47.25,0.9580569716,2
6000,47.3,0.9580483446,2
6000,47.35,0.9580397154,2
6000,47.4,0.958031084,2
6000,47.45,0.9580224503,2
6000,47.5,0.9580138143,2
6000,47.55,0.958005176,2
6000,47.6,0.9579965355,2
6000,47.65,0.9579878927,2
6000,47.7,0.9579792476,2
6000,47.75,0.9579706002,2
6000,47.8,0.9579619506,2
6000,47.85,0.9579532987,2
6000,47.9,0.9579446446,2
6000,47.95,0.9579359881,2
6000,48,0.9579273294,2
6000,48.05,0.9579186684,2
6000,48.1,0.9579100052,2
6000,48.15,0.9579013396,2
6000,48.2,0.9578926718,2
6000,48.25,0.9578840017,2
6000,48.3,0.9578753294,2
6000,48.35,0.9578666547,2
6000,48.4,0.9578579778,2
6000,48.45,0.9578492986,2
6000,48.5,0.9578406171,2
6000,48.55,0.9578319334,2
6000,48.6,0.9578232473,2
6000,48.65,0.957814559,2
6000,48.7,0.9578058684,2
6000,48.75,0.9577971755,2
6000,48.8,0.9577884804,2
6000,48.85,0.9577797829,2
6000,48.9,0.9577710832,2
6000,48.95,0.9577623812,2
6000,49,0.9577536769,2
6000,49.05,0.9577449703,2
6000,49.1,0.9577362615,2
6000,49.15,0.9577275503,2
6000,49.2,0.9577188369,2
6000,49.25,0.9577101212,2
6000,49.3,0.9577014031,2
6000,49.35,0.9576926828,2
6000,49.4,0.9576839603,2
6000,49.45,0.9576752354,2
6000,49.5,0.9576665082,2
6000,49.55,0.9576577788,2
6000,49.6,0.957649047,2
6000,49.65,0.957640313,2
6000,49.7,0.9576315767,2
6000,49.75,0.957622838,2
6000,49.8,0.9576140971,2
6000,49.85,0.9576053539,2
6000,49.9,0.9575966084,2
6000,49.95,0.9575878607,2
6000,50,0.9575791106,2
6000,50.05,0.9575703582,2
6000,50.1,0.9575616035,2
6000,50.15,0.9575528466,2
6000,50.2,0.9575440873,2
6000,50.25,0.9575353257,2
6000,50.3,0.9575265619,2
6000,50.35,0.9575177957,2
6000,50.4,0.9575090273,2
6000,50.45,0.9575002565,2
6000,50.5,0.9574914834,2
6000,50.55,0.9574827081,2
6000,50.6,0.9574739304,2
6000,50.65,0.9574651505,2
6000,50.7,0.9574563682,2
6000,50.75,0.9574475837,2
6000,50.8,0.9574387968,2
6000,50.85,0.9574300077,2
6000,50.9,0.9574212162,2
6000,50.95,0.9574124224,2
6000,51,0.9574036263,2
6000,51.05,0.957394828,2
6000,51.1,0.9573860273,2
6000,51.15,0.9573772243,2
6000,51.2,0.957368419,2
6000,51.25,0.9573596114,2
6000,51.3,0.9573508015,2
6000,51.35,0.9573419893,2
6000,51.4,0.9573331747,2
6000,51.45,0.9573243579,2
6000,51.5,0.9573155388,2
6000,51.55,0.9573067173,2
6000,51.6,0.9572978935,2
6000,51.65,0.9572890675,2
6000,51.7,0.9572802391,2
6000,51.75,0.9572714084,2
6000,51.8,0.9572625754,2
6000,51.85,0.95725374,2
6000,51.9,0.9572449024,2
6000,51.95,0.9572360624,2
6000,52,0.9572272202,2
6000,52.05,0.9572183756,2
6000,52.1,0.9572095287,2
6000,52.15,0.9572006795,2
6000,52.2,0.9571918279,2
6000,52.25,0.9571829741,2
6000,52.3,0.9571741179,2
6000,52.35,0.9571652594,2
6000,52.4,0.9571563986,2
6000,52.45,0.9571475355,2
6000,52.5,0.9571386701,2
6000,52.55,0.9571298023,2
6000,52.6,0.9571209322,2
6000,52.65,0.9571120598,2
6000,52.7,0.9571031851,2
6000,52.75,0.957094308,2
6000,52.8,0.9570854287,2
6000,52.85,0.957076547,2
6000,52.9,0.9570676629,2
6000,52.95,0.9570587766,2
6000,53,0.9570498879,2
6000,53.05,0.9570409969,2
6000,53.1,0.9570321036,2
6000,53.15,0.957023208,2
6000,53.2,0.95701431,2
6000,53.25,0.9570054097,2
6000,53.3,0.9569965071,2
6000,53.35,0.9569876021,2
6000,53.4,0.9569786948,2
6000,53.45,0.9569697852,2
6000,53.5,0.9569608733,2
6000,53.55,0.956951959,2
6000,53.6,0.9569430424,2
6000,53.65,0.9569341235,2
6000,53.7,0.9569252022,2
6000,53.75,0.9569162786,2
6000,53.8,0.9569073526,2
6000,53.85,0.9568984244,2
6000,53.9,0.9568894938,2
6000,53.95,0.9568805608,2
6000,54,0.9568716256,2
6000,54.05,0.956862688,2
6000,54.1,0.956853748,2
6000,54.15,0.9568448057,2
6000,54.2,0.9568358611,2
6000,54.25,0.9568269142,2
6000,54.3,0.9568179649,2
6000,54.35,0.9568090132,2
6000,54.4,0.9568000593,2
6000,54.45,0.956791103,2
6000,54.5,0.9567821443,2
6000,54.55,0.9567731833,2
6000,54.6,0.95676422,2
6000,54.65,0.9567552543,2
6000,54.7,0.9567462863,2
6000,54.75,0.9567373159,2
6000,54.8,0.9567283432,2
6000,54.85,0.9567193682,2
6000,54.9,0.9567103908,2
6000,54.95,0.956701411,2
6000,55,0.956692429,2
6000,55.05,0.9566834445,2
6000,55.1,0.9566744578,2
6000,55.15,0.9566654686,2
6000,55.2,0.9566564772,2
6000,55.25,0.9566474833,2
6000,55.3,0.9566384872,2
6000,55.35,0.9566294887,2
6000,55.4,0.9566204878,2
6000,55.45,0.9566114846,2
6000,55.5,0.956602479,2
6000,55.55,0.9565934711,2
6000,55.6,0.9565844608,2
6000,55.65,0.9565754482,2
6000,55.7,0.9565664333,2
6000,55.75,0.9565574159,2
6000,55.8,0.9565483963,2
6000,55.85,0.9565393742,2
6000,55.9,0.9565303498,2
6000,55.95,0.9565213231,2
6000,56,0.956512294,2
6000,56.05,0.9565032625,2
6000,56.1,0.9564942287,2
6000,56.15,0.9564851926,2
6000,56.2,0.956476154,2
6000,56.25,0.9564671131,2
6000,56.3,0.9564580699,2
6000,56.35,0.9564490243,2
6000,56.4,0.9564399763,2
6000,56.45,0.956430926,2
6000,56.5,0.9564218733,2
6000,56.55,0.9564128183,2
6000,56.6,0.9564037609,2
6000,56.65,0.9563947011,2
6000,56.7,0.956385639,2
6000,56.75,0.9563765745,2
6000,56.8,0.9563675076,2
6000,56.85,0.9563584384,2
6000,56.9,0.9563493668,2
6000,56.95,0.9563402929,2
6000,57,0.9563312165,2
6000,57.05,0.9563221379,2
6000,57.1,0.9563130568,2
6000,57.15,0.9563039734,2
6000,57.2,0.9562948876,2
6000,57.25,0.9562857994,2
6000,57.3,0.9562767089,2
6000,57.35,0.956267616,2
6000,57.4,0.9562585208,2
6000,57.45,0.9562494231,2
6000,57.5,0.9562403231,2
6000,57.55,0.9562312207,2
6000,57.6,0.956222116,2
6000,57.65,0.9562130089,2
6000,57.7,0.9562038994,2
6000,57.75,0.9561947875,2
6000,57.8,0.9561856732,2
6000,57.85,0.9561765566,2
6000,57.9,0.9561674376,2
6000,57.95,0.9561583162,2
6000,58,0.9561491925,2
6000,58.05,0.9561400664,2
6000,58.1,0.9561309379,2
6000,58.15,0.956121807,2
6000,58.2,0.9561126737,2
6000,58.25,0.9561035381,2
6000,58.3,0.9560944001,2
6000,58.35,0.9560852597,2
6000,58.4,0.9560761169,2
6000,58.45,0.9560669717,2
6000,58.5,0.9560578242,2
6000,58.55,0.9560486743,2
6000,58.6,0.956039522,2
6000,58.65,0.9560303673,2
6000,58.7,0.9560212102,2
6000,58.75,0.9560120508,2
6000,58.8,0.9560028889,2
6000,58.85,0.9559937247,2
6000,58.9,0.9559845581,2
6000,58.95,0.9559753891,2
6000,59,0.9559662177,2
6000,59.05,0.9559570439,2
6000,59.1,0.9559478678,2
6000,59.15,0.9559386892,2
6000,59.2,0.9559295083,2
6000,59.25,0.955920325,2
6000,59.3,0.9559111392,2
6000,59.35,0.9559019511,2
6000,59.4,0.9558927606,2
6000,59.45,0.9558835678,2
6000,59.5,0.9558743725,2
6000,59.55,0.9558651748,2
6000,59.6,0.9558559747,2
6000,59.65,0.9558467723,2
6000,59.7,0.9558375674,2
6000,59.75,0.9558283602,2
6000,59.8,0.9558191505,2
6000,59.85,0.9558099385,2
6000,59.9,0.9558007241,2
6000,59.95,0.9557915072,2
6000,60,0.955782288,2
6000,60.05,0.9557730664,2
6000,60.1,0.9557638424,2
6000,60.15,0.9557546159,2
6000,60.2,0.9557453871,2
6000,60.25,0.9557361559,2
6000,60.3,0.9557269223,2
6000,60.35,0.9557176862,2
6000,60.4,0.9557084478,2
6000,60.45,0.955699207,2
6000,60.5,0.9556899638,2
6000,60.55,0.9556807181,2
6000,60.6,0.9556714701,2
6000,60.65,0.9556622197,2
6000,60.7,0.9556529668,2
6000,60.75,0.9556437116,2
6000,60.8,0.9556344539,2
6000,60.85,0.9556251939,2
6000,60.9,0.9556159314,2
6000,60.95,0.9556066665,2
6000,61,0.9555973993,2
6000,61.05,0.9555881296,2
6000,61.1,0.9555788575,2
6000,61.15,0.955569583,2
6000,61.2,0.9555603061,2
6000,61.25,0.9555510267,2
6000,61.3,0.955541745,2
6000,61.35,0.9555324608,2
6000,61.4,0.9555231743,2
6000,61.45,0.9555138853,2
6000,61.5,0.9555045939,2
6000,61.55,0.9554953001,2
6000,61.6,0.9554860039,2
6000,61.65,0.9554767053,2
6000,61.7,0.9554674043,2
6000,61.75,0.9554581008,2
6000,61.8,0.9554487949,2
6000,61.85,0.9554394867,2
6000,61.9,0.9554301759,2
6000,61.95,0.9554208628,2
6000,62,0.9554115473,2
6000,62.05,0.9554022293,2
6000,62.1,0.955392909,2
6000,62.15,0.9553835862,2
6000,62.2,0.9553742609,2
6000,62.25,0.9553649333,2
6000,62.3,0.9553556032,2
6000,62.35,0.9553462708,2
6000,62.4,0.9553369359,2
6000,62.45,0.9553275985,2
6000,62.5,0.9553182588,2
6000,62.55,0.9553089166,2
6000,62.6,0.955299572,2
6000,62.65,0.955290225,2
6000,62.7,0.9552808756,2
6000,62.75,0.9552715237,2
6000,62.8,0.9552621694,2
6000,62.85,0.9552528127,2
6000,62.9,0.9552434535,2
6000,62.95,0.9552340919,2
6000,63,0.9552247279,2
6000,63.05,0.9552153615,2
6000,63.1,0.9552059926,2
6000,63.15,0.9551966213,2
6000,63.2,0.9551872476,2
6000,63.25,0.9551778714,2
6000,63.3,0.9551684928,2
6000,63.35,0.9551591118,2
6000,63.4,0.9551497284,2
6000,63.45,0.9551403425,2
6000,63.5,0.9551309542,2
6000,63.55,0.9551215634,2
6000,63.6,0.9551121702,2
6000,63.65,0.9551027746,2
6000,63.7,0.9550933765,2
6000,63.75,0.955083976,2
6000,63.8,0.9550745731,2
6000,63.85,0.9550651677,2
6000,63.9,0.9550557599,2
6000,63.95,0.9550463497,2
6000,64,0.955036937,2
6000,64.05,0.9550275218,2
6000,64.1,0.9550181043,2
6000,64.15,0.9550086843,2
6000,64.2,0.9549992618,2
6000,64.25,0.9549898369,2
6000,64.3,0.9549804096,2
6000,64.35,0.9549709798,2
6000,64.4,0.9549615476,2
6000,64.45,0.9549521129,2
6000,64.5,0.9549426758,2
6000,64.55,0.9549332363,2
6000,64.6,0.9549237943,2
6000,64.65,0.9549143499,2
6000,64.7,0.954904903,2
6000,64.75,0.9548954536,2
6000,64.8,0.9548860019,2
6000,64.85,0.9548765476,2
6000,64.9,0.9548670909,2
6000,64.95,0.9548576318,2
6000,65,0.9548481702,2
6000,65.05,0.9548387062,2
6000,65.1,0.9548292397,2
6000,65.15,0.9548197708,2
6000,65.2,0.9548102994,2
6000,65.25,0.9548008256,2
6000,65.3,0.9547913493,2
6000,65.35,0.9547818706,2
6000,65.4,0.9547723894,2
6000,65.45,0.9547629058,2
6000,65.5,0.9547534197,2
6000,65.55,0.9547439311,2
6000,65.6,0.9547344401,2
6000,65.65,0.9547249466,2
6000,65.7,0.9547154507,2
6000,65.75,0.9547059523,2
6000,65.8,0.9546964515,2
6000,65.85,0.9546869482,2
6000,65.9,0.9546774424,2
6000,65.95,0.9546679342,2
6000,66,0.9546584236,2
6000,66.05,0.9546489104,2
6000,66.1,0.9546393948,2
6000,66.15,0.9546298768,2
6000,66.2,0.9546203562,2
6000,66.25,0.9546108333,2
6000,66.3,0.9546013078,2
6000,66.35,0.9545917799,2
6000,66.4,0.9545822495,2
6000,66.45,0.9545727167,2
6000,66.5,0.9545631814,2
6000,66.55,0.9545536436,2
6000,66.6,0.9545441034,2
6000,66.65,0.9545345607,2
6000,66.7,0.9545250155,2
6000,66.75,0.9545154679,2
6000,66.8,0.9545059178,2
6000,66.85,0.9544963652,2
6000,66.9,0.9544868102,2
6000,66.95,0.9544772527,2
6000,67,0.9544676927,2
6000,67.05,0.9544581302,2
6000,67.1,0.9544485653,2
6000,67.15,0.9544389979,2
6000,67.2,0.954429428,2
6000,67.25,0.9544198557,2
6000,67.3,0.9544102809,2
6000,67.35,0.9544007036,2
6000,67.4,0.9543911238,2
6000,67.45,0.9543815416,2
6000,67.5,0.9543719568,2
6000,67.55,0.9543623697,2
6000,67.6,0.95435278,2
6000,67.65,0.9543431878,2
6000,67.7,0.9543335932,2
6000,67.75,0.9543239961,2
6000,67.8,0.9543143965,2
6000,67.85,0.9543047945,2
6000,67.9,0.9542951899,2
6000,67.95,0.9542855829,2
6000,68,0.9542759734,2
6000,68.05,0.9542663614,2
6000,68.1,0.9542567469,2
6000,68.15,0.95424713,2
6000,68.2,0.9542375106,2
6000,68.25,0.9542278886,2
6000,68.3,0.9542182642,2
6000,68.35,0.9542086374,2
6000,68.4,0.954199008,2
6000,68.45,0.9541893761,2
6000,68.5,0.9541797418,2
6000,68.55,0.954170105,2
6000,68.6,0.9541604656,2
6000,68.65,0.9541508238,2
6000,68.7,0.9541411795,2
6000,68.75,0.9541315328,2
6000,68.8,0.9541218835,2
6000,68.85,0.9541122317,2
6000,68.9,0.9541025775,2
6000,68.95,0.9540929207,2
6000,69,0.9540832615,2
6000,69.05,0.9540735998,2
6000,69.1,0.9540639355,2
6000,69.15,0.9540542688,2
6000,69.2,0.9540445996,2
6000,69.25,0.9540349279,2
6000,69.3,0.9540252537,2
6000,69.35,0.954015577,2
6000,69.4,0.9540058978,2
6000,69.45,0.9539962162,2
6000,69.5,0.953986532,2
6000,69.55,0.9539768453,2
6000,69.6,0.9539671561,2
6000,69.65,0.9539574645,2
6000,69.7,0.9539477703,2
6000,69.75,0.9539380736,2
6000,69.8,0.9539283744,2
6000,69.85,0.9539186728,2
6000,69.9,0.9539089686,2
6000,69.95,0.9538992619,2
6000,70,0.9538895527,2
6000,70.05,0.9538798411,2
6000,70.1,0.9538701269,2
6000,70.15,0.9538604102,2
6000,70.2,0.953850691,2
6000,70.25,0.9538409693,2
6000,70.3,0.9538312451,2
6000,70.35,0.9538215184,2
6000,70.4,0.9538117892,2
6000,70.45,0.9538020574,2
6000,70.5,0.9537923232,2
6000,70.55,0.9537825865,2
6000,70.6,0.9537728472,2
6000,70.65,0.9537631055,2
6000,70.7,0.9537533612,2
6000,70.75,0.9537436144,2
6000,70.8,0.9537338651,2
6000,70.85,0.9537241133,2
6000,70.9,0.953714359,2
6000,70.95,0.9537046022,2
6000,71,0.9536948429,2
6000,71.05,0.953685081,2
6000,71.1,0.9536753167,2
6000,71.15,0.9536655498,2
6000,71.2,0.9536557804,2
6000,71.25,0.9536460085,2
6000,71.3,0.9536362341,2
6000,71.35,0.9536264571,2
6000,71.4,0.9536166777,2
6000,71.45,0.9536068957,2
6000,71.5,0.9535971112,2
6000,71.55,0.9535873242,2
6000,71.6,0.9535775347,2
6000,71.65,0.9535677426,2
6000,71.7,0.953557948,2
6000,71.75,0.9535481509,2
6000,71.8,0.9535383513,2
6000,71.85,0.9535285492,2
6000,71.9,0.9535187445,2
6000,71.95,0.9535089374,2
6000,72,0.9534991277,2
6000,72.05,0.9534893154,2
6000,72.1,0.9534795007,2
6000,72.15,0.9534696834,2
6000,72.2,0.9534598636,2
6000,72.25,0.9534500413,2
6000,72.3,0.9534402164,2
6000,72.35,0.953430389,2
6000,72.4,0.9534205591,2
6000,72.45,0.9534107267,2
6000,72.5,0.9534008917,2
6000,72.55,0.9533910542,2
6000,72.6,0.9533812142,2
6000,72.65,0.9533713716,2
6000,72.7,0.9533615266,2
6000,72.75,0.9533516789,2
6000,72.8,0.9533418288,2
6000,72.85,0.9533319761,2
6000,72.9,0.9533221209,2
6000,72.95,0.9533122631,2
6000,73,0.9533024029,2
6000,73.05,0.95329254,2
6000,73.1,0.9532826747,2
6000,73.15,0.9532728068,2
6000,73.2,0.9532629364,2
6000,73.25,0.9532530634,2
6000,73.3,0.9532431879,2
6000,73.35,0.9532333099,2
6000,73.4,0.9532234293,2
6000,73.45,0.9532135462,2
6000,73.5,0.9532036605,2
6000,73.55,0.9531937723,2
6000,73.6,0.9531838816,2
6000,73.65,0.9531739883,2
6000,73.7,0.9531640925,2
6000,73.75,0.9531541941,2
6000,73.8,0.9531442932,2
6000,73.85,0.9531343898,2
6000,73.9,0.9531244838,2
6000,73.95,0.9531145752,2
6000,74,0.9531046642,2
6000,74.05,0.9530947505,2
6000,74.1,0.9530848344,2
6000,74.15,0.9530749157,2
6000,74.2,0.9530649944,2
6000,74.25,0.9530550706,2
6000,74.3,0.9530451442,2
6000,74.35,0.9530352153,2
6000,74.4,0.9530252839,2
6000,74.45,0.9530153499,2
6000,74.5,0.9530054133,2
6000,74.55,0.9529954742,2
6000,74.6,0.9529855325,2
6000,74.65,0.9529755883,2
6000,74.7,0.9529656416,2
6000,74.75,0.9529556922,2
6000,74.8,0.9529457404,2
6000,74.85,0.9529357859,2
6000,74.9,0.952925829,2
6000,74.95,0.9529158694,2
6000,75,0.9529059073,2
6000,75.05,0.9528959427,2
6000,75.1,0.9528859755,2
6000,75.15,0.9528760057,2
6000,75.2,0.9528660334,2
6000,75.25,0.9528560586,2
6000,75.3,0.9528460811,2
6000,75.35,0.9528361011,2
6000,75.4,0.9528261186,2
6000,75.45,0.9528161335,2
6000,75.5,0.9528061458,2
6000,75.55,0.9527961556,2
6000,75.6,0.9527861628,2
6000,75.65,0.9527761674,2
6000,75.7,0.9527661695,2
6000,75.75,0.952756169,2
6000,75.8,0.952746166,2
6000,75.85,0.9527361603,2
6000,75.9,0.9527261522,2
6000,75.95,0.9527161414,2
6000,76,0.9527061281,2
6000,76.05,0.9526961122,2
6000,76.1,0.9526860938,2
6000,76.15,0.9526760728,2
6000,76.2,0.9526660492,2
6000,76.25,0.952656023,2
6000,76.3,0.9526459943,2
6000,76.35,0.952635963,2
6000,76.4,0.9526259292,2
6000,76.45,0.9526158927,2
6000,76.5,0.9526058537,2
6000,76.55,0.9525958122,2
6000,76.6,0.952585768,2
6000,76.65,0.9525757213,2
6000,76.7,0.952565672,2
6000,76.75,0.9525556201,2
6000,76.8,0.9525455657,2
6000,76.85,0.9525355087,2
6000,76.9,0.9525254491,2
6000,76.95,0.9525153869,2
6000,77,0.9525053222,2
6000,77.05,0.9524952548,2
6000,77.1,0.9524851849,2
6000,77.15,0.9524751125,2
6000,77.2,0.9524650374,2
6000,77.25,0.9524549598,2
6000,77.3,0.9524448795,2
6000,77.35,0.9524347967,2
6000,77.4,0.9524247114,2
6000,77.45,0.9524146234,2
6000,77.5,0.9524045328,2
6000,77.55,0.9523944397,2
6000,77.6,0.952384344,2
6000,77.65,0.9523742457,2
6000,77.7,0.9523641448,2
6000,77.75,0.9523540414,2
6000,77.8,0.9523439353,2
6000,77.85,0.9523338267,2
6000,77.9,0.9523237154,2
6000,77.95,0.9523136016,2
6000,78,0.9523034852,2
6000,78.05,0.9522933662,2
6000,78.1,0.9522832447,2
6000,78.15,0.9522731205,2
6000,78.2,0.9522629937,2
6000,78.25,0.9522528644,2
6000,78.3,0.9522427325,2
6000,78.35,0.9522325979,2
6000,78.4,0.9522224608,2
6000,78.45,0.9522123211,2
6000,78.5,0.9522021788,2
6000,78.55,0.9521920339,2
6000,78.6,0.9521818864,2
6000,78.65,0.9521717363,2
6000,78.7,0.9521615836,2
6000,78.75,0.9521514284,2
6000,78.8,0.9521412705,2
6000,78.85,0.95213111,2
6000,78.9,0.9521209469,2
6000,78.95,0.9521107813,2
6000,79,0.952100613,2
6000,79.05,0.9520904421,2
6000,79.1,0.9520802687,2
6000,79.15,0.9520700926,2
6000,79.2,0.9520599139,2
6000,79.25,0.9520497327,2
6000,79.3,0.9520395488,2
6000,79.35,0.9520293623,2
6000,79.4,0.9520191733,2
6000,79.45,0.9520089816,2
6000,79.5,0.9519987873,2
6000,79.55,0.9519885904,2
6000,79.6,0.9519783909,2
6000,79.65,0.9519681888,2
6000,79.7,0.9519579841,2
6000,79.75,0.9519477768,2
6000,79.8,0.9519375669,2
6000,79.85,0.9519273544,2
6000,79.9,0.9519171393,2
6000,79.95,0.9519069215,2
6000,80,0.9518967012,2
6000,80.05,0.9518864782,2
6000,80.1,0.9518762526,2
6000,80.15,0.9518660245,2
6000,80.2,0.9518557937,2
6000,80.25,0.9518455603,2
6000,80.3,0.9518353243,2
6000,80.35,0.9518250856,2
6000,80.4,0.9518148444,2
6000,80.45,0.9518046005,2
6000,80.5,0.9517943541,2
6000,80.55,0.951784105,2
6000,80.6,0.9517738533,2
6000,80.65,0.9517635989,2
6000,80.7,0.951753342,2
6000,80.75,0.9517430825,2
6000,80.8,0.9517328203,2
6000,80.85,0.9517225555,2
6000,80.9,0.9517122881,2
6000,80.95,0.9517020181,2
6000,81,0.9516917454,2
6000,81.05,0.9516814702,2
6000,81.1,0.9516711923,2
6000,81.15,0.9516609118,2
6000,81.2,0.9516506286,2
6000,81.25,0.9516403429,2
6000,81.3,0.9516300545,2
6000,81.35,0.9516197635,2
6000,81.4,0.9516094699,2
6000,81.45,0.9515991736,2
6000,81.5,0.9515888747,2
6000,81.55,0.9515785732,2
6000,81.6,0.9515682691,2
6000,81.65,0.9515579623,2
6000,81.7,0.951547653,2
6000,81.75,0.9515373409,2
6000,81.8,0.9515270263,2
6000,81.85,0.951516709,2
6000,81.9,0.9515063891,2
6000,81.95,0.9514960666,2
6000,82,0.9514857414,2
6000,82.05,0.9514754136,2
6000,82.1,0.9514650832,2
6000,82.15,0.9514547502,2
6000,82.2,0.9514444145,2
6000,82.25,0.9514340761,2
6000,82.3,0.9514237352,2
6000,82.35,0.9514133916,2
6000,82.4,0.9514030454,2
6000,82.45,0.9513926965,2
6000,82.5,0.951382345,2
6000,82.55,0.9513719909,2
6000,82.6,0.9513616341,2
6000,82.65,0.9513512747,2
6000,82.7,0.9513409126,2
6000,82.75,0.9513305479,2
6000,82.8,0.9513201806,2
6000,82.85,0.9513098106,2
6000,82.9,0.951299438,2
6000,82.95,0.9512890628,2
6000,83,0.9512786849,2
6000,83.05,0.9512683044,2
6000,83.1,0.9512579212,2
6000,83.15,0.9512475354,2
6000,83.2,0.9512371469,2
6000,83.25,0.9512267558,2
6000,83.3,0.951216362,2
6000,83.35,0.9512059656,2
6000,83.4,0.9511955666,2
6000,83.45,0.9511851649,2
6000,83.5,0.9511747606,2
6000,83.55,0.9511643536,2
6000,83.6,0.9511539439,2
6000,83.65,0.9511435317,2
6000,83.7,0.9511331167,2
6000,83.75,0.9511226991,2
6000,83.8,0.9511122789,2
6000,83.85,0.951101856,2
6000,83.9,0.9510914305,2
6000,83.95,0.9510810023,2
6000,84,0.9510705715,2
6000,84.05,0.951060138,2
6000,84.1,0.9510497018,2
6000,84.15,0.951039263,2
6000,84.2,0.9510288216,2
6000,84.25,0.9510183775,2
6000,84.3,0.9510079307,2
6000,84.35,0.9509974813,2
6000,84.4,0.9509870292,2
6000,84.45,0.9509765745,2
6000,84.5,0.9509661171,2
6000,84.55,0.950955657,2
6000,84.6,0.9509451943,2
6000,84.65,0.9509347289,2
6000,84.7,0.9509242609,2
6000,84.75,0.9509137902,2
6000,84.8,0.9509033168,2
6000,84.85,0.9508928408,2
6000,84.9,0.9508823621,2
6000,84.95,0.9508718808,2
6000,85,0.9508613968,2
6000,85.05,0.9508509101,2
6000,85.1,0.9508404208,2
6000,85.15,0.9508299288,2
6000,85.2,0.9508194341,2
6000,85.25,0.9508089368,2
6000,85.3,0.9507984368,2
6000,85.35,0.9507879341,2
6000,85.4,0.9507774288,2
6000,85.45,0.9507669208,2
6000,85.5,0.9507564101,2
6000,85.55,0.9507458968,2
6000,85.6,0.9507353808,2
6000,85.65,0.9507248621,2
6000,85.7,0.9507143408,2
6000,85.75,0.9507038168,2
6000,85.8,0.9506932901,2
6000,85.85,0.9506827607,2
6000,85.9,0.9506722287,2
6000,85.95,0.9506616939,2
6000,86,0.9506511566,2
6000,86.05,0.9506406165,2
6000,86.1,0.9506300738,2
6000,86.15,0.9506195284,2
6000,86.2,0.9506089803,2
6000,86.25,0.9505984295,2
6000,86.3,0.9505878761,2
6000,86.35,0.9505773199,2
6000,86.4,0.9505667611,2
6000,86.45,0.9505561997,2
6000,86.5,0.9505456355,2
6000,86.55,0.9505350687,2
6000,86.6,0.9505244991,2
6000,86.65,0.9505139269,2
6000,86.7,0.9505033521,2
6000,86.75,0.9504927745,2
6000,86.8,0.9504821942,2
6000,86.85,0.9504716113,2
6000,86.9,0.9504610257,2
6000,86.95,0.9504504374,2
6000,87,0.9504398464,2
6000,87.05,0.9504292527,2
6000,87.1,0.9504186564,2
6000,87.15,0.9504080573,2
6000,87.2,0.9503974556,2
6000,87.25,0.9503868512,2
6000,87.3,0.9503762441,2
6000,87.35,0.9503656343,2
6000,87.4,0.9503550218,2
6000,87.45,0.9503444066,2
6000,87.5,0.9503337887,2
6000,87.55,0.9503231682,2
6000,87.6,0.9503125449,2
6000,87.65,0.950301919,2
6000,87.7,0.9502912904,2
6000,87.75,0.950280659,2
6000,87.8,0.950270025,2
6000,87.85,0.9502593883,2
6000,87.9,0.9502487489,2
6000,87.95,0.9502381068,2
6000,88,0.950227462,2
6000,88.05,0.9502168145,2
6000,88.1,0.9502061643,2
6000,88.15,0.9501955114,2
6000,88.2,0.9501848558,2
6000,88.25,0.9501741975,2
6000,88.3,0.9501635365,2
6000,88.35,0.9501528728,2
6000,88.4,0.9501422064,2
6000,88.45,0.9501315373,2
6000,88.5,0.9501208655,2
6000,88.55,0.950110191,2
6000,88.6,0.9500995138,2
6000,88.65,0.9500888339,2
6000,88.7,0.9500781513,2
6000,88.75,0.950067466,2
6000,88.8,0.950056778,2
6000,88.85,0.9500460873,2
6000,88.9,0.9500353939,2
6000,88.95,0.9500246977,2
6000,89,0.9500139989,2
6000,89.05,0.9500032973,2
6000,89.1,0.9499925931,2
6000,89.15,0.9499818861,2
6000,89.2,0.9499711765,2
6000,89.25,0.9499604641,2
6000,89.3,0.949949749,2
6000,89.35,0.9499390312,2
6000,89.4,0.9499283107,2
6000,89.45,0.9499175874,2
6000,89.5,0.9499068615,2
6000,89.55,0.9498961328,2
6000,89.6,0.9498854015,2
6000,89.65,0.9498746674,2
6000,89.7,0.9498639306,2
6000,89.75,0.9498531911,2
6000,89.8,0.9498424489,2
6000,89.85,0.9498317039,2
6000,89.9,0.9498209563,2
6000,89.95,0.9498102059,2
6000,90,0.9497994528,2
6000,90.05,0.949788697,2
6000,90.1,0.9497779385,2
6000,90.15,0.9497671772,2
6000,90.2,0.9497564132,2
6000,90.25,0.9497456465,2
6000,90.3,0.9497348771,2
6000,90.35,0.949724105,2
6000,90.4,0.9497133301,2
6000,90.45,0.9497025526,2
6000,90.5,0.9496917723,2
6000,90.55,0.9496809892,2
6000,90.6,0.9496702035,2
6000,90.65,0.949659415,2
6000,90.7,0.9496486238,2
6000,90.75,0.9496378299,2
6000,90.8,0.9496270332,2
6000,90.85,0.9496162339,2
6000,90.9,0.9496054317,2
6000,90.95,0.9495946269,2
6000,91,0.9495838193,2
6000,91.05,0.949573009,2
6000,91.1,0.949562196,2
6000,91.15,0.9495513803,2
6000,91.2,0.9495405618,2
6000,91.25,0.9495297406,2
6000,91.3,0.9495189166,2
6000,91.35,0.9495080899,2
6000,91.4,0.9494972605,2
6000,91.45,0.9494864284,2
6000,91.5,0.9494755935,2
6000,91.55,0.9494647559,2
6000,91.6,0.9494539155,2
6000,91.65,0.9494430724,2
6000,91.7,0.9494322266,2
6000,91.75,0.949421378,2
6000,91.8,0.9494105267,2
6000,91.85,0.9493996727,2
6000,91.9,0.9493888159,2
6000,91.95,0.9493779564,2
6000,92,0.9493670941,2
6000,92.05,0.9493562291,2
6000,92.1,0.9493453614,2
6000,92.15,0.9493344909,2
6000,92.2,0.9493236177,2
6000,92.25,0.9493127417,2
6000,92.3,0.949301863,2
6000,92.35,0.9492909816,2
6000,92.4,0.9492800974,2
6000,92.45,0.9492692104,2
6000,92.5,0.9492583207,2
6000,92.55,0.9492474283,2
6000,92.6,0.9492365331,2
6000,92.65,0.9492256352,2
6000,92.7,0.9492147345,2
6000,92.75,0.9492038311,2
6000,92.8,0.9491929249,2
6000,92.85,0.949182016,2
6000,92.9,0.9491711044,2
6000,92.95,0.9491601899,2
6000,93,0.9491492728,2
6000,93.05,0.9491383528,2
6000,93.1,0.9491274302,2
6000,93.15,0.9491165048,2
6000,93.2,0.9491055766,2
6000,93.25,0.9490946456,2
6000,93.3,0.949083712,2
6000,93.35,0.9490727755,2
6000,93.4,0.9490618363,2
6000,93.45,0.9490508944,2
6000,93.5,0.9490399497,2
6000,93.55,0.9490290022,2
6000,93.6,0.949018052,2
6000,93.65,0.949007099,2
6000,93.7,0.9489961433,2
6000,93.75,0.9489851848,2
6000,93.8,0.9489742235,2
6000,93.85,0.9489632595,2
6000,93.9,0.9489522927,2
6000,93.95,0.9489413232,2
6000,94,0.9489303509,2
6000,94.05,0.9489193758,2
6000,94.1,0.948908398,2
6000,94.15,0.9488974174,2
6000,94.2,0.9488864341,2
6000,94.25,0.948875448,2
6000,94.3,0.9488644591,2
6000,94.35,0.9488534674,2
6000,94.4,0.948842473,2
6000,94.45,0.9488314758,2
6000,94.5,0.9488204759,2
6000,94.55,0.9488094732,2
6000,94.6,0.9487984677,2
6000,94.65,0.9487874594,2
6000,94.7,0.9487764484,2
6000,94.75,0.9487654346,2
6000,94.8,0.9487544181,2
6000,94.85,0.9487433987,2
6000,94.9,0.9487323766,2
6000,94.95,0.9487213518,2
6000,95,0.9487103241,2
6000,95.05,0.9486992937,2
6000,95.1,0.9486882605,2
6000,95.15,0.9486772245,2
6000,95.2,0.9486661858,2
6000,95.25,0.9486551442,2
6000,95.3,0.9486441,2
6000,95.35,0.9486330529,2
6000,95.4,0.948622003,2
6000,95.45,0.9486109504,2
6000,95.5,0.948599895,2
6000,95.55,0.9485888368,2
6000,95.6,0.9485777758,2
6000,95.65,0.9485667121,2
6000,95.7,0.9485556456,2
6000,95.75,0.9485445763,2
6000,95.8,0.9485335042,2
6000,95.85,0.9485224293,2
6000,95.9,0.9485113517,2
6000,95.95,0.9485002712,2
6000,96,0.948489188,2
6000,96.05,0.948478102,2
6000,96.1,0.9484670132,2
6000,96.15,0.9484559216,2
6000,96.2,0.9484448273,2
6000,96.25,0.9484337301,2
6000,96.3,0.9484226302,2
6000,96.35,0.9484115275,2
6000,96.4,0.948400422,2
6000,96.45,0.9483893137,2
6000,96.5,0.9483782026,2
6000,96.55,0.9483670887,2
6000,96.6,0.948355972,2
6000,96.65,0.9483448526,2
6000,96.7,0.9483337303,2
6000,96.75,0.9483226053,2
6000,96.8,0.9483114775,2
6000,96.85,0.9483003468,2
6000,96.9,0.9482892134,2
6000,96.95,0.9482780772,2
6000,97,0.9482669382,2
6000,97.05,0.9482557964,2
6000,97.1,0.9482446518,2
6000,97.15,0.9482335044,2
6000,97.2,0.9482223542,2
6000,97.25,0.9482112012,2
6000,97.3,0.9482000454,2
6000,97.35,0.9481888868,2
6000,97.4,0.9481777254,2
6000,97.45,0.9481665613,2
6000,97.5,0.9481553943,2
6000,97.55,0.9481442245,2
6000,97.6,0.9481330519,2
6000,97.65,0.9481218765,2
6000,97.7,0.9481106983,2
6000,97.75,0.9480995173,2
6000,97.8,0.9480883335,2
6000,97.85,0.9480771469,2
6000,97.9,0.9480659575,2
6000,97.95,0.9480547653,2
6000,98,0.9480435703,2
6000,98.05,0.9480323724,2
6000,98.1,0.9480211718,2
6000,98.15,0.9480099684,2
6000,98.2,0.9479987621,2
6000,98.25,0.9479875531,2
6000,98.3,0.9479763412,2
6000,98.35,0.9479651265,2
6000,98.4,0.947953909,2
6000,98.45,0.9479426888,2
6000,98.5,0.9479314656,2
6000,98.55,0.9479202397,2
6000,98.6,0.947909011,2
6000,98.65,0.9478977795,2
6000,98.7,0.9478865451,2
6000,98.75,0.9478753079,2
6000,98.8,0.9478640679,2
6000,98.85,0.9478528251,2
6000,98.9,0.9478415795,2
6000,98.95,0.9478303311,2
6000,99,0.9478190798,2
6000,99.05,0.9478078258,2
6000,99.1,0.9477965689,2
6000,99.15,0.9477853092,2
6000,99.2,0.9477740467,2
6000,99.25,0.9477627813,2
6000,99.3,0.9477515131,2
6000,99.35,0.9477402422,2
6000,99.4,0.9477289684,2
6000,99.45,0.9477176917,2
6000,99.5,0.9477064123,2
6000,99.55,0.94769513,2
6000,99.6,0.9476838449,2
6000,99.65,0.947672557,2
6000,99.7,0.9476612663,2
6000,99.75,0.9476499727,2
6000,99.8,0.9476386763,2
6000,99.85,0.9476273771,2
6000,99.9,0.947616075,2
6000,99.95,0.9476047702,2
6000,100,0.9475934625,2
6000,100.05,0.9475821519,2
6000,100.1,0.9475708386,2
6000,100.15,0.9475595224,2
6000,100.2,0.9475482034,2
6000,100.25,0.9475368815,2
6000,100.3,0.9475255568,2
6000,100.35,0.9475142293,2
6000,100.4,0.947502899,2
6000,100.45,0.9474915658,2
6000,100.5,0.9474802298,2
6000,100.55,0.9474688909,2
6000,100.6,0.9474575493,2
6000,100.65,0.9474462048,2
6000,100.7,0.9474348574,2
6000,100.75,0.9474235072,2
6000,100.8,0.9474121542,2
6000,100.85,0.9474007983,2
6000,100.9,0.9473894396,2
6000,100.95,0.9473780781,2
6000,101,0.9473667137,2
6000,101.05,0.9473553465,2
6000,101.1,0.9473439765,2
6000,101.15,0.9473326036,2
6000,101.2,0.9473212278,2
6000,101.25,0.9473098493,2
6000,101.3,0.9472984678,2
6000,101.35,0.9472870836,2
6000,101.4,0.9472756965,2
6000,101.45,0.9472643065,2
6000,101.5,0.9472529137,2
6000,101.55,0.9472415181,2
6000,101.6,0.9472301196,2
6000,101.65,0.9472187183,2
6000,101.7,0.9472073141,2
6000,101.75,0.9471959071,2
6000,101.8,0.9471844972,2
6000,101.85,0.9471730845,2
6000,101.9,0.9471616689,2
6000,101.95,0.9471502505,2
6000,102,0.9471388292,2
6000,102.05,0.9471274051,2
6000,102.1,0.9471159782,2
6000,102.15,0.9471045483,2
6000,102.2,0.9470931157,2
6000,102.25,0.9470816801,2
6000,102.3,0.9470702418,2
6000,102.35,0.9470588005,2
6000,102.4,0.9470473564,2
6000,102.45,0.9470359095,2
6000,102.5,0.9470244597,2
6000,102.55,0.9470130071,2
6000,102.6,0.9470015515,2
6000,102.65,0.9469900932,2
6000,102.7,0.946978632,2
6000,102.75,0.9469671679,2
6000,102.8,0.9469557009,2
6000,102.85,0.9469442311,2
6000,102.9,0.9469327585,2
6000,102.95,0.946921283,2
6000,103,0.9469098046,2
6000,103.05,0.9468983233,2
6000,103.1,0.9468868392,2
6000,103.15,0.9468753523,2
6000,103.2,0.9468638624,2
6000,103.25,0.9468523697,2
6000,103.3,0.9468408742,2
6000,103.35,0.9468293757,2
6000,103.4,0.9468178745,2
6000,103.45,0.9468063703,2
6000,103.5,0.9467948633,2
6000,103.55,0.9467833534,2
6000,103.6,0.9467718406,2
6000,103.65,0.946760325,2
6000,103.7,0.9467488065,2
6000,103.75,0.9467372852,2
6000,103.8,0.9467257609,2
6000,103.85,0.9467142338,2
6000,103.9,0.9467027038,2
6000,103.95,0.946691171,2
6000,104,0.9466796353,2
6000,104.05,0.9466680967,2
6000,104.1,0.9466565552,2
6000,104.15,0.9466450109,2
6000,104.2,0.9466334637,2
6000,104.25,0.9466219136,2
6000,104.3,0.9466103606,2
6000,104.35,0.9465988048,2
6000,104.4,0.9465872461,2
6000,104.45,0.9465756845,2
6000,104.5,0.94656412,2
6000,104.55,0.9465525527,2
6000,104.6,0.9465409824,2
6000,104.65,0.9465294093,2
6000,104.7,0.9465178334,2
6000,104.75,0.9465062545,2
6000,104.8,0.9464946727,2
6000,104.85,0.9464830881,2
6000,104.9,0.9464715006,2
6000,104.95,0.9464599102,2
6000,105,0.9464483169,2
6000,105.05,0.9464367208,2
6000,105.1,0.9464251217,2
6000,105.15,0.9464135198,2
6000,105.2,0.946401915,2
6000,105.25,0.9463903073,2
6000,105.3,0.9463786967,2
6000,105.35,0.9463670832,2
6000,105.4,0.9463554669,2
6000,105.45,0.9463438476,2
6000,105.5,0.9463322255,2
6000,105.55,0.9463206005,2
6000,105.6,0.9463089726,2
6000,105.65,0.9462973418,2
6000,105.7,0.9462857081,2
6000,105.75,0.9462740715,2
6000,105.8,0.946262432,2
6000,105.85,0.9462507896,2
6000,105.9,0.9462391444,2
6000,105.95,0.9462274962,2
6000,106,0.9462158451,2
6000,106.05,0.9462041912,2
6000,106.1,0.9461925343,2
6000,106.15,0.9461808746,2
6000,106.2,0.946169212,2
6000,106.25,0.9461575464,2
6000,106.3,0.946145878,2
6000,106.35,0.9461342067,2
6000,106.4,0.9461225325,2
6000,106.45,0.9461108553,2
6000,106.5,0.9460991753,2
6000,106.55,0.9460874924,2
6000,106.6,0.9460758065,2
6000,106.65,0.9460641178,2
6000,106.7,0.9460524262,2
6000,106.75,0.9460407317,2
6000,106.8,0.9460290342,2
6000,106.85,0.9460173339,2
6000,106.9,0.9460056306,2
6000,106.95,0.9459939245,2
6000,107,0.9459822154,2
6000,107.05,0.9459705035,2
6000,107.1,0.9459587886,2
6000,107.15,0.9459470708,2
6000,107.2,0.9459353501,2
6000,107.25,0.9459236266,2
6000,107.3,0.9459119001,2
6000,107.35,0.9459001707,2
6000,107.4,0.9458884383,2
6000,107.45,0.9458767031,2
6000,107.5,0.945864965,2
6000,107.55,0.9458532239,2
6000,107.6,0.94584148,2
6000,107.65,0.9458297331,2
6000,107.7,0.9458179833,2
6000,107.75,0.9458062306,2
6000,107.8,0.945794475,2
6000,107.85,0.9457827165,2
6000,107.9,0.945770955,2
6000,107.95,0.9457591906,2
6000,108,0.9457474234,2
6000,108.05,0.9457356532,2
6000,108.1,0.9457238801,2
6000,108.15,0.945712104,2
6000,108.2,0.9457003251,2
6000,108.25,0.9456885432,2
6000,108.3,0.9456767584,2
6000,108.35,0.9456649707,2
6000,108.4,0.9456531801,2
6000,108.45,0.9456413866,2
6000,108.5,0.9456295901,2
6000,108.55,0.9456177907,2
6000,108.6,0.9456059884,2
6000,108.65,0.9455941831,2
6000,108.7,0.945582375,2
6000,108.75,0.9455705639,2
6000,108.8,0.9455587499,2
6000,108.85,0.9455469329,2
6000,108.9,0.9455351131,2
6000,108.95,0.9455232903,2
6000,109,0.9455114645,2
6000,109.05,0.9454996359,2
6000,109.1,0.9454878043,2
6000,109.15,0.9454759698,2
6000,109.2,0.9454641324,2
6000,109.25,0.945452292,2
6000,109.3,0.9454404487,2
6000,109.35,0.9454286025,2
6000,109.4,0.9454167533,2
6000,109.45,0.9454049012,2
6000,109.5,0.9453930462,2
6000,109.55,0.9453811882,2
6000,109.6,0.9453693273,2
6000,109.65,0.9453574635,2
6000,109.7,0.9453455967,2
6000,109.75,0.945333727,2
6000,109.8,0.9453218544,2
6000,109.85,0.9453099788,2
6000,109.9,0.9452981003,2
6000,109.95,0.9452862189,2
6000,110,0.9452743345,2
6000,110.05,0.9452624472,2
6000,110.1,0.9452505569,2
6000,110.15,0.9452386637,2
6000,110.2,0.9452267675,2
6000,110.25,0.9452148684,2
6000,110.3,0.9452029664,2
6000,110.35,0.9451910614,2
6000,110.4,0.9451791535,2
6000,110.45,0.9451672427,2
6000,110.5,0.9451553289,2
6000,110.55,0.9451434121,2
6000,110.6,0.9451314924,2
6000,110.65,0.9451195698,2
6000,110.7,0.9451076442,2
6000,110.75,0.9450957157,2
6000,110.8,0.9450837842,2
6000,110.85,0.9450718497,2
6000,110.9,0.9450599124,2
6000,110.95,0.945047972,2
6000,111,0.9450360288,2
6000,111.05,0.9450240825,2
6000,111.1,0.9450121334,2
6000,111.15,0.9450001812,2
6000,111.2,0.9449882262,2
6000,111.25,0.9449762681,2
6000,111.3,0.9449643071,2
6000,111.35,0.9449523432,2
6000,111.4,0.9449403763,2
6000,111.45,0.9449284064,2
6000,111.5,0.9449164336,2
6000,111.55,0.9449044579,2
6000,111.6,0.9448924792,2
6000,111.65,0.9448804975,2
6000,111.7,0.9448685129,2
6000,111.75,0.9448565253,2
6000,111.8,0.9448445347,2
6000,111.85,0.9448325412,2
6000,111.9,0.9448205448,2
6000,111.95,0.9448085453,2
6000,112,0.9447965429,2
6000,112.05,0.9447845376,2
6000,112.1,0.9447725293,2
6000,112.15,0.944760518,2
6000,112.2,0.9447485038,2
6000,112.25,0.9447364866,2
6000,112.3,0.9447244664,2
6000,112.35,0.9447124433,2
6000,112.4,0.9447004172,2
6000,112.45,0.9446883881,2
6000,112.5,0.9446763561,2
6000,112.55,0.9446643211,2
6000,112.6,0.9446522832,2
6000,112.65,0.9446402422,2
6000,112.7,0.9446281983,2
6000,112.75,0.9446161515,2
6000,112.8,0.9446041016,2
6000,112.85,0.9445920488,2
6000,112.9,0.944579993,2
6000,112.95,0.9445679343,2
6000,113,0.9445558726,2
6000,113.05,0.9445438079,2
6000,113.1,0.9445317402,2
6000,113.15,0.9445196696,2
6000,113.2,0.944507596,2
6000,113.25,0.9444955194,2
6000,113.3,0.9444834398,2
6000,113.35,0.9444713573,2
6000,113.4,0.9444592718,2
6000,113.45,0.9444471833,2
6000,113.5,0.9444350918,2
6000,113.55,0.9444229973,2
6000,113.6,0.9444108999,2
6000,113.65,0.9443987995,2
6000,113.7,0.9443866961,2
6000,113.75,0.9443745898,2
6000,113.8,0.9443624804,2
6000,113.85,0.9443503681,2
6000,113.9,0.9443382528,2
6000,113.95,0.9443261345,2
6000,114,0.9443140132,2
6000,114.05,0.9443018889,2
6000,114.1,0.9442897617,2
6000,114.15,0.9442776315,2
6000,114.2,0.9442654983,2
6000,114.25,0.9442533621,2
6000,114.3,0.9442412229,2
6000,114.35,0.9442290807,2
6000,114.4,0.9442169355,2
6000,114.45,0.9442047874,2
6000,114.5,0.9441926363,2
6000,114.55,0.9441804821,2
6000,114.6,0.944168325,2
6000,114.65,0.9441561649,2
6000,114.7,0.9441440018,2
6000,114.75,0.9441318357,2
6000,114.8,0.9441196666,2
6000,114.85,0.9441074946,2
6000,114.9,0.9440953195,2
6000,114.95,0.9440831414,2
6000,115,0.9440709604,2
6000,115.05,0.9440587763,2
6000,115.1,0.9440465893,2
6000,115.15,0.9440343993,2
6000,115.2,0.9440222062,2
6000,115.25,0.9440100102,2
6000,115.3,0.9439978112,2
6000,115.35,0.9439856091,2
6000,115.4,0.9439734041,2
6000,115.45,0.9439611961,2
6000,115.5,0.9439489851,2
6000,115.55,0.943936771,2
6000,115.6,0.943924554,2
6000,115.65,0.943912334,2
6000,115.7,0.9439001109,2
6000,115.75,0.9438878849,2
6000,115.8,0.9438756559,2
6000,115.85,0.9438634238,2
6000,115.9,0.9438511888,2
6000,115.95,0.9438389507,2
6000,116,0.9438267097,2
6000,116.05,0.9438144656,2
6000,116.1,0.9438022186,2
6000,116.15,0.9437899685,2
6000,116.2,0.9437777154,2
6000,116.25,0.9437654593,2
6000,116.3,0.9437532002,2
6000,116.35,0.9437409381,2
6000,116.4,0.943728673,2
6000,116.45,0.9437164049,2
6000,116.5,0.9437041337,2
6000,116.55,0.9436918596,2
6000,116.6,0.9436795824,2
6000,116.65,0.9436673023,2
6000,116.7,0.9436550191,2
6000,116.75,0.9436427329,2
6000,116.8,0.9436304437,2
6000,116.85,0.9436181514,2
6000,116.9,0.9436058562,2
6000,116.95,0.9435935579,2
6000,117,0.9435812566,2
6000,117.05,0.9435689524,2
6000,117.1,0.943556645,2
6000,117.15,0.9435443347,2
6000,117.2,0.9435320214,2
6000,117.25,0.943519705,2
6000,117.3,0.9435073856,2
6000,117.35,0.9434950632,2
6000,117.4,0.9434827378,2
6000,117.45,0.9434704093,2
6000,117.5,0.9434580779,2
6000,117.55,0.9434457434,2
6000,117.6,0.9434334058,2
6000,117.65,0.9434210653,2
6000,117.7,0.9434087217,2
6000,117.75,0.9433963752,2
6000,117.8,0.9433840255,2
6000,117.85,0.9433716729,2
6000,117.9,0.9433593172,2
6000,117.95,0.9433469585,2
6000,118,0.9433345968,2
6000,118.05,0.9433222321,2
6000,118.1,0.9433098643,2
6000,118.15,0.9432974935,2
6000,118.2,0.9432851196,2
6000,118.25,0.9432727428,2
6000,118.3,0.9432603629,2
6000,118.35,0.9432479799,2
6000,118.4,0.943235594,2
6000,118.45,0.943223205,2
6000,118.5,0.943210813,2
6000,118.55,0.9431984179,2
6000,118.6,0.9431860198,2
6000,118.65,0.9431736187,2
6000,118.7,0.9431612145,2
6000,118.75,0.9431488073,2
6000,118.8,0.9431363971,2
6000,118.85,0.9431239838,2
6000,118.9,0.9431115675,2
6000,118.95,0.9430991481,2
6000,119,0.9430867257,2
6000,119.05,0.9430743003,2
6000,119.1,0.9430618718,2
6000,119.15,0.9430494403,2
6000,119.2,0.9430370058,2
6000,119.25,0.9430245682,2
6000,119.3,0.9430121276,2
6000,119.35,0.9429996839,2
6000,119.4,0.9429872372,2
6000,119.45,0.9429747874,2
6000,119.5,0.9429623346,2
6000,119.55,0.9429498788,2
6000,119.6,0.9429374199,2
6000,119.65,0.9429249579,2
6000,119.7,0.9429124929,2
6000,119.75,0.9429000249,2
6000,119.8,0.9428875538,2
6000,119.85,0.9428750797,2
6000,119.9,0.9428626025,2
6000,119.95,0.9428501223,2
6000,120,0.942837639,2
6000,120.05,0.9428251527,2
6000,120.1,0.9428126633,2
6000,120.15,0.9428001708,2
6000,120.2,0.9427876754,2
6000,120.25,0.9427751768,2
6000,120.3,0.9427626752,2
6000,120.35,0.9427501706,2
6000,120.4,0.9427376629,2
6000,120.45,0.9427251521,2
6000,120.5,0.9427126383,2
6000,120.55,0.9427001215,2
6000,120.6,0.9426876016,2
6000,120.65,0.9426750786,2
6000,120.7,0.9426625525,2
6000,120.75,0.9426500234,2
6000,120.8,0.9426374913,2
6000,120.85,0.9426249561,2
6000,120.9,0.9426124178,2
6000,120.95,0.9425998765,2
6000,121,0.9425873321,2
6000,121.05,0.9425747846,2
6000,121.1,0.9425622341,2
6000,121.15,0.9425496805,2
6000,121.2,0.9425371239,2
6000,121.25,0.9425245642,2
6000,121.3,0.9425120014,2
6000,121.35,0.9424994356,2
6000,121.4,0.9424868667,2
6000,121.45,0.9424742947,2
6000,121.5,0.9424617197,2
6000,121.55,0.9424491416,2
6000,121.6,0.9424365604,2
6000,121.65,0.9424239762,2
6000,121.7,0.9424113889,2
6000,121.75,0.9423987985,2
6000,121.8,0.9423862051,2
6000,121.85,0.9423736086,2
6000,121.9,0.942361009,2
6000,121.95,0.9423484063,2
6000,122,0.9423358006,2
6000,122.05,0.9423231918,2
6000,122.1,0.9423105799,2
6000,122.15,0.942297965,2
6000,122.2,0.942285347,2
6000,122.25,0.9422727259,2
6000,122.3,0.9422601017,2
6000,122.35,0.9422474745,2
6000,122.4,0.9422348441,2
6000,122.45,0.9422222107,2
6000,122.5,0.9422095743,2
6000,122.55,0.9421969347,2
6000,122.6,0.9421842921,2
6000,122.65,0.9421716464,2
6000,122.7,0.9421589976,2
6000,122.75,0.9421463457,2
6000,122.8,0.9421336907,2
6000,122.85,0.9421210327,2
6000,122.9,0.9421083716,2
6000,122.95,0.9420957074,2
6000,123,0.9420830401,2
6000,123.05,0.9420703697,2
6000,123.1,0.9420576963,2
6000,123.15,0.9420450197,2
6000,123.2,0.9420323401,2
6000,123.25,0.9420196574,2
6000,123.3,0.9420069716,2
6000,123.35,0.9419942827,2
6000,123.4,0.9419815908,2
6000,123.45,0.9419688957,2
6000,123.5,0.9419561976,2
6000,123.55,0.9419434963,2
6000,123.6,0.941930792,2
6000,123.65,0.9419180846,2
6000,123.7,0.9419053741,2
6000,123.75,0.9418926605,2
6000,123.8,0.9418799438,2
6000,123.85,0.941867224,2
6000,123.9,0.9418545011,2
6000,123.95,0.9418417752,2
6000,124,0.9418290461,2
6000,124.05,0.941816314,2
6000,124.1,0.9418035787,2
6000,124.15,0.9417908404,2
6000,124.2,0.9417780989,2
6000,124.25,0.9417653544,2
6000,124.3,0.9417526067,2
6000,124.35,0.941739856,2
6000,124.4,0.9417271022,2
6000,124.45,0.9417143452,2
6000,124.5,0.9417015852,2
6000,124.55,0.941688822,2
6000,124.6,0.9416760558,2
6000,124.65,0.9416632865,2
6000,124.7,0.941650514,2
6000,124.75,0.9416377385,2
6000,124.8,0.9416249598,2
6000,124.85,0.9416121781,2
6000,124.9,0.9415993932,2
6000,124.95,0.9415866053,2
6000,125,0.9415738142,2
6000,125.05,0.94156102,2
6000,125.1,0.9415482228,2
6000,125.15,0.9415354224,2
6000,125.2,0.9415226189,2
6000,125.25,0.9415098123,2
6000,125.3,0.9414970026,2
6000,125.35,0.9414841898,2
6000,125.4,0.9414713738,2
6000,125.45,0.9414585548,2
6000,125.5,0.9414457326,2
6000,125.55,0.9414329074,2
6000,125.6,0.941420079,2
6000,125.65,0.9414072475,2
6000,125.7,0.9413944129,2
6000,125.75,0.9413815752,2
6000,125.8,0.9413687344,2
6000,125.85,0.9413558904,2
6000,125.9,0.9413430434,2
6000,125.95,0.9413301932,2
6000,126,0.9413173399,2
6000,126.05,0.9413044835,2
6000,126.1,0.941291624,2
6000,126.15,0.9412787613,2
6000,126.2,0.9412658956,2
6000,126.25,0.9412530267,2
6000,126.3,0.9412401547,2
6000,126.35,0.9412272796,2
6000,126.4,0.9412144013,2
6000,126.45,0.94120152,2
6000,126.5,0.9411886355,2
6000,126.55,0.9411757479,2
6000,126.6,0.9411628572,2
6000,126.65,0.9411499633,2
6000,126.7,0.9411370663,2
6000,126.75,0.9411241662,2
6000,126.8,0.941111263,2
6000,126.85,0.9410983566,2
6000,126.9,0.9410854472,2
6000,126.95,0.9410725346,2
6000,127,0.9410596188,2
6000,127.05,0.9410467,2
6000,127.1,0.941033778,2
6000,127.15,0.9410208528,2
6000,127.2,0.9410079246,2
6000,127.25,0.9409949932,2
6000,127.3,0.9409820587,2
6000,127.35,0.9409691211,2
6000,127.4,0.9409561803,2
6000,127.45,0.9409432364,2
6000,127.5,0.9409302893,2
6000,127.55,0.9409173392,2
6000,127.6,0.9409043858,2
6000,127.65,0.9408914294,2
6000,127.7,0.9408784698,2
6000,127.75,0.9408655071,2
6000,127.8,0.9408525413,2
6000,127.85,0.9408395723,2
6000,127.9,0.9408266001,2
6000,127.95,0.9408136249,2
6000,128,0.9408006465,2
6000,128.05,0.9407876649,2
6000,128.1,0.9407746802,2
6000,128.15,0.9407616924,2
6000,128.2,0.9407487015,2
6000,128.25,0.9407357074,2
6000,128.3,0.9407227101,2
6000,128.35,0.9407097097,2
6000,128.4,0.9406967062,2
6000,128.45,0.9406836995,2
6000,128.5,0.9406706897,2
6000,128.55,0.9406576767,2
6000,128.6,0.9406446606,2
6000,128.65,0.9406316414,2
6000,128.7,0.940618619,2
6000,128.75,0.9406055934,2
6000,128.8,0.9405925647,2
6000,128.85,0.9405795329,2
6000,128.9,0.9405664979,2
6000,128.95,0.9405534597,2
6000,129,0.9405404184,2
6000,129.05,0.940527374,2
6000,129.1,0.9405143264,2
6000,129.15,0.9405012756,2
6000,129.2,0.9404882218,2
6000,129.25,0.9404751647,2
6000,129.3,0.9404621045,2
6000,129.35,0.9404490411,2
6000,129.4,0.9404359746,2
6000,129.45,0.940422905,2
6000,129.5,0.9404098321,2
6000,129.55,0.9403967562,2
6000,129.6,0.940383677,2
6000,129.65,0.9403705947,2
6000,129.7,0.9403575093,2
6000,129.75,0.9403444207,2
6000,129.8,0.9403313289,2
6000,129.85,0.940318234,2
6000,129.9,0.9403051359,2
6000,129.95,0.9402920347,2
6000,130,0.9402789303,2
6000,130.05,0.9402658227,2
6000,130.1,0.940252712,2
6000,130.15,0.9402395981,2
6000,130.2,0.940226481,2
6000,130.25,0.9402133608,2
6000,130.3,0.9402002374,2
6000,130.35,0.9401871109,2
6000,130.4,0.9401739812,2
6000,130.45,0.9401608483,2
6000,130.5,0.9401477122,2
6000,130.55,0.940134573,2
6000,130.6,0.9401214307,2
6000,130.65,0.9401082851,2
6000,130.7,0.9400951364,2
6000,130.75,0.9400819845,2
6000,130.8,0.9400688295,2
6000,130.85,0.9400556712,2
6000,130.9,0.9400425098,2
6000,130.95,0.9400293453,2
6000,131,0.9400161775,2
6000,131.05,0.9400030066,2
6000,131.1,0.9399898325,2
6000,131.15,0.9399766553,2
6000,131.2,0.9399634748,2
6000,131.25,0.9399502912,2
6000,131.3,0.9399371045,2
6000,131.35,0.9399239145,2
6000,131.4,0.9399107214,2
6000,131.45,0.9398975251,2
6000,131.5,0.9398843256,2
6000,131.55,0.9398711229,2
6000,131.6,0.9398579171,2
6000,131.65,0.939844708,2
6000,131.7,0.9398314958,2
6000,131.75,0.9398182804,2
6000,131.8,0.9398050619,2
6000,131.85,0.9397918401,2
6000,131.9,0.9397786152,2
6000,131.95,0.9397653871,2
6000,132,0.9397521558,2
6000,132.05,0.9397389213,2
6000,132.1,0.9397256837,2
6000,132.15,0.9397124428,2
6000,132.2,0.9396991988,2
6000,132.25,0.9396859516,2
6000,132.3,0.9396727012,2
6000,132.35,0.9396594476,2
6000,132.4,0.9396461908,2
6000,132.45,0.9396329308,2
6000,132.5,0.9396196677,2
6000,132.55,0.9396064013,2
6000,132.6,0.9395931318,2
6000,132.65,0.9395798591,2
6000,132.7,0.9395665832,2
6000,132.75,0.9395533041,2
6000,132.8,0.9395400218,2
6000,132.85,0.9395267363,2
6000,132.9,0.9395134476,2
6000,132.95,0.9395001557,2
6000,133,0.9394868606,2
6000,133.05,0.9394735624,2
6000,133.1,0.9394602609,2
6000,133.15,0.9394469563,2
6000,133.2,0.9394336484,2
6000,133.25,0.9394203374,2
6000,133.3,0.9394070231,2
6000,133.35,0.9393937057,2
6000,133.4,0.939380385,2
6000,133.45,0.9393670612,2
6000,133.5,0.9393537342,2
6000,133.55,0.9393404039,2
6000,133.6,0.9393270705,2
6000,133.65,0.9393137338,2
6000,133.7,0.939300394,2
6000,133.75,0.9392870509,2
6000,133.8,0.9392737047,2
6000,133.85,0.9392603552,2
6000,133.9,0.9392470026,2
6000,133.95,0.9392336467,2
6000,134,0.9392202876,2
6000,134.05,0.9392069254,2
6000,134.1,0.9391935599,2
6000,134.15,0.9391801912,2
6000,134.2,0.9391668193,2
6000,134.25,0.9391534442,2
6000,134.3,0.9391400659,2
6000,134.35,0.9391266844,2
6000,134.4,0.9391132997,2
6000,134.45,0.9390999117,2
6000,134.5,0.9390865206,2
6000,134.55,0.9390731262,2
6000,134.6,0.9390597286,2
6000,134.65,0.9390463279,2
6000,134.7,0.9390329239,2
6000,134.75,0.9390195166,2
6000,134.8,0.9390061062,2
6000,134.85,0.9389926926,2
6000,134.9,0.9389792757,2
6000,134.95,0.9389658557,2
6000,135,0.9389524324,2
6000,135.05,0.9389390059,2
6000,135.1,0.9389255762,2
6000,135.15,0.9389121432,2
6000,135.2,0.9388987071,2
6000,135.25,0.9388852677,2
6000,135.3,0.9388718251,2
6000,135.35,0.9388583793,2
6000,135.4,0.9388449302,2
6000,135.45,0.938831478,2
6000,135.5,0.9388180225,2
6000,135.55,0.9388045638,2
6000,135.6,0.9387911019,2
6000,135.65,0.9387776367,2
6000,135.7,0.9387641684,2
6000,135.75,0.9387506968,2
6000,135.8,0.938737222,2
6000,135.85,0.9387237439,2
6000,135.9,0.9387102626,2
6000,135.95,0.9386967781,2
6000,136,0.9386832904,2
6000,136.05,0.9386697995,2
6000,136.1,0.9386563053,2
6000,136.15,0.9386428079,2
6000,136.2,0.9386293072,2
6000,136.25,0.9386158034,2
6000,136.3,0.9386022963,2
6000,136.35,0.9385887859,2
6000,136.4,0.9385752724,2
6000,136.45,0.9385617556,2
6000,136.5,0.9385482355,2
6000,136.55,0.9385347123,2
6000,136.6,0.9385211858,2
6000,136.65,0.9385076561,2
6000,136.7,0.9384941231,2
6000,136.75,0.9384805869,2
6000,136.8,0.9384670475,2
6000,136.85,0.9384535048,2
6000,136.9,0.9384399589,2
6000,136.95,0.9384264097,2
6000,137,0.9384128574,2
6000,137.05,0.9383993017,2
6000,137.1,0.9383857429,2
6000,137.15,0.9383721808,2
6000,137.2,0.9383586154,2
6000,137.25,0.9383450468,2
6000,137.3,0.938331475,2
6000,137.35,0.9383178999,2
6000,137.4,0.9383043216,2
6000,137.45,0.9382907401,2
6000,137.5,0.9382771553,2
6000,137.55,0.9382635672,2
6000,137.6,0.938249976,2
6000,137.65,0.9382363814,2
6000,137.7,0.9382227836,2
6000,137.75,0.9382091826,2
6000,137.8,0.9381955783,2
6000,137.85,0.9381819708,2
6000,137.9,0.9381683601,2
6000,137.95,0.938154746,2
6000,138,0.9381411288,2
6000,138.05,0.9381275083,2
6000,138.1,0.9381138845,2
6000,138.15,0.9381002575,2
6000,138.2,0.9380866272,2
6000,138.25,0.9380729937,2
6000,138.3,0.9380593569,2
6000,138.35,0.9380457169,2
6000,138.4,0.9380320736,2
6000,138.45,0.9380184271,2
6000,138.5,0.9380047773,2
6000,138.55,0.9379911243,2
6000,138.6,0.937977468,2
6000,138.65,0.9379638084,2
6000,138.7,0.9379501456,2
6000,138.75,0.9379364795,2
6000,138.8,0.9379228102,2
6000,138.85,0.9379091376,2
6000,138.9,0.9378954618,2
6000,138.95,0.9378817827,2
6000,139,0.9378681003,2
6000,139.05,0.9378544147,2
6000,139.1,0.9378407258,2
6000,139.15,0.9378270336,2
6000,139.2,0.9378133382,2
6000,139.25,0.9377996395,2
6000,139.3,0.9377859376,2
6000,139.35,0.9377722324,2
6000,139.4,0.9377585239,2
6000,139.45,0.9377448122,2
6000,139.5,0.9377310972,2
6000,139.55,0.9377173789,2
6000,139.6,0.9377036574,2
6000,139.65,0.9376899326,2
6000,139.7,0.9376762045,2
6000,139.75,0.9376624732,2
6000,139.8,0.9376487386,2
6000,139.85,0.9376350007,2
6000,139.9,0.9376212596,2
6000,139.95,0.9376075152,2
6000,140,0.9375937675,2
6000,140.05,0.9375800165,2
6000,140.1,0.9375662623,2
6000,140.15,0.9375525048,2
6000,140.2,0.937538744,2
6000,140.25,0.93752498,2
6000,140.3,0.9375112126,2
6000,140.35,0.937497442,2
6000,140.4,0.9374836682,2
6000,140.45,0.937469891,2
6000,140.5,0.9374561106,2
6000,140.55,0.9374423269,2
6000,140.6,0.9374285399,2
6000,140.65,0.9374147496,2
6000,140.7,0.9374009561,2
6000,140.75,0.9373871593,2
6000,140.8,0.9373733592,2
6000,140.85,0.9373595558,2
6000,140.9,0.9373457491,2
6000,140.95,0.9373319392,2
6000,141,0.937318126,2
6000,141.05,0.9373043094,2
6000,141.1,0.9372904897,2
6000,141.15,0.9372766666,2
6000,141.2,0.9372628402,2
6000,141.25,0.9372490106,2
6000,141.3,0.9372351776,2
6000,141.35,0.9372213414,2
6000,141.4,0.9372075019,2
6000,141.45,0.9371936591,2
6000,141.5,0.9371798131,2
6000,141.55,0.9371659637,2
6000,141.6,0.937152111,2
6000,141.65,0.9371382551,2
6000,141.7,0.9371243959,2
6000,141.75,0.9371105333,2
6000,141.8,0.9370966675,2
6000,141.85,0.9370827984,2
6000,141.9,0.937068926,2
6000,141.95,0.9370550503,2
6000,142,0.9370411713,2
6000,142.05,0.937027289,2
6000,142.1,0.9370134035,2
6000,142.15,0.9369995146,2
6000,142.2,0.9369856224,2
6000,142.25,0.936971727,2
6000,142.3,0.9369578282,2
6000,142.35,0.9369439262,2
6000,142.4,0.9369300208,2
6000,142.45,0.9369161122,2
6000,142.5,0.9369022002,2
6000,142.55,0.936888285,2
6000,142.6,0.9368743664,2
6000,142.65,0.9368604446,2
6000,142.7,0.9368465194,2
6000,142.75,0.936832591,2
6000,142.8,0.9368186592,2
6000,142.85,0.9368047242,2
6000,142.9,0.9367907858,2
6000,142.95,0.9367768442,2
6000,143,0.9367628992,2
6000,143.05,0.9367489509,2
6000,143.1,0.9367349994,2
6000,143.15,0.9367210445,2
6000,143.2,0.9367070863,2
6000,143.25,0.9366931248,2
6000,143.3,0.93667916,2
6000,143.35,0.9366651919,2
6000,143.4,0.9366512205,2
6000,143.45,0.9366372458,2
6000,143.5,0.9366232677,2
6000,143.55,0.9366092864,2
6000,143.6,0.9365953017,2
6000,143.65,0.9365813138,2
6000,143.7,0.9365673225,2
6000,143.75,0.9365533279,2
6000,143.8,0.93653933,2
6000,143.85,0.9365253288,2
6000,143.9,0.9365113242,2
6000,143.95,0.9364973164,2
6000,144,0.9364833052,2
6000,144.05,0.9364692908,2
6000,144.1,0.936455273,2
6000,144.15,0.9364412519,2
6000,144.2,0.9364272274,2
6000,144.25,0.9364131997,2
6000,144.3,0.9363991686,2
6000,144.35,0.9363851342,2
6000,144.4,0.9363710965,2
6000,144.45,0.9363570555,2
6000,144.5,0.9363430112,2
6000,144.55,0.9363289635,2
6000,144.6,0.9363149125,2
6000,144.65,0.9363008582,2
6000,144.7,0.9362868006,2
6000,144.75,0.9362727396,2
6000,144.8,0.9362586754,2
6000,144.85,0.9362446078,2
6000,144.9,0.9362305368,2
6000,144.95,0.9362164626,2
6000,145,0.936202385,2
6000,145.05,0.9361883041,2
6000,145.1,0.9361742199,2
6000,145.15,0.9361601323,2
6000,145.2,0.9361460414,2
6000,145.25,0.9361319472,2
6000,145.3,0.9361178497,2
6000,145.35,0.9361037488,2
6000,145.4,0.9360896446,2
6000,145.45,0.9360755371,2
6000,145.5,0.9360614262,2
6000,145.55,0.936047312,2
6000,145.6,0.9360331945,2
6000,145.65,0.9360190736,2
6000,145.7,0.9360049494,2
6000,145.75,0.9359908219,2
6000,145.8,0.935976691,2
6000,145.85,0.9359625568,2
6000,145.9,0.9359484193,2
6000,145.95,0.9359342784,2
6000,146,0.9359201342,2
6000,146.05,0.9359059866,2
6000,146.1,0.9358918357,2
6000,146.15,0.9358776815,2
6000,146.2,0.935863524,2
6000,146.25,0.9358493631,2
6000,146.3,0.9358351988,2
6000,146.35,0.9358210312,2
6000,146.4,0.9358068603,2
6000,146.45,0.935792686,2
6000,146.5,0.9357785084,2
6000,146.55,0.9357643275,2
6000,146.6,0.9357501432,2
6000,146.65,0.9357359555,2
6000,146.7,0.9357217646,2
6000,146.75,0.9357075702,2
6000,146.8,0.9356933726,2
6000,146.85,0.9356791715,2
6000,146.9,0.9356649672,2
6000,146.95,0.9356507594,2
6000,147,0.9356365484,2
6000,147.05,0.935622334,2
6000,147.1,0.9356081162,2
6000,147.15,0.9355938951,2
6000,147.2,0.9355796706,2
6000,147.25,0.9355654428,2
6000,147.3,0.9355512117,2
6000,147.35,0.9355369772,2
6000,147.4,0.9355227393,2
6000,147.45,0.9355084981,2
6000,147.5,0.9354942535,2
6000,147.55,0.9354800056,2
6000,147.6,0.9354657543,2
6000,147.65,0.9354514997,2
6000,147.7,0.9354372417,2
6000,147.75,0.9354229804,2
6000,147.8,0.9354087157,2
6000,147.85,0.9353944476,2
6000,147.9,0.9353801762,2
6000,147.95,0.9353659014,2
6000,148,0.9353516233,2
6000,148.05,0.9353373418,2
6000,148.1,0.9353230569,2
6000,148.15,0.9353087687,2
6000,148.2,0.9352944772,2
6000,148.25,0.9352801822,2
6000,148.3,0.9352658839,2
6000,148.35,0.9352515823,2
6000,148.4,0.9352372772,2
6000,148.45,0.9352229689,2
6000,148.5,0.9352086571,2
6000,148.55,0.935194342,2
6000,148.6,0.9351800235,2
6000,148.65,0.9351657017,2
6000,148.7,0.9351513765,2
6000,148.75,0.9351370479,2
6000,148.8,0.935122716,2
6000,148.85,0.9351083806,2
6000,148.9,0.935094042,2
6000,148.95,0.9350796999,2
6000,149,0.9350653545,2
6000,149.05,0.9350510057,2
6000,149.1,0.9350366536,2
6000,149.15,0.935022298,2
6000,149.2,0.9350079391,2
6000,149.25,0.9349935768,2
6000,149.3,0.9349792112,2
6000,149.35,0.9349648422,2
6000,149.4,0.9349504698,2
6000,149.45,0.934936094,2
6000,149.5,0.9349217149,2
6000,149.55,0.9349073324,2
6000,149.6,0.9348929465,2
6000,149.65,0.9348785572,2
6000,149.7,0.9348641646,2
6000,149.75,0.9348497685,2
6000,149.8,0.9348353691,2
6000,149.85,0.9348209663,2
6000,149.9,0.9348065602,2
6000,149.95,0.9347921506,2
6000,150,0.9347777377,2
6000,150.05,0.9347633214,2
6000,150.1,0.9347489017,2
6000,150.15,0.9347344787,2
6000,150.2,0.9347200522,2
6000,150.25,0.9347056224,2
6000,150.3,0.9346911892,2
6000,150.35,0.9346767526,2
6000,150.4,0.9346623126,2
6000,150.45,0.9346478692,2
6000,150.5,0.9346334225,2
6000,150.55,0.9346189723,2
6000,150.6,0.9346045188,2
6000,150.65,0.9345900619,2
6000,150.7,0.9345756016,2
6000,150.75,0.9345611379,2
6000,150.8,0.9345466708,2
6000,150.85,0.9345322004,2
6000,150.9,0.9345177265,2
6000,150.95,0.9345032493,2
6000,151,0.9344887686,2
6000,151.05,0.9344742846,2
6000,151.1,0.9344597972,2
6000,151.15,0.9344453063,2
6000,151.2,0.9344308121,2
6000,151.25,0.9344163145,2
6000,151.3,0.9344018135,2
6000,151.35,0.9343873091,2
6000,151.4,0.9343728014,2
6000,151.45,0.9343582902,2
6000,151.5,0.9343437756,2
6000,151.55,0.9343292576,2
6000,151.6,0.9343147362,2
6000,151.65,0.9343002115,2
6000,151.7,0.9342856833,2
6000,151.75,0.9342711517,2
6000,151.8,0.9342566167,2
6000,151.85,0.9342420784,2
6000,151.9,0.9342275366,2
6000,151.95,0.9342129914,2
6000,152,0.9341984429,2
6000,152.05,0.9341838909,2
6000,152.1,0.9341693355,2
6000,152.15,0.9341547767,2
6000,152.2,0.9341402145,2
6000,152.25,0.9341256489,2
6000,152.3,0.9341110799,2
6000,152.35,0.9340965075,2
6000,152.4,0.9340819317,2
6000,152.45,0.9340673525,2
6000,152.5,0.9340527699,2
6000,152.55,0.9340381838,2
6000,152.6,0.9340235944,2
6000,152.65,0.9340090016,2
6000,152.7,0.9339944053,2
6000,152.75,0.9339798056,2
6000,152.8,0.9339652026,2
6000,152.85,0.9339505961,2
6000,152.9,0.9339359862,2
6000,152.95,0.9339213729,2
6000,153,0.9339067561,2
6000,153.05,0.933892136,2
6000,153.1,0.9338775124,2
6000,153.15,0.9338628855,2
6000,153.2,0.9338482551,2
6000,153.25,0.9338336213,2
6000,153.3,0.9338189841,2
6000,153.35,0.9338043434,2
6000,153.4,0.9337896994,2
6000,153.45,0.9337750519,2
6000,153.5,0.9337604011,2
6000,153.55,0.9337457468,2
6000,153.6,0.933731089,2
6000,153.65,0.9337164279,2
6000,153.7,0.9337017633,2
6000,153.75,0.9336870954,2
6000,153.8,0.933672424,2
6000,153.85,0.9336577491,2
6000,153.9,0.9336430709,2
6000,153.95,0.9336283892,2
6000,154,0.9336137041,2
6000,154.05,0.9335990156,2
6000,154.1,0.9335843237,2
6000,154.15,0.9335696283,2
6000,154.2,0.9335549295,2
6000,154.25,0.9335402273,2
6000,154.3,0.9335255217,2
6000,154.35,0.9335108126,2
6000,154.4,0.9334961001,2
6000,154.45,0.9334813842,2
6000,154.5,0.9334666648,2
6000,154.55,0.933451942,2
6000,154.6,0.9334372158,2
6000,154.65,0.9334224862,2
6000,154.7,0.9334077531,2
6000,154.75,0.9333930166,2
6000,154.8,0.9333782766,2
6000,154.85,0.9333635333,2
6000,154.9,0.9333487865,2
6000,154.95,0.9333340362,2
6000,155,0.9333192826,2
6000,155.05,0.9333045254,2
6000,155.1,0.9332897649,2
6000,155.15,0.9332750009,2
6000,155.2,0.9332602335,2
6000,155.25,0.9332454627,2
6000,155.3,0.9332306884,2
6000,155.35,0.9332159107,2
6000,155.4,0.9332011295,2
6000,155.45,0.9331863449,2
6000,155.5,0.9331715568,2
6000,155.55,0.9331567654,2
6000,155.6,0.9331419704,2
6000,155.65,0.9331271721,2
6000,155.7,0.9331123703,2
6000,155.75,0.933097565,2
6000,155.8,0.9330827563,2
6000,155.85,0.9330679442,2
6000,155.9,0.9330531286,2
6000,155.95,0.9330383096,2
6000,156,0.9330234871,2
6000,156.05,0.9330086612,2
6000,156.1,0.9329938319,2
6000,156.15,0.9329789991,2
6000,156.2,0.9329641628,2
6000,156.25,0.9329493231,2
6000,156.3,0.93293448,2
6000,156.35,0.9329196334,2
6000,156.4,0.9329047833,2
6000,156.45,0.9328899298,2
6000,156.5,0.9328750729,2
6000,156.55,0.9328602125,2
6000,156.6,0.9328453487,2
6000,156.65,0.9328304814,2
6000,156.7,0.9328156106,2
6000,156.75,0.9328007364,2
6000,156.8,0.9327858587,2
6000,156.85,0.9327709776,2
6000,156.9,0.9327560931,2
6000,156.95,0.9327412051,2
6000,157,0.9327263136,2
6000,157.05,0.9327114186,2
6000,157.1,0.9326965203,2
6000,157.15,0.9326816184,2
6000,157.2,0.9326667131,2
6000,157.25,0.9326518044,2
6000,157.3,0.9326368921,2
6000,157.35,0.9326219765,2
6000,157.4,0.9326070573,2
6000,157.45,0.9325921347,2
6000,157.5,0.9325772087,2
6000,157.55,0.9325622791,2
6000,157.6,0.9325473462,2
6000,157.65,0.9325324097,2
6000,157.7,0.9325174698,2
6000,157.75,0.9325025264,2
6000,157.8,0.9324875796,2
6000,157.85,0.9324726293,2
6000,157.9,0.9324576756,2
6000,157.95,0.9324427183,2
6000,158,0.9324277576,2
6000,158.05,0.9324127935,2
6000,158.1,0.9323978258,2
6000,158.15,0.9323828547,2
6000,158.2,0.9323678802,2
6000,158.25,0.9323529021,2
6000,158.3,0.9323379206,2
6000,158.35,0.9323229357,2
6000,158.4,0.9323079472,2
6000,158.45,0.9322929553,2
6000,158.5,0.9322779599,2
6000,158.55,0.9322629611,2
6000,158.6,0.9322479587,2
6000,158.65,0.9322329529,2
6000,158.7,0.9322179437,2
6000,158.75,0.9322029309,2
6000,158.8,0.9321879147,2
6000,158.85,0.932172895,2
6000,158.9,0.9321578718,2
6000,158.95,0.9321428451,2
6000,159,0.932127815,2
6000,159.05,0.9321127814,2
6000,159.1,0.9320977443,2
6000,159.15,0.9320827038,2
6000,159.2,0.9320676597,2
6000,159.25,0.9320526122,2
6000,159.3,0.9320375612,2
6000,159.35,0.9320225067,2
6000,159.4,0.9320074488,2
6000,159.45,0.9319923873,2
6000,159.5,0.9319773224,2
6000,159.55,0.931962254,2
6000,159.6,0.9319471821,2
6000,159.65,0.9319321067,2
6000,159.7,0.9319170279,2
6000,159.75,0.9319019455,2
6000,159.8,0.9318868597,2
6000,159.85,0.9318717704,2
6000,159.9,0.9318566776,2
6000,159.95,0.9318415813,2
6000,160,0.9318264815,2
6000,160.05,0.9318113782,2
6000,160.1,0.9317962715,2
6000,160.15,0.9317811613,2
6000,160.2,0.9317660475,2
6000,160.25,0.9317509303,2
6000,160.3,0.9317358096,2
6000,160.35,0.9317206854,2
6000,160.4,0.9317055577,2
6000,160.45,0.9316904265,2
6000,160.5,0.9316752918,2
6000,160.55,0.9316601537,2
6000,160.6,0.931645012,2
6000,160.65,0.9316298668,2
6000,160.7,0.9316147182,2
6000,160.75,0.931599566,2
6000,160.8,0.9315844104,2
6000,160.85,0.9315692513,2
6000,160.9,0.9315540886,2
6000,160.95,0.9315389225,2
6000,161,0.9315237529,2
6000,161.05,0.9315085797,2
6000,161.1,0.9314934031,2
6000,161.15,0.931478223,2
6000,161.2,0.9314630393,2
6000,161.25,0.9314478522,2
6000,161.3,0.9314326616,2
6000,161.35,0.9314174674,2
6000,161.4,0.9314022698,2
6000,161.45,0.9313870687,2
6000,161.5,0.931371864,2
6000,161.55,0.9313566559,2
6000,161.6,0.9313414442,2
6000,161.65,0.9313262291,2
6000,161.7,0.9313110104,2
6000,161.75,0.9312957883,2
6000,161.8,0.9312805626,2
6000,161.85,0.9312653334,2
6000,161.9,0.9312501007,2
6000,161.95,0.9312348646,2
6000,162,0.9312196249,2
6000,162.05,0.9312043816,2
6000,162.1,0.9311891349,2
6000,162.15,0.9311738847,2
6000,162.2,0.931158631,2
6000,162.25,0.9311433737,2
6000,162.3,0.9311281129,2
6000,162.35,0.9311128487,2
6000,162.4,0.9310975809,2
6000,162.45,0.9310823096,2
6000,162.5,0.9310670348,2
6000,162.55,0.9310517564,2
6000,162.6,0.9310364746,2
6000,162.65,0.9310211892,2
6000,162.7,0.9310059004,2
6000,162.75,0.930990608,2
6000,162.8,0.9309753121,2
6000,162.85,0.9309600126,2
6000,162.9,0.9309447097,2
6000,162.95,0.9309294032,2
6000,163,0.9309140933,2
6000,163.05,0.9308987798,2
6000,163.1,0.9308834627,2
6000,163.15,0.9308681422,2
6000,163.2,0.9308528181,2
6000,163.25,0.9308374906,2
6000,163.3,0.9308221595,2
6000,163.35,0.9308068248,2
6000,163.4,0.9307914867,2
6000,163.45,0.930776145,2
6000,163.5,0.9307607998,2
6000,163.55,0.9307454511,2
6000,163.6,0.9307300989,2
6000,163.65,0.9307147431,2
6000,163.7,0.9306993838,2
6000,163.75,0.930684021,2
6000,163.8,0.9306686546,2
6000,163.85,0.9306532847,2
6000,163.9,0.9306379113,2
6000,163.95,0.9306225344,2
6000,164,0.9306071539,2
6000,164.05,0.9305917699,2
6000,164.1,0.9305763824,2
6000,164.15,0.9305609913,2
6000,164.2,0.9305455967,2
6000,164.25,0.9305301986,2
6000,164.3,0.930514797,2
6000,164.35,0.9304993918,2
6000,164.4,0.930483983,2
6000,164.45,0.9304685708,2
6000,164.5,0.930453155,2
6000,164.55,0.9304377357,2
6000,164.6,0.9304223128,2
6000,164.65,0.9304068864,2
6000,164.7,0.9303914565,2
6000,164.75,0.930376023,2
6000,164.8,0.930360586,2
6000,164.85,0.9303451455,2
6000,164.9,0.9303297014,2
6000,164.95,0.9303142537,2
6000,165,0.9302988026,2
6000,165.05,0.9302833479,2
6000,165.1,0.9302678896,2
6000,165.15,0.9302524278,2
6000,165.2,0.9302369625,2
6000,165.25,0.9302214936,2
6000,165.3,0.9302060212,2
6000,165.35,0.9301905453,2
6000,165.4,0.9301750658,2
6000,165.45,0.9301595827,2
6000,165.5,0.9301440961,2
6000,165.55,0.930128606,2
6000,165.6,0.9301131123,2
6000,165.65,0.9300976151,2
6000,165.7,0.9300821143,2
6000,165.75,0.93006661,2
6000,165.8,0.9300511021,2
6000,165.85,0.9300355907,2
6000,165.9,0.9300200757,2
6000,165.95,0.9300045572,2
6000,166,0.9299890351,2
6000,166.05,0.9299735095,2
6000,166.1,0.9299579803,2
6000,166.15,0.9299424476,2
6000,166.2,0.9299269113,2
6000,166.25,0.9299113715,2
6000,166.3,0.9298958281,2
6000,166.35,0.9298802812,2
6000,166.4,0.9298647307,2
6000,166.45,0.9298491766,2
6000,166.5,0.929833619,2
6000,166.55,0.9298180579,2
6000,166.6,0.9298024931,2
6000,166.65,0.9297869249,2
6000,166.7,0.929771353,2
6000,166.75,0.9297557777,2
6000,166.8,0.9297401987,2
6000,166.85,0.9297246162,2
6000,166.9,0.9297090301,2
6000,166.95,0.9296934405,2
6000,167,0.9296778473,2
6000,167.05,0.9296622506,2
6000,167.1,0.9296466503,2
6000,167.15,0.9296310464,2
6000,167.2,0.929615439,2
6000,167.25,0.929599828,2
6000,167.3,0.9295842134,2
6000,167.35,0.9295685953,2
6000,167.4,0.9295529736,2
6000,167.45,0.9295373484,2
6000,167.5,0.9295217195,2
6000,167.55,0.9295060872,2
6000,167.6,0.9294904512,2
6000,167.65,0.9294748117,2
6000,167.7,0.9294591686,2
6000,167.75,0.9294435219,2
6000,167.8,0.9294278717,2
6000,167.85,0.9294122179,2
6000,167.9,0.9293965605,2
6000,167.95,0.9293808996,2
6000,168,0.9293652351,2
6000,168.05,0.929349567,2
6000,168.1,0.9293338954,2
6000,168.15,0.9293182202,2
6000,168.2,0.9293025414,2
6000,168.25,0.929286859,2
6000,168.3,0.929271173,2
6000,168.35,0.9292554835,2
6000,168.4,0.9292397904,2
6000,168.45,0.9292240938,2
6000,168.5,0.9292083935,2
6000,168.55,0.9291926897,2
6000,168.6,0.9291769823,2
6000,168.65,0.9291612713,2
6000,168.7,0.9291455568,2
6000,168.75,0.9291298386,2
6000,168.8,0.9291141169,2
6000,168.85,0.9290983916,2
6000,168.9,0.9290826628,2
6000,168.95,0.9290669303,2
6000,169,0.9290511943,2
6000,169.05,0.9290354547,2
6000,169.1,0.9290197115,2
6000,169.15,0.9290039647,2
6000,169.2,0.9289882143,2
6000,169.25,0.9289724604,2
6000,169.3,0.9289567028,2
6000,169.35,0.9289409417,2
6000,169.4,0.928925177,2
6000,169.45,0.9289094087,2
6000,169.5,0.9288936369,2
6000,169.55,0.9288778614,2
6000,169.6,0.9288620823,2
6000,169.65,0.9288462997,2
6000,169.7,0.9288305135,2
6000,169.75,0.9288147237,2
6000,169.8,0.9287989303,2
6000,169.85,0.9287831333,2
6000,169.9,0.9287673327,2
6000,169.95,0.9287515285,2
6000,170,0.9287357207,2
6000,170.05,0.9287199094,2
6000,170.1,0.9287040944,2
6000,170.15,0.9286882759,2
6000,170.2,0.9286724537,2
6000,170.25,0.928656628,2
6000,170.3,0.9286407987,2
6000,170.35,0.9286249658,2
6000,170.4,0.9286091292,2
6000,170.45,0.9285932891,2
6000,170.5,0.9285774454,2
6000,170.55,0.9285615981,2
6000,170.6,0.9285457472,2
6000,170.65,0.9285298927,2
6000,170.7,0.9285140346,2
6000,170.75,0.9284981729,2
6000,170.8,0.9284823076,2
6000,170.85,0.9284664387,2
6000,170.9,0.9284505662,2
6000,170.95,0.9284346901,2
6000,171,0.9284188104,2
6000,171.05,0.9284029271,2
6000,171.1,0.9283870402,2
6000,171.15,0.9283711496,2
6000,171.2,0.9283552555,2
6000,171.25,0.9283393578,2
6000,171.3,0.9283234565,2
6000,171.35,0.9283075515,2
6000,171.4,0.928291643,2
6000,171.45,0.9282757309,2
6000,171.5,0.9282598151,2
6000,171.55,0.9282438957,2
6000,171.6,0.9282279728,2
6000,171.65,0.9282120462,2
6000,171.7,0.928196116,2
6000,171.75,0.9281801822,2
6000,171.8,0.9281642448,2
6000,171.85,0.9281483038,2
6000,171.9,0.9281323592,2
6000,171.95,0.9281164109,2
6000,172,0.9281004591,2
6000,172.05,0.9280845036,2
6000,172.1,0.9280685445,2
6000,172.15,0.9280525819,2
6000,172.2,0.9280366156,2
6000,172.25,0.9280206456,2
6000,172.3,0.9280046721,2
6000,172.35,0.927988695,2
6000,172.4,0.9279727142,2
6000,172.45,0.9279567298,2
6000,172.5,0.9279407418,2
6000,172.55,0.9279247502,2
6000,172.6,0.927908755,2
6000,172.65,0.9278927561,2
6000,172.7,0.9278767536,2
6000,172.75,0.9278607476,2
6000,172.8,0.9278447378,2
6000,172.85,0.9278287245,2
6000,172.9,0.9278127076,2
6000,172.95,0.927796687,2
6000,173,0.9277806628,2
6000,173.05,0.927764635,2
6000,173.1,0.9277486035,2
6000,173.15,0.9277325685,2
6000,173.2,0.9277165298,2
6000,173.25,0.9277004875,2
6000,173.3,0.9276844415,2
6000,173.35,0.927668392,2
6000,173.4,0.9276523388,2
6000,173.45,0.9276362819,2
6000,173.5,0.9276202215,2
6000,173.55,0.9276041574,2
6000,173.6,0.9275880897,2
6000,173.65,0.9275720184,2
6000,173.7,0.9275559434,2
6000,173.75,0.9275398648,2
6000,173.8,0.9275237826,2
6000,173.85,0.9275076968,2
6000,173.9,0.9274916073,2
6000,173.95,0.9274755142,2
6000,174,0.9274594174,2
6000,174.05,0.9274433171,2
6000,174.1,0.927427213,2
6000,174.15,0.9274111054,2
6000,174.2,0.9273949941,2
6000,174.25,0.9273788792,2
6000,174.3,0.9273627606,2
6000,174.35,0.9273466385,2
6000,174.4,0.9273305126,2
6000,174.45,0.9273143832,2
6000,174.5,0.9272982501,2
6000,174.55,0.9272821133,2
6000,174.6,0.927265973,2
6000,174.65,0.927249829,2
6000,174.7,0.9272336813,2
6000,174.75,0.92721753,2
6000,174.8,0.9272013751,2
6000,174.85,0.9271852165,2
6000,174.9,0.9271690543,2
6000,174.95,0.9271528885,2
6000,175,0.927136719,2
6000,175.05,0.9271205458,2
6000,175.1,0.927104369,2
6000,175.15,0.9270881886,2
6000,175.2,0.9270720045,2
6000,175.25,0.9270558168,2
6000,175.3,0.9270396254,2
6000,175.35,0.9270234304,2
6000,175.4,0.9270072318,2
6000,175.45,0.9269910295,2
6000,175.5,0.9269748235,2
6000,175.55,0.9269586139,2
6000,175.6,0.9269424007,2
6000,175.65,0.9269261838,2
6000,175.7,0.9269099633,2
6000,175.75,0.9268937391,2
6000,175.8,0.9268775112,2
6000,175.85,0.9268612797,2
6000,175.9,0.9268450446,2
6000,175.95,0.9268288058,2
6000,176,0.9268125633,2
6000,176.05,0.9267963172,2
6000,176.1,0.9267800675,2
6000,176.15,0.9267638141,2
6000,176.2,0.926747557,2
6000,176.25,0.9267312963,2
6000,176.3,0.9267150319,2
6000,176.35,0.9266987639,2
6000,176.4,0.9266824922,2
6000,176.45,0.9266662168,2
6000,176.5,0.9266499378,2
6000,176.55,0.9266336552,2
6000,176.6,0.9266173688,2
6000,176.65,0.9266010789,2
6000,176.7,0.9265847852,2
6000,176.75,0.9265684879,2
6000,176.8,0.926552187,2
6000,176.85,0.9265358824,2
6000,176.9,0.9265195741,2
6000,176.95,0.9265032621,2
6000,177,0.9264869465,2
6000,177.05,0.9264706273,2
6000,177.1,0.9264543043,2
6000,177.15,0.9264379777,2
6000,177.2,0.9264216475,2
6000,177.25,0.9264053136,2
6000,177.3,0.926388976,2
6000,177.35,0.9263726347,2
6000,177.4,0.9263562898,2
6000,177.45,0.9263399412,2
6000,177.5,0.9263235889,2
6000,177.55,0.926307233,2
6000,177.6,0.9262908734,2
6000,177.65,0.9262745102,2
6000,177.7,0.9262581432,2
6000,177.75,0.9262417726,2
6000,177.8,0.9262253984,2
6000,177.85,0.9262090204,2
6000,177.9,0.9261926388,2
6000,177.95,0.9261762535,2
6000,178,0.9261598646,2
6000,178.05,0.9261434719,2
6000,178.1,0.9261270756,2
6000,178.15,0.9261106757,2
6000,178.2,0.926094272,2
6000,178.25,0.9260778647,2
6000,178.3,0.9260614537,2
6000,178.35,0.926045039,2
6000,178.4,0.9260286206,2
6000,178.45,0.9260121986,2
6000,178.5,0.9259957729,2
6000,178.55,0.9259793435,2
6000,178.6,0.9259629104,2
6000,178.65,0.9259464737,2
6000,178.7,0.9259300333,2
6000,178.75,0.9259135892,2
6000,178.8,0.9258971414,2
6000,178.85,0.9258806899,2
6000,178.9,0.9258642348,2
6000,178.95,0.925847776,2
6000,179,0.9258313134,2
6000,179.05,0.9258148473,2
6000,179.1,0.9257983774,2
6000,179.15,0.9257819038,2
6000,179.2,0.9257654266,2
6000,179.25,0.9257489456,2
6000,179.3,0.925732461,2
6000,179.35,0.9257159727,2
6000,179.4,0.9256994807,2
6000,179.45,0.9256829851,2
6000,179.5,0.9256664857,2
6000,179.55,0.9256499827,2
6000,179.6,0.9256334759,2
6000,179.65,0.9256169655,2
6000,179.7,0.9256004514,2
6000,179.75,0.9255839336,2
6000,179.8,0.9255674121,2
6000,179.85,0.9255508869,2
6000,179.9,0.925534358,2
6000,179.95,0.9255178255,2
6000,180,0.9255012892,2
6000,180.05,0.9254847493,2
6000,180.1,0.9254682056,2
6000,180.15,0.9254516583,2
6000,180.2,0.9254351072,2
6000,180.25,0.9254185525,2
6000,180.3,0.9254019941,2
6000,180.35,0.925385432,2
6000,180.4,0.9253688661,2
6000,180.45,0.9253522966,2
6000,180.5,0.9253357234,2
6000,180.55,0.9253191465,2
6000,180.6,0.9253025659,2
6000,180.65,0.9252859816,2
6000,180.7,0.9252693936,2
6000,180.75,0.9252528019,2
6000,180.8,0.9252362065,2
6000,180.85,0.9252196074,2
6000,180.9,0.9252030046,2
6000,180.95,0.9251863981,2
6000,181,0.9251697879,2
6000,181.05,0.925153174,2
6000,181.1,0.9251365564,2
6000,181.15,0.9251199351,2
6000,181.2,0.92510331,2
6000,181.25,0.9250866813,2
6000,181.3,0.9250700489,2
6000,181.35,0.9250534127,2
6000,181.4,0.9250367729,2
6000,181.45,0.9250201294,2
6000,181.5,0.9250034821,2
6000,181.55,0.9249868311,2
6000,181.6,0.9249701765,2
6000,181.65,0.9249535181,2
6000,181.7,0.924936856,2
6000,181.75,0.9249201902,2
6000,181.8,0.9249035207,2
6000,181.85,0.9248868475,2
6000,181.9,0.9248701706,2
6000,181.95,0.9248534899,2
6000,182,0.9248368056,2
6000,182.05,0.9248201175,2
6000,182.1,0.9248034257,2
6000,182.15,0.9247867303,2
6000,182.2,0.9247700311,2
6000,182.25,0.9247533281,2
6000,182.3,0.9247366215,2
6000,182.35,0.9247199112,2
6000,182.4,0.9247031971,2
6000,182.45,0.9246864793,2
6000,182.5,0.9246697578,2
6000,182.55,0.9246530326,2
6000,182.6,0.9246363037,2
6000,182.65,0.924619571,2
6000,182.7,0.9246028347,2
6000,182.75,0.9245860946,2
6000,182.8,0.9245693508,2
6000,182.85,0.9245526033,2
6000,182.9,0.924535852,2
6000,182.95,0.924519097,2
6000,183,0.9245023384,2
6000,183.05,0.9244855759,2
6000,183.1,0.9244688098,2
6000,183.15,0.92445204,2
6000,183.2,0.9244352664,2
6000,183.25,0.9244184891,2
6000,183.3,0.924401708,2
6000,183.35,0.9243849233,2
6000,183.4,0.9243681348,2
6000,183.45,0.9243513426,2
6000,183.5,0.9243345467,2
6000,183.55,0.924317747,2
6000,183.6,0.9243009436,2
6000,183.65,0.9242841365,2
6000,183.7,0.9242673257,2
6000,183.75,0.9242505111,2
6000,183.8,0.9242336928,2
6000,183.85,0.9242168708,2
6000,183.9,0.924200045,2
6000,183.95,0.9241832155,2
6000,184,0.9241663823,2
6000,184.05,0.9241495454,2
6000,184.1,0.9241327047,2
6000,184.15,0.9241158603,2
6000,184.2,0.9240990121,2
6000,184.25,0.9240821602,2
6000,184.3,0.9240653046,2
6000,184.35,0.9240484453,2
6000,184.4,0.9240315822,2
6000,184.45,0.9240147153,2
6000,184.5,0.9239978448,2
6000,184.55,0.9239809705,2
6000,184.6,0.9239640925,2
6000,184.65,0.9239472107,2
6000,184.7,0.9239303252,2
6000,184.75,0.9239134359,2
6000,184.8,0.9238965429,2
6000,184.85,0.9238796462,2
6000,184.9,0.9238627458,2
6000,184.95,0.9238458415,2
6000,185,0.9238289336,2
6000,185.05,0.9238120219,2
6000,185.1,0.9237951065,2
6000,185.15,0.9237781873,2
6000,185.2,0.9237612644,2
6000,185.25,0.9237443377,2
6000,185.3,0.9237274073,2
6000,185.35,0.9237104732,2
6000,185.4,0.9236935353,2
6000,185.45,0.9236765937,2
6000,185.5,0.9236596483,2
6000,185.55,0.9236426992,2
6000,185.6,0.9236257463,2
6000,185.65,0.9236087897,2
6000,185.7,0.9235918293,2
6000,185.75,0.9235748652,2
6000,185.8,0.9235578973,2
6000,185.85,0.9235409257,2
6000,185.9,0.9235239503,2
6000,185.95,0.9235069712,2
6000,186,0.9234899883,2
6000,186.05,0.9234730017,2
6000,186.1,0.9234560114,2
6000,186.15,0.9234390172,2
6000,186.2,0.9234220194,2
6000,186.25,0.9234050177,2
6000,186.3,0.9233880124,2
6000,186.35,0.9233710032,2
6000,186.4,0.9233539903,2
6000,186.45,0.9233369737,2
6000,186.5,0.9233199533,2
6000,186.55,0.9233029292,2
6000,186.6,0.9232859013,2
6000,186.65,0.9232688696,2
6000,186.7,0.9232518342,2
6000,186.75,0.923234795,2
6000,186.8,0.923217752,2
6000,186.85,0.9232007054,2
6000,186.9,0.9231836549,2
6000,186.95,0.9231666007,2
6000,187,0.9231495427,2
6000,187.05,0.923132481,2
6000,187.1,0.9231154155,2
6000,187.15,0.9230983462,2
6000,187.2,0.9230812732,2
6000,187.25,0.9230641964,2
6000,187.3,0.9230471159,2
6000,187.35,0.9230300316,2
6000,187.4,0.9230129435,2
6000,187.45,0.9229958517,2
6000,187.5,0.9229787561,2
6000,187.55,0.9229616567,2
6000,187.6,0.9229445536,2
6000,187.65,0.9229274467,2
6000,187.7,0.922910336,2
6000,187.75,0.9228932216,2
6000,187.8,0.9228761034,2
6000,187.85,0.9228589814,2
6000,187.9,0.9228418557,2
6000,187.95,0.9228247262,2
6000,188,0.9228075929,2
6000,188.05,0.9227904558,2
6000,188.1,0.922773315,2
6000,188.15,0.9227561704,2
6000,188.2,0.9227390221,2
6000,188.25,0.92272187,2
6000,188.3,0.922704714,2
6000,188.35,0.9226875544,2
6000,188.4,0.9226703909,2
6000,188.45,0.9226532237,2
6000,188.5,0.9226360527,2
6000,188.55,0.9226188779,2
6000,188.6,0.9226016994,2
6000,188.65,0.9225845171,2
6000,188.7,0.922567331,2
6000,188.75,0.9225501411,2
6000,188.8,0.9225329475,2
6000,188.85,0.92251575,2
6000,188.9,0.9224985488,2
6000,188.95,0.9224813438,2
6000,189,0.9224641351,2
6000,189.05,0.9224469225,2
6000,189.1,0.9224297062,2
6000,189.15,0.9224124861,2
6000,189.2,0.9223952622,2
6000,189.25,0.9223780346,2
6000,189.3,0.9223608031,2
6000,189.35,0.9223435679,2
6000,189.4,0.9223263289,2
6000,189.45,0.9223090861,2
6000,189.5,0.9222918395,2
6000,189.55,0.9222745891,2
6000,189.6,0.922257335,2
6000,189.65,0.922240077,2
6000,189.7,0.9222228153,2
6000,189.75,0.9222055498,2
6000,189.8,0.9221882805,2
6000,189.85,0.9221710075,2
6000,189.9,0.9221537306,2
6000,189.95,0.9221364499,2
6000,190,0.9221191655,2
6000,190.05,0.9221018773,2
6000,190.1,0.9220845852,2
6000,190.15,0.9220672894,2
6000,190.2,0.9220499898,2
6000,190.25,0.9220326865,2
6000,190.3,0.9220153793,2
6000,190.35,0.9219980683,2
6000,190.4,0.9219807535,2
6000,190.45,0.921963435,2
6000,190.5,0.9219461126,2
6000,190.55,0.9219287865,2
6000,190.6,0.9219114565,2
6000,190.65,0.9218941228,2
6000,190.7,0.9218767853,2
6000,190.75,0.921859444,2
6000,190.8,0.9218420989,2
6000,190.85,0.9218247499,2
6000,190.9,0.9218073972,2
6000,190.95,0.9217900407,2
6000,191,0.9217726804,2
6000,191.05,0.9217553163,2
6000,191.1,0.9217379484,2
6000,191.15,0.9217205767,2
6000,191.2,0.9217032012,2
6000,191.25,0.9216858219,2
6000,191.3,0.9216684388,2
6000,191.35,0.9216510519,2
6000,191.4,0.9216336612,2
6000,191.45,0.9216162667,2
6000,191.5,0.9215988684,2
6000,191.55,0.9215814663,2
6000,191.6,0.9215640604,2
6000,191.65,0.9215466506,2
6000,191.7,0.9215292371,2
6000,191.75,0.9215118198,2
6000,191.8,0.9214943987,2
6000,191.85,0.9214769737,2
6000,191.9,0.921459545,2
6000,191.95,0.9214421124,2
6000,192,0.9214246761,2
6000,192.05,0.9214072359,2
6000,192.1,0.921389792,2
6000,192.15,0.9213723442,2
6000,192.2,0.9213548926,2
6000,192.25,0.9213374372,2
6000,192.3,0.921319978,2
6000,192.35,0.921302515,2
6000,192.4,0.9212850481,2
6000,192.45,0.9212675775,2
6000,192.5,0.921250103,2
6000,192.55,0.9212326248,2
6000,192.6,0.9212151427,2
6000,192.65,0.9211976568,2
6000,192.7,0.9211801671,2
6000,192.75,0.9211626736,2
6000,192.8,0.9211451763,2
6000,192.85,0.9211276751,2
6000,192.9,0.9211101702,2
6000,192.95,0.9210926614,2
6000,193,0.9210751488,2
6000,193.05,0.9210576324,2
6000,193.1,0.9210401122,2
6000,193.15,0.9210225881,2
6000,193.2,0.9210050603,2
6000,193.25,0.9209875286,2
6000,193.3,0.9209699931,2
6000,193.35,0.9209524538,2
6000,193.4,0.9209349106,2
6000,193.45,0.9209173637,2
6000,193.5,0.9208998129,2
6000,193.55,0.9208822583,2
6000,193.6,0.9208646999,2
6000,193.65,0.9208471376,2
6000,193.7,0.9208295716,2
6000,193.75,0.9208120017,2
6000,193.8,0.920794428,2
6000,193.85,0.9207768504,2
6000,193.9,0.9207592691,2
6000,193.95,0.9207416839,2
6000,194,0.9207240949,2
6000,194.05,0.920706502,2
6000,194.1,0.9206889054,2
6000,194.15,0.9206713049,2
6000,194.2,0.9206537006,2
6000,194.25,0.9206360924,2
6000,194.3,0.9206184805,2
6000,194.35,0.9206008647,2
6000,194.4,0.920583245,2
6000,194.45,0.9205656216,2
6000,194.5,0.9205479943,2
6000,194.55,0.9205303632,2
6000,194.6,0.9205127282,2
6000,194.65,0.9204950894,2
6000,194.7,0.9204774468,2
6000,194.75,0.9204598004,2
6000,194.8,0.9204421501,2
6000,194.85,0.920424496,2
6000,194.9,0.920406838,2
6000,194.95,0.9203891763,2
6000,195,0.9203715107,2
6000,195.05,0.9203538412,2
6000,195.1,0.9203361679,2
6000,195.15,0.9203184908,2
6000,195.2,0.9203008099,2
6000,195.25,0.9202831251,2
6000,195.3,0.9202654364,2
6000,195.35,0.920247744,2
6000,195.4,0.9202300477,2
6000,195.45,0.9202123475,2
6000,195.5,0.9201946435,2
6000,195.55,0.9201769357,2
6000,195.6,0.9201592241,2
6000,195.65,0.9201415086,2
6000,195.7,0.9201237892,2
6000,195.75,0.920106066,2
6000,195.8,0.920088339,2
6000,195.85,0.9200706081,2
6000,195.9,0.9200528734,2
6000,195.95,0.9200351349,2
6000,196,0.9200173925,2
6000,196.05,0.9199996463,2
6000,196.1,0.9199818962,2
6000,196.15,0.9199641422,2
6000,196.2,0.9199463845,2
6000,196.25,0.9199286228,2
6000,196.3,0.9199108574,2
6000,196.35,0.9198930881,2
6000,196.4,0.9198753149,2
6000,196.45,0.9198575379,2
6000,196.5,0.919839757,2
6000,196.55,0.9198219723,2
6000,196.6,0.9198041838,2
6000,196.65,0.9197863914,2
6000,196.7,0.9197685951,2
6000,196.75,0.919750795,2
6000,196.8,0.9197329911,2
6000,196.85,0.9197151833,2
6000,196.9,0.9196973716,2
6000,196.95,0.9196795561,2
6000,197,0.9196617368,2
6000,197.05,0.9196439136,2
6000,197.1,0.9196260865,2
6000,197.15,0.9196082556,2
6000,197.2,0.9195904208,2
6000,197.25,0.9195725822,2
6000,197.3,0.9195547397,2
6000,197.35,0.9195368933,2
6000,197.4,0.9195190432,2
6000,197.45,0.9195011891,2
6000,197.5,0.9194833312,2
6000,197.55,0.9194654694,2
6000,197.6,0.9194476038,2
6000,197.65,0.9194297343,2
6000,197.7,0.919411861,2
6000,197.75,0.9193939838,2
6000,197.8,0.9193761027,2
6000,197.85,0.9193582178,2
6000,197.9,0.919340329,2
6000,197.95,0.9193224364,2
6000,198,0.9193045399,2
6000,198.05,0.9192866395,2
6000,198.1,0.9192687353,2
6000,198.15,0.9192508272,2
6000,198.2,0.9192329153,2
6000,198.25,0.9192149994,2
6000,198.3,0.9191970798,2
6000,198.35,0.9191791562,2
6000,198.4,0.9191612288,2
6000,198.45,0.9191432975,2
6000,198.5,0.9191253624,2
6000,198.55,0.9191074234,2
6000,198.6,0.9190894805,2
6000,198.65,0.9190715338,2
6000,198.7,0.9190535832,2
6000,198.75,0.9190356287,2
6000,198.8,0.9190176704,2
6000,198.85,0.9189997081,2
6000,198.9,0.9189817421,2
6000,198.95,0.9189637721,2
6000,199,0.9189457983,2
6000,199.05,0.9189278206,2
6000,199.1,0.918909839,2
6000,199.15,0.9188918536,2
6000,199.2,0.9188738643,2
6000,199.25,0.9188558711,2
6000,199.3,0.9188378741,2
6000,199.35,0.9188198731,2
6000,199.4,0.9188018683,2
6000,199.45,0.9187838597,2
6000,199.5,0.9187658471,2
6000,199.55,0.9187478307,2
6000,199.6,0.9187298104,2
6000,199.65,0.9187117862,2
6000,199.7,0.9186937582,2
6000,199.75,0.9186757262,2
6000,199.8,0.9186576904,2
6000,199.85,0.9186396508,2
6000,199.9,0.9186216072,2
6000,199.95,0.9186035598,2
6000,200,0.9185855084,2
6000,200.05,0.9185674532,2
6000,200.1,0.9185493942,2
6000,200.15,0.9185313312,2
6000,200.2,0.9185132644,2
6000,200.25,0.9184951936,2
6000,200.3,0.918477119,2
6000,200.35,0.9184590406,2
6000,200.4,0.9184409582,2
6000,200.45,0.9184228719,2
6000,200.5,0.9184047818,2
6000,200.55,0.9183866878,2
6000,200.6,0.9183685899,2
6000,200.65,0.9183504881,2
6000,200.7,0.9183323824,2
6000,200.75,0.9183142729,2
6000,200.8,0.9182961594,2
6000,200.85,0.9182780421,2
6000,200.9,0.9182599209,2
6000,200.95,0.9182417958,2
6000,201,0.9182236668,2
6000,201.05,0.9182055339,2
6000,201.1,0.9181873972,2
6000,201.15,0.9181692565,2
6000,201.2,0.918151112,2
6000,201.25,0.9181329635,2
6000,201.3,0.9181148112,2
6000,201.35,0.918096655,2
6000,201.4,0.9180784949,2
6000,201.45,0.9180603309,2
6000,201.5,0.918042163,2
6000,201.55,0.9180239912,2
6000,201.6,0.9180058155,2
6000,201.65,0.9179876359,2
6000,201.7,0.9179694525,2
6000,201.75,0.9179512651,2
6000,201.8,0.9179330739,2
6000,201.85,0.9179148787,2
6000,201.9,0.9178966797,2
6000,201.95,0.9178784767,2
6000,202,0.9178602699,2
6000,202.05,0.9178420592,2
6000,202.1,0.9178238445,2
6000,202.15,0.917805626,2
6000,202.2,0.9177874036,2
6000,202.25,0.9177691772,2
6000,202.3,0.917750947,2
6000,202.35,0.9177327129,2
6000,202.4,0.9177144749,2
6000,202.45,0.917696233,2
6000,202.5,0.9176779871,2
6000,202.55,0.9176597374,2
6000,202.6,0.9176414838,2
6000,202.65,0.9176232262,2
6000,202.7,0.9176049648,2
6000,202.75,0.9175866995,2
6000,202.8,0.9175684302,2
6000,202.85,0.9175501571,2
6000,202.9,0.9175318801,2
6000,202.95,0.9175135991,2
6000,203,0.9174953142,2
6000,203.05,0.9174770255,2
6000,203.1,0.9174587328,2
6000,203.15,0.9174404362,2
6000,203.2,0.9174221358,2
6000,203.25,0.9174038314,2
6000,203.3,0.9173855231,2
6000,203.35,0.9173672109,2
6000,203.4,0.9173488948,2
6000,203.45,0.9173305748,2
6000,203.5,0.9173122508,2
6000,203.55,0.917293923,2
6000,203.6,0.9172755912,2
6000,203.65,0.9172572556,2
6000,203.7,0.917238916,2
6000,203.75,0.9172205725,2
6000,203.8,0.9172022251,2
6000,203.85,0.9171838738,2
6000,203.9,0.9171655186,2
6000,203.95,0.9171471595,2
6000,204,0.9171287964,2
6000,204.05,0.9171104295,2
6000,204.1,0.9170920586,2
6000,204.15,0.9170736838,2
6000,204.2,0.9170553051,2
6000,204.25,0.9170369225,2
6000,204.3,0.9170185359,2
6000,204.35,0.9170001455,2
6000,204.4,0.9169817511,2
6000,204.45,0.9169633528,2
6000,204.5,0.9169449506,2
6000,204.55,0.9169265445,2
6000,204.6,0.9169081345,2
6000,204.65,0.9168897205,2
6000,204.7,0.9168713026,2
6000,204.75,0.9168528808,2
6000,204.8,0.9168344551,2
6000,204.85,0.9168160255,2
6000,204.9,0.9167975919,2
6000,204.95,0.9167791544,2
6000,205,0.916760713,2
6000,205.05,0.9167422677,2
6000,205.1,0.9167238184,2
6000,205.15,0.9167053653,2
6000,205.2,0.9166869082,2
6000,205.25,0.9166684472,2
6000,205.3,0.9166499822,2
6000,205.35,0.9166315133,2
6000,205.4,0.9166130405,2
6000,205.45,0.9165945638,2
6000,205.5,0.9165760832,2
6000,205.55,0.9165575986,2
6000,205.6,0.9165391101,2
6000,205.65,0.9165206177,2
6000,205.7,0.9165021213,2
6000,205.75,0.916483621,2
6000,205.8,0.9164651168,2
6000,205.85,0.9164466087,2
6000,205.9,0.9164280966,2
6000,205.95,0.9164095806,2
6000,206,0.9163910606,2
6000,206.05,0.9163725368,2
6000,206.1,0.916354009,2
6000,206.15,0.9163354773,2
6000,206.2,0.9163169416,2
6000,206.25,0.916298402,2
6000,206.3,0.9162798585,2
6000,206.35,0.916261311,2
6000,206.4,0.9162427596,2
6000,206.45,0.9162242043,2
6000,206.5,0.916205645,2
6000,206.55,0.9161870818,2
6000,206.6,0.9161685147,2
6000,206.65,0.9161499436,2
6000,206.7,0.9161313686,2
6000,206.75,0.9161127897,2
6000,206.8,0.9160942068,2
6000,206.85,0.91607562,2
6000,206.9,0.9160570293,2
6000,206.95,0.9160384346,2
6000,207,0.9160198359,2
6000,207.05,0.9160012334,2
6000,207.1,0.9159826269,2
6000,207.15,0.9159640164,2
6000,207.2,0.915945402,2
6000,207.25,0.9159267837,2
6000,207.3,0.9159081614,2
6000,207.35,0.9158895352,2
6000,207.4,0.9158709051,2
6000,207.45,0.915852271,2
6000,207.5,0.9158336329,2
6000,207.55,0.9158149909,2
6000,207.6,0.915796345,2
6000,207.65,0.9157776951,2
6000,207.7,0.9157590413,2
6000,207.75,0.9157403836,2
6000,207.8,0.9157217219,2
6000,207.85,0.9157030562,2
6000,207.9,0.9156843866,2
6000,207.95,0.9156657131,2
6000,208,0.9156470356,2
6000,208.05,0.9156283541,2
6000,208.1,0.9156096687,2
6000,208.15,0.9155909794,2
6000,208.2,0.9155722861,2
6000,208.25,0.9155535889,2
6000,208.3,0.9155348877,2
6000,208.35,0.9155161826,2
6000,208.4,0.9154974735,2
6000,208.45,0.9154787605,2
6000,208.5,0.9154600435,2
6000,208.55,0.9154413226,2
6000,208.6,0.9154225977,2
6000,208.65,0.9154038688,2
6000,208.7,0.915385136,2
6000,208.75,0.9153663993,2
6000,208.8,0.9153476586,2
6000,208.85,0.9153289139,2
6000,208.9,0.9153101653,2
6000,208.95,0.9152914128,2
6000,209,0.9152726563,2
6000,209.05,0.9152538958,2
6000,209.1,0.9152351314,2
6000,209.15,0.915216363,2
6000,209.2,0.9151975906,2
6000,209.25,0.9151788143,2
6000,209.3,0.9151600341,2
6000,209.35,0.9151412499,2
6000,209.4,0.9151224617,2
6000,209.45,0.9151036696,2
6000,209.5,0.9150848735,2
6000,209.55,0.9150660734,2
6000,209.6,0.9150472694,2
6000,209.65,0.9150284614,2
6000,209.7,0.9150096495,2
6000,209.75,0.9149908336,2
6000,209.8,0.9149720137,2
6000,209.85,0.9149531899,2
6000,209.9,0.9149343622,2
6000,209.95,0.9149155304,2
6000,210,0.9148966947,2
6000,210.05,0.914877855,2
6000,210.1,0.9148590114,2
6000,210.15,0.9148401638,2
6000,210.2,0.9148213122,2
6000,210.25,0.9148024567,2
6000,210.3,0.9147835972,2
6000,210.35,0.9147647338,2
6000,210.4,0.9147458663,2
6000,210.45,0.9147269949,2
6000,210.5,0.9147081196,2
6000,210.55,0.9146892403,2
6000,210.6,0.914670357,2
6000,210.65,0.9146514697,2
6000,210.7,0.9146325785,2
6000,210.75,0.9146136833,2
6000,210.8,0.9145947841,2
6000,210.85,0.9145758809,2
6000,210.9,0.9145569738,2
6000,210.95,0.9145380627,2
6000,211,0.9145191477,2
6000,211.05,0.9145002287,2
6000,211.1,0.9144813057,2
6000,211.15,0.9144623787,2
6000,211.2,0.9144434477,2
6000,211.25,0.9144245128,2
6000,211.3,0.9144055739,2
6000,211.35,0.9143866311,2
6000,211.4,0.9143676842,2
6000,211.45,0.9143487334,2
6000,211.5,0.9143297786,2
6000,211.55,0.9143108199,2
6000,211.6,0.9142918571,2
6000,211.65,0.9142728904,2
6000,211.7,0.9142539197,2
6000,211.75,0.914234945,2
6000,211.8,0.9142159664,2
6000,211.85,0.9141969837,2
6000,211.9,0.9141779971,2
6000,211.95,0.9141590065,2
6000,212,0.914140012,2
6000,212.05,0.9141210134,2
6000,212.1,0.9141020109,2
6000,212.15,0.9140830044,2
6000,212.2,0.9140639939,2
6000,212.25,0.9140449795,2
6000,212.3,0.914025961,2
6000,212.35,0.9140069386,2
6000,212.4,0.9139879122,2
6000,212.45,0.9139688818,2
6000,212.5,0.9139498474,2
6000,212.55,0.913930809,2
6000,212.6,0.9139117667,2
6000,212.65,0.9138927203,2
6000,212.7,0.91387367,2
6000,212.75,0.9138546157,2
6000,212.8,0.9138355574,2
6000,212.85,0.9138164952,2
6000,212.9,0.9137974289,2
6000,212.95,0.9137783587,2
6000,213,0.9137592844,2
6000,213.05,0.9137402062,2
6000,213.1,0.913721124,2
6000,213.15,0.9137020378,2
6000,213.2,0.9136829476,2
6000,213.25,0.9136638534,2
6000,213.3,0.9136447553,2
6000,213.35,0.9136256531,2
6000,213.4,0.913606547,2
6000,213.45,0.9135874368,2
6000,213.5,0.9135683227,2
6000,213.55,0.9135492046,2
6000,213.6,0.9135300825,2
6000,213.65,0.9135109564,2
6000,213.7,0.9134918263,2
6000,213.75,0.9134726922,2
6000,213.8,0.9134535541,2
6000,213.85,0.913434412,2
6000,213.9,0.913415266,2
6000,213.95,0.9133961159,2
6000,214,0.9133769618,2
6000,214.05,0.9133578038,2
6000,214.1,0.9133386417,2
6000,214.15,0.9133194757,2
6000,214.2,0.9133003057,2
6000,214.25,0.9132811316,2
6000,214.3,0.9132619536,2
6000,214.35,0.9132427715,2
6000,214.4,0.9132235855,2
6000,214.45,0.9132043955,2
6000,214.5,0.9131852015,2
6000,214.55,0.9131660034,2
6000,214.6,0.9131468014,2
6000,214.65,0.9131275954,2
6000,214.7,0.9131083853,2
6000,214.75,0.9130891713,2
6000,214.8,0.9130699533,2
6000,214.85,0.9130507313,2
6000,214.9,0.9130315052,2
6000,214.95,0.9130122752,2
6000,215,0.9129930411,2
6000,215.05,0.9129738031,2
6000,215.1,0.9129545611,2
6000,215.15,0.912935315,2
6000,215.2,0.912916065,2
6000,215.25,0.9128968109,2
6000,215.3,0.9128775528,2
6000,215.35,0.9128582908,2
6000,215.4,0.9128390247,2
6000,215.45,0.9128197546,2
6000,215.5,0.9128004805,2
6000,215.55,0.9127812024,2
6000,215.6,0.9127619203,2
6000,215.65,0.9127426342,2
6000,215.7,0.9127233441,2
6000,215.75,0.91270405,2
6000,215.8,0.9126847518,2
6000,215.85,0.9126654497,2
6000,215.9,0.9126461436,2
6000,215.95,0.9126268334,2
6000,216,0.9126075192,2
6000,216.05,0.912588201,2
6000,216.1,0.9125688788,2
6000,216.15,0.9125495526,2
6000,216.2,0.9125302224,2
6000,216.25,0.9125108882,2
6000,216.3,0.9124915499,2
6000,216.35,0.9124722077,2
6000,216.4,0.9124528614,2
6000,216.45,0.9124335111,2
6000,216.5,0.9124141568,2
6000,216.55,0.9123947985,2
6000,216.6,0.9123754362,2
6000,216.65,0.9123560699,2
6000,216.7,0.9123366995,2
6000,216.75,0.9123173251,2
6000,216.8,0.9122979467,2
6000,216.85,0.9122785643,2
6000,216.9,0.9122591779,2
6000,216.95,0.9122397875,2
6000,217,0.912220393,2
6000,217.05,0.9122009945,2
6000,217.1,0.912181592,2
6000,217.15,0.9121621855,2
6000,217.2,0.912142775,2
6000,217.25,0.9121233604,2
6000,217.3,0.9121039419,2
6000,217.35,0.9120845193,2
6000,217.4,0.9120650927,2
6000,217.45,0.912045662,2
6000,217.5,0.9120262274,2
6000,217.55,0.9120067887,2
6000,217.6,0.911987346,2
6000,217.65,0.9119678993,2
6000,217.7,0.9119484485,2
6000,217.75,0.9119289937,2
6000,217.8,0.9119095349,2
6000,217.85,0.9118900721,2
6000,217.9,0.9118706053,2
6000,217.95,0.9118511344,2
6000,218,0.9118316595,2
6000,218.05,0.9118121806,2
6000,218.1,0.9117926977,2
6000,218.15,0.9117732107,2
6000,218.2,0.9117537197,2
6000,218.25,0.9117342247,2
6000,218.3,0.9117147256,2
6000,218.35,0.9116952225,2
6000,218.4,0.9116757154,2
6000,218.45,0.9116562043,2
6000,218.5,0.9116366891,2
6000,218.55,0.9116171699,2
6000,218.6,0.9115976467,2
6000,218.65,0.9115781194,2
6000,218.7,0.9115585881,2
6000,218.75,0.9115390528,2
6000,218.8,0.9115195135,2
6000,218.85,0.9114999701,2
6000,218.9,0.9114804227,2
6000,218.95,0.9114608712,2
6000,219,0.9114413157,2
6000,219.05,0.9114217562,2
6000,219.1,0.9114021927,2
6000,219.15,0.9113826251,2
6000,219.2,0.9113630535,2
6000,219.25,0.9113434778,2
6000,219.3,0.9113238982,2
6000,219.35,0.9113043144,2
6000,219.4,0.9112847267,2
6000,219.45,0.9112651349,2
6000,219.5,0.9112455391,2
6000,219.55,0.9112259392,2
6000,219.6,0.9112063353,2
6000,219.65,0.9111867274,2
6000,219.7,0.9111671154,2
6000,219.75,0.9111474994,2
6000,219.8,0.9111278793,2
6000,219.85,0.9111082552,2
6000,219.9,0.9110886271,2
6000,219.95,0.9110689949,2
6000,220,0.9110493587,2
6000,220.05,0.9110297185,2
6000,220.1,0.9110100742,2
6000,220.15,0.9109904258,2
6000,220.2,0.9109707735,2
6000,220.25,0.910951117,2
6000,220.3,0.9109314566,2
6000,220.35,0.9109117921,2
6000,220.4,0.9108921235,2
6000,220.45,0.9108724509,2
6000,220.5,0.9108527743,2
6000,220.55,0.9108330936,2
6000,220.6,0.9108134089,2
6000,220.65,0.9107937202,2
6000,220.7,0.9107740273,2
6000,220.75,0.9107543305,2
6000,220.8,0.9107346296,2
6000,220.85,0.9107149246,2
6000,220.9,0.9106952156,2
6000,220.95,0.9106755026,2
6000,221,0.9106557855,2
6000,221.05,0.9106360644,2
6000,221.1,0.9106163392,2
6000,221.15,0.91059661,2
6000,221.2,0.9105768767,2
6000,221.25,0.9105571394,2
6000,221.3,0.910537398,2
6000,221.35,0.9105176525,2
6000,221.4,0.9104979031,2
6000,221.45,0.9104781495,2
6000,221.5,0.910458392,2
6000,221.55,0.9104386303,2
6000,221.6,0.9104188646,2
6000,221.65,0.9103990949,2
6000,221.7,0.9103793211,2
6000,221.75,0.9103595433,2
6000,221.8,0.9103397614,2
6000,221.85,0.9103199754,2
6000,221.9,0.9103001854,2
6000,221.95,0.9102803914,2
6000,222,0.9102605933,2
6000,222.05,0.9102407911,2
6000,222.1,0.9102209849,2
6000,222.15,0.9102011746,2
6000,222.2,0.9101813603,2
6000,222.25,0.9101615419,2
6000,222.3,0.9101417195,2
6000,222.35,0.910121893,2
6000,222.4,0.9101020624,2
6000,222.45,0.9100822278,2
6000,222.5,0.9100623891,2
6000,222.55,0.9100425464,2
6000,222.6,0.9100226996,2
6000,222.65,0.9100028487,2
6000,222.7,0.9099829938,2
6000,222.75,0.9099631349,2
6000,222.8,0.9099432718,2
6000,222.85,0.9099234047,2
6000,222.9,0.9099035336,2
6000,222.95,0.9098836584,2
6000,223,0.9098637791,2
6000,223.05,0.9098438958,2
6000,223.1,0.9098240084,2
6000,223.15,0.9098041169,2
6000,223.2,0.9097842214,2
6000,223.25,0.9097643218,2
6000,223.3,0.9097444182,2
6000,223.35,0.9097245105,2
6000,223.4,0.9097045987,2
6000,223.45,0.9096846828,2
6000,223.5,0.9096647629,2
6000,223.55,0.909644839,2
6000,223.6,0.9096249109,2
6000,223.65,0.9096049788,2
6000,223.7,0.9095850427,2
6000,223.75,0.9095651024,2
6000,223.8,0.9095451581,2
6000,223.85,0.9095252097,2
6000,223.9,0.9095052573,2
6000,223.95,0.9094853008,2
6000,224,0.9094653402,2
6000,224.05,0.9094453756,2
6000,224.1,0.9094254069,2
6000,224.15,0.9094054341,2
6000,224.2,0.9093854572,2
6000,224.25,0.9093654763,2
6000,224.3,0.9093454913,2
6000,224.35,0.9093255023,2
6000,224.4,0.9093055091,2
6000,224.45,0.9092855119,2
6000,224.5,0.9092655106,2
6000,224.55,0.9092455053,2
6000,224.6,0.9092254959,2
6000,224.65,0.9092054824,2
6000,224.7,0.9091854648,2
6000,224.75,0.9091654432,2
6000,224.8,0.9091454174,2
6000,224.85,0.9091253877,2
6000,224.9,0.9091053538,2
6000,224.95,0.9090853158,2
6000,225,0.9090652738,2
6000,225.05,0.9090452277,2
6000,225.1,0.9090251776,2
6000,225.15,0.9090051233,2
6000,225.2,0.908985065,2
6000,225.25,0.9089650026,2
6000,225.3,0.9089449361,2
6000,225.35,0.9089248656,2
6000,225.4,0.908904791,2
6000,225.45,0.9088847122,2
6000,225.5,0.9088646295,2
6000,225.55,0.9088445426,2
6000,225.6,0.9088244516,2
6000,225.65,0.9088043566,2
6000,225.7,0.9087842575,2
6000,225.75,0.9087641543,2
6000,225.8,0.9087440471,2
6000,225.85,0.9087239357,2
6000,225.9,0.9087038203,2
6000,225.95,0.9086837008,2
6000,226,0.9086635772,2
6000,226.05,0.9086434495,2
6000,226.1,0.9086233177,2
6000,226.15,0.9086031819,2
6000,226.2,0.908583042,2
6000,226.25,0.908562898,2
6000,226.3,0.9085427499,2
6000,226.35,0.9085225977,2
6000,226.4,0.9085024414,2
6000,226.45,0.9084822811,2
6000,226.5,0.9084621167,2
6000,226.55,0.9084419481,2
6000,226.6,0.9084217755,2
6000,226.65,0.9084015988,2
6000,226.7,0.9083814181,2
6000,226.75,0.9083612332,2
6000,226.8,0.9083410443,2
6000,226.85,0.9083208512,2
6000,226.9,0.9083006541,2
6000,226.95,0.9082804529,2
6000,227,0.9082602476,2
6000,227.05,0.9082400382,2
6000,227.1,0.9082198247,2
6000,227.15,0.9081996071,2
6000,227.2,0.9081793854,2
6000,227.25,0.9081591597,2
6000,227.3,0.9081389298,2
6000,227.35,0.9081186959,2
6000,227.4,0.9080984579,2
6000,227.45,0.9080782158,2
6000,227.5,0.9080579696,2
6000,227.55,0.9080377193,2
6000,227.6,0.9080174649,2
6000,227.65,0.9079972064,2
6000,227.7,0.9079769438,2
6000,227.75,0.9079566771,2
6000,227.8,0.9079364063,2
6000,227.85,0.9079161315,2
6000,227.9,0.9078958525,2
6000,227.95,0.9078755695,2
6000,228,0.9078552823,2
6000,228.05,0.9078349911,2
6000,228.1,0.9078146957,2
6000,228.15,0.9077943963,2
6000,228.2,0.9077740927,2
6000,228.25,0.9077537851,2
6000,228.3,0.9077334734,2
6000,228.35,0.9077131576,2
6000,228.4,0.9076928376,2
6000,228.45,0.9076725136,2
6000,228.5,0.9076521855,2
6000,228.55,0.9076318533,2
6000,228.6,0.9076115169,2
6000,228.65,0.9075911765,2
6000,228.7,0.907570832,2
6000,228.75,0.9075504834,2
6000,228.8,0.9075301307,2
6000,228.85,0.9075097738,2
6000,228.9,0.9074894129,2
6000,228.95,0.9074690479,2
6000,229,0.9074486788,2
6000,229.05,0.9074283055,2
6000,229.1,0.9074079282,2
6000,229.15,0.9073875468,2
6000,229.2,0.9073671612,2
6000,229.25,0.9073467716,2
6000,229.3,0.9073263779,2
6000,229.35,0.90730598,2
6000,229.4,0.9072855781,2
6000,229.45,0.907265172,2
6000,229.5,0.9072447618,2
6000,229.55,0.9072243476,2
6000,229.6,0.9072039292,2
6000,229.65,0.9071835067,2
6000,229.7,0.9071630801,2
6000,229.75,0.9071426494,2
6000,229.8,0.9071222146,2
6000,229.85,0.9071017757,2
6000,229.9,0.9070813327,2
6000,229.95,0.9070608856,2
6000,230,0.9070404344,2
6000,230.05,0.907019979,2
6000,230.1,0.9069995196,2
6000,230.15,0.906979056,2
6000,230.2,0.9069585883,2
6000,230.25,0.9069381166,2
6000,230.3,0.9069176407,2
6000,230.35,0.9068971607,2
6000,230.4,0.9068766766,2
6000,230.45,0.9068561884,2
6000,230.5,0.906835696,2
6000,230.55,0.9068151996,2
6000,230.6,0.906794699,2
6000,230.65,0.9067741944,2
6000,230.7,0.9067536856,2
6000,230.75,0.9067331727,2
6000,230.8,0.9067126557,2
6000,230.85,0.9066921346,2
6000,230.9,0.9066716093,2
6000,230.95,0.90665108,2
6000,231,0.9066305465,2
6000,231.05,0.9066100089,2
6000,231.1,0.9065894672,2
6000,231.15,0.9065689214,2
6000,231.2,0.9065483715,2
6000,231.25,0.9065278175,2
6000,231.3,0.9065072593,2
6000,231.35,0.906486697,2
6000,231.4,0.9064661306,2
6000,231.45,0.9064455601,2
6000,231.5,0.9064249855,2
6000,231.55,0.9064044068,2
6000,231.6,0.9063838239,2
6000,231.65,0.9063632369,2
6000,231.7,0.9063426458,2
6000,231.75,0.9063220506,2
6000,231.8,0.9063014513,2
6000,231.85,0.9062808478,2
6000,231.9,0.9062602402,2
6000,231.95,0.9062396285,2
6000,232,0.9062190127,2
6000,232.05,0.9061983928,2
6000,232.1,0.9061777687,2
6000,232.15,0.9061571405,2
6000,232.2,0.9061365082,2
6000,232.25,0.9061158718,2
6000,232.3,0.9060952312,2
6000,232.35,0.9060745866,2
6000,232.4,0.9060539378,2
6000,232.45,0.9060332848,2
6000,232.5,0.9060126278,2
6000,232.55,0.9059919666,2
6000,232.6,0.9059713013,2
6000,232.65,0.9059506319,2
6000,232.7,0.9059299584,2
6000,232.75,0.9059092807,2
6000,232.8,0.9058885989,2
6000,232.85,0.905867913,2
6000,232.9,0.9058472229,2
6000,232.95,0.9058265288,2
6000,233,0.9058058305,2
6000,233.05,0.905785128,2
6000,233.1,0.9057644215,2
6000,233.15,0.9057437108,2
6000,233.2,0.905722996,2
6000,233.25,0.905702277,2
6000,233.3,0.905681554,2
6000,233.35,0.9056608268,2
6000,233.4,0.9056400955,2
6000,233.45,0.90561936,2
6000,233.5,0.9055986204,2
6000,233.55,0.9055778767,2
6000,233.6,0.9055571288,2
6000,233.65,0.9055363769,2
6000,233.7,0.9055156208,2
6000,233.75,0.9054948605,2
6000,233.8,0.9054740962,2
6000,233.85,0.9054533276,2
6000,233.9,0.905432555,2
6000,233.95,0.9054117782,2
6000,234,0.9053909973,2
6000,234.05,0.9053702123,2
6000,234.1,0.9053494231,2
6000,234.15,0.9053286298,2
6000,234.2,0.9053078324,2
6000,234.25,0.9052870308,2
6000,234.3,0.9052662251,2
6000,234.35,0.9052454153,2
6000,234.4,0.9052246013,2
6000,234.45,0.9052037832,2
6000,234.5,0.9051829609,2
6000,234.55,0.9051621346,2
6000,234.6,0.905141304,2
6000,234.65,0.9051204694,2
6000,234.7,0.9050996306,2
6000,234.75,0.9050787877,2
6000,234.8,0.9050579406,2
6000,234.85,0.9050370894,2
6000,234.9,0.905016234,2
6000,234.95,0.9049953746,2
6000,235,0.9049745109,2
6000,235.05,0.9049536432,2
6000,235.1,0.9049327713,2
6000,235.15,0.9049118952,2
6000,235.2,0.9048910151,2
6000,235.25,0.9048701307,2
6000,235.3,0.9048492423,2
6000,235.35,0.9048283497,2
6000,235.4,0.9048074529,2
6000,235.45,0.904786552,2
6000,235.5,0.904765647,2
6000,235.55,0.9047447378,2
6000,235.6,0.9047238245,2
6000,235.65,0.9047029071,2
6000,235.7,0.9046819855,2
6000,235.75,0.9046610597,2
6000,235.8,0.9046401299,2
6000,235.85,0.9046191958,2
6000,235.9,0.9045982577,2
6000,235.95,0.9045773153,2
6000,236,0.9045563689,2
6000,236.05,0.9045354183,2
6000,236.1,0.9045144635,2
6000,236.15,0.9044935046,2
6000,236.2,0.9044725416,2
6000,236.25,0.9044515744,2
6000,236.3,0.9044306031,2
6000,236.35,0.9044096276,2
6000,236.4,0.904388648,2
6000,236.45,0.9043676642,2
6000,236.5,0.9043466763,2
6000,236.55,0.9043256842,2
6000,236.6,0.904304688,2
6000,236.65,0.9042836876,2
6000,236.7,0.9042626831,2
6000,236.75,0.9042416744,2
6000,236.8,0.9042206616,2
6000,236.85,0.9041996447,2
6000,236.9,0.9041786235,2
6000,236.95,0.9041575983,2
6000,237,0.9041365689,2
6000,237.05,0.9041155353,2
6000,237.1,0.9040944976,2
6000,237.15,0.9040734557,2
6000,237.2,0.9040524097,2
6000,237.25,0.9040313595,2
6000,237.3,0.9040103052,2
6000,237.35,0.9039892467,2
6000,237.4,0.9039681841,2
6000,237.45,0.9039471173,2
6000,237.5,0.9039260464,2
6000,237.55,0.9039049713,2
6000,237.6,0.9038838921,2
6000,237.65,0.9038628087,2
6000,237.7,0.9038417211,2
6000,237.75,0.9038206294,2
6000,237.8,0.9037995336,2
6000,237.85,0.9037784336,2
6000,237.9,0.9037573294,2
6000,237.95,0.9037362211,2
6000,238,0.9037151086,2
6000,238.05,0.903693992,2
6000,238.1,0.9036728712,2
6000,238.15,0.9036517462,2
6000,238.2,0.9036306171,2
6000,238.25,0.9036094839,2
6000,238.3,0.9035883464,2
6000,238.35,0.9035672049,2
6000,238.4,0.9035460591,2
6000,238.45,0.9035249092,2
6000,238.5,0.9035037552,2
6000,238.55,0.903482597,2
6000,238.6,0.9034614346,2
6000,238.65,0.9034402681,2
6000,238.7,0.9034190974,2
6000,238.75,0.9033979225,2
6000,238.8,0.9033767435,2
6000,238.85,0.9033555603,2
6000,238.9,0.903334373,2
6000,238.95,0.9033131815,2
6000,239,0.9032919859,2
6000,239.05,0.903270786,2
6000,239.1,0.9032495821,2
6000,239.15,0.9032283739,2
6000,239.2,0.9032071616,2
6000,239.25,0.9031859452,2
6000,239.3,0.9031647245,2
6000,239.35,0.9031434997,2
6000,239.4,0.9031222708,2
6000,239.45,0.9031010377,2
6000,239.5,0.9030798004,2
6000,239.55,0.9030585589,2
6000,239.6,0.9030373133,2
6000,239.65,0.9030160635,2
6000,239.7,0.9029948096,2
6000,239.75,0.9029735515,2
6000,239.8,0.9029522892,2
6000,239.85,0.9029310228,2
6000,239.9,0.9029097522,2
6000,239.95,0.9028884774,2
6000,240,0.9028671984,2
6000,240.05,0.9028459153,2
6000,240.1,0.9028246281,2
6000,240.15,0.9028033366,2
6000,240.2,0.902782041,2
6000,240.25,0.9027607412,2
6000,240.3,0.9027394373,2
6000,240.35,0.9027181292,2
6000,240.4,0.9026968169,2
6000,240.45,0.9026755004,2
6000,240.5,0.9026541798,2
6000,240.55,0.902632855,2
6000,240.6,0.9026115261,2
6000,240.65,0.9025901929,2
6000,240.7,0.9025688556,2
6000,240.75,0.9025475141,2
6000,240.8,0.9025261685,2
6000,240.85,0.9025048187,2
6000,240.9,0.9024834647,2
6000,240.95,0.9024621065,2
6000,241,0.9024407442,2
6000,241.05,0.9024193777,2
6000,241.1,0.902398007,2
6000,241.15,0.9023766322,2
6000,241.2,0.9023552531,2
6000,241.25,0.9023338699,2
6000,241.3,0.9023124826,2
6000,241.35,0.902291091,2
6000,241.4,0.9022696953,2
6000,241.45,0.9022482954,2
6000,241.5,0.9022268914,2
6000,241.55,0.9022054831,2
6000,241.6,0.9021840707,2
6000,241.65,0.9021626541,2
6000,241.7,0.9021412333,2
6000,241.75,0.9021198084,2
6000,241.8,0.9020983793,2
6000,241.85,0.902076946,2
6000,241.9,0.9020555085,2
6000,241.95,0.9020340668,2
6000,242,0.902012621,2
6000,242.05,0.901991171,2
6000,242.1,0.9019697168,2
6000,242.15,0.9019482585,2
6000,242.2,0.9019267959,2
6000,242.25,0.9019053292,2
6000,242.3,0.9018838583,2
6000,242.35,0.9018623832,2
6000,242.4,0.901840904,2
6000,242.45,0.9018194205,2
6000,242.5,0.9017979329,2
6000,242.55,0.9017764411,2
6000,242.6,0.9017549452,2
6000,242.65,0.901733445,2
6000,242.7,0.9017119407,2
6000,242.75,0.9016904321,2
6000,242.8,0.9016689194,2
6000,242.85,0.9016474026,2
6000,242.9,0.9016258815,2
6000,242.95,0.9016043563,2
6000,243,0.9015828268,2
6000,243.05,0.9015612932,2
6000,243.1,0.9015397554,2
6000,243.15,0.9015182135,2
6000,243.2,0.9014966673,2
6000,243.25,0.901475117,2
6000,243.3,0.9014535624,2
6000,243.35,0.9014320037,2
6000,243.4,0.9014104408,2
6000,243.45,0.9013888737,2
6000,243.5,0.9013673025,2
6000,243.55,0.901345727,2
6000,243.6,0.9013241474,2
6000,243.65,0.9013025636,2
6000,243.7,0.9012809756,2
6000,243.75,0.9012593834,2
6000,243.8,0.901237787,2
6000,243.85,0.9012161864,2
6000,243.9,0.9011945817,2
6000,243.95,0.9011729727,2
6000,244,0.9011513596,2
6000,244.05,0.9011297423,2
6000,244.1,0.9011081208,2
6000,244.15,0.9010864951,2
6000,244.2,0.9010648652,2
6000,244.25,0.9010432312,2
6000,244.3,0.9010215929,2
6000,244.35,0.9009999505,2
6000,244.4,0.9009783038,2
6000,244.45,0.900956653,2
6000,244.5,0.900934998,2
6000,244.55,0.9009133388,2
6000,244.6,0.9008916754,2
6000,244.65,0.9008700078,2
6000,244.7,0.9008483361,2
6000,244.75,0.9008266601,2
6000,244.8,0.9008049799,2
6000,244.85,0.9007832956,2
6000,244.9,0.9007616071,2
6000,244.95,0.9007399143,2
6000,245,0.9007182174,2
6000,245.05,0.9006965163,2
6000,245.1,0.900674811,2
6000,245.15,0.9006531015,2
6000,245.2,0.9006313878,2
6000,245.25,0.9006096699,2
6000,245.3,0.9005879478,2
6000,245.35,0.9005662216,2
6000,245.4,0.9005444911,2
6000,245.45,0.9005227564,2
6000,245.5,0.9005010176,2
6000,245.55,0.9004792745,2
6000,245.6,0.9004575273,2
6000,245.65,0.9004357758,2
6000,245.7,0.9004140202,2
6000,245.75,0.9003922604,2
6000,245.8,0.9003704964,2
6000,245.85,0.9003487281,2
6000,245.9,0.9003269557,2
6000,245.95,0.9003051791,2
6000,246,0.9002833983,2
6000,246.05,0.9002616133,2
6000,246.1,0.9002398241,2
6000,246.15,0.9002180307,2
6000,246.2,0.9001962331,2
6000,246.25,0.9001744313,2
6000,246.3,0.9001526253,2
6000,246.35,0.9001308151,2
6000,246.4,0.9001090007,2
6000,246.45,0.9000871821,2
6000,246.5,0.9000653593,2
6000,246.55,0.9000435323,2
6000,246.6,0.9000217011,2
6000,246.65,0.8999998657,2
6000,246.7,0.8999780261,2
6000,246.75,0.8999561823,2
6000,246.8,0.8999343343,2
6000,246.85,0.8999124821,2
6000,246.9,0.8998906257,2
6000,246.95,0.8998687651,2
6000,247,0.8998469003,2
6000,247.05,0.8998250313,2
6000,247.1,0.8998031581,2
6000,247.15,0.8997812807,2
6000,247.2,0.8997593991,2
6000,247.25,0.8997375133,2
6000,247.3,0.8997156233,2
6000,247.35,0.8996937291,2
6000,247.4,0.8996718307,2
6000,247.45,0.899649928,2
6000,247.5,0.8996280212,2
6000,247.55,0.8996061102,2
6000,247.6,0.899584195,2
6000,247.65,0.8995622755,2
6000,247.7,0.8995403519,2
6000,247.75,0.899518424,2
6000,247.8,0.899496492,2
6000,247.85,0.8994745557,2
6000,247.9,0.8994526153,2
6000,247.95,0.8994306706,2
6000,248,0.8994087217,2
6000,248.05,0.8993867686,2
6000,248.1,0.8993648114,2
6000,248.15,0.8993428499,2
6000,248.2,0.8993208842,2
6000,248.25,0.8992989143,2
6000,248.3,0.8992769401,2
6000,248.35,0.8992549618,2
6000,248.4,0.8992329793,2
6000,248.45,0.8992109926,2
6000,248.5,0.8991890016,2
6000,248.55,0.8991670065,2
6000,248.6,0.8991450071,2
6000,248.65,0.8991230035,2
6000,248.7,0.8991009958,2
6000,248.75,0.8990789838,2
6000,248.8,0.8990569676,2
6000,248.85,0.8990349472,2
6000,248.9,0.8990129225,2
6000,248.95,0.8989908937,2
6000,249,0.8989688607,2
6000,249.05,0.8989468234,2
6000,249.1,0.898924782,2
6000,249.15,0.8989027363,2
6000,249.2,0.8988806864,2
6000,249.25,0.8988586323,2
6000,249.3,0.898836574,2
6000,249.35,0.8988145115,2
6000,249.4,0.8987924448,2
6000,249.45,0.8987703738,2
6000,249.5,0.8987482987,2
6000,249.55,0.8987262193,2
6000,249.6,0.8987041357,2
6000,249.65,0.898682048,2
6000,249.7,0.8986599559,2
6000,249.75,0.8986378597,2
6000,249.8,0.8986157593,2
6000,249.85,0.8985936547,2
6000,249.9,0.8985715458,2
6000,249.95,0.8985494327,2
6000,250,0.8985273154,2
6000,250.05,0.8985051939,2
6000,250.1,0.8984830682,2
6000,250.15,0.8984609383,2
6000,250.2,0.8984388041,2
6000,250.25,0.8984166658,2
6000,250.3,0.8983945232,2
6000,250.35,0.8983723764,2
6000,250.4,0.8983502254,2
6000,250.45,0.8983280702,2
6000,250.5,0.8983059107,2
6000,250.55,0.898283747,2
6000,250.6,0.8982615792,2
6000,250.65,0.8982394071,2
6000,250.7,0.8982172308,2
6000,250.75,0.8981950502,2
6000,250.8,0.8981728655,2
6000,250.85,0.8981506765,2
6000,250.9,0.8981284833,2
6000,250.95,0.8981062859,2
6000,251,0.8980840843,2
6000,251.05,0.8980618785,2
6000,251.1,0.8980396684,2
6000,251.15,0.8980174541,2
6000,251.2,0.8979952356,2
6000,251.25,0.8979730129,2
6000,251.3,0.897950786,2
6000,251.35,0.8979285548,2
6000,251.4,0.8979063194,2
6000,251.45,0.8978840798,2
6000,251.5,0.897861836,2
6000,251.55,0.897839588,2
6000,251.6,0.8978173357,2
6000,251.65,0.8977950792,2
6000,251.7,0.8977728185,2
6000,251.75,0.8977505536,2
6000,251.8,0.8977282845,2
6000,251.85,0.8977060111,2
6000,251.9,0.8976837335,2
6000,251.95,0.8976614517,2
6000,252,0.8976391656,2
6000,252.05,0.8976168754,2
6000,252.1,0.8975945809,2
6000,252.15,0.8975722822,2
6000,252.2,0.8975499793,2
6000,252.25,0.8975276721,2
6000,252.3,0.8975053607,2
6000,252.35,0.8974830451,2
6000,252.4,0.8974607253,2
6000,252.45,0.8974384012,2
6000,252.5,0.897416073,2
6000,252.55,0.8973937405,2
6000,252.6,0.8973714037,2
6000,252.65,0.8973490628,2
6000,252.7,0.8973267176,2
6000,252.75,0.8973043682,2
6000,252.8,0.8972820146,2
6000,252.85,0.8972596567,2
6000,252.9,0.8972372947,2
6000,252.95,0.8972149284,2
6000,253,0.8971925578,2
6000,253.05,0.8971701831,2
6000,253.1,0.8971478041,2
6000,253.15,0.8971254209,2
6000,253.2,0.8971030334,2
6000,253.25,0.8970806418,2
6000,253.3,0.8970582459,2
6000,253.35,0.8970358457,2
6000,253.4,0.8970134414,2
6000,253.45,0.8969910328,2
6000,253.5,0.89696862,2
6000,253.55,0.896946203,2
6000,253.6,0.8969237817,2
6000,253.65,0.8969013562,2
6000,253.7,0.8968789265,2
6000,253.75,0.8968564925,2
6000,253.8,0.8968340544,2
6000,253.85,0.8968116119,2
6000,253.9,0.8967891653,2
6000,253.95,0.8967667144,2
6000,254,0.8967442593,2
6000,254.05,0.8967218,2
6000,254.1,0.8966993364,2
6000,254.15,0.8966768686,2
6000,254.2,0.8966543966,2
6000,254.25,0.8966319203,2
6000,254.3,0.8966094399,2
6000,254.35,0.8965869551,2
6000,254.4,0.8965644662,2
6000,254.45,0.896541973,2
6000,254.5,0.8965194756,2
6000,254.55,0.8964969739,2
6000,254.6,0.8964744681,2
6000,254.65,0.8964519579,2
6000,254.7,0.8964294436,2
6000,254.75,0.896406925,2
6000,254.8,0.8963844022,2
6000,254.85,0.8963618752,2
6000,254.9,0.8963393439,2
6000,254.95,0.8963168084,2
6000,255,0.8962942686,2
6000,255.05,0.8962717246,2
6000,255.1,0.8962491764,2
6000,255.15,0.896226624,2
6000,255.2,0.8962040673,2
6000,255.25,0.8961815064,2
6000,255.3,0.8961589412,2
6000,255.35,0.8961363718,2
6000,255.4,0.8961137982,2
6000,255.45,0.8960912203,2
6000,255.5,0.8960686382,2
6000,255.55,0.8960460519,2
6000,255.6,0.8960234613,2
6000,255.65,0.8960008665,2
6000,255.7,0.8959782675,2
6000,255.75,0.8959556642,2
6000,255.8,0.8959330567,2
6000,255.85,0.8959104449,2
6000,255.9,0.895887829,2
6000,255.95,0.8958652087,2
6000,256,0.8958425843,2
6000,256.05,0.8958199556,2
6000,256.1,0.8957973226,2
6000,256.15,0.8957746854,2
6000,256.2,0.895752044,2
6000,256.25,0.8957293984,2
6000,256.3,0.8957067485,2
6000,256.35,0.8956840944,2
6000,256.4,0.895661436,2
6000,256.45,0.8956387734,2
6000,256.5,0.8956161065,2
6000,256.55,0.8955934354,2
6000,256.6,0.8955707601,2
6000,256.65,0.8955480806,2
6000,256.7,0.8955253967,2
6000,256.75,0.8955027087,2
6000,256.8,0.8954800164,2
6000,256.85,0.8954573199,2
6000,256.9,0.8954346191,2
6000,256.95,0.8954119141,2
6000,257,0.8953892049,2
6000,257.05,0.8953664914,2
6000,257.1,0.8953437736,2
6000,257.15,0.8953210517,2
6000,257.2,0.8952983255,2
6000,257.25,0.895275595,2
6000,257.3,0.8952528603,2
6000,257.35,0.8952301214,2
6000,257.4,0.8952073782,2
6000,257.45,0.8951846308,2
6000,257.5,0.8951618791,2
6000,257.55,0.8951391232,2
6000,257.6,0.895116363,2
6000,257.65,0.8950935986,2
6000,257.7,0.89507083,2
6000,257.75,0.8950480571,2
6000,257.8,0.89502528,2
6000,257.85,0.8950024986,2
6000,257.9,0.894979713,2
6000,257.95,0.8949569231,2
6000,258,0.894934129,2
6000,258.05,0.8949113307,2
6000,258.1,0.8948885281,2
6000,258.15,0.8948657213,2
6000,258.2,0.8948429102,2
6000,258.25,0.8948200949,2
6000,258.3,0.8947972753,2
6000,258.35,0.8947744515,2
6000,258.4,0.8947516234,2
6000,258.45,0.8947287911,2
6000,258.5,0.8947059546,2
6000,258.55,0.8946831138,2
6000,258.6,0.8946602687,2
6000,258.65,0.8946374194,2
6000,258.7,0.8946145659,2
6000,258.75,0.8945917081,2
6000,258.8,0.8945688461,2
6000,258.85,0.8945459798,2
6000,258.9,0.8945231093,2
6000,258.95,0.8945002345,2
6000,259,0.8944773555,2
6000,259.05,0.8944544723,2
6000,259.1,0.8944315847,2
6000,259.15,0.894408693,2
6000,259.2,0.894385797,2
6000,259.25,0.8943628967,2
6000,259.3,0.8943399922,2
6000,259.35,0.8943170835,2
6000,259.4,0.8942941705,2
6000,259.45,0.8942712532,2
6000,259.5,0.8942483317,2
6000,259.55,0.894225406,2
6000,259.6,0.894202476,2
6000,259.65,0.8941795417,2
6000,259.7,0.8941566032,2
6000,259.75,0.8941336605,2
6000,259.8,0.8941107135,2
6000,259.85,0.8940877623,2
6000,259.9,0.8940648068,2
6000,259.95,0.894041847,2
6000,260,0.894018883,2
6000,260.05,0.8939959148,2
6000,260.1,0.8939729423,2
6000,260.15,0.8939499656,2
6000,260.2,0.8939269846,2
6000,260.25,0.8939039993,2
6000,260.3,0.8938810098,2
6000,260.35,0.8938580161,2
6000,260.4,0.8938350181,2
6000,260.45,0.8938120158,2
6000,260.5,0.8937890093,2
6000,260.55,0.8937659986,2
6000,260.6,0.8937429835,2
6000,260.65,0.8937199643,2
6000,260.7,0.8936969408,2
6000,260.75,0.893673913,2
6000,260.8,0.893650881,2
6000,260.85,0.8936278447,2
6000,260.9,0.8936048042,2
6000,260.95,0.8935817594,2
6000,261,0.8935587104,2
6000,261.05,0.8935356571,2
6000,261.1,0.8935125996,2
6000,261.15,0.8934895378,2
6000,261.2,0.8934664717,2
6000,261.25,0.8934434015,2
6000,261.3,0.8934203269,2
6000,261.35,0.8933972481,2
6000,261.4,0.893374165,2
6000,261.45,0.8933510777,2
6000,261.5,0.8933279862,2
6000,261.55,0.8933048903,2
6000,261.6,0.8932817903,2
6000,261.65,0.8932586859,2
6000,261.7,0.8932355773,2
6000,261.75,0.8932124645,2
6000,261.8,0.8931893474,2
6000,261.85,0.893166226,2
6000,261.9,0.8931431004,2
6000,261.95,0.8931199706,2
6000,262,0.8930968365,2
6000,262.05,0.8930736981,2
6000,262.1,0.8930505554,2
6000,262.15,0.8930274086,2
6000,262.2,0.8930042574,2
6000,262.25,0.892981102,2
6000,262.3,0.8929579424,2
6000,262.35,0.8929347784,2
6000,262.4,0.8929116103,2
6000,262.45,0.8928884378,2
6000,262.5,0.8928652612,2
6000,262.55,0.8928420802,2
6000,262.6,0.892818895,2
6000,262.65,0.8927957055,2
6000,262.7,0.8927725118,2
6000,262.75,0.8927493139,2
6000,262.8,0.8927261116,2
6000,262.85,0.8927029051,2
6000,262.9,0.8926796944,2
6000,262.95,0.8926564794,2
6000,263,0.8926332601,2
6000,263.05,0.8926100366,2
6000,263.1,0.8925868088,2
6000,263.15,0.8925635768,2
6000,263.2,0.8925403405,2
6000,263.25,0.8925170999,2
6000,263.3,0.8924938551,2
6000,263.35,0.892470606,2
6000,263.4,0.8924473527,2
6000,263.45,0.8924240951,2
6000,263.5,0.8924008332,2
6000,263.55,0.8923775671,2
6000,263.6,0.8923542967,2
6000,263.65,0.8923310221,2
6000,263.7,0.8923077432,2
6000,263.75,0.89228446,2
6000,263.8,0.8922611726,2
6000,263.85,0.8922378809,2
6000,263.9,0.892214585,2
6000,263.95,0.8921912848,2
6000,264,0.8921679803,2
6000,264.05,0.8921446716,2
6000,264.1,0.8921213586,2
6000,264.15,0.8920980414,2
6000,264.2,0.8920747199,2
6000,264.25,0.8920513941,2
6000,264.3,0.8920280641,2
6000,264.35,0.8920047298,2
6000,264.4,0.8919813913,2
6000,264.45,0.8919580484,2
6000,264.5,0.8919347014,2
6000,264.55,0.89191135,2
6000,264.6,0.8918879944,2
6000,264.65,0.8918646346,2
6000,264.7,0.8918412704,2
6000,264.75,0.891817902,2
6000,264.8,0.8917945294,2
6000,264.85,0.8917711525,2
6000,264.9,0.8917477713,2
6000,264.95,0.8917243859,2
6000,265,0.8917009962,2
6000,265.05,0.8916776022,2
6000,265.1,0.891654204,2
6000,265.15,0.8916308015,2
6000,265.2,0.8916073947,2
6000,265.25,0.8915839837,2
6000,265.3,0.8915605684,2
6000,265.35,0.8915371488,2
6000,265.4,0.891513725,2
6000,265.45,0.891490297,2
6000,265.5,0.8914668646,2
6000,265.55,0.891443428,2
6000,265.6,0.8914199871,2
6000,265.65,0.891396542,2
6000,265.7,0.8913730926,2
6000,265.75,0.8913496389,2
6000,265.8,0.891326181,2
6000,265.85,0.8913027188,2
6000,265.9,0.8912792523,2
6000,265.95,0.8912557816,2
6000,266,0.8912323066,2
6000,266.05,0.8912088274,2
6000,266.1,0.8911853438,2
6000,266.15,0.891161856,2
6000,266.2,0.891138364,2
6000,266.25,0.8911148677,2
6000,266.3,0.8910913671,2
6000,266.35,0.8910678622,2
6000,266.4,0.8910443531,2
6000,266.45,0.8910208397,2
6000,266.5,0.8909973221,2
6000,266.55,0.8909738001,2
6000,266.6,0.890950274,2
6000,266.65,0.8909267435,2
6000,266.7,0.8909032088,2
6000,266.75,0.8908796698,2
6000,266.8,0.8908561265,2
6000,266.85,0.890832579,2
6000,266.9,0.8908090272,2
6000,266.95,0.8907854712,2
6000,267,0.8907619108,2
6000,267.05,0.8907383463,2
6000,267.1,0.8907147774,2
6000,267.15,0.8906912043,2
6000,267.2,0.8906676269,2
6000,267.25,0.8906440452,2
6000,267.3,0.8906204593,2
6000,267.35,0.8905968691,2
6000,267.4,0.8905732746,2
6000,267.45,0.8905496759,2
6000,267.5,0.8905260729,2
6000,267.55,0.8905024656,2
6000,267.6,0.8904788541,2
6000,267.65,0.8904552382,2
6000,267.7,0.8904316182,2
6000,267.75,0.8904079938,2
6000,267.8,0.8903843652,2
6000,267.85,0.8903607323,2
6000,267.9,0.8903370952,2
6000,267.95,0.8903134537,2
6000,268,0.890289808,2
6000,268.05,0.8902661581,2
6000,268.1,0.8902425038,2
6000,268.15,0.8902188453,2
6000,268.2,0.8901951826,2
6000,268.25,0.8901715155,2
6000,268.3,0.8901478442,2
6000,268.35,0.8901241686,2
6000,268.4,0.8901004888,2
6000,268.45,0.8900768046,2
6000,268.5,0.8900531162,2
6000,268.55,0.8900294236,2
6000,268.6,0.8900057266,2
6000,268.65,0.8899820254,2
6000,268.7,0.88995832,2
6000,268.75,0.8899346102,2
6000,268.8,0.8899108962,2
6000,268.85,0.8898871779,2
6000,268.9,0.8898634553,2
6000,268.95,0.8898397285,2
6000,269,0.8898159974,2
6000,269.05,0.889792262,2
6000,269.1,0.8897685224,2
6000,269.15,0.8897447785,2
6000,269.2,0.8897210303,2
6000,269.25,0.8896972778,2
6000,269.3,0.8896735211,2
6000,269.35,0.8896497601,2
6000,269.4,0.8896259948,2
6000,269.45,0.8896022253,2
6000,269.5,0.8895784514,2
6000,269.55,0.8895546734,2
6000,269.6,0.889530891,2
6000,269.65,0.8895071044,2
6000,269.7,0.8894833134,2
6000,269.75,0.8894595183,2
6000,269.8,0.8894357188,2
6000,269.85,0.8894119151,2
6000,269.9,0.8893881071,2
6000,269.95,0.8893642948,2
6000,270,0.8893404783,2
6000,270.05,0.8893166575,2
6000,270.1,0.8892928324,2
6000,270.15,0.889269003,2
6000,270.2,0.8892451694,2
6000,270.25,0.8892213314,2
6000,270.3,0.8891974893,2
6000,270.35,0.8891736428,2
6000,270.4,0.8891497921,2
6000,270.45,0.8891259371,2
6000,270.5,0.8891020778,2
6000,270.55,0.8890782142,2
6000,270.6,0.8890543464,2
6000,270.65,0.8890304743,2
6000,270.7,0.8890065979,2
6000,270.75,0.8889827173,2
6000,270.8,0.8889588324,2
6000,270.85,0.8889349432,2
6000,270.9,0.8889110497,2
6000,270.95,0.888887152,2
6000,271,0.88886325,2
6000,271.05,0.8888393437,2
6000,271.1,0.8888154331,2
6000,271.15,0.8887915183,2
6000,271.2,0.8887675991,2
6000,271.25,0.8887436757,2
6000,271.3,0.8887197481,2
6000,271.35,0.8886958161,2
6000,271.4,0.8886718799,2
6000,271.45,0.8886479394,2
6000,271.5,0.8886239947,2
6000,271.55,0.8886000456,2
6000,271.6,0.8885760923,2
6000,271.65,0.8885521347,2
6000,271.7,0.8885281729,2
6000,271.75,0.8885042067,2
6000,271.8,0.8884802363,2
6000,271.85,0.8884562616,2
6000,271.9,0.8884322826,2
6000,271.95,0.8884082994,2
6000,272,0.8883843119,2
6000,272.05,0.8883603201,2
6000,272.1,0.888336324,2
6000,272.15,0.8883123237,2
6000,272.2,0.888288319,2
6000,272.25,0.8882643101,2
6000,272.3,0.888240297,2
6000,272.35,0.8882162795,2
6000,272.4,0.8881922578,2
6000,272.45,0.8881682318,2
6000,272.5,0.8881442015,2
6000,272.55,0.8881201669,2
6000,272.6,0.8880961281,2
6000,272.65,0.888072085,2
6000,272.7,0.8880480376,2
6000,272.75,0.8880239859,2
6000,272.8,0.88799993,2
6000,272.85,0.8879758698,2
6000,272.9,0.8879518053,2
6000,272.95,0.8879277365,2
6000,273,0.8879036635,2
6000,273.05,0.8878795862,2
6000,273.1,0.8878555046,2
6000,273.15,0.8878314187,2
6000,273.2,0.8878073285,2
6000,273.25,0.8877832341,2
6000,273.3,0.8877591354,2
6000,273.35,0.8877350324,2
6000,273.4,0.8877109251,2
6000,273.45,0.8876868136,2
6000,273.5,0.8876626978,2
6000,273.55,0.8876385777,2
6000,273.6,0.8876144533,2
6000,273.65,0.8875903246,2
6000,273.7,0.8875661917,2
6000,273.75,0.8875420545,2
6000,273.8,0.887517913,2
6000,273.85,0.8874937673,2
6000,273.9,0.8874696172,2
6000,273.95,0.8874454629,2
6000,274,0.8874213043,2
6000,274.05,0.8873971414,2
6000,274.1,0.8873729743,2
6000,274.15,0.8873488028,2
6000,274.2,0.8873246271,2
6000,274.25,0.8873004472,2
6000,274.3,0.8872762629,2
6000,274.35,0.8872520743,2
6000,274.4,0.8872278815,2
6000,274.45,0.8872036844,2
6000,274.5,0.887179483,2
6000,274.55,0.8871552774,2
6000,274.6,0.8871310674,2
6000,274.65,0.8871068532,2
6000,274.7,0.8870826347,2
6000,274.75,0.887058412,2
6000,274.8,0.8870341849,2
6000,274.85,0.8870099536,2
6000,274.9,0.886985718,2
6000,274.95,0.8869614781,2
6000,275,0.8869372339,2
6000,275.05,0.8869129855,2
6000,275.1,0.8868887328,2
6000,275.15,0.8868644758,2
6000,275.2,0.8868402145,2
6000,275.25,0.8868159489,2
6000,275.3,0.8867916791,2
6000,275.35,0.886767405,2
6000,275.4,0.8867431266,2
6000,275.45,0.8867188439,2
6000,275.5,0.8866945569,2
6000,275.55,0.8866702657,2
6000,275.6,0.8866459702,2
6000,275.65,0.8866216704,2
6000,275.7,0.8865973663,2
6000,275.75,0.8865730579,2
6000,275.8,0.8865487453,2
6000,275.85,0.8865244284,2
6000,275.9,0.8865001072,2
6000,275.95,0.8864757817,2
6000,276,0.886451452,2
6000,276.05,0.8864271179,2
6000,276.1,0.8864027796,2
6000,276.15,0.886378437,2
6000,276.2,0.8863540902,2
6000,276.25,0.886329739,2
6000,276.3,0.8863053836,2
6000,276.35,0.8862810239,2
6000,276.4,0.8862566599,2
6000,276.45,0.8862322916,2
6000,276.5,0.8862079191,2
6000,276.55,0.8861835422,2
6000,276.6,0.8861591611,2
6000,276.65,0.8861347757,2
6000,276.7,0.8861103861,2
6000,276.75,0.8860859921,2
6000,276.8,0.8860615939,2
6000,276.85,0.8860371914,2
6000,276.9,0.8860127846,2
6000,276.95,0.8859883735,2
6000,277,0.8859639582,2
6000,277.05,0.8859395385,2
6000,277.1,0.8859151146,2
6000,277.15,0.8858906864,2
6000,277.2,0.8858662539,2
6000,277.25,0.8858418172,2
6000,277.3,0.8858173762,2
6000,277.35,0.8857929308,2
6000,277.4,0.8857684812,2
6000,277.45,0.8857440274,2
6000,277.5,0.8857195692,2
6000,277.55,0.8856951068,2
6000,277.6,0.8856706401,2
6000,277.65,0.8856461691,2
6000,277.7,0.8856216938,2
6000,277.75,0.8855972142,2
6000,277.8,0.8855727304,2
6000,277.85,0.8855482423,2
6000,277.9,0.8855237499,2
6000,277.95,0.8854992532,2
6000,278,0.8854747522,2
6000,278.05,0.885450247,2
6000,278.1,0.8854257375,2
6000,278.15,0.8854012236,2
6000,278.2,0.8853767056,2
6000,278.25,0.8853521832,2
6000,278.3,0.8853276565,2
6000,278.35,0.8853031256,2
6000,278.4,0.8852785904,2
6000,278.45,0.8852540509,2
6000,278.5,0.8852295071,2
6000,278.55,0.8852049591,2
6000,278.6,0.8851804068,2
6000,278.65,0.8851558502,2
6000,278.7,0.8851312893,2
6000,278.75,0.8851067241,2
6000,278.8,0.8850821546,2
6000,278.85,0.8850575809,2
6000,278.9,0.8850330029,2
6000,278.95,0.8850084206,2
6000,279,0.884983834,2
6000,279.05,0.8849592431,2
6000,279.1,0.884934648,2
6000,279.15,0.8849100486,2
6000,279.2,0.8848854449,2
6000,279.25,0.8848608369,2
6000,279.3,0.8848362246,2
6000,279.35,0.884811608,2
6000,279.4,0.8847869872,2
6000,279.45,0.8847623621,2
6000,279.5,0.8847377327,2
6000,279.55,0.884713099,2
6000,279.6,0.8846884611,2
6000,279.65,0.8846638189,2
6000,279.7,0.8846391723,2
6000,279.75,0.8846145215,2
6000,279.8,0.8845898665,2
6000,279.85,0.8845652071,2
6000,279.9,0.8845405435,2
6000,279.95,0.8845158755,2
6000,280,0.8844912033,2
6000,280.05,0.8844665268,2
6000,280.1,0.8844418461,2
6000,280.15,0.884417161,2
6000,280.2,0.8843924717,2
6000,280.25,0.8843677781,2
6000,280.3,0.8843430802,2
6000,280.35,0.884318378,2
6000,280.4,0.8842936716,2
6000,280.45,0.8842689608,2
6000,280.5,0.8842442458,2
6000,280.55,0.8842195265,2
6000,280.6,0.8841948029,2
6000,280.65,0.8841700751,2
6000,280.7,0.8841453429,2
6000,280.75,0.8841206065,2
6000,280.8,0.8840958658,2
6000,280.85,0.8840711208,2
6000,280.9,0.8840463716,2
6000,280.95,0.884021618,2
6000,281,0.8839968602,2
6000,281.05,0.8839720981,2
6000,281.1,0.8839473317,2
6000,281.15,0.883922561,2
6000,281.2,0.8838977861,2
6000,281.25,0.8838730068,2
6000,281.3,0.8838482233,2
6000,281.35,0.8838234355,2
6000,281.4,0.8837986434,2
6000,281.45,0.8837738471,2
6000,281.5,0.8837490464,2
6000,281.55,0.8837242415,2
6000,281.6,0.8836994323,2
6000,281.65,0.8836746188,2
6000,281.7,0.8836498011,2
6000,281.75,0.883624979,2
6000,281.8,0.8836001527,2
6000,281.85,0.8835753221,2
6000,281.9,0.8835504872,2
6000,281.95,0.883525648,2
6000,282,0.8835008046,2
6000,282.05,0.8834759568,2
6000,282.1,0.8834511048,2
6000,282.15,0.8834262485,2
6000,282.2,0.8834013879,2
6000,282.25,0.8833765231,2
6000,282.3,0.883351654,2
6000,282.35,0.8833267805,2
6000,282.4,0.8833019028,2
6000,282.45,0.8832770208,2
6000,282.5,0.8832521346,2
6000,282.55,0.883227244,2
6000,282.6,0.8832023492,2
6000,282.65,0.8831774501,2
6000,282.7,0.8831525467,2
6000,282.75,0.8831276391,2
6000,282.8,0.8831027271,2
6000,282.85,0.8830778109,2
6000,282.9,0.8830528904,2
6000,282.95,0.8830279656,2
6000,283,0.8830030365,2
6000,283.05,0.8829781032,2
6000,283.1,0.8829531655,2
6000,283.15,0.8829282236,2
6000,283.2,0.8829032774,2
6000,283.25,0.882878327,2
6000,283.3,0.8828533722,2
6000,283.35,0.8828284132,2
6000,283.4,0.8828034498,2
6000,283.45,0.8827784823,2
6000,283.5,0.8827535104,2
6000,283.55,0.8827285342,2
6000,283.6,0.8827035538,2
6000,283.65,0.8826785691,2
6000,283.7,0.8826535801,2
6000,283.75,0.8826285868,2
6000,283.8,0.8826035892,2
6000,283.85,0.8825785874,2
6000,283.9,0.8825535813,2
6000,283.95,0.8825285709,2
6000,284,0.8825035562,2
6000,284.05,0.8824785372,2
6000,284.1,0.882453514,2
6000,284.15,0.8824284864,2
6000,284.2,0.8824034546,2
6000,284.25,0.8823784186,2
6000,284.3,0.8823533782,2
6000,284.35,0.8823283336,2
6000,284.4,0.8823032846,2
6000,284.45,0.8822782314,2
6000,284.5,0.8822531739,2
6000,284.55,0.8822281122,2
6000,284.6,0.8822030461,2
6000,284.65,0.8821779758,2
6000,284.7,0.8821529012,2
6000,284.75,0.8821278223,2
6000,284.8,0.8821027392,2
6000,284.85,0.8820776517,2
6000,284.9,0.88205256,2
6000,284.95,0.882027464,2
6000,285,0.8820023637,2
6000,285.05,0.8819772592,2
6000,285.1,0.8819521503,2
6000,285.15,0.8819270372,2
6000,285.2,0.8819019198,2
6000,285.25,0.8818767981,2
6000,285.3,0.8818516722,2
6000,285.35,0.8818265419,2
6000,285.4,0.8818014074,2
6000,285.45,0.8817762686,2
6000,285.5,0.8817511255,2
6000,285.55,0.8817259782,2
6000,285.6,0.8817008265,2
6000,285.65,0.8816756706,2
6000,285.7,0.8816505104,2
6000,285.75,0.8816253459,2
6000,285.8,0.8816001772,2
6000,285.85,0.8815750042,2
6000,285.9,0.8815498269,2
6000,285.95,0.8815246453,2
6000,286,0.8814994594,2
6000,286.05,0.8814742692,2
6000,286.1,0.8814490748,2
6000,286.15,0.8814238761,2
6000,286.2,0.8813986731,2
6000,286.25,0.8813734659,2
6000,286.3,0.8813482543,2
6000,286.35,0.8813230385,2
6000,286.4,0.8812978184,2
6000,286.45,0.881272594,2
6000,286.5,0.8812473654,2
6000,286.55,0.8812221325,2
6000,286.6,0.8811968952,2
6000,286.65,0.8811716537,2
6000,286.7,0.881146408,2
6000,286.75,0.8811211579,2
6000,286.8,0.8810959036,2
6000,286.85,0.881070645,2
6000,286.9,0.8810453821,2
6000,286.95,0.881020115,2
6000,287,0.8809948435,2
6000,287.05,0.8809695678,2
6000,287.1,0.8809442878,2
6000,287.15,0.8809190035,2
6000,287.2,0.880893715,2
6000,287.25,0.8808684222,2
6000,287.3,0.8808431251,2
6000,287.35,0.8808178237,2
6000,287.4,0.880792518,2
6000,287.45,0.8807672081,2
6000,287.5,0.8807418939,2
6000,287.55,0.8807165754,2
6000,287.6,0.8806912526,2
6000,287.65,0.8806659256,2
6000,287.7,0.8806405942,2
6000,287.75,0.8806152586,2
6000,287.8,0.8805899188,2
6000,287.85,0.8805645746,2
6000,287.9,0.8805392262,2
6000,287.95,0.8805138735,2
6000,288,0.8804885165,2
6000,288.05,0.8804631552,2
6000,288.1,0.8804377897,2
6000,288.15,0.8804124199,2
6000,288.2,0.8803870458,2
6000,288.25,0.8803616674,2
6000,288.3,0.8803362848,2
6000,288.35,0.8803108978,2
6000,288.4,0.8802855066,2
6000,288.45,0.8802601112,2
6000,288.5,0.8802347114,2
6000,288.55,0.8802093074,2
6000,288.6,0.8801838991,2
6000,288.65,0.8801584865,2
6000,288.7,0.8801330696,2
6000,288.75,0.8801076485,2
6000,288.8,0.8800822231,2
6000,288.85,0.8800567934,2
6000,288.9,0.8800313595,2
6000,288.95,0.8800059212,2
6000,289,0.8799804787,2
6000,289.05,0.8799550319,2
6000,289.1,0.8799295809,2
6000,289.15,0.8799041255,2
6000,289.2,0.8798786659,2
6000,289.25,0.879853202,2
6000,289.3,0.8798277339,2
6000,289.35,0.8798022614,2
6000,289.4,0.8797767847,2
6000,289.45,0.8797513037,2
6000,289.5,0.8797258185,2
6000,289.55,0.8797003289,2
6000,289.6,0.8796748351,2
6000,289.65,0.879649337,2
6000,289.7,0.8796238347,2
6000,289.75,0.879598328,2
6000,289.8,0.8795728171,2
6000,289.85,0.8795473019,2
6000,289.9,0.8795217825,2
6000,289.95,0.8794962587,2
6000,290,0.8794707307,2
6000,290.05,0.8794451984,2
6000,290.1,0.8794196619,2
6000,290.15,0.879394121,2
6000,290.2,0.8793685759,2
6000,290.25,0.8793430266,2
6000,290.3,0.8793174729,2
6000,290.35,0.879291915,2
6000,290.4,0.8792663528,2
6000,290.45,0.8792407863,2
6000,290.5,0.8792152156,2
6000,290.55,0.8791896405,2
6000,290.6,0.8791640612,2
6000,290.65,0.8791384777,2
6000,290.7,0.8791128898,2
6000,290.75,0.8790872977,2
6000,290.8,0.8790617013,2
6000,290.85,0.8790361007,2
6000,290.9,0.8790104958,2
6000,290.95,0.8789848865,2
6000,291,0.8789592731,2
6000,291.05,0.8789336553,2
6000,291.1,0.8789080333,2
6000,291.15,0.878882407,2
6000,291.2,0.8788567764,2
6000,291.25,0.8788311416,2
6000,291.3,0.8788055025,2
6000,291.35,0.8787798591,2
6000,291.4,0.8787542114,2
6000,291.45,0.8787285595,2
6000,291.5,0.8787029033,2
6000,291.55,0.8786772428,2
6000,291.6,0.8786515781,2
6000,291.65,0.8786259091,2
6000,291.7,0.8786002358,2
6000,291.75,0.8785745583,2
6000,291.8,0.8785488764,2
6000,291.85,0.8785231903,2
6000,291.9,0.8784975,2
6000,291.95,0.8784718053,2
6000,292,0.8784461064,2
6000,292.05,0.8784204032,2
6000,292.1,0.8783946958,2
6000,292.15,0.878368984,2
6000,292.2,0.878343268,2
6000,292.25,0.8783175478,2
6000,292.3,0.8782918232,2
6000,292.35,0.8782660944,2
6000,292.4,0.8782403614,2
6000,292.45,0.878214624,2
6000,292.5,0.8781888824,2
6000,292.55,0.8781631365,2
6000,292.6,0.8781373864,2
6000,292.65,0.8781116319,2
6000,292.7,0.8780858732,2
6000,292.75,0.8780601103,2
6000,292.8,0.878034343,2
6000,292.85,0.8780085715,2
6000,292.9,0.8779827958,2
6000,292.95,0.8779570157,2
6000,293,0.8779312314,2
6000,293.05,0.8779054428,2
6000,293.1,0.87787965,2
6000,293.15,0.8778538529,2
6000,293.2,0.8778280515,2
6000,293.25,0.8778022458,2
6000,293.3,0.8777764359,2
6000,293.35,0.8777506217,2
6000,293.4,0.8777248033,2
6000,293.45,0.8776989805,2
6000,293.5,0.8776731536,2
6000,293.55,0.8776473223,2
6000,293.6,0.8776214868,2
6000,293.65,0.877595647,2
6000,293.7,0.8775698029,2
6000,293.75,0.8775439546,2
6000,293.8,0.877518102,2
6000,293.85,0.8774922451,2
6000,293.9,0.877466384,2
6000,293.95,0.8774405186,2
6000,294,0.8774146489,2
6000,294.05,0.877388775,2
6000,294.1,0.8773628968,2
6000,294.15,0.8773370143,2
6000,294.2,0.8773111276,2
6000,294.25,0.8772852366,2
6000,294.3,0.8772593413,2
6000,294.35,0.8772334418,2
6000,294.4,0.877207538,2
6000,294.45,0.8771816299,2
6000,294.5,0.8771557176,2
6000,294.55,0.877129801,2
6000,294.6,0.8771038801,2
6000,294.65,0.877077955,2
6000,294.7,0.8770520256,2
6000,294.75,0.8770260919,2
6000,294.8,0.877000154,2
6000,294.85,0.8769742118,2
6000,294.9,0.8769482654,2
6000,294.95,0.8769223147,2
6000,295,0.8768963597,2
6000,295.05,0.8768704004,2
6000,295.1,0.8768444369,2
6000,295.15,0.8768184691,2
6000,295.2,0.8767924971,2
6000,295.25,0.8767665208,2
6000,295.3,0.8767405402,2
6000,295.35,0.8767145554,2
6000,295.4,0.8766885663,2
6000,295.45,0.8766625729,2
6000,295.5,0.8766365753,2
6000,295.55,0.8766105734,2
6000,295.6,0.8765845673,2
6000,295.65,0.8765585569,2
6000,295.7,0.8765325422,2
6000,295.75,0.8765065233,2
6000,295.8,0.8764805001,2
6000,295.85,0.8764544726,2
6000,295.9,0.8764284409,2
6000,295.95,0.8764024049,2
6000,296,0.8763763646,2
6000,296.05,0.8763503201,2
6000,296.1,0.8763242714,2
6000,296.15,0.8762982183,2
6000,296.2,0.876272161,2
6000,296.25,0.8762460995,2
6000,296.3,0.8762200336,2
6000,296.35,0.8761939636,2
6000,296.4,0.8761678892,2
6000,296.45,0.8761418106,2
6000,296.5,0.8761157277,2
6000,296.55,0.8760896406,2
6000,296.6,0.8760635492,2
6000,296.65,0.8760374536,2
6000,296.7,0.8760113537,2
6000,296.75,0.8759852495,2
6000,296.8,0.8759591411,2
6000,296.85,0.8759330284,2
6000,296.9,0.8759069114,2
6000,296.95,0.8758807902,2
6000,297,0.8758546648,2
6000,297.05,0.875828535,2
6000,297.1,0.8758024011,2
6000,297.15,0.8757762628,2
6000,297.2,0.8757501203,2
6000,297.25,0.8757239735,2
6000,297.3,0.8756978225,2
6000,297.35,0.8756716672,2
6000,297.4,0.8756455077,2
6000,297.45,0.8756193439,2
6000,297.5,0.8755931758,2
6000,297.55,0.8755670035,2
6000,297.6,0.875540827,2
6000,297.65,0.8755146461,2
6000,297.7,0.875488461,2
6000,297.75,0.8754622717,2
6000,297.8,0.8754360781,2
6000,297.85,0.8754098802,2
6000,297.9,0.8753836781,2
6000,297.95,0.8753574717,2
6000,298,0.8753312611,2
6000,298.05,0.8753050462,2
6000,298.1,0.8752788271,2
6000,298.15,0.8752526037,2
6000,298.2,0.875226376,2
6000,298.25,0.8752001441,2
6000,298.3,0.8751739079,2
6000,298.35,0.8751476675,2
6000,298.4,0.8751214228,2
6000,298.45,0.8750951739,2
6000,298.5,0.8750689207,2
6000,298.55,0.8750426633,2
6000,298.6,0.8750164016,2
6000,298.65,0.8749901356,2
6000,298.7,0.8749638654,2
6000,298.75,0.8749375909,2
6000,298.8,0.8749113122,2
6000,298.85,0.8748850292,2
6000,298.9,0.874858742,2
6000,298.95,0.8748324505,2
6000,299,0.8748061548,2
6000,299.05,0.8747798548,2
6000,299.1,0.8747535505,2
6000,299.15,0.874727242,2
6000,299.2,0.8747009293,2
6000,299.25,0.8746746123,2
6000,299.3,0.874648291,2
6000,299.35,0.8746219655,2
6000,299.4,0.8745956357,2
6000,299.45,0.8745693017,2
6000,299.5,0.8745429634,2
6000,299.55,0.8745166209,2
6000,299.6,0.8744902742,2
6000,299.65,0.8744639231,2
6000,299.7,0.8744375678,2
6000,299.75,0.8744112083,2
6000,299.8,0.8743848445,2
6000,299.85,0.8743584765,2
6000,299.9,0.8743321042,2
6000,299.95,0.8743057277,2
6000,300,0.8742793469,2
6000,300.05,0.8742529619,2
6000,300.1,0.8742265726,2
6000,300.15,0.874200179,2
6000,300.2,0.8741737813,2
6000,300.25,0.8741473792,2
6000,300.3,0.8741209729,2
6000,300.35,0.8740945624,2
6000,300.4,0.8740681476,2
6000,300.45,0.8740417286,2
6000,300.5,0.8740153053,2
6000,300.55,0.8739888778,2
6000,300.6,0.873962446,2
6000,300.65,0.8739360099,2
6000,300.7,0.8739095697,2
6000,300.75,0.8738831251,2
6000,300.8,0.8738566764,2
6000,300.85,0.8738302233,2
6000,300.9,0.8738037661,2
6000,300.95,0.8737773045,2
6000,301,0.8737508388,2
6000,301.05,0.8737243688,2
6000,301.1,0.8736978945,2
6000,301.15,0.873671416,2
6000,301.2,0.8736449332,2
6000,301.25,0.8736184462,2
6000,301.3,0.873591955,2
6000,301.35,0.8735654595,2
6000,301.4,0.8735389597,2
6000,301.45,0.8735124558,2
6000,301.5,0.8734859475,2
6000,301.55,0.873459435,2
6000,301.6,0.8734329183,2
6000,301.65,0.8734063974,2
6000,301.7,0.8733798721,2
6000,301.75,0.8733533427,2
6000,301.8,0.873326809,2
6000,301.85,0.873300271,2
6000,301.9,0.8732737288,2
6000,301.95,0.8732471824,2
6000,302,0.8732206317,2
6000,302.05,0.8731940768,2
6000,302.1,0.8731675176,2
6000,302.15,0.8731409542,2
6000,302.2,0.8731143865,2
6000,302.25,0.8730878146,2
6000,302.3,0.8730612385,2
6000,302.35,0.8730346581,2
6000,302.4,0.8730080735,2
6000,302.45,0.8729814846,2
6000,302.5,0.8729548915,2
6000,302.55,0.8729282941,2
6000,302.6,0.8729016925,2
6000,302.65,0.8728750867,2
6000,302.7,0.8728484766,2
6000,302.75,0.8728218623,2
6000,302.8,0.8727952437,2
6000,302.85,0.8727686209,2
6000,302.9,0.8727419939,2
6000,302.95,0.8727153626,2
6000,303,0.8726887271,2
6000,303.05,0.8726620873,2
6000,303.1,0.8726354433,2
6000,303.15,0.872608795,2
6000,303.2,0.8725821426,2
6000,303.25,0.8725554858,2
6000,303.3,0.8725288249,2
6000,303.35,0.8725021597,2
6000,303.4,0.8724754902,2
6000,303.45,0.8724488165,2
6000,303.5,0.8724221386,2
6000,303.55,0.8723954564,2
6000,303.6,0.87236877,2
6000,303.65,0.8723420794,2
6000,303.7,0.8723153845,2
6000,303.75,0.8722886854,2
6000,303.8,0.8722619821,2
6000,303.85,0.8722352745,2
6000,303.9,0.8722085627,2
6000,303.95,0.8721818466,2
6000,304,0.8721551263,2
6000,304.05,0.8721284018,2
6000,304.1,0.872101673,2
6000,304.15,0.87207494,2
6000,304.2,0.8720482028,2
6000,304.25,0.8720214613,2
6000,304.3,0.8719947156,2
6000,304.35,0.8719679656,2
6000,304.4,0.8719412114,2
6000,304.45,0.871914453,2
6000,304.5,0.8718876904,2
6000,304.55,0.8718609235,2
6000,304.6,0.8718341524,2
6000,304.65,0.871807377,2
6000,304.7,0.8717805974,2
6000,304.75,0.8717538136,2
6000,304.8,0.8717270255,2
6000,304.85,0.8717002332,2
6000,304.9,0.8716734367,2
6000,304.95,0.871646636,2
6000,305,0.871619831,2
6000,305.05,0.8715930217,2
6000,305.1,0.8715662083,2
6000,305.15,0.8715393906,2
6000,305.2,0.8715125687,2
6000,305.25,0.8714857425,2
6000,305.3,0.8714589122,2
6000,305.35,0.8714320775,2
6000,305.4,0.8714052387,2
6000,305.45,0.8713783956,2
6000,305.5,0.8713515483,2
6000,305.55,0.8713246968,2
6000,305.6,0.871297841,2
6000,305.65,0.871270981,2
6000,305.7,0.8712441168,2
6000,305.75,0.8712172483,2
6000,305.8,0.8711903757,2
6000,305.85,0.8711634987,2
6000,305.9,0.8711366176,2
6000,305.95,0.8711097322,2
6000,306,0.8710828426,2
6000,306.05,0.8710559488,2
6000,306.1,0.8710290507,2
6000,306.15,0.8710021485,2
6000,306.2,0.8709752419,2
6000,306.25,0.8709483312,2
6000,306.3,0.8709214162,2
6000,306.35,0.870894497,2
6000,306.4,0.8708675736,2
6000,306.45,0.870840646,2
6000,306.5,0.8708137141,2
6000,306.55,0.870786778,2
6000,306.6,0.8707598377,2
6000,306.65,0.8707328931,2
6000,306.7,0.8707059444,2
6000,306.75,0.8706789914,2
6000,306.8,0.8706520341,2
6000,306.85,0.8706250727,2
6000,306.9,0.870598107,2
6000,306.95,0.8705711371,2
6000,307,0.870544163,2
6000,307.05,0.8705171846,2
6000,307.1,0.870490202,2
6000,307.15,0.8704632153,2
6000,307.2,0.8704362242,2
6000,307.25,0.870409229,2
6000,307.3,0.8703822295,2
6000,307.35,0.8703552258,2
6000,307.4,0.8703282179,2
6000,307.45,0.8703012058,2
6000,307.5,0.8702741894,2
6000,307.55,0.8702471689,2
6000,307.6,0.8702201441,2
6000,307.65,0.870193115,2
6000,307.7,0.8701660818,2
6000,307.75,0.8701390443,2
6000,307.8,0.8701120027,2
6000,307.85,0.8700849568,2
6000,307.9,0.8700579066,2
6000,307.95,0.8700308523,2
6000,308,0.8700037937,2
6000,308.05,0.8699767309,2
6000,308.1,0.8699496639,2
6000,308.15,0.8699225927,2
6000,308.2,0.8698955173,2
6000,308.25,0.8698684376,2
6000,308.3,0.8698413538,2
6000,308.35,0.8698142657,2
6000,308.4,0.8697871733,2
6000,308.45,0.8697600768,2
6000,308.5,0.8697329761,2
6000,308.55,0.8697058711,2
6000,308.6,0.8696787619,2
6000,308.65,0.8696516485,2
6000,308.7,0.8696245309,2
6000,308.75,0.8695974091,2
6000,308.8,0.869570283,2
6000,308.85,0.8695431528,2
6000,308.9,0.8695160183,2
6000,308.95,0.8694888796,2
6000,309,0.8694617367,2
6000,309.05,0.8694345896,2
6000,309.1,0.8694074382,2
6000,309.15,0.8693802827,2
6000,309.2,0.8693531229,2
6000,309.25,0.869325959,2
6000,309.3,0.8692987908,2
6000,309.35,0.8692716184,2
6000,309.4,0.8692444417,2
6000,309.45,0.8692172609,2
6000,309.5,0.8691900759,2
6000,309.55,0.8691628866,2
6000,309.6,0.8691356931,2
6000,309.65,0.8691084955,2
6000,309.7,0.8690812936,2
6000,309.75,0.8690540875,2
6000,309.8,0.8690268772,2
6000,309.85,0.8689996626,2
6000,309.9,0.8689724439,2
6000,309.95,0.868945221,2
6000,310,0.8689179938,2
6000,310.05,0.8688907624,2
6000,310.1,0.8688635269,2
6000,310.15,0.8688362871,2
6000,310.2,0.8688090431,2
6000,310.25,0.8687817949,2
6000,310.3,0.8687545425,2
6000,310.35,0.8687272858,2
6000,310.4,0.868700025,2
6000,310.45,0.86867276,2
6000,310.5,0.8686454907,2
6000,310.55,0.8686182173,2
6000,310.6,0.8685909396,2
6000,310.65,0.8685636578,2
6000,310.7,0.8685363717,2
6000,310.75,0.8685090814,2
6000,310.8,0.8684817869,2
6000,310.85,0.8684544882,2
6000,310.9,0.8684271854,2
6000,310.95,0.8683998783,2
6000,311,0.8683725669,2
6000,311.05,0.8683452514,2
6000,311.1,0.8683179317,2
6000,311.15,0.8682906078,2
6000,311.2,0.8682632797,2
6000,311.25,0.8682359474,2
6000,311.3,0.8682086108,2
6000,311.35,0.8681812701,2
6000,311.4,0.8681539252,2
6000,311.45,0.868126576,2
6000,311.5,0.8680992227,2
6000,311.55,0.8680718651,2
6000,311.6,0.8680445034,2
6000,311.65,0.8680171374,2
6000,311.7,0.8679897673,2
6000,311.75,0.8679623929,2
6000,311.8,0.8679350144,2
6000,311.85,0.8679076316,2
6000,311.9,0.8678802447,2
6000,311.95,0.8678528535,2
6000,312,0.8678254582,2
6000,312.05,0.8677980586,2
6000,312.1,0.8677706549,2
6000,312.15,0.8677432469,2
6000,312.2,0.8677158348,2
6000,312.25,0.8676884185,2
6000,312.3,0.8676609979,2
6000,312.35,0.8676335732,2
6000,312.4,0.8676061442,2
6000,312.45,0.8675787111,2
6000,312.5,0.8675512738,2
6000,312.55,0.8675238322,2
6000,312.6,0.8674963865,2
6000,312.65,0.8674689366,2
6000,312.7,0.8674414825,2
6000,312.75,0.8674140241,2
6000,312.8,0.8673865616,2
6000,312.85,0.8673590949,2
6000,312.9,0.867331624,2
6000,312.95,0.8673041489,2
6000,313,0.8672766696,2
6000,313.05,0.8672491861,2
6000,313.1,0.8672216985,2
6000,313.15,0.8671942066,2
6000,313.2,0.8671667105,2
6000,313.25,0.8671392103,2
6000,313.3,0.8671117058,2
6000,313.35,0.8670841972,2
6000,313.4,0.8670566843,2
6000,313.45,0.8670291673,2
6000,313.5,0.8670016461,2
6000,313.55,0.8669741207,2
6000,313.6,0.8669465911,2
6000,313.65,0.8669190573,2
6000,313.7,0.8668915193,2
6000,313.75,0.8668639771,2
6000,313.8,0.8668364308,2
6000,313.85,0.8668088802,2
6000,313.9,0.8667813255,2
6000,313.95,0.8667537666,2
6000,314,0.8667262034,2
6000,314.05,0.8666986361,2
6000,314.1,0.8666710646,2
6000,314.15,0.866643489,2
6000,314.2,0.8666159091,2
6000,314.25,0.866588325,2
6000,314.3,0.8665607368,2
6000,314.35,0.8665331444,2
6000,314.4,0.8665055477,2
6000,314.45,0.8664779469,2
6000,314.5,0.8664503419,2
6000,314.55,0.8664227328,2
6000,314.6,0.8663951194,2
6000,314.65,0.8663675019,2
6000,314.7,0.8663398801,2
6000,314.75,0.8663122542,2
6000,314.8,0.8662846241,2
6000,314.85,0.8662569898,2
6000,314.9,0.8662293514,2
6000,314.95,0.8662017087,2
6000,315,0.8661740619,2
6000,315.05,0.8661464109,2
6000,315.1,0.8661187557,2
6000,315.15,0.8660910963,2
6000,315.2,0.8660634327,2
6000,315.25,0.866035765,2
6000,315.3,0.866008093,2
6000,315.35,0.8659804169,2
6000,315.4,0.8659527367,2
6000,315.45,0.8659250522,2
6000,315.5,0.8658973635,2
6000,315.55,0.8658696707,2
6000,315.6,0.8658419737,2
6000,315.65,0.8658142725,2
6000,315.7,0.8657865672,2
6000,315.75,0.8657588576,2
6000,315.8,0.8657311439,2
6000,315.85,0.865703426,2
6000,315.9,0.8656757039,2
6000,315.95,0.8656479777,2
6000,316,0.8656202472,2
6000,316.05,0.8655925126,2
6000,316.1,0.8655647739,2
6000,316.15,0.8655370309,2
6000,316.2,0.8655092838,2
6000,316.25,0.8654815324,2
6000,316.3,0.865453777,2
6000,316.35,0.8654260173,2
6000,316.4,0.8653982535,2
6000,316.45,0.8653704855,2
6000,316.5,0.8653427133,2
6000,316.55,0.8653149369,2
6000,316.6,0.8652871564,2
6000,316.65,0.8652593717,2
6000,316.7,0.8652315828,2
6000,316.75,0.8652037898,2
6000,316.8,0.8651759925,2
6000,316.85,0.8651481912,2
6000,316.9,0.8651203856,2
6000,316.95,0.8650925759,2
6000,317,0.865064762,2
6000,317.05,0.8650369439,2
6000,317.1,0.8650091216,2
6000,317.15,0.8649812952,2
6000,317.2,0.8649534646,2
6000,317.25,0.8649256299,2
6000,317.3,0.864897791,2
6000,317.35,0.8648699479,2
6000,317.4,0.8648421006,2
6000,317.45,0.8648142492,2
6000,317.5,0.8647863936,2
6000,317.55,0.8647585338,2
6000,317.6,0.8647306699,2
6000,317.65,0.8647028018,2
6000,317.7,0.8646749295,2
6000,317.75,0.8646470531,2
6000,317.8,0.8646191725,2
6000,317.85,0.8645912877,2
6000,317.9,0.8645633988,2
6000,317.95,0.8645355057,2
6000,318,0.8645076085,2
6000,318.05,0.8644797071,2
6000,318.1,0.8644518015,2
6000,318.15,0.8644238917,2
6000,318.2,0.8643959778,2
6000,318.25,0.8643680598,2
6000,318.3,0.8643401375,2
6000,318.35,0.8643122111,2
6000,318.4,0.8642842806,2
6000,318.45,0.8642563458,2
6000,318.5,0.864228407,2
6000,318.55,0.8642004639,2
6000,318.6,0.8641725167,2
6000,318.65,0.8641445654,2
6000,318.7,0.8641166098,2
6000,318.75,0.8640886502,2
6000,318.8,0.8640606863,2
6000,318.85,0.8640327183,2
6000,318.9,0.8640047462,2
6000,318.95,0.8639767698,2
6000,319,0.8639487894,2
6000,319.05,0.8639208047,2
6000,319.1,0.8638928159,2
6000,319.15,0.863864823,2
6000,319.2,0.8638368259,2
6000,319.25,0.8638088246,2
6000,319.3,0.8637808192,2
6000,319.35,0.8637528096,2
6000,319.4,0.8637247959,2
6000,319.45,0.863696778,2
6000,319.5,0.863668756,2
6000,319.55,0.8636407298,2
6000,319.6,0.8636126995,2
6000,319.65,0.863584665,2
6000,319.7,0.8635566263,2
6000,319.75,0.8635285835,2
6000,319.8,0.8635005366,2
6000,319.85,0.8634724855,2
6000,319.9,0.8634444302,2
6000,319.95,0.8634163708,2
6000,320,0.8633883072,2
6000,320.05,0.8633602395,2
6000,320.1,0.8633321677,2
6000,320.15,0.8633040916,2
6000,320.2,0.8632760115,2
6000,320.25,0.8632479272,2
6000,320.3,0.8632198387,2
6000,320.35,0.8631917461,2
6000,320.4,0.8631636493,2
6000,320.45,0.8631355484,2
6000,320.5,0.8631074434,2
6000,320.55,0.8630793342,2
6000,320.6,0.8630512208,2
6000,320.65,0.8630231033,2
6000,320.7,0.8629949817,2
6000,320.75,0.8629668559,2
6000,320.8,0.862938726,2
6000,320.85,0.8629105919,2
6000,320.9,0.8628824537,2
6000,320.95,0.8628543113,2
6000,321,0.8628261648,2
6000,321.05,0.8627980141,2
6000,321.1,0.8627698593,2
6000,321.15,0.8627417004,2
6000,321.2,0.8627135373,2
6000,321.25,0.8626853701,2
6000,321.3,0.8626571987,2
6000,321.35,0.8626290232,2
6000,321.4,0.8626008435,2
6000,321.45,0.8625726597,2
6000,321.5,0.8625444718,2
6000,321.55,0.8625162797,2
6000,321.6,0.8624880835,2
6000,321.65,0.8624598832,2
6000,321.7,0.8624316787,2
6000,321.75,0.86240347,2
6000,321.8,0.8623752573,2
6000,321.85,0.8623470404,2
6000,321.9,0.8623188193,2
6000,321.95,0.8622905941,2
6000,322,0.8622623648,2
6000,322.05,0.8622341313,2
6000,322.1,0.8622058937,2
6000,322.15,0.862177652,2
6000,322.2,0.8621494061,2
6000,322.25,0.8621211561,2
6000,322.3,0.862092902,2
6000,322.35,0.8620646437,2
6000,322.4,0.8620363813,2
6000,322.45,0.8620081148,2
6000,322.5,0.8619798441,2
6000,322.55,0.8619515693,2
6000,322.6,0.8619232904,2
6000,322.65,0.8618950073,2
6000,322.7,0.8618667201,2
6000,322.75,0.8618384288,2
6000,322.8,0.8618101333,2
6000,322.85,0.8617818337,2
6000,322.9,0.86175353,2
6000,322.95,0.8617252221,2
6000,323,0.8616969101,2
6000,323.05,0.861668594,2
6000,323.1,0.8616402738,2
6000,323.15,0.8616119494,2
6000,323.2,0.8615836209,2
6000,323.25,0.8615552883,2
6000,323.3,0.8615269515,2
6000,323.35,0.8614986106,2
6000,323.4,0.8614702656,2
6000,323.45,0.8614419165,2
6000,323.5,0.8614135632,2
6000,323.55,0.8613852058,2
6000,323.6,0.8613568443,2
6000,323.65,0.8613284786,2
6000,323.7,0.8613001089,2
6000,323.75,0.861271735,2
6000,323.8,0.861243357,2
6000,323.85,0.8612149748,2
6000,323.9,0.8611865886,2
6000,323.95,0.8611581982,2
6000,324,0.8611298037,2
6000,324.05,0.8611014051,2
6000,324.1,0.8610730023,2
6000,324.15,0.8610445954,2
6000,324.2,0.8610161844,2
6000,324.25,0.8609877693,2
6000,324.3,0.8609593501,2
6000,324.35,0.8609309268,2
6000,324.4,0.8609024993,2
6000,324.45,0.8608740677,2
6000,324.5,0.860845632,2
6000,324.55,0.8608171922,2
6000,324.6,0.8607887482,2
6000,324.65,0.8607603002,2
6000,324.7,0.860731848,2
6000,324.75,0.8607033917,2
6000,324.8,0.8606749313,2
6000,324.85,0.8606464668,2
6000,324.9,0.8606179981,2
6000,324.95,0.8605895254,2
6000,325,0.8605610485,2
6000,325.05,0.8605325675,2
6000,325.1,0.8605040824,2
6000,325.15,0.8604755932,2
6000,325.2,0.8604470999,2
6000,325.25,0.8604186024,2
6000,325.3,0.8603901009,2
6000,325.35,0.8603615952,2
6000,325.4,0.8603330854,2
6000,325.45,0.8603045716,2
6000,325.5,0.8602760536,2
6000,325.55,0.8602475315,2
6000,325.6,0.8602190052,2
6000,325.65,0.8601904749,2
6000,325.7,0.8601619405,2
6000,325.75,0.8601334019,2
6000,325.8,0.8601048593,2
6000,325.85,0.8600763125,2
6000,325.9,0.8600477617,2
6000,325.95,0.8600192067,2
6000,326,0.8599906476,2
6000,326.05,0.8599620844,2
6000,326.1,0.8599335171,2
6000,326.15,0.8599049457,2
6000,326.2,0.8598763702,2
6000,326.25,0.8598477906,2
6000,326.3,0.8598192069,2
6000,326.35,0.8597906191,2
6000,326.4,0.8597620272,2
6000,326.45,0.8597334312,2
6000,326.5,0.859704831,2
6000,326.55,0.8596762268,2
6000,326.6,0.8596476185,2
6000,326.65,0.859619006,2
6000,326.7,0.8595903895,2
6000,326.75,0.8595617689,2
6000,326.8,0.8595331442,2
6000,326.85,0.8595045153,2
6000,326.9,0.8594758824,2
6000,326.95,0.8594472454,2
6000,327,0.8594186042,2
6000,327.05,0.859389959,2
6000,327.1,0.8593613097,2
6000,327.15,0.8593326562,2
6000,327.2,0.8593039987,2
6000,327.25,0.8592753371,2
6000,327.3,0.8592466714,2
6000,327.35,0.8592180016,2
6000,327.4,0.8591893277,2
6000,327.45,0.8591606497,2
6000,327.5,0.8591319676,2
6000,327.55,0.8591032814,2
6000,327.6,0.8590745911,2
6000,327.65,0.8590458968,2
6000,327.7,0.8590171983,2
6000,327.75,0.8589884957,2
6000,327.8,0.8589597891,2
6000,327.85,0.8589310783,2
6000,327.9,0.8589023635,2
6000,327.95,0.8588736446,2
6000,328,0.8588449216,2
6000,328.05,0.8588161944,2
6000,328.1,0.8587874633,2
6000,328.15,0.858758728,2
6000,328.2,0.8587299886,2
6000,328.25,0.8587012451,2
6000,328.3,0.8586724976,2
6000,328.35,0.8586437459,2
6000,328.4,0.8586149902,2
6000,328.45,0.8585862304,2
6000,328.5,0.8585574665,2
6000,328.55,0.8585286985,2
6000,328.6,0.8584999265,2
6000,328.65,0.8584711503,2
6000,328.7,0.8584423701,2
6000,328.75,0.8584135858,2
6000,328.8,0.8583847974,2
6000,328.85,0.8583560049,2
6000,328.9,0.8583272083,2
6000,328.95,0.8582984076,2
6000,329,0.8582696029,2
6000,329.05,0.8582407941,2
6000,329.1,0.8582119812,2
6000,329.15,0.8581831642,2
6000,329.2,0.8581543432,2
6000,329.25,0.858125518,2
6000,329.3,0.8580966888,2
6000,329.35,0.8580678555,2
6000,329.4,0.8580390181,2
6000,329.45,0.8580101767,2
6000,329.5,0.8579813312,2
6000,329.55,0.8579524816,2
6000,329.6,0.8579236279,2
6000,329.65,0.8578947701,2
6000,329.7,0.8578659083,2
6000,329.75,0.8578370424,2
6000,329.8,0.8578081724,2
6000,329.85,0.8577792983,2
6000,329.9,0.8577504202,2
6000,329.95,0.857721538,2
6000,330,0.8576926517,2
6000,330.05,0.8576637613,2
6000,330.1,0.8576348669,2
6000,330.15,0.8576059684,2
6000,330.2,0.8575770659,2
6000,330.25,0.8575481592,2
6000,330.3,0.8575192485,2
6000,330.35,0.8574903337,2
6000,330.4,0.8574614149,2
6000,330.45,0.857432492,2
6000,330.5,0.857403565,2
6000,330.55,0.8573746339,2
6000,330.6,0.8573456988,2
6000,330.65,0.8573167596,2
6000,330.7,0.8572878163,2
6000,330.75,0.857258869,2
6000,330.8,0.8572299176,2
6000,330.85,0.8572009621,2
6000,330.9,0.8571720026,2
6000,330.95,0.857143039,2
6000,331,0.8571140714,2
6000,331.05,0.8570850997,2
6000,331.1,0.8570561239,2
6000,331.15,0.857027144,2
6000,331.2,0.8569981601,2
6000,331.25,0.8569691722,2
6000,331.3,0.8569401801,2
6000,331.35,0.8569111841,2
6000,331.4,0.8568821839,2
6000,331.45,0.8568531797,2
6000,331.5,0.8568241714,2
6000,331.55,0.8567951591,2
6000,331.6,0.8567661427,2
6000,331.65,0.8567371222,2
6000,331.7,0.8567080977,2
6000,331.75,0.8566790692,2
6000,331.8,0.8566500366,2
6000,331.85,0.8566209999,2
6000,331.9,0.8565919591,2
6000,331.95,0.8565629144,2
6000,332,0.8565338655,2
6000,332.05,0.8565048126,2
6000,332.1,0.8564757557,2
6000,332.15,0.8564466946,2
6000,332.2,0.8564176296,2
6000,332.25,0.8563885605,2
6000,332.3,0.8563594873,2
6000,332.35,0.8563304101,2
6000,332.4,0.8563013288,2
6000,332.45,0.8562722435,2
6000,332.5,0.8562431541,2
6000,332.55,0.8562140607,2
6000,332.6,0.8561849632,2
6000,332.65,0.8561558617,2
6000,332.7,0.8561267561,2
6000,332.75,0.8560976465,2
6000,332.8,0.8560685328,2
6000,332.85,0.8560394151,2
6000,332.9,0.8560102934,2
6000,332.95,0.8559811676,2
6000,333,0.8559520377,2
6000,333.05,0.8559229038,2
6000,333.1,0.8558937659,2
6000,333.15,0.8558646239,2
6000,333.2,0.8558354778,2
6000,333.25,0.8558063278,2
6000,333.3,0.8557771736,2
6000,333.35,0.8557480155,2
6000,333.4,0.8557188533,2
6000,333.45,0.855689687,2
6000,333.5,0.8556605167,2
6000,333.55,0.8556313424,2
6000,333.6,0.855602164,2
6000,333.65,0.8555729816,2
6000,333.7,0.8555437952,2
6000,333.75,0.8555146047,2
6000,333.8,0.8554854102,2
6000,333.85,0.8554562116,2
6000,333.9,0.855427009,2
6000,333.95,0.8553978024,2
6000,334,0.8553685917,2
6000,334.05,0.855339377,2
6000,334.1,0.8553101582,2
6000,334.15,0.8552809354,2
6000,334.2,0.8552517086,2
6000,334.25,0.8552224778,2
6000,334.3,0.8551932429,2
6000,334.35,0.855164004,2
6000,334.4,0.855134761,2
6000,334.45,0.855105514,2
6000,334.5,0.855076263,2
6000,334.55,0.855047008,2
6000,334.6,0.8550177489,2
6000,334.65,0.8549884858,2
6000,334.7,0.8549592186,2
6000,334.75,0.8549299475,2
6000,334.8,0.8549006723,2
6000,334.85,0.8548713931,2
6000,334.9,0.8548421098,2
6000,334.95,0.8548128225,2
6000,335,0.8547835312,2
6000,335.05,0.8547542359,2
6000,335.1,0.8547249365,2
6000,335.15,0.8546956331,2
6000,335.2,0.8546663257,2
6000,335.25,0.8546370143,2
6000,335.3,0.8546076988,2
6000,335.35,0.8545783794,2
6000,335.4,0.8545490559,2
6000,335.45,0.8545197283,2
6000,335.5,0.8544903968,2
6000,335.55,0.8544610612,2
6000,335.6,0.8544317216,2
6000,335.65,0.854402378,2
6000,335.7,0.8543730304,2
6000,335.75,0.8543436787,2
6000,335.8,0.8543143231,2
6000,335.85,0.8542849634,2
6000,335.9,0.8542555997,2
6000,335.95,0.8542262319,2
6000,336,0.8541968602,2
6000,336.05,0.8541674844,2
6000,336.1,0.8541381047,2
6000,336.15,0.8541087209,2
6000,336.2,0.8540793331,2
6000,336.25,0.8540499412,2
6000,336.3,0.8540205454,2
6000,336.35,0.8539911456,2
6000,336.4,0.8539617417,2
6000,336.45,0.8539323338,2
6000,336.5,0.8539029219,2
6000,336.55,0.853873506,2
6000,336.6,0.8538440861,2
6000,336.65,0.8538146622,2
6000,336.7,0.8537852343,2
6000,336.75,0.8537558023,2
6000,336.8,0.8537263664,2
6000,336.85,0.8536969264,2
6000,336.9,0.8536674825,2
6000,336.95,0.8536380345,2
6000,337,0.8536085825,2
6000,337.05,0.8535791265,2
6000,337.1,0.8535496665,2
6000,337.15,0.8535202026,2
6000,337.2,0.8534907346,2
6000,337.25,0.8534612625,2
6000,337.3,0.8534317865,2
6000,337.35,0.8534023065,2
6000,337.4,0.8533728225,2
6000,337.45,0.8533433345,2
6000,337.5,0.8533138425,2
6000,337.55,0.8532843464,2
6000,337.6,0.8532548464,2
6000,337.65,0.8532253424,2
6000,337.7,0.8531958344,2
6000,337.75,0.8531663223,2
6000,337.8,0.8531368063,2
6000,337.85,0.8531072863,2
6000,337.9,0.8530777623,2
6000,337.95,0.8530482343,2
6000,338,0.8530187023,2
6000,338.05,0.8529891663,2
6000,338.1,0.8529596262,2
6000,338.15,0.8529300822,2
6000,338.2,0.8529005343,2
6000,338.25,0.8528709823,2
6000,338.3,0.8528414263,2
6000,338.35,0.8528118663,2
6000,338.4,0.8527823023,2
6000,338.45,0.8527527344,2
6000,338.5,0.8527231624,2
6000,338.55,0.8526935865,2
6000,338.6,0.8526640066,2
6000,338.65,0.8526344226,2
6000,338.7,0.8526048347,2
6000,338.75,0.8525752428,2
6000,338.8,0.8525456469,2
6000,338.85,0.852516047,2
6000,338.9,0.8524864432,2
6000,338.95,0.8524568353,2
6000,339,0.8524272235,2
6000,339.05,0.8523976077,2
6000,339.1,0.8523679879,2
6000,339.15,0.8523383641,2
6000,339.2,0.8523087363,2
6000,339.25,0.8522791045,2
6000,339.3,0.8522494688,2
6000,339.35,0.852219829,2
6000,339.4,0.8521901853,2
6000,339.45,0.8521605376,2
6000,339.5,0.852130886,2
6000,339.55,0.8521012303,2
6000,339.6,0.8520715707,2
6000,339.65,0.8520419071,2
6000,339.7,0.8520122395,2
6000,339.75,0.8519825679,2
6000,339.8,0.8519528924,2
6000,339.85,0.8519232128,2
6000,339.9,0.8518935293,2
6000,339.95,0.8518638419,2
6000,340,0.8518341504,2
6000,340.05,0.851804455,2
6000,340.1,0.8517747556,2
6000,340.15,0.8517450522,2
6000,340.2,0.8517153448,2
6000,340.25,0.8516856335,2
6000,340.3,0.8516559182,2
6000,340.35,0.851626199,2
6000,340.4,0.8515964757,2
6000,340.45,0.8515667485,2
6000,340.5,0.8515370173,2
6000,340.55,0.8515072822,2
6000,340.6,0.8514775431,2
6000,340.65,0.8514478,2
6000,340.7,0.8514180529,2
6000,340.75,0.8513883019,2
6000,340.8,0.8513585469,2
6000,340.85,0.8513287879,2
6000,340.9,0.851299025,2
6000,340.95,0.8512692581,2
6000,341,0.8512394873,2
6000,341.05,0.8512097124,2
6000,341.1,0.8511799337,2
6000,341.15,0.8511501509,2
6000,341.2,0.8511203642,2
6000,341.25,0.8510905735,2
6000,341.3,0.8510607789,2
6000,341.35,0.8510309803,2
6000,341.4,0.8510011778,2
6000,341.45,0.8509713713,2
6000,341.5,0.8509415608,2
6000,341.55,0.8509117463,2
6000,341.6,0.850881928,2
6000,341.65,0.8508521056,2
6000,341.7,0.8508222793,2
6000,341.75,0.850792449,2
6000,341.8,0.8507626148,2
6000,341.85,0.8507327767,2
6000,341.9,0.8507029345,2
6000,341.95,0.8506730884,2
6000,342,0.8506432384,2
6000,342.05,0.8506133844,2
6000,342.1,0.8505835265,2
6000,342.15,0.8505536646,2
6000,342.2,0.8505237987,2
6000,342.25,0.850493929,2
6000,342.3,0.8504640552,2
6000,342.35,0.8504341775,2
6000,342.4,0.8504042959,2
6000,342.45,0.8503744103,2
6000,342.5,0.8503445207,2
6000,342.55,0.8503146272,2
6000,342.6,0.8502847298,2
6000,342.65,0.8502548284,2
6000,342.7,0.8502249231,2
6000,342.75,0.8501950138,2
6000,342.8,0.8501651006,2
6000,342.85,0.8501351834,2
6000,342.9,0.8501052623,2
6000,342.95,0.8500753373,2
6000,343,0.8500454083,2
6000,343.05,0.8500154753,2
6000,343.1,0.8499855385,2
6000,343.15,0.8499555976,2
6000,343.2,0.8499256529,2
6000,343.25,0.8498957042,2
6000,343.3,0.8498657516,2
6000,343.35,0.849835795,2
6000,343.4,0.8498058345,2
6000,343.45,0.84977587,2
6000,343.5,0.8497459016,2
6000,343.55,0.8497159293,2
6000,343.6,0.849685953,2
6000,343.65,0.8496559729,2
6000,343.7,0.8496259887,2
6000,343.75,0.8495960007,2
6000,343.8,0.8495660087,2
6000,343.85,0.8495360127,2
6000,343.9,0.8495060129,2
6000,343.95,0.8494760091,2
6000,344,0.8494460014,2
6000,344.05,0.8494159897,2
6000,344.1,0.8493859741,2
6000,344.15,0.8493559546,2
6000,344.2,0.8493259312,2
6000,344.25,0.8492959038,2
6000,344.3,0.8492658725,2
6000,344.35,0.8492358373,2
6000,344.4,0.8492057981,2
6000,344.45,0.849175755,2
6000,344.5,0.849145708,2
6000,344.55,0.8491156571,2
6000,344.6,0.8490856023,2
6000,344.65,0.8490555435,2
6000,344.7,0.8490254808,2
6000,344.75,0.8489954142,2
6000,344.8,0.8489653436,2
6000,344.85,0.8489352692,2
6000,344.9,0.8489051908,2
6000,344.95,0.8488751085,2
6000,345,0.8488450222,2
6000,345.05,0.8488149321,2
6000,345.1,0.848784838,2
6000,345.15,0.8487547401,2
6000,345.2,0.8487246382,2
6000,345.25,0.8486945324,2
6000,345.3,0.8486644226,2
6000,345.35,0.848634309,2
6000,345.4,0.8486041914,2
6000,345.45,0.84857407,2
6000,345.5,0.8485439446,2
6000,345.55,0.8485138153,2
6000,345.6,0.8484836821,2
6000,345.65,0.8484535449,2
6000,345.7,0.8484234039,2
6000,345.75,0.848393259,2
6000,345.8,0.8483631101,2
6000,345.85,0.8483329573,2
6000,345.9,0.8483028007,2
6000,345.95,0.8482726401,2
6000,346,0.8482424756,2
6000,346.05,0.8482123072,2
6000,346.1,0.8481821349,2
6000,346.15,0.8481519587,2
6000,346.2,0.8481217786,2
6000,346.25,0.8480915946,2
6000,346.3,0.8480614066,2
6000,346.35,0.8480312148,2
6000,346.4,0.8480010191,2
6000,346.45,0.8479708195,2
6000,346.5,0.8479406159,2
6000,346.55,0.8479104085,2
6000,346.6,0.8478801972,2
6000,346.65,0.8478499819,2
6000,346.7,0.8478197628,2
6000,346.75,0.8477895398,2
6000,346.8,0.8477593129,2
6000,346.85,0.847729082,2
6000,346.9,0.8476988473,2
6000,346.95,0.8476686087,2
6000,347,0.8476383662,2
6000,347.05,0.8476081198,2
6000,347.1,0.8475778695,2
6000,347.15,0.8475476153,2
6000,347.2,0.8475173572,2
6000,347.25,0.8474870952,2
6000,347.3,0.8474568293,2
6000,347.35,0.8474265596,2
6000,347.4,0.8473962859,2
6000,347.45,0.8473660084,2
6000,347.5,0.8473357269,2
6000,347.55,0.8473054416,2
6000,347.6,0.8472751524,2
6000,347.65,0.8472448593,2
6000,347.7,0.8472145623,2
6000,347.75,0.8471842614,2
6000,347.8,0.8471539567,2
6000,347.85,0.847123648,2
6000,347.9,0.8470933355,2
6000,347.95,0.8470630191,2
6000,348,0.8470326988,2
6000,348.05,0.8470023746,2
6000,348.1,0.8469720466,2
6000,348.15,0.8469417146,2
6000,348.2,0.8469113788,2
6000,348.25,0.8468810391,2
6000,348.3,0.8468506955,2
6000,348.35,0.8468203481,2
6000,348.4,0.8467899967,2
6000,348.45,0.8467596415,2
6000,348.5,0.8467292824,2
6000,348.55,0.8466989194,2
6000,348.6,0.8466685526,2
6000,348.65,0.8466381819,2
6000,348.7,0.8466078073,2
6000,348.75,0.8465774288,2
6000,348.8,0.8465470465,2
6000,348.85,0.8465166602,2
6000,348.9,0.8464862702,2
6000,348.95,0.8464558762,2
6000,349,0.8464254784,2
6000,349.05,0.8463950767,2
6000,349.1,0.8463646711,2
6000,349.15,0.8463342617,2
6000,349.2,0.8463038484,2
6000,349.25,0.8462734312,2
6000,349.3,0.8462430101,2
6000,349.35,0.8462125852,2
6000,349.4,0.8461821565,2
6000,349.45,0.8461517238,2
6000,349.5,0.8461212873,2
6000,349.55,0.846090847,2
6000,349.6,0.8460604027,2
6000,349.65,0.8460299546,2
6000,349.7,0.8459995027,2
6000,349.75,0.8459690469,2
6000,349.8,0.8459385872,2
6000,349.85,0.8459081237,2
6000,349.9,0.8458776563,2
6000,349.95,0.845847185,2
6000,350,0.8458167099,2
6000,350.05,0.8457862309,2
6000,350.1,0.8457557481,2
6000,350.15,0.8457252614,2
6000,350.2,0.8456947709,2
6000,350.25,0.8456642765,2
6000,350.3,0.8456337782,2
6000,350.35,0.8456032761,2
6000,350.4,0.8455727702,2
6000,350.45,0.8455422604,2
6000,350.5,0.8455117467,2
6000,350.55,0.8454812292,2
6000,350.6,0.8454507078,2
6000,350.65,0.8454201826,2
6000,350.7,0.8453896536,2
6000,350.75,0.8453591207,2
6000,350.8,0.8453285839,2
6000,350.85,0.8452980433,2
6000,350.9,0.8452674989,2
6000,350.95,0.8452369506,2
6000,351,0.8452063984,2
6000,351.05,0.8451758425,2
6000,351.1,0.8451452826,2
6000,351.15,0.845114719,2
6000,351.2,0.8450841514,2
6000,351.25,0.8450535801,2
6000,351.3,0.8450230049,2
6000,351.35,0.8449924258,2
6000,351.4,0.844961843,2
6000,351.45,0.8449312563,2
6000,351.5,0.8449006657,2
6000,351.55,0.8448700713,2
6000,351.6,0.8448394731,2
6000,351.65,0.844808871,2
6000,351.7,0.8447782651,2
6000,351.75,0.8447476554,2
6000,351.8,0.8447170418,2
6000,351.85,0.8446864244,2
6000,351.9,0.8446558031,2
6000,351.95,0.8446251781,2
6000,352,0.8445945491,2
6000,352.05,0.8445639164,2
6000,352.1,0.8445332798,2
6000,352.15,0.8445026394,2
6000,352.2,0.8444719952,2
6000,352.25,0.8444413472,2
6000,352.3,0.8444106953,2
6000,352.35,0.8443800396,2
6000,352.4,0.84434938,2
6000,352.45,0.8443187166,2
6000,352.5,0.8442880495,2
6000,352.55,0.8442573784,2
6000,352.6,0.8442267036,2
6000,352.65,0.8441960249,2
6000,352.7,0.8441653424,2
6000,352.75,0.8441346561,2
6000,352.8,0.844103966,2
6000,352.85,0.844073272,2
6000,352.9,0.8440425743,2
6000,352.95,0.8440118727,2
6000,353,0.8439811673,2
6000,353.05,0.843950458,2
6000,353.1,0.843919745,2
6000,353.15,0.8438890281,2
6000,353.2,0.8438583074,2
6000,353.25,0.843827583,2
6000,353.3,0.8437968546,2
6000,353.35,0.8437661225,2
6000,353.4,0.8437353866,2
6000,353.45,0.8437046468,2
6000,353.5,0.8436739033,2
6000,353.55,0.8436431559,2
6000,353.6,0.8436124047,2
6000,353.65,0.8435816497,2
6000,353.7,0.8435508909,2
6000,353.75,0.8435201283,2
6000,353.8,0.8434893619,2
6000,353.85,0.8434585916,2
6000,353.9,0.8434278176,2
6000,353.95,0.8433970398,2
6000,354,0.8433662581,2
6000,354.05,0.8433354727,2
6000,354.1,0.8433046834,2
6000,354.15,0.8432738903,2
6000,354.2,0.8432430935,2
6000,354.25,0.8432122928,2
6000,354.3,0.8431814884,2
6000,354.35,0.8431506801,2
6000,354.4,0.843119868,2
6000,354.45,0.8430890522,2
6000,354.5,0.8430582325,2
6000,354.55,0.843027409,2
6000,354.6,0.8429965818,2
6000,354.65,0.8429657507,2
6000,354.7,0.8429349159,2
6000,354.75,0.8429040772,2
6000,354.8,0.8428732348,2
6000,354.85,0.8428423885,2
6000,354.9,0.8428115385,2
6000,354.95,0.8427806847,2
6000,355,0.8427498271,2
6000,355.05,0.8427189657,2
6000,355.1,0.8426881005,2
6000,355.15,0.8426572315,2
6000,355.2,0.8426263587,2
6000,355.25,0.8425954822,2
6000,355.3,0.8425646018,2
6000,355.35,0.8425337177,2
6000,355.4,0.8425028298,2
6000,355.45,0.8424719381,2
6000,355.5,0.8424410426,2
6000,355.55,0.8424101433,2
6000,355.6,0.8423792402,2
6000,355.65,0.8423483334,2
6000,355.7,0.8423174228,2
6000,355.75,0.8422865084,2
6000,355.8,0.8422555902,2
6000,355.85,0.8422246682,2
6000,355.9,0.8421937425,2
6000,355.95,0.842162813,2
6000,356,0.8421318797,2
6000,356.05,0.8421009426,2
6000,356.1,0.8420700017,2
6000,356.15,0.8420390571,2
6000,356.2,0.8420081087,2
6000,356.25,0.8419771565,2
6000,356.3,0.8419462006,2
6000,356.35,0.8419152408,2
6000,356.4,0.8418842773,2
6000,356.45,0.8418533101,2
6000,356.5,0.841822339,2
6000,356.55,0.8417913642,2
6000,356.6,0.8417603856,2
6000,356.65,0.8417294033,2
6000,356.7,0.8416984172,2
6000,356.75,0.8416674273,2
6000,356.8,0.8416364336,2
6000,356.85,0.8416054362,2
6000,356.9,0.841574435,2
6000,356.95,0.8415434301,2
6000,357,0.8415124214,2
6000,357.05,0.8414814089,2
6000,357.1,0.8414503927,2
6000,357.15,0.8414193727,2
6000,357.2,0.8413883489,2
6000,357.25,0.8413573214,2
6000,357.3,0.8413262901,2
6000,357.35,0.8412952551,2
6000,357.4,0.8412642163,2
6000,357.45,0.8412331738,2
6000,357.5,0.8412021275,2
6000,357.55,0.8411710774,2
6000,357.6,0.8411400236,2
6000,357.65,0.841108966,2
6000,357.7,0.8410779047,2
6000,357.75,0.8410468396,2
6000,357.8,0.8410157708,2
6000,357.85,0.8409846982,2
6000,357.9,0.8409536218,2
6000,357.95,0.8409225418,2
6000,358,0.8408914579,2
6000,358.05,0.8408603703,2
6000,358.1,0.840829279,2
6000,358.15,0.8407981839,2
6000,358.2,0.8407670851,2
6000,358.25,0.8407359825,2
6000,358.3,0.8407048762,2
6000,358.35,0.8406737662,2
6000,358.4,0.8406426524,2
6000,358.45,0.8406115348,2
6000,358.5,0.8405804135,2
6000,358.55,0.8405492885,2
6000,358.6,0.8405181597,2
6000,358.65,0.8404870272,2
6000,358.7,0.840455891,2
6000,358.75,0.840424751,2
6000,358.8,0.8403936073,2
6000,358.85,0.8403624598,2
6000,358.9,0.8403313086,2
6000,358.95,0.8403001537,2
6000,359,0.840268995,2
6000,359.05,0.8402378326,2
6000,359.1,0.8402066665,2
6000,359.15,0.8401754966,2
6000,359.2,0.840144323,2
6000,359.25,0.8401131457,2
6000,359.3,0.8400819646,2
6000,359.35,0.8400507798,2
6000,359.4,0.8400195913,2
6000,359.45,0.839988399,2
6000,359.5,0.8399572031,2
6000,359.55,0.8399260033,2
6000,359.6,0.8398947999,2
6000,359.65,0.8398635928,2
6000,359.7,0.8398323819,2
6000,359.75,0.8398011673,2
6000,359.8,0.8397699489,2
6000,359.85,0.8397387269,2
6000,359.9,0.8397075011,2
6000,359.95,0.8396762716,2
6000,360,0.8396450384,2
6000,360.05,0.8396138015,2
6000,360.1,0.8395825608,2
6000,360.15,0.8395513165,2
6000,360.2,0.8395200684,2
6000,360.25,0.8394888166,2
6000,360.3,0.8394575611,2
6000,360.35,0.8394263018,2
6000,360.4,0.8393950389,2
6000,360.45,0.8393637722,2
6000,360.5,0.8393325018,2
6000,360.55,0.8393012278,2
6000,360.6,0.83926995,2
6000,360.65,0.8392386685,2
6000,360.7,0.8392073832,2
6000,360.75,0.8391760943,2
6000,360.8,0.8391448017,2
6000,360.85,0.8391135053,2
6000,360.9,0.8390822053,2
6000,360.95,0.8390509015,2
6000,361,0.8390195941,2
6000,361.05,0.8389882829,2
6000,361.1,0.838956968,2
6000,361.15,0.8389256495,2
6000,361.2,0.8388943272,2
6000,361.25,0.8388630012,2
6000,361.3,0.8388316715,2
6000,361.35,0.8388003382,2
6000,361.4,0.8387690011,2
6000,361.45,0.8387376603,2
6000,361.5,0.8387063158,2
6000,361.55,0.8386749677,2
6000,361.6,0.8386436158,2
6000,361.65,0.8386122602,2
6000,361.7,0.838580901,2
6000,361.75,0.838549538,2
6000,361.8,0.8385181714,2
6000,361.85,0.8384868011,2
6000,361.9,0.838455427,2
6000,361.95,0.8384240493,2
6000,362,0.8383926679,2
6000,362.05,0.8383612828,2
6000,362.1,0.838329894,2
6000,362.15,0.8382985016,2
6000,362.2,0.8382671054,2
6000,362.25,0.8382357055,2
6000,362.3,0.838204302,2
6000,362.35,0.8381728948,2
6000,362.4,0.8381414839,2
6000,362.45,0.8381100693,2
6000,362.5,0.838078651,2
6000,362.55,0.8380472291,2
6000,362.6,0.8380158035,2
6000,362.65,0.8379843742,2
6000,362.7,0.8379529412,2
6000,362.75,0.8379215045,2
6000,362.8,0.8378900641,2
6000,362.85,0.8378586201,2
6000,362.9,0.8378271724,2
6000,362.95,0.8377957211,2
6000,363,0.837764266,2
6000,363.05,0.8377328073,2
6000,363.1,0.8377013449,2
6000,363.15,0.8376698788,2
6000,363.2,0.8376384091,2
6000,363.25,0.8376069357,2
6000,363.3,0.8375754586,2
6000,363.35,0.8375439778,2
6000,363.4,0.8375124934,2
6000,363.45,0.8374810053,2
6000,363.5,0.8374495136,2
6000,363.55,0.8374180181,2
6000,363.6,0.837386519,2
6000,363.65,0.8373550163,2
6000,363.7,0.8373235099,2
6000,363.75,0.8372919998,2
6000,363.8,0.8372604861,2
6000,363.85,0.8372289687,2
6000,363.9,0.8371974476,2
6000,363.95,0.8371659229,2
6000,364,0.8371343945,2
6000,364.05,0.8371028624,2
6000,364.1,0.8370713267,2
6000,364.15,0.8370397874,2
6000,364.2,0.8370082444,2
6000,364.25,0.8369766977,2
6000,364.3,0.8369451474,2
6000,364.35,0.8369135934,2
6000,364.4,0.8368820358,2
6000,364.45,0.8368504745,2
6000,364.5,0.8368189096,2
6000,364.55,0.836787341,2
6000,364.6,0.8367557687,2
6000,364.65,0.8367241929,2
6000,364.7,0.8366926133,2
6000,364.75,0.8366610301,2
6000,364.8,0.8366294433,2
6000,364.85,0.8365978528,2
6000,364.9,0.8365662587,2
6000,364.95,0.836534661,2
6000,365,0.8365030596,2
6000,365.05,0.8364714545,2
6000,365.1,0.8364398458,2
6000,365.15,0.8364082335,2
6000,365.2,0.8363766175,2
6000,365.25,0.8363449979,2
6000,365.3,0.8363133747,2
6000,365.35,0.8362817478,2
6000,365.4,0.8362501173,2
6000,365.45,0.8362184831,2
6000,365.5,0.8361868453,2
6000,365.55,0.8361552039,2
6000,365.6,0.8361235588,2
6000,365.65,0.8360919101,2
6000,365.7,0.8360602578,2
6000,365.75,0.8360286018,2
6000,365.8,0.8359969422,2
6000,365.85,0.835965279,2
6000,365.9,0.8359336121,2
6000,365.95,0.8359019417,2
6000,366,0.8358702675,2
6000,366.05,0.8358385898,2
6000,366.1,0.8358069084,2
6000,366.15,0.8357752235,2
6000,366.2,0.8357435349,2
6000,366.25,0.8357118426,2
6000,366.3,0.8356801468,2
6000,366.35,0.8356484473,2
6000,366.4,0.8356167442,2
6000,366.45,0.8355850375,2
6000,366.5,0.8355533271,2
6000,366.55,0.8355216132,2
6000,366.6,0.8354898956,2
6000,366.65,0.8354581744,2
6000,366.7,0.8354264496,2
6000,366.75,0.8353947211,2
6000,366.8,0.8353629891,2
6000,366.85,0.8353312534,2
6000,366.9,0.8352995142,2
6000,366.95,0.8352677713,2
6000,367,0.8352360248,2
6000,367.05,0.8352042747,2
6000,367.1,0.835172521,2
6000,367.15,0.8351407637,2
6000,367.2,0.8351090027,2
6000,367.25,0.8350772382,2
6000,367.3,0.8350454701,2
6000,367.35,0.8350136983,2
6000,367.4,0.834981923,2
6000,367.45,0.834950144,2
6000,367.5,0.8349183614,2
6000,367.55,0.8348865753,2
6000,367.6,0.8348547855,2
6000,367.65,0.8348229921,2
6000,367.7,0.8347911952,2
6000,367.75,0.8347593946,2
6000,367.8,0.8347275904,2
6000,367.85,0.8346957827,2
6000,367.9,0.8346639713,2
6000,367.95,0.8346321564,2
6000,368,0.8346003378,2
6000,368.05,0.8345685157,2
6000,368.1,0.8345366899,2
6000,368.15,0.8345048606,2
6000,368.2,0.8344730277,2
6000,368.25,0.8344411912,2
6000,368.3,0.8344093511,2
6000,368.35,0.8343775074,2
6000,368.4,0.8343456601,2
6000,368.45,0.8343138092,2
6000,368.5,0.8342819548,2
6000,368.55,0.8342500967,2
6000,368.6,0.8342182351,2
6000,368.65,0.8341863699,2
6000,368.7,0.8341545011,2
6000,368.75,0.8341226287,2
6000,368.8,0.8340907527,2
6000,368.85,0.8340588732,2
6000,368.9,0.8340269901,2
6000,368.95,0.8339951034,2
6000,369,0.8339632131,2
6000,369.05,0.8339313192,2
6000,369.1,0.8338994218,2
6000,369.15,0.8338675208,2
6000,369.2,0.8338356162,2
6000,369.25,0.833803708,2
6000,369.3,0.8337717963,2
6000,369.35,0.833739881,2
6000,369.4,0.8337079621,2
6000,369.45,0.8336760397,2
6000,369.5,0.8336441137,2
6000,369.55,0.8336121841,2
6000,369.6,0.8335802509,2
6000,369.65,0.8335483142,2
6000,369.7,0.8335163739,2
6000,369.75,0.83348443,2
6000,369.8,0.8334524826,2
6000,369.85,0.8334205316,2
6000,369.9,0.8333885771,2
6000,369.95,0.833356619,2
6000,370,0.8333246573,2
6000,370.05,0.833292692,2
6000,370.1,0.8332607232,2
6000,370.15,0.8332287509,2
6000,370.2,0.833196775,2
6000,370.25,0.8331647955,2
6000,370.3,0.8331328125,2
6000,370.35,0.8331008259,2
6000,370.4,0.8330688358,2
6000,370.45,0.8330368421,2
6000,370.5,0.8330048448,2
6000,370.55,0.832972844,2
6000,370.6,0.8329408397,2
6000,370.65,0.8329088318,2
6000,370.7,0.8328768203,2
6000,370.75,0.8328448053,2
6000,370.8,0.8328127868,2
6000,370.85,0.8327807647,2
6000,370.9,0.832748739,2
6000,370.95,0.8327167098,2
6000,371,0.8326846771,2
6000,371.05,0.8326526408,2
6000,371.1,0.832620601,2
6000,371.15,0.8325885576,2
6000,371.2,0.8325565107,2
6000,371.25,0.8325244603,2
6000,371.3,0.8324924063,2
6000,371.35,0.8324603488,2
6000,371.4,0.8324282877,2
6000,371.45,0.8323962231,2
6000,371.5,0.832364155,2
6000,371.55,0.8323320833,2
6000,371.6,0.8323000081,2
6000,371.65,0.8322679293,2
6000,371.7,0.8322358471,2
6000,371.75,0.8322037613,2
6000,371.8,0.8321716719,2
6000,371.85,0.8321395791,2
6000,371.9,0.8321074827,2
6000,371.95,0.8320753827,2
6000,372,0.8320432793,2
6000,372.05,0.8320111723,2
6000,372.1,0.8319790618,2
6000,372.15,0.8319469478,2
6000,372.2,0.8319148302,2
6000,372.25,0.8318827091,2
6000,372.3,0.8318505845,2
6000,372.35,0.8318184564,2
6000,372.4,0.8317863248,2
6000,372.45,0.8317541896,2
6000,372.5,0.8317220509,2
6000,372.55,0.8316899087,2
6000,372.6,0.831657763,2
6000,372.65,0.8316256138,2
6000,372.7,0.831593461,2
6000,372.75,0.8315613048,2
6000,372.8,0.831529145,2
6000,372.85,0.8314969817,2
6000,372.9,0.8314648149,2
6000,372.95,0.8314326446,2
6000,373,0.8314004708,2
6000,373.05,0.8313682934,2
6000,373.1,0.8313361126,2
6000,373.15,0.8313039282,2
6000,373.2,0.8312717404,2
6000,373.25,0.831239549,2
6000,373.3,0.8312073541,2
6000,373.35,0.8311751558,2
6000,373.4,0.8311429539,2
6000,373.45,0.8311107485,2
6000,373.5,0.8310785396,2
6000,373.55,0.8310463272,2
6000,373.6,0.8310141114,2
6000,373.65,0.830981892,2
6000,373.7,0.8309496691,2
6000,373.75,0.8309174427,2
6000,373.8,0.8308852129,2
6000,373.85,0.8308529795,2
6000,373.9,0.8308207426,2
6000,373.95,0.8307885023,2
6000,374,0.8307562584,2
6000,374.05,0.8307240111,2
6000,374.1,0.8306917603,2
6000,374.15,0.8306595059,2
6000,374.2,0.8306272481,2
6000,374.25,0.8305949868,2
6000,374.3,0.8305627221,2
6000,374.35,0.8305304538,2
6000,374.4,0.830498182,2
6000,374.45,0.8304659068,2
6000,374.5,0.8304336281,2
6000,374.55,0.8304013458,2
6000,374.6,0.8303690602,2
6000,374.65,0.830336771,2
6000,374.7,0.8303044783,2
6000,374.75,0.8302721822,2
6000,374.8,0.8302398826,2
6000,374.85,0.8302075795,2
6000,374.9,0.8301752729,2
6000,374.95,0.8301429629,2
6000,375,0.8301106494,2
6000,375.05,0.8300783324,2
6000,375.1,0.8300460119,2
6000,375.15,0.830013688,2
6000,375.2,0.8299813606,2
6000,375.25,0.8299490297,2
6000,375.3,0.8299166953,2
6000,375.35,0.8298843575,2
6000,375.4,0.8298520162,2
6000,375.45,0.8298196715,2
6000,375.5,0.8297873233,2
6000,375.55,0.8297549716,2
6000,375.6,0.8297226164,2
6000,375.65,0.8296902578,2
6000,375.7,0.8296578958,2
6000,375.75,0.8296255302,2
6000,375.8,0.8295931612,2
6000,375.85,0.8295607888,2
6000,375.9,0.8295284129,2
6000,375.95,0.8294960335,2
6000,376,0.8294636507,2
6000,376.05,0.8294312644,2
6000,376.1,0.8293988746,2
6000,376.15,0.8293664814,2
6000,376.2,0.8293340848,2
6000,376.25,0.8293016847,2
6000,376.3,0.8292692811,2
6000,376.35,0.8292368741,2
6000,376.4,0.8292044637,2
6000,376.45,0.8291720498,2
6000,376.5,0.8291396324,2
6000,376.55,0.8291072116,2
6000,376.6,0.8290747874,2
6000,376.65,0.8290423597,2
6000,376.7,0.8290099286,2
6000,376.75,0.828977494,2
6000,376.8,0.828945056,2
6000,376.85,0.8289126145,2
6000,376.9,0.8288801696,2
6000,376.95,0.8288477213,2
6000,377,0.8288152695,2
6000,377.05,0.8287828143,2
6000,377.1,0.8287503556,2
6000,377.15,0.8287178935,2
6000,377.2,0.828685428,2
6000,377.25,0.828652959,2
6000,377.3,0.8286204867,2
6000,377.35,0.8285880108,2
6000,377.4,0.8285555316,2
6000,377.45,0.8285230489,2
6000,377.5,0.8284905628,2
6000,377.55,0.8284580732,2
6000,377.6,0.8284255802,2
6000,377.65,0.8283930838,2
6000,377.7,0.828360584,2
6000,377.75,0.8283280808,2
6000,377.8,0.8282955741,2
6000,377.85,0.828263064,2
6000,377.9,0.8282305505,2
6000,377.95,0.8281980335,2
6000,378,0.8281655132,2
6000,378.05,0.8281329894,2
6000,378.1,0.8281004622,2
6000,378.15,0.8280679315,2
6000,378.2,0.8280353975,2
6000,378.25,0.8280028601,2
6000,378.3,0.8279703192,2
6000,378.35,0.8279377749,2
6000,378.4,0.8279052272,2
6000,378.45,0.8278726761,2
6000,378.5,0.8278401216,2
6000,378.55,0.8278075637,2
6000,378.6,0.8277750023,2
6000,378.65,0.8277424376,2
6000,378.7,0.8277098694,2
6000,378.75,0.8276772979,2
6000,378.8,0.8276447229,2
6000,378.85,0.8276121445,2
6000,378.9,0.8275795627,2
6000,378.95,0.8275469776,2
6000,379,0.827514389,2
6000,379.05,0.827481797,2
6000,379.1,0.8274492016,2
6000,379.15,0.8274166028,2
6000,379.2,0.8273840007,2
6000,379.25,0.8273513951,2
6000,379.3,0.8273187861,2
6000,379.35,0.8272861738,2
6000,379.4,0.827253558,2
6000,379.45,0.8272209388,2
6000,379.5,0.8271883163,2
6000,379.55,0.8271556903,2
6000,379.6,0.827123061,2
6000,379.65,0.8270904283,2
6000,379.7,0.8270577922,2
6000,379.75,0.8270251527,2
6000,379.8,0.8269925098,2
6000,379.85,0.8269598635,2
6000,379.9,0.8269272139,2
6000,379.95,0.8268945608,2
6000,380,0.8268619044,2
6000,380.05,0.8268292446,2
6000,380.1,0.8267965814,2
6000,380.15,0.8267639149,2
6000,380.2,0.8267312449,2
6000,380.25,0.8266985716,2
6000,380.3,0.8266658949,2
6000,380.35,0.8266332148,2
6000,380.4,0.8266005314,2
6000,380.45,0.8265678445,2
6000,380.5,0.8265351543,2
6000,380.55,0.8265024608,2
6000,380.6,0.8264697638,2
6000,380.65,0.8264370635,2
6000,380.7,0.8264043598,2
6000,380.75,0.8263716528,2
6000,380.8,0.8263389423,2
6000,380.85,0.8263062286,2
6000,380.9,0.8262735114,2
6000,380.95,0.8262407909,2
6000,381,0.826208067,2
6000,381.05,0.8261753397,2
6000,381.1,0.8261426091,2
6000,381.15,0.8261098752,2
6000,381.2,0.8260771378,2
6000,381.25,0.8260443971,2
6000,381.3,0.8260116531,2
6000,381.35,0.8259789057,2
6000,381.4,0.8259461549,2
6000,381.45,0.8259134008,2
6000,381.5,0.8258806433,2
6000,381.55,0.8258478825,2
6000,381.6,0.8258151183,2
6000,381.65,0.8257823508,2
6000,381.7,0.8257495799,2
6000,381.75,0.8257168057,2
6000,381.8,0.8256840281,2
6000,381.85,0.8256512471,2
6000,381.9,0.8256184629,2
6000,381.95,0.8255856752,2
6000,382,0.8255528843,2
6000,382.05,0.82552009,2
6000,382.1,0.8254872923,2
6000,382.15,0.8254544913,2
6000,382.2,0.825421687,2
6000,382.25,0.8253888793,2
6000,382.3,0.8253560683,2
6000,382.35,0.8253232539,2
6000,382.4,0.8252904362,2
6000,382.45,0.8252576152,2
6000,382.5,0.8252247908,2
6000,382.55,0.8251919631,2
6000,382.6,0.8251591321,2
6000,382.65,0.8251262977,2
6000,382.7,0.82509346,2
6000,382.75,0.825060619,2
6000,382.8,0.8250277746,2
6000,382.85,0.824994927,2
6000,382.9,0.8249620759,2
6000,382.95,0.8249292216,2
6000,383,0.8248963639,2
6000,383.05,0.824863503,2
6000,383.1,0.8248306386,2
6000,383.15,0.824797771,2
6000,383.2,0.8247649,2
6000,383.25,0.8247320258,2
6000,383.3,0.8246991482,2
6000,383.35,0.8246662672,2
6000,383.4,0.824633383,2
6000,383.45,0.8246004955,2
6000,383.5,0.8245676046,2
6000,383.55,0.8245347104,2
6000,383.6,0.8245018129,2
6000,383.65,0.8244689121,2
6000,383.7,0.824436008,2
6000,383.75,0.8244031005,2
6000,383.8,0.8243701898,2
6000,383.85,0.8243372758,2
6000,383.9,0.8243043584,2
6000,383.95,0.8242714377,2
6000,384,0.8242385138,2
6000,384.05,0.8242055865,2
6000,384.1,0.8241726559,2
6000,384.15,0.824139722,2
6000,384.2,0.8241067848,2
6000,384.25,0.8240738443,2
6000,384.3,0.8240409005,2
6000,384.35,0.8240079535,2
6000,384.4,0.8239750031,2
6000,384.45,0.8239420494,2
6000,384.5,0.8239090924,2
6000,384.55,0.8238761321,2
6000,384.6,0.8238431686,2
6000,384.65,0.8238102017,2
6000,384.7,0.8237772315,2
6000,384.75,0.8237442581,2
6000,384.8,0.8237112814,2
6000,384.85,0.8236783013,2
6000,384.9,0.823645318,2
6000,384.95,0.8236123314,2
6000,385,0.8235793415,2
6000,385.05,0.8235463484,2
6000,385.1,0.8235133519,2
6000,385.15,0.8234803522,2
6000,385.2,0.8234473491,2
6000,385.25,0.8234143428,2
6000,385.3,0.8233813333,2
6000,385.35,0.8233483204,2
6000,385.4,0.8233153043,2
6000,385.45,0.8232822848,2
6000,385.5,0.8232492621,2
6000,385.55,0.8232162362,2
6000,385.6,0.8231832069,2
6000,385.65,0.8231501744,2
6000,385.7,0.8231171386,2
6000,385.75,0.8230840996,2
6000,385.8,0.8230510572,2
6000,385.85,0.8230180116,2
6000,385.9,0.8229849627,2
6000,385.95,0.8229519106,2
6000,386,0.8229188552,2
6000,386.05,0.8228857965,2
6000,386.1,0.8228527346,2
6000,386.15,0.8228196694,2
6000,386.2,0.822786601,2
6000,386.25,0.8227535292,2
6000,386.3,0.8227204542,2
6000,386.35,0.822687376,2
6000,386.4,0.8226542945,2
6000,386.45,0.8226212098,2
6000,386.5,0.8225881217,2
6000,386.55,0.8225550305,2
6000,386.6,0.822521936,2
6000,386.65,0.8224888382,2
6000,386.7,0.8224557372,2
6000,386.75,0.8224226329,2
6000,386.8,0.8223895254,2
6000,386.85,0.8223564146,2
6000,386.9,0.8223233005,2
6000,386.95,0.8222901833,2
6000,387,0.8222570628,2
6000,387.05,0.822223939,2
6000,387.1,0.822190812,2
6000,387.15,0.8221576817,2
6000,387.2,0.8221245482,2
6000,387.25,0.8220914115,2
6000,387.3,0.8220582715,2
6000,387.35,0.8220251283,2
6000,387.4,0.8219919819,2
6000,387.45,0.8219588322,2
6000,387.5,0.8219256793,2
6000,387.55,0.8218925231,2
6000,387.6,0.8218593637,2
6000,387.65,0.8218262011,2
6000,387.7,0.8217930352,2
6000,387.75,0.8217598661,2
6000,387.8,0.8217266938,2
6000,387.85,0.8216935183,2
6000,387.9,0.8216603395,2
6000,387.95,0.8216271575,2
6000,388,0.8215939722,2
6000,388.05,0.8215607838,2
6000,388.1,0.8215275921,2
6000,388.15,0.8214943972,2
6000,388.2,0.8214611991,2
6000,388.25,0.8214279978,2
6000,388.3,0.8213947932,2
6000,388.35,0.8213615854,2
6000,388.4,0.8213283744,2
6000,388.45,0.8212951602,2
6000,388.5,0.8212619428,2
6000,388.55,0.8212287221,2
6000,388.6,0.8211954983,2
6000,388.65,0.8211622712,2
6000,388.7,0.8211290409,2
6000,388.75,0.8210958074,2
6000,388.8,0.8210625707,2
6000,388.85,0.8210293308,2
6000,388.9,0.8209960877,2
6000,388.95,0.8209628414,2
6000,389,0.8209295918,2
6000,389.05,0.8208963391,2
6000,389.1,0.8208630832,2
6000,389.15,0.820829824,2
6000,389.2,0.8207965617,2
6000,389.25,0.8207632961,2
6000,389.3,0.8207300274,2
6000,389.35,0.8206967555,2
6000,389.4,0.8206634803,2
6000,389.45,0.820630202,2
6000,389.5,0.8205969205,2
6000,389.55,0.8205636358,2
6000,389.6,0.8205303479,2
6000,389.65,0.8204970567,2
6000,389.7,0.8204637625,2
6000,389.75,0.820430465,2
6000,389.8,0.8203971643,2
6000,389.85,0.8203638604,2
6000,389.9,0.8203305534,2
6000,389.95,0.8202972432,2
6000,390,0.8202639297,2
6000,390.05,0.8202306131,2
6000,390.1,0.8201972934,2
6000,390.15,0.8201639704,2
6000,390.2,0.8201306443,2
6000,390.25,0.8200973149,2
6000,390.3,0.8200639824,2
6000,390.35,0.8200306467,2
6000,390.4,0.8199973079,2
6000,390.45,0.8199639659,2
6000,390.5,0.8199306207,2
6000,390.55,0.8198972723,2
6000,390.6,0.8198639207,2
6000,390.65,0.819830566,2
6000,390.7,0.8197972081,2
6000,390.75,0.8197638471,2
6000,390.8,0.8197304828,2
6000,390.85,0.8196971154,2
6000,390.9,0.8196637449,2
6000,390.95,0.8196303712,2
6000,391,0.8195969943,2
6000,391.05,0.8195636142,2
6000,391.1,0.819530231,2
6000,391.15,0.8194968446,2
6000,391.2,0.8194634551,2
6000,391.25,0.8194300624,2
6000,391.3,0.8193966666,2
6000,391.35,0.8193632676,2
6000,391.4,0.8193298654,2
6000,391.45,0.8192964601,2
6000,391.5,0.8192630516,2
6000,391.55,0.81922964,2
6000,391.6,0.8191962253,2
6000,391.65,0.8191628073,2
6000,391.7,0.8191293863,2
6000,391.75,0.8190959621,2
6000,391.8,0.8190625347,2
6000,391.85,0.8190291042,2
6000,391.9,0.8189956705,2
6000,391.95,0.8189622337,2
6000,392,0.8189287938,2
6000,392.05,0.8188953507,2
6000,392.1,0.8188619045,2
6000,392.15,0.8188284552,2
6000,392.2,0.8187950027,2
6000,392.25,0.818761547,2
6000,392.3,0.8187280883,2
6000,392.35,0.8186946264,2
6000,392.4,0.8186611613,2
6000,392.45,0.8186276931,2
6000,392.5,0.8185942218,2
6000,392.55,0.8185607474,2
6000,392.6,0.8185272699,2
6000,392.65,0.8184937892,2
6000,392.7,0.8184603053,2
6000,392.75,0.8184268184,2
6000,392.8,0.8183933283,2
6000,392.85,0.8183598351,2
6000,392.9,0.8183263388,2
6000,392.95,0.8182928394,2
6000,393,0.8182593368,2
6000,393.05,0.8182258311,2
6000,393.1,0.8181923223,2
6000,393.15,0.8181588104,2
6000,393.2,0.8181252954,2
6000,393.25,0.8180917772,2
6000,393.3,0.818058256,2
6000,393.35,0.8180247316,2
6000,393.4,0.8179912041,2
6000,393.45,0.8179576735,2
6000,393.5,0.8179241398,2
6000,393.55,0.817890603,2
6000,393.6,0.817857063,2
6000,393.65,0.81782352,2
6000,393.7,0.8177899738,2
6000,393.75,0.8177564246,2
6000,393.8,0.8177228722,2
6000,393.85,0.8176893168,2
6000,393.9,0.8176557582,2
6000,393.95,0.8176221966,2
6000,394,0.8175886318,2
6000,394.05,0.817555064,2
6000,394.1,0.817521493,2
6000,394.15,0.817487919,2
6000,394.2,0.8174543418,2
6000,394.25,0.8174207616,2
6000,394.3,0.8173871782,2
6000,394.35,0.8173535918,2
6000,394.4,0.8173200023,2
6000,394.45,0.8172864097,2
6000,394.5,0.817252814,2
6000,394.55,0.8172192152,2
6000,394.6,0.8171856134,2
6000,394.65,0.8171520084,2
6000,394.7,0.8171184004,2
6000,394.75,0.8170847892,2
6000,394.8,0.817051175,2
6000,394.85,0.8170175578,2
6000,394.9,0.8169839374,2
6000,394.95,0.816950314,2
6000,395,0.8169166874,2
6000,395.05,0.8168830578,2
6000,395.1,0.8168494252,2
6000,395.15,0.8168157894,2
6000,395.2,0.8167821506,2
6000,395.25,0.8167485087,2
6000,395.3,0.8167148637,2
6000,395.35,0.8166812157,2
6000,395.4,0.8166475646,2
6000,395.45,0.8166139104,2
6000,395.5,0.8165802532,2
6000,395.55,0.8165465929,2
6000,395.6,0.8165129295,2
6000,395.65,0.8164792631,2
6000,395.7,0.8164455936,2
6000,395.75,0.816411921,2
6000,395.8,0.8163782454,2
6000,395.85,0.8163445667,2
6000,395.9,0.816310885,2
6000,395.95,0.8162772002,2
6000,396,0.8162435124,2
6000,396.05,0.8162098214,2
6000,396.1,0.8161761275,2
6000,396.15,0.8161424305,2
6000,396.2,0.8161087304,2
6000,396.25,0.8160750273,2
6000,396.3,0.8160413212,2
6000,396.35,0.8160076119,2
6000,396.4,0.8159738997,2
6000,396.45,0.8159401844,2
6000,396.5,0.815906466,2
6000,396.55,0.8158727446,2
6000,396.6,0.8158390202,2
6000,396.65,0.8158052927,2
6000,396.7,0.8157715622,2
6000,396.75,0.8157378287,2
6000,396.8,0.8157040921,2
6000,396.85,0.8156703524,2
6000,396.9,0.8156366098,2
6000,396.95,0.8156028641,2
6000,397,0.8155691153,2
6000,397.05,0.8155353636,2
6000,397.1,0.8155016088,2
6000,397.15,0.8154678509,2
6000,397.2,0.8154340901,2
6000,397.25,0.8154003262,2
6000,397.3,0.8153665593,2
6000,397.35,0.8153327893,2
6000,397.4,0.8152990164,2
6000,397.45,0.8152652404,2
6000,397.5,0.8152314614,2
6000,397.55,0.8151976793,2
6000,397.6,0.8151638943,2
6000,397.65,0.8151301062,2
6000,397.7,0.8150963151,2
6000,397.75,0.815062521,2
6000,397.8,0.8150287239,2
6000,397.85,0.8149949237,2
6000,397.9,0.8149611206,2
6000,397.95,0.8149273144,2
6000,398,0.8148935052,2
6000,398.05,0.8148596931,2
6000,398.1,0.8148258779,2
6000,398.15,0.8147920597,2
6000,398.2,0.8147582384,2
6000,398.25,0.8147244142,2
6000,398.3,0.814690587,2
6000,398.35,0.8146567568,2
6000,398.4,0.8146229235,2
6000,398.45,0.8145890873,2
6000,398.5,0.8145552481,2
6000,398.55,0.8145214058,2
6000,398.6,0.8144875606,2
6000,398.65,0.8144537124,2
6000,398.7,0.8144198612,2
6000,398.75,0.8143860069,2
6000,398.8,0.8143521497,2
6000,398.85,0.8143182895,2
6000,398.9,0.8142844263,2
6000,398.95,0.8142505602,2
6000,399,0.814216691,2
6000,399.05,0.8141828188,2
6000,399.1,0.8141489437,2
6000,399.15,0.8141150655,2
6000,399.2,0.8140811844,2
6000,399.25,0.8140473003,2
6000,399.3,0.8140134132,2
6000,399.35,0.8139795232,2
6000,399.4,0.8139456301,2
6000,399.45,0.8139117341,2
6000,399.5,0.8138778351,2
6000,399.55,0.8138439331,2
6000,399.6,0.8138100282,2
6000,399.65,0.8137761202,2
6000,399.7,0.8137422093,2
6000,399.75,0.8137082955,2
6000,399.8,0.8136743786,2
6000,399.85,0.8136404588,2
6000,399.9,0.813606536,2
6000,399.95,0.8135726103,2
6000,400,0.8135386815,2
6000,400.05,0.8135047499,2
6000,400.1,0.8134708152,2
6000,400.15,0.8134368776,2
6000,400.2,0.813402937,2
6000,400.25,0.8133689935,2
6000,400.3,0.813335047,2
6000,400.35,0.8133010975,2
6000,400.4,0.8132671451,2
6000,400.45,0.8132331898,2
6000,400.5,0.8131992315,2
6000,400.55,0.8131652702,2
6000,400.6,0.813131306,2
6000,400.65,0.8130973388,2
6000,400.7,0.8130633687,2
6000,400.75,0.8130293956,2
6000,400.8,0.8129954195,2
6000,400.85,0.8129614406,2
6000,400.9,0.8129274587,2
6000,400.95,0.8128934738,2
6000,401,0.812859486,2
6000,401.05,0.8128254952,2
6000,401.1,0.8127915015,2
6000,401.15,0.8127575049,2
6000,401.2,0.8127235053,2
6000,401.25,0.8126895028,2
6000,401.3,0.8126554974,2
6000,401.35,0.812621489,2
6000,401.4,0.8125874777,2
6000,401.45,0.8125534635,2
6000,401.5,0.8125194463,2
6000,401.55,0.8124854262,2
6000,401.6,0.8124514031,2
6000,401.65,0.8124173772,2
6000,401.7,0.8123833483,2
6000,401.75,0.8123493164,2
6000,401.8,0.8123152817,2
6000,401.85,0.812281244,2
6000,401.9,0.8122472034,2
6000,401.95,0.8122131599,2
6000,402,0.8121791135,2
6000,402.05,0.8121450641,2
6000,402.1,0.8121110118,2
6000,402.15,0.8120769566,2
6000,402.2,0.8120428985,2
6000,402.25,0.8120088375,2
6000,402.3,0.8119747736,2
6000,402.35,0.8119407067,2
6000,402.4,0.811906637,2
6000,402.45,0.8118725643,2
6000,402.5,0.8118384887,2
6000,402.55,0.8118044102,2
6000,402.6,0.8117703288,2
6000,402.65,0.8117362445,2
6000,402.7,0.8117021573,2
6000,402.75,0.8116680672,2
6000,402.8,0.8116339742,2
6000,402.85,0.8115998783,2
6000,402.9,0.8115657795,2
6000,402.95,0.8115316778,2
6000,403,0.8114975732,2
6000,403.05,0.8114634657,2
6000,403.1,0.8114293553,2
6000,403.15,0.811395242,2
6000,403.2,0.8113611258,2
6000,403.25,0.8113270068,2
6000,403.3,0.8112928848,2
6000,403.35,0.8112587599,2
6000,403.4,0.8112246322,2
6000,403.45,0.8111905016,2
6000,403.5,0.8111563681,2
6000,403.55,0.8111222317,2
6000,403.6,0.8110880924,2
6000,403.65,0.8110539502,2
6000,403.7,0.8110198052,2
6000,403.75,0.8109856572,2
6000,403.8,0.8109515064,2
6000,403.85,0.8109173528,2
6000,403.9,0.8108831962,2
6000,403.95,0.8108490368,2
6000,404,0.8108148745,2
6000,404.05,0.8107807093,2
6000,404.1,0.8107465412,2
6000,404.15,0.8107123703,2
6000,404.2,0.8106781965,2
6000,404.25,0.8106440199,2
6000,404.3,0.8106098403,2
6000,404.35,0.810575658,2
6000,404.4,0.8105414727,2
6000,404.45,0.8105072846,2
6000,404.5,0.8104730936,2
6000,404.55,0.8104388998,2
6000,404.6,0.8104047031,2
6000,404.65,0.8103705035,2
6000,404.7,0.8103363011,2
6000,404.75,0.8103020958,2
6000,404.8,0.8102678877,2
6000,404.85,0.8102336767,2
6000,404.9,0.8101994629,2
6000,404.95,0.8101652462,2
6000,405,0.8101310266,2
6000,405.05,0.8100968043,2
6000,405.1,0.810062579,2
6000,405.15,0.8100283509,2
6000,405.2,0.80999412,2
6000,405.25,0.8099598862,2
6000,405.3,0.8099256496,2
6000,405.35,0.8098914102,2
6000,405.4,0.8098571679,2
6000,405.45,0.8098229227,2
6000,405.5,0.8097886748,2
6000,405.55,0.809754424,2
6000,405.6,0.8097201703,2
6000,405.65,0.8096859138,2
6000,405.7,0.8096516545,2
6000,405.75,0.8096173924,2
6000,405.8,0.8095831274,2
6000,405.85,0.8095488596,2
6000,405.9,0.8095145889,2
6000,405.95,0.8094803155,2
6000,406,0.8094460392,2
6000,406.05,0.80941176,2
6000,406.1,0.8093774781,2
6000,406.15,0.8093431933,2
6000,406.2,0.8093089057,2
6000,406.25,0.8092746153,2
6000,406.3,0.8092403221,2
6000,406.35,0.8092060261,2
6000,406.4,0.8091717272,2
6000,406.45,0.8091374255,2
6000,406.5,0.809103121,2
6000,406.55,0.8090688137,2
6000,406.6,0.8090345036,2
6000,406.65,0.8090001906,2
6000,406.7,0.8089658749,2
6000,406.75,0.8089315564,2
6000,406.8,0.808897235,2
6000,406.85,0.8088629108,2
6000,406.9,0.8088285839,2
6000,406.95,0.8087942541,2
6000,407,0.8087599215,2
6000,407.05,0.8087255861,2
6000,407.1,0.808691248,2
6000,407.15,0.808656907,2
6000,407.2,0.8086225632,2
6000,407.25,0.8085882166,2
6000,407.3,0.8085538673,2
6000,407.35,0.8085195151,2
6000,407.4,0.8084851602,2
6000,407.45,0.8084508024,2
6000,407.5,0.8084164419,2
6000,407.55,0.8083820786,2
6000,407.6,0.8083477124,2
6000,407.65,0.8083133435,2
6000,407.7,0.8082789719,2
6000,407.75,0.8082445974,2
6000,407.8,0.8082102201,2
6000,407.85,0.8081758401,2
6000,407.9,0.8081414573,2
6000,407.95,0.8081070717,2
6000,408,0.8080726833,2
6000,408.05,0.8080382922,2
6000,408.1,0.8080038982,2
6000,408.15,0.8079695015,2
6000,408.2,0.8079351021,2
6000,408.25,0.8079006998,2
6000,408.3,0.8078662948,2
6000,408.35,0.807831887,2
6000,408.4,0.8077974764,2
6000,408.45,0.8077630631,2
6000,408.5,0.807728647,2
6000,408.55,0.8076942282,2
6000,408.6,0.8076598065,2
6000,408.65,0.8076253821,2
6000,408.7,0.807590955,2
6000,408.75,0.8075565251,2
6000,408.8,0.8075220924,2
6000,408.85,0.807487657,2
6000,408.9,0.8074532188,2
6000,408.95,0.8074187779,2
6000,409,0.8073843342,2
6000,409.05,0.8073498877,2
6000,409.1,0.8073154385,2
6000,409.15,0.8072809866,2
6000,409.2,0.8072465319,2
6000,409.25,0.8072120745,2
6000,409.3,0.8071776143,2
6000,409.35,0.8071431513,2
6000,409.4,0.8071086857,2
6000,409.45,0.8070742172,2
6000,409.5,0.8070397461,2
6000,409.55,0.8070052722,2
6000,409.6,0.8069707955,2
6000,409.65,0.8069363161,2
6000,409.7,0.806901834,2
6000,409.75,0.8068673492,2
6000,409.8,0.8068328616,2
6000,409.85,0.8067983712,2
6000,409.9,0.8067638782,2
6000,409.95,0.8067293824,2
6000,410,0.8066948839,2
6000,410.05,0.8066603826,2
6000,410.1,0.8066258787,2
6000,410.15,0.806591372,2
6000,410.2,0.8065568625,2
6000,410.25,0.8065223504,2
6000,410.3,0.8064878355,2
6000,410.35,0.8064533179,2
6000,410.4,0.8064187976,2
6000,410.45,0.8063842746,2
6000,410.5,0.8063497488,2
6000,410.55,0.8063152204,2
6000,410.6,0.8062806892,2
6000,410.65,0.8062461553,2
6000,410.7,0.8062116187,2
6000,410.75,0.8061770794,2
6000,410.8,0.8061425373,2
6000,410.85,0.8061079926,2
6000,410.9,0.8060734452,2
6000,410.95,0.806038895,2
6000,411,0.8060043422,2
6000,411.05,0.8059697866,2
6000,411.1,0.8059352283,2
6000,411.15,0.8059006674,2
6000,411.2,0.8058661037,2
6000,411.25,0.8058315374,2
6000,411.3,0.8057969683,2
6000,411.35,0.8057623965,2
6000,411.4,0.8057278221,2
6000,411.45,0.8056932449,2
6000,411.5,0.8056586651,2
6000,411.55,0.8056240826,2
6000,411.6,0.8055894974,2
6000,411.65,0.8055549095,2
6000,411.7,0.8055203189,2
6000,411.75,0.8054857256,2
6000,411.8,0.8054511296,2
6000,411.85,0.805416531,2
6000,411.9,0.8053819296,2
6000,411.95,0.8053473256,2
6000,412,0.8053127189,2
6000,412.05,0.8052781095,2
6000,412.1,0.8052434975,2
6000,412.15,0.8052088828,2
6000,412.2,0.8051742654,2
6000,412.25,0.8051396453,2
6000,412.3,0.8051050225,2
6000,412.35,0.8050703971,2
6000,412.4,0.805035769,2
6000,412.45,0.8050011382,2
6000,412.5,0.8049665048,2
6000,412.55,0.8049318687,2
6000,412.6,0.80489723,2
6000,412.65,0.8048625885,2
6000,412.7,0.8048279444,2
6000,412.75,0.8047932977,2
6000,412.8,0.8047586483,2
6000,412.85,0.8047239962,2
6000,412.9,0.8046893415,2
6000,412.95,0.8046546841,2
6000,413,0.8046200241,2
6000,413.05,0.8045853614,2
6000,413.1,0.804550696,2
6000,413.15,0.804516028,2
6000,413.2,0.8044813574,2
6000,413.25,0.8044466841,2
6000,413.3,0.8044120082,2
6000,413.35,0.8043773296,2
6000,413.4,0.8043426483,2
6000,413.45,0.8043079644,2
6000,413.5,0.8042732779,2
6000,413.55,0.8042385888,2
6000,413.6,0.804203897,2
6000,413.65,0.8041692025,2
6000,413.7,0.8041345054,2
6000,413.75,0.8040998057,2
6000,413.8,0.8040651034,2
6000,413.85,0.8040303984,2
6000,413.9,0.8039956908,2
6000,413.95,0.8039609805,2
6000,414,0.8039262676,2
6000,414.05,0.8038915521,2
6000,414.1,0.803856834,2
6000,414.15,0.8038221132,2
6000,414.2,0.8037873898,2
6000,414.25,0.8037526638,2
6000,414.3,0.8037179352,2
6000,414.35,0.8036832039,2
6000,414.4,0.8036484701,2
6000,414.45,0.8036137336,2
6000,414.5,0.8035789945,2
6000,414.55,0.8035442527,2
6000,414.6,0.8035095084,2
6000,414.65,0.8034747614,2
6000,414.7,0.8034400119,2
6000,414.75,0.8034052597,2
6000,414.8,0.8033705049,2
6000,414.85,0.8033357475,2
6000,414.9,0.8033009875,2
6000,414.95,0.8032662249,2
6000,415,0.8032314597,2
6000,415.05,0.8031966919,2
6000,415.1,0.8031619215,2
6000,415.15,0.8031271484,2
6000,415.2,0.8030923728,2
6000,415.25,0.8030575946,2
6000,415.3,0.8030228138,2
6000,415.35,0.8029880304,2
6000,415.4,0.8029532444,2
6000,415.45,0.8029184558,2
6000,415.5,0.8028836646,2
6000,415.55,0.8028488708,2
6000,415.6,0.8028140744,2
6000,415.65,0.8027792754,2
6000,415.7,0.8027444739,2
6000,415.75,0.8027096698,2
6000,415.8,0.802674863,2
6000,415.85,0.8026400537,2
6000,415.9,0.8026052419,2
6000,415.95,0.8025704274,2
6000,416,0.8025356104,2
6000,416.05,0.8025007907,2
6000,416.1,0.8024659685,2
6000,416.15,0.8024311438,2
6000,416.2,0.8023963164,2
6000,416.25,0.8023614865,2
6000,416.3,0.802326654,2
6000,416.35,0.802291819,2
6000,416.4,0.8022569813,2
6000,416.45,0.8022221411,2
6000,416.5,0.8021872984,2
6000,416.55,0.802152453,2
6000,416.6,0.8021176052,2
6000,416.65,0.8020827547,2
6000,416.7,0.8020479017,2
6000,416.75,0.8020130461,2
6000,416.8,0.801978188,2
6000,416.85,0.8019433273,2
6000,416.9,0.801908464,2
6000,416.95,0.8018735982,2
6000,417,0.8018387299,2
6000,417.05,0.801803859,2
6000,417.1,0.8017689855,2
6000,417.15,0.8017341095,2
6000,417.2,0.8016992309,2
6000,417.25,0.8016643498,2
6000,417.3,0.8016294662,2
6000,417.35,0.80159458,2
6000,417.4,0.8015596913,2
6000,417.45,0.8015248,2
6000,417.5,0.8014899062,2
6000,417.55,0.8014550098,2
6000,417.6,0.8014201109,2
6000,417.65,0.8013852095,2
6000,417.7,0.8013503055,2
6000,417.75,0.801315399,2
6000,417.8,0.8012804899,2
6000,417.85,0.8012455784,2
6000,417.9,0.8012106643,2
6000,417.95,0.8011757477,2
6000,418,0.8011408285,2
6000,418.05,0.8011059068,2
6000,418.1,0.8010709826,2
6000,418.15,0.8010360559,2
6000,418.2,0.8010011266,2
6000,418.25,0.8009661948,2
6000,418.3,0.8009312606,2
6000,418.35,0.8008963237,2
6000,418.4,0.8008613844,2
6000,418.45,0.8008264426,2
6000,418.5,0.8007914982,2
6000,418.55,0.8007565513,2
6000,418.6,0.8007216019,2
6000,418.65,0.80068665,2
6000,418.7,0.8006516956,2
6000,418.75,0.8006167387,2
6000,418.8,0.8005817793,2
6000,418.85,0.8005468174,2
6000,418.9,0.8005118529,2
6000,418.95,0.800476886,2
6000,419,0.8004419166,2
6000,419.05,0.8004069446,2
6000,419.1,0.8003719702,2
6000,419.15,0.8003369933,2
6000,419.2,0.8003020138,2
6000,419.25,0.8002670319,2
6000,419.3,0.8002320475,2
6000,419.35,0.8001970606,2
6000,419.4,0.8001620712,2
6000,419.45,0.8001270793,2
6000,419.5,0.8000920849,2
6000,419.55,0.800057088,2
6000,419.6,0.8000220887,2
6000,419.65,0.7999870869,2
6000,419.7,0.7999520825,2
6000,419.75,0.7999170757,2
6000,419.8,0.7998820664,2
6000,419.85,0.7998470547,2
6000,419.9,0.7998120404,2
6000,419.95,0.7997770237,2
6000,420,0.7997420045,2
6000,420.05,0.7997069829,2
6000,420.1,0.7996719587,2
6000,420.15,0.7996369321,2
6000,420.2,0.799601903,2
6000,420.25,0.7995668715,2
6000,420.3,0.7995318375,2
6000,420.35,0.799496801,2
6000,420.4,0.799461762,2
6000,420.45,0.7994267206,2
6000,420.5,0.7993916767,2
6000,420.55,0.7993566304,2
6000,420.6,0.7993215816,2
6000,420.65,0.7992865303,2
6000,420.7,0.7992514766,2
6000,420.75,0.7992164205,2
6000,420.8,0.7991813618,2
6000,420.85,0.7991463008,2
6000,420.9,0.7991112372,2
6000,420.95,0.7990761712,2
6000,421,0.7990411028,2
6000,421.05,0.7990060319,2
6000,421.1,0.7989709586,2
6000,421.15,0.7989358829,2
6000,421.2,0.7989008046,2
6000,421.25,0.798865724,2
6000,421.3,0.7988306409,2
6000,421.35,0.7987955554,2
6000,421.4,0.7987604674,2
6000,421.45,0.798725377,2
6000,421.5,0.7986902841,2
6000,421.55,0.7986551889,2
6000,421.6,0.7986200911,2
6000,421.65,0.798584991,2
6000,421.7,0.7985498884,2
6000,421.75,0.7985147834,2
6000,421.8,0.798479676,2
6000,421.85,0.7984445661,2
6000,421.9,0.7984094538,2
6000,421.95,0.7983743391,2
6000,422,0.798339222,2
6000,422.05,0.7983041025,2
6000,422.1,0.7982689805,2
6000,422.15,0.7982338561,2
6000,422.2,0.7981987293,2
6000,422.25,0.7981636001,2
6000,422.3,0.7981284684,2
6000,422.35,0.7980933344,2
6000,422.4,0.7980581979,2
6000,422.45,0.798023059,2
6000,422.5,0.7979879177,2
6000,422.55,0.7979527741,2
6000,422.6,0.797917628,2
6000,422.65,0.7978824794,2
6000,422.7,0.7978473285,2
6000,422.75,0.7978121752,2
6000,422.8,0.7977770195,2
6000,422.85,0.7977418614,2
6000,422.9,0.7977067009,2
6000,422.95,0.797671538,2
6000,423,0.7976363727,2
6000,423.05,0.797601205,2
6000,423.1,0.7975660349,2
6000,423.15,0.7975308624,2
6000,423.2,0.7974956875,2
6000,423.25,0.7974605103,2
6000,423.3,0.7974253306,2
6000,423.35,0.7973901486,2
6000,423.4,0.7973549642,2
6000,423.45,0.7973197774,2
6000,423.5,0.7972845882,2
6000,423.55,0.7972493966,2
6000,423.6,0.7972142026,2
6000,423.65,0.7971790063,2
6000,423.7,0.7971438076,2
6000,423.75,0.7971086065,2
6000,423.8,0.7970734031,2
6000,423.85,0.7970381972,2
6000,423.9,0.797002989,2
6000,423.95,0.7969677785,2
6000,424,0.7969325655,2
6000,424.05,0.7968973502,2
6000,424.1,0.7968621325,2
6000,424.15,0.7968269125,2
6000,424.2,0.7967916901,2
6000,424.25,0.7967564653,2
6000,424.3,0.7967212382,2
6000,424.35,0.7966860087,2
6000,424.4,0.7966507769,2
6000,424.45,0.7966155427,2
6000,424.5,0.7965803061,2
6000,424.55,0.7965450672,2
6000,424.6,0.7965098259,2
6000,424.65,0.7964745823,2
6000,424.7,0.7964393364,2
6000,424.75,0.796404088,2
6000,424.8,0.7963688374,2
6000,424.85,0.7963335844,2
6000,424.9,0.796298329,2
6000,424.95,0.7962630713,2
6000,425,0.7962278113,2
6000,425.05,0.7961925489,2
6000,425.1,0.7961572842,2
6000,425.15,0.7961220171,2
6000,425.2,0.7960867477,2
6000,425.25,0.796051476,2
6000,425.3,0.7960162019,2
6000,425.35,0.7959809255,2
6000,425.4,0.7959456468,2
6000,425.45,0.7959103657,2
6000,425.5,0.7958750824,2
6000,425.55,0.7958397966,2
6000,425.6,0.7958045086,2
6000,425.65,0.7957692182,2
6000,425.7,0.7957339256,2
6000,425.75,0.7956986305,2
6000,425.8,0.7956633332,2
6000,425.85,0.7956280336,2
6000,425.9,0.7955927316,2
6000,425.95,0.7955574273,2
6000,426,0.7955221207,2
6000,426.05,0.7954868118,2
6000,426.1,0.7954515006,2
6000,426.15,0.7954161871,2
6000,426.2,0.7953808712,2
6000,426.25,0.7953455531,2
6000,426.3,0.7953102326,2
6000,426.35,0.7952749098,2
6000,426.4,0.7952395848,2
6000,426.45,0.7952042574,2
6000,426.5,0.7951689277,2
6000,426.55,0.7951335958,2
6000,426.6,0.7950982615,2
6000,426.65,0.7950629249,2
6000,426.7,0.7950275861,2
6000,426.75,0.7949922449,2
6000,426.8,0.7949569014,2
6000,426.85,0.7949215557,2
6000,426.9,0.7948862077,2
6000,426.95,0.7948508573,2
6000,427,0.7948155047,2
6000,427.05,0.7947801498,2
6000,427.1,0.7947447927,2
6000,427.15,0.7947094332,2
6000,427.2,0.7946740714,2
6000,427.25,0.7946387074,2
6000,427.3,0.7946033411,2
6000,427.35,0.7945679725,2
6000,427.4,0.7945326017,2
6000,427.45,0.7944972285,2
6000,427.5,0.7944618531,2
6000,427.55,0.7944264754,2
6000,427.6,0.7943910955,2
6000,427.65,0.7943557132,2
6000,427.7,0.7943203287,2
6000,427.75,0.794284942,2
6000,427.8,0.794249553,2
6000,427.85,0.7942141617,2
6000,427.9,0.7941787681,2
6000,427.95,0.7941433723,2
6000,428,0.7941079742,2
6000,428.05,0.7940725739,2
6000,428.1,0.7940371713,2
6000,428.15,0.7940017664,2
6000,428.2,0.7939663593,2
6000,428.25,0.79393095,2
6000,428.3,0.7938955384,2
6000,428.35,0.7938601245,2
6000,428.4,0.7938247084,2
6000,428.45,0.7937892901,2
6000,428.5,0.7937538695,2
6000,428.55,0.7937184466,2
6000,428.6,0.7936830215,2
6000,428.65,0.7936475942,2
6000,428.7,0.7936121646,2
6000,428.75,0.7935767328,2
6000,428.8,0.7935412987,2
6000,428.85,0.7935058625,2
6000,428.9,0.7934704239,2
6000,428.95,0.7934349832,2
6000,429,0.7933995402,2
6000,429.05,0.793364095,2
6000,429.1,0.7933286475,2
6000,429.15,0.7932931978,2
6000,429.2,0.7932577459,2
6000,429.25,0.7932222918,2
6000,429.3,0.7931868354,2
6000,429.35,0.7931513768,2
6000,429.4,0.793115916,2
6000,429.45,0.793080453,2
6000,429.5,0.7930449878,2
6000,429.55,0.7930095203,2
6000,429.6,0.7929740506,2
6000,429.65,0.7929385788,2
6000,429.7,0.7929031047,2
6000,429.75,0.7928676283,2
6000,429.8,0.7928321498,2
6000,429.85,0.7927966691,2
6000,429.9,0.7927611861,2
6000,429.95,0.792725701,2
6000,430,0.7926902136,2
6000,430.05,0.7926547241,2
6000,430.1,0.7926192323,2
6000,430.15,0.7925837384,2
6000,430.2,0.7925482422,2
6000,430.25,0.7925127439,2
6000,430.3,0.7924772433,2
6000,430.35,0.7924417406,2
6000,430.4,0.7924062356,2
6000,430.45,0.7923707285,2
6000,430.5,0.7923352192,2
6000,430.55,0.7922997076,2
6000,430.6,0.7922641939,2
6000,430.65,0.7922286781,2
6000,430.7,0.79219316,2
6000,430.75,0.7921576397,2
6000,430.8,0.7921221173,2
6000,430.85,0.7920865927,2
6000,430.9,0.7920510659,2
6000,430.95,0.7920155369,2
6000,431,0.7919800057,2
6000,431.05,0.7919444724,2
6000,431.1,0.7919089369,2
6000,431.15,0.7918733992,2
6000,431.2,0.7918378594,2
6000,431.25,0.7918023173,2
6000,431.3,0.7917667731,2
6000,431.35,0.7917312268,2
6000,431.4,0.7916956783,2
6000,431.45,0.7916601276,2
6000,431.5,0.7916245747,2
6000,431.55,0.7915890197,2
6000,431.6,0.7915534625,2
6000,431.65,0.7915179032,2
6000,431.7,0.7914823417,2
6000,431.75,0.7914467781,2
6000,431.8,0.7914112123,2
6000,431.85,0.7913756443,2
6000,431.9,0.7913400742,2
6000,431.95,0.791304502,2
6000,432,0.7912689276,2
6000,432.05,0.791233351,2
6000,432.1,0.7911977723,2
6000,432.15,0.7911621915,2
6000,432.2,0.7911266085,2
6000,432.25,0.7910910234,2
6000,432.3,0.7910554361,2
6000,432.35,0.7910198467,2
6000,432.4,0.7909842552,2
6000,432.45,0.7909486615,2
6000,432.5,0.7909130657,2
6000,432.55,0.7908774677,2
6000,432.6,0.7908418677,2
6000,432.65,0.7908062654,2
6000,432.7,0.7907706611,2
6000,432.75,0.7907350546,2
6000,432.8,0.790699446,2
6000,432.85,0.7906638353,2
6000,432.9,0.7906282225,2
6000,432.95,0.7905926075,2
6000,433,0.7905569904,2
6000,433.05,0.7905213712,2
6000,433.1,0.7904857499,2
6000,433.15,0.7904501265,2
6000,433.2,0.7904145009,2
6000,433.25,0.7903788733,2
6000,433.3,0.7903432435,2
6000,433.35,0.7903076116,2
6000,433.4,0.7902719776,2
6000,433.45,0.7902363415,2
6000,433.5,0.7902007033,2
6000,433.55,0.7901650629,2
6000,433.6,0.7901294205,2
6000,433.65,0.790093776,2
6000,433.7,0.7900581294,2
6000,433.75,0.7900224806,2
6000,433.8,0.7899868298,2
6000,433.85,0.7899511769,2
6000,433.9,0.7899155219,2
6000,433.95,0.7898798648,2
6000,434,0.7898442056,2
6000,434.05,0.7898085443,2
6000,434.1,0.7897728809,2
6000,434.15,0.7897372154,2
6000,434.2,0.7897015479,2
6000,434.25,0.7896658782,2
6000,434.3,0.7896302065,2
6000,434.35,0.7895945327,2
6000,434.4,0.7895588568,2
6000,434.45,0.7895231788,2
6000,434.5,0.7894874988,2
6000,434.55,0.7894518167,2
6000,434.6,0.7894161325,2
6000,434.65,0.7893804462,2
6000,434.7,0.7893447579,2
6000,434.75,0.7893090674,2
6000,434.8,0.7892733749,2
6000,434.85,0.7892376804,2
6000,434.9,0.7892019838,2
6000,434.95,0.7891662851,2
6000,435,0.7891305843,2
6000,435.05,0.7890948815,2
6000,435.1,0.7890591767,2
6000,435.15,0.7890234697,2
6000,435.2,0.7889877607,2
6000,435.25,0.7889520497,2
6000,435.3,0.7889163366,2
6000,435.35,0.7888806214,2
6000,435.4,0.7888449042,2
6000,435.45,0.7888091849,2
6000,435.5,0.7887734636,2
6000,435.55,0.7887377403,2
6000,435.6,0.7887020149,2
6000,435.65,0.7886662874,2
6000,435.7,0.7886305579,2
6000,435.75,0.7885948264,2
6000,435.8,0.7885590928,2
6000,435.85,0.7885233572,2
6000,435.9,0.7884876195,2
6000,435.95,0.7884518798,2
6000,436,0.7884161381,2
6000,436.05,0.7883803943,2
6000,436.1,0.7883446486,2
6000,436.15,0.7883089007,2
6000,436.2,0.7882731509,2
6000,436.25,0.788237399,2
6000,436.3,0.7882016451,2
6000,436.35,0.7881658891,2
6000,436.4,0.7881301312,2
6000,436.45,0.7880943712,2
6000,436.5,0.7880586092,2
6000,436.55,0.7880228452,2
6000,436.6,0.7879870791,2
6000,436.65,0.7879513111,2
6000,436.7,0.787915541,2
6000,436.75,0.7878797689,2
6000,436.8,0.7878439948,2
6000,436.85,0.7878082187,2
6000,436.9,0.7877724406,2
6000,436.95,0.7877366605,2
6000,437,0.7877008783,2
6000,437.05,0.7876650942,2
6000,437.1,0.7876293081,2
6000,437.15,0.7875935199,2
6000,437.2,0.7875577298,2
6000,437.25,0.7875219376,2
6000,437.3,0.7874861435,2
6000,437.35,0.7874503474,2
6000,437.4,0.7874145492,2
6000,437.45,0.7873787491,2
6000,437.5,0.787342947,2
6000,437.55,0.7873071429,2
6000,437.6,0.7872713368,2
6000,437.65,0.7872355287,2
6000,437.7,0.7871997186,2
6000,437.75,0.7871639066,2
6000,437.8,0.7871280925,2
6000,437.85,0.7870922765,2
6000,437.9,0.7870564585,2
6000,437.95,0.7870206385,2
6000,438,0.7869848165,2
6000,438.05,0.7869489926,2
6000,438.1,0.7869131667,2
6000,438.15,0.7868773388,2
6000,438.2,0.786841509,2
6000,438.25,0.7868056771,2
6000,438.3,0.7867698433,2
6000,438.35,0.7867340076,2
6000,438.4,0.7866981699,2
6000,438.45,0.7866623302,2
6000,438.5,0.7866264885,2
6000,438.55,0.7865906449,2
6000,438.6,0.7865547993,2
6000,438.65,0.7865189518,2
6000,438.7,0.7864831023,2
6000,438.75,0.7864472508,2
6000,438.8,0.7864113974,2
6000,438.85,0.7863755421,2
6000,438.9,0.7863396848,2
6000,438.95,0.7863038255,2
6000,439,0.7862679643,2
6000,439.05,0.7862321011,2
6000,439.1,0.786196236,2
6000,439.15,0.786160369,2
6000,439.2,0.7861245,2
6000,439.25,0.7860886291,2
6000,439.3,0.7860527562,2
6000,439.35,0.7860168814,2
6000,439.4,0.7859810046,2
6000,439.45,0.785945126,2
6000,439.5,0.7859092454,2
6000,439.55,0.7858733628,2
6000,439.6,0.7858374783,2
6000,439.65,0.7858015919,2
6000,439.7,0.7857657036,2
6000,439.75,0.7857298133,2
6000,439.8,0.7856939211,2
6000,439.85,0.785658027,2
6000,439.9,0.785622131,2
6000,439.95,0.785586233,2
6000,440,0.7855503332,2
6000,440.05,0.7855144314,2
6000,440.1,0.7854785277,2
6000,440.15,0.785442622,2
6000,440.2,0.7854067145,2
6000,440.25,0.7853708051,2
6000,440.3,0.7853348937,2
6000,440.35,0.7852989804,2
6000,440.4,0.7852630653,2
6000,440.45,0.7852271482,2
6000,440.5,0.7851912292,2
6000,440.55,0.7851553083,2
6000,440.6,0.7851193855,2
6000,440.65,0.7850834608,2
6000,440.7,0.7850475342,2
6000,440.75,0.7850116057,2
6000,440.8,0.7849756753,2
6000,440.85,0.7849397431,2
6000,440.9,0.7849038089,2
6000,440.95,0.7848678728,2
6000,441,0.7848319349,2
6000,441.05,0.784795995,2
6000,441.1,0.7847600533,2
6000,441.15,0.7847241097,2
6000,441.2,0.7846881642,2
6000,441.25,0.7846522168,2
6000,441.3,0.7846162675,2
6000,441.35,0.7845803164,2
6000,441.4,0.7845443634,2
6000,441.45,0.7845084085,2
6000,441.5,0.7844724517,2
6000,441.55,0.784436493,2
6000,441.6,0.7844005325,2
6000,441.65,0.7843645701,2
6000,441.7,0.7843286059,2
6000,441.75,0.7842926397,2
6000,441.8,0.7842566717,2
6000,441.85,0.7842207019,2
6000,441.9,0.7841847301,2
6000,441.95,0.7841487565,2
6000,442,0.7841127811,2
6000,442.05,0.7840768038,2
6000,442.1,0.7840408246,2
6000,442.15,0.7840048436,2
6000,442.2,0.7839688607,2
6000,442.25,0.783932876,2
6000,442.3,0.7838968894,2
6000,442.35,0.783860901,2
6000,442.4,0.7838249107,2
6000,442.45,0.7837889186,2
6000,442.5,0.7837529246,2
6000,442.55,0.7837169288,2
6000,442.6,0.7836809311,2
6000,442.65,0.7836449316,2
6000,442.7,0.7836089303,2
6000,442.75,0.7835729271,2
6000,442.8,0.7835369221,2
6000,442.85,0.7835009152,2
6000,442.9,0.7834649065,2
6000,442.95,0.783428896,2
6000,443,0.7833928836,2
6000,443.05,0.7833568695,2
6000,443.1,0.7833208534,2
6000,443.15,0.7832848356,2
6000,443.2,0.7832488159,2
6000,443.25,0.7832127945,2
6000,443.3,0.7831767711,2
6000,443.35,0.783140746,2
6000,443.4,0.7831047191,2
6000,443.45,0.7830686903,2
6000,443.5,0.7830326597,2
6000,443.55,0.7829966273,2
6000,443.6,0.7829605931,2
6000,443.65,0.7829245571,2
6000,443.7,0.7828885192,2
6000,443.75,0.7828524796,2
6000,443.8,0.7828164382,2
6000,443.85,0.7827803949,2
6000,443.9,0.7827443498,2
6000,443.95,0.782708303,2
6000,444,0.7826722543,2
6000,444.05,0.7826362038,2
6000,444.1,0.7826001516,2
6000,444.15,0.7825640975,2
6000,444.2,0.7825280417,2
6000,444.25,0.782491984,2
6000,444.3,0.7824559246,2
6000,444.35,0.7824198633,2
6000,444.4,0.7823838003,2
6000,444.45,0.7823477355,2
6000,444.5,0.7823116689,2
6000,444.55,0.7822756005,2
6000,444.6,0.7822395304,2
6000,444.65,0.7822034584,2
6000,444.7,0.7821673847,2
6000,444.75,0.7821313092,2
6000,444.8,0.7820952319,2
6000,444.85,0.7820591528,2
6000,444.9,0.782023072,2
6000,444.95,0.7819869894,2
6000,445,0.781950905,2
6000,445.05,0.7819148188,2
6000,445.1,0.7818787309,2
6000,445.15,0.7818426412,2
6000,445.2,0.7818065498,2
6000,445.25,0.7817704566,2
6000,445.3,0.7817343616,2
6000,445.35,0.7816982648,2
6000,445.4,0.7816621663,2
6000,445.45,0.7816260661,2
6000,445.5,0.7815899641,2
6000,445.55,0.7815538603,2
6000,445.6,0.7815177548,2
6000,445.65,0.7814816475,2
6000,445.7,0.7814455384,2
6000,445.75,0.7814094277,2
6000,445.8,0.7813733151,2
6000,445.85,0.7813372009,2
6000,445.9,0.7813010849,2
6000,445.95,0.7812649671,2
6000,446,0.7812288476,2
6000,446.05,0.7811927264,2
6000,446.1,0.7811566034,2
6000,446.15,0.7811204787,2
6000,446.2,0.7810843522,2
6000,446.25,0.781048224,2
6000,446.3,0.7810120941,2
6000,446.35,0.7809759624,2
6000,446.4,0.7809398291,2
6000,446.45,0.7809036939,2
6000,446.5,0.7808675571,2
6000,446.55,0.7808314185,2
6000,446.6,0.7807952783,2
6000,446.65,0.7807591363,2
6000,446.7,0.7807229925,2
6000,446.75,0.7806868471,2
6000,446.8,0.7806506999,2
6000,446.85,0.780614551,2
6000,446.9,0.7805784004,2
6000,446.95,0.7805422481,2
6000,447,0.7805060941,2
6000,447.05,0.7804699384,2
6000,447.1,0.7804337809,2
6000,447.15,0.7803976218,2
6000,447.2,0.7803614609,2
6000,447.25,0.7803252984,2
6000,447.3,0.7802891341,2
6000,447.35,0.7802529682,2
6000,447.4,0.7802168005,2
6000,447.45,0.7801806311,2
6000,447.5,0.7801444601,2
6000,447.55,0.7801082873,2
6000,447.6,0.7800721129,2
6000,447.65,0.7800359367,2
6000,447.7,0.7799997589,2
6000,447.75,0.7799635794,2
6000,447.8,0.7799273982,2
6000,447.85,0.7798912153,2
6000,447.9,0.7798550307,2
6000,447.95,0.7798188445,2
6000,448,0.7797826565,2
6000,448.05,0.7797464669,2
6000,448.1,0.7797102756,2
6000,448.15,0.7796740826,2
6000,448.2,0.779637888,2
6000,448.25,0.7796016917,2
6000,448.3,0.7795654937,2
6000,448.35,0.779529294,2
6000,448.4,0.7794930927,2
6000,448.45,0.7794568897,2
6000,448.5,0.779420685,2
6000,448.55,0.7793844787,2
6000,448.6,0.7793482707,2
6000,448.65,0.779312061,2
6000,448.7,0.7792758497,2
6000,448.75,0.7792396367,2
6000,448.8,0.7792034221,2
6000,448.85,0.7791672058,2
6000,448.9,0.7791309878,2
6000,448.95,0.7790947682,2
6000,449,0.779058547,2
6000,449.05,0.7790223241,2
6000,449.1,0.7789860995,2
6000,449.15,0.7789498733,2
6000,449.2,0.7789136455,2
6000,449.25,0.778877416,2
6000,449.3,0.7788411849,2
6000,449.35,0.7788049521,2
6000,449.4,0.7787687177,2
6000,449.45,0.7787324816,2
6000,449.5,0.778696244,2
6000,449.55,0.7786600046,2
6000,449.6,0.7786237637,2
6000,449.65,0.7785875211,2
6000,449.7,0.7785512769,2
6000,449.75,0.7785150311,2
6000,449.8,0.7784787836,2
6000,449.85,0.7784425345,2
6000,449.9,0.7784062838,2
6000,449.95,0.7783700315,2
6000,450,0.7783337775,2
6000,450.05,0.7782975219,2
6000,450.1,0.7782612647,2
6000,450.15,0.7782250059,2
6000,450.2,0.7781887455,2
6000,450.25,0.7781524834,2
6000,450.3,0.7781162198,2
6000,450.35,0.7780799545,2
6000,450.4,0.7780436877,2
6000,450.45,0.7780074192,2
6000,450.5,0.7779711491,2
6000,450.55,0.7779348774,2
6000,450.6,0.7778986041,2
6000,450.65,0.7778623292,2
6000,450.7,0.7778260527,2
6000,450.75,0.7777897747,2
6000,450.8,0.777753495,2
6000,450.85,0.7777172137,2
6000,450.9,0.7776809308,2
6000,450.95,0.7776446464,2
6000,451,0.7776083603,2
6000,451.05,0.7775720727,2
6000,451.1,0.7775357834,2
6000,451.15,0.7774994926,2
6000,451.2,0.7774632002,2
6000,451.25,0.7774269062,2
6000,451.3,0.7773906107,2
6000,451.35,0.7773543135,2
6000,451.4,0.7773180148,2
6000,451.45,0.7772817145,2
6000,451.5,0.7772454126,2
6000,451.55,0.7772091092,2
6000,451.6,0.7771728041,2
6000,451.65,0.7771364976,2
6000,451.7,0.7771001894,2
6000,451.75,0.7770638797,2
6000,451.8,0.7770275684,2
6000,451.85,0.7769912555,2
6000,451.9,0.7769549411,2
6000,451.95,0.7769186251,2
6000,452,0.7768823076,2
6000,452.05,0.7768459885,2
6000,452.1,0.7768096678,2
6000,452.15,0.7767733456,2
6000,452.2,0.7767370218,2
6000,452.25,0.7767006965,2
6000,452.3,0.7766643697,2
6000,452.35,0.7766280412,2
6000,452.4,0.7765917113,2
6000,452.45,0.7765553798,2
6000,452.5,0.7765190467,2
6000,452.55,0.7764827121,2
6000,452.6,0.776446376,2
6000,452.65,0.7764100383,2
6000,452.7,0.7763736991,2
6000,452.75,0.7763373583,2
6000,452.8,0.7763010161,2
6000,452.85,0.7762646722,2
6000,452.9,0.7762283269,2
6000,452.95,0.77619198,2
6000,453,0.7761556316,2
6000,453.05,0.7761192816,2
6000,453.1,0.7760829302,2
6000,453.15,0.7760465772,2
6000,453.2,0.7760102227,2
6000,453.25,0.7759738666,2
6000,453.3,0.7759375091,2
6000,453.35,0.77590115,2
6000,453.4,0.7758647894,2
6000,453.45,0.7758284273,2
6000,453.5,0.7757920637,2
6000,453.55,0.7757556986,2
6000,453.6,0.7757193319,2
6000,453.65,0.7756829638,2
6000,453.7,0.7756465941,2
6000,453.75,0.775610223,2
6000,453.8,0.7755738503,2
6000,453.85,0.7755374761,2
6000,453.9,0.7755011004,2
6000,453.95,0.7754647233,2
6000,454,0.7754283446,2
6000,454.05,0.7753919644,2
6000,454.1,0.7753555828,2
6000,454.15,0.7753191996,2
6000,454.2,0.775282815,2
6000,454.25,0.7752464288,2
6000,454.3,0.7752100412,2
6000,454.35,0.7751736521,2
6000,454.4,0.7751372615,2
6000,454.45,0.7751008694,2
6000,454.5,0.7750644758,2
6000,454.55,0.7750280808,2
6000,454.6,0.7749916843,2
6000,454.65,0.7749552863,2
6000,454.7,0.7749188868,2
6000,454.75,0.7748824858,2
6000,454.8,0.7748460834,2
6000,454.85,0.7748096795,2
6000,454.9,0.7747732741,2
6000,454.95,0.7747368673,2
6000,455,0.774700459,2
6000,455.05,0.7746640492,2
6000,455.1,0.774627638,2
6000,455.15,0.7745912253,2
6000,455.2,0.7745548111,2
6000,455.25,0.7745183955,2
6000,455.3,0.7744819784,2
6000,455.35,0.7744455599,2
6000,455.4,0.7744091399,2
6000,455.45,0.7743727184,2
6000,455.5,0.7743362955,2
6000,455.55,0.7742998712,2
6000,455.6,0.7742634454,2
6000,455.65,0.7742270182,2
6000,455.7,0.7741905895,2
6000,455.75,0.7741541593,2
6000,455.8,0.7741177278,2
6000,455.85,0.7740812948,2
6000,455.9,0.7740448603,2
6000,455.95,0.7740084244,2
6000,456,0.7739719871,2
6000,456.05,0.7739355483,2
6000,456.1,0.7738991081,2
6000,456.15,0.7738626665,2
6000,456.2,0.7738262235,2
6000,456.25,0.773789779,2
6000,456.3,0.7737533331,2
6000,456.35,0.7737168857,2
6000,456.4,0.773680437,2
6000,456.45,0.7736439868,2
6000,456.5,0.7736075352,2
6000,456.55,0.7735710822,2
6000,456.6,0.7735346277,2
6000,456.65,0.7734981719,2
6000,456.7,0.7734617146,2
6000,456.75,0.7734252559,2
6000,456.8,0.7733887958,2
6000,456.85,0.7733523343,2
6000,456.9,0.7733158714,2
6000,456.95,0.7732794071,2
6000,457,0.7732429414,2
6000,457.05,0.7732064742,2
6000,457.1,0.7731700057,2
6000,457.15,0.7731335358,2
6000,457.2,0.7730970644,2
6000,457.25,0.7730605917,2
6000,457.3,0.7730241176,2
6000,457.35,0.7729876421,2
6000,457.4,0.7729511652,2
6000,457.45,0.7729146869,2
6000,457.5,0.7728782072,2
6000,457.55,0.7728417261,2
6000,457.6,0.7728052437,2
6000,457.65,0.7727687598,2
6000,457.7,0.7727322746,2
6000,457.75,0.772695788,2
6000,457.8,0.7726593,2
6000,457.85,0.7726228106,2
6000,457.9,0.7725863199,2
6000,457.95,0.7725498277,2
6000,458,0.7725133342,2
6000,458.05,0.7724768394,2
6000,458.1,0.7724403431,2
6000,458.15,0.7724038455,2
6000,458.2,0.7723673465,2
6000,458.25,0.7723308462,2
6000,458.3,0.7722943445,2
6000,458.35,0.7722578414,2
6000,458.4,0.772221337,2
6000,458.45,0.7721848312,2
6000,458.5,0.7721483241,2
6000,458.55,0.7721118156,2
6000,458.6,0.7720753057,2
6000,458.65,0.7720387945,2
6000,458.7,0.7720022819,2
6000,458.75,0.771965768,2
6000,458.8,0.7719292527,2
6000,458.85,0.7718927361,2
6000,458.9,0.7718562182,2
6000,458.95,0.7718196989,2
6000,459,0.7717831782,2
6000,459.05,0.7717466562,2
6000,459.1,0.7717101329,2
6000,459.15,0.7716736083,2
6000,459.2,0.7716370823,2
6000,459.25,0.7716005549,2
6000,459.3,0.7715640263,2
6000,459.35,0.7715274963,2
6000,459.4,0.7714909649,2
6000,459.45,0.7714544323,2
6000,459.5,0.7714178983,2
6000,459.55,0.771381363,2
6000,459.6,0.7713448264,2
6000,459.65,0.7713082884,2
6000,459.7,0.7712717491,2
6000,459.75,0.7712352086,2
6000,459.8,0.7711986666,2
6000,459.85,0.7711621234,2
6000,459.9,0.7711255789,2
6000,459.95,0.771089033,2
6000,460,0.7710524859,2
6000,460.05,0.7710159374,2
6000,460.1,0.7709793876,2
6000,460.15,0.7709428365,2
6000,460.2,0.7709062841,2
6000,460.25,0.7708697304,2
6000,460.3,0.7708331755,2
6000,460.35,0.7707966192,2
6000,460.4,0.7707600616,2
6000,460.45,0.7707235027,2
6000,460.5,0.7706869425,2
6000,460.55,0.770650381,2
6000,460.6,0.7706138182,2
6000,460.65,0.7705772542,2
6000,460.7,0.7705406888,2
6000,460.75,0.7705041222,2
6000,460.8,0.7704675543,2
6000,460.85,0.7704309851,2
6000,460.9,0.7703944146,2
6000,460.95,0.7703578428,2
6000,461,0.7703212697,2
6000,461.05,0.7702846954,2
6000,461.1,0.7702481198,2
6000,461.15,0.7702115429,2
6000,461.2,0.7701749648,2
6000,461.25,0.7701383853,2
6000,461.3,0.7701018046,2
6000,461.35,0.7700652227,2
6000,461.4,0.7700286395,2
6000,461.45,0.769992055,2
6000,461.5,0.7699554692,2
6000,461.55,0.7699188822,2
6000,461.6,0.7698822939,2
6000,461.65,0.7698457044,2
6000,461.7,0.7698091136,2
6000,461.75,0.7697725215,2
6000,461.8,0.7697359282,2
6000,461.85,0.7696993336,2
6000,461.9,0.7696627378,2
6000,461.95,0.7696261408,2
6000,462,0.7695895424,2
6000,462.05,0.7695529429,2
6000,462.1,0.7695163421,2
6000,462.15,0.76947974,2
6000,462.2,0.7694431368,2
6000,462.25,0.7694065322,2
6000,462.3,0.7693699265,2
6000,462.35,0.7693333195,2
6000,462.4,0.7692967112,2
6000,462.45,0.7692601018,2
6000,462.5,0.7692234911,2
6000,462.55,0.7691868791,2
6000,462.6,0.769150266,2
6000,462.65,0.7691136516,2
6000,462.7,0.769077036,2
6000,462.75,0.7690404191,2
6000,462.8,0.7690038011,2
6000,462.85,0.7689671818,2
6000,462.9,0.7689305613,2
6000,462.95,0.7688939396,2
6000,463,0.7688573166,2
6000,463.05,0.7688206925,2
6000,463.1,0.7687840671,2
6000,463.15,0.7687474406,2
6000,463.2,0.7687108128,2
6000,463.25,0.7686741838,2
6000,463.3,0.7686375536,2
6000,463.35,0.7686009222,2
6000,463.4,0.7685642896,2
6000,463.45,0.7685276558,2
6000,463.5,0.7684910208,2
6000,463.55,0.7684543846,2
6000,463.6,0.7684177471,2
6000,463.65,0.7683811085,2
6000,463.7,0.7683444688,2
6000,463.75,0.7683078278,2
6000,463.8,0.7682711856,2
6000,463.85,0.7682345422,2
6000,463.9,0.7681978977,2
6000,463.95,0.7681612519,2
6000,464,0.768124605,2
6000,464.05,0.7680879569,2
6000,464.1,0.7680513076,2
6000,464.15,0.7680146571,2
6000,464.2,0.7679780055,2
6000,464.25,0.7679413527,2
6000,464.3,0.7679046987,2
6000,464.35,0.7678680435,2
6000,464.4,0.7678313872,2
6000,464.45,0.7677947297,2
6000,464.5,0.767758071,2
6000,464.55,0.7677214111,2
6000,464.6,0.7676847501,2
6000,464.65,0.7676480879,2
6000,464.7,0.7676114246,2
6000,464.75,0.7675747601,2
6000,464.8,0.7675380944,2
6000,464.85,0.7675014276,2
6000,464.9,0.7674647597,2
6000,464.95,0.7674280905,2
6000,465,0.7673914203,2
6000,465.05,0.7673547488,2
6000,465.1,0.7673180763,2
6000,465.15,0.7672814025,2
6000,465.2,0.7672447277,2
6000,465.25,0.7672080516,2
6000,465.3,0.7671713745,2
6000,465.35,0.7671346962,2
6000,465.4,0.7670980167,2
6000,465.45,0.7670613362,2
6000,465.5,0.7670246545,2
6000,465.55,0.7669879716,2
6000,465.6,0.7669512876,2
6000,465.65,0.7669146025,2
6000,465.7,0.7668779163,2
6000,465.75,0.7668412289,2
6000,465.8,0.7668045404,2
6000,465.85,0.7667678508,2
6000,465.9,0.76673116,2
6000,465.95,0.7666944681,2
6000,466,0.7666577752,2
6000,466.05,0.766621081,2
6000,466.1,0.7665843858,2
6000,466.15,0.7665476895,2
6000,466.2,0.766510992,2
6000,466.25,0.7664742934,2
6000,466.3,0.7664375938,2
6000,466.35,0.766400893,2
6000,466.4,0.7663641911,2
6000,466.45,0.7663274881,2
6000,466.5,0.766290784,2
6000,466.55,0.7662540788,2
6000,466.6,0.7662173724,2
6000,466.65,0.766180665,2
6000,466.7,0.7661439565,2
6000,466.75,0.7661072469,2
6000,466.8,0.7660705362,2
6000,466.85,0.7660338244,2
6000,466.9,0.7659971115,2
6000,466.95,0.7659603975,2
6000,467,0.7659236825,2
6000,467.05,0.7658869663,2
6000,467.1,0.7658502491,2
6000,467.15,0.7658135308,2
6000,467.2,0.7657768114,2
6000,467.25,0.7657400909,2
6000,467.3,0.7657033693,2
6000,467.35,0.7656666467,2
6000,467.4,0.765629923,2
6000,467.45,0.7655931982,2
6000,467.5,0.7655564723,2
6000,467.55,0.7655197454,2
6000,467.6,0.7654830174,2
6000,467.65,0.7654462883,2
6000,467.7,0.7654095582,2
6000,467.75,0.765372827,2
6000,467.8,0.7653360947,2
6000,467.85,0.7652993614,2
6000,467.9,0.765262627,2
6000,467.95,0.7652258915,2
6000,468,0.765189155,2
6000,468.05,0.7651524175,2
6000,468.1,0.7651156789,2
6000,468.15,0.7650789392,2
6000,468.2,0.7650421985,2
6000,468.25,0.7650054568,2
6000,468.3,0.7649687139,2
6000,468.35,0.7649319701,2
6000,468.4,0.7648952252,2
6000,468.45,0.7648584793,2
6000,468.5,0.7648217323,2
6000,468.55,0.7647849843,2
6000,468.6,0.7647482352,2
6000,468.65,0.7647114851,2
6000,468.7,0.764674734,2
6000,468.75,0.7646379819,2
6000,468.8,0.7646012287,2
6000,468.85,0.7645644745,2
6000,468.9,0.7645277192,2
6000,468.95,0.764490963,2
6000,469,0.7644542057,2
6000,469.05,0.7644174474,2
6000,469.1,0.764380688,2
6000,469.15,0.7643439277,2
6000,469.2,0.7643071663,2
6000,469.25,0.7642704039,2
6000,469.3,0.7642336405,2
6000,469.35,0.7641968761,2
6000,469.4,0.7641601107,2
6000,469.45,0.7641233443,2
6000,469.5,0.7640865768,2
6000,469.55,0.7640498084,2
6000,469.6,0.7640130389,2
6000,469.65,0.7639762685,2
6000,469.7,0.763939497,2
6000,469.75,0.7639027245,2
6000,469.8,0.7638659511,2
6000,469.85,0.7638291766,2
6000,469.9,0.7637924012,2
6000,469.95,0.7637556247,2
6000,470,0.7637188473,2
6000,470.05,0.7636820689,2
6000,470.1,0.7636452895,2
6000,470.15,0.7636085091,2
6000,470.2,0.7635717277,2
6000,470.25,0.7635349453,2
6000,470.3,0.7634981619,2
6000,470.35,0.7634613776,2
6000,470.4,0.7634245923,2
6000,470.45,0.763387806,2
6000,470.5,0.7633510187,2
6000,470.55,0.7633142305,2
6000,470.6,0.7632774413,2
6000,470.65,0.7632406511,2
6000,470.7,0.76320386,2
6000,470.75,0.7631670678,2
6000,470.8,0.7631302748,2
6000,470.85,0.7630934807,2
6000,470.9,0.7630566857,2
6000,470.95,0.7630198897,2
6000,471,0.7629830928,2
6000,471.05,0.7629462949,2
6000,471.1,0.762909496,2
6000,471.15,0.7628726962,2
6000,471.2,0.7628358955,2
6000,471.25,0.7627990938,2
6000,471.3,0.7627622911,2
6000,471.35,0.7627254875,2
6000,471.4,0.762688683,2
6000,471.45,0.7626518775,2
6000,471.5,0.762615071,2
6000,471.55,0.7625782636,2
6000,471.6,0.7625414553,2
6000,471.65,0.762504646,2
6000,471.7,0.7624678358,2
6000,471.75,0.7624310247,2
6000,471.8,0.7623942126,2
6000,471.85,0.7623573996,2
6000,471.9,0.7623205857,2
6000,471.95,0.7622837709,2
6000,472,0.7622469551,2
6000,472.05,0.7622101384,2
6000,472.1,0.7621733207,2
6000,472.15,0.7621365022,2
6000,472.2,0.7620996827,2
6000,472.25,0.7620628623,2
6000,472.3,0.762026041,2
6000,472.35,0.7619892187,2
6000,472.4,0.7619523956,2
6000,472.45,0.7619155715,2
6000,472.5,0.7618787466,2
6000,472.55,0.7618419207,2
6000,472.6,0.7618050939,2
6000,472.65,0.7617682662,2
6000,472.7,0.7617314376,2
6000,472.75,0.7616946081,2
6000,472.8,0.7616577777,2
6000,472.85,0.7616209464,2
6000,472.9,0.7615841142,2
6000,472.95,0.7615472811,2
6000,473,0.7615104471,2
6000,473.05,0.7614736122,2
6000,473.1,0.7614367765,2
6000,473.15,0.7613999398,2
6000,473.2,0.7613631022,2
6000,473.25,0.7613262638,2
6000,473.3,0.7612894245,2
6000,473.35,0.7612525843,2
6000,473.4,0.7612157432,2
6000,473.45,0.7611789012,2
6000,473.5,0.7611420584,2
6000,473.55,0.7611052146,2
6000,473.6,0.76106837,2
6000,473.65,0.7610315246,2
6000,473.7,0.7609946782,2
6000,473.75,0.760957831,2
6000,473.8,0.7609209829,2
6000,473.85,0.760884134,2
6000,473.9,0.7608472841,2
6000,473.95,0.7608104335,2
6000,474,0.7607735819,2
6000,474.05,0.7607367295,2
6000,474.1,0.7606998762,2
6000,474.15,0.7606630221,2
6000,474.2,0.7606261672,2
6000,474.25,0.7605893113,2
6000,474.3,0.7605524546,2
6000,474.35,0.7605155971,2
6000,474.4,0.7604787387,2
6000,474.45,0.7604418795,2
6000,474.5,0.7604050194,2
6000,474.55,0.7603681585,2
6000,474.6,0.7603312967,2
6000,474.65,0.7602944341,2
6000,474.7,0.7602575707,2
6000,474.75,0.7602207064,2
6000,474.8,0.7601838413,2
6000,474.85,0.7601469753,2
6000,474.9,0.7601101085,2
6000,474.95,0.7600732409,2
6000,475,0.7600363725,2
6000,475.05,0.7599995032,2
6000,475.1,0.7599626331,2
6000,475.15,0.7599257622,2
6000,475.2,0.7598888904,2
6000,475.25,0.7598520179,2
6000,475.3,0.7598151445,2
6000,475.35,0.7597782703,2
6000,475.4,0.7597413952,2
6000,475.45,0.7597045194,2
6000,475.5,0.7596676428,2
6000,475.55,0.7596307653,2
6000,475.6,0.759593887,2
6000,475.65,0.7595570079,2
6000,475.7,0.759520128,2
6000,475.75,0.7594832473,2
6000,475.8,0.7594463659,2
6000,475.85,0.7594094836,2
6000,475.9,0.7593726005,2
6000,475.95,0.7593357166,2
6000,476,0.7592988319,2
6000,476.05,0.7592619464,2
6000,476.1,0.7592250601,2
6000,476.15,0.759188173,2
6000,476.2,0.7591512851,2
6000,476.25,0.7591143965,2
6000,476.3,0.759077507,2
6000,476.35,0.7590406168,2
6000,476.4,0.7590037258,2
6000,476.45,0.758966834,2
6000,476.5,0.7589299414,2
6000,476.55,0.7588930481,2
6000,476.6,0.7588561539,2
6000,476.65,0.758819259,2
6000,476.7,0.7587823633,2
6000,476.75,0.7587454669,2
6000,476.8,0.7587085697,2
6000,476.85,0.7586716717,2
6000,476.9,0.7586347729,2
6000,476.95,0.7585978734,2
6000,477,0.7585609731,2
6000,477.05,0.758524072,2
6000,477.1,0.7584871702,2
6000,477.15,0.7584502676,2
6000,477.2,0.7584133643,2
6000,477.25,0.7583764602,2
6000,477.3,0.7583395554,2
6000,477.35,0.7583026498,2
6000,477.4,0.7582657434,2
6000,477.45,0.7582288363,2
6000,477.5,0.7581919285,2
6000,477.55,0.7581550199,2
6000,477.6,0.7581181106,2
6000,477.65,0.7580812005,2
6000,477.7,0.7580442897,2
6000,477.75,0.7580073781,2
6000,477.8,0.7579704658,2
6000,477.85,0.7579335528,2
6000,477.9,0.757896639,2
6000,477.95,0.7578597245,2
6000,478,0.7578228093,2
6000,478.05,0.7577858933,2
6000,478.1,0.7577489766,2
6000,478.15,0.7577120592,2
6000,478.2,0.7576751411,2
6000,478.25,0.7576382222,2
6000,478.3,0.7576013026,2
6000,478.35,0.7575643823,2
6000,478.4,0.7575274613,2
6000,478.45,0.7574905395,2
6000,478.5,0.7574536171,2
6000,478.55,0.7574166939,2
6000,478.6,0.75737977,2
6000,478.65,0.7573428454,2
6000,478.7,0.7573059201,2
6000,478.75,0.7572689941,2
6000,478.8,0.7572320674,2
6000,478.85,0.75719514,2
6000,478.9,0.7571582119,2
6000,478.95,0.757121283,2
6000,479,0.7570843535,2
6000,479.05,0.7570474233,2
6000,479.1,0.7570104924,2
6000,479.15,0.7569735608,2
6000,479.2,0.7569366285,2
6000,479.25,0.7568996955,2
6000,479.3,0.7568627618,2
6000,479.35,0.7568258274,2
6000,479.4,0.7567888924,2
6000,479.45,0.7567519567,2
6000,479.5,0.7567150203,2
6000,479.55,0.7566780832,2
6000,479.6,0.7566411454,2
6000,479.65,0.7566042069,2
6000,479.7,0.7565672678,2
6000,479.75,0.756530328,2
6000,479.8,0.7564933875,2
6000,479.85,0.7564564464,2
6000,479.9,0.7564195046,2
6000,479.95,0.7563825621,2
6000,480,0.7563456189,2
6000,480.05,0.7563086751,2
6000,480.1,0.7562717306,2
6000,480.15,0.7562347855,2
6000,480.2,0.7561978397,2
6000,480.25,0.7561608933,2
6000,480.3,0.7561239461,2
6000,480.35,0.7560869984,2
6000,480.4,0.75605005,2
6000,480.45,0.7560131009,2
6000,480.5,0.7559761512,2
6000,480.55,0.7559392008,2
6000,480.6,0.7559022498,2
6000,480.65,0.7558652982,2
6000,480.7,0.7558283459,2
6000,480.75,0.7557913929,2
6000,480.8,0.7557544393,2
6000,480.85,0.7557174851,2
6000,480.9,0.7556805303,2
6000,480.95,0.7556435748,2
6000,481,0.7556066187,2
6000,481.05,0.7555696619,2
6000,481.1,0.7555327045,2
6000,481.15,0.7554957465,2
6000,481.2,0.7554587879,2
6000,481.25,0.7554218286,2
6000,481.3,0.7553848688,2
6000,481.35,0.7553479083,2
6000,481.4,0.7553109471,2
6000,481.45,0.7552739854,2
6000,481.5,0.755237023,2
6000,481.55,0.7552000601,2
6000,481.6,0.7551630965,2
6000,481.65,0.7551261323,2
6000,481.7,0.7550891675,2
6000,481.75,0.7550522021,2
6000,481.8,0.755015236,2
6000,481.85,0.7549782694,2
6000,481.9,0.7549413022,2
6000,481.95,0.7549043343,2
6000,482,0.7548673659,2
6000,482.05,0.7548303969,2
6000,482.1,0.7547934273,2
6000,482.15,0.754756457,2
6000,482.2,0.7547194862,2
6000,482.25,0.7546825148,2
6000,482.3,0.7546455428,2
6000,482.35,0.7546085702,2
6000,482.4,0.7545715971,2
6000,482.45,0.7545346233,2
6000,482.5,0.754497649,2
6000,482.55,0.754460674,2
6000,482.6,0.7544236985,2
6000,482.65,0.7543867225,2
6000,482.7,0.7543497458,2
6000,482.75,0.7543127686,2
6000,482.8,0.7542757908,2
6000,482.85,0.7542388124,2
6000,482.9,0.7542018334,2
6000,482.95,0.7541648539,2
6000,483,0.7541278738,2
6000,483.05,0.7540908932,2
6000,483.1,0.754053912,2
6000,483.15,0.7540169302,2
6000,483.2,0.7539799479,2
6000,483.25,0.753942965,2
6000,483.3,0.7539059815,2
6000,483.35,0.7538689975,2
6000,483.4,0.7538320129,2
6000,483.45,0.7537950278,2
6000,483.5,0.7537580422,2
6000,483.55,0.7537210559,2
6000,483.6,0.7536840692,2
6000,483.65,0.7536470819,2
6000,483.7,0.753610094,2
6000,483.75,0.7535731056,2
6000,483.8,0.7535361167,2
6000,483.85,0.7534991272,2
6000,483.9,0.7534621372,2
6000,483.95,0.7534251467,2
6000,484,0.7533881556,2
6000,484.05,0.753351164,2
6000,484.1,0.7533141719,2
6000,484.15,0.7532771792,2
6000,484.2,0.753240186,2
6000,484.25,0.7532031923,2
6000,484.3,0.753166198,2
6000,484.35,0.7531292033,2
6000,484.4,0.753092208,2
6000,484.45,0.7530552122,2
6000,484.5,0.7530182158,2
6000,484.55,0.752981219,2
6000,484.6,0.7529442217,2
6000,484.65,0.7529072238,2
6000,484.7,0.7528702254,2
6000,484.75,0.7528332265,2
6000,484.8,0.7527962271,2
6000,484.85,0.7527592272,2
6000,484.9,0.7527222268,2
6000,484.95,0.7526852259,2
6000,485,0.7526482245,2
6000,485.05,0.7526112226,2
6000,485.1,0.7525742202,2
6000,485.15,0.7525372173,2
6000,485.2,0.7525002139,2
6000,485.25,0.75246321,2
6000,485.3,0.7524262056,2
6000,485.35,0.7523892008,2
6000,485.4,0.7523521954,2
6000,485.45,0.7523151896,2
6000,485.5,0.7522781832,2
6000,485.55,0.7522411764,2
6000,485.6,0.7522041691,2
6000,485.65,0.7521671614,2
6000,485.7,0.7521301531,2
6000,485.75,0.7520931444,2
6000,485.8,0.7520561352,2
6000,485.85,0.7520191255,2
6000,485.9,0.7519821154,2
6000,485.95,0.7519451048,2
6000,486,0.7519080937,2
6000,486.05,0.7518710822,2
6000,486.1,0.7518340702,2
6000,486.15,0.7517970577,2
6000,486.2,0.7517600448,2
6000,486.25,0.7517230314,2
6000,486.3,0.7516860175,2
6000,486.35,0.7516490032,2
6000,486.4,0.7516119885,2
6000,486.45,0.7515749732,2
6000,486.5,0.7515379576,2
6000,486.55,0.7515009415,2
6000,486.6,0.7514639249,2
6000,486.65,0.7514269079,2
6000,486.7,0.7513898905,2
6000,486.75,0.7513528726,2
6000,486.8,0.7513158542,2
6000,486.85,0.7512788355,2
6000,486.9,0.7512418162,2
6000,486.95,0.7512047966,2
6000,487,0.7511677765,2
6000,487.05,0.751130756,2
6000,487.1,0.751093735,2
6000,487.15,0.7510567137,2
6000,487.2,0.7510196919,2
6000,487.25,0.7509826696,2
6000,487.3,0.750945647,2
6000,487.35,0.7509086239,2
6000,487.4,0.7508716004,2
6000,487.45,0.7508345765,2
6000,487.5,0.7507975521,2
6000,487.55,0.7507605274,2
6000,487.6,0.7507235022,2
6000,487.65,0.7506864766,2
6000,487.7,0.7506494506,2
6000,487.75,0.7506124242,2
6000,487.8,0.7505753974,2
6000,487.85,0.7505383702,2
6000,487.9,0.7505013426,2
6000,487.95,0.7504643146,2
6000,488,0.7504272861,2
6000,488.05,0.7503902573,2
6000,488.1,0.7503532281,2
6000,488.15,0.7503161985,2
6000,488.2,0.7502791684,2
6000,488.25,0.750242138,2
6000,488.3,0.7502051072,2
6000,488.35,0.750168076,2
6000,488.4,0.7501310445,2
6000,488.45,0.7500940125,2
6000,488.5,0.7500569801,2
6000,488.55,0.7500199474,2
6000,488.6,0.7499829143,2
6000,488.65,0.7499458808,2
6000,488.7,0.7499088469,2
6000,488.75,0.7498718127,2
6000,488.8,0.7498347781,2
6000,488.85,0.7497977431,2
6000,488.9,0.7497607077,2
6000,488.95,0.749723672,2
6000,489,0.7496866359,2
6000,489.05,0.7496495994,2
6000,489.1,0.7496125625,2
6000,489.15,0.7495755253,2
6000,489.2,0.7495384878,2
6000,489.25,0.7495014499,2
6000,489.3,0.7494644116,2
6000,489.35,0.7494273729,2
6000,489.4,0.7493903339,2
6000,489.45,0.7493532946,2
6000,489.5,0.7493162549,2
6000,489.55,0.7492792149,2
6000,489.6,0.7492421745,2
6000,489.65,0.7492051337,2
6000,489.7,0.7491680926,2
6000,489.75,0.7491310512,2
6000,489.8,0.7490940094,2
6000,489.85,0.7490569673,2
6000,489.9,0.7490199249,2
6000,489.95,0.7489828821,2
6000,490,0.748945839,2
6000,490.05,0.7489087955,2
6000,490.1,0.7488717517,2
6000,490.15,0.7488347076,2
6000,490.2,0.7487976632,2
6000,490.25,0.7487606184,2
6000,490.3,0.7487235733,2
6000,490.35,0.7486865279,2
6000,490.4,0.7486494821,2
6000,490.45,0.7486124361,2
6000,490.5,0.7485753897,2
6000,490.55,0.748538343,2
6000,490.6,0.748501296,2
6000,490.65,0.7484642487,2
6000,490.7,0.748427201,2
6000,490.75,0.7483901531,2
6000,490.8,0.7483531048,2
6000,490.85,0.7483160563,2
6000,490.9,0.7482790074,2
6000,490.95,0.7482419582,2
6000,491,0.7482049088,2
6000,491.05,0.748167859,2
6000,491.1,0.7481308089,2
6000,491.15,0.7480937586,2
6000,491.2,0.7480567079,2
6000,491.25,0.748019657,2
6000,491.3,0.7479826057,2
6000,491.35,0.7479455542,2
6000,491.4,0.7479085023,2
6000,491.45,0.7478714502,2
6000,491.5,0.7478343978,2
6000,491.55,0.7477973452,2
6000,491.6,0.7477602922,2
6000,491.65,0.747723239,2
6000,491.7,0.7476861854,2
6000,491.75,0.7476491316,2
6000,491.8,0.7476120776,2
6000,491.85,0.7475750232,2
6000,491.9,0.7475379686,2
6000,491.95,0.7475009137,2
6000,492,0.7474638586,2
6000,492.05,0.7474268031,2
6000,492.1,0.7473897475,2
6000,492.15,0.7473526915,2
6000,492.2,0.7473156353,2
6000,492.25,0.7472785788,2
6000,492.3,0.7472415221,2
6000,492.35,0.7472044651,2
6000,492.4,0.7471674079,2
6000,492.45,0.7471303504,2
6000,492.5,0.7470932926,2
6000,492.55,0.7470562346,2
6000,492.6,0.7470191764,2
6000,492.65,0.7469821179,2
6000,492.7,0.7469450591,2
6000,492.75,0.7469080002,2
6000,492.8,0.7468709409,2
6000,492.85,0.7468338815,2
6000,492.9,0.7467968218,2
6000,492.95,0.7467597618,2
6000,493,0.7467227017,2
6000,493.05,0.7466856413,2
6000,493.1,0.7466485806,2
6000,493.15,0.7466115197,2
6000,493.2,0.7465744586,2
6000,493.25,0.7465373973,2
6000,493.3,0.7465003358,2
6000,493.35,0.746463274,2
6000,493.4,0.746426212,2
6000,493.45,0.7463891498,2
6000,493.5,0.7463520874,2
6000,493.55,0.7463150247,2
6000,493.6,0.7462779618,2
6000,493.65,0.7462408988,2
6000,493.7,0.7462038355,2
6000,493.75,0.746166772,2
6000,493.8,0.7461297083,2
6000,493.85,0.7460926443,2
6000,493.9,0.7460555802,2
6000,493.95,0.7460185159,2
6000,494,0.7459814514,2
6000,494.05,0.7459443867,2
6000,494.1,0.7459073217,2
6000,494.15,0.7458702566,2
6000,494.2,0.7458331913,2
6000,494.25,0.7457961258,2
6000,494.3,0.7457590601,2
6000,494.35,0.7457219942,2
6000,494.4,0.7456849281,2
6000,494.45,0.7456478618,2
6000,494.5,0.7456107954,2
6000,494.55,0.7455737287,2
6000,494.6,0.7455366619,2
6000,494.65,0.7454995949,2
6000,494.7,0.7454625278,2
6000,494.75,0.7454254604,2
6000,494.8,0.7453883929,2
6000,494.85,0.7453513252,2
6000,494.9,0.7453142573,2
6000,494.95,0.7452771893,2
6000,495,0.745240121,2
6000,495.05,0.7452030527,2
6000,495.1,0.7451659841,2
6000,495.15,0.7451289154,2
6000,495.2,0.7450918465,2
6000,495.25,0.7450547775,2
6000,495.3,0.7450177083,2
6000,495.35,0.744980639,2
6000,495.4,0.7449435695,2
6000,495.45,0.7449064998,2
6000,495.5,0.74486943,2
6000,495.55,0.7448323601,2
6000,495.6,0.74479529,2
6000,495.65,0.7447582197,2
6000,495.7,0.7447211493,2
6000,495.75,0.7446840788,2
6000,495.8,0.7446470081,2
6000,495.85,0.7446099373,2
6000,495.9,0.7445728663,2
6000,495.95,0.7445357952,2
6000,496,0.744498724,2
6000,496.05,0.7444616526,2
6000,496.1,0.7444245811,2
6000,496.15,0.7443875095,2
6000,496.2,0.7443504377,2
6000,496.25,0.7443133659,2
6000,496.3,0.7442762939,2
6000,496.35,0.7442392217,2
6000,496.4,0.7442021495,2
6000,496.45,0.7441650771,2
6000,496.5,0.7441280046,2
6000,496.55,0.744090932,2
6000,496.6,0.7440538593,2
6000,496.65,0.7440167864,2
6000,496.7,0.7439797135,2
6000,496.75,0.7439426404,2
6000,496.8,0.7439055673,2
6000,496.85,0.743868494,2
6000,496.9,0.7438314206,2
6000,496.95,0.7437943471,2
6000,497,0.7437572736,2
6000,497.05,0.7437201999,2
6000,497.1,0.7436831261,2
6000,497.15,0.7436460522,2
6000,497.2,0.7436089782,2
6000,497.25,0.7435719042,2
6000,497.3,0.74353483,2
6000,497.35,0.7434977558,2
6000,497.4,0.7434606814,2
6000,497.45,0.743423607,2
6000,497.5,0.7433865325,2
6000,497.55,0.7433494579,2
6000,497.6,0.7433123832,2
6000,497.65,0.7432753085,2
6000,497.7,0.7432382336,2
6000,497.75,0.7432011587,2
6000,497.8,0.7431640837,2
6000,497.85,0.7431270087,2
6000,497.9,0.7430899336,2
6000,497.95,0.7430528584,2
6000,498,0.7430157831,2
6000,498.05,0.7429787078,2
6000,498.1,0.7429416324,2
6000,498.15,0.7429045569,2
6000,498.2,0.7428674814,2
6000,498.25,0.7428304058,2
6000,498.3,0.7427933301,2
6000,498.35,0.7427562544,2
6000,498.4,0.7427191787,2
6000,498.45,0.7426821029,2
6000,498.5,0.742645027,2
6000,498.55,0.7426079511,2
6000,498.6,0.7425708751,2
6000,498.65,0.7425337991,2
6000,498.7,0.7424967231,2
6000,498.75,0.742459647,2
6000,498.8,0.7424225709,2
6000,498.85,0.7423854947,2
6000,498.9,0.7423484185,2
6000,498.95,0.7423113422,2
6000,499,0.7422742659,2
6000,499.05,0.7422371896,2
6000,499.1,0.7422001133,2
6000,499.15,0.7421630369,2
6000,499.2,0.7421259605,2
6000,499.25,0.742088884,2
6000,499.3,0.7420518076,2
6000,499.35,0.7420147311,2
6000,499.4,0.7419776546,2
6000,499.45,0.741940578,2
6000,499.5,0.7419035015,2
6000,499.55,0.7418664249,2
6000,499.6,0.7418293484,2
6000,499.65,0.7417922718,2
6000,499.7,0.7417551952,2
6000,499.75,0.7417181186,2
6000,499.8,0.7416810419,2
6000,499.85,0.7416439653,2
6000,499.9,0.7416068887,2
6000,499.95,0.7415698121,2
6000,500,0.7415327354,2
6000,500.05,0.7414956588,2
6000,500.1,0.7414585822,2
6000,500.15,0.7414215055,2
6000,500.2,0.7413844289,2
6000,500.25,0.7413473524,2
6000,500.3,0.7413102758,2
6000,500.35,0.7412731993,2
6000,500.4,0.7412361229,2
6000,500.45,0.7411990465,2
6000,500.5,0.7411619702,2
6000,500.55,0.7411248939,2
6000,500.6,0.7410878177,2
6000,500.65,0.7410507416,2
6000,500.7,0.7410136656,2
6000,500.75,0.7409765896,2
6000,500.8,0.7409395138,2
6000,500.85,0.7409024381,2
6000,500.9,0.7408653624,2
6000,500.95,0.7408282869,2
6000,501,0.7407912116,2
6000,501.05,0.7407541363,2
6000,501.1,0.7407170612,2
6000,501.15,0.7406799863,2
6000,501.2,0.7406429115,2
6000,501.25,0.7406058369,2
6000,501.3,0.7405687624,2
6000,501.35,0.7405316881,2
6000,501.4,0.740494614,2
6000,501.45,0.7404575401,2
6000,501.5,0.7404204663,2
6000,501.55,0.7403833928,2
6000,501.6,0.7403463195,2
6000,501.65,0.7403092464,2
6000,501.7,0.7402721735,2
6000,501.75,0.7402351008,2
6000,501.8,0.7401980284,2
6000,501.85,0.7401609562,2
6000,501.9,0.7401238842,2
6000,501.95,0.7400868126,2
6000,502,0.7400497411,2
6000,502.05,0.74001267,2
6000,502.1,0.7399755991,2
6000,502.15,0.7399385285,2
6000,502.2,0.7399014581,2
6000,502.25,0.7398643881,2
6000,502.3,0.7398273184,2
6000,502.35,0.739790249,2
6000,502.4,0.7397531799,2
6000,502.45,0.7397161111,2
6000,502.5,0.7396790426,2
6000,502.55,0.7396419745,2
6000,502.6,0.7396049067,2
6000,502.65,0.7395678392,2
6000,502.7,0.7395307722,2
6000,502.75,0.7394937054,2
6000,502.8,0.7394566391,2
6000,502.85,0.7394195731,2
6000,502.9,0.7393825075,2
6000,502.95,0.7393454423,2
6000,503,0.7393083774,2
6000,503.05,0.739271313,2
6000,503.1,0.739234249,2
6000,503.15,0.7391971854,2
6000,503.2,0.7391601222,2
6000,503.25,0.7391230594,2
6000,503.3,0.7390859971,2
6000,503.35,0.7390489352,2
6000,503.4,0.7390118738,2
6000,503.45,0.7389748128,2
6000,503.5,0.7389377523,2
6000,503.55,0.7389006922,2
6000,503.6,0.7388636327,2
6000,503.65,0.7388265736,2
6000,503.7,0.7387895149,2
6000,503.75,0.7387524568,2
6000,503.8,0.7387153992,2
6000,503.85,0.7386783421,2
6000,503.9,0.7386412855,2
6000,503.95,0.7386042294,2
6000,504,0.7385671738,2
6000,504.05,0.7385301188,2
6000,504.1,0.7384930643,2
6000,504.15,0.7384560104,2
6000,504.2,0.738418957,2
6000,504.25,0.7383819042,2
6000,504.3,0.7383448519,2
6000,504.35,0.7383078003,2
6000,504.4,0.7382707492,2
6000,504.45,0.7382336987,2
6000,504.5,0.7381966487,2
6000,504.55,0.7381595994,2
6000,504.6,0.7381225507,2
6000,504.65,0.7380855026,2
6000,504.7,0.7380484551,2
6000,504.75,0.7380114083,2
6000,504.8,0.7379743621,2
6000,504.85,0.7379373165,2
6000,504.9,0.7379002715,2
6000,504.95,0.7378632273,2
6000,505,0.7378261836,2
6000,505.05,0.7377891407,2
6000,505.1,0.7377520984,2
6000,505.15,0.7377150568,2
6000,505.2,0.7376780159,2
6000,505.25,0.7376409757,2
6000,505.3,0.7376039361,2
6000,505.35,0.7375668973,2
6000,505.4,0.7375298592,2
6000,505.45,0.7374928219,2
6000,505.5,0.7374557852,2
6000,505.55,0.7374187493,2
6000,505.6,0.7373817141,2
6000,505.65,0.7373446797,2
6000,505.7,0.737307646,2
6000,505.75,0.737270613,2
6000,505.8,0.7372335809,2
6000,505.85,0.7371965495,2
6000,505.9,0.7371595189,2
6000,505.95,0.7371224891,2
6000,506,0.7370854601,2
6000,506.05,0.7370484318,2
6000,506.1,0.7370114044,2
6000,506.15,0.7369743778,2
6000,506.2,0.736937352,2
6000,506.25,0.7369003271,2
6000,506.3,0.7368633029,2
6000,506.35,0.7368262796,2
6000,506.4,0.7367892572,2
6000,506.45,0.7367522356,2
6000,506.5,0.7367152149,2
6000,506.55,0.736678195,2
6000,506.6,0.736641176,2
6000,506.65,0.7366041579,2
6000,506.7,0.7365671407,2
6000,506.75,0.7365301243,2
6000,506.8,0.7364931089,2
6000,506.85,0.7364560944,2
6000,506.9,0.7364190807,2
6000,506.95,0.736382068,2
6000,507,0.7363450563,2
6000,507.05,0.7363080454,2
6000,507.1,0.7362710355,2
6000,507.15,0.7362340266,2
6000,507.2,0.7361970186,2
6000,507.25,0.7361600115,2
6000,507.3,0.7361230054,2
6000,507.35,0.7360860003,2
6000,507.4,0.7360489962,2
6000,507.45,0.736011993,2
6000,507.5,0.7359749909,2
6000,507.55,0.7359379897,2
6000,507.6,0.7359009896,2
6000,507.65,0.7358639904,2
6000,507.7,0.7358269923,2
6000,507.75,0.7357899952,2
6000,507.8,0.7357529991,2
6000,507.85,0.7357160041,2
6000,507.9,0.7356790101,2
6000,507.95,0.7356420172,2
6000,508,0.7356050253,2
6000,508.05,0.7355680345,2
6000,508.1,0.7355310448,2
6000,508.15,0.7354940561,2
6000,508.2,0.7354570685,2
6000,508.25,0.735420082,2
6000,508.3,0.7353830967,2
6000,508.35,0.7353461124,2
6000,508.4,0.7353091292,2
6000,508.45,0.7352721471,2
6000,508.5,0.7352351662,2
6000,508.55,0.7351981864,2
6000,508.6,0.7351612077,2
6000,508.65,0.7351242302,2
6000,508.7,0.7350872539,2
6000,508.75,0.7350502786,2
6000,508.8,0.7350133046,2
6000,508.85,0.7349763317,2
6000,508.9,0.73493936,2
6000,508.95,0.7349023895,2
6000,509,0.7348654202,2
6000,509.05,0.734828452,2
6000,509.1,0.7347914851,2
6000,509.15,0.7347545194,2
6000,509.2,0.7347175549,2
6000,509.25,0.7346805916,2
6000,509.3,0.7346436296,2
6000,509.35,0.7346066687,2
6000,509.4,0.7345697092,2
6000,509.45,0.7345327509,2
6000,509.5,0.7344957938,2
6000,509.55,0.734458838,2
6000,509.6,0.7344218834,2
6000,509.65,0.7343849302,2
6000,509.7,0.7343479782,2
6000,509.75,0.7343110275,2
6000,509.8,0.7342740781,2
6000,509.85,0.73423713,2
6000,509.9,0.7342001833,2
6000,509.95,0.7341632378,2
6000,510,0.7341262937,2
6000,510.05,0.7340893508,2
6000,510.1,0.7340524094,2
6000,510.15,0.7340154692,2
6000,510.2,0.7339785304,2
6000,510.25,0.733941593,2
6000,510.3,0.7339046569,2
6000,510.35,0.7338677222,2
6000,510.4,0.7338307889,2
6000,510.45,0.7337938569,2
6000,510.5,0.7337569264,2
6000,510.55,0.7337199972,2
6000,510.6,0.7336830694,2
6000,510.65,0.7336461431,2
6000,510.7,0.7336092181,2
6000,510.75,0.7335722946,2
6000,510.8,0.7335353725,2
6000,510.85,0.7334984518,2
6000,510.9,0.7334615326,2
6000,510.95,0.7334246148,2
6000,511,0.7333876985,2
6000,511.05,0.7333507836,2
6000,511.1,0.7333138702,2
6000,511.15,0.7332769583,2
6000,511.2,0.7332400478,2
6000,511.25,0.7332031389,2
6000,511.3,0.7331662314,2
6000,511.35,0.7331293254,2
6000,511.4,0.733092421,2
6000,511.45,0.733055518,2
6000,511.5,0.7330186166,2
6000,511.55,0.7329817167,2
6000,511.6,0.7329448183,2
6000,511.65,0.7329079215,2
6000,511.7,0.7328710262,2
6000,511.75,0.7328341324,2
6000,511.8,0.7327972402,2
6000,511.85,0.7327603496,2
6000,511.9,0.7327234606,2
6000,511.95,0.7326865731,2
6000,512,0.7326496872,2
6000,512.05,0.7326128029,2
6000,512.1,0.7325759202,2
6000,512.15,0.7325390391,2
6000,512.2,0.7325021596,2
6000,512.25,0.7324652817,2
6000,512.3,0.7324284055,2
6000,512.35,0.7323915309,2
6000,512.4,0.7323546579,2
6000,512.45,0.7323177866,2
6000,512.5,0.7322809169,2
6000,512.55,0.7322440488,2
6000,512.6,0.7322071825,2
6000,512.65,0.7321703178,2
6000,512.7,0.7321334548,2
6000,512.75,0.7320965934,2
6000,512.8,0.7320597338,2
6000,512.85,0.7320228758,2
6000,512.9,0.7319860195,2
6000,512.95,0.731949165,2
6000,513,0.7319123122,2
6000,513.05,0.7318754611,2
6000,513.1,0.7318386117,2
6000,513.15,0.731801764,2
6000,513.2,0.7317649181,2
6000,513.25,0.7317280739,2
6000,513.3,0.7316912315,2
6000,513.35,0.7316543909,2
6000,513.4,0.731617552,2
6000,513.45,0.7315807149,2
6000,513.5,0.7315438796,2
6000,513.55,0.731507046,2
6000,513.6,0.7314702143,2
6000,513.65,0.7314333843,2
6000,513.7,0.7313965562,2
6000,513.75,0.7313597298,2
6000,513.8,0.7313229053,2
6000,513.85,0.7312860826,2
6000,513.9,0.7312492618,2
6000,513.95,0.7312124428,2
6000,514,0.7311756256,2
6000,514.05,0.7311388103,2
6000,514.1,0.7311019968,2
6000,514.15,0.7310651852,2
6000,514.2,0.7310283755,2
6000,514.25,0.7309915676,2
6000,514.3,0.7309547616,2
6000,514.35,0.7309179576,2
6000,514.4,0.7308811554,2
6000,514.45,0.7308443551,2
6000,514.5,0.7308075567,2
6000,514.55,0.7307707603,2
6000,514.6,0.7307339657,2
6000,514.65,0.7306971731,2
6000,514.7,0.7306603825,2
6000,514.75,0.7306235937,2
6000,514.8,0.730586807,2
6000,514.85,0.7305500221,2
6000,514.9,0.7305132393,2
6000,514.95,0.7304764584,2
6000,515,0.7304396795,2
6000,515.05,0.7304029025,2
6000,515.1,0.7303661276,2
6000,515.15,0.7303293546,2
6000,515.2,0.7302925837,2
6000,515.25,0.7302558147,2
6000,515.3,0.7302190478,2
6000,515.35,0.7301822829,2
6000,515.4,0.73014552,2
6000,515.45,0.7301087591,2
6000,515.5,0.7300720003,2
6000,515.55,0.7300352435,2
6000,515.6,0.7299984888,2
6000,515.65,0.7299617361,2
6000,515.7,0.7299249855,2
6000,515.75,0.729888237,2
6000,515.8,0.7298514905,2
6000,515.85,0.7298147461,2
6000,515.9,0.7297780039,2
6000,515.95,0.7297412637,2
6000,516,0.7297045256,2
6000,516.05,0.7296677896,2
6000,516.1,0.7296310558,2
6000,516.15,0.729594324,2
6000,516.2,0.7295575944,2
6000,516.25,0.729520867,2
6000,516.3,0.7294841416,2
6000,516.35,0.7294474185,2
6000,516.4,0.7294106974,2
6000,516.45,0.7293739786,2
6000,516.5,0.7293372619,2
6000,516.55,0.7293005474,2
6000,516.6,0.729263835,2
6000,516.65,0.7292271249,2
6000,516.7,0.7291904169,2
6000,516.75,0.7291537111,2
6000,516.8,0.7291170076,2
6000,516.85,0.7290803062,2
6000,516.9,0.7290436071,2
6000,516.95,0.7290069102,2
6000,517,0.7289702155,2
6000,517.05,0.7289335231,2
6000,517.1,0.7288968329,2
6000,517.15,0.728860145,2
6000,517.2,0.7288234593,2
6000,517.25,0.7287867759,2
6000,517.3,0.7287500947,2
6000,517.35,0.7287134159,2
6000,517.4,0.7286767393,2
6000,517.45,0.728640065,2
6000,517.5,0.728603393,2
6000,517.55,0.7285667233,2
6000,517.6,0.7285300559,2
6000,517.65,0.7284933908,2
6000,517.7,0.7284567281,2
6000,517.75,0.7284200676,2
6000,517.8,0.7283834095,2
6000,517.85,0.7283467538,2
6000,517.9,0.7283101004,2
6000,517.95,0.7282734493,2
6000,518,0.7282368006,2
6000,518.05,0.7282001543,2
6000,518.1,0.7281635103,2
6000,518.15,0.7281268687,2
6000,518.2,0.7280902295,2
6000,518.25,0.7280535927,2
6000,518.3,0.7280169583,2
6000,518.35,0.7279803263,2
6000,518.4,0.7279436967,2
6000,518.45,0.7279070696,2
6000,518.5,0.7278704448,2
6000,518.55,0.7278338225,2
6000,518.6,0.7277972026,2
6000,518.65,0.7277605851,2
6000,518.7,0.7277239701,2
6000,518.75,0.7276873576,2
6000,518.8,0.7276507475,2
6000,518.85,0.7276141399,2
6000,518.9,0.7275775347,2
6000,518.95,0.7275409321,2
6000,519,0.7275043319,2
6000,519.05,0.7274677342,2
6000,519.1,0.727431139,2
6000,519.15,0.7273945463,2
6000,519.2,0.7273579562,2
6000,519.25,0.7273213685,2
6000,519.3,0.7272847834,2
6000,519.35,0.7272482008,2
6000,519.4,0.7272116207,2
6000,519.45,0.7271750432,2
6000,519.5,0.7271384683,2
6000,519.55,0.7271018958,2
6000,519.6,0.727065326,2
6000,519.65,0.7270287587,2
6000,519.7,0.726992194,2
6000,519.75,0.7269556319,2
6000,519.8,0.7269190723,2
6000,519.85,0.7268825154,2
6000,519.9,0.7268459611,2
6000,519.95,0.7268094093,2
6000,520,0.7267728602,2
6000,520.05,0.7267363137,2
6000,520.1,0.7266997698,2
6000,520.15,0.7266632285,2
6000,520.2,0.7266266899,2
6000,520.25,0.726590154,2
6000,520.3,0.7265536207,2
6000,520.35,0.72651709,2
6000,520.4,0.726480562,2
6000,520.45,0.7264440367,2
6000,520.5,0.726407514,2
6000,520.55,0.726370994,2
6000,520.6,0.7263344768,2
6000,520.65,0.7262979622,2
6000,520.7,0.7262614503,2
6000,520.75,0.7262249411,2
6000,520.8,0.7261884346,2
6000,520.85,0.7261519309,2
6000,520.9,0.7261154299,2
6000,520.95,0.7260789316,2
6000,521,0.726042436,2
6000,521.05,0.7260059432,2
6000,521.1,0.7259694531,2
6000,521.15,0.7259329658,2
6000,521.2,0.7258964813,2
6000,521.25,0.7258599995,2
6000,521.3,0.7258235205,2
6000,521.35,0.7257870443,2
6000,521.4,0.7257505709,2
6000,521.45,0.7257141003,2
6000,521.5,0.7256776324,2
6000,521.55,0.7256411674,2
6000,521.6,0.7256047052,2
6000,521.65,0.7255682458,2
6000,521.7,0.7255317893,2
6000,521.75,0.7254953355,2
6000,521.8,0.7254588846,2
6000,521.85,0.7254224366,2
6000,521.9,0.7253859914,2
6000,521.95,0.7253495491,2
6000,522,0.7253131096,2
6000,522.05,0.725276673,2
6000,522.1,0.7252402392,2
6000,522.15,0.7252038084,2
6000,522.2,0.7251673804,2
6000,522.25,0.7251309554,2
6000,522.3,0.7250945332,2
6000,522.35,0.7250581139,2
6000,522.4,0.7250216976,2
6000,522.45,0.7249852841,2
6000,522.5,0.7249488736,2
6000,522.55,0.7249124661,2
6000,522.6,0.7248760614,2
6000,522.65,0.7248396597,2
6000,522.7,0.724803261,2
6000,522.75,0.7247668652,2
6000,522.8,0.7247304724,2
6000,522.85,0.7246940825,2
6000,522.9,0.7246576956,2
6000,522.95,0.7246213117,2
6000,523,0.7245849308,2
6000,523.05,0.7245485529,2
6000,523.1,0.724512178,2
6000,523.15,0.7244758061,2
6000,523.2,0.7244394372,2
6000,523.25,0.7244030713,2
6000,523.3,0.7243667084,2
6000,523.35,0.7243303486,2
6000,523.4,0.7242939918,2
6000,523.45,0.724257638,2
6000,523.5,0.7242212873,2
6000,523.55,0.7241849397,2
6000,523.6,0.7241485951,2
6000,523.65,0.7241122536,2
6000,523.7,0.7240759151,2
6000,523.75,0.7240395798,2
6000,523.8,0.7240032475,2
6000,523.85,0.7239669183,2
6000,523.9,0.7239305922,2
6000,523.95,0.7238942692,2
6000,524,0.7238579493,2
6000,524.05,0.7238216326,2
6000,524.1,0.7237853189,2
6000,524.15,0.7237490084,2
6000,524.2,0.723712701,2
6000,524.25,0.7236763968,2
6000,524.3,0.7236400957,2
6000,524.35,0.7236037978,2
6000,524.4,0.723567503,2
6000,524.45,0.7235312114,2
6000,524.5,0.723494923,2
6000,524.55,0.7234586377,2
6000,524.6,0.7234223556,2
6000,524.65,0.7233860768,2
6000,524.7,0.7233498011,2
6000,524.75,0.7233135286,2
6000,524.8,0.7232772593,2
6000,524.85,0.7232409932,2
6000,524.9,0.7232047304,2
6000,524.95,0.7231684708,2
6000,525,0.7231322144,2
6000,525.05,0.7230959612,2
6000,525.1,0.7230597113,2
6000,525.15,0.7230234647,2
6000,525.2,0.7229872213,2
6000,525.25,0.7229509811,2
6000,525.3,0.7229147443,2
6000,525.35,0.7228785107,2
6000,525.4,0.7228422804,2
6000,525.45,0.7228060534,2
6000,525.5,0.7227698296,2
6000,525.55,0.7227336092,2
6000,525.6,0.7226973921,2
6000,525.65,0.7226611783,2
6000,525.7,0.7226249678,2
6000,525.75,0.7225887606,2
6000,525.8,0.7225525568,2
6000,525.85,0.7225163563,2
6000,525.9,0.7224801591,2
6000,525.95,0.7224439653,2
6000,526,0.7224077749,2
6000,526.05,0.7223715878,2
6000,526.1,0.722335404,2
6000,526.15,0.7222992237,2
6000,526.2,0.7222630467,2
6000,526.25,0.7222268731,2
6000,526.3,0.7221907029,2
6000,526.35,0.7221545361,2
6000,526.4,0.7221183727,2
6000,526.45,0.7220822127,2
6000,526.5,0.7220460561,2
6000,526.55,0.7220099029,2
6000,526.6,0.7219737532,2
6000,526.65,0.7219376069,2
6000,526.7,0.721901464,2
6000,526.75,0.7218653246,2
6000,526.8,0.7218291886,2
6000,526.85,0.7217930561,2
6000,526.9,0.721756927,2
6000,526.95,0.7217208014,2
6000,527,0.7216846793,2
6000,527.05,0.7216485607,2
6000,527.1,0.7216124456,2
6000,527.15,0.7215763339,2
6000,527.2,0.7215402257,2
6000,527.25,0.7215041211,2
6000,527.3,0.72146802,2
6000,527.35,0.7214319223,2
6000,527.4,0.7213958282,2
6000,527.45,0.7213597377,2
6000,527.5,0.7213236506,2
6000,527.55,0.7212875671,2
6000,527.6,0.7212514872,2
6000,527.65,0.7212154108,2
6000,527.7,0.7211793379,2
6000,527.75,0.7211432687,2
6000,527.8,0.721107203,2
6000,527.85,0.7210711408,2
6000,527.9,0.7210350823,2
6000,527.95,0.7209990273,2
6000,528,0.720962976,2
6000,528.05,0.7209269282,2
6000,528.1,0.720890884,2
6000,528.15,0.7208548435,2
6000,528.2,0.7208188066,2
6000,528.25,0.7207827733,2
6000,528.3,0.7207467436,2
6000,528.35,0.7207107176,2
6000,528.4,0.7206746952,2
6000,528.45,0.7206386764,2
6000,528.5,0.7206026613,2
6000,528.55,0.7205666499,2
6000,528.6,0.7205306421,2
6000,528.65,0.720494638,2
6000,528.7,0.7204586376,2
6000,528.75,0.7204226408,2
6000,528.8,0.7203866478,2
6000,528.85,0.7203506584,2
6000,528.9,0.7203146728,2
6000,528.95,0.7202786908,2
6000,529,0.7202427126,2
6000,529.05,0.7202067381,2
6000,529.1,0.7201707673,2
6000,529.15,0.7201348002,2
6000,529.2,0.7200988369,2
6000,529.25,0.7200628773,2
6000,529.3,0.7200269214,2
6000,529.35,0.7199909694,2
6000,529.4,0.719955021,2
6000,529.45,0.7199190765,2
6000,529.5,0.7198831357,2
6000,529.55,0.7198471987,2
6000,529.6,0.7198112655,2
6000,529.65,0.719775336,2
6000,529.7,0.7197394104,2
6000,529.75,0.7197034885,2
6000,529.8,0.7196675705,2
6000,529.85,0.7196316563,2
6000,529.9,0.7195957459,2
6000,529.95,0.7195598393,2
6000,530,0.7195239365,2
6000,530.05,0.7194880376,2
6000,530.1,0.7194521426,2
6000,530.15,0.7194162513,2
6000,530.2,0.719380364,2
6000,530.25,0.7193444804,2
6000,530.3,0.7193086008,2
6000,530.35,0.719272725,2
6000,530.4,0.7192368531,2
6000,530.45,0.7192009851,2
6000,530.5,0.719165121,2
6000,530.55,0.7191292607,2
6000,530.6,0.7190934044,2
6000,530.65,0.719057552,2
6000,530.7,0.7190217035,2
6000,530.75,0.7189858589,2
6000,530.8,0.7189500182,2
6000,530.85,0.7189141815,2
6000,530.9,0.7188783486,2
6000,530.95,0.7188425198,2
6000,531,0.7188066948,2
6000,531.05,0.7187708739,2
6000,531.1,0.7187350569,2
6000,531.15,0.7186992438,2
6000,531.2,0.7186634347,2
6000,531.25,0.7186276296,2
6000,531.3,0.7185918285,2
6000,531.35,0.7185560314,2
6000,531.4,0.7185202382,2
6000,531.45,0.7184844491,2
6000,531.5,0.718448664,2
6000,531.55,0.7184128828,2
6000,531.6,0.7183771057,2
6000,531.65,0.7183413326,2
6000,531.7,0.7183055636,2
6000,531.75,0.7182697985,2
6000,531.8,0.7182340375,2
6000,531.85,0.7181982806,2
6000,531.9,0.7181625277,2
6000,531.95,0.7181267788,2
6000,532,0.7180910341,2
6000,532.05,0.7180552934,2
6000,532.1,0.7180195567,2
6000,532.15,0.7179838242,2
6000,532.2,0.7179480957,2
6000,532.25,0.7179123713,2
6000,532.3,0.717876651,2
6000,532.35,0.7178409348,2
6000,532.4,0.7178052228,2
6000,532.45,0.7177695148,2
6000,532.5,0.717733811,2
6000,532.55,0.7176981112,2
6000,532.6,0.7176624156,2
6000,532.65,0.7176267242,2
6000,532.7,0.7175910369,2
6000,532.75,0.7175553537,2
6000,532.8,0.7175196747,2
6000,532.85,0.7174839999,2
6000,532.9,0.7174483292,2
6000,532.95,0.7174126627,2
6000,533,0.7173770003,2
6000,533.05,0.7173413422,2
6000,533.1,0.7173056882,2
6000,533.15,0.7172700384,2
6000,533.2,0.7172343929,2
6000,533.25,0.7171987515,2
6000,533.3,0.7171631143,2
6000,533.35,0.7171274814,2
6000,533.4,0.7170918527,2
6000,533.45,0.7170562282,2
6000,533.5,0.7170206079,2
6000,533.55,0.7169849919,2
6000,533.6,0.7169493801,2
6000,533.65,0.7169137726,2
6000,533.7,0.7168781693,2
6000,533.75,0.7168425703,2
6000,533.8,0.7168069755,2
6000,533.85,0.7167713851,2
6000,533.9,0.7167357989,2
6000,533.95,0.716700217,2
6000,534,0.7166646393,2
6000,534.05,0.716629066,2
6000,534.1,0.716593497,2
6000,534.15,0.7165579323,2
6000,534.2,0.7165223718,2
6000,534.25,0.7164868158,2
6000,534.3,0.716451264,2
6000,534.35,0.7164157166,2
6000,534.4,0.7163801734,2
6000,534.45,0.7163446347,2
6000,534.5,0.7163091003,2
6000,534.55,0.7162735702,2
6000,534.6,0.7162380445,2
6000,534.65,0.7162025231,2
6000,534.7,0.7161670062,2
6000,534.75,0.7161314935,2
6000,534.8,0.7160959853,2
6000,534.85,0.7160604815,2
6000,534.9,0.716024982,2
6000,534.95,0.715989487,2
6000,535,0.7159539963,2
6000,535.05,0.7159185101,2
6000,535.1,0.7158830282,2
6000,535.15,0.7158475508,2
6000,535.2,0.7158120778,2
6000,535.25,0.7157766092,2
6000,535.3,0.7157411451,2
6000,535.35,0.7157056854,2
6000,535.4,0.7156702302,2
6000,535.45,0.7156347794,2
6000,535.5,0.715599333,2
6000,535.55,0.7155638912,2
6000,535.6,0.7155284538,2
6000,535.65,0.7154930208,2
6000,535.7,0.7154575924,2
6000,535.75,0.7154221684,2
6000,535.8,0.7153867489,2
6000,535.85,0.7153513339,2
6000,535.9,0.7153159235,2
6000,535.95,0.7152805175,2
6000,536,0.715245116,2
6000,536.05,0.7152097191,2
6000,536.1,0.7151743266,2
6000,536.15,0.7151389387,2
6000,536.2,0.7151035554,2
6000,536.25,0.7150681766,2
6000,536.3,0.7150328023,2
6000,536.35,0.7149974326,2
6000,536.4,0.7149620674,2
6000,536.45,0.7149267068,2
6000,536.5,0.7148913508,2
6000,536.55,0.7148559993,2
6000,536.6,0.7148206524,2
6000,536.65,0.7147853101,2
6000,536.7,0.7147499724,2
6000,536.75,0.7147146393,2
6000,536.8,0.7146793107,2
6000,536.85,0.7146439868,2
6000,536.9,0.7146086675,2
6000,536.95,0.7145733528,2
6000,537,0.7145380428,2
6000,537.05,0.7145027373,2
6000,537.1,0.7144674365,2
6000,537.15,0.7144321403,2
6000,537.2,0.7143968488,2
6000,537.25,0.7143615619,2
6000,537.3,0.7143262797,2
6000,537.35,0.7142910022,2
6000,537.4,0.7142557293,2
6000,537.45,0.714220461,2
6000,537.5,0.7141851975,2
6000,537.55,0.7141499386,2
6000,537.6,0.7141146844,2
6000,537.65,0.7140794349,2
6000,537.7,0.7140441902,2
6000,537.75,0.7140089501,2
6000,537.8,0.7139737147,2
6000,537.85,0.713938484,2
6000,537.9,0.7139032581,2
6000,537.95,0.7138680368,2
6000,538,0.7138328204,2
6000,538.05,0.7137976086,2
6000,538.1,0.7137624016,2
6000,538.15,0.7137271993,2
6000,538.2,0.7136920018,2
6000,538.25,0.713656809,2
6000,538.3,0.713621621,2
6000,538.35,0.7135864378,2
6000,538.4,0.7135512594,2
6000,538.45,0.7135160857,2
6000,538.5,0.7134809168,2
6000,538.55,0.7134457527,2
6000,538.6,0.7134105934,2
6000,538.65,0.7133754389,2
6000,538.7,0.7133402891,2
6000,538.75,0.7133051443,2
6000,538.8,0.7132700042,2
6000,538.85,0.7132348689,2
6000,538.9,0.7131997385,2
6000,538.95,0.7131646129,2
6000,539,0.7131294921,2
6000,539.05,0.7130943762,2
6000,539.1,0.7130592651,2
6000,539.15,0.7130241589,2
6000,539.2,0.7129890575,2
6000,539.25,0.7129539611,2
6000,539.3,0.7129188694,2
6000,539.35,0.7128837827,2
6000,539.4,0.7128487008,2
6000,539.45,0.7128136238,2
6000,539.5,0.7127785517,2
6000,539.55,0.7127434845,2
6000,539.6,0.7127084222,2
6000,539.65,0.7126733648,2
6000,539.7,0.7126383123,2
6000,539.75,0.7126032648,2
6000,539.8,0.7125682221,2
6000,539.85,0.7125331844,2
6000,539.9,0.7124981516,2
6000,539.95,0.7124631238,2
6000,540,0.7124281009,2
6000,540.05,0.7123930829,2
6000,540.1,0.7123580699,2
6000,540.15,0.7123230619,2
6000,540.2,0.7122880588,2
6000,540.25,0.7122530607,2
6000,540.3,0.7122180675,2
6000,540.35,0.7121830794,2
6000,540.4,0.7121480962,2
6000,540.45,0.712113118,2
6000,540.5,0.7120781448,2
6000,540.55,0.7120431766,2
6000,540.6,0.7120082135,2
6000,540.65,0.7119732553,2
6000,540.7,0.7119383022,2
6000,540.75,0.711903354,2
6000,540.8,0.7118684109,2
6000,540.85,0.7118334728,2
6000,540.9,0.7117985398,2
6000,540.95,0.7117636118,2
6000,541,0.7117286889,2
6000,541.05,0.711693771,2
6000,541.1,0.7116588581,2
6000,541.15,0.7116239504,2
6000,541.2,0.7115890477,2
6000,541.25,0.71155415,2
6000,541.3,0.7115192575,2
6000,541.35,0.71148437,2
6000,541.4,0.7114494877,2
6000,541.45,0.7114146104,2
6000,541.5,0.7113797382,2
6000,541.55,0.7113448711,2
6000,541.6,0.7113100091,2
6000,541.65,0.7112751523,2
6000,541.7,0.7112403005,2
6000,541.75,0.7112054539,2
6000,541.8,0.7111706125,2
6000,541.85,0.7111357761,2
6000,541.9,0.7111009449,2
6000,541.95,0.7110661188,2
6000,542,0.7110312979,2
6000,542.05,0.7109964822,2
6000,542.1,0.7109616716,2
6000,542.15,0.7109268662,2
6000,542.2,0.7108920659,2
6000,542.25,0.7108572708,2
6000,542.3,0.7108224809,2
6000,542.35,0.7107876962,2
6000,542.4,0.7107529167,2
6000,542.45,0.7107181424,2
6000,542.5,0.7106833733,2
6000,542.55,0.7106486094,2
6000,542.6,0.7106138507,2
6000,542.65,0.7105790972,2
6000,542.7,0.7105443489,2
6000,542.75,0.7105096059,2
6000,542.8,0.7104748681,2
6000,542.85,0.7104401355,2
6000,542.9,0.7104054082,2
6000,542.95,0.7103706861,2
6000,543,0.7103359693,2
6000,543.05,0.7103012577,2
6000,543.1,0.7102665514,2
6000,543.15,0.7102318504,2
6000,543.2,0.7101971546,2
6000,543.25,0.7101624642,2
6000,543.3,0.710127779,2
6000,543.35,0.710093099,2
6000,543.4,0.7100584244,2
6000,543.45,0.7100237551,2
6000,543.5,0.7099890911,2
6000,543.55,0.7099544324,2
6000,543.6,0.709919779,2
6000,543.65,0.7098851309,2
6000,543.7,0.7098504881,2
6000,543.75,0.7098158507,2
6000,543.8,0.7097812186,2
6000,543.85,0.7097465919,2
6000,543.9,0.7097119704,2
6000,543.95,0.7096773544,2
6000,544,0.7096427437,2
6000,544.05,0.7096081383,2
6000,544.1,0.7095735383,2
6000,544.15,0.7095389437,2
6000,544.2,0.7095043544,2
6000,544.25,0.7094697706,2
6000,544.3,0.7094351921,2
6000,544.35,0.709400619,2
6000,544.4,0.7093660513,2
6000,544.45,0.709331489,2
6000,544.5,0.709296932,2
6000,544.55,0.7092623805,2
6000,544.6,0.7092278345,2
6000,544.65,0.7091932938,2
6000,544.7,0.7091587585,2
6000,544.75,0.7091242287,2
6000,544.8,0.7090897043,2
6000,544.85,0.7090551854,2
6000,544.9,0.7090206719,2
6000,544.95,0.7089861638,2
6000,545,0.7089516612,2
6000,545.05,0.708917164,2
6000,545.1,0.7088826723,2
6000,545.15,0.7088481861,2
6000,545.2,0.7088137054,2
6000,545.25,0.7087792301,2
6000,545.3,0.7087447603,2
6000,545.35,0.708710296,2
6000,545.4,0.7086758372,2
6000,545.45,0.7086413838,2
6000,545.5,0.708606936,2
6000,545.55,0.7085724937,2
6000,545.6,0.7085380569,2
6000,545.65,0.7085036256,2
6000,545.7,0.7084691999,2
6000,545.75,0.7084347796,2
6000,545.8,0.7084003649,2
6000,545.85,0.7083659557,2
6000,545.9,0.7083315521,2
6000,545.95,0.708297154,2
6000,546,0.7082627615,2
6000,546.05,0.7082283745,2
6000,546.1,0.7081939931,2
6000,546.15,0.7081596172,2
6000,546.2,0.7081252469,2
6000,546.25,0.7080908822,2
6000,546.3,0.708056523,2
6000,546.35,0.7080221695,2
6000,546.4,0.7079878215,2
6000,546.45,0.7079534791,2
6000,546.5,0.7079191424,2
6000,546.55,0.7078848112,2
6000,546.6,0.7078504856,2
6000,546.65,0.7078161657,2
6000,546.7,0.7077818513,2
6000,546.75,0.7077475426,2
6000,546.8,0.7077132395,2
6000,546.85,0.7076789421,2
6000,546.9,0.7076446503,2
6000,546.95,0.7076103641,2
6000,547,0.7075760835,2
6000,547.05,0.7075418087,2
6000,547.1,0.7075075394,2
6000,547.15,0.7074732759,2
6000,547.2,0.707439018,2
6000,547.25,0.7074047657,2
6000,547.3,0.7073705192,2
6000,547.35,0.7073362783,2
6000,547.4,0.7073020431,2
6000,547.45,0.7072678136,2
6000,547.5,0.7072335898,2
6000,547.55,0.7071993717,2
6000,547.6,0.7071651593,2
6000,547.65,0.7071309526,2
6000,547.7,0.7070967516,2
6000,547.75,0.7070625563,2
6000,547.8,0.7070283668,2
6000,547.85,0.7069941829,2
6000,547.9,0.7069600049,2
6000,547.95,0.7069258325,2
6000,548,0.7068916659,2
6000,548.05,0.706857505,2
6000,548.1,0.7068233499,2
6000,548.15,0.7067892005,2
6000,548.2,0.7067550569,2
6000,548.25,0.7067209191,2
6000,548.3,0.706686787,2
6000,548.35,0.7066526607,2
6000,548.4,0.7066185402,2
6000,548.45,0.7065844255,2
6000,548.5,0.7065503165,2
6000,548.55,0.7065162134,2
6000,548.6,0.706482116,2
6000,548.65,0.7064480245,2
6000,548.7,0.7064139387,2
6000,548.75,0.7063798588,2
6000,548.8,0.7063457846,2
6000,548.85,0.7063117163,2
6000,548.9,0.7062776539,2
6000,548.95,0.7062435972,2
6000,549,0.7062095464,2
6000,549.05,0.7061755014,2
6000,549.1,0.7061414623,2
6000,549.15,0.706107429,2
6000,549.2,0.7060734016,2
6000,549.25,0.70603938,2
6000,549.3,0.7060053643,2
6000,549.35,0.7059713544,2
6000,549.4,0.7059373504,2
6000,549.45,0.7059033523,2
6000,549.5,0.7058693601,2
6000,549.55,0.7058353738,2
6000,549.6,0.7058013933,2
6000,549.65,0.7057674188,2
6000,549.7,0.7057334501,2
6000,549.75,0.7056994874,2
6000,549.8,0.7056655306,2
6000,549.85,0.7056315796,2
6000,549.9,0.7055976346,2
6000,549.95,0.7055636955,2
6000,550,0.7055297624,2
6000,550.05,0.7054958351,2
6000,550.1,0.7054619138,2
6000,550.15,0.7054279985,2
6000,550.2,0.705394089,2
6000,550.25,0.7053601856,2
6000,550.3,0.7053262881,2
6000,550.35,0.7052923965,2
6000,550.4,0.7052585109,2
6000,550.45,0.7052246313,2
6000,550.5,0.7051907576,2
6000,550.55,0.70515689,2
6000,550.6,0.7051230283,2
6000,550.65,0.7050891725,2
6000,550.7,0.7050553228,2
6000,550.75,0.7050214791,2
6000,550.8,0.7049876414,2
6000,550.85,0.7049538096,2
6000,550.9,0.7049199839,2
6000,550.95,0.7048861642,2
6000,551,0.7048523505,2
6000,551.05,0.7048185428,2
6000,551.1,0.7047847412,2
6000,551.15,0.7047509456,2
6000,551.2,0.704717156,2
6000,551.25,0.7046833724,2
6000,551.3,0.7046495949,2
6000,551.35,0.7046158235,2
6000,551.4,0.7045820581,2
6000,551.45,0.7045482987,2
6000,551.5,0.7045145455,2
6000,551.55,0.7044807982,2
6000,551.6,0.7044470571,2
6000,551.65,0.704413322,2
6000,551.7,0.704379593,2
6000,551.75,0.7043458701,2
6000,551.8,0.7043121533,2
6000,551.85,0.7042784425,2
6000,551.9,0.7042447379,2
6000,551.95,0.7042110394,2
6000,552,0.7041773469,2
6000,552.05,0.7041436606,2
6000,552.1,0.7041099804,2
6000,552.15,0.7040763063,2
6000,552.2,0.7040426384,2
6000,552.25,0.7040089765,2
6000,552.3,0.7039753208,2
6000,552.35,0.7039416713,2
6000,552.4,0.7039080278,2
6000,552.45,0.7038743905,2
6000,552.5,0.7038407594,2
6000,552.55,0.7038071344,2
6000,552.6,0.7037735156,2
6000,552.65,0.7037399029,2
6000,552.7,0.7037062964,2
6000,552.75,0.7036726961,2
6000,552.8,0.703639102,2
6000,552.85,0.703605514,2
6000,552.9,0.7035719322,2
6000,552.95,0.7035383566,2
6000,553,0.7035047872,2
6000,553.05,0.703471224,2
6000,553.1,0.703437667,2
6000,553.15,0.7034041162,2
6000,553.2,0.7033705716,2
6000,553.25,0.7033370332,2
6000,553.3,0.7033035011,2
6000,553.35,0.7032699751,2
6000,553.4,0.7032364554,2
6000,553.45,0.703202942,2
6000,553.5,0.7031694347,2
6000,553.55,0.7031359337,2
6000,553.6,0.703102439,2
6000,553.65,0.7030689505,2
6000,553.7,0.7030354682,2
6000,553.75,0.7030019922,2
6000,553.8,0.7029685225,2
6000,553.85,0.702935059,2
6000,553.9,0.7029016018,2
6000,553.95,0.7028681509,2
6000,554,0.7028347062,2
6000,554.05,0.7028012679,2
6000,554.1,0.7027678358,2
6000,554.15,0.70273441,2
6000,554.2,0.7027009905,2
6000,554.25,0.7026675773,2
6000,554.3,0.7026341704,2
6000,554.35,0.7026007698,2
6000,554.4,0.7025673756,2
6000,554.45,0.7025339876,2
6000,554.5,0.702500606,2
6000,554.55,0.7024672307,2
6000,554.6,0.7024338617,2
6000,554.65,0.7024004991,2
6000,554.7,0.7023671428,2
6000,554.75,0.7023337928,2
6000,554.8,0.7023004492,2
6000,554.85,0.7022671119,2
6000,554.9,0.702233781,2
6000,554.95,0.7022004564,2
6000,555,0.7021671383,2
6000,555.05,0.7021338264,2
6000,555.1,0.702100521,2
6000,555.15,0.7020672219,2
6000,555.2,0.7020339292,2
6000,555.25,0.7020006429,2
6000,555.3,0.701967363,2
6000,555.35,0.7019340894,2
6000,555.4,0.7019008223,2
6000,555.45,0.7018675615,2
6000,555.5,0.7018343072,2
6000,555.55,0.7018010593,2
6000,555.6,0.7017678178,2
6000,555.65,0.7017345827,2
6000,555.7,0.701701354,2
6000,555.75,0.7016681317,2
6000,555.8,0.7016349159,2
6000,555.85,0.7016017065,2
6000,555.9,0.7015685036,2
6000,555.95,0.7015353071,2
6000,556,0.701502117,2
6000,556.05,0.7014689334,2
6000,556.1,0.7014357562,2
6000,556.15,0.7014025855,2
6000,556.2,0.7013694213,2
6000,556.25,0.7013362635,2
6000,556.3,0.7013031122,2
6000,556.35,0.7012699674,2
6000,556.4,0.701236829,2
6000,556.45,0.7012036971,2
6000,556.5,0.7011705717,2
6000,556.55,0.7011374528,2
6000,556.6,0.7011043404,2
6000,556.65,0.7010712345,2
6000,556.7,0.7010381351,2
6000,556.75,0.7010050423,2
6000,556.8,0.7009719559,2
6000,556.85,0.700938876,2
6000,556.9,0.7009058026,2
6000,556.95,0.7008727358,2
6000,557,0.7008396755,2
6000,557.05,0.7008066217,2
6000,557.1,0.7007735745,2
6000,557.15,0.7007405338,2
6000,557.2,0.7007074997,2
6000,557.25,0.7006744721,2
6000,557.3,0.700641451,2
6000,557.35,0.7006084365,2
6000,557.4,0.7005754286,2
6000,557.45,0.7005424272,2
6000,557.5,0.7005094324,2
6000,557.55,0.7004764441,2
6000,557.6,0.7004434624,2
6000,557.65,0.7004104874,2
6000,557.7,0.7003775188,2
6000,557.75,0.7003445569,2
6000,557.8,0.7003116016,2
6000,557.85,0.7002786529,2
6000,557.9,0.7002457107,2
6000,557.95,0.7002127752,2
6000,558,0.7001798462,2
6000,558.05,0.7001469239,2
6000,558.1,0.7001140082,2
6000,558.15,0.7000810991,2
6000,558.2,0.7000481967,2
6000,558.25,0.7000153008,2
6000,558.3,0.6999824116,2
6000,558.35,0.699949529,2
6000,558.4,0.6999166531,2
6000,558.45,0.6998837838,2
6000,558.5,0.6998509212,2
6000,558.55,0.6998180651,2
6000,558.6,0.6997852158,2
6000,558.65,0.6997523731,2
6000,558.7,0.6997195371,2
6000,558.75,0.6996867077,2
6000,558.8,0.699653885,2
6000,558.85,0.699621069,2
6000,558.9,0.6995882596,2
6000,558.95,0.699555457,2
6000,559,0.699522661,2
6000,559.05,0.6994898717,2
6000,559.1,0.6994570891,2
6000,559.15,0.6994243132,2
6000,559.2,0.699391544,2
6000,559.25,0.6993587815,2
6000,559.3,0.6993260257,2
6000,559.35,0.6992932766,2
6000,559.4,0.6992605342,2
6000,559.45,0.6992277986,2
6000,559.5,0.6991950696,2
6000,559.55,0.6991623474,2
6000,559.6,0.699129632,2
6000,559.65,0.6990969232,2
6000,559.7,0.6990642212,2
6000,559.75,0.6990315259,2
6000,559.8,0.6989988374,2
6000,559.85,0.6989661557,2
6000,559.9,0.6989334807,2
6000,559.95,0.6989008124,2
6000,560,0.6988681509,2
6000,560.05,0.6988354962,2
6000,560.1,0.6988028482,2
6000,560.15,0.698770207,2
6000,560.2,0.6987375726,2
6000,560.25,0.698704945,2
6000,560.3,0.6986723241,2
6000,560.35,0.6986397101,2
6000,560.4,0.6986071028,2
6000,560.45,0.6985745023,2
6000,560.5,0.6985419086,2
6000,560.55,0.6985093218,2
6000,560.6,0.6984767417,2
6000,560.65,0.6984441684,2
6000,560.7,0.698411602,2
6000,560.75,0.6983790423,2
6000,560.8,0.6983464895,2
6000,560.85,0.6983139435,2
6000,560.9,0.6982814044,2
6000,560.95,0.698248872,2
6000,561,0.6982163465,2
6000,561.05,0.6981838279,2
6000,561.1,0.6981513161,2
6000,561.15,0.6981188111,2
6000,561.2,0.698086313,2
6000,561.25,0.6980538217,2
6000,561.3,0.6980213373,2
6000,561.35,0.6979888598,2
6000,561.4,0.6979563891,2
6000,561.45,0.6979239253,2
6000,561.5,0.6978914684,2
6000,561.55,0.6978590183,2
6000,561.6,0.6978265751,2
6000,561.65,0.6977941388,2
6000,561.7,0.6977617094,2
6000,561.75,0.6977292869,2
6000,561.8,0.6976968713,2
6000,561.85,0.6976644626,2
6000,561.9,0.6976320607,2
6000,561.95,0.6975996658,2
6000,562,0.6975672778,2
6000,562.05,0.6975348967,2
6000,562.1,0.6975025225,2
6000,562.15,0.6974701552,2
6000,562.2,0.6974377949,2
6000,562.25,0.6974054415,2
6000,562.3,0.697373095,2
6000,562.35,0.6973407555,2
6000,562.4,0.6973084228,2
6000,562.45,0.6972760972,2
6000,562.5,0.6972437784,2
6000,562.55,0.6972114667,2
6000,562.6,0.6971791618,2
6000,562.65,0.697146864,2
6000,562.7,0.697114573,2
6000,562.75,0.6970822891,2
6000,562.8,0.6970500121,2
6000,562.85,0.6970177421,2
6000,562.9,0.6969854791,2
6000,562.95,0.696953223,2
6000,563,0.6969209739,2
6000,563.05,0.6968887318,2
6000,563.1,0.6968564967,2
6000,563.15,0.6968242686,2
6000,563.2,0.6967920474,2
6000,563.25,0.6967598333,2
6000,563.3,0.6967276262,2
6000,563.35,0.6966954261,2
6000,563.4,0.6966632329,2
6000,563.45,0.6966310468,2
6000,563.5,0.6965988677,2
6000,563.55,0.6965666957,2
6000,563.6,0.6965345306,2
6000,563.65,0.6965023726,2
6000,563.7,0.6964702216,2
6000,563.75,0.6964380777,2
6000,563.8,0.6964059407,2
6000,563.85,0.6963738109,2
6000,563.9,0.696341688,2
6000,563.95,0.6963095722,2
6000,564,0.6962774635,2
6000,564.05,0.6962453618,2
6000,564.1,0.6962132672,2
6000,564.15,0.6961811796,2
6000,564.2,0.6961490991,2
6000,564.25,0.6961170256,2
6000,564.3,0.6960849593,2
6000,564.35,0.6960529,2
6000,564.4,0.6960208478,2
6000,564.45,0.6959888026,2
6000,564.5,0.6959567646,2
6000,564.55,0.6959247336,2
6000,564.6,0.6958927097,2
6000,564.65,0.695860693,2
6000,564.7,0.6958286833,2
6000,564.75,0.6957966807,2
6000,564.8,0.6957646852,2
6000,564.85,0.6957326969,2
6000,564.9,0.6957007156,2
6000,564.95,0.6956687415,2
6000,565,0.6956367745,2
6000,565.05,0.6956048146,2
6000,565.1,0.6955728618,2
6000,565.15,0.6955409162,2
6000,565.2,0.6955089777,2
6000,565.25,0.6954770463,2
6000,565.3,0.6954451221,2
6000,565.35,0.695413205,2
6000,565.4,0.695381295,2
6000,565.45,0.6953493922,2
6000,565.5,0.6953174966,2
6000,565.55,0.6952856081,2
6000,565.6,0.6952537268,2
6000,565.65,0.6952218526,2
6000,565.7,0.6951899856,2
6000,565.75,0.6951581257,2
6000,565.8,0.6951262731,2
6000,565.85,0.6950944276,2
6000,565.9,0.6950625893,2
6000,565.95,0.6950307582,2
6000,566,0.6949989342,2
6000,566.05,0.6949671175,2
6000,566.1,0.6949353079,2
6000,566.15,0.6949035055,2
6000,566.2,0.6948717104,2
6000,566.25,0.6948399224,2
6000,566.3,0.6948081416,2
6000,566.35,0.6947763681,2
6000,566.4,0.6947446018,2
6000,566.45,0.6947128426,2
6000,566.5,0.6946810907,2
6000,566.55,0.694649346,2
6000,566.6,0.6946176086,2
6000,566.65,0.6945858783,2
6000,566.7,0.6945541553,2
6000,566.75,0.6945224396,2
6000,566.8,0.694490731,2
6000,566.85,0.6944590297,2
6000,566.9,0.6944273357,2
6000,566.95,0.6943956489,2
6000,567,0.6943639693,2
6000,567.05,0.6943322971,2
6000,567.1,0.694300632,2
6000,567.15,0.6942689742,2
6000,567.2,0.6942373237,2
6000,567.25,0.6942056805,2
6000,567.3,0.6941740445,2
6000,567.35,0.6941424158,2
6000,567.4,0.6941107944,2
6000,567.45,0.6940791802,2
6000,567.5,0.6940475733,2
6000,567.55,0.6940159738,2
6000,567.6,0.6939843815,2
6000,567.65,0.6939527965,2
6000,567.7,0.6939212188,2
6000,567.75,0.6938896483,2
6000,567.8,0.6938580852,2
6000,567.85,0.6938265294,2
6000,567.9,0.6937949809,2
6000,567.95,0.6937634398,2
6000,568,0.6937319059,2
6000,568.05,0.6937003793,2
6000,568.1,0.6936688601,2
6000,568.15,0.6936373482,2
6000,568.2,0.6936058436,2
6000,568.25,0.6935743463,2
6000,568.3,0.6935428564,2
6000,568.35,0.6935113738,2
6000,568.4,0.6934798986,2
6000,568.45,0.6934484307,2
6000,568.5,0.6934169701,2
6000,568.55,0.6933855169,2
6000,568.6,0.693354071,2
6000,568.65,0.6933226325,2
6000,568.7,0.6932912014,2
6000,568.75,0.6932597776,2
6000,568.8,0.6932283612,2
6000,568.85,0.6931969521,2
6000,568.9,0.6931655504,2
6000,568.95,0.6931341561,2
6000,569,0.6931027692,2
6000,569.05,0.6930713896,2
6000,569.1,0.6930400174,2
6000,569.15,0.6930086526,2
6000,569.2,0.6929772952,2
6000,569.25,0.6929459452,2
6000,569.3,0.6929146026,2
6000,569.35,0.6928832674,2
6000,569.4,0.6928519395,2
6000,569.45,0.6928206191,2
6000,569.5,0.6927893061,2
6000,569.55,0.6927580005,2
6000,569.6,0.6927267023,2
6000,569.65,0.6926954115,2
6000,569.7,0.6926641281,2
6000,569.75,0.6926328522,2
6000,569.8,0.6926015837,2
6000,569.85,0.6925703226,2
6000,569.9,0.6925390689,2
6000,569.95,0.6925078227,2
6000,570,0.6924765839,2
6000,570.05,0.6924453526,2
6000,570.1,0.6924141286,2
6000,570.15,0.6923829122,2
6000,570.2,0.6923517032,2
6000,570.25,0.6923205016,2
6000,570.3,0.6922893075,2
6000,570.35,0.6922581208,2
6000,570.4,0.6922269416,2
6000,570.45,0.6921957699,2
6000,570.5,0.6921646056,2
6000,570.55,0.6921334488,2
6000,570.6,0.6921022995,2
6000,570.65,0.6920711576,2
6000,570.7,0.6920400233,2
6000,570.75,0.6920088964,2
6000,570.8,0.6919777769,2
6000,570.85,0.691946665,2
6000,570.9,0.6919155606,2
6000,570.95,0.6918844636,2
6000,571,0.6918533742,2
6000,571.05,0.6918222922,2
6000,571.1,0.6917912177,2
6000,571.15,0.6917601508,2
6000,571.2,0.6917290913,2
6000,571.25,0.6916980394,2
6000,571.3,0.691666995,2
6000,571.35,0.6916359581,2
6000,571.4,0.6916049287,2
6000,571.45,0.6915739068,2
6000,571.5,0.6915428924,2
6000,571.55,0.6915118856,2
6000,571.6,0.6914808863,2
6000,571.65,0.6914498945,2
6000,571.7,0.6914189103,2
6000,571.75,0.6913879336,2
6000,571.8,0.6913569645,2
6000,571.85,0.6913260028,2
6000,571.9,0.6912950488,2
6000,571.95,0.6912641023,2
6000,572,0.6912331633,2
6000,572.05,0.6912022319,2
6000,572.1,0.691171308,2
6000,572.15,0.6911403917,2
6000,572.2,0.691109483,2
6000,572.25,0.6910785818,2
6000,572.3,0.6910476882,2
6000,572.35,0.6910168022,2
6000,572.4,0.6909859238,2
6000,572.45,0.6909550529,2
6000,572.5,0.6909241896,2
6000,572.55,0.6908933339,2
6000,572.6,0.6908624857,2
6000,572.65,0.6908316452,2
6000,572.7,0.6908008122,2
6000,572.75,0.6907699869,2
6000,572.8,0.6907391691,2
6000,572.85,0.6907083589,2
6000,572.9,0.6906775564,2
6000,572.95,0.6906467614,2
6000,573,0.6906159741,2
6000,573.05,0.6905851943,2
6000,573.1,0.6905544222,2
6000,573.15,0.6905236577,2
6000,573.2,0.6904929008,2
6000,573.25,0.6904621515,2
6000,573.3,0.6904314098,2
6000,573.35,0.6904006758,2
6000,573.4,0.6903699494,2
6000,573.45,0.6903392306,2
6000,573.5,0.6903085195,2
6000,573.55,0.690277816,2
6000,573.6,0.6902471201,2
6000,573.65,0.6902164319,2
6000,573.7,0.6901857513,2
6000,573.75,0.6901550784,2
6000,573.8,0.6901244131,2
6000,573.85,0.6900937555,2
6000,573.9,0.6900631055,2
6000,573.95,0.6900324632,2
6000,574,0.6900018285,2
6000,574.05,0.6899712016,2
6000,574.1,0.6899405822,2
6000,574.15,0.6899099706,2
6000,574.2,0.6898793666,2
6000,574.25,0.6898487703,2
6000,574.3,0.6898181816,2
6000,574.35,0.6897876007,2
6000,574.4,0.6897570274,2
6000,574.45,0.6897264618,2
6000,574.5,0.6896959039,2
6000,574.55,0.6896653537,2
6000,574.6,0.6896348112,2
6000,574.65,0.6896042763,2
6000,574.7,0.6895737492,2
6000,574.75,0.6895432298,2
6000,574.8,0.689512718,2
6000,574.85,0.689482214,2
6000,574.9,0.6894517177,2
6000,574.95,0.6894212291,2
6000,575,0.6893907482,2
6000,575.05,0.689360275,2
6000,575.1,0.6893298095,2
6000,575.15,0.6892993518,2
6000,575.2,0.6892689018,2
6000,575.25,0.6892384595,2
6000,575.3,0.6892080249,2
6000,575.35,0.6891775981,2
6000,575.4,0.6891471789,2
6000,575.45,0.6891167676,2
6000,575.5,0.6890863639,2
6000,575.55,0.689055968,2
6000,575.6,0.6890255799,2
6000,575.65,0.6889951995,2
6000,575.7,0.6889648268,2
6000,575.75,0.6889344619,2
6000,575.8,0.6889041048,2
6000,575.85,0.6888737554,2
6000,575.9,0.6888434137,2
6000,575.95,0.6888130798,2
6000,576,0.6887827537,2
6000,576.05,0.6887524354,2
6000,576.1,0.6887221248,2
6000,576.15,0.688691822,2
6000,576.2,0.6886615269,2
6000,576.25,0.6886312397,2
6000,576.3,0.6886009602,2
6000,576.35,0.6885706885,2
6000,576.4,0.6885404245,2
6000,576.45,0.6885101684,2
6000,576.5,0.68847992,2
6000,576.55,0.6884496795,2
6000,576.6,0.6884194467,2
6000,576.65,0.6883892217,2
6000,576.7,0.6883590045,2
6000,576.75,0.6883287952,2
6000,576.8,0.6882985936,2
6000,576.85,0.6882683998,2
6000,576.9,0.6882382138,2
6000,576.95,0.6882080357,2
6000,577,0.6881778653,2
6000,577.05,0.6881477028,2
6000,577.1,0.6881175481,2
6000,577.15,0.6880874012,2
6000,577.2,0.6880572621,2
6000,577.25,0.6880271308,2
6000,577.3,0.6879970074,2
6000,577.35,0.6879668918,2
6000,577.4,0.687936784,2
6000,577.45,0.6879066841,2
6000,577.5,0.687876592,2
6000,577.55,0.6878465077,2
6000,577.6,0.6878164313,2
6000,577.65,0.6877863627,2
6000,577.7,0.687756302,2
6000,577.75,0.6877262491,2
6000,577.8,0.6876962041,2
6000,577.85,0.6876661669,2
6000,577.9,0.6876361375,2
6000,577.95,0.6876061161,2
6000,578,0.6875761024,2
6000,578.05,0.6875460967,2
6000,578.1,0.6875160988,2
6000,578.15,0.6874861088,2
6000,578.2,0.6874561266,2
6000,578.25,0.6874261523,2
6000,578.3,0.6873961859,2
6000,578.35,0.6873662273,2
6000,578.4,0.6873362767,2
6000,578.45,0.6873063339,2
6000,578.5,0.687276399,2
6000,578.55,0.687246472,2
6000,578.6,0.6872165528,2
6000,578.65,0.6871866416,2
6000,578.7,0.6871567382,2
6000,578.75,0.6871268428,2
6000,578.8,0.6870969552,2
6000,578.85,0.6870670755,2
6000,578.9,0.6870372037,2
6000,578.95,0.6870073399,2
6000,579,0.6869774839,2
6000,579.05,0.6869476359,2
6000,579.1,0.6869177957,2
6000,579.15,0.6868879635,2
6000,579.2,0.6868581391,2
6000,579.25,0.6868283227,2
6000,579.3,0.6867985142,2
6000,579.35,0.6867687137,2
6000,579.4,0.686738921,2
6000,579.45,0.6867091363,2
6000,579.5,0.6866793595,2
6000,579.55,0.6866495906,2
6000,579.6,0.6866198297,2
6000,579.65,0.6865900767,2
6000,579.7,0.6865603316,2
6000,579.75,0.6865305945,2
6000,579.8,0.6865008653,2
6000,579.85,0.686471144,2
6000,579.9,0.6864414307,2
6000,579.95,0.6864117253,2
6000,580,0.6863820279,2
6000,580.05,0.6863523385,2
6000,580.1,0.6863226569,2
6000,580.15,0.6862929834,2
6000,580.2,0.6862633178,2
6000,580.25,0.6862336601,2
6000,580.3,0.6862040105,2
6000,580.35,0.6861743687,2
6000,580.4,0.686144735,2
6000,580.45,0.6861151092,2
6000,580.5,0.6860854914,2
6000,580.55,0.6860558815,2
6000,580.6,0.6860262797,2
6000,580.65,0.6859966858,2
6000,580.7,0.6859670998,2
6000,580.75,0.6859375219,2
6000,580.8,0.685907952,2
6000,580.85,0.68587839,2
6000,580.9,0.685848836,2
6000,580.95,0.68581929,2
6000,581,0.685789752,2
6000,581.05,0.685760222,2
6000,581.1,0.6857307,2
6000,581.15,0.6857011859,2
6000,581.2,0.6856716799,2
6000,581.25,0.6856421819,2
6000,581.3,0.6856126919,2
6000,581.35,0.6855832099,2
6000,581.4,0.6855537358,2
6000,581.45,0.6855242698,2
6000,581.5,0.6854948119,2
6000,581.55,0.6854653619,2
6000,581.6,0.6854359199,2
6000,581.65,0.685406486,2
6000,581.7,0.6853770601,2
6000,581.75,0.6853476422,2
6000,581.8,0.6853182323,2
6000,581.85,0.6852888304,2
6000,581.9,0.6852594366,2
6000,581.95,0.6852300508,2
6000,582,0.685200673,2
6000,582.05,0.6851713033,2
6000,582.1,0.6851419416,2
6000,582.15,0.6851125879,2
6000,582.2,0.6850832423,2
6000,582.25,0.6850539047,2
6000,582.3,0.6850245752,2
6000,582.35,0.6849952537,2
6000,582.4,0.6849659403,2
6000,582.45,0.6849366349,2
6000,582.5,0.6849073375,2
6000,582.55,0.6848780482,2
6000,582.6,0.684848767,2
6000,582.65,0.6848194938,2
6000,582.7,0.6847902287,2
6000,582.75,0.6847609716,2
6000,582.8,0.6847317226,2
6000,582.85,0.6847024817,2
6000,582.9,0.6846732488,2
6000,582.95,0.684644024,2
6000,583,0.6846148073,2
6000,583.05,0.6845855986,2
6000,583.1,0.684556398,2
6000,583.15,0.6845272055,2
6000,583.2,0.6844980211,2
6000,583.25,0.6844688448,2
6000,583.3,0.6844396765,2
6000,583.35,0.6844105163,2
6000,583.4,0.6843813642,2
6000,583.45,0.6843522202,2
6000,583.5,0.6843230843,2
6000,583.55,0.6842939564,2
6000,583.6,0.6842648367,2
6000,583.65,0.6842357251,2
6000,583.7,0.6842066215,2
6000,583.75,0.6841775261,2
6000,583.8,0.6841484387,2
6000,583.85,0.6841193595,2
6000,583.9,0.6840902883,2
6000,583.95,0.6840612253,2
6000,584,0.6840321704,2
6000,584.05,0.6840031236,2
6000,584.1,0.6839740848,2
6000,584.15,0.6839450543,2
6000,584.2,0.6839160318,2
6000,584.25,0.6838870174,2
6000,584.3,0.6838580112,2
6000,584.35,0.6838290131,2
6000,584.4,0.6838000231,2
6000,584.45,0.6837710412,2
6000,584.5,0.6837420674,2
6000,584.55,0.6837131018,2
6000,584.6,0.6836841443,2
6000,584.65,0.683655195,2
6000,584.7,0.6836262537,2
6000,584.75,0.6835973206,2
6000,584.8,0.6835683957,2
6000,584.85,0.6835394789,2
6000,584.9,0.6835105702,2
6000,584.95,0.6834816697,2
6000,585,0.6834527773,2
6000,585.05,0.683423893,2
6000,585.1,0.6833950169,2
6000,585.15,0.683366149,2
6000,585.2,0.6833372892,2
6000,585.25,0.6833084375,2
6000,585.3,0.683279594,2
6000,585.35,0.6832507587,2
6000,585.4,0.6832219315,2
6000,585.45,0.6831931125,2
6000,585.5,0.6831643017,2
6000,585.55,0.683135499,2
6000,585.6,0.6831067044,2
6000,585.65,0.6830779181,2
6000,585.7,0.6830491399,2
6000,585.75,0.6830203699,2
6000,585.8,0.682991608,2
6000,585.85,0.6829628543,2
6000,585.9,0.6829341088,2
6000,585.95,0.6829053715,2
6000,586,0.6828766423,2
6000,586.05,0.6828479214,2
6000,586.1,0.6828192086,2
6000,586.15,0.682790504,2
6000,586.2,0.6827618076,2
6000,586.25,0.6827331193,2
6000,586.3,0.6827044393,2
6000,586.35,0.6826757674,2
6000,586.4,0.6826471038,2
6000,586.45,0.6826184483,2
6000,586.5,0.682589801,2
6000,586.55,0.6825611619,2
6000,586.6,0.682532531,2
6000,586.65,0.6825039084,2
6000,586.7,0.6824752939,2
6000,586.75,0.6824466876,2
6000,586.8,0.6824180895,2
6000,586.85,0.6823894997,2
6000,586.9,0.682360918,2
6000,586.95,0.6823323446,2
6000,587,0.6823037793,2
6000,587.05,0.6822752223,2
6000,587.1,0.6822466735,2
6000,587.15,0.6822181329,2
6000,587.2,0.6821896005,2
6000,587.25,0.6821610763,2
6000,587.3,0.6821325604,2
6000,587.35,0.6821040527,2
6000,587.4,0.6820755532,2
6000,587.45,0.6820470619,2
6000,587.5,0.6820185789,2
6000,587.55,0.6819901041,2
6000,587.6,0.6819616375,2
6000,587.65,0.6819331791,2
6000,587.7,0.681904729,2
6000,587.75,0.6818762871,2
6000,587.8,0.6818478535,2
6000,587.85,0.6818194281,2
6000,587.9,0.6817910109,2
6000,587.95,0.681762602,2
6000,588,0.6817342013,2
6000,588.05,0.6817058088,2
6000,588.1,0.6816774246,2
6000,588.15,0.6816490487,2
6000,588.2,0.681620681,2
6000,588.25,0.6815923215,2
6000,588.3,0.6815639703,2
6000,588.35,0.6815356274,2
6000,588.4,0.6815072927,2
6000,588.45,0.6814789662,2
6000,588.5,0.6814506481,2
6000,588.55,0.6814223381,2
6000,588.6,0.6813940365,2
6000,588.65,0.6813657431,2
6000,588.7,0.6813374579,2
6000,588.75,0.6813091811,2
6000,588.8,0.6812809125,2
6000,588.85,0.6812526521,2
6000,588.9,0.6812244,2
6000,588.95,0.6811961562,2
6000,589,0.6811679207,2
6000,589.05,0.6811396935,2
6000,589.1,0.6811114745,2
6000,589.15,0.6810832638,2
6000,589.2,0.6810550614,2
6000,589.25,0.6810268672,2
6000,589.3,0.6809986814,2
6000,589.35,0.6809705038,2
6000,589.4,0.6809423345,2
6000,589.45,0.6809141735,2
6000,589.5,0.6808860207,2
6000,589.55,0.6808578763,2
6000,589.6,0.6808297401,2
6000,589.65,0.6808016123,2
6000,589.7,0.6807734927,2
6000,589.75,0.6807453814,2
6000,589.8,0.6807172785,2
6000,589.85,0.6806891838,2
6000,589.9,0.6806610974,2
6000,589.95,0.6806330193,2
6000,590,0.6806049495,2
6000,590.05,0.680576888,2
6000,590.1,0.6805488348,2
6000,590.15,0.68052079,2
6000,590.2,0.6804927534,2
6000,590.25,0.6804647251,2
6000,590.3,0.6804367052,2
6000,590.35,0.6804086935,2
6000,590.4,0.6803806902,2
6000,590.45,0.6803526952,2
6000,590.5,0.6803247084,2
6000,590.55,0.68029673,2
6000,590.6,0.68026876,2
6000,590.65,0.6802407982,2
6000,590.7,0.6802128448,2
6000,590.75,0.6801848996,2
6000,590.8,0.6801569628,2
6000,590.85,0.6801290344,2
6000,590.9,0.6801011142,2
6000,590.95,0.6800732024,2
6000,591,0.6800452989,2
6000,591.05,0.6800174037,2
6000,591.1,0.6799895169,2
6000,591.15,0.6799616384,2
6000,591.2,0.6799337682,2
6000,591.25,0.6799059063,2
6000,591.3,0.6798780528,2
6000,591.35,0.6798502076,2
6000,591.4,0.6798223708,2
6000,591.45,0.6797945423,2
6000,591.5,0.6797667221,2
6000,591.55,0.6797389103,2
6000,591.6,0.6797111069,2
6000,591.65,0.6796833117,2
6000,591.7,0.6796555249,2
6000,591.75,0.6796277465,2
6000,591.8,0.6795999764,2
6000,591.85,0.6795722146,2
6000,591.9,0.6795444612,2
6000,591.95,0.6795167162,2
6000,592,0.6794889795,2
6000,592.05,0.6794612512,2
6000,592.1,0.6794335312,2
6000,592.15,0.6794058195,2
6000,592.2,0.6793781163,2
6000,592.25,0.6793504214,2
6000,592.3,0.6793227348,2
6000,592.35,0.6792950566,2
6000,592.4,0.6792673868,2
6000,592.45,0.6792397253,2
6000,592.5,0.6792120722,2
6000,592.55,0.6791844274,2
6000,592.6,0.6791567911,2
6000,592.65,0.6791291631,2
6000,592.7,0.6791015434,2
6000,592.75,0.6790739322,2
6000,592.8,0.6790463293,2
6000,592.85,0.6790187347,2
6000,592.9,0.6789911486,2
6000,592.95,0.6789635708,2
6000,593,0.6789360014,2
6000,593.05,0.6789084404,2
6000,593.1,0.6788808877,2
6000,593.15,0.6788533435,2
6000,593.2,0.6788258076,2
6000,593.25,0.6787982801,2
6000,593.3,0.6787707609,2
6000,593.35,0.6787432502,2
6000,593.4,0.6787157479,2
6000,593.45,0.6786882539,2
6000,593.5,0.6786607683,2
6000,593.55,0.6786332911,2
6000,593.6,0.6786058223,2
6000,593.65,0.6785783619,2
6000,593.7,0.6785509099,2
6000,593.75,0.6785234662,2
6000,593.8,0.678496031,2
6000,593.85,0.6784686042,2
6000,593.9,0.6784411857,2
6000,593.95,0.6784137757,2
6000,594,0.678386374,2
6000,594.05,0.6783589808,2
6000,594.1,0.6783315959,2
6000,594.15,0.6783042195,2
6000,594.2,0.6782768514,2
6000,594.25,0.6782494918,2
6000,594.3,0.6782221405,2
6000,594.35,0.6781947977,2
6000,594.4,0.6781674633,2
6000,594.45,0.6781401373,2
6000,594.5,0.6781128196,2
6000,594.55,0.6780855104,2
6000,594.6,0.6780582097,2
6000,594.65,0.6780309173,2
6000,594.7,0.6780036333,2
6000,594.75,0.6779763578,2
6000,594.8,0.6779490906,2
6000,594.85,0.6779218319,2
6000,594.9,0.6778945816,2
6000,594.95,0.6778673397,2
6000,595,0.6778401062,2
6000,595.05,0.6778128812,2
6000,595.1,0.6777856645,2
6000,595.15,0.6777584563,2
6000,595.2,0.6777312566,2
6000,595.25,0.6777040652,2
6000,595.3,0.6776768823,2
6000,595.35,0.6776497077,2
6000,595.4,0.6776225417,2
6000,595.45,0.677595384,2
6000,595.5,0.6775682348,2
6000,595.55,0.677541094,2
6000,595.6,0.6775139616,2
6000,595.65,0.6774868377,2
6000,595.7,0.6774597222,2
6000,595.75,0.6774326151,2
6000,595.8,0.6774055164,2
6000,595.85,0.6773784262,2
6000,595.9,0.6773513445,2
6000,595.95,0.6773242712,2
6000,596,0.6772972063,2
6000,596.05,0.6772701498,2
6000,596.1,0.6772431018,2
6000,596.15,0.6772160622,2
6000,596.2,0.6771890311,2
6000,596.25,0.6771620084,2
6000,596.3,0.6771349942,2
6000,596.35,0.6771079884,2
6000,596.4,0.677080991,2
6000,596.45,0.6770540021,2
6000,596.5,0.6770270216,2
6000,596.55,0.6770000496,2
6000,596.6,0.6769730861,2
6000,596.65,0.6769461309,2
6000,596.7,0.6769191843,2
6000,596.75,0.6768922461,2
6000,596.8,0.6768653163,2
6000,596.85,0.676838395,2
6000,596.9,0.6768114821,2
6000,596.95,0.6767845778,2
6000,597,0.6767576818,2
6000,597.05,0.6767307943,2
6000,597.1,0.6767039153,2
6000,597.15,0.6766770447,2
6000,597.2,0.6766501826,2
6000,597.25,0.676623329,2
6000,597.3,0.6765964838,2
6000,597.35,0.676569647,2
6000,597.4,0.6765428188,2
6000,597.45,0.676515999,2
6000,597.5,0.6764891876,2
6000,597.55,0.6764623848,2
6000,597.6,0.6764355904,2
6000,597.65,0.6764088044,2
6000,597.7,0.6763820269,2
6000,597.75,0.6763552579,2
6000,597.8,0.6763284974,2
6000,597.85,0.6763017453,2
6000,597.9,0.6762750017,2
6000,597.95,0.6762482666,2
6000,598,0.67622154,2
6000,598.05,0.6761948218,2
6000,598.1,0.6761681121,2
6000,598.15,0.6761414109,2
6000,598.2,0.6761147181,2
6000,598.25,0.6760880338,2
6000,598.3,0.676061358,2
6000,598.35,0.6760346907,2
6000,598.4,0.6760080318,2
6000,598.45,0.6759813815,2
6000,598.5,0.6759547396,2
6000,598.55,0.6759281062,2
6000,598.6,0.6759014813,2
6000,598.65,0.6758748648,2
6000,598.7,0.6758482569,2
6000,598.75,0.6758216574,2
6000,598.8,0.6757950664,2
6000,598.85,0.6757684839,2
6000,598.9,0.6757419099,2
6000,598.95,0.6757153443,2
6000,599,0.6756887873,2
6000,599.05,0.6756622387,2
6000,599.1,0.6756356986,2
6000,599.15,0.6756091671,2
6000,599.2,0.675582644,2
6000,599.25,0.6755561294,2
6000,599.3,0.6755296232,2
6000,599.35,0.6755031256,2
6000,599.4,0.6754766365,2
6000,599.45,0.6754501559,2
6000,599.5,0.6754236837,2
6000,599.55,0.6753972201,2
6000,599.6,0.6753707649,2
6000,599.65,0.6753443183,2
6000,599.7,0.6753178801,2
6000,599.75,0.6752914505,2
6000,599.8,0.6752650293,2
6000,599.85,0.6752386167,2
6000,599.9,0.6752122125,2
6000,599.95,0.6751858168,2
6000,600,0.6751594297,2
6000,600.05,0.675133051,2
6000,600.1,0.6751066809,2
6000,600.15,0.6750803192,2
6000,600.2,0.675053966,2
6000,600.25,0.6750276214,2
6000,600.3,0.6750012853,2
6000,600.35,0.6749749576,2
6000,600.4,0.6749486385,2
6000,600.45,0.6749223279,2
6000,600.5,0.6748960257,2
6000,600.55,0.6748697321,2
6000,600.6,0.674843447,2
6000,600.65,0.6748171704,2
6000,600.7,0.6747909023,2
6000,600.75,0.6747646428,2
6000,600.8,0.6747383917,2
6000,600.85,0.6747121492,2
6000,600.9,0.6746859151,2
6000,600.95,0.6746596896,2
6000,601,0.6746334726,2
6000,601.05,0.6746072641,2
6000,601.1,0.6745810641,2
6000,601.15,0.6745548726,2
6000,601.2,0.6745286896,2
6000,601.25,0.6745025152,2
6000,601.3,0.6744763493,2
6000,601.35,0.6744501919,2
6000,601.4,0.674424043,2
6000,601.45,0.6743979026,2
6000,601.5,0.6743717707,2
6000,601.55,0.6743456474,2
6000,601.6,0.6743195326,2
6000,601.65,0.6742934263,2
6000,601.7,0.6742673285,2
6000,601.75,0.6742412392,2
6000,601.8,0.6742151585,2
6000,601.85,0.6741890863,2
6000,601.9,0.6741630226,2
6000,601.95,0.6741369674,2
6000,602,0.6741109208,2
6000,602.05,0.6740848827,2
6000,602.1,0.6740588531,2
6000,602.15,0.674032832,2
6000,602.2,0.6740068195,2
6000,602.25,0.6739808155,2
6000,602.3,0.67395482,2
6000,602.35,0.673928833,2
6000,602.4,0.6739028546,2
6000,602.45,0.6738768847,2
6000,602.5,0.6738509233,2
6000,602.55,0.6738249704,2
6000,602.6,0.6737990261,2
6000,602.65,0.6737730903,2
6000,602.7,0.6737471631,2
6000,602.75,0.6737212443,2
6000,602.8,0.6736953341,2
6000,602.85,0.6736694325,2
6000,602.9,0.6736435393,2
6000,602.95,0.6736176547,2
6000,603,0.6735917787,2
6000,603.05,0.6735659111,2
6000,603.1,0.6735400521,2
6000,603.15,0.6735142017,2
6000,603.2,0.6734883597,2
6000,603.25,0.6734625263,2
6000,603.3,0.6734367015,2
6000,603.35,0.6734108852,2
6000,603.4,0.6733850774,2
6000,603.45,0.6733592781,2
6000,603.5,0.6733334874,2
6000,603.55,0.6733077052,2
6000,603.6,0.6732819316,2
6000,603.65,0.6732561665,2
6000,603.7,0.6732304099,2
6000,603.75,0.6732046619,2
6000,603.8,0.6731789224,2
6000,603.85,0.6731531915,2
6000,603.9,0.6731274691,2
6000,603.95,0.6731017552,2
6000,604,0.6730760499,2
6000,604.05,0.6730503531,2
6000,604.1,0.6730246649,2
6000,604.15,0.6729989852,2
6000,604.2,0.6729733141,2
6000,604.25,0.6729476515,2
6000,604.3,0.6729219974,2
6000,604.35,0.6728963519,2
6000,604.4,0.6728707149,2
6000,604.45,0.6728450865,2
6000,604.5,0.6728194666,2
6000,604.55,0.6727938552,2
6000,604.6,0.6727682525,2
6000,604.65,0.6727426582,2
6000,604.7,0.6727170725,2
6000,604.75,0.6726914953,2
6000,604.8,0.6726659267,2
6000,604.85,0.6726403667,2
6000,604.9,0.6726148152,2
6000,604.95,0.6725892722,2
6000,605,0.6725637378,2
6000,605.05,0.6725382119,2
6000,605.1,0.6725126946,2
6000,605.15,0.6724871858,2
6000,605.2,0.6724616856,2
6000,605.25,0.6724361939,2
6000,605.3,0.6724107108,2
6000,605.35,0.6723852362,2
6000,605.4,0.6723597702,2
6000,605.45,0.6723343127,2
6000,605.5,0.6723088638,2
6000,605.55,0.6722834234,2
6000,605.6,0.6722579916,2
6000,605.65,0.6722325683,2
6000,605.7,0.6722071536,2
6000,605.75,0.6721817474,2
6000,605.8,0.6721563498,2
6000,605.85,0.6721309607,2
6000,605.9,0.6721055802,2
6000,605.95,0.6720802083,2
6000,606,0.6720548449,2
6000,606.05,0.67202949,2
6000,606.1,0.6720041437,2
6000,606.15,0.671978806,2
6000,606.2,0.6719534768,2
6000,606.25,0.6719281562,2
6000,606.3,0.6719028441,2
6000,606.35,0.6718775406,2
6000,606.4,0.6718522456,2
6000,606.45,0.6718269592,2
6000,606.5,0.6718016814,2
6000,606.55,0.6717764121,2
6000,606.6,0.6717511513,2
6000,606.65,0.6717258991,2
6000,606.7,0.6717006555,2
6000,606.75,0.6716754204,2
6000,606.8,0.6716501939,2
6000,606.85,0.671624976,2
6000,606.9,0.6715997666,2
6000,606.95,0.6715745657,2
6000,607,0.6715493734,2
6000,607.05,0.6715241897,2
6000,607.1,0.6714990145,2
6000,607.15,0.6714738479,2
6000,607.2,0.6714486899,2
6000,607.25,0.6714235404,2
6000,607.3,0.6713983994,2
6000,607.35,0.671373267,2
6000,607.4,0.6713481432,2
6000,607.45,0.671323028,2
6000,607.5,0.6712979213,2
6000,607.55,0.6712728231,2
6000,607.6,0.6712477335,2
6000,607.65,0.6712226525,2
6000,607.7,0.6711975801,2
6000,607.75,0.6711725162,2
6000,607.8,0.6711474608,2
6000,607.85,0.671122414,2
6000,607.9,0.6710973758,2
6000,607.95,0.6710723461,2
6000,608,0.671047325,2
6000,608.05,0.6710223125,2
6000,608.1,0.6709973085,2
6000,608.15,0.6709723131,2
6000,608.2,0.6709473262,2
6000,608.25,0.6709223479,2
6000,608.3,0.6708973782,2
6000,608.35,0.670872417,2
6000,608.4,0.6708474644,2
6000,608.45,0.6708225204,2
6000,608.5,0.6707975849,2
6000,608.55,0.6707726579,2
6000,608.6,0.6707477396,2
6000,608.65,0.6707228298,2
6000,608.7,0.6706979285,2
6000,608.75,0.6706730358,2
6000,608.8,0.6706481517,2
6000,608.85,0.6706232761,2
6000,608.9,0.6705984092,2
6000,608.95,0.6705735507,2
6000,609,0.6705487008,2
6000,609.05,0.6705238595,2
6000,609.1,0.6704990268,2
6000,609.15,0.6704742026,2
6000,609.2,0.670449387,2
6000,609.25,0.6704245799,2
6000,609.3,0.6703997814,2
6000,609.35,0.6703749915,2
6000,609.4,0.6703502101,2
6000,609.45,0.6703254373,2
6000,609.5,0.670300673,2
6000,609.55,0.6702759173,2
6000,609.6,0.6702511702,2
6000,609.65,0.6702264317,2
6000,609.7,0.6702017017,2
6000,609.75,0.6701769802,2
6000,609.8,0.6701522673,2
6000,609.85,0.670127563,2
6000,609.9,0.6701028673,2
6000,609.95,0.6700781801,2
6000,610,0.6700535015,2
6000,610.05,0.6700288314,2
6000,610.1,0.6700041699,2
6000,610.15,0.669979517,2
6000,610.2,0.6699548726,2
6000,610.25,0.6699302368,2
6000,610.3,0.6699056095,2
6000,610.35,0.6698809908,2
6000,610.4,0.6698563807,2
6000,610.45,0.6698317791,2
6000,610.5,0.6698071861,2
6000,610.55,0.6697826017,2
6000,610.6,0.6697580258,2
6000,610.65,0.6697334585,2
6000,610.7,0.6697088997,2
6000,610.75,0.6696843495,2
6000,610.8,0.6696598079,2
6000,610.85,0.6696352748,2
6000,610.9,0.6696107503,2
6000,610.95,0.6695862344,2
6000,611,0.669561727,2
6000,611.05,0.6695372282,2
6000,611.1,0.6695127379,2
6000,611.15,0.6694882562,2
6000,611.2,0.6694637831,2
6000,611.25,0.6694393185,2
6000,611.3,0.6694148625,2
6000,611.35,0.669390415,2
6000,611.4,0.6693659762,2
6000,611.45,0.6693415458,2
6000,611.5,0.669317124,2
6000,611.55,0.6692927108,2
6000,611.6,0.6692683062,2
6000,611.65,0.6692439101,2
6000,611.7,0.6692195226,2
6000,611.75,0.6691951436,2
6000,611.8,0.6691707732,2
6000,611.85,0.6691464113,2
6000,611.9,0.669122058,2
6000,611.95,0.6690977133,2
6000,612,0.6690733771,2
6000,612.05,0.6690490495,2
6000,612.1,0.6690247305,2
6000,612.15,0.66900042,2
6000,612.2,0.668976118,2
6000,612.25,0.6689518247,2
6000,612.3,0.6689275398,2
6000,612.35,0.6689032636,2
6000,612.4,0.6688789959,2
6000,612.45,0.6688547367,2
6000,612.5,0.6688304862,2
6000,612.55,0.6688062441,2
6000,612.6,0.6687820107,2
6000,612.65,0.6687577858,2
6000,612.7,0.6687335694,2
6000,612.75,0.6687093616,2
6000,612.8,0.6686851624,2
6000,612.85,0.6686609717,2
6000,612.9,0.6686367896,2
6000,612.95,0.668612616,2
6000,613,0.668588451,2
6000,613.05,0.6685642945,2
6000,613.1,0.6685401466,2
6000,613.15,0.6685160073,2
6000,613.2,0.6684918765,2
6000,613.25,0.6684677542,2
6000,613.3,0.6684436406,2
6000,613.35,0.6684195354,2
6000,613.4,0.6683954389,2
6000,613.45,0.6683713508,2
6000,613.5,0.6683472714,2
6000,613.55,0.6683232005,2
6000,613.6,0.6682991381,2
6000,613.65,0.6682750843,2
6000,613.7,0.6682510391,2
6000,613.75,0.6682270024,2
6000,613.8,0.6682029742,2
6000,613.85,0.6681789546,2
6000,613.9,0.6681549436,2
6000,613.95,0.6681309411,2
6000,614,0.6681069472,2
6000,614.05,0.6680829618,2
6000,614.1,0.668058985,2
6000,614.15,0.6680350167,2
6000,614.2,0.668011057,2
6000,614.25,0.6679871058,2
6000,614.3,0.6679631632,2
6000,614.35,0.6679392291,2
6000,614.4,0.6679153036,2
6000,614.45,0.6678913866,2
6000,614.5,0.6678674781,2
6000,614.55,0.6678435783,2
6000,614.6,0.6678196869,2
6000,614.65,0.6677958041,2
6000,614.7,0.6677719299,2
6000,614.75,0.6677480642,2
6000,614.8,0.6677242071,2
6000,614.85,0.6677003585,2
6000,614.9,0.6676765184,2
6000,614.95,0.6676526869,2
6000,615,0.667628864,2
6000,615.05,0.6676050496,2
6000,615.1,0.6675812437,2
6000,615.15,0.6675574464,2
6000,615.2,0.6675336576,2
6000,615.25,0.6675098774,2
6000,615.3,0.6674861057,2
6000,615.35,0.6674623426,2
6000,615.4,0.667438588,2
6000,615.45,0.6674148419,2
6000,615.5,0.6673911044,2
6000,615.55,0.6673673754,2
6000,615.6,0.667343655,2
6000,615.65,0.6673199431,2
6000,615.7,0.6672962398,2
6000,615.75,0.667272545,2
6000,615.8,0.6672488587,2
6000,615.85,0.667225181,2
6000,615.9,0.6672015118,2
6000,615.95,0.6671778512,2
6000,616,0.6671541991,2
6000,616.05,0.6671305555,2
6000,616.1,0.6671069205,2
6000,616.15,0.667083294,2
6000,616.2,0.6670596761,2
6000,616.25,0.6670360667,2
6000,616.3,0.6670124658,2
6000,616.35,0.6669888735,2
6000,616.4,0.6669652897,2
6000,616.45,0.6669417144,2
6000,616.5,0.6669181477,2
6000,616.55,0.6668945895,2
6000,616.6,0.6668710399,2
6000,616.65,0.6668474987,2
6000,616.7,0.6668239661,2
6000,616.75,0.6668004421,2
6000,616.8,0.6667769266,2
6000,616.85,0.6667534196,2
6000,616.9,0.6667299211,2
6000,616.95,0.6667064312,2
6000,617,0.6666829498,2
6000,617.05,0.666659477,2
6000,617.1,0.6666360126,2
6000,617.15,0.6666125568,2
6000,617.2,0.6665891096,2
6000,617.25,0.6665656708,2
6000,617.3,0.6665422406,2
6000,617.35,0.6665188189,2
6000,617.4,0.6664954058,2
6000,617.45,0.6664720011,2
6000,617.5,0.666448605,2
6000,617.55,0.6664252175,2
6000,617.6,0.6664018384,2
6000,617.65,0.6663784679,2
6000,617.7,0.6663551059,2
6000,617.75,0.6663317524,2
6000,617.8,0.6663084075,2
6000,617.85,0.6662850711,2
6000,617.9,0.6662617432,2
6000,617.95,0.6662384238,2
6000,618,0.666215113,2
6000,618.05,0.6661918106,2
6000,618.1,0.6661685168,2
6000,618.15,0.6661452315,2
6000,618.2,0.6661219548,2
6000,618.25,0.6660986865,2
6000,618.3,0.6660754268,2
6000,618.35,0.6660521756,2
6000,618.4,0.6660289329,2
6000,618.45,0.6660056987,2
6000,618.5,0.6659824731,2
6000,618.55,0.6659592559,2
6000,618.6,0.6659360473,2
6000,618.65,0.6659128472,2
6000,618.7,0.6658896556,2
6000,618.75,0.6658664725,2
6000,618.8,0.665843298,2
6000,618.85,0.6658201319,2
6000,618.9,0.6657969744,2
6000,618.95,0.6657738254,2
6000,619,0.6657506849,2
6000,619.05,0.6657275529,2
6000,619.1,0.6657044294,2
6000,619.15,0.6656813145,2
6000,619.2,0.665658208,2
6000,619.25,0.66563511,2
6000,619.3,0.6656120206,2
6000,619.35,0.6655889397,2
6000,619.4,0.6655658672,2
6000,619.45,0.6655428033,2
6000,619.5,0.6655197479,2
6000,619.55,0.665496701,2
6000,619.6,0.6654736626,2
6000,619.65,0.6654506327,2
6000,619.7,0.6654276113,2
6000,619.75,0.6654045985,2
6000,619.8,0.6653815941,2
6000,619.85,0.6653585982,2
6000,619.9,0.6653356108,2
6000,619.95,0.665312632,2
6000,620,0.6652896616,2
6000,620.05,0.6652666997,2
6000,620.1,0.6652437464,2
6000,620.15,0.6652208015,2
6000,620.2,0.6651978651,2
6000,620.25,0.6651749373,2
6000,620.3,0.6651520179,2
6000,620.35,0.665129107,2
6000,620.4,0.6651062046,2
6000,620.45,0.6650833108,2
6000,620.5,0.6650604254,2
6000,620.55,0.6650375485,2
6000,620.6,0.6650146801,2
6000,620.65,0.6649918202,2
6000,620.7,0.6649689688,2
6000,620.75,0.6649461258,2
6000,620.8,0.6649232914,2
6000,620.85,0.6649004655,2
6000,620.9,0.664877648,2
6000,620.95,0.6648548391,2
6000,621,0.6648320386,2
6000,621.05,0.6648092466,2
6000,621.1,0.6647864631,2
6000,621.15,0.6647636881,2
6000,621.2,0.6647409216,2
6000,621.25,0.6647181636,2
6000,621.3,0.664695414,2
6000,621.35,0.664672673,2
6000,621.4,0.6646499404,2
6000,621.45,0.6646272163,2
6000,621.5,0.6646045007,2
6000,621.55,0.6645817936,2
6000,621.6,0.6645590949,2
6000,621.65,0.6645364048,2
6000,621.7,0.6645137231,2
6000,621.75,0.6644910499,2
6000,621.8,0.6644683851,2
6000,621.85,0.6644457289,2
6000,621.9,0.6644230811,2
6000,621.95,0.6644004418,2
6000,622,0.664377811,2
6000,622.05,0.6643551886,2
6000,622.1,0.6643325748,2
6000,622.15,0.6643099694,2
6000,622.2,0.6642873725,2
6000,622.25,0.664264784,2
6000,622.3,0.664242204,2
6000,622.35,0.6642196325,2
6000,622.4,0.6641970695,2
6000,622.45,0.6641745149,2
6000,622.5,0.6641519688,2
6000,622.55,0.6641294312,2
6000,622.6,0.664106902,2
6000,622.65,0.6640843813,2
6000,622.7,0.6640618691,2
6000,622.75,0.6640393653,2
6000,622.8,0.66401687,2
6000,622.85,0.6639943832,2
6000,622.9,0.6639719048,2
6000,622.95,0.6639494349,2
6000,623,0.6639269735,2
6000,623.05,0.6639045205,2
6000,623.1,0.6638820759,2
6000,623.15,0.6638596399,2
6000,623.2,0.6638372123,2
6000,623.25,0.6638147931,2
6000,623.3,0.6637923824,2
6000,623.35,0.6637699802,2
6000,623.4,0.6637475864,2
6000,623.45,0.6637252011,2
6000,623.5,0.6637028242,2
6000,623.55,0.6636804558,2
6000,623.6,0.6636580958,2
6000,623.65,0.6636357443,2
6000,623.7,0.6636134012,2
6000,623.75,0.6635910666,2
6000,623.8,0.6635687405,2
6000,623.85,0.6635464228,2
6000,623.9,0.6635241135,2
6000,623.95,0.6635018127,2
6000,624,0.6634795203,2
6000,624.05,0.6634572364,2
6000,624.1,0.6634349609,2
6000,624.15,0.6634126939,2
6000,624.2,0.6633904353,2
6000,624.25,0.6633681851,2
6000,624.3,0.6633459434,2
6000,624.35,0.6633237101,2
6000,624.4,0.6633014853,2
6000,624.45,0.6632792689,2
6000,624.5,0.663257061,2
6000,624.55,0.6632348615,2
6000,624.6,0.6632126704,2
6000,624.65,0.6631904877,2
6000,624.7,0.6631683135,2
6000,624.75,0.6631461478,2
6000,624.8,0.6631239904,2
6000,624.85,0.6631018415,2
6000,624.9,0.6630797011,2
6000,624.95,0.663057569,2
6000,625,0.6630354454,2
6000,625.05,0.6630133302,2
6000,625.1,0.6629912235,2
6000,625.15,0.6629691251,2
6000,625.2,0.6629470353,2
6000,625.25,0.6629249538,2
6000,625.3,0.6629028807,2
6000,625.35,0.6628808161,2
6000,625.4,0.6628587599,2
6000,625.45,0.6628367121,2
6000,625.5,0.6628146728,2
6000,625.55,0.6627926419,2
6000,625.6,0.6627706193,2
6000,625.65,0.6627486052,2
6000,625.7,0.6627265996,2
6000,625.75,0.6627046023,2
6000,625.8,0.6626826135,2
6000,625.85,0.662660633,2
6000,625.9,0.662638661,2
6000,625.95,0.6626166974,2
6000,626,0.6625947423,2
6000,626.05,0.6625727955,2
6000,626.1,0.6625508571,2
6000,626.15,0.6625289272,2
6000,626.2,0.6625070056,2
6000,626.25,0.6624850925,2
6000,626.3,0.6624631878,2
6000,626.35,0.6624412915,2
6000,626.4,0.6624194036,2
6000,626.45,0.6623975241,2
6000,626.5,0.662375653,2
6000,626.55,0.6623537903,2
6000,626.6,0.662331936,2
6000,626.65,0.6623100901,2
6000,626.7,0.6622882526,2
6000,626.75,0.6622664235,2
6000,626.8,0.6622446028,2
6000,626.85,0.6622227905,2
6000,626.9,0.6622009866,2
6000,626.95,0.6621791911,2
6000,627,0.662157404,2
6000,627.05,0.6621356253,2
6000,627.1,0.6621138549,2
6000,627.15,0.662092093,2
6000,627.2,0.6620703395,2
6000,627.25,0.6620485943,2
6000,627.3,0.6620268576,2
6000,627.35,0.6620051292,2
6000,627.4,0.6619834092,2
6000,627.45,0.6619616976,2
6000,627.5,0.6619399944,2
6000,627.55,0.6619182996,2
6000,627.6,0.6618966131,2
6000,627.65,0.6618749351,2
6000,627.7,0.6618532654,2
6000,627.75,0.6618316041,2
6000,627.8,0.6618099512,2
6000,627.85,0.6617883067,2
6000,627.9,0.6617666705,2
6000,627.95,0.6617450427,2
6000,628,0.6617234233,2
6000,628.05,0.6617018123,2
6000,628.1,0.6616802096,2
6000,628.15,0.6616586153,2
6000,628.2,0.6616370294,2
6000,628.25,0.6616154519,2
6000,628.3,0.6615938827,2
6000,628.35,0.6615723219,2
6000,628.4,0.6615507695,2
6000,628.45,0.6615292254,2
6000,628.5,0.6615076897,2
6000,628.55,0.6614861624,2
6000,628.6,0.6614646434,2
6000,628.65,0.6614431328,2
6000,628.7,0.6614216305,2
6000,628.75,0.6614001367,2
6000,628.8,0.6613786511,2
6000,628.85,0.661357174,2
6000,628.9,0.6613357052,2
6000,628.95,0.6613142447,2
6000,629,0.6612927926,2
6000,629.05,0.6612713489,2
6000,629.1,0.6612499135,2
6000,629.15,0.6612284865,2
6000,629.2,0.6612070678,2
6000,629.25,0.6611856574,2
6000,629.3,0.6611642555,2
6000,629.35,0.6611428618,2
6000,629.4,0.6611214766,2
6000,629.45,0.6611000996,2
6000,629.5,0.661078731,2
6000,629.55,0.6610573708,2
6000,629.6,0.6610360189,2
6000,629.65,0.6610146753,2
6000,629.7,0.6609933401,2
6000,629.75,0.6609720132,2
6000,629.8,0.6609506947,2
6000,629.85,0.6609293845,2
6000,629.9,0.6609080826,2
6000,629.95,0.6608867891,2
6000,630,0.6608655039,2
6000,630.05,0.660844227,2
6000,630.1,0.6608229585,2
6000,630.15,0.6608016983,2
6000,630.2,0.6607804465,2
6000,630.25,0.6607592029,2
6000,630.3,0.6607379677,2
6000,630.35,0.6607167409,2
6000,630.4,0.6606955223,2
6000,630.45,0.6606743121,2
6000,630.5,0.6606531102,2
6000,630.55,0.6606319166,2
6000,630.6,0.6606107314,2
6000,630.65,0.6605895544,2
6000,630.7,0.6605683858,2
6000,630.75,0.6605472255,2
6000,630.8,0.6605260736,2
6000,630.85,0.6605049299,2
6000,630.9,0.6604837946,2
6000,630.95,0.6604626675,2
6000,631,0.6604415488,2
6000,631.05,0.6604204384,2
6000,631.1,0.6603993363,2
6000,631.15,0.6603782426,2
6000,631.2,0.6603571571,2
6000,631.25,0.6603360799,2
6000,631.3,0.6603150111,2
6000,631.35,0.6602939505,2
6000,631.4,0.6602728983,2
6000,631.45,0.6602518543,2
6000,631.5,0.6602308187,2
6000,631.55,0.6602097914,2
6000,631.6,0.6601887723,2
6000,631.65,0.6601677616,2
6000,631.7,0.6601467591,2
6000,631.75,0.660125765,2
6000,631.8,0.6601047791,2
6000,631.85,0.6600838016,2
6000,631.9,0.6600628323,2
6000,631.95,0.6600418714,2
6000,632,0.6600209187,2
6000,632.05,0.6599999743,2
6000,632.1,0.6599790382,2
6000,632.15,0.6599581104,2
6000,632.2,0.6599371909,2
6000,632.25,0.6599162796,2
6000,632.3,0.6598953767,2
6000,632.35,0.659874482,2
6000,632.4,0.6598535956,2
6000,632.45,0.6598327175,2
6000,632.5,0.6598118477,2
6000,632.55,0.6597909861,2
6000,632.6,0.6597701328,2
6000,632.65,0.6597492878,2
6000,632.7,0.6597284511,2
6000,632.75,0.6597076226,2
6000,632.8,0.6596868025,2
6000,632.85,0.6596659906,2
6000,632.9,0.6596451869,2
6000,632.95,0.6596243916,2
6000,633,0.6596036045,2
6000,633.05,0.6595828256,2
6000,633.1,0.659562055,2
6000,633.15,0.6595412927,2
6000,633.2,0.6595205387,2
6000,633.25,0.6594997929,2
6000,633.3,0.6594790554,2
6000,633.35,0.6594583261,2
6000,633.4,0.6594376051,2
6000,633.45,0.6594168924,2
6000,633.5,0.6593961879,2
6000,633.55,0.6593754917,2
6000,633.6,0.6593548037,2
6000,633.65,0.6593341239,2
6000,633.7,0.6593134525,2
6000,633.75,0.6592927892,2
6000,633.8,0.6592721342,2
6000,633.85,0.6592514875,2
6000,633.9,0.659230849,2
6000,633.95,0.6592102188,2
6000,634,0.6591895968,2
6000,634.05,0.659168983,2
6000,634.1,0.6591483775,2
6000,634.15,0.6591277802,2
6000,634.2,0.6591071912,2
6000,634.25,0.6590866104,2
6000,634.3,0.6590660378,2
6000,634.35,0.6590454735,2
6000,634.4,0.6590249174,2
6000,634.45,0.6590043695,2
6000,634.5,0.6589838299,2
6000,634.55,0.6589632985,2
6000,634.6,0.6589427753,2
6000,634.65,0.6589222603,2
6000,634.7,0.6589017536,2
6000,634.75,0.6588812551,2
6000,634.8,0.6588607648,2
6000,634.85,0.6588402828,2
6000,634.9,0.658819809,2
6000,634.95,0.6587993433,2
6000,635,0.6587788859,2
6000,635.05,0.6587584368,2
6000,635.1,0.6587379958,2
6000,635.15,0.6587175631,2
6000,635.2,0.6586971385,2
6000,635.25,0.6586767222,2
6000,635.3,0.6586563141,2
6000,635.35,0.6586359142,2
6000,635.4,0.6586155225,2
6000,635.45,0.658595139,2
6000,635.5,0.6585747637,2
6000,635.55,0.6585543967,2
6000,635.6,0.6585340378,2
6000,635.65,0.6585136871,2
6000,635.7,0.6584933447,2
6000,635.75,0.6584730104,2
6000,635.8,0.6584526843,2
6000,635.85,0.6584323664,2
6000,635.9,0.6584120568,2
6000,635.95,0.6583917553,2
6000,636,0.658371462,2
6000,636.05,0.6583511769,2
6000,636.1,0.6583309,2
6000,636.15,0.6583106312,2
6000,636.2,0.6582903707,2
6000,636.25,0.6582701183,2
6000,636.3,0.6582498742,2
6000,636.35,0.6582296382,2
6000,636.4,0.6582094104,2
6000,636.45,0.6581891908,2
6000,636.5,0.6581689793,2
6000,636.55,0.6581487761,2
6000,636.6,0.658128581,2
6000,636.65,0.6581083941,2
6000,636.7,0.6580882154,2
6000,636.75,0.6580680448,2
6000,636.8,0.6580478824,2
6000,636.85,0.6580277282,2
6000,636.9,0.6580075821,2
6000,636.95,0.6579874442,2
6000,637,0.6579673145,2
6000,637.05,0.657947193,2
6000,637.1,0.6579270796,2
6000,637.15,0.6579069744,2
6000,637.2,0.6578868773,2
6000,637.25,0.6578667884,2
6000,637.3,0.6578467076,2
6000,637.35,0.6578266351,2
6000,637.4,0.6578065706,2
6000,637.45,0.6577865143,2
6000,637.5,0.6577664662,2
6000,637.55,0.6577464262,2
6000,637.6,0.6577263944,2
6000,637.65,0.6577063707,2
6000,637.7,0.6576863552,2
6000,637.75,0.6576663478,2
6000,637.8,0.6576463486,2
6000,637.85,0.6576263575,2
6000,637.9,0.6576063745,2
6000,637.95,0.6575863997,2
6000,638,0.657566433,2
6000,638.05,0.6575464745,2
6000,638.1,0.6575265241,2
6000,638.15,0.6575065818,2
6000,638.2,0.6574866477,2
6000,638.25,0.6574667217,2
6000,638.3,0.6574468038,2
6000,638.35,0.657426894,2
6000,638.4,0.6574069924,2
6000,638.45,0.6573870989,2
6000,638.5,0.6573672136,2
6000,638.55,0.6573473363,2
6000,638.6,0.6573274672,2
6000,638.65,0.6573076062,2
6000,638.7,0.6572877533,2
6000,638.75,0.6572679086,2
6000,638.8,0.6572480719,2
6000,638.85,0.6572282434,2
6000,638.9,0.657208423,2
6000,638.95,0.6571886107,2
6000,639,0.6571688065,2
6000,639.05,0.6571490104,2
6000,639.1,0.6571292224,2
6000,639.15,0.6571094426,2
6000,639.2,0.6570896708,2
6000,639.25,0.6570699071,2
6000,639.3,0.6570501516,2
6000,639.35,0.6570304041,2
6000,639.4,0.6570106648,2
6000,639.45,0.6569909335,2
6000,639.5,0.6569712104,2
6000,639.55,0.6569514953,2
6000,639.6,0.6569317883,2
6000,639.65,0.6569120895,2
6000,639.7,0.6568923987,2
6000,639.75,0.656872716,2
6000,639.8,0.6568530414,2
6000,639.85,0.6568333748,2
6000,639.9,0.6568137164,2
6000,639.95,0.656794066,2
6000,640,0.6567744238,2
6000,640.05,0.6567547896,2
6000,640.1,0.6567351635,2
6000,640.15,0.6567155454,2
6000,640.2,0.6566959355,2
6000,640.25,0.6566763336,2
6000,640.3,0.6566567398,2
6000,640.35,0.656637154,2
6000,640.4,0.6566175764,2
6000,640.45,0.6565980068,2
6000,640.5,0.6565784453,2
6000,640.55,0.6565588918,2
6000,640.6,0.6565393464,2
6000,640.65,0.6565198091,2
6000,640.7,0.6565002798,2
6000,640.75,0.6564807586,2
6000,640.8,0.6564612454,2
6000,640.85,0.6564417403,2
6000,640.9,0.6564222433,2
6000,640.95,0.6564027543,2
6000,641,0.6563832734,2
6000,641.05,0.6563638005,2
6000,641.1,0.6563443356,2
6000,641.15,0.6563248789,2
6000,641.2,0.6563054301,2
6000,641.25,0.6562859894,2
6000,641.3,0.6562665568,2
6000,641.35,0.6562471322,2
6000,641.4,0.6562277156,2
6000,641.45,0.6562083071,2
6000,641.5,0.6561889066,2
6000,641.55,0.6561695142,2
6000,641.6,0.6561501298,2
6000,641.65,0.6561307534,2
6000,641.7,0.656111385,2
6000,641.75,0.6560920247,2
6000,641.8,0.6560726724,2
6000,641.85,0.6560533282,2
6000,641.9,0.6560339919,2
6000,641.95,0.6560146637,2
6000,642,0.6559953435,2
6000,642.05,0.6559760313,2
6000,642.1,0.6559567272,2
6000,642.15,0.6559374311,2
6000,642.2,0.655918143,2
6000,642.25,0.6558988629,2
6000,642.3,0.6558795908,2
6000,642.35,0.6558603267,2
6000,642.4,0.6558410706,2
6000,642.45,0.6558218226,2
6000,642.5,0.6558025826,2
6000,642.55,0.6557833505,2
6000,642.6,0.6557641265,2
6000,642.65,0.6557449105,2
6000,642.7,0.6557257024,2
6000,642.75,0.6557065024,2
6000,642.8,0.6556873104,2
6000,642.85,0.6556681263,2
6000,642.9,0.6556489503,2
6000,642.95,0.6556297823,2
6000,643,0.6556106222,2
6000,643.05,0.6555914701,2
6000,643.1,0.6555723261,2
6000,643.15,0.65555319,2
6000,643.2,0.6555340619,2
6000,643.25,0.6555149418,2
6000,643.3,0.6554958296,2
6000,643.35,0.6554767255,2
6000,643.4,0.6554576293,2
6000,643.45,0.6554385411,2
6000,643.5,0.6554194609,2
6000,643.55,0.6554003887,2
6000,643.6,0.6553813244,2
6000,643.65,0.6553622681,2
6000,643.7,0.6553432198,2
6000,643.75,0.6553241794,2
6000,643.8,0.655305147,2
6000,643.85,0.6552861226,2
6000,643.9,0.6552671062,2
6000,643.95,0.6552480977,2
6000,644,0.6552290971,2
6000,644.05,0.6552101046,2
6000,644.1,0.6551911199,2
6000,644.15,0.6551721433,2
6000,644.2,0.6551531746,2
6000,644.25,0.6551342138,2
6000,644.3,0.655115261,2
6000,644.35,0.6550963162,2
6000,644.4,0.6550773793,2
6000,644.45,0.6550584503,2
6000,644.5,0.6550395293,2
6000,644.55,0.6550206162,2
6000,644.6,0.6550017111,2
6000,644.65,0.6549828139,2
6000,644.7,0.6549639246,2
6000,644.75,0.6549450433,2
6000,644.8,0.65492617,2
6000,644.85,0.6549073045,2
6000,644.9,0.654888447,2
6000,644.95,0.6548695974,2
6000,645,0.6548507558,2
6000,645.05,0.654831922,2
6000,645.1,0.6548130962,2
6000,645.15,0.6547942784,2
6000,645.2,0.6547754684,2
6000,645.25,0.6547566664,2
6000,645.3,0.6547378723,2
6000,645.35,0.6547190861,2
6000,645.4,0.6547003078,2
6000,645.45,0.6546815374,2
6000,645.5,0.654662775,2
6000,645.55,0.6546440205,2
6000,645.6,0.6546252738,2
6000,645.65,0.6546065351,2
6000,645.7,0.6545878043,2
6000,645.75,0.6545690814,2
6000,645.8,0.6545503664,2
6000,645.85,0.6545316593,2
6000,645.9,0.6545129601,2
6000,645.95,0.6544942687,2
6000,646,0.6544755853,2
6000,646.05,0.6544569098,2
6000,646.1,0.6544382422,2
6000,646.15,0.6544195825,2
6000,646.2,0.6544009306,2
6000,646.25,0.6543822867,2
6000,646.3,0.6543636506,2
6000,646.35,0.6543450224,2
6000,646.4,0.6543264021,2
6000,646.45,0.6543077897,2
6000,646.5,0.6542891852,2
6000,646.55,0.6542705885,2
6000,646.6,0.6542519997,2
6000,646.65,0.6542334188,2
6000,646.7,0.6542148458,2
6000,646.75,0.6541962806,2
6000,646.8,0.6541777233,2
6000,646.85,0.6541591739,2
6000,646.9,0.6541406323,2
6000,646.95,0.6541220986,2
6000,647,0.6541035728,2
6000,647.05,0.6540850548,2
6000,647.1,0.6540665447,2
6000,647.15,0.6540480425,2
6000,647.2,0.6540295481,2
6000,647.25,0.6540110615,2
6000,647.3,0.6539925829,2
6000,647.35,0.653974112,2
6000,647.4,0.653955649,2
6000,647.45,0.6539371939,2
6000,647.5,0.6539187466,2
6000,647.55,0.6539003072,2
6000,647.6,0.6538818756,2
6000,647.65,0.6538634518,2
6000,647.7,0.6538450359,2
6000,647.75,0.6538266278,2
6000,647.8,0.6538082276,2
6000,647.85,0.6537898351,2
6000,647.9,0.6537714506,2
6000,647.95,0.6537530738,2
6000,648,0.6537347049,2
6000,648.05,0.6537163438,2
6000,648.1,0.6536979906,2
6000,648.15,0.6536796451,2
6000,648.2,0.6536613075,2
6000,648.25,0.6536429777,2
6000,648.3,0.6536246557,2
6000,648.35,0.6536063416,2
6000,648.4,0.6535880352,2
6000,648.45,0.6535697367,2
6000,648.5,0.653551446,2
6000,648.55,0.6535331631,2
6000,648.6,0.653514888,2
6000,648.65,0.6534966207,2
6000,648.7,0.6534783612,2
6000,648.75,0.6534601096,2
6000,648.8,0.6534418657,2
6000,648.85,0.6534236296,2
6000,648.9,0.6534054013,2
6000,648.95,0.6533871809,2
6000,649,0.6533689682,2
6000,649.05,0.6533507633,2
6000,649.1,0.6533325662,2
6000,649.15,0.6533143769,2
6000,649.2,0.6532961954,2
6000,649.25,0.6532780216,2
6000,649.3,0.6532598557,2
6000,649.35,0.6532416975,2
6000,649.4,0.6532235471,2
6000,649.45,0.6532054045,2
6000,649.5,0.6531872697,2
6000,649.55,0.6531691427,2
6000,649.6,0.6531510234,2
6000,649.65,0.6531329119,2
6000,649.7,0.6531148082,2
6000,649.75,0.6530967122,2
6000,649.8,0.653078624,2
6000,649.85,0.6530605436,2
6000,649.9,0.6530424709,2
6000,649.95,0.653024406,2
6000,650,0.6530063489,2
6000,650.05,0.6529882995,2
6000,650.1,0.6529702579,2
6000,650.15,0.652952224,2
6000,650.2,0.6529341979,2
6000,650.25,0.6529161796,2
6000,650.3,0.652898169,2
6000,650.35,0.6528801661,2
6000,650.4,0.652862171,2
6000,650.45,0.6528441836,2
6000,650.5,0.652826204,2
6000,650.55,0.6528082321,2
6000,650.6,0.6527902679,2
6000,650.65,0.6527723115,2
6000,650.7,0.6527543629,2
6000,650.75,0.6527364219,2
6000,650.8,0.6527184887,2
6000,650.85,0.6527005632,2
6000,650.9,0.6526826455,2
6000,650.95,0.6526647355,2
6000,651,0.6526468332,2
6000,651.05,0.6526289386,2
6000,651.1,0.6526110518,2
6000,651.15,0.6525931726,2
6000,651.2,0.6525753012,2
6000,651.25,0.6525574375,2
6000,651.3,0.6525395815,2
6000,651.35,0.6525217333,2
6000,651.4,0.6525038927,2
6000,651.45,0.6524860599,2
6000,651.5,0.6524682347,2
6000,651.55,0.6524504173,2
6000,651.6,0.6524326076,2
6000,651.65,0.6524148056,2
6000,651.7,0.6523970112,2
6000,651.75,0.6523792246,2
6000,651.8,0.6523614457,2
6000,651.85,0.6523436744,2
6000,651.9,0.6523259109,2
6000,651.95,0.652308155,2
6000,652,0.6522904069,2
6000,652.05,0.6522726664,2
6000,652.1,0.6522549336,2
6000,652.15,0.6522372085,2
6000,652.2,0.6522194911,2
6000,652.25,0.6522017814,2
6000,652.3,0.6521840793,2
6000,652.35,0.6521663849,2
6000,652.4,0.6521486982,2
6000,652.45,0.6521310192,2
6000,652.5,0.6521133478,2
6000,652.55,0.6520956841,2
6000,652.6,0.6520780281,2
6000,652.65,0.6520603797,2
6000,652.7,0.652042739,2
6000,652.75,0.652025106,2
6000,652.8,0.6520074806,2
6000,652.85,0.6519898629,2
6000,652.9,0.6519722528,2
6000,652.95,0.6519546504,2
6000,653,0.6519370557,2
6000,653.05,0.6519194686,2
6000,653.1,0.6519018891,2
6000,653.15,0.6518843173,2
6000,653.2,0.6518667532,2
6000,653.25,0.6518491967,2
6000,653.3,0.6518316478,2
6000,653.35,0.6518141066,2
6000,653.4,0.651796573,2
6000,653.45,0.651779047,2
6000,653.5,0.6517615287,2
6000,653.55,0.651744018,2
6000,653.6,0.651726515,2
6000,653.65,0.6517090196,2
6000,653.7,0.6516915318,2
6000,653.75,0.6516740516,2
6000,653.8,0.6516565791,2
6000,653.85,0.6516391141,2
6000,653.9,0.6516216568,2
6000,653.95,0.6516042071,2
6000,654,0.6515867651,2
6000,654.05,0.6515693306,2
6000,654.1,0.6515519038,2
6000,654.15,0.6515344846,2
6000,654.2,0.6515170729,2
6000,654.25,0.6514996689,2
6000,654.3,0.6514822725,2
6000,654.35,0.6514648837,2
6000,654.4,0.6514475025,2
6000,654.45,0.6514301289,2
6000,654.5,0.6514127629,2
6000,654.55,0.6513954045,2
6000,654.6,0.6513780537,2
6000,654.65,0.6513607105,2
6000,654.7,0.6513433748,2
6000,654.75,0.6513260468,2
6000,654.8,0.6513087264,2
6000,654.85,0.6512914135,2
6000,654.9,0.6512741082,2
6000,654.95,0.6512568105,2
6000,655,0.6512395204,2
6000,655.05,0.6512222378,2
6000,655.1,0.6512049629,2
6000,655.15,0.6511876955,2
6000,655.2,0.6511704356,2
6000,655.25,0.6511531834,2
6000,655.3,0.6511359387,2
6000,655.35,0.6511187016,2
6000,655.4,0.651101472,2
6000,655.45,0.65108425,2
6000,655.5,0.6510670356,2
6000,655.55,0.6510498287,2
6000,655.6,0.6510326294,2
6000,655.65,0.6510154376,2
6000,655.7,0.6509982534,2
6000,655.75,0.6509810768,2
6000,655.8,0.6509639077,2
6000,655.85,0.6509467461,2
6000,655.9,0.6509295921,2
6000,655.95,0.6509124456,2
6000,656,0.6508953067,2
6000,656.05,0.6508781753,2
6000,656.1,0.6508610514,2
6000,656.15,0.6508439351,2
6000,656.2,0.6508268263,2
6000,656.25,0.6508097251,2
6000,656.3,0.6507926314,2
6000,656.35,0.6507755452,2
6000,656.4,0.6507584665,2
6000,656.45,0.6507413954,2
6000,656.5,0.6507243318,2
6000,656.55,0.6507072757,2
6000,656.6,0.6506902271,2
6000,656.65,0.650673186,2
6000,656.7,0.6506561525,2
6000,656.75,0.6506391265,2
6000,656.8,0.6506221079,2
6000,656.85,0.6506050969,2
6000,656.9,0.6505880934,2
6000,656.95,0.6505710974,2
6000,657,0.650554109,2
6000,657.05,0.650537128,2
6000,657.1,0.6505201545,2
6000,657.15,0.6505031885,2
6000,657.2,0.65048623,2
6000,657.25,0.650469279,2
6000,657.3,0.6504523355,2
6000,657.35,0.6504353995,2
6000,657.4,0.6504184709,2
6000,657.45,0.6504015499,2
6000,657.5,0.6503846363,2
6000,657.55,0.6503677302,2
6000,657.6,0.6503508317,2
6000,657.65,0.6503339405,2
6000,657.7,0.6503170569,2
6000,657.75,0.6503001807,2
6000,657.8,0.650283312,2
6000,657.85,0.6502664508,2
6000,657.9,0.6502495971,2
6000,657.95,0.6502327508,2
6000,658,0.650215912,2
6000,658.05,0.6501990806,2
6000,658.1,0.6501822567,2
6000,658.15,0.6501654403,2
6000,658.2,0.6501486313,2
6000,658.25,0.6501318298,2
6000,658.3,0.6501150357,2
6000,658.35,0.6500982491,2
6000,658.4,0.6500814699,2
6000,658.45,0.6500646982,2
6000,658.5,0.6500479339,2
6000,658.55,0.6500311771,2
6000,658.6,0.6500144277,2
6000,658.65,0.6499976858,2
6000,658.7,0.6499809513,2
6000,658.75,0.6499642242,2
6000,658.8,0.6499475046,2
6000,658.85,0.6499307924,2
6000,658.9,0.6499140876,2
6000,658.95,0.6498973903,2
6000,659,0.6498807003,2
6000,659.05,0.6498640178,2
6000,659.1,0.6498473428,2
6000,659.15,0.6498306751,2
6000,659.2,0.6498140149,2
6000,659.25,0.6497973621,2
6000,659.3,0.6497807167,2
6000,659.35,0.6497640787,2
6000,659.4,0.6497474481,2
6000,659.45,0.6497308249,2
6000,659.5,0.6497142092,2
6000,659.55,0.6496976008,2
6000,659.6,0.6496809999,2
6000,659.65,0.6496644063,2
6000,659.7,0.6496478202,2
6000,659.75,0.6496312414,2
6000,659.8,0.64961467,2
6000,659.85,0.6495981061,2
6000,659.9,0.6495815495,2
6000,659.95,0.6495650003,2
6000,660,0.6495484585,2
6000,660.05,0.6495319241,2
6000,660.1,0.6495153971,2
6000,660.15,0.6494988774,2
6000,660.2,0.6494823652,2
6000,660.25,0.6494658603,2
6000,660.3,0.6494493628,2
6000,660.35,0.6494328726,2
6000,660.4,0.6494163898,2
6000,660.45,0.6493999144,2
6000,660.5,0.6493834464,2
6000,660.55,0.6493669857,2
6000,660.6,0.6493505324,2
6000,660.65,0.6493340865,2
6000,660.7,0.6493176479,2
6000,660.75,0.6493012167,2
6000,660.8,0.6492847928,2
6000,660.85,0.6492683763,2
6000,660.9,0.6492519671,2
6000,660.95,0.6492355653,2
6000,661,0.6492191708,2
6000,661.05,0.6492027837,2
6000,661.1,0.6491864039,2
6000,661.15,0.6491700315,2
6000,661.2,0.6491536664,2
6000,661.25,0.6491373087,2
6000,661.3,0.6491209582,2
6000,661.35,0.6491046151,2
6000,661.4,0.6490882794,2
6000,661.45,0.649071951,2
6000,661.5,0.6490556299,2
6000,661.55,0.6490393161,2
6000,661.6,0.6490230096,2
6000,661.65,0.6490067105,2
6000,661.7,0.6489904187,2
6000,661.75,0.6489741342,2
6000,661.8,0.648957857,2
6000,661.85,0.6489415872,2
6000,661.9,0.6489253246,2
6000,661.95,0.6489090694,2
6000,662,0.6488928215,2
6000,662.05,0.6488765808,2
6000,662.1,0.6488603475,2
6000,662.15,0.6488441215,2
6000,662.2,0.6488279028,2
6000,662.25,0.6488116914,2
6000,662.3,0.6487954872,2
6000,662.35,0.6487792904,2
6000,662.4,0.6487631009,2
6000,662.45,0.6487469186,2
6000,662.5,0.6487307436,2
6000,662.55,0.648714576,2
6000,662.6,0.6486984156,2
6000,662.65,0.6486822625,2
6000,662.7,0.6486661166,2
6000,662.75,0.6486499781,2
6000,662.8,0.6486338468,2
6000,662.85,0.6486177228,2
6000,662.9,0.6486016061,2
6000,662.95,0.6485854966,2
6000,663,0.6485693944,2
6000,663.05,0.6485532995,2
6000,663.1,0.6485372118,2
6000,663.15,0.6485211314,2
6000,663.2,0.6485050583,2
6000,663.25,0.6484889924,2
6000,663.3,0.6484729337,2
6000,663.35,0.6484568824,2
6000,663.4,0.6484408382,2
6000,663.45,0.6484248014,2
6000,663.5,0.6484087717,2
6000,663.55,0.6483927493,2
6000,663.6,0.6483767342,2
6000,663.65,0.6483607263,2
6000,663.7,0.6483447256,2
6000,663.75,0.6483287322,2
6000,663.8,0.648312746,2
6000,663.85,0.6482967671,2
6000,663.9,0.6482807953,2
6000,663.95,0.6482648309,2
6000,664,0.6482488736,2
6000,664.05,0.6482329235,2
6000,664.1,0.6482169807,2
6000,664.15,0.6482010451,2
6000,664.2,0.6481851167,2
6000,664.25,0.6481691956,2
6000,664.3,0.6481532816,2
6000,664.35,0.6481373749,2
6000,664.4,0.6481214754,2
6000,664.45,0.648105583,2
6000,664.5,0.6480896979,2
6000,664.55,0.64807382,2
6000,664.6,0.6480579493,2
6000,664.65,0.6480420858,2
6000,664.7,0.6480262295,2
6000,664.75,0.6480103804,2
6000,664.8,0.6479945385,2
6000,664.85,0.6479787038,2
6000,664.9,0.6479628763,2
6000,664.95,0.6479470559,2
6000,665,0.6479312428,2
6000,665.05,0.6479154368,2
6000,665.1,0.647899638,2
6000,665.15,0.6478838464,2
6000,665.2,0.6478680619,2
6000,665.25,0.6478522847,2
6000,665.3,0.6478365146,2
6000,665.35,0.6478207517,2
6000,665.4,0.647804996,2
6000,665.45,0.6477892474,2
6000,665.5,0.647773506,2
6000,665.55,0.6477577717,2
6000,665.6,0.6477420447,2
6000,665.65,0.6477263247,2
6000,665.7,0.647710612,2
6000,665.75,0.6476949064,2
6000,665.8,0.6476792079,2
6000,665.85,0.6476635166,2
6000,665.9,0.6476478324,2
6000,665.95,0.6476321554,2
6000,666,0.6476164856,2
6000,666.05,0.6476008228,2
6000,666.1,0.6475851673,2
6000,666.15,0.6475695188,2
6000,666.2,0.6475538775,2
6000,666.25,0.6475382434,2
6000,666.3,0.6475226163,2
6000,666.35,0.6475069964,2
6000,666.4,0.6474913836,2
6000,666.45,0.647475778,2
6000,666.5,0.6474601795,2
6000,666.55,0.647444588,2
6000,666.6,0.6474290038,2
6000,666.65,0.6474134266,2
6000,666.7,0.6473978565,2
6000,666.75,0.6473822936,2
6000,666.8,0.6473667378,2
6000,666.85,0.6473511891,2
6000,666.9,0.6473356475,2
6000,666.95,0.647320113,2
6000,667,0.6473045856,2
6000,667.05,0.6472890653,2
6000,667.1,0.6472735521,2
6000,667.15,0.647258046,2
6000,667.2,0.647242547,2
6000,667.25,0.6472270551,2
6000,667.3,0.6472115702,2
6000,667.35,0.6471960925,2
6000,667.4,0.6471806219,2
6000,667.45,0.6471651583,2
6000,667.5,0.6471497018,2
6000,667.55,0.6471342524,2
6000,667.6,0.6471188101,2
6000,667.65,0.6471033749,2
6000,667.7,0.6470879467,2
6000,667.75,0.6470725256,2
6000,667.8,0.6470571116,2
6000,667.85,0.6470417046,2
6000,667.9,0.6470263048,2
6000,667.95,0.6470109119,2
6000,668,0.6469955262,2
6000,668.05,0.6469801475,2
6000,668.1,0.6469647758,2
6000,668.15,0.6469494112,2
6000,668.2,0.6469340537,2
6000,668.25,0.6469187032,2
6000,668.3,0.6469033598,2
6000,668.35,0.6468880234,2
6000,668.4,0.646872694,2
6000,668.45,0.6468573717,2
6000,668.5,0.6468420565,2
6000,668.55,0.6468267483,2
6000,668.6,0.6468114471,2
6000,668.65,0.6467961529,2
6000,668.7,0.6467808658,2
6000,668.75,0.6467655857,2
6000,668.8,0.6467503127,2
6000,668.85,0.6467350467,2
6000,668.9,0.6467197876,2
6000,668.95,0.6467045357,2
6000,669,0.6466892907,2
6000,669.05,0.6466740528,2
6000,669.1,0.6466588218,2
6000,669.15,0.6466435979,2
6000,669.2,0.646628381,2
6000,669.25,0.6466131711,2
6000,669.3,0.6465979682,2
6000,669.35,0.6465827723,2
6000,669.4,0.6465675835,2
6000,669.45,0.6465524016,2
6000,669.5,0.6465372267,2
6000,669.55,0.6465220588,2
6000,669.6,0.6465068979,2
6000,669.65,0.646491744,2
6000,669.7,0.6464765971,2
6000,669.75,0.6464614572,2
6000,669.8,0.6464463243,2
6000,669.85,0.6464311983,2
6000,669.9,0.6464160794,2
6000,669.95,0.6464009674,2
6000,670,0.6463858624,2
6000,670.05,0.6463707643,2
6000,670.1,0.6463556733,2
6000,670.15,0.6463405892,2
6000,670.2,0.6463255121,2
6000,670.25,0.6463104419,2
6000,670.3,0.6462953787,2
6000,670.35,0.6462803225,2
6000,670.4,0.6462652733,2
6000,670.45,0.646250231,2
6000,670.5,0.6462351956,2
6000,670.55,0.6462201672,2
6000,670.6,0.6462051458,2
6000,670.65,0.6461901313,2
6000,670.7,0.6461751238,2
6000,670.75,0.6461601232,2
6000,670.8,0.6461451295,2
6000,670.85,0.6461301428,2
6000,670.9,0.646115163,2
6000,670.95,0.6461001902,2
6000,671,0.6460852243,2
6000,671.05,0.6460702653,2
6000,671.1,0.6460553133,2
6000,671.15,0.6460403682,2
6000,671.2,0.64602543,2
6000,671.25,0.6460104988,2
6000,671.3,0.6459955745,2
6000,671.35,0.6459806571,2
6000,671.4,0.6459657466,2
6000,671.45,0.645950843,2
6000,671.5,0.6459359463,2
6000,671.55,0.6459210566,2
6000,671.6,0.6459061738,2
6000,671.65,0.6458912978,2
6000,671.7,0.6458764288,2
6000,671.75,0.6458615667,2
6000,671.8,0.6458467115,2
6000,671.85,0.6458318631,2
6000,671.9,0.6458170217,2
6000,671.95,0.6458021872,2
6000,672,0.6457873596,2
6000,672.05,0.6457725388,2
6000,672.1,0.645757725,2
6000,672.15,0.645742918,2
6000,672.2,0.6457281179,2
6000,672.25,0.6457133247,2
6000,672.3,0.6456985384,2
6000,672.35,0.6456837589,2
6000,672.4,0.6456689864,2
6000,672.45,0.6456542207,2
6000,672.5,0.6456394618,2
6000,672.55,0.6456247099,2
6000,672.6,0.6456099648,2
6000,672.65,0.6455952266,2
6000,672.7,0.6455804952,2
6000,672.75,0.6455657707,2
6000,672.8,0.6455510531,2
6000,672.85,0.6455363423,2
6000,672.9,0.6455216384,2
6000,672.95,0.6455069413,2
6000,673,0.6454922511,2
6000,673.05,0.6454775677,2
6000,673.1,0.6454628911,2
6000,673.15,0.6454482215,2
6000,673.2,0.6454335586,2
6000,673.25,0.6454189026,2
6000,673.3,0.6454042534,2
6000,673.35,0.6453896111,2
6000,673.4,0.6453749756,2
6000,673.45,0.6453603469,2
6000,673.5,0.6453457251,2
6000,673.55,0.64533111,2
6000,673.6,0.6453165018,2
6000,673.65,0.6453019005,2
6000,673.7,0.6452873059,2
6000,673.75,0.6452727182,2
6000,673.8,0.6452581373,2
6000,673.85,0.6452435632,2
6000,673.9,0.6452289959,2
6000,673.95,0.6452144354,2
6000,674,0.6451998817,2
6000,674.05,0.6451853348,2
6000,674.1,0.6451707948,2
6000,674.15,0.6451562615,2
6000,674.2,0.645141735,2
6000,674.25,0.6451272153,2
6000,674.3,0.6451127024,2
6000,674.35,0.6450981964,2
6000,674.4,0.6450836971,2
6000,674.45,0.6450692045,2
6000,674.5,0.6450547188,2
6000,674.55,0.6450402399,2
6000,674.6,0.6450257677,2
6000,674.65,0.6450113023,2
6000,674.7,0.6449968437,2
6000,674.75,0.6449823919,2
6000,674.8,0.6449679468,2
6000,674.85,0.6449535085,2
6000,674.9,0.644939077,2
6000,674.95,0.6449246523,2
6000,675,0.6449102343,2
6000,675.05,0.644895823,2
6000,675.1,0.6448814186,2
6000,675.15,0.6448670208,2
6000,675.2,0.6448526299,2
6000,675.25,0.6448382457,2
6000,675.3,0.6448238682,2
6000,675.35,0.6448094975,2
6000,675.4,0.6447951336,2
6000,675.45,0.6447807763,2
6000,675.5,0.6447664259,2
6000,675.55,0.6447520821,2
6000,675.6,0.6447377451,2
6000,675.65,0.6447234149,2
6000,675.7,0.6447090914,2
6000,675.75,0.6446947746,2
6000,675.8,0.6446804645,2
6000,675.85,0.6446661612,2
6000,675.9,0.6446518645,2
6000,675.95,0.6446375747,2
6000,676,0.6446232915,2
6000,676.05,0.644609015,2
6000,676.1,0.6445947453,2
6000,676.15,0.6445804823,2
6000,676.2,0.644566226,2
6000,676.25,0.6445519764,2
6000,676.3,0.6445377335,2
6000,676.35,0.6445234973,2
6000,676.4,0.6445092678,2
6000,676.45,0.644495045,2
6000,676.5,0.6444808289,2
6000,676.55,0.6444666195,2
6000,676.6,0.6444524168,2
6000,676.65,0.6444382208,2
6000,676.7,0.6444240315,2
6000,676.75,0.6444098489,2
6000,676.8,0.644395673,2
6000,676.85,0.6443815037,2
6000,676.9,0.6443673411,2
6000,676.95,0.6443531853,2
6000,677,0.644339036,2
6000,677.05,0.6443248935,2
6000,677.1,0.6443107576,2
6000,677.15,0.6442966284,2
6000,677.2,0.6442825059,2
6000,677.25,0.64426839,2
6000,677.3,0.6442542808,2
6000,677.35,0.6442401783,2
6000,677.4,0.6442260824,2
6000,677.45,0.6442119932,2
6000,677.5,0.6441979106,2
6000,677.55,0.6441838347,2
6000,677.6,0.6441697654,2
6000,677.65,0.6441557028,2
6000,677.7,0.6441416469,2
6000,677.75,0.6441275975,2
6000,677.8,0.6441135549,2
6000,677.85,0.6440995188,2
6000,677.9,0.6440854894,2
6000,677.95,0.6440714666,2
6000,678,0.6440574505,2
6000,678.05,0.644043441,2
6000,678.1,0.6440294381,2
6000,678.15,0.6440154419,2
6000,678.2,0.6440014523,2
6000,678.25,0.6439874693,2
6000,678.3,0.6439734929,2
6000,678.35,0.6439595231,2
6000,678.4,0.64394556,2
6000,678.45,0.6439316034,2
6000,678.5,0.6439176535,2
6000,678.55,0.6439037102,2
6000,678.6,0.6438897735,2
6000,678.65,0.6438758434,2
6000,678.7,0.6438619199,2
6000,678.75,0.643848003,2
6000,678.8,0.6438340927,2
6000,678.85,0.643820189,2
6000,678.9,0.6438062919,2
6000,678.95,0.6437924014,2
6000,679,0.6437785175,2
6000,679.05,0.6437646401,2
6000,679.1,0.6437507694,2
6000,679.15,0.6437369052,2
6000,679.2,0.6437230476,2
6000,679.25,0.6437091966,2
6000,679.3,0.6436953522,2
6000,679.35,0.6436815143,2
6000,679.4,0.643667683,2
6000,679.45,0.6436538583,2
6000,679.5,0.6436400401,2
6000,679.55,0.6436262286,2
6000,679.6,0.6436124235,2
6000,679.65,0.6435986251,2
6000,679.7,0.6435848332,2
6000,679.75,0.6435710478,2
6000,679.8,0.643557269,2
6000,679.85,0.6435434968,2
6000,679.9,0.6435297311,2
6000,679.95,0.643515972,2
6000,680,0.6435022194,2
6000,680.05,0.6434884733,2
6000,680.1,0.6434747338,2
6000,680.15,0.6434610009,2
6000,680.2,0.6434472744,2
6000,680.25,0.6434335545,2
6000,680.3,0.6434198412,2
6000,680.35,0.6434061343,2
6000,680.4,0.643392434,2
6000,680.45,0.6433787402,2
6000,680.5,0.643365053,2
6000,680.55,0.6433513722,2
6000,680.6,0.643337698,2
6000,680.65,0.6433240303,2
6000,680.7,0.6433103691,2
6000,680.75,0.6432967145,2
6000,680.8,0.6432830663,2
6000,680.85,0.6432694247,2
6000,680.9,0.6432557895,2
6000,680.95,0.6432421609,2
6000,681,0.6432285387,2
6000,681.05,0.6432149231,2
6000,681.1,0.6432013139,2
6000,681.15,0.6431877113,2
6000,681.2,0.6431741151,2
6000,681.25,0.6431605255,2
6000,681.3,0.6431469423,2
6000,681.35,0.6431333656,2
6000,681.4,0.6431197954,2
6000,681.45,0.6431062317,2
6000,681.5,0.6430926744,2
6000,681.55,0.6430791237,2
6000,681.6,0.6430655794,2
6000,681.65,0.6430520416,2
6000,681.7,0.6430385102,2
6000,681.75,0.6430249853,2
6000,681.8,0.6430114669,2
6000,681.85,0.642997955,2
6000,681.9,0.6429844495,2
6000,681.95,0.6429709505,2
6000,682,0.6429574579,2
6000,682.05,0.6429439718,2
6000,682.1,0.6429304921,2
6000,682.15,0.6429170189,2
6000,682.2,0.6429035522,2
6000,682.25,0.6428900919,2
6000,682.3,0.642876638,2
6000,682.35,0.6428631906,2
6000,682.4,0.6428497496,2
6000,682.45,0.642836315,2
6000,682.5,0.6428228869,2
6000,682.55,0.6428094653,2
6000,682.6,0.64279605,2
6000,682.65,0.6427826412,2
6000,682.7,0.6427692388,2
6000,682.75,0.6427558428,2
6000,682.8,0.6427424533,2
6000,682.85,0.6427290702,2
6000,682.9,0.6427156935,2
6000,682.95,0.6427023232,2
6000,683,0.6426889593,2
6000,683.05,0.6426756018,2
6000,683.1,0.6426622508,2
6000,683.15,0.6426489061,2
6000,683.2,0.6426355679,2
6000,683.25,0.642622236,2
6000,683.3,0.6426089106,2
6000,683.35,0.6425955916,2
6000,683.4,0.6425822789,2
6000,683.45,0.6425689727,2
6000,683.5,0.6425556728,2
6000,683.55,0.6425423793,2
6000,683.6,0.6425290922,2
6000,683.65,0.6425158115,2
6000,683.7,0.6425025372,2
6000,683.75,0.6424892693,2
6000,683.8,0.6424760077,2
6000,683.85,0.6424627525,2
6000,683.9,0.6424495037,2
6000,683.95,0.6424362613,2
6000,684,0.6424230252,2
6000,684.05,0.6424097955,2
6000,684.1,0.6423965722,2
6000,684.15,0.6423833552,2
6000,684.2,0.6423701446,2
6000,684.25,0.6423569403,2
6000,684.3,0.6423437424,2
6000,684.35,0.6423305509,2
6000,684.4,0.6423173657,2
6000,684.45,0.6423041869,2
6000,684.5,0.6422910144,2
6000,684.55,0.6422778482,2
6000,684.6,0.6422646884,2
6000,684.65,0.6422515349,2
6000,684.7,0.6422383878,2
6000,684.75,0.642225247,2
6000,684.8,0.6422121125,2
6000,684.85,0.6421989844,2
6000,684.9,0.6421858626,2
6000,684.95,0.6421727471,2
6000,685,0.642159638,2
6000,685.05,0.6421465352,2
6000,685.1,0.6421334387,2
6000,685.15,0.6421203485,2
6000,685.2,0.6421072646,2
6000,685.25,0.6420941871,2
6000,685.3,0.6420811158,2
6000,685.35,0.6420680509,2
6000,685.4,0.6420549922,2
6000,685.45,0.6420419399,2
6000,685.5,0.6420288939,2
6000,685.55,0.6420158542,2
6000,685.6,0.6420028208,2
6000,685.65,0.6419897936,2
6000,685.7,0.6419767728,2
6000,685.75,0.6419637583,2
6000,685.8,0.64195075,2
6000,685.85,0.6419377481,2
6000,685.9,0.6419247524,2
6000,685.95,0.641911763,2
6000,686,0.6418987799,2
6000,686.05,0.6418858031,2
6000,686.1,0.6418728325,2
6000,686.15,0.6418598682,2
6000,686.2,0.6418469102,2
6000,686.25,0.6418339585,2
6000,686.3,0.641821013,2
6000,686.35,0.6418080738,2
6000,686.4,0.6417951408,2
6000,686.45,0.6417822141,2
6000,686.5,0.6417692937,2
6000,686.55,0.6417563795,2
6000,686.6,0.6417434716,2
6000,686.65,0.64173057,2
6000,686.7,0.6417176745,2
6000,686.75,0.6417047854,2
6000,686.8,0.6416919024,2
6000,686.85,0.6416790258,2
6000,686.9,0.6416661553,2
6000,686.95,0.6416532911,2
6000,687,0.6416404332,2
6000,687.05,0.6416275814,2
6000,687.1,0.6416147359,2
6000,687.15,0.6416018967,2
6000,687.2,0.6415890636,2
6000,687.25,0.6415762368,2
6000,687.3,0.6415634162,2
6000,687.35,0.6415506018,2
6000,687.4,0.6415377937,2
6000,687.45,0.6415249917,2
6000,687.5,0.641512196,2
6000,687.55,0.6414994065,2
6000,687.6,0.6414866232,2
6000,687.65,0.6414738461,2
6000,687.7,0.6414610752,2
6000,687.75,0.6414483105,2
6000,687.8,0.641435552,2
6000,687.85,0.6414227998,2
6000,687.9,0.6414100537,2
6000,687.95,0.6413973138,2
6000,688,0.6413845801,2
6000,688.05,0.6413718525,2
6000,688.1,0.6413591312,2
6000,688.15,0.6413464161,2
6000,688.2,0.6413337071,2
6000,688.25,0.6413210043,2
6000,688.3,0.6413083077,2
6000,688.35,0.6412956173,2
6000,688.4,0.6412829331,2
6000,688.45,0.641270255,2
6000,688.5,0.6412575831,2
6000,688.55,0.6412449173,2
6000,688.6,0.6412322578,2
6000,688.65,0.6412196043,2
6000,688.7,0.6412069571,2
6000,688.75,0.641194316,2
6000,688.8,0.6411816811,2
6000,688.85,0.6411690523,2
6000,688.9,0.6411564296,2
6000,688.95,0.6411438132,2
6000,689,0.6411312028,2
6000,689.05,0.6411185986,2
6000,689.1,0.6411060006,2
6000,689.15,0.6410934087,2
6000,689.2,0.6410808229,2
6000,689.25,0.6410682433,2
6000,689.3,0.6410556698,2
6000,689.35,0.6410431024,2
6000,689.4,0.6410305412,2
6000,689.45,0.6410179861,2
6000,689.5,0.6410054371,2
6000,689.55,0.6409928942,2
6000,689.6,0.6409803575,2
6000,689.65,0.6409678269,2
6000,689.7,0.6409553023,2
6000,689.75,0.640942784,2
6000,689.8,0.6409302717,2
6000,689.85,0.6409177655,2
6000,689.9,0.6409052654,2
6000,689.95,0.6408927715,2
6000,690,0.6408802836,2
6000,690.05,0.6408678019,2
6000,690.1,0.6408553262,2
6000,690.15,0.6408428567,2
6000,690.2,0.6408303932,2
6000,690.25,0.6408179358,2
6000,690.3,0.6408054845,2
6000,690.35,0.6407930393,2
6000,690.4,0.6407806002,2
6000,690.45,0.6407681672,2
6000,690.5,0.6407557403,2
6000,690.55,0.6407433194,2
6000,690.6,0.6407309046,2
6000,690.65,0.6407184959,2
6000,690.7,0.6407060932,2
6000,690.75,0.6406936966,2
6000,690.8,0.6406813061,2
6000,690.85,0.6406689217,2
6000,690.9,0.6406565433,2
6000,690.95,0.640644171,2
6000,691,0.6406318047,2
6000,691.05,0.6406194445,2
6000,691.1,0.6406070904,2
6000,691.15,0.6405947423,2
6000,691.2,0.6405824002,2
6000,691.25,0.6405700642,2
6000,691.3,0.6405577342,2
6000,691.35,0.6405454103,2
6000,691.4,0.6405330924,2
6000,691.45,0.6405207806,2
6000,691.5,0.6405084748,2
6000,691.55,0.640496175,2
6000,691.6,0.6404838813,2
6000,691.65,0.6404715936,2
6000,691.7,0.6404593119,2
6000,691.75,0.6404470363,2
6000,691.8,0.6404347666,2
6000,691.85,0.640422503,2
6000,691.9,0.6404102454,2
6000,691.95,0.6403979938,2
6000,692,0.6403857483,2
6000,692.05,0.6403735087,2
6000,692.1,0.6403612752,2
6000,692.15,0.6403490477,2
6000,692.2,0.6403368261,2
6000,692.25,0.6403246106,2
6000,692.3,0.6403124011,2
6000,692.35,0.6403001975,2
6000,692.4,0.640288,2
6000,692.45,0.6402758085,2
6000,692.5,0.6402636229,2
6000,692.55,0.6402514434,2
6000,692.6,0.6402392698,2
6000,692.65,0.6402271022,2
6000,692.7,0.6402149406,2
6000,692.75,0.640202785,2
6000,692.8,0.6401906354,2
6000,692.85,0.6401784917,2
6000,692.9,0.640166354,2
6000,692.95,0.6401542223,2
6000,693,0.6401420965,2
6000,693.05,0.6401299767,2
6000,693.1,0.6401178629,2
6000,693.15,0.6401057551,2
6000,693.2,0.6400936532,2
6000,693.25,0.6400815572,2
6000,693.3,0.6400694672,2
6000,693.35,0.6400573832,2
6000,693.4,0.6400453051,2
6000,693.45,0.640033233,2
6000,693.5,0.6400211668,2
6000,693.55,0.6400091066,2
6000,693.6,0.6399970523,2
6000,693.65,0.639985004,2
6000,693.7,0.6399729615,2
6000,693.75,0.6399609251,2
6000,693.8,0.6399488945,2
6000,693.85,0.6399368699,2
6000,693.9,0.6399248512,2
6000,693.95,0.6399128385,2
6000,694,0.6399008317,2
6000,694.05,0.6398888307,2
6000,694.1,0.6398768358,2
6000,694.15,0.6398648467,2
6000,694.2,0.6398528635,2
6000,694.25,0.6398408863,2
6000,694.3,0.639828915,2
6000,694.35,0.6398169496,2
6000,694.4,0.63980499,2
6000,694.45,0.6397930364,2
6000,694.5,0.6397810887,2
6000,694.55,0.6397691469,2
6000,694.6,0.639757211,2
6000,694.65,0.639745281,2
6000,694.7,0.6397333569,2
6000,694.75,0.6397214387,2
6000,694.8,0.6397095264,2
6000,694.85,0.6396976199,2
6000,694.9,0.6396857194,2
6000,694.95,0.6396738247,2
6000,695,0.6396619359,2
6000,695.05,0.639650053,2
6000,695.1,0.6396381759,2
6000,695.15,0.6396263048,2
6000,695.2,0.6396144395,2
6000,695.25,0.63960258,2
6000,695.3,0.6395907265,2
6000,695.35,0.6395788788,2
6000,695.4,0.6395670369,2
6000,695.45,0.639555201,2
6000,695.5,0.6395433709,2
6000,695.55,0.6395315466,2
6000,695.6,0.6395197282,2
6000,695.65,0.6395079156,2
6000,695.7,0.6394961089,2
6000,695.75,0.6394843081,2
6000,695.8,0.6394725131,2
6000,695.85,0.6394607239,2
6000,695.9,0.6394489406,2
6000,695.95,0.6394371631,2
6000,696,0.6394253914,2
6000,696.05,0.6394136256,2
6000,696.1,0.6394018656,2
6000,696.15,0.6393901115,2
6000,696.2,0.6393783631,2
6000,696.25,0.6393666206,2
6000,696.3,0.639354884,2
6000,696.35,0.6393431531,2
6000,696.4,0.6393314281,2
6000,696.45,0.6393197088,2
6000,696.5,0.6393079954,2
6000,696.55,0.6392962878,2
6000,696.6,0.639284586,2
6000,696.65,0.63927289,2
6000,696.7,0.6392611999,2
6000,696.75,0.6392495155,2
6000,696.8,0.6392378369,2
6000,696.85,0.6392261641,2
6000,696.9,0.6392144971,2
6000,696.95,0.6392028359,2
6000,697,0.6391911806,2
6000,697.05,0.6391795309,2
6000,697.1,0.6391678871,2
6000,697.15,0.6391562491,2
6000,697.2,0.6391446168,2
6000,697.25,0.6391329904,2
6000,697.3,0.6391213697,2
6000,697.35,0.6391097548,2
6000,697.4,0.6390981456,2
6000,697.45,0.6390865423,2
6000,697.5,0.6390749447,2
6000,697.55,0.6390633528,2
6000,697.6,0.6390517667,2
6000,697.65,0.6390401864,2
6000,697.7,0.6390286119,2
6000,697.75,0.6390170431,2
6000,697.8,0.6390054801,2
6000,697.85,0.6389939228,2
6000,697.9,0.6389823713,2
6000,697.95,0.6389708255,2
6000,698,0.6389592855,2
6000,698.05,0.6389477512,2
6000,698.1,0.6389362227,2
6000,698.15,0.6389246999,2
6000,698.2,0.6389131828,2
6000,698.25,0.6389016715,2
6000,698.3,0.6388901659,2
6000,698.35,0.638878666,2
6000,698.4,0.6388671719,2
6000,698.45,0.6388556835,2
6000,698.5,0.6388442008,2
6000,698.55,0.6388327239,2
6000,698.6,0.6388212527,2
6000,698.65,0.6388097871,2
6000,698.7,0.6387983273,2
6000,698.75,0.6387868733,2
6000,698.8,0.6387754249,2
6000,698.85,0.6387639822,2
6000,698.9,0.6387525453,2
6000,698.95,0.638741114,2
6000,699,0.6387296885,2
6000,699.05,0.6387182687,2
6000,699.1,0.6387068545,2
6000,699.15,0.6386954461,2
6000,699.2,0.6386840433,2
6000,699.25,0.6386726463,2
6000,699.3,0.6386612549,2
6000,699.35,0.6386498692,2
6000,699.4,0.6386384892,2
6000,699.45,0.6386271149,2
6000,699.5,0.6386157463,2
6000,699.55,0.6386043833,2
6000,699.6,0.638593026,2
6000,699.65,0.6385816744,2
6000,699.7,0.6385703285,2
6000,699.75,0.6385589882,2
6000,699.8,0.6385476536,2
6000,699.85,0.6385363247,2
6000,699.9,0.6385250014,2
6000,699.95,0.6385136838,2
6000,700,0.6385023719,2
6000,700.05,0.6384910656,2
6000,700.1,0.638479765,2
6000,700.15,0.63846847,2
6000,700.2,0.6384571807,2
6000,700.25,0.638445897,2
6000,700.3,0.6384346189,2
6000,700.35,0.6384233465,2
6000,700.4,0.6384120798,2
6000,700.45,0.6384008187,2
6000,700.5,0.6383895632,2
6000,700.55,0.6383783134,2
6000,700.6,0.6383670692,2
6000,700.65,0.6383558306,2
6000,700.7,0.6383445976,2
6000,700.75,0.6383333703,2
6000,700.8,0.6383221486,2
6000,700.85,0.6383109325,2
6000,700.9,0.6382997221,2
6000,700.95,0.6382885172,2
6000,701,0.638277318,2
6000,701.05,0.6382661244,2
6000,701.1,0.6382549364,2
6000,701.15,0.638243754,2
6000,701.2,0.6382325772,2
6000,701.25,0.638221406,2
6000,701.3,0.6382102404,2
6000,701.35,0.6381990804,2
6000,701.4,0.638187926,2
6000,701.45,0.6381767772,2
6000,701.5,0.638165634,2
6000,701.55,0.6381544964,2
6000,701.6,0.6381433644,2
6000,701.65,0.638132238,2
6000,701.7,0.6381211171,2
6000,701.75,0.6381100018,2
6000,701.8,0.6380988921,2
6000,701.85,0.638087788,2
6000,701.9,0.6380766895,2
6000,701.95,0.6380655965,2
6000,702,0.6380545091,2
6000,702.05,0.6380434273,2
6000,702.1,0.638032351,2
6000,702.15,0.6380212803,2
6000,702.2,0.6380102152,2
6000,702.25,0.6379991556,2
6000,702.3,0.6379881016,2
6000,702.35,0.6379770531,2
6000,702.4,0.6379660102,2
6000,702.45,0.6379549729,2
6000,702.5,0.6379439411,2
6000,702.55,0.6379329148,2
6000,702.6,0.6379218941,2
6000,702.65,0.6379108789,2
6000,702.7,0.6378998693,2
6000,702.75,0.6378888652,2
6000,702.8,0.6378778666,2
6000,702.85,0.6378668736,2
6000,702.9,0.6378558861,2
6000,702.95,0.6378449041,2
6000,703,0.6378339277,2
6000,703.05,0.6378229568,2
6000,703.1,0.6378119914,2
6000,703.15,0.6378010315,2
6000,703.2,0.6377900771,2
6000,703.25,0.6377791283,2
6000,703.3,0.637768185,2
6000,703.35,0.6377572471,2
6000,703.4,0.6377463148,2
6000,703.45,0.637735388,2
6000,703.5,0.6377244667,2
6000,703.55,0.6377135509,2
6000,703.6,0.6377026407,2
6000,703.65,0.6376917359,2
6000,703.7,0.6376808366,2
6000,703.75,0.6376699428,2
6000,703.8,0.6376590544,2
6000,703.85,0.6376481716,2
6000,703.9,0.6376372943,2
6000,703.95,0.6376264224,2
6000,704,0.6376155561,2
6000,704.05,0.6376046952,2
6000,704.1,0.6375938398,2
6000,704.15,0.6375829898,2
6000,704.2,0.6375721454,2
6000,704.25,0.6375613064,2
6000,704.3,0.6375504729,2
6000,704.35,0.6375396448,2
6000,704.4,0.6375288222,2
6000,704.45,0.6375180051,2
6000,704.5,0.6375071935,2
6000,704.55,0.6374963873,2
6000,704.6,0.6374855865,2
6000,704.65,0.6374747912,2
6000,704.7,0.6374640014,2
6000,704.75,0.637453217,2
6000,704.8,0.637442438,2
6000,704.85,0.6374316646,2
6000,704.9,0.6374208965,2
6000,704.95,0.6374101339,2
6000,705,0.6373993767,2
6000,705.05,0.637388625,2
6000,705.1,0.6373778787,2
6000,705.15,0.6373671378,2
6000,705.2,0.6373564024,2
6000,705.25,0.6373456724,2
6000,705.3,0.6373349478,2
6000,705.35,0.6373242286,2
6000,705.4,0.6373135149,2
6000,705.45,0.6373028066,2
6000,705.5,0.6372921037,2
6000,705.55,0.6372814062,2
6000,705.6,0.6372707141,2
6000,705.65,0.6372600275,2
6000,705.7,0.6372493462,2
6000,705.75,0.6372386704,2
6000,705.8,0.6372279999,2
6000,705.85,0.6372173349,2
6000,705.9,0.6372066752,2
6000,705.95,0.637196021,2
6000,706,0.6371853721,2
6000,706.05,0.6371747287,2
6000,706.1,0.6371640906,2
6000,706.15,0.6371534579,2
6000,706.2,0.6371428307,2
6000,706.25,0.6371322088,2
6000,706.3,0.6371215922,2
6000,706.35,0.6371109811,2
6000,706.4,0.6371003753,2
6000,706.45,0.6370897749,2
6000,706.5,0.6370791799,2
6000,706.55,0.6370685903,2
6000,706.6,0.637058006,2
6000,706.65,0.6370474271,2
6000,706.7,0.6370368536,2
6000,706.75,0.6370262854,2
6000,706.8,0.6370157226,2
6000,706.85,0.6370051651,2
6000,706.9,0.636994613,2
6000,706.95,0.6369840662,2
6000,707,0.6369735248,2
6000,707.05,0.6369629888,2
6000,707.1,0.6369524581,2
6000,707.15,0.6369419327,2
6000,707.2,0.6369314127,2
6000,707.25,0.636920898,2
6000,707.3,0.6369103887,2
6000,707.35,0.6368998847,2
6000,707.4,0.6368893861,2
6000,707.45,0.6368788927,2
6000,707.5,0.6368684047,2
6000,707.55,0.6368579221,2
6000,707.6,0.6368474447,2
6000,707.65,0.6368369727,2
6000,707.7,0.636826506,2
6000,707.75,0.6368160446,2
6000,707.8,0.6368055885,2
6000,707.85,0.6367951378,2
6000,707.9,0.6367846923,2
6000,707.95,0.6367742522,2
6000,708,0.6367638174,2
6000,708.05,0.6367533879,2
6000,708.1,0.6367429637,2
6000,708.15,0.6367325448,2
6000,708.2,0.6367221312,2
6000,708.25,0.6367117228,2
6000,708.3,0.6367013198,2
6000,708.35,0.6366909221,2
6000,708.4,0.6366805297,2
6000,708.45,0.6366701425,2
6000,708.5,0.6366597607,2
6000,708.55,0.6366493841,2
6000,708.6,0.6366390128,2
6000,708.65,0.6366286468,2
6000,708.7,0.6366182861,2
6000,708.75,0.6366079306,2
6000,708.8,0.6365975804,2
6000,708.85,0.6365872355,2
6000,708.9,0.6365768959,2
6000,708.95,0.6365665615,2
6000,709,0.6365562324,2
6000,709.05,0.6365459086,2
6000,709.1,0.63653559,2
6000,709.15,0.6365252766,2
6000,709.2,0.6365149686,2
6000,709.25,0.6365046658,2
6000,709.3,0.6364943682,2
6000,709.35,0.6364840759,2
6000,709.4,0.6364737888,2
6000,709.45,0.636463507,2
6000,709.5,0.6364532304,2
6000,709.55,0.6364429591,2
6000,709.6,0.636432693,2
6000,709.65,0.6364224321,2
6000,709.7,0.6364121765,2
6000,709.75,0.6364019261,2
6000,709.8,0.6363916809,2
6000,709.85,0.636381441,2
6000,709.9,0.6363712063,2
6000,709.95,0.6363609768,2
6000,710,0.6363507525,2
6000,710.05,0.6363405335,2
6000,710.1,0.6363303197,2
6000,710.15,0.6363201111,2
6000,710.2,0.6363099077,2
6000,710.25,0.6362997095,2
6000,710.3,0.6362895165,2
6000,710.35,0.6362793287,2
6000,710.4,0.6362691462,2
6000,710.45,0.6362589688,2
6000,710.5,0.6362487966,2
6000,710.55,0.6362386297,2
6000,710.6,0.6362284679,2
6000,710.65,0.6362183113,2
6000,710.7,0.6362081599,2
6000,710.75,0.6361980137,2
6000,710.8,0.6361878727,2
6000,710.85,0.6361777369,2
6000,710.9,0.6361676062,2
6000,710.95,0.6361574808,2
6000,711,0.6361473605,2
6000,711.05,0.6361372454,2
6000,711.1,0.6361271355,2
6000,711.15,0.6361170307,2
6000,711.2,0.6361069311,2
6000,711.25,0.6360968367,2
6000,711.3,0.6360867474,2
6000,711.35,0.6360766634,2
6000,711.4,0.6360665844,2
6000,711.45,0.6360565107,2
6000,711.5,0.636046442,2
6000,711.55,0.6360363786,2
6000,711.6,0.6360263203,2
6000,711.65,0.6360162671,2
6000,711.7,0.6360062191,2
6000,711.75,0.6359961762,2
6000,711.8,0.6359861385,2
6000,711.85,0.635976106,2
6000,711.9,0.6359660785,2
6000,711.95,0.6359560562,2
6000,712,0.6359460391,2
6000,712.05,0.635936027,2
6000,712.1,0.6359260201,2
6000,712.15,0.6359160184,2
6000,712.2,0.6359060217,2
6000,712.25,0.6358960302,2
6000,712.3,0.6358860438,2
6000,712.35,0.6358760626,2
6000,712.4,0.6358660864,2
6000,712.45,0.6358561154,2
6000,712.5,0.6358461494,2
6000,712.55,0.6358361886,2
6000,712.6,0.6358262329,2
6000,712.65,0.6358162823,2
6000,712.7,0.6358063369,2
6000,712.75,0.6357963965,2
6000,712.8,0.6357864612,2
6000,712.85,0.635776531,2
6000,712.9,0.6357666059,2
6000,712.95,0.6357566859,2
6000,713,0.635746771,2
6000,713.05,0.6357368612,2
6000,713.1,0.6357269565,2
6000,713.15,0.6357170569,2
6000,713.2,0.6357071623,2
6000,713.25,0.6356972729,2
6000,713.3,0.6356873885,2
6000,713.35,0.6356775092,2
6000,713.4,0.6356676349,2
6000,713.45,0.6356577658,2
6000,713.5,0.6356479017,2
6000,713.55,0.6356380427,2
6000,713.6,0.6356281887,2
6000,713.65,0.6356183398,2
6000,713.7,0.635608496,2
6000,713.75,0.6355986573,2
6000,713.8,0.6355888236,2
6000,713.85,0.6355789949,2
6000,713.9,0.6355691713,2
6000,713.95,0.6355593528,2
6000,714,0.6355495393,2
6000,714.05,0.6355397309,2
6000,714.1,0.6355299275,2
6000,714.15,0.6355201291,2
6000,714.2,0.6355103358,2
6000,714.25,0.6355005475,2
6000,714.3,0.6354907643,2
6000,714.35,0.6354809861,2
6000,714.4,0.6354712129,2
6000,714.45,0.6354614448,2
6000,714.5,0.6354516817,2
6000,714.55,0.6354419236,2
6000,714.6,0.6354321706,2
6000,714.65,0.6354224225,2
6000,714.7,0.6354126795,2
6000,714.75,0.6354029415,2
6000,714.8,0.6353932085,2
6000,714.85,0.6353834806,2
6000,714.9,0.6353737576,2
6000,714.95,0.6353640397,2
6000,715,0.6353543268,2
6000,715.05,0.6353446188,2
6000,715.1,0.6353349159,2
6000,715.15,0.635325218,2
6000,715.2,0.6353155251,2
6000,715.25,0.6353058371,2
6000,715.3,0.6352961542,2
6000,715.35,0.6352864763,2
6000,715.4,0.6352768033,2
6000,715.45,0.6352671354,2
6000,715.5,0.6352574724,2
6000,715.55,0.6352478144,2
6000,715.6,0.6352381614,2
6000,715.65,0.6352285134,2
6000,715.7,0.6352188703,2
6000,715.75,0.6352092322,2
6000,715.8,0.6351995991,2
6000,715.85,0.635189971,2
6000,715.9,0.6351803478,2
6000,715.95,0.6351707297,2
6000,716,0.6351611164,2
6000,716.05,0.6351515082,2
6000,716.1,0.6351419049,2
6000,716.15,0.6351323065,2
6000,716.2,0.6351227131,2
6000,716.25,0.6351131247,2
6000,716.3,0.6351035412,2
6000,716.35,0.6350939627,2
6000,716.4,0.6350843891,2
6000,716.45,0.6350748205,2
6000,716.5,0.6350652568,2
6000,716.55,0.635055698,2
6000,716.6,0.6350461442,2
6000,716.65,0.6350365954,2
6000,716.7,0.6350270514,2
6000,716.75,0.6350175124,2
6000,716.8,0.6350079784,2
6000,716.85,0.6349984492,2
6000,716.9,0.634988925,2
6000,716.95,0.6349794057,2
6000,717,0.6349698913,2
6000,717.05,0.6349603819,2
6000,717.1,0.6349508774,2
6000,717.15,0.6349413778,2
6000,717.2,0.6349318831,2
6000,717.25,0.6349223933,2
6000,717.3,0.6349129084,2
6000,717.35,0.6349034285,2
6000,717.4,0.6348939534,2
6000,717.45,0.6348844832,2
6000,717.5,0.634875018,2
6000,717.55,0.6348655576,2
6000,717.6,0.6348561022,2
6000,717.65,0.6348466516,2
6000,717.7,0.634837206,2
6000,717.75,0.6348277652,2
6000,717.8,0.6348183293,2
6000,717.85,0.6348088983,2
6000,717.9,0.6347994722,2
6000,717.95,0.634790051,2
6000,718,0.6347806346,2
6000,718.05,0.6347712232,2
6000,718.1,0.6347618166,2
6000,718.15,0.6347524149,2
6000,718.2,0.634743018,2
6000,718.25,0.634733626,2
6000,718.3,0.6347242389,2
6000,718.35,0.6347148567,2
6000,718.4,0.6347054793,2
6000,718.45,0.6346961068,2
6000,718.5,0.6346867392,2
6000,718.55,0.6346773764,2
6000,718.6,0.6346680184,2
6000,718.65,0.6346586653,2
6000,718.7,0.6346493171,2
6000,718.75,0.6346399737,2
6000,718.8,0.6346306352,2
6000,718.85,0.6346213015,2
6000,718.9,0.6346119727,2
6000,718.95,0.6346026486,2
6000,719,0.6345933295,2
6000,719.05,0.6345840151,2
6000,719.1,0.6345747057,2
6000,719.15,0.634565401,2
6000,719.2,0.6345561012,2
6000,719.25,0.6345468062,2
6000,719.3,0.634537516,2
6000,719.35,0.6345282306,2
6000,719.4,0.6345189501,2
6000,719.45,0.6345096744,2
6000,719.5,0.6345004035,2
6000,719.55,0.6344911374,2
6000,719.6,0.6344818762,2
6000,719.65,0.6344726197,2
6000,719.7,0.6344633681,2
6000,719.75,0.6344541212,2
6000,719.8,0.6344448792,2
6000,719.85,0.634435642,2
6000,719.9,0.6344264096,2
6000,719.95,0.6344171819,2
6000,720,0.6344079591,2
6000,720.05,0.6343987411,2
6000,720.1,0.6343895279,2
6000,720.15,0.6343803194,2
6000,720.2,0.6343711158,2
6000,720.25,0.6343619169,2
6000,720.3,0.6343527228,2
6000,720.35,0.6343435335,2
6000,720.4,0.634334349,2
6000,720.45,0.6343251692,2
6000,720.5,0.6343159943,2
6000,720.55,0.6343068241,2
6000,720.6,0.6342976587,2
6000,720.65,0.634288498,2
6000,720.7,0.6342793421,2
6000,720.75,0.634270191,2
6000,720.8,0.6342610447,2
6000,720.85,0.6342519031,2
6000,720.9,0.6342427663,2
6000,720.95,0.6342336342,2
6000,721,0.6342245069,2
6000,721.05,0.6342153843,2
6000,721.1,0.6342062665,2
6000,721.15,0.6341971534,2
6000,721.2,0.6341880451,2
6000,721.25,0.6341789416,2
6000,721.3,0.6341698427,2
6000,721.35,0.6341607487,2
6000,721.4,0.6341516593,2
6000,721.45,0.6341425747,2
6000,721.5,0.6341334948,2
6000,721.55,0.6341244197,2
6000,721.6,0.6341153493,2
6000,721.65,0.6341062836,2
6000,721.7,0.6340972227,2
6000,721.75,0.6340881665,2
6000,721.8,0.634079115,2
6000,721.85,0.6340700682,2
6000,721.9,0.6340610261,2
6000,721.95,0.6340519888,2
6000,722,0.6340429561,2
6000,722.05,0.6340339282,2
6000,722.1,0.634024905,2
6000,722.15,0.6340158865,2
6000,722.2,0.6340068727,2
6000,722.25,0.6339978636,2
6000,722.3,0.6339888592,2
6000,722.35,0.6339798595,2
6000,722.4,0.6339708645,2
6000,722.45,0.6339618742,2
6000,722.5,0.6339528886,2
6000,722.55,0.6339439077,2
6000,722.6,0.6339349315,2
6000,722.65,0.63392596,2
6000,722.7,0.6339169931,2
6000,722.75,0.633908031,2
6000,722.8,0.6338990735,2
6000,722.85,0.6338901207,2
6000,722.9,0.6338811726,2
6000,722.95,0.6338722291,2
6000,723,0.6338632903,2
6000,723.05,0.6338543562,2
6000,723.1,0.6338454268,2
6000,723.15,0.633836502,2
6000,723.2,0.6338275819,2
6000,723.25,0.6338186665,2
6000,723.3,0.6338097557,2
6000,723.35,0.6338008496,2
6000,723.4,0.6337919481,2
6000,723.45,0.6337830513,2
6000,723.5,0.6337741592,2
6000,723.55,0.6337652716,2
6000,723.6,0.6337563888,2
6000,723.65,0.6337475106,2
6000,723.7,0.633738637,2
6000,723.75,0.6337297681,2
6000,723.8,0.6337209038,2
6000,723.85,0.6337120442,2
6000,723.9,0.6337031892,2
6000,723.95,0.6336943388,2
6000,724,0.633685493,2
6000,724.05,0.6336766519,2
6000,724.1,0.6336678154,2
6000,724.15,0.6336589836,2
6000,724.2,0.6336501564,2
6000,724.25,0.6336413337,2
6000,724.3,0.6336325158,2
6000,724.35,0.6336237024,2
6000,724.4,0.6336148936,2
6000,724.45,0.6336060895,2
6000,724.5,0.6335972899,2
6000,724.55,0.633588495,2
6000,724.6,0.6335797047,2
6000,724.65,0.633570919,2
6000,724.7,0.6335621379,2
6000,724.75,0.6335533614,2
6000,724.8,0.6335445895,2
6000,724.85,0.6335358222,2
6000,724.9,0.6335270595,2
6000,724.95,0.6335183014,2
6000,725,0.6335095478,2
6000,725.05,0.6335007989,2
6000,725.1,0.6334920546,2
6000,725.15,0.6334833148,2
6000,725.2,0.6334745796,2
6000,725.25,0.633465849,2
6000,725.3,0.633457123,2
6000,725.35,0.6334484016,2
6000,725.4,0.6334396847,2
6000,725.45,0.6334309724,2
6000,725.5,0.6334222647,2
6000,725.55,0.6334135615,2
6000,725.6,0.6334048629,2
6000,725.65,0.6333961689,2
6000,725.7,0.6333874795,2
6000,725.75,0.6333787946,2
6000,725.8,0.6333701142,2
6000,725.85,0.6333614384,2
6000,725.9,0.6333527672,2
6000,725.95,0.6333441005,2
6000,726,0.6333354384,2
6000,726.05,0.6333267808,2
6000,726.1,0.6333181278,2
6000,726.15,0.6333094793,2
6000,726.2,0.6333008354,2
6000,726.25,0.633292196,2
6000,726.3,0.6332835611,2
6000,726.35,0.6332749308,2
6000,726.4,0.633266305,2
6000,726.45,0.6332576838,2
6000,726.5,0.633249067,2
6000,726.55,0.6332404548,2
6000,726.6,0.6332318472,2
6000,726.65,0.633223244,2
6000,726.7,0.6332146454,2
6000,726.75,0.6332060513,2
6000,726.8,0.6331974617,2
6000,726.85,0.6331888766,2
6000,726.9,0.6331802961,2
6000,726.95,0.63317172,2
6000,727,0.6331631485,2
6000,727.05,0.6331545815,2
6000,727.1,0.633146019,2
6000,727.15,0.633137461,2
6000,727.2,0.6331289075,2
6000,727.25,0.6331203585,2
6000,727.3,0.6331118139,2
6000,727.35,0.6331032739,2
6000,727.4,0.6330947384,2
6000,727.45,0.6330862074,2
6000,727.5,0.6330776808,2
6000,727.55,0.6330691588,2
6000,727.6,0.6330606412,2
6000,727.65,0.6330521282,2
6000,727.7,0.6330436196,2
6000,727.75,0.6330351154,2
6000,727.8,0.6330266158,2
6000,727.85,0.6330181206,2
6000,727.9,0.63300963,2
6000,727.95,0.6330011437,2
6000,728,0.632992662,2
6000,728.05,0.6329841847,2
6000,728.1,0.6329757119,2
6000,728.15,0.6329672436,2
6000,728.2,0.6329587797,2
6000,728.25,0.6329503203,2
6000,728.3,0.6329418653,2
6000,728.35,0.6329334148,2
6000,728.4,0.6329249687,2
6000,728.45,0.6329165271,2
6000,728.5,0.63290809,2
6000,728.55,0.6328996573,2
6000,728.6,0.632891229,2
6000,728.65,0.6328828052,2
6000,728.7,0.6328743858,2
6000,728.75,0.6328659709,2
6000,728.8,0.6328575604,2
6000,728.85,0.6328491543,2
6000,728.9,0.6328407527,2
6000,728.95,0.6328323555,2
6000,729,0.6328239628,2
6000,729.05,0.6328155744,2
6000,729.1,0.6328071905,2
6000,729.15,0.632798811,2
6000,729.2,0.632790436,2
6000,729.25,0.6327820653,2
6000,729.3,0.6327736991,2
6000,729.35,0.6327653373,2
6000,729.4,0.6327569799,2
6000,729.45,0.6327486269,2
6000,729.5,0.6327402784,2
6000,729.55,0.6327319342,2
6000,729.6,0.6327235945,2
6000,729.65,0.6327152591,2
6000,729.7,0.6327069282,2
6000,729.75,0.6326986016,2
6000,729.8,0.6326902795,2
6000,729.85,0.6326819617,2
6000,729.9,0.6326736484,2
6000,729.95,0.6326653394,2
6000,730,0.6326570348,2
6000,730.05,0.6326487346,2
6000,730.1,0.6326404388,2
6000,730.15,0.6326321474,2
6000,730.2,0.6326238604,2
6000,730.25,0.6326155777,2
6000,730.3,0.6326072995,2
6000,730.35,0.6325990256,2
6000,730.4,0.632590756,2
6000,730.45,0.6325824909,2
6000,730.5,0.6325742301,2
6000,730.55,0.6325659737,2
6000,730.6,0.6325577216,2
6000,730.65,0.632549474,2
6000,730.7,0.6325412306,2
6000,730.75,0.6325329917,2
6000,730.8,0.6325247571,2
6000,730.85,0.6325165268,2
6000,730.9,0.632508301,2
6000,730.95,0.6325000794,2
6000,731,0.6324918622,2
6000,731.05,0.6324836494,2
6000,731.1,0.6324754409,2
6000,731.15,0.6324672368,2
6000,731.2,0.632459037,2
6000,731.25,0.6324508415,2
6000,731.3,0.6324426504,2
6000,731.35,0.6324344636,2
6000,731.4,0.6324262812,2
6000,731.45,0.632418103,2
6000,731.5,0.6324099293,2
6000,731.55,0.6324017598,2
6000,731.6,0.6323935947,2
6000,731.65,0.6323854339,2
6000,731.7,0.6323772774,2
6000,731.75,0.6323691252,2
6000,731.8,0.6323609774,2
6000,731.85,0.6323528339,2
6000,731.9,0.6323446947,2
6000,731.95,0.6323365598,2
6000,732,0.6323284292,2
6000,732.05,0.6323203029,2
6000,732.1,0.6323121809,2
6000,732.15,0.6323040633,2
6000,732.2,0.6322959499,2
6000,732.25,0.6322878409,2
6000,732.3,0.6322797361,2
6000,732.35,0.6322716357,2
6000,732.4,0.6322635395,2
6000,732.45,0.6322554476,2
6000,732.5,0.6322473601,2
6000,732.55,0.6322392768,2
6000,732.6,0.6322311978,2
6000,732.65,0.6322231231,2
6000,732.7,0.6322150526,2
6000,732.75,0.6322069865,2
6000,732.8,0.6321989246,2
6000,732.85,0.632190867,2
6000,732.9,0.6321828137,2
6000,732.95,0.6321747647,2
6000,733,0.6321667199,2
6000,733.05,0.6321586794,2
6000,733.1,0.6321506432,2
6000,733.15,0.6321426112,2
6000,733.2,0.6321345835,2
6000,733.25,0.6321265601,2
6000,733.3,0.6321185409,2
6000,733.35,0.632110526,2
6000,733.4,0.6321025153,2
6000,733.45,0.6320945089,2
6000,733.5,0.6320865068,2
6000,733.55,0.6320785089,2
6000,733.6,0.6320705152,2
6000,733.65,0.6320625258,2
6000,733.7,0.6320545407,2
6000,733.75,0.6320465597,2
6000,733.8,0.6320385831,2
6000,733.85,0.6320306106,2
6000,733.9,0.6320226424,2
6000,733.95,0.6320146785,2
6000,734,0.6320067187,2
6000,734.05,0.6319987632,2
6000,734.1,0.631990812,2
6000,734.15,0.6319828649,2
6000,734.2,0.6319749221,2
6000,734.25,0.6319669835,2
6000,734.3,0.6319590491,2
6000,734.35,0.631951119,2
6000,734.4,0.631943193,2
6000,734.45,0.6319352713,2
6000,734.5,0.6319273538,2
6000,734.55,0.6319194405,2
6000,734.6,0.6319115314,2
6000,734.65,0.6319036266,2
6000,734.7,0.6318957259,2
6000,734.75,0.6318878294,2
6000,734.8,0.6318799372,2
6000,734.85,0.6318720491,2
6000,734.9,0.6318641652,2
6000,734.95,0.6318562856,2
6000,735,0.6318484101,2
6000,735.05,0.6318405388,2
6000,735.1,0.6318326717,2
6000,735.15,0.6318248088,2
6000,735.2,0.6318169501,2
6000,735.25,0.6318090956,2
6000,735.3,0.6318012452,2
6000,735.35,0.631793399,2
6000,735.4,0.6317855571,2
6000,735.45,0.6317777192,2
6000,735.5,0.6317698856,2
6000,735.55,0.6317620561,2
6000,735.6,0.6317542309,2
6000,735.65,0.6317464097,2
6000,735.7,0.6317385928,2
6000,735.75,0.63173078,2
6000,735.8,0.6317229714,2
6000,735.85,0.6317151669,2
6000,735.9,0.6317073666,2
6000,735.95,0.6316995704,2
6000,736,0.6316917785,2
6000,736.05,0.6316839906,2
6000,736.1,0.6316762069,2
6000,736.15,0.6316684274,2
6000,736.2,0.631660652,2
6000,736.25,0.6316528808,2
6000,736.3,0.6316451137,2
6000,736.35,0.6316373507,2
6000,736.4,0.6316295919,2
6000,736.45,0.6316218372,2
6000,736.5,0.6316140867,2
6000,736.55,0.6316063403,2
6000,736.6,0.631598598,2
6000,736.65,0.6315908599,2
6000,736.7,0.6315831259,2
6000,736.75,0.631575396,2
6000,736.8,0.6315676703,2
6000,736.85,0.6315599486,2
6000,736.9,0.6315522311,2
6000,736.95,0.6315445177,2
6000,737,0.6315368084,2
6000,737.05,0.6315291033,2
6000,737.1,0.6315214022,2
6000,737.15,0.6315137053,2
6000,737.2,0.6315060125,2
6000,737.25,0.6314983238,2
6000,737.3,0.6314906392,2
6000,737.35,0.6314829587,2
6000,737.4,0.6314752823,2
6000,737.45,0.63146761,2
6000,737.5,0.6314599418,2
6000,737.55,0.6314522777,2
6000,737.6,0.6314446176,2
6000,737.65,0.6314369617,2
6000,737.7,0.6314293099,2
6000,737.75,0.6314216622,2
6000,737.8,0.6314140185,2
6000,737.85,0.6314063789,2
6000,737.9,0.6313987435,2
6000,737.95,0.6313911121,2
6000,738,0.6313834847,2
6000,738.05,0.6313758615,2
6000,738.1,0.6313682423,2
6000,738.15,0.6313606272,2
6000,738.2,0.6313530162,2
6000,738.25,0.6313454093,2
6000,738.3,0.6313378064,2
6000,738.35,0.6313302076,2
6000,738.4,0.6313226128,2
6000,738.45,0.6313150221,2
6000,738.5,0.6313074355,2
6000,738.55,0.6312998529,2
6000,738.6,0.6312922744,2
6000,738.65,0.6312846999,2
6000,738.7,0.6312771295,2
6000,738.75,0.6312695632,2
6000,738.8,0.6312620009,2
6000,738.85,0.6312544426,2
6000,738.9,0.6312468884,2
6000,738.95,0.6312393382,2
6000,739,0.6312317921,2
6000,739.05,0.63122425,2
6000,739.1,0.6312167119,2
6000,739.15,0.6312091779,2
6000,739.2,0.631201648,2
6000,739.25,0.631194122,2
6000,739.3,0.6311866001,2
6000,739.35,0.6311790822,2
6000,739.4,0.6311715683,2
6000,739.45,0.6311640585,2
6000,739.5,0.6311565527,2
6000,739.55,0.6311490509,2
6000,739.6,0.6311415531,2
6000,739.65,0.6311340594,2
6000,739.7,0.6311265696,2
6000,739.75,0.6311190839,2
6000,739.8,0.6311116022,2
6000,739.85,0.6311041245,2
6000,739.9,0.6310966508,2
6000,739.95,0.6310891811,2
6000,740,0.6310817154,2
6000,740.05,0.6310742537,2
6000,740.1,0.631066796,2
6000,740.15,0.6310593423,2
6000,740.2,0.6310518926,2
6000,740.25,0.6310444469,2
6000,740.3,0.6310370052,2
6000,740.35,0.6310295675,2
6000,740.4,0.6310221338,2
6000,740.45,0.631014704,2
6000,740.5,0.6310072783,2
6000,740.55,0.6309998565,2
6000,740.6,0.6309924387,2
6000,740.65,0.6309850249,2
6000,740.7,0.6309776151,2
6000,740.75,0.6309702092,2
6000,740.8,0.6309628073,2
6000,740.85,0.6309554094,2
6000,740.9,0.6309480155,2
6000,740.95,0.6309406255,2
6000,741,0.6309332395,2
6000,741.05,0.6309258575,2
6000,741.1,0.6309184794,2
6000,741.15,0.6309111053,2
6000,741.2,0.6309037351,2
6000,741.25,0.6308963689,2
6000,741.3,0.6308890067,2
6000,741.35,0.6308816484,2
6000,741.4,0.6308742941,2
6000,741.45,0.6308669437,2
6000,741.5,0.6308595972,2
6000,741.55,0.6308522548,2
6000,741.6,0.6308449162,2
6000,741.65,0.6308375816,2
6000,741.7,0.6308302509,2
6000,741.75,0.6308229242,2
6000,741.8,0.6308156014,2
6000,741.85,0.6308082826,2
6000,741.9,0.6308009676,2
6000,741.95,0.6307936567,2
6000,742,0.6307863496,2
6000,742.05,0.6307790465,2
6000,742.1,0.6307717473,2
6000,742.15,0.630764452,2
6000,742.2,0.6307571606,2
6000,742.25,0.6307498732,2
6000,742.3,0.6307425896,2
6000,742.35,0.63073531,2
6000,742.4,0.6307280343,2
6000,742.45,0.6307207626,2
6000,742.5,0.6307134947,2
6000,742.55,0.6307062307,2
6000,742.6,0.6306989707,2
6000,742.65,0.6306917145,2
6000,742.7,0.6306844623,2
6000,742.75,0.630677214,2
6000,742.8,0.6306699695,2
6000,742.85,0.630662729,2
6000,742.9,0.6306554923,2
6000,742.95,0.6306482596,2
6000,743,0.6306410307,2
6000,743.05,0.6306338057,2
6000,743.1,0.6306265847,2
6000,743.15,0.6306193675,2
6000,743.2,0.6306121542,2
6000,743.25,0.6306049447,2
6000,743.3,0.6305977392,2
6000,743.35,0.6305905375,2
6000,743.4,0.6305833397,2
6000,743.45,0.6305761458,2
6000,743.5,0.6305689558,2
6000,743.55,0.6305617696,2
6000,743.6,0.6305545873,2
6000,743.65,0.6305474089,2
6000,743.7,0.6305402344,2
6000,743.75,0.6305330637,2
6000,743.8,0.6305258968,2
6000,743.85,0.6305187339,2
6000,743.9,0.6305115748,2
6000,743.95,0.6305044195,2
6000,744,0.6304972681,2
6000,744.05,0.6304901206,2
6000,744.1,0.6304829769,2
6000,744.15,0.630475837,2
6000,744.2,0.630468701,2
6000,744.25,0.6304615689,2
6000,744.3,0.6304544406,2
6000,744.35,0.6304473161,2
6000,744.4,0.6304401955,2
6000,744.45,0.6304330788,2
6000,744.5,0.6304259658,2
6000,744.55,0.6304188567,2
6000,744.6,0.6304117514,2
6000,744.65,0.63040465,2
6000,744.7,0.6303975524,2
6000,744.75,0.6303904586,2
6000,744.8,0.6303833687,2
6000,744.85,0.6303762825,2
6000,744.9,0.6303692002,2
6000,744.95,0.6303621218,2
6000,745,0.6303550471,2
6000,745.05,0.6303479763,2
6000,745.1,0.6303409092,2
6000,745.15,0.630333846,2
6000,745.2,0.6303267866,2
6000,745.25,0.630319731,2
6000,745.3,0.6303126792,2
6000,745.35,0.6303056312,2
6000,745.4,0.6302985871,2
6000,745.45,0.6302915467,2
6000,745.5,0.6302845101,2
6000,745.55,0.6302774774,2
6000,745.6,0.6302704484,2
6000,745.65,0.6302634232,2
6000,745.7,0.6302564018,2
6000,745.75,0.6302493842,2
6000,745.8,0.6302423704,2
6000,745.85,0.6302353604,2
6000,745.9,0.6302283542,2
6000,745.95,0.6302213518,2
6000,746,0.6302143531,2
6000,746.05,0.6302073582,2
6000,746.1,0.6302003671,2
6000,746.15,0.6301933798,2
6000,746.2,0.6301863963,2
6000,746.25,0.6301794165,2
6000,746.3,0.6301724405,2
6000,746.35,0.6301654683,2
6000,746.4,0.6301584998,2
6000,746.45,0.6301515351,2
6000,746.5,0.6301445742,2
6000,746.55,0.630137617,2
6000,746.6,0.6301306636,2
6000,746.65,0.630123714,2
6000,746.7,0.6301167681,2
6000,746.75,0.630109826,2
6000,746.8,0.6301028876,2
6000,746.85,0.630095953,2
6000,746.9,0.6300890221,2
6000,746.95,0.630082095,2
6000,747,0.6300751716,2
6000,747.05,0.630068252,2
6000,747.1,0.6300613361,2
6000,747.15,0.6300544239,2
6000,747.2,0.6300475155,2
6000,747.25,0.6300406109,2
6000,747.3,0.6300337099,2
6000,747.35,0.6300268127,2
6000,747.4,0.6300199193,2
6000,747.45,0.6300130295,2
6000,747.5,0.6300061435,2
6000,747.55,0.6299992613,2
6000,747.6,0.6299923827,2
6000,747.65,0.6299855079,2
6000,747.7,0.6299786368,2
6000,747.75,0.6299717694,2
6000,747.8,0.6299649057,2
6000,747.85,0.6299580458,2
6000,747.9,0.6299511895,2
6000,747.95,0.629944337,2
6000,748,0.6299374882,2
6000,748.05,0.6299306431,2
6000,748.1,0.6299238017,2
6000,748.15,0.629916964,2
6000,748.2,0.6299101301,2
6000,748.25,0.6299032998,2
6000,748.3,0.6298964732,2
6000,748.35,0.6298896503,2
6000,748.4,0.6298828311,2
6000,748.45,0.6298760156,2
6000,748.5,0.6298692038,2
6000,748.55,0.6298623957,2
6000,748.6,0.6298555913,2
6000,748.65,0.6298487906,2
6000,748.7,0.6298419936,2
6000,748.75,0.6298352002,2
6000,748.8,0.6298284105,2
6000,748.85,0.6298216245,2
6000,748.9,0.6298148422,2
6000,748.95,0.6298080636,2
6000,749,0.6298012886,2
6000,749.05,0.6297945174,2
6000,749.1,0.6297877497,2
6000,749.15,0.6297809858,2
6000,749.2,0.6297742255,2
6000,749.25,0.6297674689,2
6000,749.3,0.629760716,2
6000,749.35,0.6297539667,2
6000,749.4,0.6297472211,2
6000,749.45,0.6297404791,2
6000,749.5,0.6297337408,2
6000,749.55,0.6297270062,2
6000,749.6,0.6297202752,2
6000,749.65,0.6297135479,2
6000,749.7,0.6297068242,2
6000,749.75,0.6297001042,2
6000,749.8,0.6296933878,2
6000,749.85,0.629686675,2
6000,749.9,0.6296799659,2
6000,749.95,0.6296732605,2
6000,750,0.6296665587,2
6000,750.05,0.6296598605,2
6000,750.1,0.629653166,2
6000,750.15,0.6296464751,2
6000,750.2,0.6296397878,2
6000,750.25,0.6296331041,2
6000,750.3,0.6296264241,2
6000,750.35,0.6296197478,2
6000,750.4,0.629613075,2
6000,750.45,0.6296064059,2
6000,750.5,0.6295997404,2
6000,750.55,0.6295930785,2
6000,750.6,0.6295864202,2
6000,750.65,0.6295797656,2
6000,750.7,0.6295731145,2
6000,750.75,0.6295664671,2
6000,750.8,0.6295598233,2
6000,750.85,0.6295531831,2
6000,750.9,0.6295465465,2
6000,750.95,0.6295399136,2
6000,751,0.6295332842,2
6000,751.05,0.6295266584,2
6000,751.1,0.6295200362,2
6000,751.15,0.6295134177,2
6000,751.2,0.6295068027,2
6000,751.25,0.6295001913,2
6000,751.3,0.6294935836,2
6000,751.35,0.6294869794,2
6000,751.4,0.6294803788,2
6000,751.45,0.6294737818,2
6000,751.5,0.6294671884,2
6000,751.55,0.6294605985,2
6000,751.6,0.6294540123,2
6000,751.65,0.6294474296,2
6000,751.7,0.6294408505,2
6000,751.75,0.629434275,2
6000,751.8,0.6294277031,2
6000,751.85,0.6294211348,2
6000,751.9,0.62941457,2
6000,751.95,0.6294080088,2
6000,752,0.6294014512,2
6000,752.05,0.6293948971,2
6000,752.1,0.6293883466,2
6000,752.15,0.6293817997,2
6000,752.2,0.6293752563,2
6000,752.25,0.6293687165,2
6000,752.3,0.6293621803,2
6000,752.35,0.6293556476,2
6000,752.4,0.6293491184,2
6000,752.45,0.6293425929,2
6000,752.5,0.6293360708,2
6000,752.55,0.6293295524,2
6000,752.6,0.6293230375,2
6000,752.65,0.6293165261,2
6000,752.7,0.6293100183,2
6000,752.75,0.629303514,2
6000,752.8,0.6292970132,2
6000,752.85,0.629290516,2
6000,752.9,0.6292840224,2
6000,752.95,0.6292775323,2
6000,753,0.6292710457,2
6000,753.05,0.6292645626,2
6000,753.1,0.6292580831,2
6000,753.15,0.6292516071,2
6000,753.2,0.6292451347,2
6000,753.25,0.6292386657,2
6000,753.3,0.6292322003,2
6000,753.35,0.6292257385,2
6000,753.4,0.6292192801,2
6000,753.45,0.6292128253,2
6000,753.5,0.6292063739,2
6000,753.55,0.6291999261,2
6000,753.6,0.6291934819,2
6000,753.65,0.6291870411,2
6000,753.7,0.6291806038,2
6000,753.75,0.6291741701,2
6000,753.8,0.6291677398,2
6000,753.85,0.6291613131,2
6000,753.9,0.6291548899,2
6000,753.95,0.6291484701,2
6000,754,0.6291420539,2
6000,754.05,0.6291356412,2
6000,754.1,0.629129232,2
6000,754.15,0.6291228262,2
6000,754.2,0.629116424,2
6000,754.25,0.6291100253,2
6000,754.3,0.62910363,2
6000,754.35,0.6290972383,2
6000,754.4,0.62909085,2
6000,754.45,0.6290844652,2
6000,754.5,0.6290780839,2
6000,754.55,0.6290717061,2
6000,754.6,0.6290653317,2
6000,754.65,0.6290589609,2
6000,754.7,0.6290525935,2
6000,754.75,0.6290462296,2
6000,754.8,0.6290398692,2
6000,754.85,0.6290335122,2
6000,754.9,0.6290271587,2
6000,754.95,0.6290208087,2
6000,755,0.6290144622,2
6000,755.05,0.6290081191,2
6000,755.1,0.6290017795,2
6000,755.15,0.6289954433,2
6000,755.2,0.6289891106,2
6000,755.25,0.6289827814,2
6000,755.3,0.6289764556,2
6000,755.35,0.6289701333,2
6000,755.4,0.6289638144,2
6000,755.45,0.628957499,2
6000,755.5,0.628951187,2
6000,755.55,0.6289448785,2
6000,755.6,0.6289385734,2
6000,755.65,0.6289322718,2
6000,755.7,0.6289259736,2
6000,755.75,0.6289196789,2
6000,755.8,0.6289133876,2
6000,755.85,0.6289070997,2
6000,755.9,0.6289008153,2
6000,755.95,0.6288945343,2
6000,756,0.6288882568,2
6000,756.05,0.6288819826,2
6000,756.1,0.628875712,2
6000,756.15,0.6288694447,2
6000,756.2,0.6288631809,2
6000,756.25,0.6288569204,2
6000,756.3,0.6288506635,2
6000,756.35,0.6288444099,2
6000,756.4,0.6288381598,2
6000,756.45,0.628831913,2
6000,756.5,0.6288256697,2
6000,756.55,0.6288194298,2
6000,756.6,0.6288131933,2
6000,756.65,0.6288069603,2
6000,756.7,0.6288007306,2
6000,756.75,0.6287945044,2
6000,756.8,0.6287882815,2
6000,756.85,0.6287820621,2
6000,756.9,0.6287758461,2
6000,756.95,0.6287696334,2
6000,757,0.6287634242,2
6000,757.05,0.6287572184,2
6000,757.1,0.6287510159,2
6000,757.15,0.6287448169,2
6000,757.2,0.6287386212,2
6000,757.25,0.628732429,2
6000,757.3,0.6287262401,2
6000,757.35,0.6287200546,2
6000,757.4,0.6287138725,2
6000,757.45,0.6287076938,2
6000,757.5,0.6287015185,2
6000,757.55,0.6286953466,2
6000,757.6,0.628689178,2
6000,757.65,0.6286830128,2
6000,757.7,0.628676851,2
6000,757.75,0.6286706926,2
6000,757.8,0.6286645375,2
6000,757.85,0.6286583859,2
6000,757.9,0.6286522375,2
6000,757.95,0.6286460926,2
6000,758,0.628639951,2
6000,758.05,0.6286338128,2
6000,758.1,0.628627678,2
6000,758.15,0.6286215465,2
6000,758.2,0.6286154183,2
6000,758.25,0.6286092936,2
6000,758.3,0.6286031721,2
6000,758.35,0.6285970541,2
6000,758.4,0.6285909394,2
6000,758.45,0.628584828,2
6000,758.5,0.62857872,2
6000,758.55,0.6285726154,2
6000,758.6,0.6285665141,2
6000,758.65,0.6285604161,2
6000,758.7,0.6285543215,2
6000,758.75,0.6285482302,2
6000,758.8,0.6285421423,2
6000,758.85,0.6285360577,2
6000,758.9,0.6285299764,2
6000,758.95,0.6285238985,2
6000,759,0.6285178239,2
6000,759.05,0.6285117526,2
6000,759.1,0.6285056847,2
6000,759.15,0.6284996201,2
6000,759.2,0.6284935588,2
6000,759.25,0.6284875009,2
6000,759.3,0.6284814463,2
6000,759.35,0.6284753949,2
6000,759.4,0.628469347,2
6000,759.45,0.6284633023,2
6000,759.5,0.628457261,2
6000,759.55,0.6284512229,2
6000,759.6,0.6284451882,2
6000,759.65,0.6284391568,2
6000,759.7,0.6284331287,2
6000,759.75,0.6284271039,2
6000,759.8,0.6284210824,2
6000,759.85,0.6284150643,2
6000,759.9,0.6284090494,2
6000,759.95,0.6284030378,2
6000,760,0.6283970296,2
6000,760.05,0.6283910246,2
6000,760.1,0.6283850229,2
6000,760.15,0.6283790246,2
6000,760.2,0.6283730295,2
6000,760.25,0.6283670377,2
6000,760.3,0.6283610492,2
6000,760.35,0.628355064,2
6000,760.4,0.6283490821,2
6000,760.45,0.6283431035,2
6000,760.5,0.6283371281,2
6000,760.55,0.628331156,2
6000,760.6,0.6283251873,2
6000,760.65,0.6283192218,2
6000,760.7,0.6283132595,2
6000,760.75,0.6283073006,2
6000,760.8,0.6283013449,2
6000,760.85,0.6282953925,2
6000,760.9,0.6282894434,2
6000,760.95,0.6282834975,2
6000,761,0.6282775549,2
6000,761.05,0.6282716156,2
6000,761.1,0.6282656795,2
6000,761.15,0.6282597467,2
6000,761.2,0.6282538172,2
6000,761.25,0.6282478909,2
6000,761.3,0.6282419679,2
6000,761.35,0.6282360482,2
6000,761.4,0.6282301317,2
6000,761.45,0.6282242184,2
6000,761.5,0.6282183084,2
6000,761.55,0.6282124017,2
6000,761.6,0.6282064981,2
6000,761.65,0.6282005979,2
6000,761.7,0.6281947009,2
6000,761.75,0.6281888071,2
6000,761.8,0.6281829166,2
6000,761.85,0.6281770293,2
6000,761.9,0.6281711453,2
6000,761.95,0.6281652645,2
6000,762,0.6281593869,2
6000,762.05,0.6281535126,2
6000,762.1,0.6281476415,2
6000,762.15,0.6281417736,2
6000,762.2,0.628135909,2
6000,762.25,0.6281300475,2
6000,762.3,0.6281241893,2
6000,762.35,0.6281183344,2
6000,762.4,0.6281124826,2
6000,762.45,0.6281066341,2
6000,762.5,0.6281007888,2
6000,762.55,0.6280949467,2
6000,762.6,0.6280891079,2
6000,762.65,0.6280832722,2
6000,762.7,0.6280774398,2
6000,762.75,0.6280716106,2
6000,762.8,0.6280657845,2
6000,762.85,0.6280599617,2
6000,762.9,0.6280541421,2
6000,762.95,0.6280483257,2
6000,763,0.6280425125,2
6000,763.05,0.6280367026,2
6000,763.1,0.6280308958,2
6000,763.15,0.6280250922,2
6000,763.2,0.6280192918,2
6000,763.25,0.6280134946,2
6000,763.3,0.6280077006,2
6000,763.35,0.6280019098,2
6000,763.4,0.6279961222,2
6000,763.45,0.6279903377,2
6000,763.5,0.6279845565,2
6000,763.55,0.6279787784,2
6000,763.6,0.6279730035,2
6000,763.65,0.6279672319,2
6000,763.7,0.6279614633,2
6000,763.75,0.627955698,2
6000,763.8,0.6279499359,2
6000,763.85,0.6279441769,2
6000,763.9,0.6279384211,2
6000,763.95,0.6279326685,2
6000,764,0.627926919,2
6000,764.05,0.6279211727,2
6000,764.1,0.6279154296,2
6000,764.15,0.6279096897,2
6000,764.2,0.6279039529,2
6000,764.25,0.6278982193,2
6000,764.3,0.6278924888,2
6000,764.35,0.6278867615,2
6000,764.4,0.6278810374,2
6000,764.45,0.6278753164,2
6000,764.5,0.6278695986,2
6000,764.55,0.6278638839,2
6000,764.6,0.6278581724,2
6000,764.65,0.627852464,2
6000,764.7,0.6278467588,2
6000,764.75,0.6278410567,2
6000,764.8,0.6278353578,2
6000,764.85,0.627829662,2
6000,764.9,0.6278239694,2
6000,764.95,0.6278182799,2
6000,765,0.6278125935,2
6000,765.05,0.6278069103,2
6000,765.1,0.6278012303,2
6000,765.15,0.6277955533,2
6000,765.2,0.6277898795,2
6000,765.25,0.6277842088,2
6000,765.3,0.6277785413,2
6000,765.35,0.6277728769,2
6000,765.4,0.6277672156,2
6000,765.45,0.6277615574,2
6000,765.5,0.6277559024,2
6000,765.55,0.6277502505,2
6000,765.6,0.6277446017,2
6000,765.65,0.627738956,2
6000,765.7,0.6277333134,2
6000,765.75,0.627727674,2
6000,765.8,0.6277220377,2
6000,765.85,0.6277164045,2
6000,765.9,0.6277107744,2
6000,765.95,0.6277051474,2
6000,766,0.6276995235,2
6000,766.05,0.6276939027,2
6000,766.1,0.627688285,2
6000,766.15,0.6276826705,2
6000,766.2,0.627677059,2
6000,766.25,0.6276714507,2
6000,766.3,0.6276658454,2
6000,766.35,0.6276602432,2
6000,766.4,0.6276546442,2
6000,766.45,0.6276490482,2
6000,766.5,0.6276434553,2
6000,766.55,0.6276378655,2
6000,766.6,0.6276322788,2
6000,766.65,0.6276266952,2
6000,766.7,0.6276211147,2
6000,766.75,0.6276155373,2
6000,766.8,0.6276099629,2
6000,766.85,0.6276043916,2
6000,766.9,0.6275988234,2
6000,766.95,0.6275932583,2
6000,767,0.6275876963,2
6000,767.05,0.6275821373,2
6000,767.1,0.6275765814,2
6000,767.15,0.6275710286,2
6000,767.2,0.6275654789,2
6000,767.25,0.6275599322,2
6000,767.3,0.6275543886,2
6000,767.35,0.6275488481,2
6000,767.4,0.6275433106,2
6000,767.45,0.6275377762,2
6000,767.5,0.6275322449,2
6000,767.55,0.6275267166,2
6000,767.6,0.6275211914,2
6000,767.65,0.6275156692,2
6000,767.7,0.6275101501,2
6000,767.75,0.627504634,2
6000,767.8,0.627499121,2
6000,767.85,0.6274936111,2
6000,767.9,0.6274881041,2
6000,767.95,0.6274826003,2
6000,768,0.6274770995,2
6000,768.05,0.6274716017,2
6000,768.1,0.627466107,2
6000,768.15,0.6274606153,2
6000,768.2,0.6274551267,2
6000,768.25,0.6274496411,2
6000,768.3,0.6274441585,2
6000,768.35,0.627438679,2
6000,768.4,0.6274332025,2
6000,768.45,0.627427729,2
6000,768.5,0.6274222586,2
6000,768.55,0.6274167912,2
6000,768.6,0.6274113268,2
6000,768.65,0.6274058655,2
6000,768.7,0.6274004072,2
6000,768.75,0.6273949519,2
6000,768.8,0.6273894996,2
6000,768.85,0.6273840504,2
6000,768.9,0.6273786041,2
6000,768.95,0.6273731609,2
6000,769,0.6273677207,2
6000,769.05,0.6273622835,2
6000,769.1,0.6273568493,2
6000,769.15,0.6273514182,2
6000,769.2,0.62734599,2
6000,769.25,0.6273405649,2
6000,769.3,0.6273351428,2
6000,769.35,0.6273297236,2
6000,769.4,0.6273243075,2
6000,769.45,0.6273188944,2
6000,769.5,0.6273134842,2
6000,769.55,0.6273080771,2
6000,769.6,0.627302673,2
6000,769.65,0.6272972719,2
6000,769.7,0.6272918737,2
6000,769.75,0.6272864786,2
6000,769.8,0.6272810864,2
6000,769.85,0.6272756973,2
6000,769.9,0.6272703111,2
6000,769.95,0.6272649279,2
6000,770,0.6272595477,2
6000,770.05,0.6272541705,2
6000,770.1,0.6272487962,2
6000,770.15,0.627243425,2
6000,770.2,0.6272380567,2
6000,770.25,0.6272326914,2
6000,770.3,0.6272273291,2
6000,770.35,0.6272219697,2
6000,770.4,0.6272166134,2
6000,770.45,0.62721126,2
6000,770.5,0.6272059095,2
6000,770.55,0.6272005621,2
6000,770.6,0.6271952176,2
6000,770.65,0.6271898761,2
6000,770.7,0.6271845375,2
6000,770.75,0.6271792019,2
6000,770.8,0.6271738693,2
6000,770.85,0.6271685396,2
6000,770.9,0.6271632129,2
6000,770.95,0.6271578891,2
6000,771,0.6271525683,2
6000,771.05,0.6271472504,2
6000,771.1,0.6271419355,2
6000,771.15,0.6271366236,2
6000,771.2,0.6271313146,2
6000,771.25,0.6271260085,2
6000,771.3,0.6271207054,2
6000,771.35,0.6271154052,2
6000,771.4,0.627110108,2
6000,771.45,0.6271048137,2
6000,771.5,0.6270995224,2
6000,771.55,0.627094234,2
6000,771.6,0.6270889485,2
6000,771.65,0.627083666,2
6000,771.7,0.6270783864,2
6000,771.75,0.6270731097,2
6000,771.8,0.627067836,2
6000,771.85,0.6270625652,2
6000,771.9,0.6270572973,2
6000,771.95,0.6270520324,2
6000,772,0.6270467704,2
6000,772.05,0.6270415113,2
6000,772.1,0.6270362551,2
6000,772.15,0.6270310019,2
6000,772.2,0.6270257515,2
6000,772.25,0.6270205041,2
6000,772.3,0.6270152596,2
6000,772.35,0.627010018,2
6000,772.4,0.6270047794,2
6000,772.45,0.6269995436,2
6000,772.5,0.6269943108,2
6000,772.55,0.6269890808,2
6000,772.6,0.6269838538,2
6000,772.65,0.6269786297,2
6000,772.7,0.6269734085,2
6000,772.75,0.6269681901,2
6000,772.8,0.6269629747,2
6000,772.85,0.6269577622,2
6000,772.9,0.6269525526,2
6000,772.95,0.6269473459,2
6000,773,0.626942142,2
6000,773.05,0.6269369411,2
6000,773.1,0.6269317431,2
6000,773.15,0.6269265479,2
6000,773.2,0.6269213557,2
6000,773.25,0.6269161663,2
6000,773.3,0.6269109798,2
6000,773.35,0.6269057962,2
6000,773.4,0.6269006155,2
6000,773.45,0.6268954377,2
6000,773.5,0.6268902627,2
6000,773.55,0.6268850907,2
6000,773.6,0.6268799215,2
6000,773.65,0.6268747552,2
6000,773.7,0.6268695917,2
6000,773.75,0.6268644312,2
6000,773.8,0.6268592735,2
6000,773.85,0.6268541186,2
6000,773.9,0.6268489667,2
6000,773.95,0.6268438176,2
6000,774,0.6268386714,2
6000,774.05,0.626833528,2
6000,774.1,0.6268283875,2
6000,774.15,0.6268232499,2
6000,774.2,0.6268181151,2
6000,774.25,0.6268129832,2
6000,774.3,0.6268078542,2
6000,774.35,0.626802728,2
6000,774.4,0.6267976046,2
6000,774.45,0.6267924841,2
6000,774.5,0.6267873665,2
6000,774.55,0.6267822517,2
6000,774.6,0.6267771398,2
6000,774.65,0.6267720307,2
6000,774.7,0.6267669244,2
6000,774.75,0.626761821,2
6000,774.8,0.6267567205,2
6000,774.85,0.6267516227,2
6000,774.9,0.6267465279,2
6000,774.95,0.6267414358,2
6000,775,0.6267363466,2
6000,775.05,0.6267312602,2
6000,775.1,0.6267261767,2
6000,775.15,0.626721096,2
6000,775.2,0.6267160181,2
6000,775.25,0.6267109431,2
6000,775.3,0.6267058709,2
6000,775.35,0.6267008015,2
6000,775.4,0.6266957349,2
6000,775.45,0.6266906712,2
6000,775.5,0.6266856103,2
6000,775.55,0.6266805522,2
6000,775.6,0.6266754969,2
6000,775.65,0.6266704444,2
6000,775.7,0.6266653948,2
6000,775.75,0.626660348,2
6000,775.8,0.626655304,2
6000,775.85,0.6266502628,2
6000,775.9,0.6266452244,2
6000,775.95,0.6266401888,2
6000,776,0.626635156,2
6000,776.05,0.6266301261,2
6000,776.1,0.6266250989,2
6000,776.15,0.6266200746,2
6000,776.2,0.626615053,2
6000,776.25,0.6266100343,2
6000,776.3,0.6266050183,2
6000,776.35,0.6266000052,2
6000,776.4,0.6265949948,2
6000,776.45,0.6265899872,2
6000,776.5,0.6265849825,2
6000,776.55,0.6265799805,2
6000,776.6,0.6265749813,2
6000,776.65,0.6265699849,2
6000,776.7,0.6265649913,2
6000,776.75,0.6265600005,2
6000,776.8,0.6265550124,2
6000,776.85,0.6265500272,2
6000,776.9,0.6265450447,2
6000,776.95,0.626540065,2
6000,777,0.6265350881,2
6000,777.05,0.626530114,2
6000,777.1,0.6265251426,2
6000,777.15,0.626520174,2
6000,777.2,0.6265152082,2
6000,777.25,0.6265102452,2
6000,777.3,0.6265052849,2
6000,777.35,0.6265003274,2
6000,777.4,0.6264953727,2
6000,777.45,0.6264904207,2
6000,777.5,0.6264854715,2
6000,777.55,0.6264805251,2
6000,777.6,0.6264755814,2
6000,777.65,0.6264706405,2
6000,777.7,0.6264657023,2
6000,777.75,0.6264607669,2
6000,777.8,0.6264558343,2
6000,777.85,0.6264509044,2
6000,777.9,0.6264459773,2
6000,777.95,0.6264410529,2
6000,778,0.6264361313,2
6000,778.05,0.6264312124,2
6000,778.1,0.6264262963,2
6000,778.15,0.6264213829,2
6000,778.2,0.6264164722,2
6000,778.25,0.6264115643,2
6000,778.3,0.6264066592,2
6000,778.35,0.6264017568,2
6000,778.4,0.6263968571,2
6000,778.45,0.6263919602,2
6000,778.5,0.626387066,2
6000,778.55,0.6263821745,2
6000,778.6,0.6263772858,2
6000,778.65,0.6263723998,2
6000,778.7,0.6263675165,2
6000,778.75,0.626362636,2
6000,778.8,0.6263577582,2
6000,778.85,0.6263528831,2
6000,778.9,0.6263480107,2
6000,778.95,0.6263431411,2
6000,779,0.6263382742,2
6000,779.05,0.62633341,2
6000,779.1,0.6263285485,2
6000,779.15,0.6263236898,2
6000,779.2,0.6263188337,2
6000,779.25,0.6263139804,2
6000,779.3,0.6263091298,2
6000,779.35,0.6263042819,2
6000,779.4,0.6262994367,2
6000,779.45,0.6262945942,2
6000,779.5,0.6262897545,2
6000,779.55,0.6262849174,2
6000,779.6,0.6262800831,2
6000,779.65,0.6262752514,2
6000,779.7,0.6262704225,2
6000,779.75,0.6262655962,2
6000,779.8,0.6262607727,2
6000,779.85,0.6262559519,2
6000,779.9,0.6262511337,2
6000,779.95,0.6262463183,2
6000,780,0.6262415055,2
6000,780.05,0.6262366954,2
6000,780.1,0.6262318881,2
6000,780.15,0.6262270834,2
6000,780.2,0.6262222814,2
6000,780.25,0.6262174821,2
6000,780.3,0.6262126855,2
6000,780.35,0.6262078915,2
6000,780.4,0.6262031003,2
6000,780.45,0.6261983117,2
6000,780.5,0.6261935258,2
6000,780.55,0.6261887426,2
6000,780.6,0.6261839621,2
6000,780.65,0.6261791842,2
6000,780.7,0.626174409,2
6000,780.75,0.6261696365,2
6000,780.8,0.6261648667,2
6000,780.85,0.6261600995,2
6000,780.9,0.626155335,2
6000,780.95,0.6261505732,2
6000,781,0.6261458141,2
6000,781.05,0.6261410576,2
6000,781.1,0.6261363037,2
6000,781.15,0.6261315526,2
6000,781.2,0.626126804,2
6000,781.25,0.6261220582,2
6000,781.3,0.626117315,2
6000,781.35,0.6261125745,2
6000,781.4,0.6261078366,2
6000,781.45,0.6261031014,2
6000,781.5,0.6260983688,2
6000,781.55,0.6260936389,2
6000,781.6,0.6260889116,2
6000,781.65,0.626084187,2
6000,781.7,0.626079465,2
6000,781.75,0.6260747457,2
6000,781.8,0.626070029,2
6000,781.85,0.626065315,2
6000,781.9,0.6260606036,2
6000,781.95,0.6260558948,2
6000,782,0.6260511887,2
6000,782.05,0.6260464852,2
6000,782.1,0.6260417844,2
6000,782.15,0.6260370862,2
6000,782.2,0.6260323906,2
6000,782.25,0.6260276977,2
6000,782.3,0.6260230073,2
6000,782.35,0.6260183197,2
6000,782.4,0.6260136346,2
6000,782.45,0.6260089522,2
6000,782.5,0.6260042724,2
6000,782.55,0.6259995952,2
6000,782.6,0.6259949206,2
6000,782.65,0.6259902487,2
6000,782.7,0.6259855794,2
6000,782.75,0.6259809127,2
6000,782.8,0.6259762486,2
6000,782.85,0.6259715872,2
6000,782.9,0.6259669283,2
6000,782.95,0.6259622721,2
6000,783,0.6259576185,2
6000,783.05,0.6259529674,2
6000,783.1,0.625948319,2
6000,783.15,0.6259436732,2
6000,783.2,0.62593903,2
6000,783.25,0.6259343895,2
6000,783.3,0.6259297515,2
6000,783.35,0.6259251161,2
6000,783.4,0.6259204833,2
6000,783.45,0.6259158531,2
6000,783.5,0.6259112256,2
6000,783.55,0.6259066006,2
6000,783.6,0.6259019782,2
6000,783.65,0.6258973584,2
6000,783.7,0.6258927412,2
6000,783.75,0.6258881266,2
6000,783.8,0.6258835146,2
6000,783.85,0.6258789051,2
6000,783.9,0.6258742983,2
6000,783.95,0.625869694,2
6000,784,0.6258650924,2
6000,784.05,0.6258604933,2
6000,784.1,0.6258558968,2
6000,784.15,0.6258513028,2
6000,784.2,0.6258467115,2
6000,784.25,0.6258421227,2
6000,784.3,0.6258375365,2
6000,784.35,0.6258329529,2
6000,784.4,0.6258283719,2
6000,784.45,0.6258237934,2
6000,784.5,0.6258192175,2
6000,784.55,0.6258146442,2
6000,784.6,0.6258100734,2
6000,784.65,0.6258055052,2
6000,784.7,0.6258009396,2
6000,784.75,0.6257963765,2
6000,784.8,0.625791816,2
6000,784.85,0.6257872581,2
6000,784.9,0.6257827027,2
6000,784.95,0.6257781499,2
6000,785,0.6257735996,2
6000,785.05,0.6257690519,2
6000,785.1,0.6257645067,2
6000,785.15,0.6257599642,2
6000,785.2,0.6257554241,2
6000,785.25,0.6257508866,2
6000,785.3,0.6257463517,2
6000,785.35,0.6257418193,2
6000,785.4,0.6257372894,2
6000,785.45,0.6257327621,2
6000,785.5,0.6257282374,2
6000,785.55,0.6257237152,2
6000,785.6,0.6257191955,2
6000,785.65,0.6257146784,2
6000,785.7,0.6257101638,2
6000,785.75,0.6257056517,2
6000,785.8,0.6257011422,2
6000,785.85,0.6256966352,2
6000,785.9,0.6256921308,2
6000,785.95,0.6256876288,2
6000,786,0.6256831294,2
6000,786.05,0.6256786326,2
6000,786.1,0.6256741383,2
6000,786.15,0.6256696465,2
6000,786.2,0.6256651572,2
6000,786.25,0.6256606704,2
6000,786.3,0.6256561862,2
6000,786.35,0.6256517045,2
6000,786.4,0.6256472253,2
6000,786.45,0.6256427487,2
6000,786.5,0.6256382745,2
6000,786.55,0.6256338029,2
6000,786.6,0.6256293338,2
6000,786.65,0.6256248672,2
6000,786.7,0.6256204031,2
6000,786.75,0.6256159415,2
6000,786.8,0.6256114824,2
6000,786.85,0.6256070259,2
6000,786.9,0.6256025718,2
6000,786.95,0.6255981203,2
6000,787,0.6255936712,2
6000,787.05,0.6255892247,2
6000,787.1,0.6255847807,2
6000,787.15,0.6255803391,2
6000,787.2,0.6255759001,2
6000,787.25,0.6255714636,2
6000,787.3,0.6255670295,2
6000,787.35,0.625562598,2
6000,787.4,0.6255581689,2
6000,787.45,0.6255537424,2
6000,787.5,0.6255493183,2
6000,787.55,0.6255448968,2
6000,787.6,0.6255404777,2
6000,787.65,0.6255360611,2
6000,787.7,0.625531647,2
6000,787.75,0.6255272353,2
6000,787.8,0.6255228262,2
6000,787.85,0.6255184195,2
6000,787.9,0.6255140154,2
6000,787.95,0.6255096137,2
6000,788,0.6255052144,2
6000,788.05,0.6255008177,2
6000,788.1,0.6254964234,2
6000,788.15,0.6254920317,2
6000,788.2,0.6254876423,2
6000,788.25,0.6254832555,2
6000,788.3,0.6254788711,2
6000,788.35,0.6254744892,2
6000,788.4,0.6254701098,2
6000,788.45,0.6254657328,2
6000,788.5,0.6254613583,2
6000,788.55,0.6254569863,2
6000,788.6,0.6254526167,2
6000,788.65,0.6254482496,2
6000,788.7,0.6254438849,2
6000,788.75,0.6254395227,2
6000,788.8,0.625435163,2
6000,788.85,0.6254308057,2
6000,788.9,0.6254264509,2
6000,788.95,0.6254220985,2
6000,789,0.6254177486,2
6000,789.05,0.6254134011,2
6000,789.1,0.6254090561,2
6000,789.15,0.6254047135,2
6000,789.2,0.6254003734,2
6000,789.25,0.6253960358,2
6000,789.3,0.6253917005,2
6000,789.35,0.6253873677,2
6000,789.4,0.6253830374,2
6000,789.45,0.6253787095,2
6000,789.5,0.625374384,2
6000,789.55,0.625370061,2
6000,789.6,0.6253657404,2
6000,789.65,0.6253614223,2
6000,789.7,0.6253571066,2
6000,789.75,0.6253527933,2
6000,789.8,0.6253484824,2
6000,789.85,0.625344174,2
6000,789.9,0.625339868,2
6000,789.95,0.6253355645,2
6000,790,0.6253312633,2
6000,790.05,0.6253269646,2
6000,790.1,0.6253226683,2
6000,790.15,0.6253183745,2
6000,790.2,0.625314083,2
6000,790.25,0.625309794,2
6000,790.3,0.6253055074,2
6000,790.35,0.6253012232,2
6000,790.4,0.6252969415,2
6000,790.45,0.6252926621,2
6000,790.5,0.6252883852,2
6000,790.55,0.6252841107,2
6000,790.6,0.6252798386,2
6000,790.65,0.6252755689,2
6000,790.7,0.6252713016,2
6000,790.75,0.6252670367,2
6000,790.8,0.6252627742,2
6000,790.85,0.6252585141,2
6000,790.9,0.6252542565,2
6000,790.95,0.6252500012,2
6000,791,0.6252457484,2
6000,791.05,0.6252414979,2
6000,791.1,0.6252372498,2
6000,791.15,0.6252330042,2
6000,791.2,0.6252287609,2
6000,791.25,0.62522452,2
6000,791.3,0.6252202815,2
6000,791.35,0.6252160455,2
6000,791.4,0.6252118118,2
6000,791.45,0.6252075805,2
6000,791.5,0.6252033515,2
6000,791.55,0.625199125,2
6000,791.6,0.6251949009,2
6000,791.65,0.6251906791,2
6000,791.7,0.6251864597,2
6000,791.75,0.6251822428,2
6000,791.8,0.6251780281,2
6000,791.85,0.6251738159,2
6000,791.9,0.6251696061,2
6000,791.95,0.6251653986,2
6000,792,0.6251611935,2
6000,792.05,0.6251569908,2
6000,792.1,0.6251527904,2
6000,792.15,0.6251485925,2
6000,792.2,0.6251443969,2
6000,792.25,0.6251402036,2
6000,792.3,0.6251360128,2
6000,792.35,0.6251318243,2
6000,792.4,0.6251276381,2
6000,792.45,0.6251234544,2
6000,792.5,0.625119273,2
6000,792.55,0.6251150939,2
6000,792.6,0.6251109172,2
6000,792.65,0.6251067429,2
6000,792.7,0.625102571,2
6000,792.75,0.6250984014,2
6000,792.8,0.6250942341,2
6000,792.85,0.6250900692,2
6000,792.9,0.6250859067,2
6000,792.95,0.6250817465,2
6000,793,0.6250775887,2
6000,793.05,0.6250734332,2
6000,793.1,0.6250692801,2
6000,793.15,0.6250651293,2
6000,793.2,0.6250609808,2
6000,793.25,0.6250568347,2
6000,793.3,0.625052691,2
6000,793.35,0.6250485496,2
6000,793.4,0.6250444105,2
6000,793.45,0.6250402738,2
6000,793.5,0.6250361394,2
6000,793.55,0.6250320073,2
6000,793.6,0.6250278776,2
6000,793.65,0.6250237503,2
6000,793.7,0.6250196252,2
6000,793.75,0.6250155025,2
6000,793.8,0.6250113821,2
6000,793.85,0.6250072641,2
6000,793.9,0.6250031483,2
6000,793.95,0.6249990349,2
6000,794,0.6249949239,2
6000,794.05,0.6249908151,2
6000,794.1,0.6249867087,2
6000,794.15,0.6249826046,2
6000,794.2,0.6249785028,2
6000,794.25,0.6249744034,2
6000,794.3,0.6249703063,2
6000,794.35,0.6249662114,2
6000,794.4,0.6249621189,2
6000,794.45,0.6249580288,2
6000,794.5,0.6249539409,2
6000,794.55,0.6249498553,2
6000,794.6,0.6249457721,2
6000,794.65,0.6249416911,2
6000,794.7,0.6249376125,2
6000,794.75,0.6249335362,2
6000,794.8,0.6249294622,2
6000,794.85,0.6249253905,2
6000,794.9,0.6249213211,2
6000,794.95,0.624917254,2
6000,795,0.6249131892,2
6000,795.05,0.6249091267,2
6000,795.1,0.6249050665,2
6000,795.15,0.6249010086,2
6000,795.2,0.624896953,2
6000,795.25,0.6248928997,2
6000,795.3,0.6248888487,2
6000,795.35,0.6248848,2
6000,795.4,0.6248807535,2
6000,795.45,0.6248767094,2
6000,795.5,0.6248726676,2
6000,795.55,0.624868628,2
6000,795.6,0.6248645907,2
6000,795.65,0.6248605557,2
6000,795.7,0.6248565231,2
6000,795.75,0.6248524926,2
6000,795.8,0.6248484645,2
6000,795.85,0.6248444387,2
6000,795.9,0.6248404151,2
6000,795.95,0.6248363938,2
6000,796,0.6248323748,2
6000,796.05,0.624828358,2
6000,796.1,0.6248243436,2
6000,796.15,0.6248203314,2
6000,796.2,0.6248163215,2
6000,796.25,0.6248123138,2
6000,796.3,0.6248083085,2
6000,796.35,0.6248043054,2
6000,796.4,0.6248003045,2
6000,796.45,0.6247963059,2
6000,796.5,0.6247923096,2
6000,796.55,0.6247883156,2
6000,796.6,0.6247843238,2
6000,796.65,0.6247803343,2
6000,796.7,0.624776347,2
6000,796.75,0.6247723621,2
6000,796.8,0.6247683793,2
6000,796.85,0.6247643988,2
6000,796.9,0.6247604206,2
6000,796.95,0.6247564446,2
6000,797,0.6247524709,2
6000,797.05,0.6247484995,2
6000,797.1,0.6247445302,2
6000,797.15,0.6247405633,2
6000,797.2,0.6247365986,2
6000,797.25,0.6247326361,2
6000,797.3,0.6247286759,2
6000,797.35,0.6247247179,2
6000,797.4,0.6247207622,2
6000,797.45,0.6247168087,2
6000,797.5,0.6247128574,2
6000,797.55,0.6247089084,2
6000,797.6,0.6247049617,2
6000,797.65,0.6247010171,2
6000,797.7,0.6246970748,2
6000,797.75,0.6246931348,2
6000,797.8,0.624689197,2
6000,797.85,0.6246852614,2
6000,797.9,0.624681328,2
6000,797.95,0.6246773969,2
6000,798,0.624673468,2
6000,798.05,0.6246695413,2
6000,798.1,0.6246656169,2
6000,798.15,0.6246616946,2
6000,798.2,0.6246577747,2
6000,798.25,0.6246538569,2
6000,798.3,0.6246499413,2
6000,798.35,0.624646028,2
6000,798.4,0.6246421169,2
6000,798.45,0.624638208,2
6000,798.5,0.6246343014,2
6000,798.55,0.6246303969,2
6000,798.6,0.6246264947,2
6000,798.65,0.6246225946,2
6000,798.7,0.6246186968,2
6000,798.75,0.6246148012,2
6000,798.8,0.6246109078,2
6000,798.85,0.6246070167,2
6000,798.9,0.6246031277,2
6000,798.95,0.6245992409,2
6000,799,0.6245953564,2
6000,799.05,0.624591474,2
6000,799.1,0.6245875939,2
6000,799.15,0.6245837159,2
6000,799.2,0.6245798402,2
6000,799.25,0.6245759666,2
6000,799.3,0.6245720953,2
6000,799.35,0.6245682261,2
6000,799.4,0.6245643592,2
6000,799.45,0.6245604944,2
6000,799.5,0.6245566319,2
6000,799.55,0.6245527715,2
6000,799.6,0.6245489133,2
6000,799.65,0.6245450573,2
6000,799.7,0.6245412035,2
6000,799.75,0.6245373519,2
6000,799.8,0.6245335025,2
6000,799.85,0.6245296553,2
6000,799.9,0.6245258102,2
6000,799.95,0.6245219673,2
6000,800,0.6245181266,2
6000,800.05,0.6245142881,2
6000,800.1,0.6245104518,2
6000,800.15,0.6245066177,2
6000,800.2,0.6245027857,2
6000,800.25,0.6244989559,2
6000,800.3,0.6244951283,2
6000,800.35,0.6244913028,2
6000,800.4,0.6244874796,2
6000,800.45,0.6244836585,2
6000,800.5,0.6244798396,2
6000,800.55,0.6244760228,2
6000,800.6,0.6244722082,2
6000,800.65,0.6244683958,2
6000,800.7,0.6244645855,2
6000,800.75,0.6244607774,2
6000,800.8,0.6244569715,2
6000,800.85,0.6244531677,2
6000,800.9,0.6244493661,2
6000,800.95,0.6244455667,2
6000,801,0.6244417694,2
6000,801.05,0.6244379743,2
6000,801.1,0.6244341813,2
6000,801.15,0.6244303905,2
6000,801.2,0.6244266018,2
6000,801.25,0.6244228153,2
6000,801.3,0.624419031,2
6000,801.35,0.6244152488,2
6000,801.4,0.6244114687,2
6000,801.45,0.6244076908,2
6000,801.5,0.6244039151,2
6000,801.55,0.6244001415,2
6000,801.6,0.62439637,2
6000,801.65,0.6243926007,2
6000,801.7,0.6243888335,2
6000,801.75,0.6243850685,2
6000,801.8,0.6243813056,2
6000,801.85,0.6243775448,2
6000,801.9,0.6243737862,2
6000,801.95,0.6243700297,2
6000,802,0.6243662754,2
6000,802.05,0.6243625232,2
6000,802.1,0.6243587731,2
6000,802.15,0.6243550251,2
6000,802.2,0.6243512793,2
6000,802.25,0.6243475357,2
6000,802.3,0.6243437941,2
6000,802.35,0.6243400547,2
6000,802.4,0.6243363174,2
6000,802.45,0.6243325822,2
6000,802.5,0.6243288492,2
6000,802.55,0.6243251182,2
6000,802.6,0.6243213894,2
6000,802.65,0.6243176628,2
6000,802.7,0.6243139382,2
6000,802.75,0.6243102158,2
6000,802.8,0.6243064954,2
6000,802.85,0.6243027772,2
6000,802.9,0.6242990612,2
6000,802.95,0.6242953472,2
6000,803,0.6242916353,2
6000,803.05,0.6242879256,2
6000,803.1,0.6242842179,2
6000,803.15,0.6242805124,2
6000,803.2,0.624276809,2
6000,803.25,0.6242731077,2
6000,803.3,0.6242694085,2
6000,803.35,0.6242657114,2
6000,803.4,0.6242620164,2
6000,803.45,0.6242583235,2
6000,803.5,0.6242546327,2
6000,803.55,0.624250944,2
6000,803.6,0.6242472574,2
6000,803.65,0.6242435729,2
6000,803.7,0.6242398905,2
6000,803.75,0.6242362102,2
6000,803.8,0.624232532,2
6000,803.85,0.6242288559,2
6000,803.9,0.6242251819,2
6000,803.95,0.62422151,2
6000,804,0.6242178401,2
6000,804.05,0.6242141724,2
6000,804.1,0.6242105067,2
6000,804.15,0.6242068431,2
6000,804.2,0.6242031817,2
6000,804.25,0.6241995223,2
6000,804.3,0.624195865,2
6000,804.35,0.6241922097,2
6000,804.4,0.6241885566,2
6000,804.45,0.6241849055,2
6000,804.5,0.6241812565,2
6000,804.55,0.6241776096,2
6000,804.6,0.6241739648,2
6000,804.65,0.624170322,2
6000,804.7,0.6241666813,2
6000,804.75,0.6241630427,2
6000,804.8,0.6241594062,2
6000,804.85,0.6241557717,2
6000,804.9,0.6241521393,2
6000,804.95,0.624148509,2
6000,805,0.6241448807,2
6000,805.05,0.6241412545,2
6000,805.1,0.6241376304,2
6000,805.15,0.6241340084,2
6000,805.2,0.6241303884,2
6000,805.25,0.6241267704,2
6000,805.3,0.6241231546,2
6000,805.35,0.6241195408,2
6000,805.4,0.624115929,2
6000,805.45,0.6241123193,2
6000,805.5,0.6241087117,2
6000,805.55,0.6241051061,2
6000,805.6,0.6241015026,2
6000,805.65,0.6240979011,2
6000,805.7,0.6240943017,2
6000,805.75,0.6240907043,2
6000,805.8,0.624087109,2
6000,805.85,0.6240835157,2
6000,805.9,0.6240799245,2
6000,805.95,0.6240763353,2
6000,806,0.6240727482,2
6000,806.05,0.6240691631,2
6000,806.1,0.6240655801,2
6000,806.15,0.6240619991,2
6000,806.2,0.6240584202,2
6000,806.25,0.6240548432,2
6000,806.3,0.6240512684,2
6000,806.35,0.6240476955,2
6000,806.4,0.6240441247,2
6000,806.45,0.624040556,2
6000,806.5,0.6240369893,2
6000,806.55,0.6240334246,2
6000,806.6,0.6240298619,2
6000,806.65,0.6240263013,2
6000,806.7,0.6240227427,2
6000,806.75,0.6240191861,2
6000,806.8,0.6240156316,2
6000,806.85,0.6240120791,2
6000,806.9,0.6240085286,2
6000,806.95,0.6240049801,2
6000,807,0.6240014337,2
6000,807.05,0.6239978893,2
6000,807.1,0.6239943469,2
6000,807.15,0.6239908065,2
6000,807.2,0.6239872682,2
6000,807.25,0.6239837318,2
6000,807.3,0.6239801975,2
6000,807.35,0.6239766652,2
6000,807.4,0.6239731349,2
6000,807.45,0.6239696067,2
6000,807.5,0.6239660804,2
6000,807.55,0.6239625562,2
6000,807.6,0.623959034,2
6000,807.65,0.6239555137,2
6000,807.7,0.6239519955,2
6000,807.75,0.6239484793,2
6000,807.8,0.6239449651,2
6000,807.85,0.6239414529,2
6000,807.9,0.6239379427,2
6000,807.95,0.6239344346,2
6000,808,0.6239309284,2
6000,808.05,0.6239274242,2
6000,808.1,0.623923922,2
6000,808.15,0.6239204218,2
6000,808.2,0.6239169236,2
6000,808.25,0.6239134275,2
6000,808.3,0.6239099333,2
6000,808.35,0.6239064411,2
6000,808.4,0.6239029509,2
6000,808.45,0.6238994627,2
6000,808.5,0.6238959764,2
6000,808.55,0.6238924922,2
6000,808.6,0.62388901,2
6000,808.65,0.6238855297,2
6000,808.7,0.6238820515,2
6000,808.75,0.6238785752,2
6000,808.8,0.6238751009,2
6000,808.85,0.6238716286,2
6000,808.9,0.6238681582,2
6000,808.95,0.6238646899,2
6000,809,0.6238612235,2
6000,809.05,0.6238577592,2
6000,809.1,0.6238542968,2
6000,809.15,0.6238508363,2
6000,809.2,0.6238473779,2
6000,809.25,0.6238439214,2
6000,809.3,0.6238404669,2
6000,809.35,0.6238370144,2
6000,809.4,0.6238335638,2
6000,809.45,0.6238301152,2
6000,809.5,0.6238266686,2
6000,809.55,0.623823224,2
6000,809.6,0.6238197813,2
6000,809.65,0.6238163406,2
6000,809.7,0.6238129018,2
6000,809.75,0.6238094651,2
6000,809.8,0.6238060302,2
6000,809.85,0.6238025974,2
6000,809.9,0.6237991665,2
6000,809.95,0.6237957376,2
6000,810,0.6237923106,2
6000,810.05,0.6237888856,2
6000,810.1,0.6237854625,2
6000,810.15,0.6237820414,2
6000,810.2,0.6237786223,2
6000,810.25,0.6237752051,2
6000,810.3,0.6237717898,2
6000,810.35,0.6237683766,2
6000,810.4,0.6237649652,2
6000,810.45,0.6237615558,2
6000,810.5,0.6237581484,2
6000,810.55,0.6237547429,2
6000,810.6,0.6237513394,2
6000,810.65,0.6237479378,2
6000,810.7,0.6237445381,2
6000,810.75,0.6237411404,2
6000,810.8,0.6237377446,2
6000,810.85,0.6237343508,2
6000,810.9,0.6237309589,2
6000,810.95,0.623727569,2
6000,811,0.623724181,2
6000,811.05,0.6237207949,2
6000,811.1,0.6237174108,2
6000,811.15,0.6237140286,2
6000,811.2,0.6237106483,2
6000,811.25,0.62370727,2
6000,811.3,0.6237038936,2
6000,811.35,0.6237005191,2
6000,811.4,0.6236971466,2
6000,811.45,0.623693776,2
6000,811.5,0.6236904073,2
6000,811.55,0.6236870405,2
6000,811.6,0.6236836757,2
6000,811.65,0.6236803128,2
6000,811.7,0.6236769518,2
6000,811.75,0.6236735927,2
6000,811.8,0.6236702356,2
6000,811.85,0.6236668804,2
6000,811.9,0.6236635271,2
6000,811.95,0.6236601757,2
6000,812,0.6236568262,2
6000,812.05,0.6236534787,2
6000,812.1,0.6236501331,2
6000,812.15,0.6236467893,2
6000,812.2,0.6236434475,2
6000,812.25,0.6236401077,2
6000,812.3,0.6236367697,2
6000,812.35,0.6236334336,2
6000,812.4,0.6236300994,2
6000,812.45,0.6236267672,2
6000,812.5,0.6236234368,2
6000,812.55,0.6236201084,2
6000,812.6,0.6236167819,2
6000,812.65,0.6236134572,2
6000,812.7,0.6236101345,2
6000,812.75,0.6236068137,2
6000,812.8,0.6236034947,2
6000,812.85,0.6236001777,2
6000,812.9,0.6235968626,2
6000,812.95,0.6235935493,2
6000,813,0.623590238,2
6000,813.05,0.6235869286,2
6000,813.1,0.623583621,2
6000,813.15,0.6235803154,2
6000,813.2,0.6235770116,2
6000,813.25,0.6235737097,2
6000,813.3,0.6235704098,2
6000,813.35,0.6235671117,2
6000,813.4,0.6235638155,2
6000,813.45,0.6235605212,2
6000,813.5,0.6235572287,2
6000,813.55,0.6235539382,2
6000,813.6,0.6235506495,2
6000,813.65,0.6235473628,2
6000,813.7,0.6235440779,2
6000,813.75,0.6235407949,2
6000,813.8,0.6235375137,2
6000,813.85,0.6235342345,2
6000,813.9,0.6235309571,2
6000,813.95,0.6235276816,2
6000,814,0.623524408,2
6000,814.05,0.6235211362,2
6000,814.1,0.6235178664,2
6000,814.15,0.6235145984,2
6000,814.2,0.6235113322,2
6000,814.25,0.623508068,2
6000,814.3,0.6235048056,2
6000,814.35,0.6235015451,2
6000,814.4,0.6234982864,2
6000,814.45,0.6234950296,2
6000,814.5,0.6234917747,2
6000,814.55,0.6234885217,2
6000,814.6,0.6234852705,2
6000,814.65,0.6234820211,2
6000,814.7,0.6234787737,2
6000,814.75,0.6234755281,2
6000,814.8,0.6234722843,2
6000,814.85,0.6234690424,2
6000,814.9,0.6234658024,2
6000,814.95,0.6234625642,2
6000,815,0.6234593279,2
6000,815.05,0.6234560935,2
6000,815.1,0.6234528609,2
6000,815.15,0.6234496301,2
6000,815.2,0.6234464012,2
6000,815.25,0.6234431741,2
6000,815.3,0.6234399489,2
6000,815.35,0.6234367256,2
6000,815.4,0.6234335041,2
6000,815.45,0.6234302844,2
6000,815.5,0.6234270666,2
6000,815.55,0.6234238506,2
6000,815.6,0.6234206365,2
6000,815.65,0.6234174242,2
6000,815.7,0.6234142138,2
6000,815.75,0.6234110052,2
6000,815.8,0.6234077984,2
6000,815.85,0.6234045935,2
6000,815.9,0.6234013904,2
6000,815.95,0.6233981891,2
6000,816,0.6233949897,2
6000,816.05,0.6233917921,2
6000,816.1,0.6233885964,2
6000,816.15,0.6233854025,2
6000,816.2,0.6233822104,2
6000,816.25,0.6233790201,2
6000,816.3,0.6233758317,2
6000,816.35,0.6233726451,2
6000,816.4,0.6233694604,2
6000,816.45,0.6233662774,2
6000,816.5,0.6233630963,2
6000,816.55,0.623359917,2
6000,816.6,0.6233567395,2
6000,816.65,0.6233535639,2
6000,816.7,0.6233503901,2
6000,816.75,0.6233472181,2
6000,816.8,0.6233440479,2
6000,816.85,0.6233408795,2
6000,816.9,0.623337713,2
6000,816.95,0.6233345482,2
6000,817,0.6233313853,2
6000,817.05,0.6233282242,2
6000,817.1,0.6233250649,2
6000,817.15,0.6233219074,2
6000,817.2,0.6233187518,2
6000,817.25,0.6233155979,2
6000,817.3,0.6233124459,2
6000,817.35,0.6233092956,2
6000,817.4,0.6233061472,2
6000,817.45,0.6233030006,2
6000,817.5,0.6232998558,2
6000,817.55,0.6232967128,2
6000,817.6,0.6232935716,2
6000,817.65,0.6232904322,2
6000,817.7,0.6232872945,2
6000,817.75,0.6232841587,2
6000,817.8,0.6232810247,2
6000,817.85,0.6232778925,2
6000,817.9,0.6232747621,2
6000,817.95,0.6232716335,2
6000,818,0.6232685067,2
6000,818.05,0.6232653817,2
6000,818.1,0.6232622585,2
6000,818.15,0.623259137,2
6000,818.2,0.6232560174,2
6000,818.25,0.6232528995,2
6000,818.3,0.6232497835,2
6000,818.35,0.6232466692,2
6000,818.4,0.6232435567,2
6000,818.45,0.623240446,2
6000,818.5,0.6232373371,2
6000,818.55,0.62323423,2
6000,818.6,0.6232311246,2
6000,818.65,0.6232280211,2
6000,818.7,0.6232249193,2
6000,818.75,0.6232218193,2
6000,818.8,0.6232187211,2
6000,818.85,0.6232156247,2
6000,818.9,0.62321253,2
6000,818.95,0.6232094371,2
6000,819,0.623206346,2
6000,819.05,0.6232032567,2
6000,819.1,0.6232001691,2
6000,819.15,0.6231970833,2
6000,819.2,0.6231939993,2
6000,819.25,0.6231909171,2
6000,819.3,0.6231878366,2
6000,819.35,0.6231847579,2
6000,819.4,0.623181681,2
6000,819.45,0.6231786058,2
6000,819.5,0.6231755324,2
6000,819.55,0.6231724608,2
6000,819.6,0.6231693909,2
6000,819.65,0.6231663228,2
6000,819.7,0.6231632565,2
6000,819.75,0.6231601919,2
6000,819.8,0.6231571291,2
6000,819.85,0.623154068,2
6000,819.9,0.6231510087,2
6000,819.95,0.6231479512,2
6000,820,0.6231448954,2
6000,820.05,0.6231418414,2
6000,820.1,0.6231387891,2
6000,820.15,0.6231357386,2
6000,820.2,0.6231326898,2
6000,820.25,0.6231296428,2
6000,820.3,0.6231265975,2
6000,820.35,0.623123554,2
6000,820.4,0.6231205122,2
6000,820.45,0.6231174722,2
6000,820.5,0.6231144339,2
6000,820.55,0.6231113974,2
6000,820.6,0.6231083626,2
6000,820.65,0.6231053296,2
6000,820.7,0.6231022983,2
6000,820.75,0.6230992687,2
6000,820.8,0.6230962409,2
6000,820.85,0.6230932149,2
6000,820.9,0.6230901905,2
6000,820.95,0.6230871679,2
6000,821,0.6230841471,2
6000,821.05,0.623081128,2
6000,821.1,0.6230781106,2
6000,821.15,0.623075095,2
6000,821.2,0.623072081,2
6000,821.25,0.6230690689,2
6000,821.3,0.6230660584,2
6000,821.35,0.6230630497,2
6000,821.4,0.6230600427,2
6000,821.45,0.6230570375,2
6000,821.5,0.6230540339,2
6000,821.55,0.6230510321,2
6000,821.6,0.623048032,2
6000,821.65,0.6230450337,2
6000,821.7,0.6230420371,2
6000,821.75,0.6230390422,2
6000,821.8,0.623036049,2
6000,821.85,0.6230330575,2
6000,821.9,0.6230300678,2
6000,821.95,0.6230270798,2
6000,822,0.6230240935,2
6000,822.05,0.6230211089,2
6000,822.1,0.623018126,2
6000,822.15,0.6230151449,2
6000,822.2,0.6230121654,2
6000,822.25,0.6230091877,2
6000,822.3,0.6230062117,2
6000,822.35,0.6230032374,2
6000,822.4,0.6230002648,2
6000,822.45,0.6229972939,2
6000,822.5,0.6229943248,2
6000,822.55,0.6229913573,2
6000,822.6,0.6229883916,2
6000,822.65,0.6229854275,2
6000,822.7,0.6229824652,2
6000,822.75,0.6229795045,2
6000,822.8,0.6229765456,2
6000,822.85,0.6229735884,2
6000,822.9,0.6229706328,2
6000,822.95,0.622967679,2
6000,823,0.6229647269,2
6000,823.05,0.6229617765,2
6000,823.1,0.6229588277,2
6000,823.15,0.6229558807,2
6000,823.2,0.6229529354,2
6000,823.25,0.6229499917,2
6000,823.3,0.6229470498,2
6000,823.35,0.6229441095,2
6000,823.4,0.6229411709,2
6000,823.45,0.6229382341,2
6000,823.5,0.6229352989,2
6000,823.55,0.6229323654,2
6000,823.6,0.6229294336,2
6000,823.65,0.6229265035,2
6000,823.7,0.6229235751,2
6000,823.75,0.6229206483,2
6000,823.8,0.6229177233,2
6000,823.85,0.6229147999,2
6000,823.9,0.6229118782,2
6000,823.95,0.6229089582,2
6000,824,0.6229060399,2
6000,824.05,0.6229031232,2
6000,824.1,0.6229002082,2
6000,824.15,0.6228972949,2
6000,824.2,0.6228943833,2
6000,824.25,0.6228914734,2
6000,824.3,0.6228885651,2
6000,824.35,0.6228856585,2
6000,824.4,0.6228827536,2
6000,824.45,0.6228798504,2
6000,824.5,0.6228769488,2
6000,824.55,0.6228740489,2
6000,824.6,0.6228711507,2
6000,824.65,0.6228682542,2
6000,824.7,0.6228653593,2
6000,824.75,0.622862466,2
6000,824.8,0.6228595745,2
6000,824.85,0.6228566846,2
6000,824.9,0.6228537964,2
6000,824.95,0.6228509098,2
6000,825,0.6228480249,2
6000,825.05,0.6228451417,2
6000,825.1,0.6228422601,2
6000,825.15,0.6228393802,2
6000,825.2,0.6228365019,2
6000,825.25,0.6228336253,2
6000,825.3,0.6228307504,2
6000,825.35,0.6228278771,2
6000,825.4,0.6228250055,2
6000,825.45,0.6228221355,2
6000,825.5,0.6228192672,2
6000,825.55,0.6228164005,2
6000,825.6,0.6228135355,2
6000,825.65,0.6228106721,2
6000,825.7,0.6228078104,2
6000,825.75,0.6228049503,2
6000,825.8,0.6228020919,2
6000,825.85,0.6227992351,2
6000,825.9,0.62279638,2
6000,825.95,0.6227935265,2
6000,826,0.6227906747,2
6000,826.05,0.6227878245,2
6000,826.1,0.6227849759,2
6000,826.15,0.622782129,2
6000,826.2,0.6227792838,2
6000,826.25,0.6227764401,2
6000,826.3,0.6227735981,2
6000,826.35,0.6227707578,2
6000,826.4,0.6227679191,2
6000,826.45,0.622765082,2
6000,826.5,0.6227622465,2
6000,826.55,0.6227594127,2
6000,826.6,0.6227565806,2
6000,826.65,0.62275375,2
6000,826.7,0.6227509211,2
6000,826.75,0.6227480938,2
6000,826.8,0.6227452682,2
6000,826.85,0.6227424442,2
6000,826.9,0.6227396218,2
6000,826.95,0.622736801,2
6000,827,0.6227339819,2
6000,827.05,0.6227311644,2
6000,827.1,0.6227283485,2
6000,827.15,0.6227255342,2
6000,827.2,0.6227227216,2
6000,827.25,0.6227199105,2
6000,827.3,0.6227171011,2
6000,827.35,0.6227142934,2
6000,827.4,0.6227114872,2
6000,827.45,0.6227086827,2
6000,827.5,0.6227058797,2
6000,827.55,0.6227030784,2
6000,827.6,0.6227002787,2
6000,827.65,0.6226974807,2
6000,827.7,0.6226946842,2
6000,827.75,0.6226918893,2
6000,827.8,0.6226890961,2
6000,827.85,0.6226863045,2
6000,827.9,0.6226835145,2
6000,827.95,0.622680726,2
6000,828,0.6226779392,2
6000,828.05,0.6226751541,2
6000,828.1,0.6226723705,2
6000,828.15,0.6226695885,2
6000,828.2,0.6226668081,2
6000,828.25,0.6226640293,2
6000,828.3,0.6226612522,2
6000,828.35,0.6226584766,2
6000,828.4,0.6226557026,2
6000,828.45,0.6226529303,2
6000,828.5,0.6226501595,2
6000,828.55,0.6226473903,2
6000,828.6,0.6226446228,2
6000,828.65,0.6226418568,2
6000,828.7,0.6226390924,2
6000,828.75,0.6226363297,2
6000,828.8,0.6226335685,2
6000,828.85,0.6226308089,2
6000,828.9,0.6226280509,2
6000,828.95,0.6226252945,2
6000,829,0.6226225397,2
6000,829.05,0.6226197864,2
6000,829.1,0.6226170348,2
6000,829.15,0.6226142847,2
6000,829.2,0.6226115363,2
6000,829.25,0.6226087894,2
6000,829.3,0.6226060441,2
6000,829.35,0.6226033004,2
6000,829.4,0.6226005583,2
6000,829.45,0.6225978177,2
6000,829.5,0.6225950788,2
6000,829.55,0.6225923414,2
6000,829.6,0.6225896056,2
6000,829.65,0.6225868714,2
6000,829.7,0.6225841387,2
6000,829.75,0.6225814077,2
6000,829.8,0.6225786782,2
6000,829.85,0.6225759503,2
6000,829.9,0.622573224,2
6000,829.95,0.6225704992,2
6000,830,0.622567776,2
6000,830.05,0.6225650544,2
6000,830.1,0.6225623344,2
6000,830.15,0.6225596159,2
6000,830.2,0.622556899,2
6000,830.25,0.6225541836,2
6000,830.3,0.6225514699,2
6000,830.35,0.6225487577,2
6000,830.4,0.622546047,2
6000,830.45,0.622543338,2
6000,830.5,0.6225406305,2
6000,830.55,0.6225379245,2
6000,830.6,0.6225352202,2
6000,830.65,0.6225325173,2
6000,830.7,0.6225298161,2
6000,830.75,0.6225271164,2
6000,830.8,0.6225244183,2
6000,830.85,0.6225217217,2
6000,830.9,0.6225190267,2
6000,830.95,0.6225163332,2
6000,831,0.6225136413,2
6000,831.05,0.622510951,2
6000,831.1,0.6225082622,2
6000,831.15,0.6225055749,2
6000,831.2,0.6225028892,2
6000,831.25,0.6225002051,2
6000,831.3,0.6224975225,2
6000,831.35,0.6224948415,2
6000,831.4,0.622492162,2
6000,831.45,0.622489484,2
6000,831.5,0.6224868076,2
6000,831.55,0.6224841328,2
6000,831.6,0.6224814595,2
6000,831.65,0.6224787877,2
6000,831.7,0.6224761175,2
6000,831.75,0.6224734488,2
6000,831.8,0.6224707817,2
6000,831.85,0.6224681161,2
6000,831.9,0.6224654521,2
6000,831.95,0.6224627896,2
6000,832,0.6224601286,2
6000,832.05,0.6224574692,2
6000,832.1,0.6224548113,2
6000,832.15,0.6224521549,2
6000,832.2,0.6224495001,2
6000,832.25,0.6224468468,2
6000,832.3,0.622444195,2
6000,832.35,0.6224415448,2
6000,832.4,0.6224388961,2
6000,832.45,0.622436249,2
6000,832.5,0.6224336033,2
6000,832.55,0.6224309592,2
6000,832.6,0.6224283167,2
6000,832.65,0.6224256756,2
6000,832.7,0.6224230361,2
6000,832.75,0.6224203981,2
6000,832.8,0.6224177616,2
6000,832.85,0.6224151267,2
6000,832.9,0.6224124933,2
6000,832.95,0.6224098614,2
6000,833,0.622407231,2
6000,833.05,0.6224046022,2
6000,833.1,0.6224019748,2
6000,833.15,0.622399349,2
6000,833.2,0.6223967247,2
6000,833.25,0.6223941019,2
6000,833.3,0.6223914807,2
6000,833.35,0.6223888609,2
6000,833.4,0.6223862427,2
6000,833.45,0.622383626,2
6000,833.5,0.6223810108,2
6000,833.55,0.6223783971,2
6000,833.6,0.6223757849,2
6000,833.65,0.6223731742,2
6000,833.7,0.6223705651,2
6000,833.75,0.6223679574,2
6000,833.8,0.6223653513,2
6000,833.85,0.6223627466,2
6000,833.9,0.6223601435,2
6000,833.95,0.6223575419,2
6000,834,0.6223549418,2
6000,834.05,0.6223523431,2
6000,834.1,0.622349746,2
6000,834.15,0.6223471504,2
6000,834.2,0.6223445563,2
6000,834.25,0.6223419637,2
6000,834.3,0.6223393726,2
6000,834.35,0.622336783,2
6000,834.4,0.6223341949,2
6000,834.45,0.6223316083,2
6000,834.5,0.6223290231,2
6000,834.55,0.6223264395,2
6000,834.6,0.6223238574,2
6000,834.65,0.6223212768,2
6000,834.7,0.6223186976,2
6000,834.75,0.62231612,2
6000,834.8,0.6223135438,2
6000,834.85,0.6223109691,2
6000,834.9,0.622308396,2
6000,834.95,0.6223058243,2
6000,835,0.6223032541,2
6000,835.05,0.6223006854,2
6000,835.1,0.6222981181,2
6000,835.15,0.6222955524,2
6000,835.2,0.6222929881,2
6000,835.25,0.6222904254,2
6000,835.3,0.6222878641,2
6000,835.35,0.6222853043,2
6000,835.4,0.622282746,2
6000,835.45,0.6222801891,2
6000,835.5,0.6222776338,2
6000,835.55,0.6222750799,2
6000,835.6,0.6222725275,2
6000,835.65,0.6222699765,2
6000,835.7,0.6222674271,2
6000,835.75,0.6222648791,2
6000,835.8,0.6222623326,2
6000,835.85,0.6222597876,2
6000,835.9,0.622257244,2
6000,835.95,0.6222547019,2
6000,836,0.6222521613,2
6000,836.05,0.6222496222,2
6000,836.1,0.6222470845,2
6000,836.15,0.6222445483,2
6000,836.2,0.6222420136,2
6000,836.25,0.6222394803,2
6000,836.3,0.6222369485,2
6000,836.35,0.6222344182,2
6000,836.4,0.6222318893,2
6000,836.45,0.6222293619,2
6000,836.5,0.622226836,2
6000,836.55,0.6222243115,2
6000,836.6,0.6222217885,2
6000,836.65,0.6222192669,2
6000,836.7,0.6222167468,2
6000,836.75,0.6222142282,2
6000,836.8,0.622211711,2
6000,836.85,0.6222091953,2
6000,836.9,0.6222066811,2
6000,836.95,0.6222041683,2
6000,837,0.6222016569,2
6000,837.05,0.622199147,2
6000,837.1,0.6221966386,2
6000,837.15,0.6221941316,2
6000,837.2,0.622191626,2
6000,837.25,0.622189122,2
6000,837.3,0.6221866193,2
6000,837.35,0.6221841181,2
6000,837.4,0.6221816184,2
6000,837.45,0.6221791201,2
6000,837.5,0.6221766233,2
6000,837.55,0.6221741279,2
6000,837.6,0.6221716339,2
6000,837.65,0.6221691414,2
6000,837.7,0.6221666504,2
6000,837.75,0.6221641607,2
6000,837.8,0.6221616726,2
6000,837.85,0.6221591858,2
6000,837.9,0.6221567005,2
6000,837.95,0.6221542167,2
6000,838,0.6221517343,2
6000,838.05,0.6221492533,2
6000,838.1,0.6221467738,2
6000,838.15,0.6221442957,2
6000,838.2,0.622141819,2
6000,838.25,0.6221393438,2
6000,838.3,0.62213687,2
6000,838.35,0.6221343976,2
6000,838.4,0.6221319267,2
6000,838.45,0.6221294572,2
6000,838.5,0.6221269891,2
6000,838.55,0.6221245225,2
6000,838.6,0.6221220573,2
6000,838.65,0.6221195935,2
6000,838.7,0.6221171311,2
6000,838.75,0.6221146702,2
6000,838.8,0.6221122107,2
6000,838.85,0.6221097526,2
6000,838.9,0.622107296,2
6000,838.95,0.6221048408,2
6000,839,0.622102387,2
6000,839.05,0.6220999346,2
6000,839.1,0.6220974836,2
6000,839.15,0.6220950341,2
6000,839.2,0.622092586,2
6000,839.25,0.6220901393,2
6000,839.3,0.622087694,2
6000,839.35,0.6220852502,2
6000,839.4,0.6220828077,2
6000,839.45,0.6220803667,2
6000,839.5,0.6220779271,2
6000,839.55,0.6220754889,2
6000,839.6,0.6220730521,2
6000,839.65,0.6220706167,2
6000,839.7,0.6220681828,2
6000,839.75,0.6220657502,2
6000,839.8,0.6220633191,2
6000,839.85,0.6220608894,2
6000,839.9,0.622058461,2
6000,839.95,0.6220560341,2
6000,840,0.6220536086,2
6000,840.05,0.6220511845,2
6000,840.1,0.6220487618,2
6000,840.15,0.6220463405,2
6000,840.2,0.6220439207,2
6000,840.25,0.6220415022,2
6000,840.3,0.6220390851,2
6000,840.35,0.6220366694,2
6000,840.4,0.6220342552,2
6000,840.45,0.6220318423,2
6000,840.5,0.6220294308,2
6000,840.55,0.6220270207,2
6000,840.6,0.6220246121,2
6000,840.65,0.6220222048,2
6000,840.7,0.6220197989,2
6000,840.75,0.6220173944,2
6000,840.8,0.6220149913,2
6000,840.85,0.6220125896,2
6000,840.9,0.6220101893,2
6000,840.95,0.6220077904,2
6000,841,0.6220053929,2
6000,841.05,0.6220029967,2
6000,841.1,0.622000602,2
6000,841.15,0.6219982086,2
6000,841.2,0.6219958167,2
6000,841.25,0.6219934261,2
6000,841.3,0.6219910369,2
6000,841.35,0.6219886491,2
6000,841.4,0.6219862627,2
6000,841.45,0.6219838777,2
6000,841.5,0.621981494,2
6000,841.55,0.6219791117,2
6000,841.6,0.6219767309,2
6000,841.65,0.6219743514,2
6000,841.7,0.6219719732,2
6000,841.75,0.6219695965,2
6000,841.8,0.6219672211,2
6000,841.85,0.6219648471,2
6000,841.9,0.6219624745,2
6000,841.95,0.6219601033,2
6000,842,0.6219577335,2
6000,842.05,0.621955365,2
6000,842.1,0.6219529979,2
6000,842.15,0.6219506321,2
6000,842.2,0.6219482678,2
6000,842.25,0.6219459048,2
6000,842.3,0.6219435432,2
6000,842.35,0.6219411829,2
6000,842.4,0.6219388241,2
6000,842.45,0.6219364666,2
6000,842.5,0.6219341104,2
6000,842.55,0.6219317557,2
6000,842.6,0.6219294023,2
6000,842.65,0.6219270502,2
6000,842.7,0.6219246996,2
6000,842.75,0.6219223503,2
6000,842.8,0.6219200023,2
6000,842.85,0.6219176557,2
6000,842.9,0.6219153105,2
6000,842.95,0.6219129667,2
6000,843,0.6219106242,2
6000,843.05,0.6219082831,2
6000,843.1,0.6219059433,2
6000,843.15,0.6219036049,2
6000,843.2,0.6219012678,2
6000,843.25,0.6218989321,2
6000,843.3,0.6218965978,2
6000,843.35,0.6218942648,2
6000,843.4,0.6218919331,2
6000,843.45,0.6218896029,2
6000,843.5,0.6218872739,2
6000,843.55,0.6218849464,2
6000,843.6,0.6218826201,2
6000,843.65,0.6218802953,2
6000,843.7,0.6218779717,2
6000,843.75,0.6218756496,2
6000,843.8,0.6218733287,2
6000,843.85,0.6218710093,2
6000,843.9,0.6218686911,2
6000,843.95,0.6218663744,2
6000,844,0.6218640589,2
6000,844.05,0.6218617448,2
6000,844.1,0.6218594321,2
6000,844.15,0.6218571207,2
6000,844.2,0.6218548106,2
6000,844.25,0.6218525019,2
6000,844.3,0.6218501945,2
6000,844.35,0.6218478885,2
6000,844.4,0.6218455838,2
6000,844.45,0.6218432804,2
6000,844.5,0.6218409784,2
6000,844.55,0.6218386777,2
6000,844.6,0.6218363783,2
6000,844.65,0.6218340803,2
6000,844.7,0.6218317836,2
6000,844.75,0.6218294883,2
6000,844.8,0.6218271943,2
6000,844.85,0.6218249016,2
6000,844.9,0.6218226103,2
6000,844.95,0.6218203203,2
6000,845,0.6218180316,2
6000,845.05,0.6218157442,2
6000,845.1,0.6218134582,2
6000,845.15,0.6218111735,2
6000,845.2,0.6218088901,2
6000,845.25,0.6218066081,2
6000,845.3,0.6218043274,2
6000,845.35,0.621802048,2
6000,845.4,0.6217997699,2
6000,845.45,0.6217974932,2
6000,845.5,0.6217952177,2
6000,845.55,0.6217929436,2
6000,845.6,0.6217906709,2
6000,845.65,0.6217883994,2
6000,845.7,0.6217861293,2
6000,845.75,0.6217838605,2
6000,845.8,0.621781593,2
6000,845.85,0.6217793268,2
6000,845.9,0.6217770619,2
6000,845.95,0.6217747984,2
6000,846,0.6217725361,2
6000,846.05,0.6217702752,2
6000,846.1,0.6217680156,2
6000,846.15,0.6217657573,2
6000,846.2,0.6217635004,2
6000,846.25,0.6217612447,2
6000,846.3,0.6217589903,2
6000,846.35,0.6217567373,2
6000,846.4,0.6217544856,2
6000,846.45,0.6217522352,2
6000,846.5,0.621749986,2
6000,846.55,0.6217477382,2
6000,846.6,0.6217454917,2
6000,846.65,0.6217432465,2
6000,846.7,0.6217410026,2
6000,846.75,0.6217387601,2
6000,846.8,0.6217365188,2
6000,846.85,0.6217342788,2
6000,846.9,0.6217320401,2
6000,846.95,0.6217298028,2
6000,847,0.6217275667,2
6000,847.05,0.6217253319,2
6000,847.1,0.6217230984,2
6000,847.15,0.6217208663,2
6000,847.2,0.6217186354,2
6000,847.25,0.6217164058,2
6000,847.3,0.6217141775,2
6000,847.35,0.6217119505,2
6000,847.4,0.6217097249,2
6000,847.45,0.6217075005,2
6000,847.5,0.6217052774,2
6000,847.55,0.6217030555,2
6000,847.6,0.621700835,2
6000,847.65,0.6216986158,2
6000,847.7,0.6216963979,2
6000,847.75,0.6216941812,2
6000,847.8,0.6216919659,2
6000,847.85,0.6216897518,2
6000,847.9,0.621687539,2
6000,847.95,0.6216853275,2
6000,848,0.6216831173,2
6000,848.05,0.6216809084,2
6000,848.1,0.6216787007,2
6000,848.15,0.6216764944,2
6000,848.2,0.6216742893,2
6000,848.25,0.6216720855,2
6000,848.3,0.621669883,2
6000,848.35,0.6216676818,2
6000,848.4,0.6216654819,2
6000,848.45,0.6216632832,2
6000,848.5,0.6216610858,2
6000,848.55,0.6216588897,2
6000,848.6,0.6216566949,2
6000,848.65,0.6216545013,2
6000,848.7,0.6216523091,2
6000,848.75,0.6216501181,2
6000,848.8,0.6216479283,2
6000,848.85,0.6216457399,2
6000,848.9,0.6216435527,2
6000,848.95,0.6216413668,2
6000,849,0.6216391822,2
6000,849.05,0.6216369988,2
6000,849.1,0.6216348167,2
6000,849.15,0.6216326359,2
6000,849.2,0.6216304564,2
6000,849.25,0.6216282781,2
6000,849.3,0.6216261011,2
6000,849.35,0.6216239253,2
6000,849.4,0.6216217508,2
6000,849.45,0.6216195776,2
6000,849.5,0.6216174057,2
6000,849.55,0.621615235,2
6000,849.6,0.6216130656,2
6000,849.65,0.6216108974,2
6000,849.7,0.6216087305,2
6000,849.75,0.6216065649,2
6000,849.8,0.6216044005,2
6000,849.85,0.6216022374,2
6000,849.9,0.6216000755,2
6000,849.95,0.6215979149,2
6000,850,0.6215957556,2
6000,850.05,0.6215935975,2
6000,850.1,0.6215914406,2
6000,850.15,0.6215892851,2
6000,850.2,0.6215871307,2
6000,850.25,0.6215849777,2
6000,850.3,0.6215828259,2
6000,850.35,0.6215806753,2
6000,850.4,0.621578526,2
6000,850.45,0.6215763779,2
6000,850.5,0.6215742311,2
6000,850.55,0.6215720856,2
6000,850.6,0.6215699413,2
6000,850.65,0.6215677982,2
6000,850.7,0.6215656564,2
6000,850.75,0.6215635159,2
6000,850.8,0.6215613765,2
6000,850.85,0.6215592385,2
6000,850.9,0.6215571016,2
6000,850.95,0.6215549661,2
6000,851,0.6215528317,2
6000,851.05,0.6215506986,2
6000,851.1,0.6215485668,2
6000,851.15,0.6215464362,2
6000,851.2,0.6215443068,2
6000,851.25,0.6215421787,2
6000,851.3,0.6215400518,2
6000,851.35,0.6215379261,2
6000,851.4,0.6215358017,2
6000,851.45,0.6215336785,2
6000,851.5,0.6215315566,2
6000,851.55,0.6215294359,2
6000,851.6,0.6215273164,2
6000,851.65,0.6215251982,2
6000,851.7,0.6215230812,2
6000,851.75,0.6215209654,2
6000,851.8,0.6215188509,2
6000,851.85,0.6215167376,2
6000,851.9,0.6215146255,2
6000,851.95,0.6215125146,2
6000,852,0.621510405,2
6000,852.05,0.6215082966,2
6000,852.1,0.6215061895,2
6000,852.15,0.6215040835,2
6000,852.2,0.6215019788,2
6000,852.25,0.6214998754,2
6000,852.3,0.6214977731,2
6000,852.35,0.6214956721,2
6000,852.4,0.6214935723,2
6000,852.45,0.6214914737,2
6000,852.5,0.6214893764,2
6000,852.55,0.6214872802,2
6000,852.6,0.6214851853,2
6000,852.65,0.6214830916,2
6000,852.7,0.6214809991,2
6000,852.75,0.6214789079,2
6000,852.8,0.6214768178,2
6000,852.85,0.621474729,2
6000,852.9,0.6214726414,2
6000,852.95,0.621470555,2
6000,853,0.6214684699,2
6000,853.05,0.6214663859,2
6000,853.1,0.6214643032,2
6000,853.15,0.6214622217,2
6000,853.2,0.6214601414,2
6000,853.25,0.6214580623,2
6000,853.3,0.6214559844,2
6000,853.35,0.6214539077,2
6000,853.4,0.6214518322,2
6000,853.45,0.621449758,2
6000,853.5,0.6214476849,2
6000,853.55,0.6214456131,2
6000,853.6,0.6214435424,2
6000,853.65,0.621441473,2
6000,853.7,0.6214394048,2
6000,853.75,0.6214373378,2
6000,853.8,0.621435272,2
6000,853.85,0.6214332074,2
6000,853.9,0.621431144,2
6000,853.95,0.6214290818,2
6000,854,0.6214270208,2
6000,854.05,0.621424961,2
6000,854.1,0.6214229024,2
6000,854.15,0.621420845,2
6000,854.2,0.6214187888,2
6000,854.25,0.6214167338,2
6000,854.3,0.62141468,2
6000,854.35,0.6214126274,2
6000,854.4,0.621410576,2
6000,854.45,0.6214085258,2
6000,854.5,0.6214064768,2
6000,854.55,0.621404429,2
6000,854.6,0.6214023823,2
6000,854.65,0.6214003369,2
6000,854.7,0.6213982927,2
6000,854.75,0.6213962496,2
6000,854.8,0.6213942078,2
6000,854.85,0.6213921671,2
6000,854.9,0.6213901276,2
6000,854.95,0.6213880893,2
6000,855,0.6213860522,2
6000,855.05,0.6213840163,2
6000,855.1,0.6213819816,2
6000,855.15,0.6213799481,2
6000,855.2,0.6213779157,2
6000,855.25,0.6213758845,2
6000,855.3,0.6213738546,2
6000,855.35,0.6213718258,2
6000,855.4,0.6213697982,2
6000,855.45,0.6213677717,2
6000,855.5,0.6213657465,2
6000,855.55,0.6213637224,2
6000,855.6,0.6213616995,2
6000,855.65,0.6213596778,2
6000,855.7,0.6213576573,2
6000,855.75,0.6213556379,2
6000,855.8,0.6213536198,2
6000,855.85,0.6213516028,2
6000,855.9,0.6213495869,2
6000,855.95,0.6213475723,2
6000,856,0.6213455588,2
6000,856.05,0.6213435465,2
6000,856.1,0.6213415354,2
6000,856.15,0.6213395255,2
6000,856.2,0.6213375167,2
6000,856.25,0.6213355091,2
6000,856.3,0.6213335027,2
6000,856.35,0.6213314974,2
6000,856.4,0.6213294933,2
6000,856.45,0.6213274904,2
6000,856.5,0.6213254887,2
6000,856.55,0.6213234881,2
6000,856.6,0.6213214886,2
6000,856.65,0.6213194904,2
6000,856.7,0.6213174933,2
6000,856.75,0.6213154974,2
6000,856.8,0.6213135026,2
6000,856.85,0.621311509,2
6000,856.9,0.6213095166,2
6000,856.95,0.6213075254,2
6000,857,0.6213055352,2
6000,857.05,0.6213035463,2
6000,857.1,0.6213015585,2
6000,857.15,0.6212995719,2
6000,857.2,0.6212975864,2
6000,857.25,0.6212956021,2
6000,857.3,0.621293619,2
6000,857.35,0.621291637,2
6000,857.4,0.6212896562,2
6000,857.45,0.6212876765,2
6000,857.5,0.621285698,2
6000,857.55,0.6212837206,2
6000,857.6,0.6212817444,2
6000,857.65,0.6212797693,2
6000,857.7,0.6212777954,2
6000,857.75,0.6212758227,2
6000,857.8,0.6212738511,2
6000,857.85,0.6212718806,2
6000,857.9,0.6212699113,2
6000,857.95,0.6212679432,2
6000,858,0.6212659762,2
6000,858.05,0.6212640103,2
6000,858.1,0.6212620456,2
6000,858.15,0.621260082,2
6000,858.2,0.6212581196,2
6000,858.25,0.6212561583,2
6000,858.3,0.6212541982,2
6000,858.35,0.6212522392,2
6000,858.4,0.6212502814,2
6000,858.45,0.6212483247,2
6000,858.5,0.6212463692,2
6000,858.55,0.6212444148,2
6000,858.6,0.6212424615,2
6000,858.65,0.6212405094,2
6000,858.7,0.6212385584,2
6000,858.75,0.6212366085,2
6000,858.8,0.6212346598,2
6000,858.85,0.6212327122,2
6000,858.9,0.6212307658,2
6000,858.95,0.6212288205,2
6000,859,0.6212268763,2
6000,859.05,0.6212249333,2
6000,859.1,0.6212229914,2
6000,859.15,0.6212210506,2
6000,859.2,0.621219111,2
6000,859.25,0.6212171725,2
6000,859.3,0.6212152352,2
6000,859.35,0.6212132989,2
6000,859.4,0.6212113638,2
6000,859.45,0.6212094299,2
6000,859.5,0.621207497,2
6000,859.55,0.6212055653,2
6000,859.6,0.6212036347,2
6000,859.65,0.6212017053,2
6000,859.7,0.6211997769,2
6000,859.75,0.6211978497,2
6000,859.8,0.6211959237,2
6000,859.85,0.6211939987,2
6000,859.9,0.6211920749,2
6000,859.95,0.6211901522,2
6000,860,0.6211882306,2
6000,860.05,0.6211863101,2
6000,860.1,0.6211843908,2
6000,860.15,0.6211824726,2
6000,860.2,0.6211805555,2
6000,860.25,0.6211786395,2
6000,860.3,0.6211767246,2
6000,860.35,0.6211748109,2
6000,860.4,0.6211728983,2
6000,860.45,0.6211709868,2
6000,860.5,0.6211690764,2
6000,860.55,0.6211671671,2
6000,860.6,0.621165259,2
6000,860.65,0.6211633519,2
6000,860.7,0.621161446,2
6000,860.75,0.6211595412,2
6000,860.8,0.6211576375,2
6000,860.85,0.6211557349,2
6000,860.9,0.6211538334,2
6000,860.95,0.621151933,2
6000,861,0.6211500338,2
6000,861.05,0.6211481356,2
6000,861.1,0.6211462386,2
6000,861.15,0.6211443427,2
6000,861.2,0.6211424478,2
6000,861.25,0.6211405541,2
6000,861.3,0.6211386615,2
6000,861.35,0.62113677,2
6000,861.4,0.6211348796,2
6000,861.45,0.6211329903,2
6000,861.5,0.6211311021,2
6000,861.55,0.6211292151,2
6000,861.6,0.6211273291,2
6000,861.65,0.6211254442,2
6000,861.7,0.6211235604,2
6000,861.75,0.6211216777,2
6000,861.8,0.6211197962,2
6000,861.85,0.6211179157,2
6000,861.9,0.6211160363,2
6000,861.95,0.621114158,2
6000,862,0.6211122808,2
6000,862.05,0.6211104048,2
6000,862.1,0.6211085298,2
6000,862.15,0.6211066559,2
6000,862.2,0.6211047831,2
6000,862.25,0.6211029114,2
6000,862.3,0.6211010408,2
6000,862.35,0.6210991713,2
6000,862.4,0.6210973028,2
6000,862.45,0.6210954355,2
6000,862.5,0.6210935693,2
6000,862.55,0.6210917041,2
6000,862.6,0.6210898401,2
6000,862.65,0.6210879771,2
6000,862.7,0.6210861152,2
6000,862.75,0.6210842544,2
6000,862.8,0.6210823947,2
6000,862.85,0.6210805361,2
6000,862.9,0.6210786786,2
6000,862.95,0.6210768221,2
6000,863,0.6210749668,2
6000,863.05,0.6210731125,2
6000,863.1,0.6210712593,2
6000,863.15,0.6210694072,2
6000,863.2,0.6210675562,2
6000,863.25,0.6210657062,2
6000,863.3,0.6210638574,2
6000,863.35,0.6210620096,2
6000,863.4,0.6210601629,2
6000,863.45,0.6210583173,2
6000,863.5,0.6210564727,2
6000,863.55,0.6210546293,2
6000,863.6,0.6210527869,2
6000,863.65,0.6210509456,2
6000,863.7,0.6210491054,2
6000,863.75,0.6210472662,2
6000,863.8,0.6210454281,2
6000,863.85,0.6210435911,2
6000,863.9,0.6210417552,2
6000,863.95,0.6210399204,2
6000,864,0.6210380866,2
6000,864.05,0.6210362539,2
6000,864.1,0.6210344222,2
6000,864.15,0.6210325917,2
6000,864.2,0.6210307622,2
6000,864.25,0.6210289337,2
6000,864.3,0.6210271064,2
6000,864.35,0.6210252801,2
6000,864.4,0.6210234549,2
6000,864.45,0.6210216307,2
6000,864.5,0.6210198076,2
6000,864.55,0.6210179856,2
6000,864.6,0.6210161647,2
6000,864.65,0.6210143448,2
6000,864.7,0.621012526,2
6000,864.75,0.6210107082,2
6000,864.8,0.6210088915,2
6000,864.85,0.6210070759,2
6000,864.9,0.6210052613,2
6000,864.95,0.6210034478,2
6000,865,0.6210016353,2
6000,865.05,0.620999824,2
6000,865.1,0.6209980136,2
6000,865.15,0.6209962044,2
6000,865.2,0.6209943961,2
6000,865.25,0.620992589,2
6000,865.3,0.6209907829,2
6000,865.35,0.6209889779,2
6000,865.4,0.6209871739,2
6000,865.45,0.6209853709,2
6000,865.5,0.6209835691,2
6000,865.55,0.6209817682,2
6000,865.6,0.6209799685,2
6000,865.65,0.6209781698,2
6000,865.7,0.6209763721,2
6000,865.75,0.6209745755,2
6000,865.8,0.6209727799,2
6000,865.85,0.6209709854,2
6000,865.9,0.620969192,2
6000,865.95,0.6209673996,2
6000,866,0.6209656082,2
6000,866.05,0.6209638179,2
6000,866.1,0.6209620286,2
6000,866.15,0.6209602404,2
6000,866.2,0.6209584533,2
6000,866.25,0.6209566671,2
6000,866.3,0.6209548821,2
6000,866.35,0.620953098,2
6000,866.4,0.620951315,2
6000,866.45,0.6209495331,2
6000,866.5,0.6209477522,2
6000,866.55,0.6209459723,2
6000,866.6,0.6209441935,2
6000,866.65,0.6209424157,2
6000,866.7,0.620940639,2
6000,866.75,0.6209388633,2
6000,866.8,0.6209370886,2
6000,866.85,0.620935315,2
6000,866.9,0.6209335424,2
6000,866.95,0.6209317709,2
6000,867,0.6209300004,2
6000,867.05,0.6209282309,2
6000,867.1,0.6209264625,2
6000,867.15,0.6209246951,2
6000,867.2,0.6209229287,2
6000,867.25,0.6209211634,2
6000,867.3,0.6209193991,2
6000,867.35,0.6209176358,2
6000,867.4,0.6209158736,2
6000,867.45,0.6209141124,2
6000,867.5,0.6209123522,2
6000,867.55,0.6209105931,2
6000,867.6,0.620908835,2
6000,867.65,0.6209070779,2
6000,867.7,0.6209053218,2
6000,867.75,0.6209035668,2
6000,867.8,0.6209018128,2
6000,867.85,0.6209000598,2
6000,867.9,0.6208983079,2
6000,867.95,0.620896557,2
6000,868,0.6208948071,2
6000,868.05,0.6208930582,2
6000,868.1,0.6208913104,2
6000,868.15,0.6208895636,2
6000,868.2,0.6208878178,2
6000,868.25,0.620886073,2
6000,868.3,0.6208843292,2
6000,868.35,0.6208825865,2
6000,868.4,0.6208808448,2
6000,868.45,0.6208791041,2
6000,868.5,0.6208773644,2
6000,868.55,0.6208756258,2
6000,868.6,0.6208738881,2
6000,868.65,0.6208721515,2
6000,868.7,0.6208704159,2
6000,868.75,0.6208686813,2
6000,868.8,0.6208669478,2
6000,868.85,0.6208652152,2
6000,868.9,0.6208634837,2
6000,868.95,0.6208617531,2
6000,869,0.6208600236,2
6000,869.05,0.6208582951,2
6000,869.1,0.6208565677,2
6000,869.15,0.6208548412,2
6000,869.2,0.6208531157,2
6000,869.25,0.6208513913,2
6000,869.3,0.6208496678,2
6000,869.35,0.6208479454,2
6000,869.4,0.620846224,2
6000,869.45,0.6208445035,2
6000,869.5,0.6208427841,2
6000,869.55,0.6208410657,2
6000,869.6,0.6208393483,2
6000,869.65,0.620837632,2
6000,869.7,0.6208359166,2
6000,869.75,0.6208342022,2
6000,869.8,0.6208324888,2
6000,869.85,0.6208307764,2
6000,869.9,0.6208290651,2
6000,869.95,0.6208273547,2
6000,870,0.6208256454,2
6000,870.05,0.620823937,2
6000,870.1,0.6208222296,2
6000,870.15,0.6208205233,2
6000,870.2,0.6208188179,2
6000,870.25,0.6208171135,2
6000,870.3,0.6208154102,2
6000,870.35,0.6208137078,2
6000,870.4,0.6208120065,2
6000,870.45,0.6208103061,2
6000,870.5,0.6208086067,2
6000,870.55,0.6208069083,2
6000,870.6,0.6208052109,2
6000,870.65,0.6208035146,2
6000,870.7,0.6208018192,2
6000,870.75,0.6208001248,2
6000,870.8,0.6207984314,2
6000,870.85,0.6207967389,2
6000,870.9,0.6207950475,2
6000,870.95,0.6207933571,2
6000,871,0.6207916676,2
6000,871.05,0.6207899792,2
6000,871.1,0.6207882917,2
6000,871.15,0.6207866052,2
6000,871.2,0.6207849198,2
6000,871.25,0.6207832353,2
6000,871.3,0.6207815517,2
6000,871.35,0.6207798692,2
6000,871.4,0.6207781877,2
6000,871.45,0.6207765071,2
6000,871.5,0.6207748276,2
6000,871.55,0.620773149,2
6000,871.6,0.6207714714,2
6000,871.65,0.6207697948,2
6000,871.7,0.6207681191,2
6000,871.75,0.6207664445,2
6000,871.8,0.6207647708,2
6000,871.85,0.6207630981,2
6000,871.9,0.6207614264,2
6000,871.95,0.6207597557,2
6000,872,0.6207580859,2
6000,872.05,0.6207564172,2
6000,872.1,0.6207547494,2
6000,872.15,0.6207530826,2
6000,872.2,0.6207514167,2
6000,872.25,0.6207497519,2
6000,872.3,0.620748088,2
6000,872.35,0.6207464251,2
6000,872.4,0.6207447631,2
6000,872.45,0.6207431022,2
6000,872.5,0.6207414422,2
6000,872.55,0.6207397832,2
6000,872.6,0.6207381251,2
6000,872.65,0.620736468,2
6000,872.7,0.6207348119,2
6000,872.75,0.6207331568,2
6000,872.8,0.6207315027,2
6000,872.85,0.6207298495,2
6000,872.9,0.6207281973,2
6000,872.95,0.620726546,2
6000,873,0.6207248957,2
6000,873.05,0.6207232464,2
6000,873.1,0.6207215981,2
6000,873.15,0.6207199507,2
6000,873.2,0.6207183043,2
6000,873.25,0.6207166588,2
6000,873.3,0.6207150143,2
6000,873.35,0.6207133708,2
6000,873.4,0.6207117283,2
6000,873.45,0.6207100867,2
6000,873.5,0.620708446,2
6000,873.55,0.6207068064,2
6000,873.6,0.6207051677,2
6000,873.65,0.6207035299,2
6000,873.7,0.6207018931,2
6000,873.75,0.6207002573,2
6000,873.8,0.6206986225,2
6000,873.85,0.6206969885,2
6000,873.9,0.6206953556,2
6000,873.95,0.6206937236,2
6000,874,0.6206920926,2
6000,874.05,0.6206904625,2
6000,874.1,0.6206888334,2
6000,874.15,0.6206872052,2
6000,874.2,0.620685578,2
6000,874.25,0.6206839517,2
6000,874.3,0.6206823264,2
6000,874.35,0.6206807021,2
6000,874.4,0.6206790787,2
6000,874.45,0.6206774563,2
6000,874.5,0.6206758348,2
6000,874.55,0.6206742142,2
6000,874.6,0.6206725946,2
6000,874.65,0.620670976,2
6000,874.7,0.6206693583,2
6000,874.75,0.6206677416,2
6000,874.8,0.6206661258,2
6000,874.85,0.6206645109,2
6000,874.9,0.620662897,2
6000,874.95,0.6206612841,2
6000,875,0.6206596721,2
6000,875.05,0.620658061,2
6000,875.1,0.6206564509,2
6000,875.15,0.6206548417,2
6000,875.2,0.6206532335,2
6000,875.25,0.6206516262,2
6000,875.3,0.6206500199,2
6000,875.35,0.6206484145,2
6000,875.4,0.62064681,2
6000,875.45,0.6206452065,2
6000,875.5,0.6206436039,2
6000,875.55,0.6206420023,2
6000,875.6,0.6206404016,2
6000,875.65,0.6206388018,2
6000,875.7,0.620637203,2
6000,875.75,0.6206356051,2
6000,875.8,0.6206340082,2
6000,875.85,0.6206324122,2
6000,875.9,0.6206308171,2
6000,875.95,0.620629223,2
6000,876,0.6206276298,2
6000,876.05,0.6206260375,2
6000,876.1,0.6206244462,2
6000,876.15,0.6206228558,2
6000,876.2,0.6206212664,2
6000,876.25,0.6206196778,2
6000,876.3,0.6206180902,2
6000,876.35,0.6206165036,2
6000,876.4,0.6206149179,2
6000,876.45,0.6206133331,2
6000,876.5,0.6206117492,2
6000,876.55,0.6206101662,2
6000,876.6,0.6206085842,2
6000,876.65,0.6206070031,2
6000,876.7,0.620605423,2
6000,876.75,0.6206038438,2
6000,876.8,0.6206022655,2
6000,876.85,0.6206006881,2
6000,876.9,0.6205991116,2
6000,876.95,0.6205975361,2
6000,877,0.6205959615,2
6000,877.05,0.6205943878,2
6000,877.1,0.6205928151,2
6000,877.15,0.6205912433,2
6000,877.2,0.6205896724,2
6000,877.25,0.6205881024,2
6000,877.3,0.6205865333,2
6000,877.35,0.6205849652,2
6000,877.4,0.620583398,2
6000,877.45,0.6205818317,2
6000,877.5,0.6205802663,2
6000,877.55,0.6205787018,2
6000,877.6,0.6205771383,2
6000,877.65,0.6205755756,2
6000,877.7,0.6205740139,2
6000,877.75,0.6205724531,2
6000,877.8,0.6205708933,2
6000,877.85,0.6205693343,2
6000,877.9,0.6205677763,2
6000,877.95,0.6205662191,2
6000,878,0.6205646629,2
6000,878.05,0.6205631076,2
6000,878.1,0.6205615532,2
6000,878.15,0.6205599998,2
6000,878.2,0.6205584472,2
6000,878.25,0.6205568955,2
6000,878.3,0.6205553448,2
6000,878.35,0.620553795,2
6000,878.4,0.620552246,2
6000,878.45,0.620550698,2
6000,878.5,0.6205491509,2
6000,878.55,0.6205476047,2
6000,878.6,0.6205460595,2
6000,878.65,0.6205445151,2
6000,878.7,0.6205429716,2
6000,878.75,0.620541429,2
6000,878.8,0.6205398874,2
6000,878.85,0.6205383466,2
6000,878.9,0.6205368068,2
6000,878.95,0.6205352678,2
6000,879,0.6205337298,2
6000,879.05,0.6205321927,2
6000,879.1,0.6205306564,2
6000,879.15,0.6205291211,2
6000,879.2,0.6205275867,2
6000,879.25,0.6205260531,2
6000,879.3,0.6205245205,2
6000,879.35,0.6205229888,2
6000,879.4,0.6205214579,2
6000,879.45,0.620519928,2
6000,879.5,0.620518399,2
6000,879.55,0.6205168708,2
6000,879.6,0.6205153436,2
6000,879.65,0.6205138173,2
6000,879.7,0.6205122918,2
6000,879.75,0.6205107673,2
6000,879.8,0.6205092436,2
6000,879.85,0.6205077209,2
6000,879.9,0.620506199,2
6000,879.95,0.620504678,2
6000,880,0.620503158,2
6000,880.05,0.6205016388,2
6000,880.1,0.6205001205,2
6000,880.15,0.6204986031,2
6000,880.2,0.6204970866,2
6000,880.25,0.620495571,2
6000,880.3,0.6204940562,2
6000,880.35,0.6204925424,2
6000,880.4,0.6204910295,2
6000,880.45,0.6204895174,2
6000,880.5,0.6204880062,2
6000,880.55,0.6204864959,2
6000,880.6,0.6204849865,2
6000,880.65,0.620483478,2
6000,880.7,0.6204819704,2
6000,880.75,0.6204804637,2
6000,880.8,0.6204789578,2
6000,880.85,0.6204774529,2
6000,880.9,0.6204759488,2
6000,880.95,0.6204744456,2
6000,881,0.6204729433,2
6000,881.05,0.6204714418,2
6000,881.1,0.6204699413,2
6000,881.15,0.6204684416,2
6000,881.2,0.6204669428,2
6000,881.25,0.6204654449,2
6000,881.3,0.6204639479,2
6000,881.35,0.6204624518,2
6000,881.4,0.6204609565,2
6000,881.45,0.6204594621,2
6000,881.5,0.6204579686,2
6000,881.55,0.620456476,2
6000,881.6,0.6204549842,2
6000,881.65,0.6204534933,2
6000,881.7,0.6204520033,2
6000,881.75,0.6204505142,2
6000,881.8,0.6204490259,2
6000,881.85,0.6204475386,2
6000,881.9,0.6204460521,2
6000,881.95,0.6204445664,2
6000,882,0.6204430817,2
6000,882.05,0.6204415978,2
6000,882.1,0.6204401148,2
6000,882.15,0.6204386326,2
6000,882.2,0.6204371514,2
6000,882.25,0.620435671,2
6000,882.3,0.6204341914,2
6000,882.35,0.6204327128,2
6000,882.4,0.620431235,2
6000,882.45,0.6204297581,2
6000,882.5,0.620428282,2
6000,882.55,0.6204268068,2
6000,882.6,0.6204253325,2
6000,882.65,0.6204238591,2
6000,882.7,0.6204223865,2
6000,882.75,0.6204209148,2
6000,882.8,0.6204194439,2
6000,882.85,0.6204179739,2
6000,882.9,0.6204165048,2
6000,882.95,0.6204150365,2
6000,883,0.6204135691,2
6000,883.05,0.6204121026,2
6000,883.1,0.6204106369,2
6000,883.15,0.6204091721,2
6000,883.2,0.6204077081,2
6000,883.25,0.620406245,2
6000,883.3,0.6204047828,2
6000,883.35,0.6204033214,2
6000,883.4,0.6204018609,2
6000,883.45,0.6204004013,2
6000,883.5,0.6203989425,2
6000,883.55,0.6203974845,2
6000,883.6,0.6203960275,2
6000,883.65,0.6203945712,2
6000,883.7,0.6203931159,2
6000,883.75,0.6203916613,2
6000,883.8,0.6203902077,2
6000,883.85,0.6203887549,2
6000,883.9,0.6203873029,2
6000,883.95,0.6203858518,2
6000,884,0.6203844016,2
6000,884.05,0.6203829522,2
6000,884.1,0.6203815037,2
6000,884.15,0.620380056,2
6000,884.2,0.6203786091,2
6000,884.25,0.6203771632,2
6000,884.3,0.620375718,2
6000,884.35,0.6203742737,2
6000,884.4,0.6203728303,2
6000,884.45,0.6203713877,2
6000,884.5,0.620369946,2
6000,884.55,0.6203685051,2
6000,884.6,0.6203670651,2
6000,884.65,0.6203656259,2
6000,884.7,0.6203641875,2
6000,884.75,0.62036275,2
6000,884.8,0.6203613134,2
6000,884.85,0.6203598775,2
6000,884.9,0.6203584426,2
6000,884.95,0.6203570084,2
6000,885,0.6203555752,2
6000,885.05,0.6203541427,2
6000,885.1,0.6203527111,2
6000,885.15,0.6203512804,2
6000,885.2,0.6203498505,2
6000,885.25,0.6203484214,2
6000,885.3,0.6203469932,2
6000,885.35,0.6203455658,2
6000,885.4,0.6203441392,2
6000,885.45,0.6203427135,2
6000,885.5,0.6203412886,2
6000,885.55,0.6203398646,2
6000,885.6,0.6203384414,2
6000,885.65,0.620337019,2
6000,885.7,0.6203355975,2
6000,885.75,0.6203341768,2
6000,885.8,0.620332757,2
6000,885.85,0.620331338,2
6000,885.9,0.6203299198,2
6000,885.95,0.6203285024,2
6000,886,0.6203270859,2
6000,886.05,0.6203256702,2
6000,886.1,0.6203242554,2
6000,886.15,0.6203228414,2
6000,886.2,0.6203214282,2
6000,886.25,0.6203200158,2
6000,886.3,0.6203186043,2
6000,886.35,0.6203171936,2
6000,886.4,0.6203157838,2
6000,886.45,0.6203143747,2
6000,886.5,0.6203129665,2
6000,886.55,0.6203115591,2
6000,886.6,0.6203101526,2
6000,886.65,0.6203087469,2
6000,886.7,0.620307342,2
6000,886.75,0.6203059379,2
6000,886.8,0.6203045347,2
6000,886.85,0.6203031323,2
6000,886.9,0.6203017307,2
6000,886.95,0.6203003299,2
6000,887,0.62029893,2
6000,887.05,0.6202975309,2
6000,887.1,0.6202961326,2
6000,887.15,0.6202947351,2
6000,887.2,0.6202933384,2
6000,887.25,0.6202919426,2
6000,887.3,0.6202905476,2
6000,887.35,0.6202891534,2
6000,887.4,0.6202877601,2
6000,887.45,0.6202863675,2
6000,887.5,0.6202849758,2
6000,887.55,0.6202835849,2
6000,887.6,0.6202821948,2
6000,887.65,0.6202808055,2
6000,887.7,0.6202794171,2
6000,887.75,0.6202780295,2
6000,887.8,0.6202766426,2
6000,887.85,0.6202752566,2
6000,887.9,0.6202738714,2
6000,887.95,0.6202724871,2
6000,888,0.6202711035,2
6000,888.05,0.6202697208,2
6000,888.1,0.6202683389,2
6000,888.15,0.6202669577,2
6000,888.2,0.6202655774,2
6000,888.25,0.6202641979,2
6000,888.3,0.6202628193,2
6000,888.35,0.6202614414,2
6000,888.4,0.6202600644,2
6000,888.45,0.6202586881,2
6000,888.5,0.6202573127,2
6000,888.55,0.620255938,2
6000,888.6,0.6202545642,2
6000,888.65,0.6202531912,2
6000,888.7,0.620251819,2
6000,888.75,0.6202504476,2
6000,888.8,0.6202490771,2
6000,888.85,0.6202477073,2
6000,888.9,0.6202463383,2
6000,888.95,0.6202449701,2
6000,889,0.6202436028,2
6000,889.05,0.6202422362,2
6000,889.1,0.6202408705,2
6000,889.15,0.6202395055,2
6000,889.2,0.6202381414,2
6000,889.25,0.620236778,2
6000,889.3,0.6202354155,2
6000,889.35,0.6202340538,2
6000,889.4,0.6202326928,2
6000,889.45,0.6202313327,2
6000,889.5,0.6202299734,2
6000,889.55,0.6202286149,2
6000,889.6,0.6202272571,2
6000,889.65,0.6202259002,2
6000,889.7,0.6202245441,2
6000,889.75,0.6202231887,2
6000,889.8,0.6202218342,2
6000,889.85,0.6202204804,2
6000,889.9,0.6202191275,2
6000,889.95,0.6202177754,2
6000,890,0.620216424,2
6000,890.05,0.6202150735,2
6000,890.1,0.6202137237,2
6000,890.15,0.6202123747,2
6000,890.2,0.6202110266,2
6000,890.25,0.6202096792,2
6000,890.3,0.6202083326,2
6000,890.35,0.6202069868,2
6000,890.4,0.6202056418,2
6000,890.45,0.6202042976,2
6000,890.5,0.6202029542,2
6000,890.55,0.6202016116,2
6000,890.6,0.6202002698,2
6000,890.65,0.6201989287,2
6000,890.7,0.6201975885,2
6000,890.75,0.620196249,2
6000,890.8,0.6201949103,2
6000,890.85,0.6201935724,2
6000,890.9,0.6201922353,2
6000,890.95,0.620190899,2
6000,891,0.6201895635,2
6000,891.05,0.6201882288,2
6000,891.1,0.6201868948,2
6000,891.15,0.6201855617,2
6000,891.2,0.6201842293,2
6000,891.25,0.6201828977,2
6000,891.3,0.6201815669,2
6000,891.35,0.6201802368,2
6000,891.4,0.6201789076,2
6000,891.45,0.6201775791,2
6000,891.5,0.6201762515,2
6000,891.55,0.6201749246,2
6000,891.6,0.6201735985,2
6000,891.65,0.6201722731,2
6000,891.7,0.6201709486,2
6000,891.75,0.6201696248,2
6000,891.8,0.6201683018,2
6000,891.85,0.6201669796,2
6000,891.9,0.6201656582,2
6000,891.95,0.6201643375,2
6000,892,0.6201630176,2
6000,892.05,0.6201616985,2
6000,892.1,0.6201603802,2
6000,892.15,0.6201590626,2
6000,892.2,0.6201577459,2
6000,892.25,0.6201564299,2
6000,892.3,0.6201551147,2
6000,892.35,0.6201538002,2
6000,892.4,0.6201524865,2
6000,892.45,0.6201511736,2
6000,892.5,0.6201498615,2
6000,892.55,0.6201485502,2
6000,892.6,0.6201472396,2
6000,892.65,0.6201459298,2
6000,892.7,0.6201446207,2
6000,892.75,0.6201433125,2
6000,892.8,0.620142005,2
6000,892.85,0.6201406983,2
6000,892.9,0.6201393923,2
6000,892.95,0.6201380871,2
6000,893,0.6201367827,2
6000,893.05,0.6201354791,2
6000,893.1,0.6201341762,2
6000,893.15,0.6201328741,2
6000,893.2,0.6201315727,2
6000,893.25,0.6201302722,2
6000,893.3,0.6201289724,2
6000,893.35,0.6201276733,2
6000,893.4,0.620126375,2
6000,893.45,0.6201250775,2
6000,893.5,0.6201237808,2
6000,893.55,0.6201224848,2
6000,893.6,0.6201211896,2
6000,893.65,0.6201198951,2
6000,893.7,0.6201186014,2
6000,893.75,0.6201173085,2
6000,893.8,0.6201160163,2
6000,893.85,0.6201147249,2
6000,893.9,0.6201134343,2
6000,893.95,0.6201121444,2
6000,894,0.6201108552,2
6000,894.05,0.6201095669,2
6000,894.1,0.6201082793,2
6000,894.15,0.6201069924,2
6000,894.2,0.6201057063,2
6000,894.25,0.620104421,2
6000,894.3,0.6201031364,2
6000,894.35,0.6201018526,2
6000,894.4,0.6201005695,2
6000,894.45,0.6200992872,2
6000,894.5,0.6200980057,2
6000,894.55,0.6200967249,2
6000,894.6,0.6200954448,2
6000,894.65,0.6200941656,2
6000,894.7,0.620092887,2
6000,894.75,0.6200916092,2
6000,894.8,0.6200903322,2
6000,894.85,0.620089056,2
6000,894.9,0.6200877804,2
6000,894.95,0.6200865057,2
6000,895,0.6200852316,2
6000,895.05,0.6200839584,2
6000,895.1,0.6200826859,2
6000,895.15,0.6200814141,2
6000,895.2,0.6200801431,2
6000,895.25,0.6200788728,2
6000,895.3,0.6200776033,2
6000,895.35,0.6200763345,2
6000,895.4,0.6200750665,2
6000,895.45,0.6200737992,2
6000,895.5,0.6200725327,2
6000,895.55,0.6200712669,2
6000,895.6,0.6200700019,2
6000,895.65,0.6200687376,2
6000,895.7,0.6200674741,2
6000,895.75,0.6200662113,2
6000,895.8,0.6200649492,2
6000,895.85,0.6200636879,2
6000,895.9,0.6200624273,2
6000,895.95,0.6200611675,2
6000,896,0.6200599084,2
6000,896.05,0.6200586501,2
6000,896.1,0.6200573925,2
6000,896.15,0.6200561356,2
6000,896.2,0.6200548795,2
6000,896.25,0.6200536242,2
6000,896.3,0.6200523695,2
6000,896.35,0.6200511156,2
6000,896.4,0.6200498625,2
6000,896.45,0.6200486101,2
6000,896.5,0.6200473584,2
6000,896.55,0.6200461074,2
6000,896.6,0.6200448572,2
6000,896.65,0.6200436078,2
6000,896.7,0.6200423591,2
6000,896.75,0.6200411111,2
6000,896.8,0.6200398638,2
6000,896.85,0.6200386173,2
6000,896.9,0.6200373715,2
6000,896.95,0.6200361265,2
6000,897,0.6200348821,2
6000,897.05,0.6200336386,2
6000,897.1,0.6200323957,2
6000,897.15,0.6200311536,2
6000,897.2,0.6200299122,2
6000,897.25,0.6200286716,2
6000,897.3,0.6200274316,2
6000,897.35,0.6200261924,2
6000,897.4,0.620024954,2
6000,897.45,0.6200237163,2
6000,897.5,0.6200224793,2
6000,897.55,0.620021243,2
6000,897.6,0.6200200075,2
6000,897.65,0.6200187726,2
6000,897.7,0.6200175386,2
6000,897.75,0.6200163052,2
6000,897.8,0.6200150726,2
6000,897.85,0.6200138407,2
6000,897.9,0.6200126095,2
6000,897.95,0.6200113791,2
6000,898,0.6200101493,2
6000,898.05,0.6200089203,2
6000,898.1,0.6200076921,2
6000,898.15,0.6200064645,2
6000,898.2,0.6200052377,2
6000,898.25,0.6200040116,2
6000,898.3,0.6200027862,2
6000,898.35,0.6200015616,2
6000,898.4,0.6200003376,2
6000,898.45,0.6199991144,2
6000,898.5,0.6199978919,2
6000,898.55,0.6199966702,2
6000,898.6,0.6199954491,2
6000,898.65,0.6199942288,2
6000,898.7,0.6199930092,2
6000,898.75,0.6199917903,2
6000,898.8,0.6199905721,2
6000,898.85,0.6199893547,2
6000,898.9,0.619988138,2
6000,898.95,0.619986922,2
6000,899,0.6199857067,2
6000,899.05,0.6199844921,2
6000,899.1,0.6199832782,2
6000,899.15,0.6199820651,2
6000,899.2,0.6199808526,2
6000,899.25,0.6199796409,2
6000,899.3,0.6199784299,2
6000,899.35,0.6199772196,2
6000,899.4,0.6199760101,2
6000,899.45,0.6199748012,2
6000,899.5,0.6199735931,2
6000,899.55,0.6199723856,2
6000,899.6,0.6199711789,2
6000,899.65,0.6199699729,2
6000,899.7,0.6199687676,2
6000,899.75,0.619967563,2
6000,899.8,0.6199663592,2
6000,899.85,0.619965156,2
6000,899.9,0.6199639535,2
6000,899.95,0.6199627518,2
6000,900,0.6199615508,2
6000,900.05,0.6199603504,2
6000,900.1,0.6199591508,2
6000,900.15,0.6199579519,2
6000,900.2,0.6199567537,2
6000,900.25,0.6199555562,2
6000,900.3,0.6199543594,2
6000,900.35,0.6199531633,2
6000,900.4,0.6199519679,2
6000,900.45,0.6199507733,2
6000,900.5,0.6199495793,2
6000,900.55,0.619948386,2
6000,900.6,0.6199471935,2
6000,900.65,0.6199460016,2
6000,900.7,0.6199448105,2
6000,900.75,0.61994362,2
6000,900.8,0.6199424303,2
6000,900.85,0.6199412412,2
6000,900.9,0.6199400529,2
6000,900.95,0.6199388652,2
6000,901,0.6199376783,2
6000,901.05,0.6199364921,2
6000,901.1,0.6199353065,2
6000,901.15,0.6199341217,2
6000,901.2,0.6199329375,2
6000,901.25,0.6199317541,2
6000,901.3,0.6199305714,2
6000,901.35,0.6199293893,2
6000,901.4,0.619928208,2
6000,901.45,0.6199270273,2
6000,901.5,0.6199258474,2
6000,901.55,0.6199246681,2
6000,901.6,0.6199234895,2
6000,901.65,0.6199223117,2
6000,901.7,0.6199211345,2
6000,901.75,0.619919958,2
6000,901.8,0.6199187822,2
6000,901.85,0.6199176072,2
6000,901.9,0.6199164328,2
6000,901.95,0.6199152591,2
6000,902,0.619914086,2
6000,902.05,0.6199129137,2
6000,902.1,0.6199117421,2
6000,902.15,0.6199105712,2
6000,902.2,0.6199094009,2
6000,902.25,0.6199082314,2
6000,902.3,0.6199070625,2
6000,902.35,0.6199058944,2
6000,902.4,0.6199047269,2
6000,902.45,0.6199035601,2
6000,902.5,0.619902394,2
6000,902.55,0.6199012286,2
6000,902.6,0.6199000638,2
6000,902.65,0.6198988998,2
6000,902.7,0.6198977365,2
6000,902.75,0.6198965738,2
6000,902.8,0.6198954118,2
6000,902.85,0.6198942505,2
6000,902.9,0.6198930899,2
6000,902.95,0.61989193,2
6000,903,0.6198907708,2
6000,903.05,0.6198896122,2
6000,903.1,0.6198884543,2
6000,903.15,0.6198872971,2
6000,903.2,0.6198861406,2
6000,903.25,0.6198849848,2
6000,903.3,0.6198838297,2
6000,903.35,0.6198826752,2
6000,903.4,0.6198815215,2
6000,903.45,0.6198803684,2
6000,903.5,0.619879216,2
6000,903.55,0.6198780642,2
6000,903.6,0.6198769132,2
6000,903.65,0.6198757628,2
6000,903.7,0.6198746131,2
6000,903.75,0.6198734641,2
6000,903.8,0.6198723158,2
6000,903.85,0.6198711681,2
6000,903.9,0.6198700211,2
6000,903.95,0.6198688748,2
6000,904,0.6198677292,2
6000,904.05,0.6198665843,2
6000,904.1,0.61986544,2
6000,904.15,0.6198642964,2
6000,904.2,0.6198631535,2
6000,904.25,0.6198620112,2
6000,904.3,0.6198608697,2
6000,904.35,0.6198597288,2
6000,904.4,0.6198585885,2
6000,904.45,0.619857449,2
6000,904.5,0.6198563101,2
6000,904.55,0.6198551719,2
6000,904.6,0.6198540344,2
6000,904.65,0.6198528975,2
6000,904.7,0.6198517613,2
6000,904.75,0.6198506258,2
6000,904.8,0.6198494909,2
6000,904.85,0.6198483568,2
6000,904.9,0.6198472233,2
6000,904.95,0.6198460904,2
6000,905,0.6198449583,2
6000,905.05,0.6198438268,2
6000,905.1,0.6198426959,2
6000,905.15,0.6198415658,2
6000,905.2,0.6198404363,2
6000,905.25,0.6198393074,2
6000,905.3,0.6198381793,2
6000,905.35,0.6198370518,2
6000,905.4,0.6198359249,2
6000,905.45,0.6198347988,2
6000,905.5,0.6198336733,2
6000,905.55,0.6198325484,2
6000,905.6,0.6198314243,2
6000,905.65,0.6198303008,2
6000,905.7,0.6198291779,2
6000,905.75,0.6198280557,2
6000,905.8,0.6198269342,2
6000,905.85,0.6198258134,2
6000,905.9,0.6198246932,2
6000,905.95,0.6198235736,2
6000,906,0.6198224548,2
6000,906.05,0.6198213366,2
6000,906.1,0.619820219,2
6000,906.15,0.6198191021,2
6000,906.2,0.6198179859,2
6000,906.25,0.6198168703,2
6000,906.3,0.6198157554,2
6000,906.35,0.6198146412,2
6000,906.4,0.6198135276,2
6000,906.45,0.6198124146,2
6000,906.5,0.6198113024,2
6000,906.55,0.6198101907,2
6000,906.6,0.6198090798,2
6000,906.65,0.6198079695,2
6000,906.7,0.6198068598,2
6000,906.75,0.6198057508,2
6000,906.8,0.6198046425,2
6000,906.85,0.6198035348,2
6000,906.9,0.6198024278,2
6000,906.95,0.6198013214,2
6000,907,0.6198002157,2
6000,907.05,0.6197991106,2
6000,907.1,0.6197980062,2
6000,907.15,0.6197969024,2
6000,907.2,0.6197957993,2
6000,907.25,0.6197946968,2
6000,907.3,0.619793595,2
6000,907.35,0.6197924939,2
6000,907.4,0.6197913933,2
6000,907.45,0.6197902935,2
6000,907.5,0.6197891943,2
6000,907.55,0.6197880957,2
6000,907.6,0.6197869978,2
6000,907.65,0.6197859006,2
6000,907.7,0.6197848039,2
6000,907.75,0.619783708,2
6000,907.8,0.6197826127,2
6000,907.85,0.619781518,2
6000,907.9,0.619780424,2
6000,907.95,0.6197793306,2
6000,908,0.6197782379,2
6000,908.05,0.6197771458,2
6000,908.1,0.6197760543,2
6000,908.15,0.6197749635,2
6000,908.2,0.6197738734,2
6000,908.25,0.6197727839,2
6000,908.3,0.619771695,2
6000,908.35,0.6197706068,2
6000,908.4,0.6197695192,2
6000,908.45,0.6197684323,2
6000,908.5,0.619767346,2
6000,908.55,0.6197662604,2
6000,908.6,0.6197651753,2
6000,908.65,0.619764091,2
6000,908.7,0.6197630073,2
6000,908.75,0.6197619242,2
6000,908.8,0.6197608417,2
6000,908.85,0.6197597599,2
6000,908.9,0.6197586788,2
6000,908.95,0.6197575982,2
6000,909,0.6197565183,2
6000,909.05,0.6197554391,2
6000,909.1,0.6197543605,2
6000,909.15,0.6197532825,2
6000,909.2,0.6197522052,2
6000,909.25,0.6197511285,2
6000,909.3,0.6197500524,2
6000,909.35,0.619748977,2
6000,909.4,0.6197479022,2
6000,909.45,0.619746828,2
6000,909.5,0.6197457545,2
6000,909.55,0.6197446816,2
6000,909.6,0.6197436094,2
6000,909.65,0.6197425378,2
6000,909.7,0.6197414668,2
6000,909.75,0.6197403964,2
6000,909.8,0.6197393267,2
6000,909.85,0.6197382576,2
6000,909.9,0.6197371892,2
6000,909.95,0.6197361213,2
6000,910,0.6197350541,2
6000,910.05,0.6197339876,2
6000,910.1,0.6197329216,2
6000,910.15,0.6197318563,2
6000,910.2,0.6197307917,2
6000,910.25,0.6197297276,2
6000,910.3,0.6197286642,2
6000,910.35,0.6197276014,2
6000,910.4,0.6197265393,2
6000,910.45,0.6197254777,2
6000,910.5,0.6197244168,2
6000,910.55,0.6197233566,2
6000,910.6,0.6197222969,2
6000,910.65,0.6197212379,2
6000,910.7,0.6197201795,2
6000,910.75,0.6197191217,2
6000,910.8,0.6197180646,2
6000,910.85,0.6197170081,2
6000,910.9,0.6197159522,2
6000,910.95,0.6197148969,2
6000,911,0.6197138423,2
6000,911.05,0.6197127882,2
6000,911.1,0.6197117348,2
6000,911.15,0.6197106821,2
6000,911.2,0.6197096299,2
6000,911.25,0.6197085784,2
6000,911.3,0.6197075275,2
6000,911.35,0.6197064772,2
6000,911.4,0.6197054275,2
6000,911.45,0.6197043785,2
6000,911.5,0.61970333,2
6000,911.55,0.6197022822,2
6000,911.6,0.6197012351,2
6000,911.65,0.6197001885,2
6000,911.7,0.6196991425,2
6000,911.75,0.6196980972,2
6000,911.8,0.6196970525,2
6000,911.85,0.6196960084,2
6000,911.9,0.6196949649,2
6000,911.95,0.6196939221,2
6000,912,0.6196928798,2
6000,912.05,0.6196918382,2
6000,912.1,0.6196907972,2
6000,912.15,0.6196897568,2
6000,912.2,0.619688717,2
6000,912.25,0.6196876778,2
6000,912.3,0.6196866393,2
6000,912.35,0.6196856013,2
6000,912.4,0.619684564,2
6000,912.45,0.6196835273,2
6000,912.5,0.6196824912,2
6000,912.55,0.6196814557,2
6000,912.6,0.6196804209,2
6000,912.65,0.6196793866,2
6000,912.7,0.619678353,2
6000,912.75,0.6196773199,2
6000,912.8,0.6196762875,2
6000,912.85,0.6196752557,2
6000,912.9,0.6196742245,2
6000,912.95,0.6196731939,2
6000,913,0.6196721639,2
6000,913.05,0.6196711345,2
6000,913.1,0.6196701058,2
6000,913.15,0.6196690776,2
6000,913.2,0.61966805,2
6000,913.25,0.6196670231,2
6000,913.3,0.6196659968,2
6000,913.35,0.619664971,2
6000,913.4,0.6196639459,2
6000,913.45,0.6196629214,2
6000,913.5,0.6196618975,2
6000,913.55,0.6196608742,2
6000,913.6,0.6196598515,2
6000,913.65,0.6196588294,2
6000,913.7,0.6196578079,2
6000,913.75,0.619656787,2
6000,913.8,0.6196557667,2
6000,913.85,0.6196547471,2
6000,913.9,0.619653728,2
6000,913.95,0.6196527095,2
6000,914,0.6196516916,2
6000,914.05,0.6196506744,2
6000,914.1,0.6196496577,2
6000,914.15,0.6196486416,2
6000,914.2,0.6196476262,2
6000,914.25,0.6196466113,2
6000,914.3,0.6196455971,2
6000,914.35,0.6196445834,2
6000,914.4,0.6196435703,2
6000,914.45,0.6196425579,2
6000,914.5,0.619641546,2
6000,914.55,0.6196405347,2
6000,914.6,0.6196395241,2
6000,914.65,0.619638514,2
6000,914.7,0.6196375045,2
6000,914.75,0.6196364957,2
6000,914.8,0.6196354874,2
6000,914.85,0.6196344797,2
6000,914.9,0.6196334726,2
6000,914.95,0.6196324661,2
6000,915,0.6196314602,2
6000,915.05,0.6196304549,2
6000,915.1,0.6196294502,2
6000,915.15,0.6196284461,2
6000,915.2,0.6196274426,2
6000,915.25,0.6196264397,2
6000,915.3,0.6196254374,2
6000,915.35,0.6196244356,2
6000,915.4,0.6196234345,2
6000,915.45,0.6196224339,2
6000,915.5,0.619621434,2
6000,915.55,0.6196204346,2
6000,915.6,0.6196194358,2
6000,915.65,0.6196184377,2
6000,915.7,0.6196174401,2
6000,915.75,0.6196164431,2
6000,915.8,0.6196154466,2
6000,915.85,0.6196144508,2
6000,915.9,0.6196134556,2
6000,915.95,0.6196124609,2
6000,916,0.6196114669,2
6000,916.05,0.6196104734,2
6000,916.1,0.6196094805,2
6000,916.15,0.6196084882,2
6000,916.2,0.6196074965,2
6000,916.25,0.6196065054,2
6000,916.3,0.6196055149,2
6000,916.35,0.6196045249,2
6000,916.4,0.6196035356,2
6000,916.45,0.6196025468,2
6000,916.5,0.6196015586,2
6000,916.55,0.619600571,2
6000,916.6,0.619599584,2
6000,916.65,0.6195985975,2
6000,916.7,0.6195976117,2
6000,916.75,0.6195966264,2
6000,916.8,0.6195956417,2
6000,916.85,0.6195946576,2
6000,916.9,0.6195936741,2
6000,916.95,0.6195926912,2
6000,917,0.6195917088,2
6000,917.05,0.619590727,2
6000,917.1,0.6195897458,2
6000,917.15,0.6195887652,2
6000,917.2,0.6195877852,2
6000,917.25,0.6195868057,2
6000,917.3,0.6195858269,2
6000,917.35,0.6195848486,2
6000,917.4,0.6195838709,2
6000,917.45,0.6195828937,2
6000,917.5,0.6195819172,2
6000,917.55,0.6195809412,2
6000,917.6,0.6195799658,2
6000,917.65,0.6195789909,2
6000,917.7,0.6195780167,2
6000,917.75,0.619577043,2
6000,917.8,0.6195760699,2
6000,917.85,0.6195750974,2
6000,917.9,0.6195741255,2
6000,917.95,0.6195731541,2
6000,918,0.6195721833,2
6000,918.05,0.6195712131,2
6000,918.1,0.6195702434,2
6000,918.15,0.6195692744,2
6000,918.2,0.6195683059,2
6000,918.25,0.6195673379,2
6000,918.3,0.6195663706,2
6000,918.35,0.6195654038,2
6000,918.4,0.6195644376,2
6000,918.45,0.619563472,2
6000,918.5,0.6195625069,2
6000,918.55,0.6195615424,2
6000,918.6,0.6195605785,2
6000,918.65,0.6195596151,2
6000,918.7,0.6195586524,2
6000,918.75,0.6195576902,2
6000,918.8,0.6195567285,2
6000,918.85,0.6195557674,2
6000,918.9,0.6195548069,2
6000,918.95,0.619553847,2
6000,919,0.6195528876,2
6000,919.05,0.6195519288,2
6000,919.1,0.6195509706,2
6000,919.15,0.619550013,2
6000,919.2,0.6195490559,2
6000,919.25,0.6195480993,2
6000,919.3,0.6195471434,2
6000,919.35,0.619546188,2
6000,919.4,0.6195452331,2
6000,919.45,0.6195442789,2
6000,919.5,0.6195433252,2
6000,919.55,0.619542372,2
6000,919.6,0.6195414195,2
6000,919.65,0.6195404675,2
6000,919.7,0.619539516,2
6000,919.75,0.6195385651,2
6000,919.8,0.6195376148,2
6000,919.85,0.6195366651,2
6000,919.9,0.6195357159,2
6000,919.95,0.6195347672,2
6000,920,0.6195338192,2
6000,920.05,0.6195328717,2
6000,920.1,0.6195319247,2
6000,920.15,0.6195309783,2
6000,920.2,0.6195300325,2
6000,920.25,0.6195290872,2
6000,920.3,0.6195281425,2
6000,920.35,0.6195271984,2
6000,920.4,0.6195262548,2
6000,920.45,0.6195253118,2
6000,920.5,0.6195243693,2
6000,920.55,0.6195234274,2
6000,920.6,0.619522486,2
6000,920.65,0.6195215452,2
6000,920.7,0.619520605,2
6000,920.75,0.6195196653,2
6000,920.8,0.6195187262,2
6000,920.85,0.6195177876,2
6000,920.9,0.6195168496,2
6000,920.95,0.6195159122,2
6000,921,0.6195149752,2
6000,921.05,0.6195140389,2
6000,921.1,0.6195131031,2
6000,921.15,0.6195121679,2
6000,921.2,0.6195112332,2
6000,921.25,0.619510299,2
6000,921.3,0.6195093655,2
6000,921.35,0.6195084324,2
6000,921.4,0.6195075,2
6000,921.45,0.619506568,2
6000,921.5,0.6195056367,2
6000,921.55,0.6195047059,2
6000,921.6,0.6195037756,2
6000,921.65,0.6195028459,2
6000,921.7,0.6195019167,2
6000,921.75,0.6195009881,2
6000,921.8,0.61950006,2
6000,921.85,0.6194991325,2
6000,921.9,0.6194982055,2
6000,921.95,0.6194972791,2
6000,922,0.6194963533,2
6000,922.05,0.6194954279,2
6000,922.1,0.6194945032,2
6000,922.15,0.6194935789,2
6000,922.2,0.6194926553,2
6000,922.25,0.6194917321,2
6000,922.3,0.6194908096,2
6000,922.35,0.6194898875,2
6000,922.4,0.619488966,2
6000,922.45,0.6194880451,2
6000,922.5,0.6194871247,2
6000,922.55,0.6194862048,2
6000,922.6,0.6194852855,2
6000,922.65,0.6194843668,2
6000,922.7,0.6194834485,2
6000,922.75,0.6194825309,2
6000,922.8,0.6194816137,2
6000,922.85,0.6194806971,2
6000,922.9,0.6194797811,2
6000,922.95,0.6194788656,2
6000,923,0.6194779506,2
6000,923.05,0.6194770362,2
6000,923.1,0.6194761223,2
6000,923.15,0.619475209,2
6000,923.2,0.6194742962,2
6000,923.25,0.6194733839,2
6000,923.3,0.6194724722,2
6000,923.35,0.619471561,2
6000,923.4,0.6194706504,2
6000,923.45,0.6194697403,2
6000,923.5,0.6194688308,2
6000,923.55,0.6194679217,2
6000,923.6,0.6194670133,2
6000,923.65,0.6194661053,2
6000,923.7,0.6194651979,2
6000,923.75,0.6194642911,2
6000,923.8,0.6194633847,2
6000,923.85,0.6194624789,2
6000,923.9,0.6194615737,2
6000,923.95,0.619460669,2
6000,924,0.6194597648,2
6000,924.05,0.6194588611,2
6000,924.1,0.619457958,2
6000,924.15,0.6194570555,2
6000,924.2,0.6194561534,2
6000,924.25,0.6194552519,2
6000,924.3,0.6194543509,2
6000,924.35,0.6194534505,2
6000,924.4,0.6194525506,2
6000,924.45,0.6194516512,2
6000,924.5,0.6194507524,2
6000,924.55,0.6194498541,2
6000,924.6,0.6194489563,2
6000,924.65,0.6194480591,2
6000,924.7,0.6194471624,2
6000,924.75,0.6194462662,2
6000,924.8,0.6194453705,2
6000,924.85,0.6194444754,2
6000,924.9,0.6194435808,2
6000,924.95,0.6194426868,2
6000,925,0.6194417932,2
6000,925.05,0.6194409002,2
6000,925.1,0.6194400078,2
6000,925.15,0.6194391158,2
6000,925.2,0.6194382244,2
6000,925.25,0.6194373335,2
6000,925.3,0.6194364432,2
6000,925.35,0.6194355534,2
6000,925.4,0.6194346641,2
6000,925.45,0.6194337753,2
6000,925.5,0.619432887,2
6000,925.55,0.6194319993,2
6000,925.6,0.6194311121,2
6000,925.65,0.6194302255,2
6000,925.7,0.6194293393,2
6000,925.75,0.6194284537,2
6000,925.8,0.6194275686,2
6000,925.85,0.619426684,2
6000,925.9,0.6194258,2
6000,925.95,0.6194249165,2
6000,926,0.6194240335,2
6000,926.05,0.619423151,2
6000,926.1,0.6194222691,2
6000,926.15,0.6194213876,2
6000,926.2,0.6194205067,2
6000,926.25,0.6194196263,2
6000,926.3,0.6194187465,2
6000,926.35,0.6194178671,2
6000,926.4,0.6194169883,2
6000,926.45,0.61941611,2
6000,926.5,0.6194152322,2
6000,926.55,0.619414355,2
6000,926.6,0.6194134782,2
6000,926.65,0.619412602,2
6000,926.7,0.6194117263,2
6000,926.75,0.6194108512,2
6000,926.8,0.6194099765,2
6000,926.85,0.6194091023,2
6000,926.9,0.6194082287,2
6000,926.95,0.6194073556,2
6000,927,0.619406483,2
6000,927.05,0.619405611,2
6000,927.1,0.6194047394,2
6000,927.15,0.6194038684,2
6000,927.2,0.6194029978,2
6000,927.25,0.6194021278,2
6000,927.3,0.6194012584,2
6000,927.35,0.6194003894,2
6000,927.4,0.6193995209,2
6000,927.45,0.619398653,2
6000,927.5,0.6193977855,2
6000,927.55,0.6193969186,2
6000,927.6,0.6193960522,2
6000,927.65,0.6193951863,2
6000,927.7,0.619394321,2
6000,927.75,0.6193934561,2
6000,927.8,0.6193925917,2
6000,927.85,0.6193917279,2
6000,927.9,0.6193908646,2
6000,927.95,0.6193900018,2
6000,928,0.6193891395,2
6000,928.05,0.6193882777,2
6000,928.1,0.6193874164,2
6000,928.15,0.6193865556,2
6000,928.2,0.6193856954,2
6000,928.25,0.6193848356,2
6000,928.3,0.6193839764,2
6000,928.35,0.6193831177,2
6000,928.4,0.6193822594,2
6000,928.45,0.6193814017,2
6000,928.5,0.6193805445,2
6000,928.55,0.6193796878,2
6000,928.6,0.6193788316,2
6000,928.65,0.619377976,2
6000,928.7,0.6193771208,2
6000,928.75,0.6193762661,2
6000,928.8,0.619375412,2
6000,928.85,0.6193745583,2
6000,928.9,0.6193737052,2
6000,928.95,0.6193728525,2
6000,929,0.6193720004,2
6000,929.05,0.6193711488,2
6000,929.1,0.6193702976,2
6000,929.15,0.619369447,2
6000,929.2,0.6193685969,2
6000,929.25,0.6193677473,2
6000,929.3,0.6193668982,2
6000,929.35,0.6193660496,2
6000,929.4,0.6193652015,2
6000,929.45,0.6193643539,2
6000,929.5,0.6193635068,2
6000,929.55,0.6193626602,2
6000,929.6,0.6193618141,2
6000,929.65,0.6193609685,2
6000,929.7,0.6193601234,2
6000,929.75,0.6193592788,2
6000,929.8,0.6193584347,2
6000,929.85,0.6193575912,2
6000,929.9,0.6193567481,2
6000,929.95,0.6193559055,2
6000,930,0.6193550634,2
6000,930.05,0.6193542218,2
6000,930.1,0.6193533807,2
6000,930.15,0.6193525401,2
6000,930.2,0.6193517,2
6000,930.25,0.6193508604,2
6000,930.3,0.6193500213,2
6000,930.35,0.6193491828,2
6000,930.4,0.6193483447,2
6000,930.45,0.619347507,2
6000,930.5,0.6193466699,2
6000,930.55,0.6193458333,2
6000,930.6,0.6193449972,2
6000,930.65,0.6193441616,2
6000,930.7,0.6193433265,2
6000,930.75,0.6193424919,2
6000,930.8,0.6193416577,2
6000,930.85,0.6193408241,2
6000,930.9,0.6193399909,2
6000,930.95,0.6193391583,2
6000,931,0.6193383261,2
6000,931.05,0.6193374945,2
6000,931.1,0.6193366633,2
6000,931.15,0.6193358326,2
6000,931.2,0.6193350024,2
6000,931.25,0.6193341728,2
6000,931.3,0.6193333436,2
6000,931.35,0.6193325149,2
6000,931.4,0.6193316866,2
6000,931.45,0.6193308589,2
6000,931.5,0.6193300317,2
6000,931.55,0.6193292049,2
6000,931.6,0.6193283787,2
6000,931.65,0.6193275529,2
6000,931.7,0.6193267277,2
6000,931.75,0.6193259029,2
6000,931.8,0.6193250786,2
6000,931.85,0.6193242548,2
6000,931.9,0.6193234315,2
6000,931.95,0.6193226086,2
6000,932,0.6193217863,2
6000,932.05,0.6193209644,2
6000,932.1,0.6193201431,2
6000,932.15,0.6193193222,2
6000,932.2,0.6193185018,2
6000,932.25,0.6193176819,2
6000,932.3,0.6193168625,2
6000,932.35,0.6193160435,2
6000,932.4,0.6193152251,2
6000,932.45,0.6193144071,2
6000,932.5,0.6193135897,2
6000,932.55,0.6193127727,2
6000,932.6,0.6193119562,2
6000,932.65,0.6193111402,2
6000,932.7,0.6193103246,2
6000,932.75,0.6193095096,2
6000,932.8,0.619308695,2
6000,932.85,0.6193078809,2
6000,932.9,0.6193070673,2
6000,932.95,0.6193062542,2
6000,933,0.6193054415,2
6000,933.05,0.6193046294,2
6000,933.1,0.6193038177,2
6000,933.15,0.6193030065,2
6000,933.2,0.6193021958,2
6000,933.25,0.6193013856,2
6000,933.3,0.6193005758,2
6000,933.35,0.6192997666,2
6000,933.4,0.6192989578,2
6000,933.45,0.6192981495,2
6000,933.5,0.6192973416,2
6000,933.55,0.6192965343,2
6000,933.6,0.6192957274,2
6000,933.65,0.619294921,2
6000,933.7,0.6192941151,2
6000,933.75,0.6192933097,2
6000,933.8,0.6192925047,2
6000,933.85,0.6192917002,2
6000,933.9,0.6192908962,2
6000,933.95,0.6192900927,2
6000,934,0.6192892896,2
6000,934.05,0.6192884871,2
6000,934.1,0.619287685,2
6000,934.15,0.6192868833,2
6000,934.2,0.6192860822,2
6000,934.25,0.6192852815,2
6000,934.3,0.6192844813,2
6000,934.35,0.6192836816,2
6000,934.4,0.6192828823,2
6000,934.45,0.6192820836,2
6000,934.5,0.6192812853,2
6000,934.55,0.6192804875,2
6000,934.6,0.6192796901,2
6000,934.65,0.6192788932,2
6000,934.7,0.6192780968,2
6000,934.75,0.6192773009,2
6000,934.8,0.6192765054,2
6000,934.85,0.6192757104,2
6000,934.9,0.6192749159,2
6000,934.95,0.6192741219,2
6000,935,0.6192733283,2
6000,935.05,0.6192725352,2
6000,935.1,0.6192717426,2
6000,935.15,0.6192709504,2
6000,935.2,0.6192701587,2
6000,935.25,0.6192693675,2
6000,935.3,0.6192685767,2
6000,935.35,0.6192677864,2
6000,935.4,0.6192669966,2
6000,935.45,0.6192662073,2
6000,935.5,0.6192654184,2
6000,935.55,0.61926463,2
6000,935.6,0.619263842,2
6000,935.65,0.6192630546,2
6000,935.7,0.6192622676,2
6000,935.75,0.619261481,2
6000,935.8,0.6192606949,2
6000,935.85,0.6192599093,2
6000,935.9,0.6192591242,2
6000,935.95,0.6192583395,2
6000,936,0.6192575553,2
6000,936.05,0.6192567716,2
6000,936.1,0.6192559883,2
6000,936.15,0.6192552055,2
6000,936.2,0.6192544231,2
6000,936.25,0.6192536412,2
6000,936.3,0.6192528598,2
6000,936.35,0.6192520789,2
6000,936.4,0.6192512984,2
6000,936.45,0.6192505183,2
6000,936.5,0.6192497388,2
6000,936.55,0.6192489597,2
6000,936.6,0.619248181,2
6000,936.65,0.6192474028,2
6000,936.7,0.6192466251,2
6000,936.75,0.6192458479,2
6000,936.8,0.6192450711,2
6000,936.85,0.6192442947,2
6000,936.9,0.6192435189,2
6000,936.95,0.6192427434,2
6000,937,0.6192419685,2
6000,937.05,0.619241194,2
6000,937.1,0.61924042,2
6000,937.15,0.6192396464,2
6000,937.2,0.6192388733,2
6000,937.25,0.6192381006,2
6000,937.3,0.6192373284,2
6000,937.35,0.6192365567,2
6000,937.4,0.6192357854,2
6000,937.45,0.6192350146,2
6000,937.5,0.6192342442,2
6000,937.55,0.6192334743,2
6000,937.6,0.6192327048,2
6000,937.65,0.6192319359,2
6000,937.7,0.6192311673,2
6000,937.75,0.6192303992,2
6000,937.8,0.6192296316,2
6000,937.85,0.6192288644,2
6000,937.9,0.6192280977,2
6000,937.95,0.6192273315,2
6000,938,0.6192265657,2
6000,938.05,0.6192258003,2
6000,938.1,0.6192250354,2
6000,938.15,0.619224271,2
6000,938.2,0.619223507,2
6000,938.25,0.6192227434,2
6000,938.3,0.6192219804,2
6000,938.35,0.6192212177,2
6000,938.4,0.6192204555,2
6000,938.45,0.6192196938,2
6000,938.5,0.6192189326,2
6000,938.55,0.6192181717,2
6000,938.6,0.6192174114,2
6000,938.65,0.6192166514,2
6000,938.7,0.619215892,2
6000,938.75,0.619215133,2
6000,938.8,0.6192143744,2
6000,938.85,0.6192136163,2
6000,938.9,0.6192128586,2
6000,938.95,0.6192121014,2
6000,939,0.6192113446,2
6000,939.05,0.6192105883,2
6000,939.1,0.6192098325,2
6000,939.15,0.619209077,2
6000,939.2,0.6192083221,2
6000,939.25,0.6192075676,2
6000,939.3,0.6192068135,2
6000,939.35,0.6192060599,2
6000,939.4,0.6192053067,2
6000,939.45,0.6192045539,2
6000,939.5,0.6192038017,2
6000,939.55,0.6192030498,2
6000,939.6,0.6192022984,2
6000,939.65,0.6192015475,2
6000,939.7,0.619200797,2
6000,939.75,0.6192000469,2
6000,939.8,0.6191992973,2
6000,939.85,0.6191985482,2
6000,939.9,0.6191977995,2
6000,939.95,0.6191970512,2
6000,940,0.6191963033,2
6000,940.05,0.619195556,2
6000,940.1,0.619194809,2
6000,940.15,0.6191940625,2
6000,940.2,0.6191933165,2
6000,940.25,0.6191925709,2
6000,940.3,0.6191918257,2
6000,940.35,0.619191081,2
6000,940.4,0.6191903367,2
6000,940.45,0.6191895928,2
6000,940.5,0.6191888494,2
6000,940.55,0.6191881065,2
6000,940.6,0.619187364,2
6000,940.65,0.6191866219,2
6000,940.7,0.6191858802,2
6000,940.75,0.619185139,2
6000,940.8,0.6191843983,2
6000,940.85,0.619183658,2
6000,940.9,0.6191829181,2
6000,940.95,0.6191821787,2
6000,941,0.6191814397,2
6000,941.05,0.6191807011,2
6000,941.1,0.619179963,2
6000,941.15,0.6191792253,2
6000,941.2,0.6191784881,2
6000,941.25,0.6191777512,2
6000,941.3,0.6191770149,2
6000,941.35,0.6191762789,2
6000,941.4,0.6191755435,2
6000,941.45,0.6191748084,2
6000,941.5,0.6191740738,2
6000,941.55,0.6191733396,2
6000,941.6,0.6191726058,2
6000,941.65,0.6191718725,2
6000,941.7,0.6191711396,2
6000,941.75,0.6191704072,2
6000,941.8,0.6191696752,2
6000,941.85,0.6191689436,2
6000,941.9,0.6191682125,2
6000,941.95,0.6191674818,2
6000,942,0.6191667515,2
6000,942.05,0.6191660217,2
6000,942.1,0.6191652923,2
6000,942.15,0.6191645633,2
6000,942.2,0.6191638348,2
6000,942.25,0.6191631067,2
6000,942.3,0.619162379,2
6000,942.35,0.6191616517,2
6000,942.4,0.6191609249,2
6000,942.45,0.6191601986,2
6000,942.5,0.6191594726,2
6000,942.55,0.6191587471,2
6000,942.6,0.619158022,2
6000,942.65,0.6191572974,2
6000,942.7,0.6191565731,2
6000,942.75,0.6191558494,2
6000,942.8,0.619155126,2
6000,942.85,0.6191544031,2
6000,942.9,0.6191536806,2
6000,942.95,0.6191529585,2
6000,943,0.6191522368,2
6000,943.05,0.6191515156,2
6000,943.1,0.6191507948,2
6000,943.15,0.6191500745,2
6000,943.2,0.6191493545,2
6000,943.25,0.619148635,2
6000,943.3,0.619147916,2
6000,943.35,0.6191471973,2
6000,943.4,0.6191464791,2
6000,943.45,0.6191457613,2
6000,943.5,0.6191450439,2
6000,943.55,0.619144327,2
6000,943.6,0.6191436105,2
6000,943.65,0.6191428944,2
6000,943.7,0.6191421787,2
6000,943.75,0.6191414635,2
6000,943.8,0.6191407486,2
6000,943.85,0.6191400343,2
6000,943.9,0.6191393203,2
6000,943.95,0.6191386067,2
6000,944,0.6191378936,2
6000,944.05,0.6191371809,2
6000,944.1,0.6191364686,2
6000,944.15,0.6191357568,2
6000,944.2,0.6191350454,2
6000,944.25,0.6191343344,2
6000,944.3,0.6191336238,2
6000,944.35,0.6191329136,2
6000,944.4,0.6191322039,2
6000,944.45,0.6191314946,2
6000,944.5,0.6191307857,2
6000,944.55,0.6191300772,2
6000,944.6,0.6191293691,2
6000,944.65,0.6191286615,2
6000,944.7,0.6191279543,2
6000,944.75,0.6191272475,2
6000,944.8,0.6191265411,2
6000,944.85,0.6191258352,2
6000,944.9,0.6191251297,2
6000,944.95,0.6191244245,2
6000,945,0.6191237198,2
6000,945.05,0.6191230156,2
6000,945.1,0.6191223117,2
6000,945.15,0.6191216083,2
6000,945.2,0.6191209053,2
6000,945.25,0.6191202026,2
6000,945.3,0.6191195005,2
6000,945.35,0.6191187987,2
6000,945.4,0.6191180973,2
6000,945.45,0.6191173964,2
6000,945.5,0.6191166959,2
6000,945.55,0.6191159958,2
6000,945.6,0.6191152961,2
6000,945.65,0.6191145968,2
6000,945.7,0.619113898,2
6000,945.75,0.6191131995,2
6000,945.8,0.6191125015,2
6000,945.85,0.6191118039,2
6000,945.9,0.6191111067,2
6000,945.95,0.6191104099,2
6000,946,0.6191097135,2
6000,946.05,0.6191090176,2
6000,946.1,0.619108322,2
6000,946.15,0.6191076269,2
6000,946.2,0.6191069322,2
6000,946.25,0.6191062379,2
6000,946.3,0.619105544,2
6000,946.35,0.6191048505,2
6000,946.4,0.6191041575,2
6000,946.45,0.6191034648,2
6000,946.5,0.6191027726,2
6000,946.55,0.6191020807,2
6000,946.6,0.6191013893,2
6000,946.65,0.6191006983,2
6000,946.7,0.6191000077,2
6000,946.75,0.6190993175,2
6000,946.8,0.6190986277,2
6000,946.85,0.6190979384,2
6000,946.9,0.6190972494,2
6000,946.95,0.6190965609,2
6000,947,0.6190958727,2
6000,947.05,0.619095185,2
6000,947.1,0.6190944977,2
6000,947.15,0.6190938108,2
6000,947.2,0.6190931243,2
6000,947.25,0.6190924382,2
6000,947.3,0.6190917525,2
6000,947.35,0.6190910672,2
6000,947.4,0.6190903823,2
6000,947.45,0.6190896979,2
6000,947.5,0.6190890138,2
6000,947.55,0.6190883301,2
6000,947.6,0.6190876469,2
6000,947.65,0.619086964,2
6000,947.7,0.6190862816,2
6000,947.75,0.6190855996,2
6000,947.8,0.619084918,2
6000,947.85,0.6190842367,2
6000,947.9,0.6190835559,2
6000,947.95,0.6190828755,2
6000,948,0.6190821955,2
6000,948.05,0.6190815159,2
6000,948.1,0.6190808367,2
6000,948.15,0.6190801579,2
6000,948.2,0.6190794795,2
6000,948.25,0.6190788015,2
6000,948.3,0.6190781239,2
6000,948.35,0.6190774468,2
6000,948.4,0.61907677,2
6000,948.45,0.6190760936,2
6000,948.5,0.6190754176,2
6000,948.55,0.619074742,2
6000,948.6,0.6190740669,2
6000,948.65,0.6190733921,2
6000,948.7,0.6190727177,2
6000,948.75,0.6190720438,2
6000,948.8,0.6190713702,2
6000,948.85,0.619070697,2
6000,948.9,0.6190700243,2
6000,948.95,0.6190693519,2
6000,949,0.6190686799,2
6000,949.05,0.6190680083,2
6000,949.1,0.6190673372,2
6000,949.15,0.6190666664,2
6000,949.2,0.619065996,2
6000,949.25,0.6190653261,2
6000,949.3,0.6190646565,2
6000,949.35,0.6190639873,2
6000,949.4,0.6190633185,2
6000,949.45,0.6190626501,2
6000,949.5,0.6190619822,2
6000,949.55,0.6190613146,2
6000,949.6,0.6190606474,2
6000,949.65,0.6190599806,2
6000,949.7,0.6190593142,2
6000,949.75,0.6190586482,2
6000,949.8,0.6190579826,2
6000,949.85,0.6190573174,2
6000,949.9,0.6190566525,2
6000,949.95,0.6190559881,2
6000,950,0.6190553241,2
6000,950.05,0.6190546605,2
6000,950.1,0.6190539972,2
6000,950.15,0.6190533344,2
6000,950.2,0.6190526719,2
6000,950.25,0.6190520099,2
6000,950.3,0.6190513482,2
6000,950.35,0.6190506869,2
6000,950.4,0.6190500261,2
6000,950.45,0.6190493656,2
6000,950.5,0.6190487055,2
6000,950.55,0.6190480458,2
6000,950.6,0.6190473865,2
6000,950.65,0.6190467276,2
6000,950.7,0.6190460691,2
6000,950.75,0.6190454109,2
6000,950.8,0.6190447532,2
6000,950.85,0.6190440959,2
6000,950.9,0.6190434389,2
6000,950.95,0.6190427823,2
6000,951,0.6190421262,2
6000,951.05,0.6190414704,2
6000,951.1,0.619040815,2
6000,951.15,0.61904016,2
6000,951.2,0.6190395054,2
6000,951.25,0.6190388511,2
6000,951.3,0.6190381973,2
6000,951.35,0.6190375438,2
6000,951.4,0.6190368908,2
6000,951.45,0.6190362381,2
6000,951.5,0.6190355858,2
6000,951.55,0.6190349339,2
6000,951.6,0.6190342824,2
6000,951.65,0.6190336313,2
6000,951.7,0.6190329806,2
6000,951.75,0.6190323302,2
6000,951.8,0.6190316802,2
6000,951.85,0.6190310307,2
6000,951.9,0.6190303815,2
6000,951.95,0.6190297327,2
6000,952,0.6190290843,2
6000,952.05,0.6190284362,2
6000,952.1,0.6190277886,2
6000,952.15,0.6190271413,2
6000,952.2,0.6190264944,2
6000,952.25,0.6190258479,2
6000,952.3,0.6190252018,2
6000,952.35,0.6190245561,2
6000,952.4,0.6190239108,2
6000,952.45,0.6190232658,2
6000,952.5,0.6190226213,2
6000,952.55,0.6190219771,2
6000,952.6,0.6190213333,2
6000,952.65,0.6190206898,2
6000,952.7,0.6190200468,2
6000,952.75,0.6190194041,2
6000,952.8,0.6190187619,2
6000,952.85,0.61901812,2
6000,952.9,0.6190174784,2
6000,952.95,0.6190168373,2
6000,953,0.6190161966,2
6000,953.05,0.6190155562,2
6000,953.1,0.6190149162,2
6000,953.15,0.6190142766,2
6000,953.2,0.6190136374,2
6000,953.25,0.6190129985,2
6000,953.3,0.6190123601,2
6000,953.35,0.619011722,2
6000,953.4,0.6190110843,2
6000,953.45,0.6190104469,2
6000,953.5,0.61900981,2
6000,953.55,0.6190091734,2
6000,953.6,0.6190085372,2
6000,953.65,0.6190079014,2
6000,953.7,0.619007266,2
6000,953.75,0.6190066309,2
6000,953.8,0.6190059962,2
6000,953.85,0.6190053619,2
6000,953.9,0.619004728,2
6000,953.95,0.6190040945,2
6000,954,0.6190034613,2
6000,954.05,0.6190028285,2
6000,954.1,0.6190021961,2
6000,954.15,0.619001564,2
6000,954.2,0.6190009324,2
6000,954.25,0.6190003011,2
6000,954.3,0.6189996701,2
6000,954.35,0.6189990396,2
6000,954.4,0.6189984094,2
6000,954.45,0.6189977796,2
6000,954.5,0.6189971502,2
6000,954.55,0.6189965212,2
6000,954.6,0.6189958925,2
6000,954.65,0.6189952642,2
6000,954.7,0.6189946363,2
6000,954.75,0.6189940088,2
6000,954.8,0.6189933816,2
6000,954.85,0.6189927548,2
6000,954.9,0.6189921284,2
6000,954.95,0.6189915023,2
6000,955,0.6189908766,2
6000,955.05,0.6189902513,2
6000,955.1,0.6189896264,2
6000,955.15,0.6189890018,2
6000,955.2,0.6189883776,2
6000,955.25,0.6189877538,2
6000,955.3,0.6189871303,2
6000,955.35,0.6189865072,2
6000,955.4,0.6189858845,2
6000,955.45,0.6189852622,2
6000,955.5,0.6189846402,2
6000,955.55,0.6189840186,2
6000,955.6,0.6189833974,2
6000,955.65,0.6189827765,2
6000,955.7,0.618982156,2
6000,955.75,0.6189815359,2
6000,955.8,0.6189809161,2
6000,955.85,0.6189802967,2
6000,955.9,0.6189796777,2
6000,955.95,0.6189790591,2
6000,956,0.6189784408,2
6000,956.05,0.6189778229,2
6000,956.1,0.6189772053,2
6000,956.15,0.6189765881,2
6000,956.2,0.6189759713,2
6000,956.25,0.6189753549,2
6000,956.3,0.6189747388,2
6000,956.35,0.6189741231,2
6000,956.4,0.6189735077,2
6000,956.45,0.6189728928,2
6000,956.5,0.6189722782,2
6000,956.55,0.6189716639,2
6000,956.6,0.61897105,2
6000,956.65,0.6189704365,2
6000,956.7,0.6189698233,2
6000,956.75,0.6189692106,2
6000,956.8,0.6189685981,2
6000,956.85,0.6189679861,2
6000,956.9,0.6189673744,2
6000,956.95,0.618966763,2
6000,957,0.6189661521,2
6000,957.05,0.6189655415,2
6000,957.1,0.6189649312,2
6000,957.15,0.6189643213,2
6000,957.2,0.6189637118,2
6000,957.25,0.6189631027,2
6000,957.3,0.6189624939,2
6000,957.35,0.6189618855,2
6000,957.4,0.6189612774,2
6000,957.45,0.6189606697,2
6000,957.5,0.6189600623,2
6000,957.55,0.6189594554,2
6000,957.6,0.6189588487,2
6000,957.65,0.6189582425,2
6000,957.7,0.6189576366,2
6000,957.75,0.618957031,2
6000,957.8,0.6189564259,2
6000,957.85,0.618955821,2
6000,957.9,0.6189552166,2
6000,957.95,0.6189546125,2
6000,958,0.6189540087,2
6000,958.05,0.6189534054,2
6000,958.1,0.6189528023,2
6000,958.15,0.6189521997,2
6000,958.2,0.6189515974,2
6000,958.25,0.6189509954,2
6000,958.3,0.6189503938,2
6000,958.35,0.6189497926,2
6000,958.4,0.6189491917,2
6000,958.45,0.6189485912,2
6000,958.5,0.618947991,2
6000,958.55,0.6189473912,2
6000,958.6,0.6189467918,2
6000,958.65,0.6189461927,2
6000,958.7,0.618945594,2
6000,958.75,0.6189449956,2
6000,958.8,0.6189443976,2
6000,958.85,0.6189437999,2
6000,958.9,0.6189432026,2
6000,958.95,0.6189426057,2
6000,959,0.6189420091,2
6000,959.05,0.6189414128,2
6000,959.1,0.6189408169,2
6000,959.15,0.6189402214,2
6000,959.2,0.6189396262,2
6000,959.25,0.6189390314,2
6000,959.3,0.6189384369,2
6000,959.35,0.6189378428,2
6000,959.4,0.618937249,2
6000,959.45,0.6189366556,2
6000,959.5,0.6189360626,2
6000,959.55,0.6189354699,2
6000,959.6,0.6189348775,2
6000,959.65,0.6189342855,2
6000,959.7,0.6189336939,2
6000,959.75,0.6189331026,2
6000,959.8,0.6189325116,2
6000,959.85,0.6189319211,2
6000,959.9,0.6189313308,2
6000,959.95,0.6189307409,2
6000,960,0.6189301514,2
6000,960.05,0.6189295622,2
6000,960.1,0.6189289734,2
6000,960.15,0.6189283849,2
6000,960.2,0.6189277967,2
6000,960.25,0.618927209,2
6000,960.3,0.6189266215,2
6000,960.35,0.6189260344,2
6000,960.4,0.6189254477,2
6000,960.45,0.6189248613,2
6000,960.5,0.6189242753,2
6000,960.55,0.6189236896,2
6000,960.6,0.6189231042,2
6000,960.65,0.6189225192,2
6000,960.7,0.6189219346,2
6000,960.75,0.6189213503,2
6000,960.8,0.6189207664,2
6000,960.85,0.6189201827,2
6000,960.9,0.6189195995,2
6000,960.95,0.6189190166,2
6000,961,0.618918434,2
6000,961.05,0.6189178518,2
6000,961.1,0.6189172699,2
6000,961.15,0.6189166884,2
6000,961.2,0.6189161072,2
6000,961.25,0.6189155264,2
6000,961.3,0.6189149459,2
6000,961.35,0.6189143658,2
6000,961.4,0.618913786,2
6000,961.45,0.6189132066,2
6000,961.5,0.6189126274,2
6000,961.55,0.6189120487,2
6000,961.6,0.6189114703,2
6000,961.65,0.6189108922,2
6000,961.7,0.6189103145,2
6000,961.75,0.6189097371,2
6000,961.8,0.6189091601,2
6000,961.85,0.6189085834,2
6000,961.9,0.618908007,2
6000,961.95,0.618907431,2
6000,962,0.6189068553,2
6000,962.05,0.61890628,2
6000,962.1,0.618905705,2
6000,962.15,0.6189051304,2
6000,962.2,0.6189045561,2
6000,962.25,0.6189039821,2
6000,962.3,0.6189034085,2
6000,962.35,0.6189028353,2
6000,962.4,0.6189022623,2
6000,962.45,0.6189016897,2
6000,962.5,0.6189011175,2
6000,962.55,0.6189005456,2
6000,962.6,0.618899974,2
6000,962.65,0.6188994028,2
6000,962.7,0.6188988319,2
6000,962.75,0.6188982613,2
6000,962.8,0.6188976911,2
6000,962.85,0.6188971213,2
6000,962.9,0.6188965517,2
6000,962.95,0.6188959825,2
6000,963,0.6188954137,2
6000,963.05,0.6188948452,2
6000,963.1,0.618894277,2
6000,963.15,0.6188937092,2
6000,963.2,0.6188931417,2
6000,963.25,0.6188925745,2
6000,963.3,0.6188920077,2
6000,963.35,0.6188914412,2
6000,963.4,0.618890875,2
6000,963.45,0.6188903092,2
6000,963.5,0.6188897438,2
6000,963.55,0.6188891786,2
6000,963.6,0.6188886138,2
6000,963.65,0.6188880494,2
6000,963.7,0.6188874852,2
6000,963.75,0.6188869214,2
6000,963.8,0.618886358,2
6000,963.85,0.6188857948,2
6000,963.9,0.6188852321,2
6000,963.95,0.6188846696,2
6000,964,0.6188841075,2
6000,964.05,0.6188835457,2
6000,964.1,0.6188829842,2
6000,964.15,0.6188824231,2
6000,964.2,0.6188818624,2
6000,964.25,0.6188813019,2
6000,964.3,0.6188807418,2
6000,964.35,0.618880182,2
6000,964.4,0.6188796226,2
6000,964.45,0.6188790634,2
6000,964.5,0.6188785047,2
6000,964.55,0.6188779462,2
6000,964.6,0.6188773881,2
6000,964.65,0.6188768303,2
6000,964.7,0.6188762729,2
6000,964.75,0.6188757157,2
6000,964.8,0.618875159,2
6000,964.85,0.6188746025,2
6000,964.9,0.6188740464,2
6000,964.95,0.6188734906,2
6000,965,0.6188729351,2
6000,965.05,0.61887238,2
6000,965.1,0.6188718252,2
6000,965.15,0.6188712707,2
6000,965.2,0.6188707166,2
6000,965.25,0.6188701628,2
6000,965.3,0.6188696093,2
6000,965.35,0.6188690561,2
6000,965.4,0.6188685033,2
6000,965.45,0.6188679508,2
6000,965.5,0.6188673986,2
6000,965.55,0.6188668468,2
6000,965.6,0.6188662953,2
6000,965.65,0.6188657441,2
6000,965.7,0.6188651933,2
6000,965.75,0.6188646427,2
6000,965.8,0.6188640925,2
6000,965.85,0.6188635427,2
6000,965.9,0.6188629931,2
6000,965.95,0.6188624439,2
6000,966,0.618861895,2
6000,966.05,0.6188613465,2
6000,966.1,0.6188607982,2
6000,966.15,0.6188602503,2
6000,966.2,0.6188597027,2
6000,966.25,0.6188591555,2
6000,966.3,0.6188586086,2
6000,966.35,0.618858062,2
6000,966.4,0.6188575157,2
6000,966.45,0.6188569697,2
6000,966.5,0.6188564241,2
6000,966.55,0.6188558788,2
6000,966.6,0.6188553338,2
6000,966.65,0.6188547892,2
6000,966.7,0.6188542448,2
6000,966.75,0.6188537008,2
6000,966.8,0.6188531571,2
6000,966.85,0.6188526138,2
6000,966.9,0.6188520707,2
6000,966.95,0.618851528,2
6000,967,0.6188509856,2
6000,967.05,0.6188504436,2
6000,967.1,0.6188499018,2
6000,967.15,0.6188493604,2
6000,967.2,0.6188488193,2
6000,967.25,0.6188482785,2
6000,967.3,0.6188477381,2
6000,967.35,0.618847198,2
6000,967.4,0.6188466582,2
6000,967.45,0.6188461187,2
6000,967.5,0.6188455795,2
6000,967.55,0.6188450406,2
6000,967.6,0.6188445021,2
6000,967.65,0.6188439639,2
6000,967.7,0.618843426,2
6000,967.75,0.6188428885,2
6000,967.8,0.6188423512,2
6000,967.85,0.6188418143,2
6000,967.9,0.6188412777,2
6000,967.95,0.6188407414,2
6000,968,0.6188402054,2
6000,968.05,0.6188396698,2
6000,968.1,0.6188391345,2
6000,968.15,0.6188385995,2
6000,968.2,0.6188380648,2
6000,968.25,0.6188375304,2
6000,968.3,0.6188369964,2
6000,968.35,0.6188364626,2
6000,968.4,0.6188359292,2
6000,968.45,0.6188353961,2
6000,968.5,0.6188348633,2
6000,968.55,0.6188343309,2
6000,968.6,0.6188337987,2
6000,968.65,0.6188332669,2
6000,968.7,0.6188327354,2
6000,968.75,0.6188322042,2
6000,968.8,0.6188316733,2
6000,968.85,0.6188311427,2
6000,968.9,0.6188306125,2
6000,968.95,0.6188300825,2
6000,969,0.6188295529,2
6000,969.05,0.6188290236,2
6000,969.1,0.6188284946,2
6000,969.15,0.618827966,2
6000,969.2,0.6188274376,2
6000,969.25,0.6188269096,2
6000,969.3,0.6188263818,2
6000,969.35,0.6188258544,2
6000,969.4,0.6188253273,2
6000,969.45,0.6188248005,2
6000,969.5,0.6188242741,2
6000,969.55,0.6188237479,2
6000,969.6,0.618823222,2
6000,969.65,0.6188226965,2
6000,969.7,0.6188221713,2
6000,969.75,0.6188216464,2
6000,969.8,0.6188211218,2
6000,969.85,0.6188205975,2
6000,969.9,0.6188200735,2
6000,969.95,0.6188195499,2
6000,970,0.6188190265,2
6000,970.05,0.6188185035,2
6000,970.1,0.6188179808,2
6000,970.15,0.6188174584,2
6000,970.2,0.6188169363,2
6000,970.25,0.6188164145,2
6000,970.3,0.618815893,2
6000,970.35,0.6188153718,2
6000,970.4,0.618814851,2
6000,970.45,0.6188143304,2
6000,970.5,0.6188138102,2
6000,970.55,0.6188132903,2
6000,970.6,0.6188127707,2
6000,970.65,0.6188122514,2
6000,970.7,0.6188117324,2
6000,970.75,0.6188112137,2
6000,970.8,0.6188106953,2
6000,970.85,0.6188101772,2
6000,970.9,0.6188096594,2
6000,970.95,0.618809142,2
6000,971,0.6188086248,2
6000,971.05,0.618808108,2
6000,971.1,0.6188075915,2
6000,971.15,0.6188070753,2
6000,971.2,0.6188065593,2
6000,971.25,0.6188060437,2
6000,971.3,0.6188055284,2
6000,971.35,0.6188050134,2
6000,971.4,0.6188044988,2
6000,971.45,0.6188039844,2
6000,971.5,0.6188034703,2
6000,971.55,0.6188029565,2
6000,971.6,0.6188024431,2
6000,971.65,0.6188019299,2
6000,971.7,0.6188014171,2
6000,971.75,0.6188009045,2
6000,971.8,0.6188003923,2
6000,971.85,0.6187998803,2
6000,971.9,0.6187993687,2
6000,971.95,0.6187988574,2
6000,972,0.6187983464,2
6000,972.05,0.6187978356,2
6000,972.1,0.6187973252,2
6000,972.15,0.6187968151,2
6000,972.2,0.6187963053,2
6000,972.25,0.6187957958,2
6000,972.3,0.6187952866,2
6000,972.35,0.6187947777,2
6000,972.4,0.6187942691,2
6000,972.45,0.6187937609,2
6000,972.5,0.6187932529,2
6000,972.55,0.6187927452,2
6000,972.6,0.6187922378,2
6000,972.65,0.6187917307,2
6000,972.7,0.618791224,2
6000,972.75,0.6187907175,2
6000,972.8,0.6187902113,2
6000,972.85,0.6187897054,2
6000,972.9,0.6187891999,2
6000,972.95,0.6187886946,2
6000,973,0.6187881896,2
6000,973.05,0.618787685,2
6000,973.1,0.6187871806,2
6000,973.15,0.6187866765,2
6000,973.2,0.6187861728,2
6000,973.25,0.6187856693,2
6000,973.3,0.6187851662,2
6000,973.35,0.6187846633,2
6000,973.4,0.6187841607,2
6000,973.45,0.6187836585,2
6000,973.5,0.6187831565,2
6000,973.55,0.6187826548,2
6000,973.6,0.6187821535,2
6000,973.65,0.6187816524,2
6000,973.7,0.6187811516,2
6000,973.75,0.6187806511,2
6000,973.8,0.618780151,2
6000,973.85,0.6187796511,2
6000,973.9,0.6187791515,2
6000,973.95,0.6187786522,2
6000,974,0.6187781533,2
6000,974.05,0.6187776546,2
6000,974.1,0.6187771562,2
6000,974.15,0.6187766581,2
6000,974.2,0.6187761603,2
6000,974.25,0.6187756628,2
6000,974.3,0.6187751656,2
6000,974.35,0.6187746687,2
6000,974.4,0.6187741721,2
6000,974.45,0.6187736758,2
6000,974.5,0.6187731797,2
6000,974.55,0.618772684,2
6000,974.6,0.6187721886,2
6000,974.65,0.6187716935,2
6000,974.7,0.6187711986,2
6000,974.75,0.6187707041,2
6000,974.8,0.6187702098,2
6000,974.85,0.6187697159,2
6000,974.9,0.6187692222,2
6000,974.95,0.6187687288,2
6000,975,0.6187682358,2
6000,975.05,0.618767743,2
6000,975.1,0.6187672505,2
6000,975.15,0.6187667583,2
6000,975.2,0.6187662664,2
6000,975.25,0.6187657748,2
6000,975.3,0.6187652835,2
6000,975.35,0.6187647925,2
6000,975.4,0.6187643018,2
6000,975.45,0.6187638113,2
6000,975.5,0.6187633212,2
6000,975.55,0.6187628313,2
6000,975.6,0.6187623418,2
6000,975.65,0.6187618525,2
6000,975.7,0.6187613635,2
6000,975.75,0.6187608749,2
6000,975.8,0.6187603865,2
6000,975.85,0.6187598984,2
6000,975.9,0.6187594106,2
6000,975.95,0.618758923,2
6000,976,0.6187584358,2
6000,976.05,0.6187579489,2
6000,976.1,0.6187574622,2
6000,976.15,0.6187569759,2
6000,976.2,0.6187564898,2
6000,976.25,0.618756004,2
6000,976.3,0.6187555185,2
6000,976.35,0.6187550333,2
6000,976.4,0.6187545484,2
6000,976.45,0.6187540638,2
6000,976.5,0.6187535795,2
6000,976.55,0.6187530954,2
6000,976.6,0.6187526117,2
6000,976.65,0.6187521282,2
6000,976.7,0.618751645,2
6000,976.75,0.6187511621,2
6000,976.8,0.6187506795,2
6000,976.85,0.6187501972,2
6000,976.9,0.6187497152,2
6000,976.95,0.6187492334,2
6000,977,0.618748752,2
6000,977.05,0.6187482708,2
6000,977.1,0.6187477899,2
6000,977.15,0.6187473093,2
6000,977.2,0.618746829,2
6000,977.25,0.618746349,2
6000,977.3,0.6187458693,2
6000,977.35,0.6187453898,2
6000,977.4,0.6187449107,2
6000,977.45,0.6187444318,2
6000,977.5,0.6187439532,2
6000,977.55,0.6187434749,2
6000,977.6,0.6187429969,2
6000,977.65,0.6187425191,2
6000,977.7,0.6187420417,2
6000,977.75,0.6187415645,2
6000,977.8,0.6187410876,2
6000,977.85,0.618740611,2
6000,977.9,0.6187401347,2
6000,977.95,0.6187396587,2
6000,978,0.6187391829,2
6000,978.05,0.6187387074,2
6000,978.1,0.6187382323,2
6000,978.15,0.6187377574,2
6000,978.2,0.6187372827,2
6000,978.25,0.6187368084,2
6000,978.3,0.6187363344,2
6000,978.35,0.6187358606,2
6000,978.4,0.6187353871,2
6000,978.45,0.6187349139,2
6000,978.5,0.618734441,2
6000,978.55,0.6187339683,2
6000,978.6,0.618733496,2
6000,978.65,0.6187330239,2
6000,978.7,0.6187325521,2
6000,978.75,0.6187320806,2
6000,978.8,0.6187316094,2
6000,978.85,0.6187311384,2
6000,978.9,0.6187306678,2
6000,978.95,0.6187301974,2
6000,979,0.6187297273,2
6000,979.05,0.6187292574,2
6000,979.1,0.6187287879,2
6000,979.15,0.6187283186,2
6000,979.2,0.6187278496,2
6000,979.25,0.6187273809,2
6000,979.3,0.6187269125,2
6000,979.35,0.6187264443,2
6000,979.4,0.6187259764,2
6000,979.45,0.6187255089,2
6000,979.5,0.6187250415,2
6000,979.55,0.6187245745,2
6000,979.6,0.6187241077,2
6000,979.65,0.6187236413,2
6000,979.7,0.6187231751,2
6000,979.75,0.6187227091,2
6000,979.8,0.6187222435,2
6000,979.85,0.6187217781,2
6000,979.9,0.618721313,2
6000,979.95,0.6187208482,2
6000,980,0.6187203837,2
6000,980.05,0.6187199194,2
6000,980.1,0.6187194554,2
6000,980.15,0.6187189917,2
6000,980.2,0.6187185283,2
6000,980.25,0.6187180651,2
6000,980.3,0.6187176023,2
6000,980.35,0.6187171397,2
6000,980.4,0.6187166773,2
6000,980.45,0.6187162153,2
6000,980.5,0.6187157535,2
6000,980.55,0.618715292,2
6000,980.6,0.6187148308,2
6000,980.65,0.6187143698,2
6000,980.7,0.6187139091,2
6000,980.75,0.6187134487,2
6000,980.8,0.6187129886,2
6000,980.85,0.6187125288,2
6000,980.9,0.6187120692,2
6000,980.95,0.6187116099,2
6000,981,0.6187111508,2
6000,981.05,0.6187106921,2
6000,981.1,0.6187102336,2
6000,981.15,0.6187097754,2
6000,981.2,0.6187093175,2
6000,981.25,0.6187088598,2
6000,981.3,0.6187084024,2
6000,981.35,0.6187079453,2
6000,981.4,0.6187074884,2
6000,981.45,0.6187070319,2
6000,981.5,0.6187065756,2
6000,981.55,0.6187061195,2
6000,981.6,0.6187056638,2
6000,981.65,0.6187052083,2
6000,981.7,0.6187047531,2
6000,981.75,0.6187042981,2
6000,981.8,0.6187038435,2
6000,981.85,0.6187033891,2
6000,981.9,0.6187029349,2
6000,981.95,0.6187024811,2
6000,982,0.6187020275,2
6000,982.05,0.6187015742,2
6000,982.1,0.6187011211,2
6000,982.15,0.6187006683,2
6000,982.2,0.6187002158,2
6000,982.25,0.6186997636,2
6000,982.3,0.6186993116,2
6000,982.35,0.6186988599,2
6000,982.4,0.6186984085,2
6000,982.45,0.6186979573,2
6000,982.5,0.6186975064,2
6000,982.55,0.6186970558,2
6000,982.6,0.6186966055,2
6000,982.65,0.6186961554,2
6000,982.7,0.6186957056,2
6000,982.75,0.618695256,2
6000,982.8,0.6186948067,2
6000,982.85,0.6186943577,2
6000,982.9,0.618693909,2
6000,982.95,0.6186934605,2
6000,983,0.6186930123,2
6000,983.05,0.6186925643,2
6000,983.1,0.6186921167,2
6000,983.15,0.6186916692,2
6000,983.2,0.6186912221,2
6000,983.25,0.6186907752,2
6000,983.3,0.6186903286,2
6000,983.35,0.6186898823,2
6000,983.4,0.6186894362,2
6000,983.45,0.6186889904,2
6000,983.5,0.6186885448,2
6000,983.55,0.6186880995,2
6000,983.6,0.6186876545,2
6000,983.65,0.6186872098,2
6000,983.7,0.6186867653,2
6000,983.75,0.6186863211,2
6000,983.8,0.6186858771,2
6000,983.85,0.6186854334,2
6000,983.9,0.61868499,2
6000,983.95,0.6186845468,2
6000,984,0.618684104,2
6000,984.05,0.6186836613,2
6000,984.1,0.6186832189,2
6000,984.15,0.6186827768,2
6000,984.2,0.618682335,2
6000,984.25,0.6186818934,2
6000,984.3,0.6186814521,2
6000,984.35,0.6186810111,2
6000,984.4,0.6186805703,2
6000,984.45,0.6186801297,2
6000,984.5,0.6186796895,2
6000,984.55,0.6186792495,2
6000,984.6,0.6186788097,2
6000,984.65,0.6186783703,2
6000,984.7,0.6186779311,2
6000,984.75,0.6186774921,2
6000,984.8,0.6186770534,2
6000,984.85,0.618676615,2
6000,984.9,0.6186761768,2
6000,984.95,0.6186757389,2
6000,985,0.6186753013,2
6000,985.05,0.6186748639,2
6000,985.1,0.6186744268,2
6000,985.15,0.6186739899,2
6000,985.2,0.6186735533,2
6000,985.25,0.6186731169,2
6000,985.3,0.6186726809,2
6000,985.35,0.618672245,2
6000,985.4,0.6186718095,2
6000,985.45,0.6186713742,2
6000,985.5,0.6186709391,2
6000,985.55,0.6186705044,2
6000,985.6,0.6186700698,2
6000,985.65,0.6186696356,2
6000,985.7,0.6186692016,2
6000,985.75,0.6186687678,2
6000,985.8,0.6186683343,2
6000,985.85,0.6186679011,2
6000,985.9,0.6186674681,2
6000,985.95,0.6186670354,2
6000,986,0.618666603,2
6000,986.05,0.6186661708,2
6000,986.1,0.6186657388,2
6000,986.15,0.6186653071,2
6000,986.2,0.6186648757,2
6000,986.25,0.6186644445,2
6000,986.3,0.6186640136,2
6000,986.35,0.618663583,2
6000,986.4,0.6186631526,2
6000,986.45,0.6186627224,2
6000,986.5,0.6186622926,2
6000,986.55,0.6186618629,2
6000,986.6,0.6186614336,2
6000,986.65,0.6186610044,2
6000,986.7,0.6186605756,2
6000,986.75,0.618660147,2
6000,986.8,0.6186597186,2
6000,986.85,0.6186592905,2
6000,986.9,0.6186588627,2
6000,986.95,0.6186584351,2
6000,987,0.6186580078,2
6000,987.05,0.6186575807,2
6000,987.1,0.6186571539,2
6000,987.15,0.6186567273,2
6000,987.2,0.618656301,2
6000,987.25,0.618655875,2
6000,987.3,0.6186554492,2
6000,987.35,0.6186550236,2
6000,987.4,0.6186545983,2
6000,987.45,0.6186541733,2
6000,987.5,0.6186537485,2
6000,987.55,0.618653324,2
6000,987.6,0.6186528997,2
6000,987.65,0.6186524757,2
6000,987.7,0.6186520519,2
6000,987.75,0.6186516284,2
6000,987.8,0.6186512051,2
6000,987.85,0.6186507821,2
6000,987.9,0.6186503593,2
6000,987.95,0.6186499368,2
6000,988,0.6186495146,2
6000,988.05,0.6186490926,2
6000,988.1,0.6186486708,2
6000,988.15,0.6186482493,2
6000,988.2,0.6186478281,2
6000,988.25,0.6186474071,2
6000,988.3,0.6186469863,2
6000,988.35,0.6186465658,2
6000,988.4,0.6186461456,2
6000,988.45,0.6186457256,2
6000,988.5,0.6186453058,2
6000,988.55,0.6186448863,2
6000,988.6,0.6186444671,2
6000,988.65,0.6186440481,2
6000,988.7,0.6186436293,2
6000,988.75,0.6186432108,2
6000,988.8,0.6186427926,2
6000,988.85,0.6186423746,2
6000,988.9,0.6186419568,2
6000,988.95,0.6186415393,2
6000,989,0.6186411221,2
6000,989.05,0.6186407051,2
6000,989.1,0.6186402883,2
6000,989.15,0.6186398718,2
6000,989.2,0.6186394556,2
6000,989.25,0.6186390396,2
6000,989.3,0.6186386238,2
6000,989.35,0.6186382083,2
6000,989.4,0.618637793,2
6000,989.45,0.618637378,2
6000,989.5,0.6186369633,2
6000,989.55,0.6186365487,2
6000,989.6,0.6186361345,2
6000,989.65,0.6186357204,2
6000,989.7,0.6186353067,2
6000,989.75,0.6186348931,2
6000,989.8,0.6186344798,2
6000,989.85,0.6186340668,2
6000,989.9,0.618633654,2
6000,989.95,0.6186332415,2
6000,990,0.6186328292,2
6000,990.05,0.6186324171,2
6000,990.1,0.6186320053,2
6000,990.15,0.6186315937,2
6000,990.2,0.6186311824,2
6000,990.25,0.6186307713,2
6000,990.3,0.6186303605,2
6000,990.35,0.6186299499,2
6000,990.4,0.6186295396,2
6000,990.45,0.6186291295,2
6000,990.5,0.6186287196,2
6000,990.55,0.61862831,2
6000,990.6,0.6186279007,2
6000,990.65,0.6186274916,2
6000,990.7,0.6186270827,2
6000,990.75,0.6186266741,2
6000,990.8,0.6186262657,2
6000,990.85,0.6186258576,2
6000,990.9,0.6186254497,2
6000,990.95,0.618625042,2
6000,991,0.6186246346,2
6000,991.05,0.6186242274,2
6000,991.1,0.6186238205,2
6000,991.15,0.6186234138,2
6000,991.2,0.6186230074,2
6000,991.25,0.6186226012,2
6000,991.3,0.6186221952,2
6000,991.35,0.6186217895,2
6000,991.4,0.618621384,2
6000,991.45,0.6186209788,2
6000,991.5,0.6186205738,2
6000,991.55,0.6186201691,2
6000,991.6,0.6186197646,2
6000,991.65,0.6186193603,2
6000,991.7,0.6186189563,2
6000,991.75,0.6186185525,2
6000,991.8,0.618618149,2
6000,991.85,0.6186177457,2
6000,991.9,0.6186173426,2
6000,991.95,0.6186169398,2
6000,992,0.6186165372,2
6000,992.05,0.6186161349,2
6000,992.1,0.6186157328,2
6000,992.15,0.6186153309,2
6000,992.2,0.6186149293,2
6000,992.25,0.618614528,2
6000,992.3,0.6186141268,2
6000,992.35,0.6186137259,2
6000,992.4,0.6186133253,2
6000,992.45,0.6186129248,2
6000,992.5,0.6186125247,2
6000,992.55,0.6186121247,2
6000,992.6,0.618611725,2
6000,992.65,0.6186113255,2
6000,992.7,0.6186109263,2
6000,992.75,0.6186105273,2
6000,992.8,0.6186101286,2
6000,992.85,0.6186097301,2
6000,992.9,0.6186093318,2
6000,992.95,0.6186089338,2
6000,993,0.6186085359,2
6000,993.05,0.6186081384,2
6000,993.1,0.6186077411,2
6000,993.15,0.618607344,2
6000,993.2,0.6186069471,2
6000,993.25,0.6186065505,2
6000,993.3,0.6186061541,2
6000,993.35,0.618605758,2
6000,993.4,0.6186053621,2
6000,993.45,0.6186049664,2
6000,993.5,0.618604571,2
6000,993.55,0.6186041758,2
6000,993.6,0.6186037808,2
6000,993.65,0.6186033861,2
6000,993.7,0.6186029916,2
6000,993.75,0.6186025973,2
6000,993.8,0.6186022033,2
6000,993.85,0.6186018095,2
6000,993.9,0.618601416,2
6000,993.95,0.6186010227,2
6000,994,0.6186006296,2
6000,994.05,0.6186002367,2
6000,994.1,0.6185998441,2
6000,994.15,0.6185994518,2
6000,994.2,0.6185990596,2
6000,994.25,0.6185986677,2
6000,994.3,0.618598276,2
6000,994.35,0.6185978846,2
6000,994.4,0.6185974934,2
6000,994.45,0.6185971024,2
6000,994.5,0.6185967117,2
6000,994.55,0.6185963212,2
6000,994.6,0.6185959309,2
6000,994.65,0.6185955408,2
6000,994.7,0.618595151,2
6000,994.75,0.6185947615,2
6000,994.8,0.6185943721,2
6000,994.85,0.618593983,2
6000,994.9,0.6185935941,2
6000,994.95,0.6185932055,2
6000,995,0.618592817,2
6000,995.05,0.6185924289,2
6000,995.1,0.6185920409,2
6000,995.15,0.6185916532,2
6000,995.2,0.6185912657,2
6000,995.25,0.6185908784,2
6000,995.3,0.6185904914,2
6000,995.35,0.6185901046,2
6000,995.4,0.618589718,2
6000,995.45,0.6185893317,2
6000,995.5,0.6185889456,2
6000,995.55,0.6185885597,2
6000,995.6,0.6185881741,2
6000,995.65,0.6185877887,2
6000,995.7,0.6185874035,2
6000,995.75,0.6185870185,2
6000,995.8,0.6185866338,2
6000,995.85,0.6185862493,2
6000,995.9,0.618585865,2
6000,995.95,0.618585481,2
6000,996,0.6185850972,2
6000,996.05,0.6185847136,2
6000,996.1,0.6185843303,2
6000,996.15,0.6185839472,2
6000,996.2,0.6185835643,2
6000,996.25,0.6185831816,2
6000,996.3,0.6185827992,2
6000,996.35,0.618582417,2
6000,996.4,0.618582035,2
6000,996.45,0.6185816532,2
6000,996.5,0.6185812717,2
6000,996.55,0.6185808904,2
6000,996.6,0.6185805093,2
6000,996.65,0.6185801285,2
6000,996.7,0.6185797479,2
6000,996.75,0.6185793675,2
6000,996.8,0.6185789873,2
6000,996.85,0.6185786074,2
6000,996.9,0.6185782277,2
6000,996.95,0.6185778482,2
6000,997,0.618577469,2
6000,997.05,0.6185770899,2
6000,997.1,0.6185767111,2
6000,997.15,0.6185763326,2
6000,997.2,0.6185759542,2
6000,997.25,0.6185755761,2
6000,997.3,0.6185751982,2
6000,997.35,0.6185748205,2
6000,997.4,0.6185744431,2
6000,997.45,0.6185740659,2
6000,997.5,0.6185736889,2
6000,997.55,0.6185733121,2
6000,997.6,0.6185729356,2
6000,997.65,0.6185725592,2
6000,997.7,0.6185721831,2
6000,997.75,0.6185718073,2
6000,997.8,0.6185714316,2
6000,997.85,0.6185710562,2
6000,997.9,0.618570681,2
6000,997.95,0.618570306,2
6000,998,0.6185699313,2
6000,998.05,0.6185695567,2
6000,998.1,0.6185691824,2
6000,998.15,0.6185688084,2
6000,998.2,0.6185684345,2
6000,998.25,0.6185680609,2
6000,998.3,0.6185676875,2
6000,998.35,0.6185673143,2
6000,998.4,0.6185669413,2
6000,998.45,0.6185665686,2
6000,998.5,0.618566196,2
6000,998.55,0.6185658237,2
6000,998.6,0.6185654517,2
6000,998.65,0.6185650798,2
6000,998.7,0.6185647082,2
6000,998.75,0.6185643368,2
6000,998.8,0.6185639656,2
6000,998.85,0.6185635946,2
6000,998.9,0.6185632239,2
6000,998.95,0.6185628533,2
6000,999,0.618562483,2
6000,999.05,0.6185621129,2
6000,999.1,0.6185617431,2
6000,999.15,0.6185613734,2
6000,999.2,0.618561004,2
6000,999.25,0.6185606348,2
6000,999.3,0.6185602658,2
6000,999.35,0.6185598971,2
6000,999.4,0.6185595285,2
6000,999.45,0.6185591602,2
6000,999.5,0.6185587921,2
6000,999.55,0.6185584242,2
6000,999.6,0.6185580566,2
6000,999.65,0.6185576891,2
6000,999.7,0.6185573219,2
6000,999.75,0.6185569549,2
6000,999.8,0.6185565881,2
6000,999.85,0.6185562216,2
6000,999.9,0.6185558552,2
6000,999.95,0.6185554891,2
6000,1000,0.6185551232,2
