# p2d-sub-long — Pseudo-2D subcritical, B2 trapezoidal Z=2, 400 m
# SWASHES 3.5.5; Delestre et al. 2013, doi 10.1002/fld.3741
# Independent Python implementation (swasheslib/analytic.py); no SWASHES-tool output vendored.
# grid: 8001 stations (20x model resolution nx=400)
t_s,x_m,h_m,q_m2_per_s
1800,0,0.9035231236,2.003873408
1800,0.05,0.9035348849,2.003889609
1800,0.1,0.9035466809,2.003905872
1800,0.15,0.9035585119,2.003922197
1800,0.2,0.9035703778,2.003938584
1800,0.25,0.9035822789,2.003955034
1800,0.3,0.9035942151,2.003971546
1800,0.35,0.9036061866,2.003988121
1800,0.4,0.9036181935,2.004004759
1800,0.45,0.9036302358,2.004021461
1800,0.5,0.9036423136,2.004038226
1800,0.55,0.903654427,2.004055054
1800,0.6,0.9036665761,2.004071947
1800,0.65,0.9036787611,2.004088903
1800,0.7,0.9036909819,2.004105924
1800,0.75,0.9037032387,2.00412301
1800,0.8,0.9037155315,2.00414016
1800,0.85,0.9037278605,2.004157375
1800,0.9,0.9037402257,2.004174655
1800,0.95,0.9037526272,2.004192001
1800,1,0.9037650652,2.004209413
1800,1.05,0.9037775396,2.00422689
1800,1.1,0.9037900507,2.004244433
1800,1.15,0.9038025984,2.004262043
1800,1.2,0.9038151829,2.004279719
1800,1.25,0.9038278043,2.004297462
1800,1.3,0.9038404626,2.004315272
1800,1.35,0.903853158,2.004333149
1800,1.4,0.9038658905,2.004351093
1800,1.45,0.9038786602,2.004369105
1800,1.5,0.9038914672,2.004387185
1800,1.55,0.9039043117,2.004405333
1800,1.6,0.9039171936,2.00442355
1800,1.65,0.9039301132,2.004441834
1800,1.7,0.9039430704,2.004460188
1800,1.75,0.9039560654,2.004478611
1800,1.8,0.9039690983,2.004497103
1800,1.85,0.9039821691,2.004515664
1800,1.9,0.903995278,2.004534295
1800,1.95,0.904008425,2.004552996
1800,2,0.9040216102,2.004571767
1800,2.05,0.9040348338,2.004590608
1800,2.1,0.9040480958,2.00460952
1800,2.15,0.9040613963,2.004628503
1800,2.2,0.9040747354,2.004647557
1800,2.25,0.9040881133,2.004666682
1800,2.3,0.9041015299,2.004685879
1800,2.35,0.9041149854,2.004705148
1800,2.4,0.9041284799,2.004724488
1800,2.45,0.9041420134,2.004743901
1800,2.5,0.9041555861,2.004763386
1800,2.55,0.9041691981,2.004782945
1800,2.6,0.9041828495,2.004802576
1800,2.65,0.9041965403,2.00482228
1800,2.7,0.9042102707,2.004842058
1800,2.75,0.9042240407,2.004861909
1800,2.8,0.9042378504,2.004881835
1800,2.85,0.9042517,2.004901834
1800,2.9,0.9042655895,2.004921908
1800,2.95,0.904279519,2.004942057
1800,3,0.9042934887,2.00496228
1800,3.05,0.9043074985,2.004982579
1800,3.1,0.9043215487,2.005002953
1800,3.15,0.9043356393,2.005023403
1800,3.2,0.9043497704,2.005043929
1800,3.25,0.9043639421,2.00506453
1800,3.3,0.9043781545,2.005085209
1800,3.35,0.9043924077,2.005105963
1800,3.4,0.9044067018,2.005126795
1800,3.45,0.9044210368,2.005147704
1800,3.5,0.904435413,2.00516869
1800,3.55,0.9044498304,2.005189754
1800,3.6,0.904464289,2.005210896
1800,3.65,0.904478789,2.005232116
1800,3.7,0.9044933305,2.005253415
1800,3.75,0.9045079136,2.005274792
1800,3.8,0.9045225383,2.005296248
1800,3.85,0.9045372049,2.005317783
1800,3.9,0.9045519133,2.005339398
1800,3.95,0.9045666636,2.005361092
1800,4,0.9045814561,2.005382866
1800,4.05,0.9045962907,2.005404721
1800,4.1,0.9046111676,2.005426655
1800,4.15,0.9046260869,2.005448671
1800,4.2,0.9046410486,2.005470768
1800,4.25,0.9046560529,2.005492946
1800,4.3,0.9046710998,2.005515205
1800,4.35,0.9046861896,2.005537546
1800,4.4,0.9047013222,2.005559969
1800,4.45,0.9047164978,2.005582475
1800,4.5,0.9047317164,2.005605063
1800,4.55,0.9047469782,2.005627734
1800,4.6,0.9047622833,2.005650488
1800,4.65,0.9047776318,2.005673325
1800,4.7,0.9047930237,2.005696246
1800,4.75,0.9048084593,2.005719251
1800,4.8,0.9048239385,2.00574234
1800,4.85,0.9048394615,2.005765514
1800,4.9,0.9048550283,2.005788772
1800,4.95,0.9048706392,2.005812116
1800,5,0.9048862941,2.005835544
1800,5.05,0.9049019932,2.005859058
1800,5.1,0.9049177367,2.005882658
1800,5.15,0.9049335245,2.005906344
1800,5.2,0.9049493568,2.005930116
1800,5.25,0.9049652337,2.005953975
1800,5.3,0.9049811553,2.005977921
1800,5.35,0.9049971218,2.006001954
1800,5.4,0.9050131331,2.006026075
1800,5.45,0.9050291895,2.006050283
1800,5.5,0.905045291,2.006074579
1800,5.55,0.9050614377,2.006098964
1800,5.6,0.9050776297,2.006123437
1800,5.65,0.9050938672,2.006147999
1800,5.7,0.9051101502,2.00617265
1800,5.75,0.9051264788,2.006197391
1800,5.8,0.9051428532,2.006222221
1800,5.85,0.9051592735,2.006247141
1800,5.9,0.9051757397,2.006272152
1800,5.95,0.9051922519,2.006297253
1800,6,0.9052088104,2.006322445
1800,6.05,0.9052254151,2.006347729
1800,6.1,0.9052420662,2.006373103
1800,6.15,0.9052587638,2.00639857
1800,6.2,0.9052755079,2.006424128
1800,6.25,0.9052922988,2.006449779
1800,6.3,0.9053091365,2.006475522
1800,6.35,0.9053260211,2.006501358
1800,6.4,0.9053429527,2.006527288
1800,6.45,0.9053599314,2.00655331
1800,6.5,0.9053769574,2.006579427
1800,6.55,0.9053940307,2.006605638
1800,6.6,0.9054111515,2.006631943
1800,6.65,0.9054283198,2.006658343
1800,6.7,0.9054455358,2.006684837
1800,6.75,0.9054627995,2.006711427
1800,6.8,0.9054801111,2.006738113
1800,6.85,0.9054974708,2.006764894
1800,6.9,0.9055148785,2.006791772
1800,6.95,0.9055323344,2.006818746
1800,7,0.9055498387,2.006845816
1800,7.05,0.9055673913,2.006872984
1800,7.1,0.9055849925,2.006900249
1800,7.15,0.9056026424,2.006927612
1800,7.2,0.905620341,2.006955073
1800,7.25,0.9056380884,2.006982632
1800,7.3,0.9056558849,2.00701029
1800,7.35,0.9056737304,2.007038046
1800,7.4,0.9056916251,2.007065902
1800,7.45,0.9057095691,2.007093858
1800,7.5,0.9057275625,2.007121913
1800,7.55,0.9057456055,2.007150068
1800,7.6,0.9057636981,2.007178324
1800,7.65,0.9057818404,2.00720668
1800,7.7,0.9058000326,2.007235138
1800,7.75,0.9058182747,2.007263697
1800,7.8,0.905836567,2.007292357
1800,7.85,0.9058549094,2.00732112
1800,7.9,0.9058733021,2.007349985
1800,7.95,0.9058917453,2.007378953
1800,8,0.9059102389,2.007408024
1800,8.05,0.9059287832,2.007437197
1800,8.1,0.9059473783,2.007466475
1800,8.15,0.9059660242,2.007495856
1800,8.2,0.9059847211,2.007525342
1800,8.25,0.9060034691,2.007554932
1800,8.3,0.9060222683,2.007584628
1800,8.35,0.9060411188,2.007614428
1800,8.4,0.9060600208,2.007644334
1800,8.45,0.9060789743,2.007674346
1800,8.5,0.9060979794,2.007704464
1800,8.55,0.9061170363,2.007734688
1800,8.6,0.9061361451,2.00776502
1800,8.65,0.9061553059,2.007795458
1800,8.7,0.9061745188,2.007826004
1800,8.75,0.906193784,2.007856658
1800,8.8,0.9062131015,2.00788742
1800,8.85,0.9062324714,2.007918291
1800,8.9,0.906251894,2.00794927
1800,8.95,0.9062713692,2.007980359
1800,9,0.9062908972,2.008011557
1800,9.05,0.9063104781,2.008042865
1800,9.1,0.9063301121,2.008074283
1800,9.15,0.9063497992,2.008105812
1800,9.2,0.9063695396,2.008137451
1800,9.25,0.9063893334,2.008169202
1800,9.3,0.9064091806,2.008201064
1800,9.35,0.9064290815,2.008233038
1800,9.4,0.9064490361,2.008265124
1800,9.45,0.9064690446,2.008297323
1800,9.5,0.906489107,2.008329634
1800,9.55,0.9065092236,2.008362059
1800,9.6,0.9065293943,2.008394598
1800,9.65,0.9065496193,2.00842725
1800,9.7,0.9065698988,2.008460017
1800,9.75,0.9065902328,2.008492898
1800,9.8,0.9066106215,2.008525894
1800,9.85,0.906631065,2.008559006
1800,9.9,0.9066515634,2.008592233
1800,9.95,0.9066721168,2.008625576
1800,10,0.9066927254,2.008659036
1800,10.05,0.9067133892,2.008692612
1800,10.1,0.9067341085,2.008726305
1800,10.15,0.9067548832,2.008760116
1800,10.2,0.9067757135,2.008794045
1800,10.25,0.9067965996,2.008828091
1800,10.3,0.9068175415,2.008862256
1800,10.35,0.9068385395,2.00889654
1800,10.4,0.9068595935,2.008930944
1800,10.45,0.9068807037,2.008965466
1800,10.5,0.9069018703,2.009000109
1800,10.55,0.9069230933,2.009034872
1800,10.6,0.9069443729,2.009069756
1800,10.65,0.9069657093,2.00910476
1800,10.7,0.9069871024,2.009139886
1800,10.75,0.9070085525,2.009175134
1800,10.8,0.9070300596,2.009210504
1800,10.85,0.907051624,2.009245996
1800,10.9,0.9070732456,2.009281611
1800,10.95,0.9070949247,2.009317349
1800,11,0.9071166613,2.009353211
1800,11.05,0.9071384556,2.009389197
1800,11.1,0.9071603077,2.009425307
1800,11.15,0.9071822177,2.009461542
1800,11.2,0.9072041857,2.009497902
1800,11.25,0.9072262119,2.009534387
1800,11.3,0.9072482964,2.009570998
1800,11.35,0.9072704393,2.009607735
1800,11.4,0.9072926407,2.009644599
1800,11.45,0.9073149008,2.00968159
1800,11.5,0.9073372197,2.009718708
1800,11.55,0.9073595974,2.009755953
1800,11.6,0.9073820342,2.009793327
1800,11.65,0.9074045301,2.009830829
1800,11.7,0.9074270853,2.00986846
1800,11.75,0.9074496999,2.009906221
1800,11.8,0.907472374,2.00994411
1800,11.85,0.9074951077,2.00998213
1800,11.9,0.9075179012,2.01002028
1800,11.95,0.9075407546,2.010058561
1800,12,0.9075636681,2.010096973
1800,12.05,0.9075866416,2.010135516
1800,12.1,0.9076096755,2.010174192
1800,12.15,0.9076327697,2.010212999
1800,12.2,0.9076559245,2.01025194
1800,12.25,0.9076791398,2.010291013
1800,12.3,0.907702416,2.01033022
1800,12.35,0.9077257531,2.010369561
1800,12.4,0.9077491511,2.010409036
1800,12.45,0.9077726104,2.010448645
1800,12.5,0.9077961309,2.01048839
1800,12.55,0.9078197128,2.01052827
1800,12.6,0.9078433562,2.010568286
1800,12.65,0.9078670613,2.010608438
1800,12.7,0.9078908282,2.010648727
1800,12.75,0.9079146569,2.010689153
1800,12.8,0.9079385478,2.010729716
1800,12.85,0.9079625007,2.010770417
1800,12.9,0.907986516,2.010811256
1800,12.95,0.9080105937,2.010852234
1800,13,0.9080347339,2.010893351
1800,13.05,0.9080589368,2.010934608
1800,13.1,0.9080832025,2.010976004
1800,13.15,0.9081075312,2.011017541
1800,13.2,0.9081319229,2.011059218
1800,13.25,0.9081563778,2.011101036
1800,13.3,0.908180896,2.011142996
1800,13.35,0.9082054776,2.011185098
1800,13.4,0.9082301229,2.011227342
1800,13.45,0.9082548318,2.011269729
1800,13.5,0.9082796046,2.011312259
1800,13.55,0.9083044413,2.011354932
1800,13.6,0.9083293421,2.01139775
1800,13.65,0.9083543072,2.011440712
1800,13.7,0.9083793366,2.011483818
1800,13.75,0.9084044305,2.01152707
1800,13.8,0.908429589,2.011570468
1800,13.85,0.9084548122,2.011614011
1800,13.9,0.9084801003,2.011657702
1800,13.95,0.9085054535,2.011701539
1800,14,0.9085308717,2.011745523
1800,14.05,0.9085563552,2.011789655
1800,14.1,0.9085819042,2.011833936
1800,14.15,0.9086075186,2.011878365
1800,14.2,0.9086331987,2.011922943
1800,14.25,0.9086589447,2.01196767
1800,14.3,0.9086847565,2.012012548
1800,14.35,0.9087106344,2.012057576
1800,14.4,0.9087365785,2.012102754
1800,14.45,0.9087625889,2.012148084
1800,14.5,0.9087886657,2.012193566
1800,14.55,0.9088148092,2.012239199
1800,14.6,0.9088410193,2.012284985
1800,14.65,0.9088672963,2.012330924
1800,14.7,0.9088936403,2.012377016
1800,14.75,0.9089200514,2.012423263
1800,14.8,0.9089465298,2.012469663
1800,14.85,0.9089730755,2.012516218
1800,14.9,0.9089996888,2.012562928
1800,14.95,0.9090263697,2.012609794
1800,15,0.9090531184,2.012656816
1800,15.05,0.909079935,2.012703994
1800,15.1,0.9091068197,2.01275133
1800,15.15,0.9091337725,2.012798822
1800,15.2,0.9091607937,2.012846473
1800,15.25,0.9091878833,2.012894282
1800,15.3,0.9092150415,2.012942249
1800,15.35,0.9092422685,2.012990376
1800,15.4,0.9092695643,2.013038662
1800,15.45,0.9092969291,2.013087108
1800,15.5,0.909324363,2.013135715
1800,15.55,0.9093518662,2.013184483
1800,15.6,0.9093794388,2.013233412
1800,15.65,0.9094070809,2.013282503
1800,15.7,0.9094347927,2.013331757
1800,15.75,0.9094625743,2.013381173
1800,15.8,0.9094904259,2.013430752
1800,15.85,0.9095183475,2.013480496
1800,15.9,0.9095463394,2.013530403
1800,15.95,0.9095744016,2.013580475
1800,16,0.9096025343,2.013630712
1800,16.05,0.9096307376,2.013681115
1800,16.1,0.9096590117,2.013731684
1800,16.15,0.9096873566,2.013782419
1800,16.2,0.9097157727,2.013833322
1800,16.25,0.9097442598,2.013884391
1800,16.3,0.9097728183,2.013935629
1800,16.35,0.9098014483,2.013987035
1800,16.4,0.9098301498,2.01403861
1800,16.45,0.9098589231,2.014090354
1800,16.5,0.9098877682,2.014142268
1800,16.55,0.9099166853,2.014194353
1800,16.6,0.9099456746,2.014246608
1800,16.65,0.9099747361,2.014299034
1800,16.7,0.9100038701,2.014351632
1800,16.75,0.9100330766,2.014404403
1800,16.8,0.9100623558,2.014457346
1800,16.85,0.9100917078,2.014510462
1800,16.9,0.9101211329,2.014563751
1800,16.95,0.910150631,2.014617215
1800,17,0.9101802023,2.014670854
1800,17.05,0.9102098471,2.014724667
1800,17.1,0.9102395654,2.014778656
1800,17.15,0.9102693573,2.014832822
1800,17.2,0.9102992231,2.014887163
1800,17.25,0.9103291628,2.014941682
1800,17.3,0.9103591765,2.014996378
1800,17.35,0.9103892646,2.015051253
1800,17.4,0.9104194269,2.015106306
1800,17.45,0.9104496638,2.015161537
1800,17.5,0.9104799754,2.015216949
1800,17.55,0.9105103617,2.01527254
1800,17.6,0.9105408229,2.015328312
1800,17.65,0.9105713593,2.015384265
1800,17.7,0.9106019708,2.015440399
1800,17.75,0.9106326577,2.015496716
1800,17.8,0.9106634201,2.015553214
1800,17.85,0.9106942581,2.015609896
1800,17.9,0.9107251719,2.015666762
1800,17.95,0.9107561616,2.015723811
1800,18,0.9107872274,2.015781045
1800,18.05,0.9108183694,2.015838464
1800,18.1,0.9108495877,2.015896068
1800,18.15,0.9108808825,2.015953859
1800,18.2,0.910912254,2.016011836
1800,18.25,0.9109437022,2.01607
1800,18.3,0.9109752273,2.016128352
1800,18.35,0.9110068295,2.016186891
1800,18.4,0.9110385089,2.01624562
1800,18.45,0.9110702656,2.016304537
1800,18.5,0.9111020998,2.016363644
1800,18.55,0.9111340116,2.016422942
1800,18.6,0.9111660012,2.01648243
1800,18.65,0.9111980688,2.016542109
1800,18.7,0.9112302143,2.016601979
1800,18.75,0.9112624381,2.016662042
1800,18.8,0.9112947403,2.016722298
1800,18.85,0.9113271209,2.016782747
1800,18.9,0.9113595801,2.01684339
1800,18.95,0.9113921182,2.016904227
1800,19,0.9114247351,2.016965259
1800,19.05,0.9114574311,2.017026487
1800,19.1,0.9114902064,2.01708791
1800,19.15,0.911523061,2.01714953
1800,19.2,0.911555995,2.017211347
1800,19.25,0.9115890088,2.017273361
1800,19.3,0.9116221023,2.017335573
1800,19.35,0.9116552757,2.017397984
1800,19.4,0.9116885293,2.017460594
1800,19.45,0.911721863,2.017523404
1800,19.5,0.9117552772,2.017586414
1800,19.55,0.9117887718,2.017649624
1800,19.6,0.9118223471,2.017713036
1800,19.65,0.9118560032,2.01777665
1800,19.7,0.9118897403,2.017840466
1800,19.75,0.9119235585,2.017904485
1800,19.8,0.9119574579,2.017968707
1800,19.85,0.9119914387,2.018033134
1800,19.9,0.912025501,2.018097764
1800,19.95,0.9120596451,2.0181626
1800,20,0.9120938709,2.018227642
1800,20.05,0.9121281787,2.01829289
1800,20.1,0.9121625687,2.018358344
1800,20.15,0.9121970409,2.018424006
1800,20.2,0.9122315956,2.018489876
1800,20.25,0.9122662328,2.018555954
1800,20.3,0.9123009527,2.018622241
1800,20.35,0.9123357554,2.018688738
1800,20.4,0.9123706412,2.018755444
1800,20.45,0.9124056102,2.018822361
1800,20.5,0.9124406624,2.01888949
1800,20.55,0.9124757981,2.01895683
1800,20.6,0.9125110174,2.019024383
1800,20.65,0.9125463204,2.019092148
1800,20.7,0.9125817073,2.019160127
1800,20.75,0.9126171782,2.01922832
1800,20.8,0.9126527334,2.019296727
1800,20.85,0.9126883729,2.01936535
1800,20.9,0.9127240968,2.019434188
1800,20.95,0.9127599054,2.019503243
1800,21,0.9127957988,2.019572514
1800,21.05,0.9128317771,2.019642003
1800,21.1,0.9128678405,2.01971171
1800,21.15,0.9129039891,2.019781635
1800,21.2,0.9129402231,2.01985178
1800,21.25,0.9129765426,2.019922145
1800,21.3,0.9130129478,2.019992729
1800,21.35,0.9130494388,2.020063535
1800,21.4,0.9130860158,2.020134562
1800,21.45,0.9131226789,2.020205811
1800,21.5,0.9131594283,2.020277283
1800,21.55,0.9131962641,2.020348978
1800,21.6,0.9132331865,2.020420897
1800,21.65,0.9132701956,2.02049304
1800,21.7,0.9133072915,2.020565409
1800,21.75,0.9133444745,2.020638003
1800,21.8,0.9133817447,2.020710823
1800,21.85,0.9134191022,2.02078387
1800,21.9,0.9134565471,2.020857144
1800,21.95,0.9134940797,2.020930646
1800,22,0.9135317001,2.021004377
1800,22.05,0.9135694083,2.021078337
1800,22.1,0.9136072047,2.021152527
1800,22.15,0.9136450892,2.021226947
1800,22.2,0.9136830622,2.021301597
1800,22.25,0.9137211237,2.02137648
1800,22.3,0.9137592738,2.021451595
1800,22.35,0.9137975128,2.021526942
1800,22.4,0.9138358408,2.021602523
1800,22.45,0.9138742579,2.021678338
1800,22.5,0.9139127642,2.021754387
1800,22.55,0.91395136,2.021830672
1800,22.6,0.9139900454,2.021907192
1800,22.65,0.9140288206,2.021983949
1800,22.7,0.9140676856,2.022060942
1800,22.75,0.9141066406,2.022138174
1800,22.8,0.9141456859,2.022215643
1800,22.85,0.9141848215,2.022293352
1800,22.9,0.9142240476,2.0223713
1800,22.95,0.9142633643,2.022449488
1800,23,0.9143027719,2.022527917
1800,23.05,0.9143422703,2.022606587
1800,23.1,0.9143818599,2.022685499
1800,23.15,0.9144215408,2.022764653
1800,23.2,0.9144613131,2.022844051
1800,23.25,0.9145011769,2.022923693
1800,23.3,0.9145411324,2.023003579
1800,23.35,0.9145811798,2.02308371
1800,23.4,0.9146213193,2.023164087
1800,23.45,0.9146615508,2.023244711
1800,23.5,0.9147018748,2.023325581
1800,23.55,0.9147422912,2.023406699
1800,23.6,0.9147828002,2.023488065
1800,23.65,0.914823402,2.02356968
1800,23.7,0.9148640968,2.023651544
1800,23.75,0.9149048847,2.023733659
1800,23.8,0.9149457657,2.023816024
1800,23.85,0.9149867402,2.023898641
1800,23.9,0.9150278083,2.02398151
1800,23.95,0.91506897,2.024064632
1800,24,0.9151102257,2.024148007
1800,24.05,0.9151515753,2.024231636
1800,24.1,0.9151930191,2.02431552
1800,24.15,0.9152345572,2.024399658
1800,24.2,0.9152761898,2.024484053
1800,24.25,0.915317917,2.024568705
1800,24.3,0.915359739,2.024653614
1800,24.35,0.9154016559,2.02473878
1800,24.4,0.915443668,2.024824205
1800,24.45,0.9154857752,2.02490989
1800,24.5,0.9155279779,2.024995834
1800,24.55,0.9155702761,2.025082039
1800,24.6,0.9156126701,2.025168505
1800,24.65,0.9156551599,2.025255233
1800,24.7,0.9156977457,2.025342223
1800,24.75,0.9157404277,2.025429476
1800,24.8,0.915783206,2.025516993
1800,24.85,0.9158260808,2.025604775
1800,24.9,0.9158690522,2.025692822
1800,24.95,0.9159121204,2.025781135
1800,25,0.9159552856,2.025869714
1800,25.05,0.9159985478,2.02595856
1800,25.1,0.9160419074,2.026047674
1800,25.15,0.9160853643,2.026137057
1800,25.2,0.9161289188,2.026226709
1800,25.25,0.916172571,2.026316631
1800,25.3,0.9162163211,2.026406823
1800,25.35,0.9162601692,2.026497286
1800,25.4,0.9163041156,2.026588021
1800,25.45,0.9163481602,2.026679029
1800,25.5,0.9163923034,2.02677031
1800,25.55,0.9164365452,2.026861865
1800,25.6,0.9164808858,2.026953695
1800,25.65,0.9165253254,2.0270458
1800,25.7,0.9165698641,2.027138181
1800,25.75,0.9166145021,2.027230838
1800,25.8,0.9166592395,2.027323773
1800,25.85,0.9167040765,2.027416986
1800,25.9,0.9167490132,2.027510477
1800,25.95,0.9167940498,2.027604248
1800,26,0.9168391865,2.027698299
1800,26.05,0.9168844234,2.027792631
1800,26.1,0.9169297607,2.027887245
1800,26.15,0.9169751985,2.027982141
1800,26.2,0.917020737,2.028077319
1800,26.25,0.9170663763,2.028172781
1800,26.3,0.9171121166,2.028268528
1800,26.35,0.917157958,2.028364559
1800,26.4,0.9172039008,2.028460876
1800,26.45,0.917249945,2.02855748
1800,26.5,0.9172960908,2.02865437
1800,26.55,0.9173423384,2.028751549
1800,26.6,0.917388688,2.028849016
1800,26.65,0.9174351396,2.028946772
1800,26.7,0.9174816934,2.029044818
1800,26.75,0.9175283497,2.029143155
1800,26.8,0.9175751085,2.029241784
1800,26.85,0.91762197,2.029340704
1800,26.9,0.9176689344,2.029439917
1800,26.95,0.9177160018,2.029539424
1800,27,0.9177631724,2.029639225
1800,27.05,0.9178104464,2.029739321
1800,27.1,0.9178578238,2.029839712
1800,27.15,0.9179053049,2.0299404
1800,27.2,0.9179528897,2.030041385
1800,27.25,0.9180005786,2.030142668
1800,27.3,0.9180483716,2.03024425
1800,27.35,0.9180962688,2.030346131
1800,27.4,0.9181442705,2.030448312
1800,27.45,0.9181923768,2.030550794
1800,27.5,0.9182405878,2.030653577
1800,27.55,0.9182889038,2.030756662
1800,27.6,0.9183373248,2.030860051
1800,27.65,0.918385851,2.030963743
1800,27.7,0.9184344826,2.03106774
1800,27.75,0.9184832197,2.031172041
1800,27.8,0.9185320625,2.031276649
1800,27.85,0.9185810112,2.031381563
1800,27.9,0.9186300659,2.031486785
1800,27.95,0.9186792267,2.031592315
1800,28,0.9187284939,2.031698154
1800,28.05,0.9187778675,2.031804302
1800,28.1,0.9188273478,2.031910761
1800,28.15,0.9188769349,2.032017531
1800,28.2,0.9189266289,2.032124613
1800,28.25,0.91897643,2.032232008
1800,28.3,0.9190263384,2.032339716
1800,28.35,0.9190763542,2.032447738
1800,28.4,0.9191264776,2.032556075
1800,28.45,0.9191767087,2.032664727
1800,28.5,0.9192270477,2.032773696
1800,28.55,0.9192774947,2.032882983
1800,28.6,0.91932805,2.032992587
1800,28.65,0.9193787136,2.03310251
1800,28.7,0.9194294858,2.033212752
1800,28.75,0.9194803666,2.033323314
1800,28.8,0.9195313562,2.033434198
1800,28.85,0.9195824549,2.033545403
1800,28.9,0.9196336627,2.033656931
1800,28.95,0.9196849798,2.033768782
1800,29,0.9197364064,2.033880957
1800,29.05,0.9197879426,2.033993457
1800,29.1,0.9198395885,2.034106283
1800,29.15,0.9198913444,2.034219435
1800,29.2,0.9199432105,2.034332914
1800,29.25,0.9199951867,2.034446721
1800,29.3,0.9200472734,2.034560857
1800,29.35,0.9200994706,2.034675323
1800,29.4,0.9201517785,2.034790118
1800,29.45,0.9202041974,2.034905245
1800,29.5,0.9202567272,2.035020704
1800,29.55,0.9203093683,2.035136495
1800,29.6,0.9203621207,2.03525262
1800,29.65,0.9204149846,2.035369078
1800,29.7,0.9204679602,2.035485872
1800,29.75,0.9205210476,2.035603002
1800,29.8,0.920574247,2.035720468
1800,29.85,0.9206275586,2.035838272
1800,29.9,0.9206809824,2.035956414
1800,29.95,0.9207345187,2.036074894
1800,30,0.9207881675,2.036193715
1800,30.05,0.9208419292,2.036312876
1800,30.1,0.9208958038,2.036432379
1800,30.15,0.9209497914,2.036552223
1800,30.2,0.9210038923,2.036672411
1800,30.25,0.9210581066,2.036792943
1800,30.3,0.9211124344,2.036913819
1800,30.35,0.921166876,2.03703504
1800,30.4,0.9212214314,2.037156608
1800,30.45,0.9212761008,2.037278522
1800,30.5,0.9213308845,2.037400785
1800,30.55,0.9213857824,2.037523396
1800,30.6,0.9214407949,2.037646357
1800,30.65,0.9214959219,2.037769667
1800,30.7,0.9215511639,2.037893329
1800,30.75,0.9216065207,2.038017343
1800,30.8,0.9216619927,2.03814171
1800,30.85,0.92171758,2.03826643
1800,30.9,0.9217732827,2.038391504
1800,30.95,0.921829101,2.038516934
1800,31,0.921885035,2.03864272
1800,31.05,0.9219410849,2.038768862
1800,31.1,0.9219972509,2.038895363
1800,31.15,0.9220535332,2.039022221
1800,31.2,0.9221099318,2.039149439
1800,31.25,0.9221664469,2.039277017
1800,31.3,0.9222230787,2.039404957
1800,31.35,0.9222798273,2.039533258
1800,31.4,0.922336693,2.039661921
1800,31.45,0.9223936758,2.039790949
1800,31.5,0.9224507759,2.03992034
1800,31.55,0.9225079935,2.040050097
1800,31.6,0.9225653287,2.04018022
1800,31.65,0.9226227817,2.040310709
1800,31.7,0.9226803527,2.040441567
1800,31.75,0.9227380417,2.040572793
1800,31.8,0.922795849,2.040704388
1800,31.85,0.9228537746,2.040836353
1800,31.9,0.9229118189,2.04096869
1800,31.95,0.9229699818,2.041101399
1800,32,0.9230282637,2.04123448
1800,32.05,0.9230866645,2.041367935
1800,32.1,0.9231451846,2.041501765
1800,32.15,0.923203824,2.04163597
1800,32.2,0.9232625828,2.041770551
1800,32.25,0.9233214614,2.041905509
1800,32.3,0.9233804597,2.042040846
1800,32.35,0.923439578,2.042176561
1800,32.4,0.9234988164,2.042312655
1800,32.45,0.9235581751,2.042449131
1800,32.5,0.9236176542,2.042585987
1800,32.55,0.9236772539,2.042723226
1800,32.6,0.9237369744,2.042860848
1800,32.65,0.9237968157,2.042998855
1800,32.7,0.9238567781,2.043137246
1800,32.75,0.9239168617,2.043276022
1800,32.8,0.9239770666,2.043415186
1800,32.85,0.9240373931,2.043554737
1800,32.9,0.9240978412,2.043694676
1800,32.95,0.9241584111,2.043835005
1800,33,0.9242191031,2.043975723
1800,33.05,0.9242799171,2.044116833
1800,33.1,0.9243408535,2.044258335
1800,33.15,0.9244019123,2.044400229
1800,33.2,0.9244630936,2.044542518
1800,33.25,0.9245243978,2.0446852
1800,33.3,0.9245858248,2.044828279
1800,33.35,0.9246473749,2.044971753
1800,33.4,0.9247090482,2.045115625
1800,33.45,0.9247708449,2.045259895
1800,33.5,0.9248327651,2.045404564
1800,33.55,0.924894809,2.045549633
1800,33.6,0.9249569767,2.045695103
1800,33.65,0.9250192683,2.045840974
1800,33.7,0.9250816841,2.045987248
1800,33.75,0.9251442242,2.046133926
1800,33.8,0.9252068888,2.046281008
1800,33.85,0.9252696779,2.046428495
1800,33.9,0.9253325918,2.046576389
1800,33.95,0.9253956306,2.04672469
1800,34,0.9254587945,2.046873398
1800,34.05,0.9255220835,2.047022516
1800,34.1,0.9255854979,2.047172044
1800,34.15,0.9256490379,2.047321982
1800,34.2,0.9257127035,2.047472332
1800,34.25,0.9257764949,2.047623095
1800,34.3,0.9258404123,2.047774271
1800,34.35,0.9259044558,2.047925862
1800,34.4,0.9259686256,2.048077868
1800,34.45,0.9260329218,2.048230291
1800,34.5,0.9260973446,2.04838313
1800,34.55,0.9261618941,2.048536388
1800,34.6,0.9262265705,2.048690065
1800,34.65,0.926291374,2.048844162
1800,34.7,0.9263563046,2.04899868
1800,34.75,0.9264213626,2.049153619
1800,34.8,0.9264865481,2.049308982
1800,34.85,0.9265518612,2.049464768
1800,34.9,0.9266173021,2.049620978
1800,34.95,0.9266828709,2.049777615
1800,35,0.9267485679,2.049934678
1800,35.05,0.9268143931,2.050092168
1800,35.1,0.9268803467,2.050250087
1800,35.15,0.9269464289,2.050408435
1800,35.2,0.9270126397,2.050567213
1800,35.25,0.9270789794,2.050726423
1800,35.3,0.9271454481,2.050886065
1800,35.35,0.927212046,2.051046139
1800,35.4,0.9272787731,2.051206648
1800,35.45,0.9273456298,2.051367592
1800,35.5,0.927412616,2.051528972
1800,35.55,0.9274797319,2.051690789
1800,35.6,0.9275469778,2.051853044
1800,35.65,0.9276143537,2.052015738
1800,35.7,0.9276818598,2.052178871
1800,35.75,0.9277494963,2.052342445
1800,35.8,0.9278172633,2.052506461
1800,35.85,0.9278851609,2.052670919
1800,35.9,0.9279531893,2.052835822
1800,35.95,0.9280213487,2.053001168
1800,36,0.9280896392,2.053166961
1800,36.05,0.9281580609,2.0533332
1800,36.1,0.928226614,2.053499886
1800,36.15,0.9282952986,2.053667021
1800,36.2,0.928364115,2.053834605
1800,36.25,0.9284330631,2.05400264
1800,36.3,0.9285021433,2.054171126
1800,36.35,0.9285713556,2.054340064
1800,36.4,0.9286407001,2.054509456
1800,36.45,0.9287101771,2.054679302
1800,36.5,0.9287797867,2.054849603
1800,36.55,0.928849529,2.055020361
1800,36.6,0.9289194042,2.055191576
1800,36.65,0.9289894124,2.055363249
1800,36.7,0.9290595537,2.055535381
1800,36.75,0.9291298284,2.055707974
1800,36.8,0.9292002365,2.055881028
1800,36.85,0.9292707782,2.056054544
1800,36.9,0.9293414537,2.056228523
1800,36.95,0.9294122631,2.056402967
1800,37,0.9294832065,2.056577875
1800,37.05,0.9295542841,2.05675325
1800,37.1,0.9296254961,2.056929092
1800,37.15,0.9296968425,2.057105402
1800,37.2,0.9297683235,2.057282182
1800,37.25,0.9298399394,2.057459431
1800,37.3,0.9299116901,2.057637152
1800,37.35,0.9299835759,2.057815345
1800,37.4,0.9300555969,2.057994011
1800,37.45,0.9301277532,2.058173151
1800,37.5,0.9302000451,2.058352766
1800,37.55,0.9302724726,2.058532858
1800,37.6,0.9303450358,2.058713427
1800,37.65,0.930417735,2.058894474
1800,37.7,0.9304905703,2.059076001
1800,37.75,0.9305635418,2.059258007
1800,37.8,0.9306366496,2.059440495
1800,37.85,0.9307098939,2.059623466
1800,37.9,0.9307832749,2.059806919
1800,37.95,0.9308567927,2.059990857
1800,38,0.9309304474,2.060175281
1800,38.05,0.9310042392,2.06036019
1800,38.1,0.9310781681,2.060545588
1800,38.15,0.9311522345,2.060731473
1800,38.2,0.9312264383,2.060917849
1800,38.25,0.9313007798,2.061104714
1800,38.3,0.9313752591,2.061292072
1800,38.35,0.9314498763,2.061479921
1800,38.4,0.9315246315,2.061668265
1800,38.45,0.931599525,2.061857103
1800,38.5,0.9316745568,2.062046437
1800,38.55,0.9317497271,2.062236267
1800,38.6,0.931825036,2.062426596
1800,38.65,0.9319004837,2.062617423
1800,38.7,0.9319760703,2.06280875
1800,38.75,0.932051796,2.063000578
1800,38.8,0.9321276609,2.063192908
1800,38.85,0.932203665,2.063385741
1800,38.9,0.9322798087,2.063579078
1800,38.95,0.9323560919,2.06377292
1800,39,0.9324325149,2.063967268
1800,39.05,0.9325090778,2.064162124
1800,39.1,0.9325857808,2.064357488
1800,39.15,0.9326626238,2.064553361
1800,39.2,0.9327396072,2.064749745
1800,39.25,0.932816731,2.06494664
1800,39.3,0.9328939954,2.065144047
1800,39.35,0.9329714006,2.065341968
1800,39.4,0.9330489465,2.065540404
1800,39.45,0.9331266335,2.065739355
1800,39.5,0.9332044616,2.065938824
1800,39.55,0.9332824309,2.06613881
1800,39.6,0.9333605417,2.066339315
1800,39.65,0.933438794,2.06654034
1800,39.7,0.933517188,2.066741886
1800,39.75,0.9335957237,2.066943954
1800,39.8,0.9336744015,2.067146546
1800,39.85,0.9337532213,2.067349661
1800,39.9,0.9338321833,2.067553302
1800,39.95,0.9339112877,2.06775747
1800,40,0.9339905345,2.067962165
1800,40.05,0.934069924,2.068167389
1800,40.1,0.9341494563,2.068373143
1800,40.15,0.9342291314,2.068579427
1800,40.2,0.9343089496,2.068786243
1800,40.25,0.9343889109,2.068993592
1800,40.3,0.9344690155,2.069201475
1800,40.35,0.9345492635,2.069409894
1800,40.4,0.9346296551,2.069618849
1800,40.45,0.9347101904,2.069828341
1800,40.5,0.9347908695,2.070038371
1800,40.55,0.9348716926,2.070248941
1800,40.6,0.9349526597,2.070460052
1800,40.65,0.9350337711,2.070671704
1800,40.7,0.9351150269,2.0708839
1800,40.75,0.9351964271,2.071096639
1800,40.8,0.9352779719,2.071309923
1800,40.85,0.9353596615,2.071523754
1800,40.9,0.935441496,2.071738132
1800,40.95,0.9355234754,2.071953058
1800,41,0.9356056001,2.072168534
1800,41.05,0.9356878699,2.07238456
1800,41.1,0.9357702852,2.072601138
1800,41.15,0.935852846,2.072818269
1800,41.2,0.9359355525,2.073035954
1800,41.25,0.9360184048,2.073254194
1800,41.3,0.9361014029,2.073472991
1800,41.35,0.9361845472,2.073692344
1800,41.4,0.9362678376,2.073912256
1800,41.45,0.9363512742,2.074132728
1800,41.5,0.9364348574,2.074353761
1800,41.55,0.9365185871,2.074575355
1800,41.6,0.9366024634,2.074797512
1800,41.65,0.9366864866,2.075020234
1800,41.7,0.9367706567,2.07524352
1800,41.75,0.9368549739,2.075467373
1800,41.8,0.9369394383,2.075691794
1800,41.85,0.93702405,2.075916783
1800,41.9,0.9371088091,2.076142342
1800,41.95,0.9371937158,2.076368472
1800,42,0.9372787702,2.076595174
1800,42.05,0.9373639724,2.076822449
1800,42.1,0.9374493226,2.077050299
1800,42.15,0.9375348208,2.077278724
1800,42.2,0.9376204673,2.077507726
1800,42.25,0.937706262,2.077737306
1800,42.3,0.9377922052,2.077967464
1800,42.35,0.937878297,2.078198203
1800,42.4,0.9379645374,2.078429523
1800,42.45,0.9380509266,2.078661426
1800,42.5,0.9381374648,2.078893912
1800,42.55,0.9382241521,2.079126982
1800,42.6,0.9383109885,2.079360639
1800,42.65,0.9383979742,2.079594883
1800,42.7,0.9384851093,2.079829715
1800,42.75,0.938572394,2.080065136
1800,42.8,0.9386598283,2.080301148
1800,42.85,0.9387474125,2.080537752
1800,42.9,0.9388351465,2.080774949
1800,42.95,0.9389230305,2.081012739
1800,43,0.9390110647,2.081251125
1800,43.05,0.9390992492,2.081490108
1800,43.1,0.939187584,2.081729688
1800,43.15,0.9392760693,2.081969866
1800,43.2,0.9393647053,2.082210645
1800,43.25,0.939453492,2.082452025
1800,43.3,0.9395424295,2.082694007
1800,43.35,0.939631518,2.082936593
1800,43.4,0.9397207576,2.083179783
1800,43.45,0.9398101485,2.083423579
1800,43.5,0.9398996906,2.083667983
1800,43.55,0.9399893842,2.083912994
1800,43.6,0.9400792293,2.084158615
1800,43.65,0.9401692261,2.084404847
1800,43.7,0.9402593747,2.08465169
1800,43.75,0.9403496752,2.084899147
1800,43.8,0.9404401277,2.085147217
1800,43.85,0.9405307324,2.085395903
1800,43.9,0.9406214893,2.085645206
1800,43.95,0.9407123985,2.085895127
1800,44,0.9408034603,2.086145666
1800,44.05,0.9408946746,2.086396826
1800,44.1,0.9409860416,2.086648607
1800,44.15,0.9410775614,2.086901011
1800,44.2,0.9411692342,2.087154038
1800,44.25,0.94126106,2.087407691
1800,44.3,0.941353039,2.08766197
1800,44.35,0.9414451712,2.087916876
1800,44.4,0.9415374568,2.088172411
1800,44.45,0.9416298958,2.088428576
1800,44.5,0.9417224885,2.088685373
1800,44.55,0.9418152348,2.088942801
1800,44.6,0.941908135,2.089200863
1800,44.65,0.9420011891,2.08945956
1800,44.7,0.9420943972,2.089718893
1800,44.75,0.9421877595,2.089978863
1800,44.8,0.942281276,2.090239472
1800,44.85,0.9423749469,2.09050072
1800,44.9,0.9424687722,2.090762609
1800,44.95,0.9425627522,2.09102514
1800,45,0.9426568867,2.091288315
1800,45.05,0.9427511761,2.091552134
1800,45.1,0.9428456204,2.091816599
1800,45.15,0.9429402197,2.092081712
1800,45.2,0.943034974,2.092347472
1800,45.25,0.9431298836,2.092613883
1800,45.3,0.9432249485,2.092880943
1800,45.35,0.9433201688,2.093148657
1800,45.4,0.9434155447,2.093417023
1800,45.45,0.9435110761,2.093686044
1800,45.5,0.9436067633,2.09395572
1800,45.55,0.9437026064,2.094226054
1800,45.6,0.9437986053,2.094497046
1800,45.65,0.9438947603,2.094768698
1800,45.7,0.9439910715,2.09504101
1800,45.75,0.9440875389,2.095313985
1800,45.8,0.9441841626,2.095587622
1800,45.85,0.9442809428,2.095861925
1800,45.9,0.9443778795,2.096136893
1800,45.95,0.9444749729,2.096412528
1800,46,0.944572223,2.096688832
1800,46.05,0.94466963,2.096965805
1800,46.1,0.9447671939,2.097243449
1800,46.15,0.9448649149,2.097521765
1800,46.2,0.944962793,2.097800755
1800,46.25,0.9450608283,2.098080419
1800,46.3,0.945159021,2.098360759
1800,46.35,0.9452573711,2.098641777
1800,46.4,0.9453558788,2.098923473
1800,46.45,0.9454545441,2.099205849
1800,46.5,0.9455533671,2.099488906
1800,46.55,0.9456523479,2.099772645
1800,46.6,0.9457514867,2.100057068
1800,46.65,0.9458507834,2.100342176
1800,46.7,0.9459502383,2.10062797
1800,46.75,0.9460498513,2.100914451
1800,46.8,0.9461496227,2.101201621
1800,46.85,0.9462495525,2.101489482
1800,46.9,0.9463496407,2.101778033
1800,46.95,0.9464498875,2.102067278
1800,47,0.946550293,2.102357216
1800,47.05,0.9466508572,2.102647849
1800,47.1,0.9467515803,2.102939179
1800,47.15,0.9468524623,2.103231207
1800,47.2,0.9469535034,2.103523934
1800,47.25,0.9470547036,2.103817361
1800,47.3,0.947156063,2.10411149
1800,47.35,0.9472575817,2.104406322
1800,47.4,0.9473592597,2.104701858
1800,47.45,0.9474610973,2.1049981
1800,47.5,0.9475630945,2.105295049
1800,47.55,0.9476652512,2.105592706
1800,47.6,0.9477675678,2.105891073
1800,47.65,0.9478700442,2.10619015
1800,47.7,0.9479726804,2.10648994
1800,47.75,0.9480754767,2.106790443
1800,47.8,0.9481784331,2.107091661
1800,47.85,0.9482815497,2.107393596
1800,47.9,0.9483848265,2.107696247
1800,47.95,0.9484882637,2.107999618
1800,48,0.9485918612,2.108303708
1800,48.05,0.9486956193,2.10860852
1800,48.1,0.948799538,2.108914055
1800,48.15,0.9489036174,2.109220313
1800,48.2,0.9490078576,2.109527297
1800,48.25,0.9491122586,2.109835008
1800,48.3,0.9492168205,2.110143447
1800,48.35,0.9493215434,2.110452616
1800,48.4,0.9494264274,2.110762515
1800,48.45,0.9495314726,2.111073146
1800,48.5,0.949636679,2.11138451
1800,48.55,0.9497420467,2.11169661
1800,48.6,0.9498475759,2.112009445
1800,48.65,0.9499532665,2.112323018
1800,48.7,0.9500591187,2.112637329
1800,48.75,0.9501651326,2.112952381
1800,48.8,0.9502713082,2.113268174
1800,48.85,0.9503776455,2.11358471
1800,48.9,0.9504841447,2.11390199
1800,48.95,0.9505908059,2.114220016
1800,49,0.9506976291,2.114538788
1800,49.05,0.9508046144,2.114858309
1800,49.1,0.9509117619,2.115178579
1800,49.15,0.9510190716,2.1154996
1800,49.2,0.9511265437,2.115821374
1800,49.25,0.9512341781,2.116143901
1800,49.3,0.951341975,2.116467183
1800,49.35,0.9514499345,2.116791221
1800,49.4,0.9515580565,2.117116018
1800,49.45,0.9516663412,2.117441573
1800,49.5,0.9517747887,2.117767889
1800,49.55,0.9518833991,2.118094967
1800,49.6,0.9519921723,2.118422807
1800,49.65,0.9521011084,2.118751413
1800,49.7,0.9522102076,2.119080784
1800,49.75,0.95231947,2.119410923
1800,49.8,0.9524288954,2.11974183
1800,49.85,0.9525384842,2.120073508
1800,49.9,0.9526482362,2.120405957
1800,49.95,0.9527581516,2.120739179
1800,50,0.9528682304,2.121073175
1800,50.05,0.9529784727,2.121407946
1800,50.1,0.9530888787,2.121743495
1800,50.15,0.9531994482,2.122079822
1800,50.2,0.9533101814,2.122416929
1800,50.25,0.9534210784,2.122754816
1800,50.3,0.9535321393,2.123093487
1800,50.35,0.953643364,2.123432941
1800,50.4,0.9537547527,2.123773181
1800,50.45,0.9538663054,2.124114207
1800,50.5,0.9539780221,2.124456022
1800,50.55,0.954089903,2.124798626
1800,50.6,0.9542019481,2.125142021
1800,50.65,0.9543141575,2.125486208
1800,50.7,0.9544265311,2.125831189
1800,50.75,0.9545390692,2.126176966
1800,50.8,0.9546517717,2.126523538
1800,50.85,0.9547646386,2.126870909
1800,50.9,0.9548776702,2.127219079
1800,50.95,0.9549908663,2.12756805
1800,51,0.9551042271,2.127917823
1800,51.05,0.9552177526,2.128268399
1800,51.1,0.9553314429,2.128619781
1800,51.15,0.955445298,2.128971969
1800,51.2,0.955559318,2.129324964
1800,51.25,0.955673503,2.129678769
1800,51.3,0.9557878529,2.130033385
1800,51.35,0.9559023679,2.130388813
1800,51.4,0.956017048,2.130745054
1800,51.45,0.9561318932,2.13110211
1800,51.5,0.9562469037,2.131459983
1800,51.55,0.9563620794,2.131818673
1800,51.6,0.9564774204,2.132178182
1800,51.65,0.9565929267,2.132538513
1800,51.7,0.9567085985,2.132899665
1800,51.75,0.9568244357,2.133261641
1800,51.8,0.9569404384,2.133624441
1800,51.85,0.9570566067,2.133988068
1800,51.9,0.9571729406,2.134352523
1800,51.95,0.9572894401,2.134717808
1800,52,0.9574061053,2.135083922
1800,52.05,0.9575229362,2.135450869
1800,52.1,0.9576399329,2.13581865
1800,52.15,0.9577570954,2.136187266
1800,52.2,0.9578744239,2.136556718
1800,52.25,0.9579919182,2.136927008
1800,52.3,0.9581095785,2.137298137
1800,52.35,0.9582274047,2.137670107
1800,52.4,0.9583453971,2.13804292
1800,52.45,0.9584635555,2.138416576
1800,52.5,0.95858188,2.138791077
1800,52.55,0.9587003707,2.139166425
1800,52.6,0.9588190276,2.139542621
1800,52.65,0.9589378508,2.139919667
1800,52.7,0.9590568402,2.140297563
1800,52.75,0.9591759959,2.140676312
1800,52.8,0.9592953181,2.141055915
1800,52.85,0.9594148066,2.141436374
1800,52.9,0.9595344615,2.141817689
1800,52.95,0.9596542829,2.142199863
1800,53,0.9597742709,2.142582896
1800,53.05,0.9598944253,2.142966791
1800,53.1,0.9600147464,2.143351548
1800,53.15,0.960135234,2.14373717
1800,53.2,0.9602558883,2.144123657
1800,53.25,0.9603767093,2.144511011
1800,53.3,0.960497697,2.144899234
1800,53.35,0.9606188514,2.145288327
1800,53.4,0.9607401726,2.145678292
1800,53.45,0.9608616606,2.14606913
1800,53.5,0.9609833154,2.146460842
1800,53.55,0.9611051371,2.146853431
1800,53.6,0.9612271256,2.147246897
1800,53.65,0.9613492811,2.147641242
1800,53.7,0.9614716036,2.148036467
1800,53.75,0.961594093,2.148432575
1800,53.8,0.9617167494,2.148829566
1800,53.85,0.9618395728,2.149227442
1800,53.9,0.9619625633,2.149626204
1800,53.95,0.9620857209,2.150025854
1800,54,0.9622090456,2.150426394
1800,54.05,0.9623325374,2.150827825
1800,54.1,0.9624561963,2.151230148
1800,54.15,0.9625800224,2.151633365
1800,54.2,0.9627040158,2.152037478
1800,54.25,0.9628281763,2.152442487
1800,54.3,0.962952504,2.152848395
1800,54.35,0.9630769991,2.153255203
1800,54.4,0.9632016613,2.153662913
1800,54.45,0.9633264909,2.154071525
1800,54.5,0.9634514878,2.154481042
1800,54.55,0.9635766521,2.154891465
1800,54.6,0.9637019836,2.155302796
1800,54.65,0.9638274826,2.155715035
1800,54.7,0.9639531489,2.156128185
1800,54.75,0.9640789826,2.156542248
1800,54.8,0.9642049838,2.156957223
1800,54.85,0.9643311523,2.157373114
1800,54.9,0.9644574884,2.157789921
1800,54.95,0.9645839918,2.158207647
1800,55,0.9647106627,2.158626292
1800,55.05,0.9648375011,2.159045859
1800,55.1,0.964964507,2.159466348
1800,55.15,0.9650916804,2.159887761
1800,55.2,0.9652190213,2.1603101
1800,55.25,0.9653465298,2.160733367
1800,55.3,0.9654742057,2.161157562
1800,55.35,0.9656020492,2.161582688
1800,55.4,0.9657300602,2.162008746
1800,55.45,0.9658582388,2.162435737
1800,55.5,0.965986585,2.162863663
1800,55.55,0.9661150987,2.163292525
1800,55.6,0.96624378,2.163722326
1800,55.65,0.9663726288,2.164153066
1800,55.7,0.9665016453,2.164584747
1800,55.75,0.9666308293,2.165017371
1800,55.8,0.9667601809,2.165450939
1800,55.85,0.9668897001,2.165885453
1800,55.9,0.9670193869,2.166320915
1800,55.95,0.9671492413,2.166757325
1800,56,0.9672792632,2.167194685
1800,56.05,0.9674094528,2.167632998
1800,56.1,0.9675398099,2.168072264
1800,56.15,0.9676703346,2.168512485
1800,56.2,0.967801027,2.168953663
1800,56.25,0.9679318869,2.169395799
1800,56.3,0.9680629144,2.169838894
1800,56.35,0.9681941094,2.170282951
1800,56.4,0.968325472,2.170727971
1800,56.45,0.9684570022,2.171173955
1800,56.5,0.9685887,2.171620906
1800,56.55,0.9687205653,2.172068823
1800,56.6,0.9688525981,2.17251771
1800,56.65,0.9689847985,2.172967568
1800,56.7,0.9691171665,2.173418398
1800,56.75,0.9692497019,2.173870201
1800,56.8,0.9693824048,2.17432298
1800,56.85,0.9695152753,2.174776736
1800,56.9,0.9696483132,2.175231471
1800,56.95,0.9697815186,2.175687185
1800,57,0.9699148915,2.176143882
1800,57.05,0.9700484319,2.176601561
1800,57.1,0.9701821396,2.177060225
1800,57.15,0.9703160148,2.177519876
1800,57.2,0.9704500574,2.177980515
1800,57.25,0.9705842674,2.178442143
1800,57.3,0.9707186448,2.178904763
1800,57.35,0.9708531895,2.179368375
1800,57.4,0.9709879016,2.179832982
1800,57.45,0.971122781,2.180298584
1800,57.5,0.9712578277,2.180765184
1800,57.55,0.9713930417,2.181232783
1800,57.6,0.971528423,2.181701383
1800,57.65,0.9716639715,2.182170985
1800,57.7,0.9717996872,2.182641591
1800,57.75,0.9719355701,2.183113202
1800,57.8,0.9720716202,2.183585821
1800,57.85,0.9722078375,2.184059448
1800,57.9,0.9723442219,2.184534085
1800,57.95,0.9724807734,2.185009734
1800,58,0.9726174919,2.185486397
1800,58.05,0.9727543775,2.185964074
1800,58.1,0.9728914302,2.186442768
1800,58.15,0.9730286498,2.186922481
1800,58.2,0.9731660365,2.187403213
1800,58.25,0.97330359,2.187884967
1800,58.3,0.9734413105,2.188367744
1800,58.35,0.9735791978,2.188851545
1800,58.4,0.973717252,2.189336373
1800,58.45,0.9738554731,2.189822229
1800,58.5,0.9739938609,2.190309114
1800,58.55,0.9741324154,2.190797031
1800,58.6,0.9742711367,2.19128598
1800,58.65,0.9744100247,2.191775963
1800,58.7,0.9745490793,2.192266982
1800,58.75,0.9746883005,2.192759039
1800,58.8,0.9748276883,2.193252135
1800,58.85,0.9749672427,2.193746272
1800,58.9,0.9751069635,2.194241452
1800,58.95,0.9752468508,2.194737675
1800,59,0.9753869046,2.195234944
1800,59.05,0.9755271247,2.195733261
1800,59.1,0.9756675112,2.196232626
1800,59.15,0.9758080639,2.196733042
1800,59.2,0.975948783,2.19723451
1800,59.25,0.9760896682,2.197737032
1800,59.3,0.9762307197,2.198240609
1800,59.35,0.9763719372,2.198745244
1800,59.4,0.9765133209,2.199250937
1800,59.45,0.9766548705,2.19975769
1800,59.5,0.9767965862,2.200265505
1800,59.55,0.9769384678,2.200774384
1800,59.6,0.9770805154,2.201284329
1800,59.65,0.9772227287,2.20179534
1800,59.7,0.9773651079,2.202307419
1800,59.75,0.9775076528,2.202820569
1800,59.8,0.9776503635,2.203334791
1800,59.85,0.9777932398,2.203850086
1800,59.9,0.9779362816,2.204366456
1800,59.95,0.9780794891,2.204883903
1800,60,0.978222862,2.205402428
1800,60.05,0.9783664004,2.205922033
1800,60.1,0.9785101041,2.20644272
1800,60.15,0.9786539732,2.20696449
1800,60.2,0.9787980075,2.207487345
1800,60.25,0.9789422071,2.208011287
1800,60.3,0.9790865718,2.208536316
1800,60.35,0.9792311016,2.209062436
1800,60.4,0.9793757965,2.209589648
1800,60.45,0.9795206563,2.210117952
1800,60.5,0.9796656811,2.210647352
1800,60.55,0.9798108707,2.211177848
1800,60.6,0.9799562251,2.211709442
1800,60.65,0.9801017443,2.212242136
1800,60.7,0.9802474281,2.212775931
1800,60.75,0.9803932765,2.21331083
1800,60.8,0.9805392895,2.213846833
1800,60.85,0.9806854669,2.214383943
1800,60.9,0.9808318088,2.214922161
1800,60.95,0.980978315,2.215461489
1800,61,0.9811249855,2.216001928
1800,61.05,0.9812718201,2.216543481
1800,61.1,0.981418819,2.217086148
1800,61.15,0.9815659818,2.217629932
1800,61.2,0.9817133087,2.218174834
1800,61.25,0.9818607995,2.218720855
1800,61.3,0.9820084542,2.219267998
1800,61.35,0.9821562726,2.219816265
1800,61.4,0.9823042548,2.220365656
1800,61.45,0.9824524005,2.220916173
1800,61.5,0.9826007099,2.221467819
1800,61.55,0.9827491827,2.222020594
1800,61.6,0.9828978189,2.222574501
1800,61.65,0.9830466184,2.223129542
1800,61.7,0.9831955812,2.223685717
1800,61.75,0.9833447072,2.224243028
1800,61.8,0.9834939962,2.224801478
1800,61.85,0.9836434483,2.225361068
1800,61.9,0.9837930632,2.225921799
1800,61.95,0.9839428411,2.226483674
1800,62,0.9840927817,2.227046694
1800,62.05,0.9842428849,2.22761086
1800,62.1,0.9843931508,2.228176174
1800,62.15,0.9845435792,2.228742639
1800,62.2,0.98469417,2.229310255
1800,62.25,0.9848449231,2.229879024
1800,62.3,0.9849958385,2.230448949
1800,62.35,0.985146916,2.23102003
1800,62.4,0.9852981556,2.23159227
1800,62.45,0.9854495572,2.23216567
1800,62.5,0.9856011207,2.232740232
1800,62.55,0.9857528461,2.233315957
1800,62.6,0.9859047331,2.233892848
1800,62.65,0.9860567817,2.234470905
1800,62.7,0.9862089919,2.235050131
1800,62.75,0.9863613634,2.235630527
1800,62.8,0.9865138964,2.236212095
1800,62.85,0.9866665905,2.236794837
1800,62.9,0.9868194458,2.237378754
1800,62.95,0.9869724622,2.237963849
1800,63,0.9871256395,2.238550122
1800,63.05,0.9872789777,2.239137575
1800,63.1,0.9874324766,2.239726211
1800,63.15,0.9875861361,2.240316031
1800,63.2,0.9877399562,2.240907036
1800,63.25,0.9878939368,2.241499228
1800,63.3,0.9880480777,2.24209261
1800,63.35,0.9882023788,2.242687182
1800,63.4,0.9883568401,2.243282946
1800,63.45,0.9885114614,2.243879905
1800,63.5,0.9886662426,2.244478059
1800,63.55,0.9888211837,2.245077411
1800,63.6,0.9889762845,2.245677962
1800,63.65,0.9891315448,2.246279714
1800,63.7,0.9892869647,2.246882669
1800,63.75,0.989442544,2.247486828
1800,63.8,0.9895982825,2.248092193
1800,63.85,0.9897541802,2.248698765
1800,63.9,0.9899102369,2.249306547
1800,63.95,0.9900664526,2.249915541
1800,64,0.9902228271,2.250525747
1800,64.05,0.9903793604,2.251137168
1800,64.1,0.9905360522,2.251749805
1800,64.15,0.9906929025,2.25236366
1800,64.2,0.9908499112,2.252978735
1800,64.25,0.9910070781,2.253595031
1800,64.3,0.9911644031,2.254212551
1800,64.35,0.9913218862,2.254831295
1800,64.4,0.9914795271,2.255451266
1800,64.45,0.9916373258,2.256072466
1800,64.5,0.9917952822,2.256694895
1800,64.55,0.9919533961,2.257318556
1800,64.6,0.9921116673,2.257943451
1800,64.65,0.9922700959,2.258569581
1800,64.7,0.9924286816,2.259196947
1800,64.75,0.9925874244,2.259825553
1800,64.8,0.992746324,2.260455399
1800,64.85,0.9929053804,2.261086486
1800,64.9,0.9930645935,2.261718818
1800,64.95,0.9932239631,2.262352395
1800,65,0.9933834891,2.262987219
1800,65.05,0.9935431713,2.263623293
1800,65.1,0.9937030097,2.264260617
1800,65.15,0.993863004,2.264899193
1800,65.2,0.9940231542,2.265539024
1800,65.25,0.9941834602,2.26618011
1800,65.3,0.9943439217,2.266822454
1800,65.35,0.9945045387,2.267466058
1800,65.4,0.994665311,2.268110922
1800,65.45,0.9948262386,2.268757049
1800,65.5,0.9949873211,2.269404441
1800,65.55,0.9951485586,2.270053099
1800,65.6,0.9953099508,2.270703025
1800,65.65,0.9954714977,2.27135422
1800,65.7,0.9956331991,2.272006687
1800,65.75,0.9957950548,2.272660427
1800,65.8,0.9959570647,2.273315442
1800,65.85,0.9961192287,2.273971733
1800,65.9,0.9962815466,2.274629303
1800,65.95,0.9964440183,2.275288153
1800,66,0.9966066436,2.275948285
1800,66.05,0.9967694224,2.2766097
1800,66.1,0.9969323546,2.277272401
1800,66.15,0.9970954399,2.277936388
1800,66.2,0.9972586783,2.278601664
1800,66.25,0.9974220695,2.279268231
1800,66.3,0.9975856135,2.279936089
1800,66.35,0.9977493101,2.280605242
1800,66.4,0.9979131591,2.28127569
1800,66.45,0.9980771604,2.281947436
1800,66.5,0.9982413138,2.282620481
1800,66.55,0.9984056192,2.283294826
1800,66.6,0.9985700764,2.283970475
1800,66.65,0.9987346853,2.284647427
1800,66.7,0.9988994457,2.285325686
1800,66.75,0.9990643574,2.286005252
1800,66.8,0.9992294203,2.286686128
1800,66.85,0.9993946343,2.287368315
1800,66.9,0.9995599991,2.288051815
1800,66.95,0.9997255146,2.288736629
1800,67,0.9998911807,2.289422761
1800,67.05,1.000056997,2.29011021
1800,67.1,1.000222964,2.290798979
1800,67.15,1.00038908,2.29148907
1800,67.2,1.000555347,2.292180484
1800,67.25,1.000721763,2.292873224
1800,67.3,1.000888329,2.29356729
1800,67.35,1.001055045,2.294262685
1800,67.4,1.001221909,2.29495941
1800,67.45,1.001388923,2.295657467
1800,67.5,1.001556085,2.296356858
1800,67.55,1.001723396,2.297057585
1800,67.6,1.001890856,2.297759649
1800,67.65,1.002058464,2.298463051
1800,67.7,1.00222622,2.299167795
1800,67.75,1.002394124,2.299873881
1800,67.8,1.002562176,2.300581311
1800,67.85,1.002730376,2.301290087
1800,67.9,1.002898723,2.302000211
1800,67.95,1.003067218,2.302711684
1800,68,1.003235859,2.303424509
1800,68.05,1.003404648,2.304138686
1800,68.1,1.003573583,2.304854218
1800,68.15,1.003742665,2.305571106
1800,68.2,1.003911893,2.306289352
1800,68.25,1.004081268,2.307008958
1800,68.3,1.004250789,2.307729926
1800,68.35,1.004420455,2.308452257
1800,68.4,1.004590267,2.309175953
1800,68.45,1.004760225,2.309901015
1800,68.5,1.004930328,2.310627446
1800,68.55,1.005100576,2.311355248
1800,68.6,1.005270969,2.312084421
1800,68.65,1.005441506,2.312814968
1800,68.7,1.005612188,2.313546891
1800,68.75,1.005783015,2.31428019
1800,68.8,1.005953986,2.315014869
1800,68.85,1.0061251,2.315750928
1800,68.9,1.006296359,2.316488369
1800,68.95,1.006467761,2.317227194
1800,69,1.006639306,2.317967406
1800,69.05,1.006810995,2.318709004
1800,69.1,1.006982826,2.319451992
1800,69.15,1.0071548,2.320196371
1800,69.2,1.007326917,2.320942143
1800,69.25,1.007499177,2.321689309
1800,69.3,1.007671578,2.322437871
1800,69.35,1.007844122,2.323187832
1800,69.4,1.008016807,2.323939192
1800,69.45,1.008189634,2.324691953
1800,69.5,1.008362602,2.325446117
1800,69.55,1.008535711,2.326201686
1800,69.6,1.008708961,2.326958662
1800,69.65,1.008882352,2.327717046
1800,69.7,1.009055884,2.328476839
1800,69.75,1.009229556,2.329238045
1800,69.8,1.009403368,2.330000664
1800,69.85,1.00957732,2.330764698
1800,69.9,1.009751412,2.331530149
1800,69.95,1.009925643,2.332297019
1800,70,1.010100014,2.333065309
1800,70.05,1.010274523,2.333835021
1800,70.1,1.010449172,2.334606156
1800,70.15,1.010623959,2.335378717
1800,70.2,1.010798884,2.336152706
1800,70.25,1.010973948,2.336928123
1800,70.3,1.01114915,2.337704971
1800,70.35,1.011324489,2.338483251
1800,70.4,1.011499966,2.339262966
1800,70.45,1.011675581,2.340044116
1800,70.5,1.011851332,2.340826703
1800,70.55,1.012027221,2.34161073
1800,70.6,1.012203246,2.342396198
1800,70.65,1.012379407,2.343183108
1800,70.7,1.012555705,2.343971463
1800,70.75,1.012732139,2.344761264
1800,70.8,1.012908708,2.345552512
1800,70.85,1.013085413,2.34634521
1800,70.9,1.013262253,2.347139359
1800,70.95,1.013439229,2.347934961
1800,71,1.013616339,2.348732018
1800,71.05,1.013793584,2.349530531
1800,71.1,1.013970963,2.350330502
1800,71.15,1.014148477,2.351131932
1800,71.2,1.014326124,2.351934824
1800,71.25,1.014503905,2.35273918
1800,71.3,1.01468182,2.353545
1800,71.35,1.014859868,2.354352286
1800,71.4,1.015038049,2.355161041
1800,71.45,1.015216362,2.355971265
1800,71.5,1.015394808,2.356782962
1800,71.55,1.015573386,2.357596131
1800,71.6,1.015752097,2.358410775
1800,71.65,1.015930939,2.359226897
1800,71.7,1.016109913,2.360044496
1800,71.75,1.016289018,2.360863576
1800,71.8,1.016468254,2.361684137
1800,71.85,1.016647621,2.362506182
1800,71.9,1.016827118,2.363329712
1800,71.95,1.017006746,2.364154729
1800,72,1.017186504,2.364981234
1800,72.05,1.017366391,2.36580923
1800,72.1,1.017546409,2.366638717
1800,72.15,1.017726555,2.367469698
1800,72.2,1.017906831,2.368302174
1800,72.25,1.018087236,2.369136147
1800,72.3,1.018267769,2.369971619
1800,72.35,1.01844843,2.370808591
1800,72.4,1.01862922,2.371647065
1800,72.45,1.018810137,2.372487042
1800,72.5,1.018991182,2.373328525
1800,72.55,1.019172354,2.374171515
1800,72.6,1.019353654,2.375016013
1800,72.65,1.01953508,2.375862022
1800,72.7,1.019716632,2.376709542
1800,72.75,1.019898311,2.377558577
1800,72.8,1.020080116,2.378409126
1800,72.85,1.020262047,2.379261193
1800,72.9,1.020444103,2.380114778
1800,72.95,1.020626285,2.380969884
1800,73,1.020808591,2.381826511
1800,73.05,1.020991022,2.382684662
1800,73.1,1.021173578,2.383544338
1800,73.15,1.021356257,2.384405541
1800,73.2,1.021539061,2.385268273
1800,73.25,1.021721988,2.386132535
1800,73.3,1.021905039,2.386998329
1800,73.35,1.022088213,2.387865656
1800,73.4,1.022271509,2.388734518
1800,73.45,1.022454928,2.389604917
1800,73.5,1.02263847,2.390476855
1800,73.55,1.022822133,2.391350333
1800,73.6,1.023005918,2.392225352
1800,73.65,1.023189825,2.393101915
1800,73.7,1.023373852,2.393980022
1800,73.75,1.023558001,2.394859676
1800,73.8,1.02374227,2.395740879
1800,73.85,1.02392666,2.396623631
1800,73.9,1.02411117,2.397507935
1800,73.95,1.024295799,2.398393792
1800,74,1.024480548,2.399281204
1800,74.05,1.024665416,2.400170172
1800,74.1,1.024850404,2.401060698
1800,74.15,1.025035509,2.401952783
1800,74.2,1.025220734,2.40284643
1800,74.25,1.025406076,2.403741639
1800,74.3,1.025591536,2.404638413
1800,74.35,1.025777114,2.405536754
1800,74.4,1.025962808,2.406436661
1800,74.45,1.02614862,2.407338138
1800,74.5,1.026334549,2.408241186
1800,74.55,1.026520593,2.409145806
1800,74.6,1.026706754,2.410052
1800,74.65,1.026893031,2.41095977
1800,74.7,1.027079423,2.411869117
1800,74.75,1.02726593,2.412780043
1800,74.8,1.027452552,2.413692549
1800,74.85,1.027639289,2.414606638
1800,74.9,1.02782614,2.41552231
1800,74.95,1.028013105,2.416439567
1800,75,1.028200184,2.41735841
1800,75.05,1.028387377,2.418278842
1800,75.1,1.028574682,2.419200864
1800,75.15,1.0287621,2.420124478
1800,75.2,1.028949631,2.421049684
1800,75.25,1.029137273,2.421976485
1800,75.3,1.029325028,2.422904882
1800,75.35,1.029512895,2.423834877
1800,75.4,1.029700872,2.424766471
1800,75.45,1.029888961,2.425699666
1800,75.5,1.03007716,2.426634464
1800,75.55,1.03026547,2.427570865
1800,75.6,1.030453889,2.428508872
1800,75.65,1.030642419,2.429448486
1800,75.7,1.030831058,2.430389708
1800,75.75,1.031019806,2.431332541
1800,75.8,1.031208663,2.432276985
1800,75.85,1.031397628,2.433223042
1800,75.9,1.031586702,2.434170714
1800,75.95,1.031775883,2.435120002
1800,76,1.031965172,2.436070908
1800,76.05,1.032154569,2.437023434
1800,76.1,1.032344072,2.43797758
1800,76.15,1.032533682,2.438933348
1800,76.2,1.032723398,2.439890741
1800,76.25,1.03291322,2.440849758
1800,76.3,1.033103148,2.441810403
1800,76.35,1.033293181,2.442772676
1800,76.4,1.033483319,2.443736578
1800,76.45,1.033673562,2.444702113
1800,76.5,1.033863909,2.44566928
1800,76.55,1.03405436,2.446638081
1800,76.6,1.034244915,2.447608518
1800,76.65,1.034435573,2.448580593
1800,76.7,1.034626334,2.449554306
1800,76.75,1.034817199,2.450529659
1800,76.8,1.035008165,2.451506655
1800,76.85,1.035199234,2.452485293
1800,76.9,1.035390404,2.453465577
1800,76.95,1.035581676,2.454447506
1800,77,1.035773049,2.455431083
1800,77.05,1.035964522,2.45641631
1800,77.1,1.036156096,2.457403186
1800,77.15,1.03634777,2.458391715
1800,77.2,1.036539544,2.459381897
1800,77.25,1.036731418,2.460373734
1800,77.3,1.03692339,2.461367228
1800,77.35,1.037115461,2.462362379
1800,77.4,1.03730763,2.46335919
1800,77.45,1.037499898,2.464357661
1800,77.5,1.037692263,2.465357794
1800,77.55,1.037884726,2.466359591
1800,77.6,1.038077286,2.467363052
1800,77.65,1.038269942,2.46836818
1800,77.7,1.038462695,2.469374976
1800,77.75,1.038655543,2.470383441
1800,77.8,1.038848488,2.471393576
1800,77.85,1.039041528,2.472405383
1800,77.9,1.039234662,2.473418864
1800,77.95,1.039427892,2.474434019
1800,78,1.039621215,2.475450851
1800,78.05,1.039814633,2.47646936
1800,78.1,1.040008144,2.477489548
1800,78.15,1.040201748,2.478511416
1800,78.2,1.040395445,2.479534966
1800,78.25,1.040589235,2.480560199
1800,78.3,1.040783117,2.481587116
1800,78.35,1.04097709,2.482615719
1800,78.4,1.041171155,2.48364601
1800,78.45,1.041365312,2.484677988
1800,78.5,1.041559559,2.485711657
1800,78.55,1.041753896,2.486747016
1800,78.6,1.041948323,2.487784068
1800,78.65,1.04214284,2.488822814
1800,78.7,1.042337447,2.489863255
1800,78.75,1.042532142,2.490905392
1800,78.8,1.042726926,2.491949227
1800,78.85,1.042921798,2.492994762
1800,78.9,1.043116758,2.494041996
1800,78.95,1.043311805,2.495090933
1800,79,1.04350694,2.496141572
1800,79.05,1.043702161,2.497193916
1800,79.1,1.043897469,2.498247965
1800,79.15,1.044092863,2.499303722
1800,79.2,1.044288342,2.500361186
1800,79.25,1.044483907,2.50142036
1800,79.3,1.044679556,2.502481245
1800,79.35,1.044875291,2.503543841
1800,79.4,1.045071109,2.504608151
1800,79.45,1.045267011,2.505674176
1800,79.5,1.045462997,2.506741916
1800,79.55,1.045659065,2.507811373
1800,79.6,1.045855217,2.508882549
1800,79.65,1.046051451,2.509955444
1800,79.7,1.046247766,2.51103006
1800,79.75,1.046444163,2.512106398
1800,79.8,1.046640642,2.513184459
1800,79.85,1.046837201,2.514264244
1800,79.9,1.04703384,2.515345755
1800,79.95,1.04723056,2.516428993
1800,80,1.047427359,2.517513959
1800,80.05,1.047624238,2.518600654
1800,80.1,1.047821196,2.51968908
1800,80.15,1.048018232,2.520779237
1800,80.2,1.048215346,2.521871127
1800,80.25,1.048412538,2.522964751
1800,80.3,1.048609807,2.524060111
1800,80.35,1.048807153,2.525157206
1800,80.4,1.049004576,2.526256039
1800,80.45,1.049202075,2.527356611
1800,80.5,1.04939965,2.528458922
1800,80.55,1.0495973,2.529562975
1800,80.6,1.049795025,2.530668769
1800,80.65,1.049992825,2.531776307
1800,80.7,1.050190699,2.532885588
1800,80.75,1.050388647,2.533996616
1800,80.8,1.050586669,2.53510939
1800,80.85,1.050784763,2.536223911
1800,80.9,1.050982931,2.537340181
1800,80.95,1.05118117,2.538458202
1800,81,1.051379481,2.539577973
1800,81.05,1.051577864,2.540699496
1800,81.1,1.051776318,2.541822772
1800,81.15,1.051974843,2.542947802
1800,81.2,1.052173438,2.544074588
1800,81.25,1.052372103,2.545203129
1800,81.3,1.052570837,2.546333429
1800,81.35,1.05276964,2.547465486
1800,81.4,1.052968512,2.548599303
1800,81.45,1.053167453,2.549734881
1800,81.5,1.053366461,2.550872219
1800,81.55,1.053565537,2.552011321
1800,81.6,1.053764679,2.553152186
1800,81.65,1.053963889,2.554294815
1800,81.7,1.054163165,2.55543921
1800,81.75,1.054362506,2.556585372
1800,81.8,1.054561913,2.557733301
1800,81.85,1.054761385,2.558882998
1800,81.9,1.054960921,2.560034465
1800,81.95,1.055160522,2.561187702
1800,82,1.055360187,2.562342711
1800,82.05,1.055559915,2.563499492
1800,82.1,1.055759706,2.564658046
1800,82.15,1.055959559,2.565818375
1800,82.2,1.056159475,2.566980478
1800,82.25,1.056359452,2.568144358
1800,82.3,1.056559491,2.569310015
1800,82.35,1.05675959,2.570477449
1800,82.4,1.05695975,2.571646663
1800,82.45,1.05715997,2.572817656
1800,82.5,1.05736025,2.57399043
1800,82.55,1.057560588,2.575164985
1800,82.6,1.057760986,2.576341322
1800,82.65,1.057961442,2.577519443
1800,82.7,1.058161956,2.578699348
1800,82.75,1.058362528,2.579881037
1800,82.8,1.058563156,2.581064513
1800,82.85,1.058763841,2.582249775
1800,82.9,1.058964583,2.583436824
1800,82.95,1.05916538,2.584625662
1800,83,1.059366233,2.585816288
1800,83.05,1.059567141,2.587008705
1800,83.1,1.059768103,2.588202912
1800,83.15,1.059969119,2.589398911
1800,83.2,1.060170189,2.590596702
1800,83.25,1.060371312,2.591796286
1800,83.3,1.060572489,2.592997663
1800,83.35,1.060773717,2.594200835
1800,83.4,1.060974997,2.595405803
1800,83.45,1.061176329,2.596612566
1800,83.5,1.061377712,2.597821127
1800,83.55,1.061579146,2.599031484
1800,83.6,1.06178063,2.60024364
1800,83.65,1.061982164,2.601457595
1800,83.7,1.062183747,2.602673349
1800,83.75,1.062385379,2.603890904
1800,83.8,1.062587059,2.605110259
1800,83.85,1.062788788,2.606331416
1800,83.9,1.062990564,2.607554376
1800,83.95,1.063192387,2.608779138
1800,84,1.063394257,2.610005704
1800,84.05,1.063596173,2.611234075
1800,84.1,1.063798135,2.61246425
1800,84.15,1.064000143,2.61369623
1800,84.2,1.064202195,2.614930017
1800,84.25,1.064404292,2.616165611
1800,84.3,1.064606433,2.617403011
1800,84.35,1.064808618,2.61864222
1800,84.4,1.065010845,2.619883237
1800,84.45,1.065213116,2.621126063
1800,84.5,1.065415429,2.622370699
1800,84.55,1.065617783,2.623617145
1800,84.6,1.065820179,2.624865402
1800,84.65,1.066022616,2.626115469
1800,84.7,1.066225093,2.627367349
1800,84.75,1.06642761,2.628621041
1800,84.8,1.066630167,2.629876545
1800,84.85,1.066832763,2.631133863
1800,84.9,1.067035398,2.632392994
1800,84.95,1.067238071,2.63365394
1800,85,1.067440781,2.6349167
1800,85.05,1.067643529,2.636181276
1800,85.1,1.067846314,2.637447667
1800,85.15,1.068049135,2.638715873
1800,85.2,1.068251992,2.639985897
1800,85.25,1.068454885,2.641257737
1800,85.3,1.068657812,2.642531394
1800,85.35,1.068860774,2.643806869
1800,85.4,1.06906377,2.645084162
1800,85.45,1.0692668,2.646363274
1800,85.5,1.069469863,2.647644204
1800,85.55,1.069672959,2.648926953
1800,85.6,1.069876087,2.650211522
1800,85.65,1.070079246,2.65149791
1800,85.7,1.070282437,2.652786118
1800,85.75,1.070485659,2.654076147
1800,85.8,1.070688911,2.655367997
1800,85.85,1.070892194,2.656661667
1800,85.9,1.071095505,2.657957159
1800,85.95,1.071298846,2.659254473
1800,86,1.071502215,2.660553608
1800,86.05,1.071705612,2.661854565
1800,86.1,1.071909037,2.663157344
1800,86.15,1.072112489,2.664461946
1800,86.2,1.072315967,2.665768371
1800,86.25,1.072519472,2.667076618
1800,86.3,1.072723002,2.668386689
1800,86.35,1.072926558,2.669698583
1800,86.4,1.073130138,2.6710123
1800,86.45,1.073333743,2.672327841
1800,86.5,1.073537371,2.673645206
1800,86.55,1.073741023,2.674964395
1800,86.6,1.073944698,2.676285407
1800,86.65,1.074148395,2.677608244
1800,86.7,1.074352114,2.678932905
1800,86.75,1.074555854,2.68025939
1800,86.8,1.074759616,2.6815877
1800,86.85,1.074963397,2.682917834
1800,86.9,1.075167199,2.684249793
1800,86.95,1.07537102,2.685583576
1800,87,1.075574861,2.686919184
1800,87.05,1.07577872,2.688256616
1800,87.1,1.075982597,2.689595873
1800,87.15,1.076186491,2.690936954
1800,87.2,1.076390403,2.692279861
1800,87.25,1.076594331,2.693624591
1800,87.3,1.076798276,2.694971146
1800,87.35,1.077002236,2.696319526
1800,87.4,1.077206211,2.69766973
1800,87.45,1.077410201,2.699021758
1800,87.5,1.077614205,2.70037561
1800,87.55,1.077818223,2.701731287
1800,87.6,1.078022254,2.703088787
1800,87.65,1.078226298,2.704448112
1800,87.7,1.078430354,2.70580926
1800,87.75,1.078634422,2.707172231
1800,87.8,1.078838501,2.708537026
1800,87.85,1.07904259,2.709903644
1800,87.9,1.079246691,2.711272085
1800,87.95,1.079450801,2.712642349
1800,88,1.07965492,2.714014435
1800,88.05,1.079859048,2.715388344
1800,88.1,1.080063184,2.716764074
1800,88.15,1.080267328,2.718141627
1800,88.2,1.08047148,2.719521001
1800,88.25,1.080675638,2.720902196
1800,88.3,1.080879803,2.722285212
1800,88.35,1.081083974,2.723670049
1800,88.4,1.08128815,2.725056706
1800,88.45,1.08149233,2.726445183
1800,88.5,1.081696515,2.72783548
1800,88.55,1.081900704,2.729227595
1800,88.6,1.082104897,2.73062153
1800,88.65,1.082309092,2.732017283
1800,88.7,1.082513289,2.733414854
1800,88.75,1.082717489,2.734814242
1800,88.8,1.08292169,2.736215448
1800,88.85,1.083125891,2.73761847
1800,88.9,1.083330093,2.739023308
1800,88.95,1.083534295,2.740429962
1800,89,1.083738496,2.741838432
1800,89.05,1.083942696,2.743248716
1800,89.1,1.084146895,2.744660814
1800,89.15,1.084351091,2.746074726
1800,89.2,1.084555284,2.747490451
1800,89.25,1.084759475,2.748907988
1800,89.3,1.084963662,2.750327337
1800,89.35,1.085167844,2.751748497
1800,89.4,1.085372022,2.753171469
1800,89.45,1.085576194,2.75459625
1800,89.5,1.085780361,2.75602284
1800,89.55,1.085984522,2.757451239
1800,89.6,1.086188676,2.758881447
1800,89.65,1.086392823,2.760313461
1800,89.7,1.086596962,2.761747282
1800,89.75,1.086801092,2.76318291
1800,89.8,1.087005214,2.764620342
1800,89.85,1.087209327,2.766059578
1800,89.9,1.08741343,2.767500619
1800,89.95,1.087617522,2.768943462
1800,90,1.087821604,2.770388107
1800,90.05,1.088025675,2.771834553
1800,90.1,1.088229733,2.7732828
1800,90.15,1.088433779,2.774732846
1800,90.2,1.088637813,2.776184691
1800,90.25,1.088841833,2.777638333
1800,90.3,1.089045839,2.779093773
1800,90.35,1.08924983,2.780551008
1800,90.4,1.089453807,2.782010038
1800,90.45,1.089657768,2.783470863
1800,90.5,1.089861714,2.78493348
1800,90.55,1.090065642,2.78639789
1800,90.6,1.090269554,2.78786409
1800,90.65,1.090473448,2.789332081
1800,90.7,1.090677325,2.79080186
1800,90.75,1.090881182,2.792273428
1800,90.8,1.091085021,2.793746783
1800,90.85,1.09128884,2.795221923
1800,90.9,1.091492638,2.796698848
1800,90.95,1.091696416,2.798177557
1800,91,1.091900173,2.799658048
1800,91.05,1.092103908,2.80114032
1800,91.1,1.092307621,2.802624373
1800,91.15,1.092511312,2.804110204
1800,91.2,1.092714979,2.805597814
1800,91.25,1.092918622,2.807087199
1800,91.3,1.093122241,2.80857836
1800,91.35,1.093325835,2.810071295
1800,91.4,1.093529403,2.811566003
1800,91.45,1.093732946,2.813062482
1800,91.5,1.093936462,2.814560731
1800,91.55,1.094139952,2.816060749
1800,91.6,1.094343413,2.817562535
1800,91.65,1.094546847,2.819066086
1800,91.7,1.094750253,2.820571402
1800,91.75,1.094953629,2.822078481
1800,91.8,1.095156975,2.823587322
1800,91.85,1.095360292,2.825097924
1800,91.9,1.095563578,2.826610284
1800,91.95,1.095766832,2.828124402
1800,92,1.095970055,2.829640276
1800,92.05,1.096173246,2.831157904
1800,92.1,1.096376404,2.832677285
1800,92.15,1.096579529,2.834198417
1800,92.2,1.096782619,2.835721299
1800,92.25,1.096985676,2.83724593
1800,92.3,1.097188697,2.838772306
1800,92.35,1.097391683,2.840300428
1800,92.4,1.097594633,2.841830293
1800,92.45,1.097797547,2.843361899
1800,92.5,1.098000423,2.844895245
1800,92.55,1.098203262,2.84643033
1800,92.6,1.098406063,2.847967151
1800,92.65,1.098608825,2.849505706
1800,92.7,1.098811548,2.851045994
1800,92.75,1.099014231,2.852588014
1800,92.8,1.099216874,2.854131763
1800,92.85,1.099419476,2.855677239
1800,92.9,1.099622036,2.857224441
1800,92.95,1.099824555,2.858773366
1800,93,1.100027032,2.860324014
1800,93.05,1.100229465,2.861876381
1800,93.1,1.100431855,2.863430466
1800,93.15,1.100634201,2.864986268
1800,93.2,1.100836503,2.866543783
1800,93.25,1.101038759,2.86810301
1800,93.3,1.10124097,2.869663948
1800,93.35,1.101443134,2.871226593
1800,93.4,1.101645252,2.872790945
1800,93.45,1.101847322,2.874357
1800,93.5,1.102049345,2.875924757
1800,93.55,1.102251319,2.877494214
1800,93.6,1.102453244,2.879065368
1800,93.65,1.10265512,2.880638218
1800,93.7,1.102856946,2.88221276
1800,93.75,1.103058721,2.883788994
1800,93.8,1.103260445,2.885366916
1800,93.85,1.103462118,2.886946525
1800,93.9,1.103663738,2.888527818
1800,93.95,1.103865306,2.890110792
1800,94,1.104066821,2.891695447
1800,94.05,1.104268281,2.893281778
1800,94.1,1.104469688,2.894869785
1800,94.15,1.104671039,2.896459464
1800,94.2,1.104872335,2.898050813
1800,94.25,1.105073575,2.899643829
1800,94.3,1.105274759,2.901238511
1800,94.35,1.105475885,2.902834856
1800,94.4,1.105676954,2.90443286
1800,94.45,1.105877964,2.906032523
1800,94.5,1.106078916,2.907633841
1800,94.55,1.106279809,2.909236811
1800,94.6,1.106480641,2.910841431
1800,94.65,1.106681414,2.912447699
1800,94.7,1.106882125,2.914055611
1800,94.75,1.107082775,2.915665166
1800,94.8,1.107283363,2.917276359
1800,94.85,1.107483889,2.91888919
1800,94.9,1.107684351,2.920503655
1800,94.95,1.10788475,2.922119751
1800,95,1.108085084,2.923737475
1800,95.05,1.108285354,2.925356825
1800,95.1,1.108485558,2.926977798
1800,95.15,1.108685697,2.928600391
1800,95.2,1.108885769,2.930224601
1800,95.25,1.109085774,2.931850425
1800,95.3,1.109285711,2.933477861
1800,95.35,1.109485581,2.935106905
1800,95.4,1.109685382,2.936737554
1800,95.45,1.109885113,2.938369806
1800,95.5,1.110084775,2.940003658
1800,95.55,1.110284367,2.941639105
1800,95.6,1.110483887,2.943276146
1800,95.65,1.110683337,2.944914778
1800,95.7,1.110882714,2.946554996
1800,95.75,1.111082019,2.948196798
1800,95.8,1.111281251,2.949840182
1800,95.85,1.111480409,2.951485142
1800,95.9,1.111679493,2.953131678
1800,95.95,1.111878503,2.954779784
1800,96,1.112077437,2.956429458
1800,96.05,1.112276295,2.958080697
1800,96.1,1.112475077,2.959733498
1800,96.15,1.112673782,2.961387856
1800,96.2,1.112872409,2.963043769
1800,96.25,1.113070959,2.964701233
1800,96.3,1.113269429,2.966360245
1800,96.35,1.113467821,2.968020801
1800,96.4,1.113666133,2.969682899
1800,96.45,1.113864364,2.971346533
1800,96.5,1.114062515,2.973011702
1800,96.55,1.114260585,2.974678401
1800,96.6,1.114458572,2.976346626
1800,96.65,1.114656477,2.978016375
1800,96.7,1.114854299,2.979687644
1800,96.75,1.115052037,2.981360428
1800,96.8,1.115249691,2.983034725
1800,96.85,1.11544726,2.98471053
1800,96.9,1.115644744,2.98638784
1800,96.95,1.115842142,2.988066651
1800,97,1.116039454,2.989746959
1800,97.05,1.116236679,2.99142876
1800,97.1,1.116433816,2.993112052
1800,97.15,1.116630865,2.994796829
1800,97.2,1.116827825,2.996483088
1800,97.25,1.117024696,2.998170824
1800,97.3,1.117221478,2.999860035
1800,97.35,1.117418169,3.001550716
1800,97.4,1.117614769,3.003242863
1800,97.45,1.117811278,3.004936472
1800,97.5,1.118007695,3.006631538
1800,97.55,1.118204019,3.008328059
1800,97.6,1.11840025,3.010026029
1800,97.65,1.118596388,3.011725445
1800,97.7,1.118792431,3.013426303
1800,97.75,1.118988379,3.015128597
1800,97.8,1.119184232,3.016832325
1800,97.85,1.119379989,3.018537481
1800,97.9,1.11957565,3.020244062
1800,97.95,1.119771213,3.021952063
1800,98,1.119966679,3.02366148
1800,98.05,1.120162047,3.025372308
1800,98.1,1.120357316,3.027084543
1800,98.15,1.120552486,3.028798181
1800,98.2,1.120747555,3.030513218
1800,98.25,1.120942525,3.032229648
1800,98.3,1.121137393,3.033947467
1800,98.35,1.12133216,3.035666671
1800,98.4,1.121526825,3.037387254
1800,98.45,1.121721387,3.039109214
1800,98.5,1.121915846,3.040832544
1800,98.55,1.122110201,3.042557241
1800,98.6,1.122304452,3.044283299
1800,98.65,1.122498598,3.046010714
1800,98.7,1.122692638,3.047739481
1800,98.75,1.122886573,3.049469595
1800,98.8,1.123080401,3.051201052
1800,98.85,1.123274121,3.052933847
1800,98.9,1.123467734,3.054667974
1800,98.95,1.123661239,3.056403429
1800,99,1.123854635,3.058140207
1800,99.05,1.124047921,3.059878304
1800,99.1,1.124241098,3.061617713
1800,99.15,1.124434164,3.063358431
1800,99.2,1.124627118,3.065100451
1800,99.25,1.124819962,3.06684377
1800,99.3,1.125012693,3.068588381
1800,99.35,1.125205311,3.07033428
1800,99.4,1.125397816,3.072081461
1800,99.45,1.125590207,3.07382992
1800,99.5,1.125782483,3.075579651
1800,99.55,1.125974645,3.077330649
1800,99.6,1.126166691,3.079082909
1800,99.65,1.12635862,3.080836425
1800,99.7,1.126550433,3.082591191
1800,99.75,1.126742129,3.084347203
1800,99.8,1.126933707,3.086104456
1800,99.85,1.127125167,3.087862943
1800,99.9,1.127316507,3.089622659
1800,99.95,1.127507728,3.091383599
1800,100,1.127698829,3.093145757
1800,100.05,1.12788981,3.094909128
1800,100.1,1.128080669,3.096673705
1800,100.15,1.128271406,3.098439484
1800,100.2,1.128462021,3.100206459
1800,100.25,1.128652514,3.101974624
1800,100.3,1.128842882,3.103743973
1800,100.35,1.129033127,3.1055145
1800,100.4,1.129223247,3.107286201
1800,100.45,1.129413242,3.109059068
1800,100.5,1.129603112,3.110833096
1800,100.55,1.129792855,3.112608279
1800,100.6,1.129982471,3.114384612
1800,100.65,1.13017196,3.116162088
1800,100.7,1.130361321,3.117940701
1800,100.75,1.130550553,3.119720446
1800,100.8,1.130739656,3.121501316
1800,100.85,1.13092863,3.123283305
1800,100.9,1.131117474,3.125066407
1800,100.95,1.131306186,3.126850616
1800,101,1.131494768,3.128635926
1800,101.05,1.131683217,3.13042233
1800,101.1,1.131871535,3.132209822
1800,101.15,1.132059719,3.133998397
1800,101.2,1.13224777,3.135788047
1800,101.25,1.132435686,3.137578766
1800,101.3,1.132623468,3.139370549
1800,101.35,1.132811115,3.141163388
1800,101.4,1.132998625,3.142957277
1800,101.45,1.133186,3.144752209
1800,101.5,1.133373237,3.146548179
1800,101.55,1.133560338,3.14834518
1800,101.6,1.1337473,3.150143204
1800,101.65,1.133934123,3.151942246
1800,101.7,1.134120808,3.153742298
1800,101.75,1.134307352,3.155543355
1800,101.8,1.134493757,3.157345408
1800,101.85,1.13468002,3.159148453
1800,101.9,1.134866142,3.160952481
1800,101.95,1.135052123,3.162757486
1800,102,1.13523796,3.164563462
1800,102.05,1.135423655,3.1663704
1800,102.1,1.135609206,3.168178295
1800,102.15,1.135794613,3.16998714
1800,102.2,1.135979875,3.171796927
1800,102.25,1.136164992,3.173607649
1800,102.3,1.136349963,3.175419299
1800,102.35,1.136534788,3.177231871
1800,102.4,1.136719465,3.179045357
1800,102.45,1.136903996,3.18085975
1800,102.5,1.137088378,3.182675043
1800,102.55,1.137272611,3.184491228
1800,102.6,1.137456695,3.186308298
1800,102.65,1.13764063,3.188126247
1800,102.7,1.137824414,3.189945066
1800,102.75,1.138008048,3.191764748
1800,102.8,1.13819153,3.193585287
1800,102.85,1.13837486,3.195406674
1800,102.9,1.138558037,3.197228901
1800,102.95,1.138741061,3.199051963
1800,103,1.138923932,3.20087585
1800,103.05,1.139106649,3.202700556
1800,103.1,1.139289211,3.204526072
1800,103.15,1.139471617,3.206352392
1800,103.2,1.139653868,3.208179507
1800,103.25,1.139835962,3.210007409
1800,103.3,1.1400179,3.211836092
1800,103.35,1.14019968,3.213665547
1800,103.4,1.140381301,3.215495766
1800,103.45,1.140562765,3.217326742
1800,103.5,1.140744069,3.219158466
1800,103.55,1.140925213,3.220990931
1800,103.6,1.141106197,3.222824129
1800,103.65,1.14128702,3.224658051
1800,103.7,1.141467682,3.22649269
1800,103.75,1.141648182,3.228328038
1800,103.8,1.141828519,3.230164086
1800,103.85,1.142008694,3.232000827
1800,103.9,1.142188705,3.233838252
1800,103.95,1.142368551,3.235676353
1800,104,1.142548234,3.237515121
1800,104.05,1.14272775,3.239354549
1800,104.1,1.142907101,3.241194628
1800,104.15,1.143086286,3.24303535
1800,104.2,1.143265304,3.244876707
1800,104.25,1.143444154,3.246718689
1800,104.3,1.143622837,3.248561288
1800,104.35,1.143801351,3.250404497
1800,104.4,1.143979696,3.252248306
1800,104.45,1.144157871,3.254092707
1800,104.5,1.144335876,3.255937691
1800,104.55,1.144513711,3.25778325
1800,104.6,1.144691374,3.259629375
1800,104.65,1.144868865,3.261476057
1800,104.7,1.145046184,3.263323287
1800,104.75,1.14522333,3.265171057
1800,104.8,1.145400303,3.267019358
1800,104.85,1.145577102,3.268868181
1800,104.9,1.145753726,3.270717517
1800,104.95,1.145930175,3.272567357
1800,105,1.146106449,3.274417693
1800,105.05,1.146282546,3.276268514
1800,105.1,1.146458467,3.278119813
1800,105.15,1.14663421,3.279971579
1800,105.2,1.146809776,3.281823805
1800,105.25,1.146985163,3.28367648
1800,105.3,1.147160372,3.285529596
1800,105.35,1.147335401,3.287383143
1800,105.4,1.14751025,3.289237112
1800,105.45,1.147684919,3.291091495
1800,105.5,1.147859406,3.29294628
1800,105.55,1.148033712,3.29480146
1800,105.6,1.148207836,3.296657024
1800,105.65,1.148381777,3.298512963
1800,105.7,1.148555535,3.300369269
1800,105.75,1.14872911,3.30222593
1800,105.8,1.1489025,3.304082938
1800,105.85,1.149075705,3.305940283
1800,105.9,1.149248725,3.307797956
1800,105.95,1.149421559,3.309655946
1800,106,1.149594207,3.311514244
1800,106.05,1.149766668,3.313372841
1800,106.1,1.149938941,3.315231726
1800,106.15,1.150111026,3.31709089
1800,106.2,1.150282923,3.318950323
1800,106.25,1.15045463,3.320810015
1800,106.3,1.150626148,3.322669956
1800,106.35,1.150797476,3.324530136
1800,106.4,1.150968613,3.326390546
1800,106.45,1.151139559,3.328251174
1800,106.5,1.151310313,3.330112011
1800,106.55,1.151480875,3.331973048
1800,106.6,1.151651244,3.333834273
1800,106.65,1.15182142,3.335695676
1800,106.7,1.151991402,3.337557248
1800,106.75,1.152161189,3.339418979
1800,106.8,1.152330782,3.341280857
1800,106.85,1.152500179,3.343142872
1800,106.9,1.15266938,3.345005015
1800,106.95,1.152838384,3.346867275
1800,107,1.153007192,3.348729641
1800,107.05,1.153175801,3.350592102
1800,107.1,1.153344213,3.35245465
1800,107.15,1.153512426,3.354317272
1800,107.2,1.15368044,3.356179958
1800,107.25,1.153848255,3.358042698
1800,107.3,1.154015869,3.35990548
1800,107.35,1.154183282,3.361768296
1800,107.4,1.154350494,3.363631132
1800,107.45,1.154517504,3.36549398
1800,107.5,1.154684312,3.367356827
1800,107.55,1.154850917,3.369219664
1800,107.6,1.155017319,3.371082479
1800,107.65,1.155183517,3.372945261
1800,107.7,1.155349511,3.374808
1800,107.75,1.155515299,3.376670684
1800,107.8,1.155680882,3.378533303
1800,107.85,1.15584626,3.380395845
1800,107.9,1.15601143,3.3822583
1800,107.95,1.156176394,3.384120656
1800,108,1.15634115,3.385982901
1800,108.05,1.156505699,3.387845026
1800,108.1,1.156670038,3.389707018
1800,108.15,1.156834169,3.391568867
1800,108.2,1.15699809,3.393430561
1800,108.25,1.157161801,3.395292088
1800,108.3,1.157325301,3.397153438
1800,108.35,1.157488591,3.399014599
1800,108.4,1.157651668,3.400875559
1800,108.45,1.157814534,3.402736308
1800,108.5,1.157977186,3.404596833
1800,108.55,1.158139626,3.406457123
1800,108.6,1.158301852,3.408317166
1800,108.65,1.158463864,3.410176951
1800,108.7,1.158625661,3.412036466
1800,108.75,1.158787243,3.4138957
1800,108.8,1.158948609,3.41575464
1800,108.85,1.159109759,3.417613275
1800,108.9,1.159270692,3.419471594
1800,108.95,1.159431408,3.421329583
1800,109,1.159591906,3.423187233
1800,109.05,1.159752186,3.425044529
1800,109.1,1.159912247,3.426901462
1800,109.15,1.160072088,3.428758018
1800,109.2,1.16023171,3.430614185
1800,109.25,1.160391112,3.432469953
1800,109.3,1.160550293,3.434325307
1800,109.35,1.160709253,3.436180238
1800,109.4,1.160867991,3.438034731
1800,109.45,1.161026506,3.439888776
1800,109.5,1.161184799,3.441742359
1800,109.55,1.161342869,3.443595469
1800,109.6,1.161500714,3.445448094
1800,109.65,1.161658336,3.447300221
1800,109.7,1.161815732,3.449151837
1800,109.75,1.161972904,3.451002931
1800,109.8,1.162129849,3.452853489
1800,109.85,1.162286568,3.4547035
1800,109.9,1.162443061,3.456552951
1800,109.95,1.162599326,3.45840183
1800,110,1.162755364,3.460250123
1800,110.05,1.162911173,3.462097819
1800,110.1,1.163066753,3.463944905
1800,110.15,1.163222104,3.465791368
1800,110.2,1.163377226,3.467637195
1800,110.25,1.163532117,3.469482374
1800,110.3,1.163686777,3.471326892
1800,110.35,1.163841207,3.473170735
1800,110.4,1.163995404,3.475013893
1800,110.45,1.16414937,3.476856351
1800,110.5,1.164303102,3.478698096
1800,110.55,1.164456602,3.480539117
1800,110.6,1.164609868,3.482379399
1800,110.65,1.164762899,3.48421893
1800,110.7,1.164915696,3.486057696
1800,110.75,1.165068258,3.487895686
1800,110.8,1.165220585,3.489732885
1800,110.85,1.165372675,3.491569281
1800,110.9,1.165524529,3.49340486
1800,110.95,1.165676146,3.49523961
1800,111,1.165827525,3.497073517
1800,111.05,1.165978666,3.498906567
1800,111.1,1.166129569,3.500738749
1800,111.15,1.166280232,3.502570047
1800,111.2,1.166430657,3.50440045
1800,111.25,1.166580841,3.506229944
1800,111.3,1.166730785,3.508058514
1800,111.35,1.166880488,3.509886149
1800,111.4,1.16702995,3.511712834
1800,111.45,1.16717917,3.513538556
1800,111.5,1.167328147,3.515363302
1800,111.55,1.167476882,3.517187057
1800,111.6,1.167625374,3.519009809
1800,111.65,1.167773622,3.520831544
1800,111.7,1.167921625,3.522652248
1800,111.75,1.168069385,3.524471908
1800,111.8,1.168216898,3.526290509
1800,111.85,1.168364167,3.528108039
1800,111.9,1.168511189,3.529924483
1800,111.95,1.168657965,3.531739827
1800,112,1.168804494,3.533554059
1800,112.05,1.168950775,3.535367163
1800,112.1,1.169096808,3.537179127
1800,112.15,1.169242593,3.538989936
1800,112.2,1.169388129,3.540799576
1800,112.25,1.169533416,3.542608034
1800,112.3,1.169678453,3.544415295
1800,112.35,1.16982324,3.546221346
1800,112.4,1.169967776,3.548026173
1800,112.45,1.170112061,3.54982976
1800,112.5,1.170256094,3.551632096
1800,112.55,1.170399876,3.553433164
1800,112.6,1.170543404,3.555232952
1800,112.65,1.17068668,3.557031444
1800,112.7,1.170829702,3.558828628
1800,112.75,1.170972471,3.560624487
1800,112.8,1.171114985,3.56241901
1800,112.85,1.171257244,3.56421218
1800,112.9,1.171399248,3.566003985
1800,112.95,1.171540996,3.567794408
1800,113,1.171682488,3.569583437
1800,113.05,1.171823724,3.571371057
1800,113.1,1.171964702,3.573157254
1800,113.15,1.172105423,3.574942012
1800,113.2,1.172245886,3.576725318
1800,113.25,1.17238609,3.578507157
1800,113.3,1.172526036,3.580287514
1800,113.35,1.172665722,3.582066376
1800,113.4,1.172805149,3.583843727
1800,113.45,1.172944316,3.585619554
1800,113.5,1.173083221,3.587393841
1800,113.55,1.173221866,3.589166574
1800,113.6,1.17336025,3.590937738
1800,113.65,1.173498371,3.592707318
1800,113.7,1.17363623,3.594475301
1800,113.75,1.173773826,3.59624167
1800,113.8,1.173911159,3.598006413
1800,113.85,1.174048228,3.599769512
1800,113.9,1.174185033,3.601530955
1800,113.95,1.174321574,3.603290727
1800,114,1.174457849,3.605048811
1800,114.05,1.174593859,3.606805194
1800,114.1,1.174729603,3.608559861
1800,114.15,1.174865081,3.610312797
1800,114.2,1.175000293,3.612063987
1800,114.25,1.175135237,3.613813415
1800,114.3,1.175269913,3.615561068
1800,114.35,1.175404322,3.61730693
1800,114.4,1.175538462,3.619050986
1800,114.45,1.175672333,3.620793222
1800,114.5,1.175805935,3.622533621
1800,114.55,1.175939267,3.62427217
1800,114.6,1.176072329,3.626008853
1800,114.65,1.17620512,3.627743655
1800,114.7,1.176337641,3.629476561
1800,114.75,1.17646989,3.631207556
1800,114.8,1.176601867,3.632936624
1800,114.85,1.176733572,3.634663751
1800,114.9,1.176865005,3.636388922
1800,114.95,1.176996164,3.638112121
1800,115,1.17712705,3.639833333
1800,115.05,1.177257662,3.641552542
1800,115.1,1.177388,3.643269735
1800,115.15,1.177518063,3.644984894
1800,115.2,1.17764785,3.646698006
1800,115.25,1.177777363,3.648409055
1800,115.3,1.177906599,3.650118025
1800,115.35,1.178035559,3.651824902
1800,115.4,1.178164242,3.653529669
1800,115.45,1.178292648,3.655232312
1800,115.5,1.178420777,3.656932815
1800,115.55,1.178548627,3.658631163
1800,115.6,1.178676199,3.660327341
1800,115.65,1.178803492,3.662021333
1800,115.7,1.178930507,3.663713123
1800,115.75,1.179057241,3.665402696
1800,115.8,1.179183695,3.667090038
1800,115.85,1.17930987,3.668775132
1800,115.9,1.179435763,3.670457962
1800,115.95,1.179561375,3.672138514
1800,116,1.179686705,3.673816772
1800,116.05,1.179811754,3.675492721
1800,116.1,1.17993652,3.677166344
1800,116.15,1.180061003,3.678837627
1800,116.2,1.180185204,3.680506554
1800,116.25,1.18030912,3.682173109
1800,116.3,1.180432753,3.683837277
1800,116.35,1.180556101,3.685499042
1800,116.4,1.180679165,3.687158389
1800,116.45,1.180801943,3.688815302
1800,116.5,1.180924436,3.690469765
1800,116.55,1.181046644,3.692121764
1800,116.6,1.181168564,3.693771281
1800,116.65,1.181290199,3.695418302
1800,116.7,1.181411546,3.697062811
1800,116.75,1.181532606,3.698704793
1800,116.8,1.181653378,3.700344231
1800,116.85,1.181773861,3.701981111
1800,116.9,1.181894057,3.703615416
1800,116.95,1.182013963,3.70524713
1800,117,1.18213358,3.706876239
1800,117.05,1.182252908,3.708502726
1800,117.1,1.182371945,3.710126576
1800,117.15,1.182490692,3.711747773
1800,117.2,1.182609148,3.713366301
1800,117.25,1.182727313,3.714982145
1800,117.3,1.182845186,3.716595289
1800,117.35,1.182962768,3.718205717
1800,117.4,1.183080057,3.719813414
1800,117.45,1.183197053,3.721418363
1800,117.5,1.183313757,3.72302055
1800,117.55,1.183430167,3.724619958
1800,117.6,1.183546284,3.726216572
1800,117.65,1.183662106,3.727810375
1800,117.7,1.183777634,3.729401353
1800,117.75,1.183892867,3.730989489
1800,117.8,1.184007805,3.732574768
1800,117.85,1.184122447,3.734157174
1800,117.9,1.184236794,3.735736691
1800,117.95,1.184350844,3.737313304
1800,118,1.184464598,3.738886996
1800,118.05,1.184578055,3.740457753
1800,118.1,1.184691214,3.742025557
1800,118.15,1.184804076,3.743590395
1800,118.2,1.184916639,3.745152249
1800,118.25,1.185028905,3.746711104
1800,118.3,1.185140872,3.748266945
1800,118.35,1.185252539,3.749819755
1800,118.4,1.185363907,3.751369519
1800,118.45,1.185474976,3.752916222
1800,118.5,1.185585744,3.754459847
1800,118.55,1.185696212,3.756000378
1800,118.6,1.18580638,3.757537801
1800,118.65,1.185916246,3.759072099
1800,118.7,1.18602581,3.760603256
1800,118.75,1.186135073,3.762131258
1800,118.8,1.186244034,3.763656087
1800,118.85,1.186352692,3.765177729
1800,118.9,1.186461048,3.766696168
1800,118.95,1.1865691,3.768211388
1800,119,1.186676849,3.769723374
1800,119.05,1.186784294,3.771232109
1800,119.1,1.186891435,3.772737578
1800,119.15,1.186998272,3.774239766
1800,119.2,1.187104804,3.775738657
1800,119.25,1.18721103,3.777234235
1800,119.3,1.187316951,3.778726484
1800,119.35,1.187422567,3.78021539
1800,119.4,1.187527876,3.781700936
1800,119.45,1.187632879,3.783183106
1800,119.5,1.187737576,3.784661886
1800,119.55,1.187841965,3.786137259
1800,119.6,1.187946047,3.78760921
1800,119.65,1.188049821,3.789077724
1800,119.7,1.188153287,3.790542784
1800,119.75,1.188256445,3.792004376
1800,119.8,1.188359295,3.793462483
1800,119.85,1.188461835,3.794917091
1800,119.9,1.188564066,3.796368184
1800,119.95,1.188665988,3.797815746
1800,120,1.188767599,3.799259762
1800,120.05,1.188868901,3.800700216
1800,120.1,1.188969892,3.802137093
1800,120.15,1.189070572,3.803570377
1800,120.2,1.189170941,3.805000054
1800,120.25,1.189270999,3.806426107
1800,120.3,1.189370745,3.807848522
1800,120.35,1.189470179,3.809267282
1800,120.4,1.189569301,3.810682373
1800,120.45,1.18966811,3.812093779
1800,120.5,1.189766607,3.813501485
1800,120.55,1.18986479,3.814905476
1800,120.6,1.18996266,3.816305736
1800,120.65,1.190060215,3.81770225
1800,120.7,1.190157457,3.819095002
1800,120.75,1.190254385,3.820483979
1800,120.8,1.190350998,3.821869163
1800,120.85,1.190447295,3.823250541
1800,120.9,1.190543278,3.824628097
1800,120.95,1.190638945,3.826001815
1800,121,1.190734297,3.827371681
1800,121.05,1.190829332,3.82873768
1800,121.1,1.190924051,3.830099797
1800,121.15,1.191018453,3.831458015
1800,121.2,1.191112538,3.832812322
1800,121.25,1.191206306,3.8341627
1800,121.3,1.191299757,3.835509136
1800,121.35,1.19139289,3.836851614
1800,121.4,1.191485705,3.83819012
1800,121.45,1.191578201,3.839524638
1800,121.5,1.191670379,3.840855154
1800,121.55,1.191762239,3.842181653
1800,121.6,1.191853779,3.843504119
1800,121.65,1.191944999,3.844822539
1800,121.7,1.1920359,3.846136896
1800,121.75,1.192126481,3.847447178
1800,121.8,1.192216742,3.848753368
1800,121.85,1.192306683,3.850055452
1800,121.9,1.192396302,3.851353415
1800,121.95,1.192485601,3.852647243
1800,122,1.192574578,3.853936921
1800,122.05,1.192663234,3.855222435
1800,122.1,1.192751569,3.856503769
1800,122.15,1.192839581,3.85778091
1800,122.2,1.192927271,3.859053842
1800,122.25,1.193014638,3.860322552
1800,122.3,1.193101683,3.861587024
1800,122.35,1.193188404,3.862847245
1800,122.4,1.193274803,3.8641032
1800,122.45,1.193360878,3.865354875
1800,122.5,1.193446629,3.866602255
1800,122.55,1.193532056,3.867845326
1800,122.6,1.193617159,3.869084073
1800,122.65,1.193701937,3.870318483
1800,122.7,1.19378639,3.871548542
1800,122.75,1.193870519,3.872774235
1800,122.8,1.193954322,3.873995547
1800,122.85,1.1940378,3.875212466
1800,122.9,1.194120952,3.876424977
1800,122.95,1.194203779,3.877633065
1800,123,1.194286279,3.878836717
1800,123.05,1.194368452,3.880035919
1800,123.1,1.194450299,3.881230658
1800,123.15,1.19453182,3.882420918
1800,123.2,1.194613013,3.883606686
1800,123.25,1.194693878,3.884787949
1800,123.3,1.194774416,3.885964693
1800,123.35,1.194854627,3.887136904
1800,123.4,1.194934509,3.888304568
1800,123.45,1.195014063,3.889467672
1800,123.5,1.195093289,3.890626202
1800,123.55,1.195172186,3.891780144
1800,123.6,1.195250754,3.892929485
1800,123.65,1.195328993,3.894074212
1800,123.7,1.195406903,3.895214311
1800,123.75,1.195484483,3.896349768
1800,123.8,1.195561734,3.897480571
1800,123.85,1.195638654,3.898606705
1800,123.9,1.195715245,3.899728158
1800,123.95,1.195791505,3.900844917
1800,124,1.195867434,3.901956968
1800,124.05,1.195943033,3.903064298
1800,124.1,1.1960183,3.904166894
1800,124.15,1.196093237,3.905264744
1800,124.2,1.196167842,3.906357833
1800,124.25,1.196242115,3.907446149
1800,124.3,1.196316057,3.908529679
1800,124.35,1.196389666,3.90960841
1800,124.4,1.196462943,3.91068233
1800,124.45,1.196535888,3.911751425
1800,124.5,1.196608501,3.912815684
1800,124.55,1.19668078,3.913875092
1800,124.6,1.196752727,3.914929638
1800,124.65,1.19682434,3.915979309
1800,124.7,1.19689562,3.917024092
1800,124.75,1.196966567,3.918063976
1800,124.8,1.19703718,3.919098947
1800,124.85,1.197107458,3.920128993
1800,124.9,1.197177403,3.921154102
1800,124.95,1.197247014,3.922174261
1800,125,1.19731629,3.923189458
1800,125.05,1.197385231,3.924199682
1800,125.1,1.197453837,3.92520492
1800,125.15,1.197522109,3.926205159
1800,125.2,1.197590045,3.927200389
1800,125.25,1.197657646,3.928190596
1800,125.3,1.197724912,3.929175769
1800,125.35,1.197791842,3.930155896
1800,125.4,1.197858435,3.931130966
1800,125.45,1.197924693,3.932100966
1800,125.5,1.197990615,3.933065884
1800,125.55,1.1980562,3.93402571
1800,125.6,1.198121449,3.934980432
1800,125.65,1.198186361,3.935930037
1800,125.7,1.198250936,3.936874515
1800,125.75,1.198315174,3.937813855
1800,125.8,1.198379075,3.938748043
1800,125.85,1.198442639,3.939677071
1800,125.9,1.198505865,3.940600925
1800,125.95,1.198568754,3.941519596
1800,126,1.198631304,3.942433071
1800,126.05,1.198693517,3.94334134
1800,126.1,1.198755392,3.944244392
1800,126.15,1.198816928,3.945142215
1800,126.2,1.198878126,3.946034799
1800,126.25,1.198938986,3.946922134
1800,126.3,1.198999506,3.947804207
1800,126.35,1.199059688,3.94868101
1800,126.4,1.199119531,3.94955253
1800,126.45,1.199179035,3.950418757
1800,126.5,1.1992382,3.951279681
1800,126.55,1.199297025,3.952135291
1800,126.6,1.19935551,3.952985577
1800,126.65,1.199413656,3.953830528
1800,126.7,1.199471463,3.954670135
1800,126.75,1.199528929,3.955504386
1800,126.8,1.199586055,3.956333273
1800,126.85,1.199642841,3.957156784
1800,126.9,1.199699286,3.957974909
1800,126.95,1.199755392,3.958787639
1800,127,1.199811156,3.959594964
1800,127.05,1.19986658,3.960396874
1800,127.1,1.199921663,3.96119336
1800,127.15,1.199976405,3.96198441
1800,127.2,1.200030806,3.962770016
1800,127.25,1.200084866,3.963550169
1800,127.3,1.200138585,3.964324858
1800,127.35,1.200191962,3.965094075
1800,127.4,1.200244998,3.965857809
1800,127.45,1.200297692,3.966616052
1800,127.5,1.200350044,3.967368794
1800,127.55,1.200402054,3.968116027
1800,127.6,1.200453722,3.96885774
1800,127.65,1.200505049,3.969593926
1800,127.7,1.200556033,3.970324574
1800,127.75,1.200606675,3.971049677
1800,127.8,1.200656974,3.971769225
1800,127.85,1.200706931,3.972483209
1800,127.9,1.200756546,3.973191621
1800,127.95,1.200805817,3.973894453
1800,128,1.200854746,3.974591695
1800,128.05,1.200903332,3.975283339
1800,128.1,1.200951575,3.975969378
1800,128.15,1.200999475,3.976649801
1800,128.2,1.201047032,3.977324602
1800,128.25,1.201094245,3.977993772
1800,128.3,1.201141116,3.978657303
1800,128.35,1.201187642,3.979315186
1800,128.4,1.201233826,3.979967415
1800,128.45,1.201279665,3.98061398
1800,128.5,1.201325161,3.981254875
1800,128.55,1.201370313,3.981890091
1800,128.6,1.201415122,3.98251962
1800,128.65,1.201459586,3.983143456
1800,128.7,1.201503707,3.98376159
1800,128.75,1.201547483,3.984374015
1800,128.8,1.201590916,3.984980724
1800,128.85,1.201634004,3.98558171
1800,128.9,1.201676747,3.986176964
1800,128.95,1.201719147,3.986766481
1800,129,1.201761202,3.987350253
1800,129.05,1.201802912,3.987928272
1800,129.1,1.201844278,3.988500533
1800,129.15,1.2018853,3.989067027
1800,129.2,1.201925976,3.989627749
1800,129.25,1.201966308,3.990182692
1800,129.3,1.202006295,3.990731849
1800,129.35,1.202045938,3.991275213
1800,129.4,1.202085235,3.991812778
1800,129.45,1.202124187,3.992344538
1800,129.5,1.202162795,3.992870486
1800,129.55,1.202201057,3.993390617
1800,129.6,1.202238974,3.993904923
1800,129.65,1.202276546,3.994413399
1800,129.7,1.202313773,3.994916039
1800,129.75,1.202350655,3.995412837
1800,129.8,1.202387191,3.995903787
1800,129.85,1.202423382,3.996388884
1800,129.9,1.202459227,3.996868121
1800,129.95,1.202494727,3.997341493
1800,130,1.202529882,3.997808995
1800,130.05,1.202564691,3.998270621
1800,130.1,1.202599154,3.998726366
1800,130.15,1.202633272,3.999176224
1800,130.2,1.202667044,3.99962019
1800,130.25,1.202700471,4.00005826
1800,130.3,1.202733552,4.000490428
1800,130.35,1.202766287,4.000916689
1800,130.4,1.202798677,4.001337038
1800,130.45,1.202830721,4.001751471
1800,130.5,1.202862419,4.002159983
1800,130.55,1.202893771,4.002562568
1800,130.6,1.202924777,4.002959224
1800,130.65,1.202955438,4.003349944
1800,130.7,1.202985753,4.003734726
1800,130.75,1.203015721,4.004113564
1800,130.8,1.203045344,4.004486454
1800,130.85,1.203074621,4.004853392
1800,130.9,1.203103552,4.005214374
1800,130.95,1.203132138,4.005569397
1800,131,1.203160377,4.005918456
1800,131.05,1.20318827,4.006261547
1800,131.1,1.203215817,4.006598667
1800,131.15,1.203243019,4.006929812
1800,131.2,1.203269874,4.007254978
1800,131.25,1.203296384,4.007574163
1800,131.3,1.203322547,4.007887362
1800,131.35,1.203348365,4.008194573
1800,131.4,1.203373836,4.008495792
1800,131.45,1.203398962,4.008791016
1800,131.5,1.203423742,4.009080242
1800,131.55,1.203448175,4.009363467
1800,131.6,1.203472263,4.009640689
1800,131.65,1.203496005,4.009911903
1800,131.7,1.203519401,4.010177109
1800,131.75,1.203542451,4.010436302
1800,131.8,1.203565155,4.010689481
1800,131.85,1.203587514,4.010936643
1800,131.9,1.203609526,4.011177786
1800,131.95,1.203631193,4.011412907
1800,132,1.203652514,4.011642005
1800,132.05,1.203673489,4.011865076
1800,132.1,1.203694118,4.01208212
1800,132.15,1.203714402,4.012293134
1800,132.2,1.203734339,4.012498116
1800,132.25,1.203753932,4.012697065
1800,132.3,1.203773178,4.012889979
1800,132.35,1.203792079,4.013076856
1800,132.4,1.203810634,4.013257695
1800,132.45,1.203828844,4.013432494
1800,132.5,1.203846708,4.013601253
1800,132.55,1.203864227,4.013763969
1800,132.6,1.2038814,4.013920641
1800,132.65,1.203898228,4.01407127
1800,132.7,1.20391471,4.014215853
1800,132.75,1.203930848,4.014354389
1800,132.8,1.203946639,4.014486878
1800,132.85,1.203962086,4.01461332
1800,132.9,1.203977188,4.014733713
1800,132.95,1.203991944,4.014848057
1800,133,1.204006355,4.014956351
1800,133.05,1.204020421,4.015058595
1800,133.1,1.204034143,4.01515479
1800,133.15,1.204047519,4.015244933
1800,133.2,1.20406055,4.015329026
1800,133.25,1.204073237,4.015407069
1800,133.3,1.204085579,4.015479061
1800,133.35,1.204097576,4.015545002
1800,133.4,1.204109228,4.015604893
1800,133.45,1.204120536,4.015658735
1800,133.5,1.2041315,4.015706527
1800,133.55,1.204142119,4.015748269
1800,133.6,1.204152393,4.015783964
1800,133.65,1.204162324,4.01581361
1800,133.7,1.20417191,4.01583721
1800,133.75,1.204181152,4.015854763
1800,133.8,1.20419005,4.015866271
1800,133.85,1.204198604,4.015871735
1800,133.9,1.204206814,4.015871155
1800,133.95,1.20421468,4.015864533
1800,134,1.204222202,4.015851871
1800,134.05,1.204229381,4.015833169
1800,134.1,1.204236216,4.015808429
1800,134.15,1.204242707,4.015777653
1800,134.2,1.204248855,4.015740841
1800,134.25,1.20425466,4.015697997
1800,134.3,1.204260122,4.015649121
1800,134.35,1.20426524,4.015594215
1800,134.4,1.204270015,4.015533282
1800,134.45,1.204274447,4.015466323
1800,134.5,1.204278537,4.015393341
1800,134.55,1.204282283,4.015314337
1800,134.6,1.204285687,4.015229315
1800,134.65,1.204288748,4.015138276
1800,134.7,1.204291467,4.015041222
1800,134.75,1.204293843,4.014938158
1800,134.8,1.204295878,4.014829084
1800,134.85,1.204297569,4.014714004
1800,134.9,1.204298919,4.01459292
1800,134.95,1.204299927,4.014465836
1800,135,1.204300593,4.014332755
1800,135.05,1.204300917,4.014193679
1800,135.1,1.2043009,4.014048612
1800,135.15,1.204300541,4.013897556
1800,135.2,1.204299841,4.013740516
1800,135.25,1.204298799,4.013577494
1800,135.3,1.204297417,4.013408495
1800,135.35,1.204295693,4.013233521
1800,135.4,1.204293628,4.013052576
1800,135.45,1.204291222,4.012865665
1800,135.5,1.204288476,4.01267279
1800,135.55,1.204285389,4.012473956
1800,135.6,1.204281962,4.012269167
1800,135.65,1.204278195,4.012058427
1800,135.7,1.204274087,4.011841739
1800,135.75,1.204269639,4.011619109
1800,135.8,1.204264852,4.01139054
1800,135.85,1.204259725,4.011156038
1800,135.9,1.204254258,4.010915605
1800,135.95,1.204248451,4.010669248
1800,136,1.204242305,4.010416971
1800,136.05,1.20423582,4.010158778
1800,136.1,1.204228996,4.009894674
1800,136.15,1.204221833,4.009624664
1800,136.2,1.204214331,4.009348753
1800,136.25,1.204206491,4.009066947
1800,136.3,1.204198312,4.008779249
1800,136.35,1.204189795,4.008485667
1800,136.4,1.204180939,4.008186204
1800,136.45,1.204171746,4.007880866
1800,136.5,1.204162214,4.007569659
1800,136.55,1.204152345,4.007252589
1800,136.6,1.204142138,4.00692966
1800,136.65,1.204131594,4.006600879
1800,136.7,1.204120713,4.006266251
1800,136.75,1.204109495,4.005925783
1800,136.8,1.204097939,4.00557948
1800,136.85,1.204086047,4.005227348
1800,136.9,1.204073818,4.004869394
1800,136.95,1.204061253,4.004505623
1800,137,1.204048352,4.004136042
1800,137.05,1.204035114,4.003760657
1800,137.1,1.204021541,4.003379475
1800,137.15,1.204007632,4.002992502
1800,137.2,1.203993387,4.002599745
1800,137.25,1.203978807,4.00220121
1800,137.3,1.203963892,4.001796905
1800,137.35,1.203948642,4.001386835
1800,137.4,1.203933056,4.000971008
1800,137.45,1.203917137,4.000549431
1800,137.5,1.203900882,4.000122111
1800,137.55,1.203884293,3.999689056
1800,137.6,1.203867371,3.999250271
1800,137.65,1.203850114,3.998805765
1800,137.7,1.203832524,3.998355545
1800,137.75,1.203814599,3.997899618
1800,137.8,1.203796342,3.997437992
1800,137.85,1.203777752,3.996970674
1800,137.9,1.203758828,3.996497673
1800,137.95,1.203739572,3.996018995
1800,138,1.203719983,3.995534649
1800,138.05,1.203700062,3.995044643
1800,138.1,1.203679808,3.994548984
1800,138.15,1.203659223,3.994047681
1800,138.2,1.203638306,3.993540741
1800,138.25,1.203617057,3.993028173
1800,138.3,1.203595477,3.992509986
1800,138.35,1.203573565,3.991986187
1800,138.4,1.203551323,3.991456784
1800,138.45,1.20352875,3.990921787
1800,138.5,1.203505847,3.990381204
1800,138.55,1.203482613,3.989835043
1800,138.6,1.203459049,3.989283313
1800,138.65,1.203435155,3.988726024
1800,138.7,1.203410932,3.988163183
1800,138.75,1.203386379,3.9875948
1800,138.8,1.203361497,3.987020883
1800,138.85,1.203336286,3.986441442
1800,138.9,1.203310746,3.985856486
1800,138.95,1.203284878,3.985266024
1800,139,1.203258681,3.984670065
1800,139.05,1.203232156,3.984068619
1800,139.1,1.203205304,3.983461695
1800,139.15,1.203178123,3.982849302
1800,139.2,1.203150616,3.98223145
1800,139.25,1.203122781,3.981608149
1800,139.3,1.203094619,3.980979408
1800,139.35,1.20306613,3.980345237
1800,139.4,1.203037315,3.979705645
1800,139.45,1.203008174,3.979060644
1800,139.5,1.202978707,3.978410242
1800,139.55,1.202948914,3.977754449
1800,139.6,1.202918796,3.977093276
1800,139.65,1.202888352,3.976426733
1800,139.7,1.202857584,3.97575483
1800,139.75,1.20282649,3.975077577
1800,139.8,1.202795072,3.974394985
1800,139.85,1.20276333,3.973707063
1800,139.9,1.202731264,3.973013823
1800,139.95,1.202698874,3.972315275
1800,140,1.202666161,3.97161143
1800,140.05,1.202633124,3.970902298
1800,140.1,1.202599765,3.970187889
1800,140.15,1.202566082,3.969468215
1800,140.2,1.202532078,3.968743287
1800,140.25,1.202497751,3.968013115
1800,140.3,1.202463102,3.967277711
1800,140.35,1.202428131,3.966537084
1800,140.4,1.202392839,3.965791248
1800,140.45,1.202357226,3.965040211
1800,140.5,1.202321292,3.964283987
1800,140.55,1.202285037,3.963522586
1800,140.6,1.202248462,3.962756018
1800,140.65,1.202211567,3.961984297
1800,140.7,1.202174353,3.961207433
1800,140.75,1.202136818,3.960425438
1800,140.8,1.202098965,3.959638322
1800,140.85,1.202060793,3.958846099
1800,140.9,1.202022301,3.958048779
1800,140.95,1.201983492,3.957246375
1800,141,1.201944364,3.956438897
1800,141.05,1.201904919,3.955626358
1800,141.1,1.201865156,3.95480877
1800,141.15,1.201825076,3.953986145
1800,141.2,1.201784679,3.953158494
1800,141.25,1.201743965,3.952325831
1800,141.3,1.201702935,3.951488166
1800,141.35,1.201661588,3.950645512
1800,141.4,1.201619926,3.949797882
1800,141.45,1.201577949,3.948945287
1800,141.5,1.201535656,3.94808774
1800,141.55,1.201493048,3.947225253
1800,141.6,1.201450126,3.946357839
1800,141.65,1.201406889,3.94548551
1800,141.7,1.201363339,3.944608279
1800,141.75,1.201319474,3.943726159
1800,141.8,1.201275297,3.942839161
1800,141.85,1.201230806,3.9419473
1800,141.9,1.201186002,3.941050586
1800,141.95,1.201140886,3.940149034
1800,142,1.201095458,3.939242656
1800,142.05,1.201049718,3.938331465
1800,142.1,1.201003666,3.937415474
1800,142.15,1.200957304,3.936494696
1800,142.2,1.20091063,3.935569144
1800,142.25,1.200863645,3.934638831
1800,142.3,1.200816351,3.93370377
1800,142.35,1.200768746,3.932763974
1800,142.4,1.200720832,3.931819457
1800,142.45,1.200672608,3.930870233
1800,142.5,1.200624076,3.929916313
1800,142.55,1.200575235,3.928957712
1800,142.6,1.200526085,3.927994443
1800,142.65,1.200476628,3.927026519
1800,142.7,1.200426862,3.926053954
1800,142.75,1.20037679,3.925076762
1800,142.8,1.20032641,3.924094956
1800,142.85,1.200275724,3.92310855
1800,142.9,1.200224731,3.922117557
1800,142.95,1.200173432,3.921121991
1800,143,1.200121828,3.920121866
1800,143.05,1.200069918,3.919117196
1800,143.1,1.200017704,3.918107994
1800,143.15,1.199965184,3.917094275
1800,143.2,1.19991236,3.916076052
1800,143.25,1.199859233,3.91505334
1800,143.3,1.199805801,3.914026152
1800,143.35,1.199752067,3.912994502
1800,143.4,1.199698029,3.911958405
1800,143.45,1.199643689,3.910917874
1800,143.5,1.199589046,3.909872925
1800,143.55,1.199534102,3.90882357
1800,143.6,1.199478856,3.907769824
1800,143.65,1.199423309,3.906711702
1800,143.7,1.199367461,3.905649218
1800,143.75,1.199311313,3.904582386
1800,143.8,1.199254864,3.90351122
1800,143.85,1.199198116,3.902435736
1800,143.9,1.199141068,3.901355947
1800,143.95,1.199083721,3.900271867
1800,144,1.199026076,3.899183513
1800,144.05,1.198968132,3.898090897
1800,144.1,1.19890989,3.896994035
1800,144.15,1.198851351,3.895892941
1800,144.2,1.198792514,3.89478763
1800,144.25,1.198733381,3.893678117
1800,144.3,1.198673951,3.892564416
1800,144.35,1.198614225,3.891446542
1800,144.4,1.198554203,3.890324511
1800,144.45,1.198493886,3.889198335
1800,144.5,1.198433274,3.888068032
1800,144.55,1.198372368,3.886933615
1800,144.6,1.198311167,3.885795099
1800,144.65,1.198249672,3.8846525
1800,144.7,1.198187884,3.883505832
1800,144.75,1.198125802,3.88235511
1800,144.8,1.198063428,3.881200349
1800,144.85,1.198000762,3.880041565
1800,144.9,1.197937803,3.878878773
1800,144.95,1.197874553,3.877711987
1800,145,1.197811012,3.876541223
1800,145.05,1.19774718,3.875366495
1800,145.1,1.197683058,3.87418782
1800,145.15,1.197618646,3.873005212
1800,145.2,1.197553944,3.871818687
1800,145.25,1.197488953,3.87062826
1800,145.3,1.197423673,3.869433945
1800,145.35,1.197358105,3.86823576
1800,145.4,1.197292248,3.867033718
1800,145.45,1.197226104,3.865827835
1800,145.5,1.197159673,3.864618127
1800,145.55,1.197092955,3.863404608
1800,145.6,1.19702595,3.862187296
1800,145.65,1.19695866,3.860966204
1800,145.7,1.196891084,3.859741348
1800,145.75,1.196823222,3.858512745
1800,145.8,1.196755076,3.857280409
1800,145.85,1.196686646,3.856044355
1800,145.9,1.196617931,3.854804601
1800,145.95,1.196548933,3.85356116
1800,146,1.196479652,3.852314049
1800,146.05,1.196410088,3.851063284
1800,146.1,1.196340241,3.849808879
1800,146.15,1.196270113,3.848550851
1800,146.2,1.196199703,3.847289216
1800,146.25,1.196129013,3.846023988
1800,146.3,1.196058041,3.844755184
1800,146.35,1.195986789,3.84348282
1800,146.4,1.195915258,3.842206911
1800,146.45,1.195843447,3.840927473
1800,146.5,1.195771357,3.839644521
1800,146.55,1.195698988,3.838358072
1800,146.6,1.195626341,3.837068142
1800,146.65,1.195553417,3.835774746
1800,146.7,1.195480215,3.834477899
1800,146.75,1.195406737,3.833177619
1800,146.8,1.195332982,3.83187392
1800,146.85,1.195258951,3.83056682
1800,146.9,1.195184644,3.829256332
1800,146.95,1.195110063,3.827942474
1800,147,1.195035207,3.826625262
1800,147.05,1.194960076,3.82530471
1800,147.1,1.194884672,3.823980836
1800,147.15,1.194808994,3.822653655
1800,147.2,1.194733043,3.821323184
1800,147.25,1.19465682,3.819989437
1800,147.3,1.194580325,3.818652432
1800,147.35,1.194503558,3.817312184
1800,147.4,1.19442652,3.815968708
1800,147.45,1.194349212,3.814622022
1800,147.5,1.194271633,3.813272142
1800,147.55,1.194193784,3.811919082
1800,147.6,1.194115666,3.81056286
1800,147.65,1.194037279,3.809203491
1800,147.7,1.193958624,3.807840991
1800,147.75,1.1938797,3.806475376
1800,147.8,1.193800509,3.805106664
1800,147.85,1.193721051,3.803734868
1800,147.9,1.193641326,3.802360007
1800,147.95,1.193561335,3.800982095
1800,148,1.193481079,3.799601149
1800,148.05,1.193400557,3.798217184
1800,148.1,1.19331977,3.796830218
1800,148.15,1.193238718,3.795440266
1800,148.2,1.193157403,3.794047344
1800,148.25,1.193075825,3.792651469
1800,148.3,1.192993983,3.791252656
1800,148.35,1.192911879,3.789850922
1800,148.4,1.192829513,3.788446282
1800,148.45,1.192746886,3.787038753
1800,148.5,1.192663997,3.785628351
1800,148.55,1.192580848,3.784215093
1800,148.6,1.192497438,3.782798993
1800,148.65,1.192413769,3.781380069
1800,148.7,1.19232984,3.779958336
1800,148.75,1.192245653,3.778533811
1800,148.8,1.192161208,3.77710651
1800,148.85,1.192076505,3.775676449
1800,148.9,1.191991544,3.774243643
1800,148.95,1.191906327,3.77280811
1800,149,1.191820853,3.771369865
1800,149.05,1.191735123,3.769928925
1800,149.1,1.191649138,3.768485305
1800,149.15,1.191562898,3.767039022
1800,149.2,1.191476404,3.765590091
1800,149.25,1.191389656,3.76413853
1800,149.3,1.191302654,3.762684354
1800,149.35,1.191215399,3.761227578
1800,149.4,1.191127892,3.759768221
1800,149.45,1.191040133,3.758306296
1800,149.5,1.190952122,3.756841821
1800,149.55,1.19086386,3.755374811
1800,149.6,1.190775348,3.753905284
1800,149.65,1.190686586,3.752433254
1800,149.7,1.190597574,3.750958737
1800,149.75,1.190508313,3.749481751
1800,149.8,1.190418804,3.748002311
1800,149.85,1.190329046,3.746520433
1800,149.9,1.190239041,3.745036133
1800,149.95,1.190148789,3.743549427
1800,150,1.19005829,3.742060331
1800,150.05,1.189967546,3.740568862
1800,150.1,1.189876555,3.739075035
1800,150.15,1.18978532,3.737578866
1800,150.2,1.18969384,3.736080372
1800,150.25,1.189602116,3.734579567
1800,150.3,1.189510149,3.73307647
1800,150.35,1.189417938,3.731571094
1800,150.4,1.189325485,3.730063457
1800,150.45,1.18923279,3.728553574
1800,150.5,1.189139853,3.727041462
1800,150.55,1.189046676,3.725527135
1800,150.6,1.188953258,3.724010611
1800,150.65,1.1888596,3.722491904
1800,150.7,1.188765702,3.720971032
1800,150.75,1.188671566,3.719448009
1800,150.8,1.188577191,3.717922853
1800,150.85,1.188482578,3.716395577
1800,150.9,1.188387728,3.7148662
1800,150.95,1.188292641,3.713334735
1800,151,1.188197318,3.7118012
1800,151.05,1.188101758,3.71026561
1800,151.1,1.188005964,3.708727981
1800,151.15,1.187909934,3.707188329
1800,151.2,1.187813671,3.705646668
1800,151.25,1.187717173,3.704103017
1800,151.3,1.187620443,3.702557389
1800,151.35,1.187523479,3.701009801
1800,151.4,1.187426284,3.699460268
1800,151.45,1.187328857,3.697908806
1800,151.5,1.187231198,3.696355432
1800,151.55,1.187133309,3.69480016
1800,151.6,1.18703519,3.693243006
1800,151.65,1.186936842,3.691683986
1800,151.7,1.186838264,3.690123116
1800,151.75,1.186739458,3.688560411
1800,151.8,1.186640424,3.686995887
1800,151.85,1.186541163,3.685429559
1800,151.9,1.186441675,3.683861443
1800,151.95,1.18634196,3.682291555
1800,152,1.18624202,3.680719909
1800,152.05,1.186141855,3.679146522
1800,152.1,1.186041464,3.67757141
1800,152.15,1.18594085,3.675994587
1800,152.2,1.185840012,3.674416069
1800,152.25,1.185738951,3.672835871
1800,152.3,1.185637667,3.67125401
1800,152.35,1.185536161,3.669670499
1800,152.4,1.185434434,3.668085356
1800,152.45,1.185332486,3.666498594
1800,152.5,1.185230317,3.66491023
1800,152.55,1.185127929,3.663320279
1800,152.6,1.185025322,3.661728756
1800,152.65,1.184922495,3.660135677
1800,152.7,1.184819451,3.658541056
1800,152.75,1.184716189,3.656944909
1800,152.8,1.184612709,3.655347251
1800,152.85,1.184509014,3.653748097
1800,152.9,1.184405102,3.652147463
1800,152.95,1.184300975,3.650545364
1800,153,1.184196633,3.648941815
1800,153.05,1.184092076,3.64733683
1800,153.1,1.183987306,3.645730426
1800,153.15,1.183882323,3.644122617
1800,153.2,1.183777127,3.642513418
1800,153.25,1.183671719,3.640902845
1800,153.3,1.183566099,3.639290911
1800,153.35,1.183460269,3.637677633
1800,153.4,1.183354228,3.636063025
1800,153.45,1.183247977,3.634447103
1800,153.5,1.183141517,3.63282988
1800,153.55,1.183034848,3.631211373
1800,153.6,1.182927971,3.629591595
1800,153.65,1.182820887,3.627970562
1800,153.7,1.182713595,3.626348289
1800,153.75,1.182606097,3.62472479
1800,153.8,1.182498393,3.62310008
1800,153.85,1.182390484,3.621474173
1800,153.9,1.18228237,3.619847086
1800,153.95,1.182174051,3.618218831
1800,154,1.182065529,3.616589425
1800,154.05,1.181956805,3.614958881
1800,154.1,1.181847877,3.613327215
1800,154.15,1.181738748,3.61169444
1800,154.2,1.181629417,3.610060572
1800,154.25,1.181519886,3.608425624
1800,154.3,1.181410154,3.606789612
1800,154.35,1.181300223,3.60515255
1800,154.4,1.181190093,3.603514452
1800,154.45,1.181079764,3.601875333
1800,154.5,1.180969237,3.600235207
1800,154.55,1.180858513,3.598594089
1800,154.6,1.180747593,3.596951993
1800,154.65,1.180636476,3.595308934
1800,154.7,1.180525164,3.593664924
1800,154.75,1.180413656,3.59201998
1800,154.8,1.180301954,3.590374115
1800,154.85,1.180190059,3.588727343
1800,154.9,1.18007797,3.587079679
1800,154.95,1.179965689,3.585431136
1800,155,1.179853215,3.583781729
1800,155.05,1.17974055,3.582131472
1800,155.1,1.179627694,3.58048038
1800,155.15,1.179514648,3.578828465
1800,155.2,1.179401412,3.577175742
1800,155.25,1.179287987,3.575522225
1800,155.3,1.179174373,3.573867929
1800,155.35,1.179060571,3.572212866
1800,155.4,1.178946582,3.570557051
1800,155.45,1.178832406,3.568900498
1800,155.5,1.178718044,3.56724322
1800,155.55,1.178603497,3.565585232
1800,155.6,1.178488764,3.563926547
1800,155.65,1.178373847,3.562267179
1800,155.7,1.178258746,3.560607141
1800,155.75,1.178143462,3.558946448
1800,155.8,1.178027995,3.557285113
1800,155.85,1.177912346,3.555623149
1800,155.9,1.177796516,3.553960571
1800,155.95,1.177680505,3.552297391
1800,156,1.177564314,3.550633624
1800,156.05,1.177447943,3.548969282
1800,156.1,1.177331393,3.54730438
1800,156.15,1.177214664,3.54563893
1800,156.2,1.177097758,3.543972947
1800,156.25,1.176980674,3.542306443
1800,156.3,1.176863414,3.540639432
1800,156.35,1.176745978,3.538971928
1800,156.4,1.176628366,3.537303943
1800,156.45,1.17651058,3.53563549
1800,156.5,1.176392619,3.533966584
1800,156.55,1.176274484,3.532297236
1800,156.6,1.176156177,3.530627461
1800,156.65,1.176037697,3.528957272
1800,156.7,1.175919045,3.527286681
1800,156.75,1.175800222,3.525615702
1800,156.8,1.175681229,3.523944347
1800,156.85,1.175562065,3.52227263
1800,156.9,1.175442732,3.520600564
1800,156.95,1.17532323,3.518928161
1800,157,1.17520356,3.517255435
1800,157.05,1.175083723,3.515582398
1800,157.1,1.174963718,3.513909063
1800,157.15,1.174843548,3.512235443
1800,157.2,1.174723211,3.510561551
1800,157.25,1.17460271,3.508887399
1800,157.3,1.174482043,3.507213
1800,157.35,1.174361213,3.505538368
1800,157.4,1.17424022,3.503863513
1800,157.45,1.174119064,3.50218845
1800,157.5,1.173997746,3.500513191
1800,157.55,1.173876267,3.498837747
1800,157.6,1.173754626,3.497162133
1800,157.65,1.173632826,3.495486359
1800,157.7,1.173510866,3.493810439
1800,157.75,1.173388747,3.492134385
1800,157.8,1.173266469,3.49045821
1800,157.85,1.173144034,3.488781925
1800,157.9,1.173021442,3.487105543
1800,157.95,1.172898693,3.485429076
1800,158,1.172775789,3.483752537
1800,158.05,1.172652729,3.482075938
1800,158.1,1.172529514,3.48039929
1800,158.15,1.172406146,3.478722607
1800,158.2,1.172282624,3.477045899
1800,158.25,1.172158949,3.47536918
1800,158.3,1.172035122,3.47369246
1800,158.35,1.171911144,3.472015753
1800,158.4,1.171787015,3.47033907
1800,158.45,1.171662735,3.468662423
1800,158.5,1.171538306,3.466985824
1800,158.55,1.171413728,3.465309285
1800,158.6,1.171289001,3.463632818
1800,158.65,1.171164127,3.461956433
1800,158.7,1.171039105,3.460280144
1800,158.75,1.170913937,3.458603962
1800,158.8,1.170788623,3.456927898
1800,158.85,1.170663164,3.455251964
1800,158.9,1.17053756,3.453576173
1800,158.95,1.170411812,3.451900534
1800,159,1.170285921,3.450225061
1800,159.05,1.170159887,3.448549763
1800,159.1,1.170033711,3.446874654
1800,159.15,1.169907393,3.445199744
1800,159.2,1.169780934,3.443525045
1800,159.25,1.169654336,3.441850568
1800,159.3,1.169527597,3.440176324
1800,159.35,1.16940072,3.438502325
1800,159.4,1.169273704,3.436828581
1800,159.45,1.169146551,3.435155105
1800,159.5,1.169019261,3.433481908
1800,159.55,1.168891834,3.431809
1800,159.6,1.168764271,3.430136392
1800,159.65,1.168636573,3.428464097
1800,159.7,1.168508741,3.426792124
1800,159.75,1.168380775,3.425120484
1800,159.8,1.168252675,3.42344919
1800,159.85,1.168124443,3.421778251
1800,159.9,1.167996079,3.420107679
1800,159.95,1.167867584,3.418437485
1800,160,1.167738957,3.416767679
1800,160.05,1.167610201,3.415098271
1800,160.1,1.167481315,3.413429274
1800,160.15,1.167352301,3.411760698
1800,160.2,1.167223158,3.410092552
1800,160.25,1.167093888,3.408424849
1800,160.3,1.166964491,3.406757598
1800,160.35,1.166834967,3.405090811
1800,160.4,1.166705318,3.403424497
1800,160.45,1.166575544,3.401758667
1800,160.5,1.166445646,3.400093333
1800,160.55,1.166315624,3.398428503
1800,160.6,1.166185479,3.396764189
1800,160.65,1.166055212,3.395100401
1800,160.7,1.165924822,3.39343715
1800,160.75,1.165794312,3.391774444
1800,160.8,1.165663681,3.390112296
1800,160.85,1.16553293,3.388450715
1800,160.9,1.16540206,3.386789712
1800,160.95,1.165271072,3.385129295
1800,161,1.165139966,3.383469477
1800,161.05,1.165008742,3.381810266
1800,161.1,1.164877402,3.380151673
1800,161.15,1.164745945,3.378493708
1800,161.2,1.164614374,3.37683638
1800,161.25,1.164482688,3.3751797
1800,161.3,1.164350887,3.373523678
1800,161.35,1.164218973,3.371868323
1800,161.4,1.164086947,3.370213646
1800,161.45,1.163954808,3.368559656
1800,161.5,1.163822558,3.366906363
1800,161.55,1.163690197,3.365253777
1800,161.6,1.163557726,3.363601907
1800,161.65,1.163425145,3.361950763
1800,161.7,1.163292456,3.360300355
1800,161.75,1.163159658,3.358650692
1800,161.8,1.163026753,3.357001784
1800,161.85,1.16289374,3.35535364
1800,161.9,1.162760622,3.35370627
1800,161.95,1.162627398,3.352059684
1800,162,1.162494068,3.35041389
1800,162.05,1.162360635,3.348768899
1800,162.1,1.162227097,3.347124719
1800,162.15,1.162093457,3.34548136
1800,162.2,1.161959714,3.343838831
1800,162.25,1.16182587,3.342197141
1800,162.3,1.161691924,3.3405563
1800,162.35,1.161557878,3.338916317
1800,162.4,1.161423732,3.3372772
1800,162.45,1.161289487,3.33563896
1800,162.5,1.161155143,3.334001605
1800,162.55,1.161020702,3.332365144
1800,162.6,1.160886163,3.330729586
1800,162.65,1.160751528,3.32909494
1800,162.7,1.160616797,3.327461215
1800,162.75,1.160481971,3.32582842
1800,162.8,1.16034705,3.324196564
1800,162.85,1.160212035,3.322565655
1800,162.9,1.160076927,3.320935703
1800,162.95,1.159941726,3.319306716
1800,163,1.159806433,3.317678703
1800,163.05,1.159671049,3.316051673
1800,163.1,1.159535574,3.314425633
1800,163.15,1.159400009,3.312800594
1800,163.2,1.159264354,3.311176563
1800,163.25,1.159128611,3.30955355
1800,163.3,1.15899278,3.307931562
1800,163.35,1.158856861,3.306310608
1800,163.4,1.158720856,3.304690696
1800,163.45,1.158584764,3.303071835
1800,163.5,1.158448587,3.301454034
1800,163.55,1.158312326,3.2998373
1800,163.6,1.15817598,3.298221643
1800,163.65,1.15803955,3.296607069
1800,163.7,1.157903038,3.294993588
1800,163.75,1.157766443,3.293381208
1800,163.8,1.157629767,3.291769937
1800,163.85,1.15749301,3.290159783
1800,163.9,1.157356172,3.288550754
1800,163.95,1.157219256,3.286942858
1800,164,1.15708226,3.285336104
1800,164.05,1.156945186,3.283730499
1800,164.1,1.156808034,3.282126051
1800,164.15,1.156670805,3.280522768
1800,164.2,1.1565335,3.278920659
1800,164.25,1.156396119,3.277319731
1800,164.3,1.156258663,3.275719991
1800,164.35,1.156121133,3.274121449
1800,164.4,1.155983529,3.27252411
1800,164.45,1.155845852,3.270927984
1800,164.5,1.155708103,3.269333078
1800,164.55,1.155570282,3.2677394
1800,164.6,1.15543239,3.266146957
1800,164.65,1.155294427,3.264555757
1800,164.7,1.155156395,3.262965807
1800,164.75,1.155018293,3.261377115
1800,164.8,1.154880123,3.259789689
1800,164.85,1.154741885,3.258203536
1800,164.9,1.15460358,3.256618663
1800,164.95,1.154465209,3.255035079
1800,165,1.154326772,3.253452789
1800,165.05,1.154188269,3.251871803
1800,165.1,1.154049702,3.250292126
1800,165.15,1.153911071,3.248713767
1800,165.2,1.153772377,3.247136732
1800,165.25,1.15363362,3.245561028
1800,165.3,1.153494801,3.243986664
1800,165.35,1.153355921,3.242413646
1800,165.4,1.15321698,3.240841981
1800,165.45,1.15307798,3.239271677
1800,165.5,1.15293892,3.23770274
1800,165.55,1.152799801,3.236135177
1800,165.6,1.152660625,3.234568996
1800,165.65,1.152521391,3.233004203
1800,165.7,1.1523821,3.231440806
1800,165.75,1.152242753,3.22987881
1800,165.8,1.152103351,3.228318224
1800,165.85,1.151963894,3.226759054
1800,165.9,1.151824383,3.225201307
1800,165.95,1.151684819,3.223644989
1800,166,1.151545202,3.222090108
1800,166.05,1.151405533,3.22053667
1800,166.1,1.151265812,3.218984681
1800,166.15,1.15112604,3.217434149
1800,166.2,1.150986219,3.21588508
1800,166.25,1.150846348,3.214337481
1800,166.3,1.150706427,3.212791357
1800,166.35,1.150566459,3.211246717
1800,166.4,1.150426443,3.209703566
1800,166.45,1.150286381,3.20816191
1800,166.5,1.150146272,3.206621757
1800,166.55,1.150006117,3.205083112
1800,166.6,1.149865918,3.203545982
1800,166.65,1.149725674,3.202010373
1800,166.7,1.149585387,3.200476293
1800,166.75,1.149445057,3.198943745
1800,166.8,1.149304684,3.197412739
1800,166.85,1.14916427,3.195883278
1800,166.9,1.149023814,3.19435537
1800,166.95,1.148883319,3.192829021
1800,167,1.148742783,3.191304237
1800,167.05,1.148602209,3.189781024
1800,167.1,1.148461596,3.188259388
1800,167.15,1.148320945,3.186739335
1800,167.2,1.148180257,3.185220872
1800,167.25,1.148039533,3.183704003
1800,167.3,1.147898773,3.182188736
1800,167.35,1.147757978,3.180675076
1800,167.4,1.147617148,3.179163029
1800,167.45,1.147476285,3.177652601
1800,167.5,1.147335388,3.176143797
1800,167.55,1.147194459,3.174636624
1800,167.6,1.147053497,3.173131088
1800,167.65,1.146912505,3.171627193
1800,167.7,1.146771482,3.170124946
1800,167.75,1.146630429,3.168624353
1800,167.8,1.146489346,3.167125419
1800,167.85,1.146348235,3.16562815
1800,167.9,1.146207096,3.164132552
1800,167.95,1.14606593,3.162638629
1800,168,1.145924737,3.161146388
1800,168.05,1.145783518,3.159655835
1800,168.1,1.145642273,3.158166974
1800,168.15,1.145501004,3.156679811
1800,168.2,1.14535971,3.155194351
1800,168.25,1.145218393,3.153710601
1800,168.3,1.145077053,3.152228565
1800,168.35,1.144935691,3.150748249
1800,168.4,1.144794308,3.149269658
1800,168.45,1.144652904,3.147792798
1800,168.5,1.144511479,3.146317673
1800,168.55,1.144370035,3.144844289
1800,168.6,1.144228572,3.143372652
1800,168.65,1.14408709,3.141902766
1800,168.7,1.143945591,3.140434636
1800,168.75,1.143804075,3.138968268
1800,168.8,1.143662542,3.137503667
1800,168.85,1.143520994,3.136040838
1800,168.9,1.143379431,3.134579786
1800,168.95,1.143237853,3.133120516
1800,169,1.143096261,3.131663033
1800,169.05,1.142954656,3.130207343
1800,169.1,1.142813039,3.128753449
1800,169.15,1.14267141,3.127301357
1800,169.2,1.14252977,3.125851072
1800,169.25,1.142388119,3.124402599
1800,169.3,1.142246458,3.122955942
1800,169.35,1.142104788,3.121511107
1800,169.4,1.141963109,3.120068098
1800,169.45,1.141821422,3.11862692
1800,169.5,1.141679728,3.117187577
1800,169.55,1.141538027,3.115750075
1800,169.6,1.14139632,3.114314419
1800,169.65,1.141254608,3.112880612
1800,169.7,1.14111289,3.11144866
1800,169.75,1.140971169,3.110018567
1800,169.8,1.140829444,3.108590337
1800,169.85,1.140687716,3.107163976
1800,169.9,1.140545986,3.105739488
1800,169.95,1.140404254,3.104316877
1800,170,1.140262521,3.102896148
1800,170.05,1.140120788,3.101477305
1800,170.1,1.139979055,3.100060353
1800,170.15,1.139837323,3.098645296
1800,170.2,1.139695593,3.097232139
1800,170.25,1.139553865,3.095820886
1800,170.3,1.139412139,3.094411541
1800,170.35,1.139270418,3.093004108
1800,170.4,1.1391287,3.091598593
1800,170.45,1.138986987,3.090194999
1800,170.5,1.138845279,3.08879333
1800,170.55,1.138703577,3.087393591
1800,170.6,1.138561882,3.085995786
1800,170.65,1.138420195,3.084599919
1800,170.7,1.138278515,3.083205995
1800,170.75,1.138136844,3.081814016
1800,170.8,1.137995181,3.080423988
1800,170.85,1.137853529,3.079035915
1800,170.9,1.137711887,3.0776498
1800,170.95,1.137570256,3.076265648
1800,171,1.137428637,3.074883462
1800,171.05,1.13728703,3.073503248
1800,171.1,1.137145436,3.072125007
1800,171.15,1.137003856,3.070748746
1800,171.2,1.13686229,3.069374466
1800,171.25,1.136720739,3.068002174
1800,171.3,1.136579203,3.066631871
1800,171.35,1.136437683,3.065263562
1800,171.4,1.13629618,3.063897252
1800,171.45,1.136154694,3.062532943
1800,171.5,1.136013226,3.06117064
1800,171.55,1.135871777,3.059810346
1800,171.6,1.135730347,3.058452065
1800,171.65,1.135588937,3.0570958
1800,171.7,1.135447548,3.055741556
1800,171.75,1.135306179,3.054389337
1800,171.8,1.135164832,3.053039145
1800,171.85,1.135023508,3.051690984
1800,171.9,1.134882206,3.050344858
1800,171.95,1.134740928,3.049000771
1800,172,1.134599674,3.047658726
1800,172.05,1.134458445,3.046318727
1800,172.1,1.134317242,3.044980776
1800,172.15,1.134176065,3.043644879
1800,172.2,1.134034914,3.042311038
1800,172.25,1.13389379,3.040979256
1800,172.3,1.133752695,3.039649537
1800,172.35,1.133611628,3.038321885
1800,172.4,1.13347059,3.036996303
1800,172.45,1.133329582,3.035672793
1800,172.5,1.133188604,3.034351361
1800,172.55,1.133047657,3.033032008
1800,172.6,1.132906742,3.031714739
1800,172.65,1.132765859,3.030399555
1800,172.7,1.132625009,3.029086462
1800,172.75,1.132484193,3.027775462
1800,172.8,1.13234341,3.026466558
1800,172.85,1.132202662,3.025159753
1800,172.9,1.13206195,3.023855051
1800,172.95,1.131921273,3.022552455
1800,173,1.131780633,3.021251967
1800,173.05,1.13164003,3.019953592
1800,173.1,1.131499465,3.018657332
1800,173.15,1.131358938,3.01736319
1800,173.2,1.13121845,3.016071169
1800,173.25,1.131078002,3.014781273
1800,173.3,1.130937594,3.013493504
1800,173.35,1.130797227,3.012207865
1800,173.4,1.130656901,3.01092436
1800,173.45,1.130516617,3.009642991
1800,173.5,1.130376375,3.008363762
1800,173.55,1.130236177,3.007086674
1800,173.6,1.130096023,3.005811732
1800,173.65,1.129955913,3.004538938
1800,173.7,1.129815848,3.003268294
1800,173.75,1.129675829,3.001999804
1800,173.8,1.129535856,3.000733471
1800,173.85,1.12939593,2.999469297
1800,173.9,1.129256051,2.998207285
1800,173.95,1.12911622,2.996947439
1800,174,1.128976438,2.995689759
1800,174.05,1.128836705,2.994434251
1800,174.1,1.128697022,2.993180915
1800,174.15,1.128557389,2.991929756
1800,174.2,1.128417808,2.990680774
1800,174.25,1.128278278,2.989433975
1800,174.3,1.1281388,2.988189359
1800,174.35,1.127999375,2.986946929
1800,174.4,1.127860004,2.985706688
1800,174.45,1.127720686,2.98446864
1800,174.5,1.127581423,2.983232785
1800,174.55,1.127442216,2.981999127
1800,174.6,1.127303064,2.980767669
1800,174.65,1.127163968,2.979538413
1800,174.7,1.12702493,2.978311361
1800,174.75,1.126885949,2.977086516
1800,174.8,1.126747026,2.97586388
1800,174.85,1.126608162,2.974643456
1800,174.9,1.126469357,2.973425246
1800,174.95,1.126330612,2.972209253
1800,175,1.126191928,2.970995479
1800,175.05,1.126053304,2.969783927
1800,175.1,1.125914743,2.968574598
1800,175.15,1.125776243,2.967367496
1800,175.2,1.125637807,2.966162622
1800,175.25,1.125499434,2.964959979
1800,175.3,1.125361125,2.963759569
1800,175.35,1.12522288,2.962561395
1800,175.4,1.125084701,2.961365458
1800,175.45,1.124946588,2.960171761
1800,175.5,1.124808541,2.958980307
1800,175.55,1.124670561,2.957791097
1800,175.6,1.124532648,2.956604133
1800,175.65,1.124394803,2.955419419
1800,175.7,1.124257027,2.954236955
1800,175.75,1.124119321,2.953056745
1800,175.8,1.123981684,2.95187879
1800,175.85,1.123844117,2.950703092
1800,175.9,1.123706622,2.949529654
1800,175.95,1.123569198,2.948358477
1800,176,1.123431846,2.947189564
1800,176.05,1.123294567,2.946022917
1800,176.1,1.123157361,2.944858538
1800,176.15,1.123020229,2.943696429
1800,176.2,1.122883172,2.942536592
1800,176.25,1.122746189,2.941379028
1800,176.3,1.122609282,2.94022374
1800,176.35,1.122472451,2.939070731
1800,176.4,1.122335697,2.937920001
1800,176.45,1.12219902,2.936771552
1800,176.5,1.12206242,2.935625388
1800,176.55,1.1219259,2.934481509
1800,176.6,1.121789458,2.933339918
1800,176.65,1.121653096,2.932200616
1800,176.7,1.121516813,2.931063605
1800,176.75,1.121380612,2.929928887
1800,176.8,1.121244491,2.928796465
1800,176.85,1.121108453,2.927666339
1800,176.9,1.120972497,2.926538512
1800,176.95,1.120836623,2.925412985
1800,177,1.120700833,2.92428976
1800,177.05,1.120565127,2.92316884
1800,177.1,1.120429506,2.922050225
1800,177.15,1.12029397,2.920933917
1800,177.2,1.120158519,2.919819919
1800,177.25,1.120023155,2.918708232
1800,177.3,1.119887877,2.917598857
1800,177.35,1.119752687,2.916491797
1800,177.4,1.119617585,2.915387052
1800,177.45,1.119482571,2.914284626
1800,177.5,1.119347647,2.913184518
1800,177.55,1.119212811,2.912086732
1800,177.6,1.119078066,2.910991268
1800,177.65,1.118943412,2.909898128
1800,177.7,1.118808848,2.908807314
1800,177.75,1.118674377,2.907718828
1800,177.8,1.118539998,2.90663267
1800,177.85,1.118405711,2.905548843
1800,177.9,1.118271518,2.904467348
1800,177.95,1.118137419,2.903388186
1800,178,1.118003415,2.90231136
1800,178.05,1.117869505,2.90123687
1800,178.1,1.117735691,2.900164719
1800,178.15,1.117601974,2.899094906
1800,178.2,1.117468352,2.898027435
1800,178.25,1.117334828,2.896962307
1800,178.3,1.117201402,2.895899522
1800,178.35,1.117068074,2.894839083
1800,178.4,1.116934845,2.893780991
1800,178.45,1.116801715,2.892725247
1800,178.5,1.116668685,2.891671852
1800,178.55,1.116535755,2.890620809
1800,178.6,1.116402927,2.889572118
1800,178.65,1.1162702,2.88852578
1800,178.7,1.116137574,2.887481798
1800,178.75,1.116005052,2.886440172
1800,178.8,1.115872632,2.885400904
1800,178.85,1.115740316,2.884363995
1800,178.9,1.115608105,2.883329447
1800,178.95,1.115475997,2.88229726
1800,179,1.115343995,2.881267436
1800,179.05,1.115212099,2.880239976
1800,179.1,1.115080309,2.879214882
1800,179.15,1.114948626,2.878192154
1800,179.2,1.11481705,2.877171795
1800,179.25,1.114685582,2.876153805
1800,179.3,1.114554222,2.875138185
1800,179.35,1.114422971,2.874124937
1800,179.4,1.114291829,2.873114061
1800,179.45,1.114160797,2.87210556
1800,179.5,1.114029876,2.871099434
1800,179.55,1.113899065,2.870095684
1800,179.6,1.113768367,2.869094311
1800,179.65,1.113637779,2.868095318
1800,179.7,1.113507305,2.867098704
1800,179.75,1.113376943,2.86610447
1800,179.8,1.113246695,2.865112619
1800,179.85,1.113116561,2.864123151
1800,179.9,1.112986542,2.863136067
1800,179.95,1.112856637,2.862151369
1800,180,1.112726848,2.861169056
1800,180.05,1.112597175,2.860189131
1800,180.1,1.112467619,2.859211595
1800,180.15,1.11233818,2.858236448
1800,180.2,1.112208858,2.857263691
1800,180.25,1.112079654,2.856293326
1800,180.3,1.111950569,2.855325354
1800,180.35,1.111821603,2.854359775
1800,180.4,1.111692757,2.853396591
1800,180.45,1.11156403,2.852435802
1800,180.5,1.111435425,2.851477409
1800,180.55,1.11130694,2.850521414
1800,180.6,1.111178577,2.849567817
1800,180.65,1.111050336,2.84861662
1800,180.7,1.110922217,2.847667823
1800,180.75,1.110794222,2.846721427
1800,180.8,1.11066635,2.845777433
1800,180.85,1.110538603,2.844835842
1800,180.9,1.110410979,2.843896655
1800,180.95,1.110283481,2.842959873
1800,181,1.110156109,2.842025497
1800,181.05,1.110028862,2.841093527
1800,181.1,1.109901742,2.840163964
1800,181.15,1.109774749,2.83923681
1800,181.2,1.109647883,2.838312065
1800,181.25,1.109521146,2.83738973
1800,181.3,1.109394537,2.836469805
1800,181.35,1.109268057,2.835552292
1800,181.4,1.109141706,2.834637192
1800,181.45,1.109015485,2.833724504
1800,181.5,1.108889394,2.832814231
1800,181.55,1.108763435,2.831906372
1800,181.6,1.108637607,2.831000929
1800,181.65,1.10851191,2.830097902
1800,181.7,1.108386346,2.829197293
1800,181.75,1.108260915,2.828299101
1800,181.8,1.108135617,2.827403327
1800,181.85,1.108010452,2.826509973
1800,181.9,1.107885422,2.825619039
1800,181.95,1.107760527,2.824730526
1800,182,1.107635766,2.823844434
1800,182.05,1.107511142,2.822960764
1800,182.1,1.107386653,2.822079518
1800,182.15,1.107262301,2.821200694
1800,182.2,1.107138086,2.820324295
1800,182.25,1.107014008,2.819450321
1800,182.3,1.106890069,2.818578773
1800,182.35,1.106766268,2.81770965
1800,182.4,1.106642605,2.816842955
1800,182.45,1.106519082,2.815978687
1800,182.5,1.106395699,2.815116847
1800,182.55,1.106272456,2.814257436
1800,182.6,1.106149354,2.813400454
1800,182.65,1.106026393,2.812545903
1800,182.7,1.105903574,2.811693782
1800,182.75,1.105780897,2.810844092
1800,182.8,1.105658362,2.809996834
1800,182.85,1.10553597,2.809152009
1800,182.9,1.105413722,2.808309616
1800,182.95,1.105291618,2.807469657
1800,183,1.105169658,2.806632132
1800,183.05,1.105047842,2.805797042
1800,183.1,1.104926173,2.804964387
1800,183.15,1.104804648,2.804134168
1800,183.2,1.10468327,2.803306385
1800,183.25,1.104562039,2.802481039
1800,183.3,1.104440954,2.801658131
1800,183.35,1.104320018,2.80083766
1800,183.4,1.104199229,2.800019628
1800,183.45,1.104078588,2.799204034
1800,183.5,1.103958096,2.79839088
1800,183.55,1.103837754,2.797580166
1800,183.6,1.103717561,2.796771893
1800,183.65,1.103597518,2.79596606
1800,183.7,1.103477626,2.795162669
1800,183.75,1.103357885,2.794361719
1800,183.8,1.103238295,2.793563212
1800,183.85,1.103118857,2.792767147
1800,183.9,1.102999571,2.791973526
1800,183.95,1.102880439,2.791182348
1800,184,1.102761459,2.790393615
1800,184.05,1.102642633,2.789607325
1800,184.1,1.102523961,2.788823481
1800,184.15,1.102405443,2.788042082
1800,184.2,1.10228708,2.787263129
1800,184.25,1.102168873,2.786486623
1800,184.3,1.102050821,2.785712562
1800,184.35,1.101932925,2.784940949
1800,184.4,1.101815186,2.784171783
1800,184.45,1.101697604,2.783405065
1800,184.5,1.10158018,2.782640795
1800,184.55,1.101462913,2.781878974
1800,184.6,1.101345804,2.781119601
1800,184.65,1.101228854,2.780362678
1800,184.7,1.101112063,2.779608205
1800,184.75,1.100995432,2.778856181
1800,184.8,1.10087896,2.778106608
1800,184.85,1.100762649,2.777359485
1800,184.9,1.100646498,2.776614814
1800,184.95,1.100530509,2.775872594
1800,185,1.100414681,2.775132825
1800,185.05,1.100299015,2.774395509
1800,185.1,1.100183511,2.773660644
1800,185.15,1.10006817,2.772928233
1800,185.2,1.099952993,2.772198274
1800,185.25,1.099837978,2.771470769
1800,185.3,1.099723128,2.770745718
1800,185.35,1.099608442,2.77002312
1800,185.4,1.099493921,2.769302976
1800,185.45,1.099379565,2.768585287
1800,185.5,1.099265375,2.767870053
1800,185.55,1.09915135,2.767157273
1800,185.6,1.099037492,2.766446949
1800,185.65,1.098923801,2.76573908
1800,185.7,1.098810276,2.765033667
1800,185.75,1.09869692,2.764330711
1800,185.8,1.098583731,2.76363021
1800,185.85,1.09847071,2.762932167
1800,185.9,1.098357858,2.76223658
1800,185.95,1.098245175,2.76154345
1800,186,1.098132662,2.760852777
1800,186.05,1.098020318,2.760164562
1800,186.1,1.097908145,2.759478805
1800,186.15,1.097796142,2.758795505
1800,186.2,1.097684311,2.758114664
1800,186.25,1.09757265,2.757436282
1800,186.3,1.097461162,2.756760358
1800,186.35,1.097349845,2.756086893
1800,186.4,1.097238701,2.755415887
1800,186.45,1.09712773,2.75474734
1800,186.5,1.097016932,2.754081252
1800,186.55,1.096906308,2.753417625
1800,186.6,1.096795857,2.752756457
1800,186.65,1.096685581,2.752097749
1800,186.7,1.09657548,2.751441502
1800,186.75,1.096465554,2.750787715
1800,186.8,1.096355804,2.750136388
1800,186.85,1.096246229,2.749487522
1800,186.9,1.09613683,2.748841117
1800,186.95,1.096027608,2.748197174
1800,187,1.095918563,2.747555691
1800,187.05,1.095809695,2.74691667
1800,187.1,1.095701005,2.74628011
1800,187.15,1.095592493,2.745646012
1800,187.2,1.095484159,2.745014376
1800,187.25,1.095376004,2.744385202
1800,187.3,1.095268028,2.743758491
1800,187.35,1.095160231,2.743134241
1800,187.4,1.095052615,2.742512454
1800,187.45,1.094945178,2.741893129
1800,187.5,1.094837922,2.741276267
1800,187.55,1.094730846,2.740661868
1800,187.6,1.094623952,2.740049932
1800,187.65,1.09451724,2.739440459
1800,187.7,1.094410709,2.738833449
1800,187.75,1.09430436,2.738228902
1800,187.8,1.094198194,2.737626819
1800,187.85,1.094092211,2.737027199
1800,187.9,1.093986411,2.736430042
1800,187.95,1.093880795,2.73583535
1800,188,1.093775363,2.735243121
1800,188.05,1.093670115,2.734653356
1800,188.1,1.093565052,2.734066055
1800,188.15,1.093460173,2.733481218
1800,188.2,1.09335548,2.732898846
1800,188.25,1.093250972,2.732318937
1800,188.3,1.093146651,2.731741493
1800,188.35,1.093042515,2.731166514
1800,188.4,1.092938566,2.730593998
1800,188.45,1.092834804,2.730023948
1800,188.5,1.09273123,2.729456362
1800,188.55,1.092627843,2.72889124
1800,188.6,1.092524644,2.728328584
1800,188.65,1.092421633,2.727768392
1800,188.7,1.09231881,2.727210665
1800,188.75,1.092216177,2.726655403
1800,188.8,1.092113732,2.726102606
1800,188.85,1.092011478,2.725552275
1800,188.9,1.091909413,2.725004408
1800,188.95,1.091807538,2.724459007
1800,189,1.091705853,2.72391607
1800,189.05,1.09160436,2.723375599
1800,189.1,1.091503057,2.722837593
1800,189.15,1.091401946,2.722302053
1800,189.2,1.091301027,2.721768978
1800,189.25,1.091200299,2.721238369
1800,189.3,1.091099764,2.720710224
1800,189.35,1.090999421,2.720184546
1800,189.4,1.090899272,2.719661333
1800,189.45,1.090799316,2.719140585
1800,189.5,1.090699553,2.718622303
1800,189.55,1.090599984,2.718106487
1800,189.6,1.090500609,2.717593136
1800,189.65,1.090401429,2.717082251
1800,189.7,1.090302443,2.716573832
1800,189.75,1.090203652,2.716067878
1800,189.8,1.090105057,2.71556439
1800,189.85,1.090006657,2.715063368
1800,189.9,1.089908453,2.714564811
1800,189.95,1.089810446,2.714068721
1800,190,1.089712635,2.713575096
1800,190.05,1.089615021,2.713083936
1800,190.1,1.089517603,2.712595243
1800,190.15,1.089420383,2.712109015
1800,190.2,1.089323361,2.711625253
1800,190.25,1.089226537,2.711143957
1800,190.3,1.089129911,2.710665127
1800,190.35,1.089033483,2.710188762
1800,190.4,1.088937254,2.709714863
1800,190.45,1.088841225,2.70924343
1800,190.5,1.088745394,2.708774463
1800,190.55,1.088649763,2.708307961
1800,190.6,1.088554333,2.707843925
1800,190.65,1.088459102,2.707382355
1800,190.7,1.088364071,2.706923251
1800,190.75,1.088269242,2.706466612
1800,190.8,1.088174613,2.706012439
1800,190.85,1.088080186,2.705560732
1800,190.9,1.08798596,2.70511149
1800,190.95,1.087891936,2.704664714
1800,191,1.087798113,2.704220404
1800,191.05,1.087704494,2.703778559
1800,191.1,1.087611076,2.70333918
1800,191.15,1.087517862,2.702902266
1800,191.2,1.087424851,2.702467818
1800,191.25,1.087332043,2.702035835
1800,191.3,1.087239438,2.701606318
1800,191.35,1.087147038,2.701179266
1800,191.4,1.087054841,2.70075468
1800,191.45,1.086962849,2.700332559
1800,191.5,1.086871062,2.699912904
1800,191.55,1.08677948,2.699495713
1800,191.6,1.086688102,2.699080988
1800,191.65,1.08659693,2.698668729
1800,191.7,1.086505964,2.698258934
1800,191.75,1.086415203,2.697851605
1800,191.8,1.086324649,2.697446741
1800,191.85,1.086234301,2.697044342
1800,191.9,1.08614416,2.696644408
1800,191.95,1.086054225,2.696246939
1800,192,1.085964498,2.695851935
1800,192.05,1.085874977,2.695459396
1800,192.1,1.085785665,2.695069322
1800,192.15,1.08569656,2.694681713
1800,192.2,1.085607663,2.694296569
1800,192.25,1.085518975,2.69391389
1800,192.3,1.085430495,2.693533675
1800,192.35,1.085342224,2.693155925
1800,192.4,1.085254161,2.692780639
1800,192.45,1.085166308,2.692407819
1800,192.5,1.085078664,2.692037463
1800,192.55,1.08499123,2.691669571
1800,192.6,1.084904006,2.691304144
1800,192.65,1.084816992,2.690941181
1800,192.7,1.084730188,2.690580682
1800,192.75,1.084643595,2.690222648
1800,192.8,1.084557213,2.689867079
1800,192.85,1.084471041,2.689513973
1800,192.9,1.084385081,2.689163332
1800,192.95,1.084299332,2.688815154
1800,193,1.084213795,2.688469441
1800,193.05,1.084128469,2.688126192
1800,193.1,1.084043356,2.687785407
1800,193.15,1.083958455,2.687447085
1800,193.2,1.083873766,2.687111228
1800,193.25,1.08378929,2.686777834
1800,193.3,1.083705027,2.686446904
1800,193.35,1.083620977,2.686118438
1800,193.4,1.083537141,2.685792435
1800,193.45,1.083453518,2.685468896
1800,193.5,1.083370108,2.685147821
1800,193.55,1.083286913,2.684829209
1800,193.6,1.083203931,2.68451306
1800,193.65,1.083121164,2.684199375
1800,193.7,1.083038611,2.683888153
1800,193.75,1.082956273,2.683579395
1800,193.8,1.08287415,2.683273099
1800,193.85,1.082792242,2.682969267
1800,193.9,1.08271055,2.682667898
1800,193.95,1.082629072,2.682368992
1800,194,1.082547811,2.682072549
1800,194.05,1.082466765,2.681778568
1800,194.1,1.082385935,2.681487051
1800,194.15,1.082305322,2.681197996
1800,194.2,1.082224925,2.680911404
1800,194.25,1.082144744,2.680627275
1800,194.3,1.08206478,2.680345609
1800,194.35,1.081985033,2.680066405
1800,194.4,1.081905504,2.679789663
1800,194.45,1.081826191,2.679515384
1800,194.5,1.081747096,2.679243568
1800,194.55,1.081668219,2.678974213
1800,194.6,1.081589559,2.678707321
1800,194.65,1.081511118,2.678442892
1800,194.7,1.081432895,2.678180924
1800,194.75,1.08135489,2.677921418
1800,194.8,1.081277103,2.677664375
1800,194.85,1.081199535,2.677409794
1800,194.9,1.081122186,2.677157674
1800,194.95,1.081045057,2.676908017
1800,195,1.080968146,2.676660821
1800,195.05,1.080891454,2.676416087
1800,195.1,1.080814982,2.676173815
1800,195.15,1.08073873,2.675934004
1800,195.2,1.080662697,2.675696655
1800,195.25,1.080586885,2.675461768
1800,195.3,1.080511292,2.675229342
1800,195.35,1.08043592,2.674999377
1800,195.4,1.080360769,2.674771874
1800,195.45,1.080285837,2.674546832
1800,195.5,1.080211127,2.674324252
1800,195.55,1.080136638,2.674104133
1800,195.6,1.080062369,2.673886474
1800,195.65,1.079988322,2.673671277
1800,195.7,1.079914496,2.673458542
1800,195.75,1.079840891,2.673248267
1800,195.8,1.079767508,2.673040453
1800,195.85,1.079694347,2.6728351
1800,195.9,1.079621408,2.672632207
1800,195.95,1.07954869,2.672431776
1800,196,1.079476195,2.672233805
1800,196.05,1.079403922,2.672038296
1800,196.1,1.079331872,2.671845246
1800,196.15,1.079260044,2.671654658
1800,196.2,1.079188439,2.671466529
1800,196.25,1.079117057,2.671280862
1800,196.3,1.079045898,2.671097655
1800,196.35,1.078974961,2.670916908
1800,196.4,1.078904248,2.670738622
1800,196.45,1.078833759,2.670562796
1800,196.5,1.078763492,2.67038943
1800,196.55,1.07869345,2.670218524
1800,196.6,1.078623631,2.670050079
1800,196.65,1.078554036,2.669884093
1800,196.7,1.078484665,2.669720568
1800,196.75,1.078415518,2.669559503
1800,196.8,1.078346595,2.669400898
1800,196.85,1.078277896,2.669244753
1800,196.9,1.078209422,2.669091067
1800,196.95,1.078141173,2.668939842
1800,197,1.078073148,2.668791076
1800,197.05,1.078005348,2.668644771
1800,197.1,1.077937772,2.668500924
1800,197.15,1.077870422,2.668359538
1800,197.2,1.077803297,2.668220611
1800,197.25,1.077736397,2.668084144
1800,197.3,1.077669722,2.667950137
1800,197.35,1.077603273,2.667818589
1800,197.4,1.077537049,2.6676895
1800,197.45,1.07747105,2.667562871
1800,197.5,1.077405278,2.667438702
1800,197.55,1.077339731,2.667316992
1800,197.6,1.07727441,2.667197741
1800,197.65,1.077209315,2.667080949
1800,197.7,1.077144446,2.666966617
1800,197.75,1.077079803,2.666854744
1800,197.8,1.077015387,2.666745331
1800,197.85,1.076951197,2.666638376
1800,197.9,1.076887233,2.666533881
1800,197.95,1.076823496,2.666431845
1800,198,1.076759985,2.666332268
1800,198.05,1.076696702,2.66623515
1800,198.1,1.076633645,2.666140491
1800,198.15,1.076570814,2.666048291
1800,198.2,1.076508211,2.66595855
1800,198.25,1.076445835,2.665871268
1800,198.3,1.076383686,2.665786445
1800,198.35,1.076321764,2.665704081
1800,198.4,1.076260069,2.665624176
1800,198.45,1.076198601,2.66554673
1800,198.5,1.076137361,2.665471742
1800,198.55,1.076076349,2.665399213
1800,198.6,1.076015564,2.665329144
1800,198.65,1.075955006,2.665261533
1800,198.7,1.075894677,2.66519638
1800,198.75,1.075834575,2.665133687
1800,198.8,1.075774701,2.665073452
1800,198.85,1.075715054,2.665015676
1800,198.9,1.075655636,2.664960358
1800,198.95,1.075596445,2.6649075
1800,199,1.075537483,2.664857099
1800,199.05,1.075478749,2.664809158
1800,199.1,1.075420243,2.664763675
1800,199.15,1.075361965,2.664720651
1800,199.2,1.075303916,2.664680085
1800,199.25,1.075246094,2.664641978
1800,199.3,1.075188502,2.66460633
1800,199.35,1.075131137,2.66457314
1800,199.4,1.075074001,2.664542409
1800,199.45,1.075017094,2.664514136
1800,199.5,1.074960415,2.664488321
1800,199.55,1.074903965,2.664464966
1800,199.6,1.074847744,2.664444068
1800,199.65,1.074791751,2.66442563
1800,199.7,1.074735987,2.664409649
1800,199.75,1.074680452,2.664396128
1800,199.8,1.074625146,2.664385065
1800,199.85,1.074570068,2.66437646
1800,199.9,1.07451522,2.664370314
1800,199.95,1.0744606,2.664366626
1800,200,1.07440621,2.664365397
1800,200.05,1.074352048,2.664366626
1800,200.1,1.074298116,2.664370314
1800,200.15,1.074244412,2.66437646
1800,200.2,1.074190938,2.664385065
1800,200.25,1.074137693,2.664396128
1800,200.3,1.074084677,2.664409649
1800,200.35,1.07403189,2.66442563
1800,200.4,1.073979333,2.664444068
1800,200.45,1.073927004,2.664464966
1800,200.5,1.073874905,2.664488321
1800,200.55,1.073823036,2.664514136
1800,200.6,1.073771395,2.664542409
1800,200.65,1.073719984,2.66457314
1800,200.7,1.073668802,2.66460633
1800,200.75,1.07361785,2.664641978
1800,200.8,1.073567127,2.664680085
1800,200.85,1.073516633,2.664720651
1800,200.9,1.073466369,2.664763675
1800,200.95,1.073416334,2.664809158
1800,201,1.073366529,2.664857099
1800,201.05,1.073316953,2.6649075
1800,201.1,1.073267606,2.664960358
1800,201.15,1.073218489,2.665015676
1800,201.2,1.073169601,2.665073452
1800,201.25,1.073120943,2.665133687
1800,201.3,1.073072514,2.66519638
1800,201.35,1.073024315,2.665261533
1800,201.4,1.072976345,2.665329144
1800,201.45,1.072928604,2.665399213
1800,201.5,1.072881093,2.665471742
1800,201.55,1.072833812,2.66554673
1800,201.6,1.072786759,2.665624176
1800,201.65,1.072739937,2.665704081
1800,201.7,1.072693343,2.665786445
1800,201.75,1.072646979,2.665871268
1800,201.8,1.072600845,2.66595855
1800,201.85,1.07255494,2.666048291
1800,201.9,1.072509264,2.666140491
1800,201.95,1.072463817,2.66623515
1800,202,1.0724186,2.666332268
1800,202.05,1.072373612,2.666431845
1800,202.1,1.072328854,2.666533881
1800,202.15,1.072284324,2.666638376
1800,202.2,1.072240024,2.666745331
1800,202.25,1.072195954,2.666854744
1800,202.3,1.072152112,2.666966617
1800,202.35,1.0721085,2.667080949
1800,202.4,1.072065116,2.667197741
1800,202.45,1.072021962,2.667316992
1800,202.5,1.071979037,2.667438702
1800,202.55,1.071936342,2.667562871
1800,202.6,1.071893875,2.6676895
1800,202.65,1.071851637,2.667818589
1800,202.7,1.071809628,2.667950137
1800,202.75,1.071767848,2.668084144
1800,202.8,1.071726297,2.668220611
1800,202.85,1.071684975,2.668359538
1800,202.9,1.071643882,2.668500924
1800,202.95,1.071603017,2.668644771
1800,203,1.071562381,2.668791076
1800,203.05,1.071521974,2.668939842
1800,203.1,1.071481796,2.669091067
1800,203.15,1.071441846,2.669244753
1800,203.2,1.071402125,2.669400898
1800,203.25,1.071362632,2.669559503
1800,203.3,1.071323368,2.669720568
1800,203.35,1.071284332,2.669884093
1800,203.4,1.071245525,2.670050079
1800,203.45,1.071206946,2.670218524
1800,203.5,1.071168595,2.67038943
1800,203.55,1.071130473,2.670562796
1800,203.6,1.071092578,2.670738622
1800,203.65,1.071054912,2.670916908
1800,203.7,1.071017474,2.671097655
1800,203.75,1.070980264,2.671280862
1800,203.8,1.070943281,2.671466529
1800,203.85,1.070906527,2.671654658
1800,203.9,1.07087,2.671845246
1800,203.95,1.070833701,2.672038296
1800,204,1.07079763,2.672233805
1800,204.05,1.070761787,2.672431776
1800,204.1,1.070726171,2.672632207
1800,204.15,1.070690782,2.6728351
1800,204.2,1.070655621,2.673040453
1800,204.25,1.070620687,2.673248267
1800,204.3,1.07058598,2.673458542
1800,204.35,1.070551501,2.673671277
1800,204.4,1.070517249,2.673886474
1800,204.45,1.070483224,2.674104133
1800,204.5,1.070449425,2.674324252
1800,204.55,1.070415854,2.674546832
1800,204.6,1.070382509,2.674771874
1800,204.65,1.070349391,2.674999377
1800,204.7,1.0703165,2.675229342
1800,204.75,1.070283835,2.675461768
1800,204.8,1.070251397,2.675696655
1800,204.85,1.070219185,2.675934004
1800,204.9,1.0701872,2.676173815
1800,204.95,1.070155441,2.676416087
1800,205,1.070123907,2.676660821
1800,205.05,1.0700926,2.676908017
1800,205.1,1.070061519,2.677157674
1800,205.15,1.070030663,2.677409794
1800,205.2,1.070000034,2.677664375
1800,205.25,1.06996963,2.677921418
1800,205.3,1.069939451,2.678180924
1800,205.35,1.069909498,2.678442892
1800,205.4,1.069879771,2.678707321
1800,205.45,1.069850268,2.678974213
1800,205.5,1.069820991,2.679243568
1800,205.55,1.069791939,2.679515384
1800,205.6,1.069763111,2.679789663
1800,205.65,1.069734509,2.680066405
1800,205.7,1.069706131,2.680345609
1800,205.75,1.069677978,2.680627275
1800,205.8,1.06965005,2.680911404
1800,205.85,1.069622346,2.681197996
1800,205.9,1.069594866,2.681487051
1800,205.95,1.06956761,2.681778568
1800,206,1.069540579,2.682072549
1800,206.05,1.069513771,2.682368992
1800,206.1,1.069487188,2.682667898
1800,206.15,1.069460828,2.682969267
1800,206.2,1.069434691,2.683273099
1800,206.25,1.069408778,2.683579395
1800,206.3,1.069383089,2.683888153
1800,206.35,1.069357623,2.684199375
1800,206.4,1.06933238,2.68451306
1800,206.45,1.06930736,2.684829209
1800,206.5,1.069282562,2.685147821
1800,206.55,1.069257988,2.685468896
1800,206.6,1.069233636,2.685792435
1800,206.65,1.069209507,2.686118438
1800,206.7,1.0691856,2.686446904
1800,206.75,1.069161915,2.686777834
1800,206.8,1.069138452,2.687111228
1800,206.85,1.069115212,2.687447085
1800,206.9,1.069092193,2.687785407
1800,206.95,1.069069396,2.688126192
1800,207,1.06904682,2.688469441
1800,207.05,1.069024466,2.688815154
1800,207.1,1.069002334,2.689163332
1800,207.15,1.068980422,2.689513973
1800,207.2,1.068958731,2.689867079
1800,207.25,1.068937262,2.690222648
1800,207.3,1.068916013,2.690580682
1800,207.35,1.068894984,2.690941181
1800,207.4,1.068874176,2.691304144
1800,207.45,1.068853588,2.691669571
1800,207.5,1.068833221,2.692037463
1800,207.55,1.068813073,2.692407819
1800,207.6,1.068793146,2.692780639
1800,207.65,1.068773438,2.693155925
1800,207.7,1.068753949,2.693533675
1800,207.75,1.06873468,2.69391389
1800,207.8,1.06871563,2.694296569
1800,207.85,1.068696799,2.694681713
1800,207.9,1.068678188,2.695069322
1800,207.95,1.068659795,2.695459396
1800,208,1.06864162,2.695851935
1800,208.05,1.068623664,2.696246939
1800,208.1,1.068605926,2.696644408
1800,208.15,1.068588407,2.697044342
1800,208.2,1.068571105,2.697446741
1800,208.25,1.068554021,2.697851605
1800,208.3,1.068537155,2.698258934
1800,208.35,1.068520506,2.698668729
1800,208.4,1.068504075,2.699080988
1800,208.45,1.06848786,2.699495713
1800,208.5,1.068471863,2.699912904
1800,208.55,1.068456082,2.700332559
1800,208.6,1.068440518,2.70075468
1800,208.65,1.068425171,2.701179266
1800,208.7,1.068410039,2.701606318
1800,208.75,1.068395124,2.702035835
1800,208.8,1.068380425,2.702467818
1800,208.85,1.068365941,2.702902266
1800,208.9,1.068351673,2.70333918
1800,208.95,1.06833762,2.703778559
1800,209,1.068323783,2.704220404
1800,209.05,1.06831016,2.704664714
1800,209.1,1.068296753,2.70511149
1800,209.15,1.06828356,2.705560732
1800,209.2,1.068270581,2.706012439
1800,209.25,1.068257817,2.706466612
1800,209.3,1.068245267,2.706923251
1800,209.35,1.068232931,2.707382355
1800,209.4,1.068220808,2.707843925
1800,209.45,1.068208899,2.708307961
1800,209.5,1.068197203,2.708774463
1800,209.55,1.068185721,2.70924343
1800,209.6,1.068174451,2.709714863
1800,209.65,1.068163394,2.710188762
1800,209.7,1.068152549,2.710665127
1800,209.75,1.068141917,2.711143957
1800,209.8,1.068131498,2.711625253
1800,209.85,1.06812129,2.712109015
1800,209.9,1.068111293,2.712595243
1800,209.95,1.068101509,2.713083936
1800,210,1.068091935,2.713575096
1800,210.05,1.068082573,2.714068721
1800,210.1,1.068073422,2.714564811
1800,210.15,1.068064481,2.715063368
1800,210.2,1.068055751,2.71556439
1800,210.25,1.068047232,2.716067878
1800,210.3,1.068038922,2.716573832
1800,210.35,1.068030823,2.717082251
1800,210.4,1.068022933,2.717593136
1800,210.45,1.068015252,2.718106487
1800,210.5,1.068007781,2.718622303
1800,210.55,1.068000519,2.719140585
1800,210.6,1.067993465,2.719661333
1800,210.65,1.06798662,2.720184546
1800,210.7,1.067979984,2.720710224
1800,210.75,1.067973556,2.721238369
1800,210.8,1.067967336,2.721768978
1800,210.85,1.067961323,2.722302053
1800,210.9,1.067955518,2.722837593
1800,210.95,1.067949921,2.723375599
1800,211,1.06794453,2.72391607
1800,211.05,1.067939346,2.724459007
1800,211.1,1.067934369,2.725004408
1800,211.15,1.067929598,2.725552275
1800,211.2,1.067925034,2.726102606
1800,211.25,1.067920675,2.726655403
1800,211.3,1.067916522,2.727210665
1800,211.35,1.067912575,2.727768392
1800,211.4,1.067908833,2.728328584
1800,211.45,1.067905295,2.72889124
1800,211.5,1.067901963,2.729456362
1800,211.55,1.067898835,2.730023948
1800,211.6,1.067895912,2.730593998
1800,211.65,1.067893192,2.731166514
1800,211.7,1.067890677,2.731741493
1800,211.75,1.067888365,2.732318937
1800,211.8,1.067886256,2.732898846
1800,211.85,1.06788435,2.733481218
1800,211.9,1.067882648,2.734066055
1800,211.95,1.067881148,2.734653356
1800,212,1.06787985,2.735243121
1800,212.05,1.067878755,2.73583535
1800,212.1,1.067877861,2.736430042
1800,212.15,1.067877169,2.737027199
1800,212.2,1.067876678,2.737626819
1800,212.25,1.067876389,2.738228902
1800,212.3,1.067876301,2.738833449
1800,212.35,1.067876413,2.739440459
1800,212.4,1.067876725,2.740049932
1800,212.45,1.067877238,2.740661868
1800,212.5,1.067877951,2.741276267
1800,212.55,1.067878863,2.741893129
1800,212.6,1.067879975,2.742512454
1800,212.65,1.067881286,2.743134241
1800,212.7,1.067882795,2.743758491
1800,212.75,1.067884504,2.744385202
1800,212.8,1.06788641,2.745014376
1800,212.85,1.067888515,2.745646012
1800,212.9,1.067890818,2.74628011
1800,212.95,1.067893318,2.74691667
1800,213,1.067896016,2.747555691
1800,213.05,1.06789891,2.748197174
1800,213.1,1.067902002,2.748841117
1800,213.15,1.067905289,2.749487522
1800,213.2,1.067908774,2.750136388
1800,213.25,1.067912454,2.750787715
1800,213.3,1.067916329,2.751441502
1800,213.35,1.067920401,2.752097749
1800,213.4,1.067924667,2.752756457
1800,213.45,1.067929129,2.753417625
1800,213.5,1.067933785,2.754081252
1800,213.55,1.067938635,2.75474734
1800,213.6,1.067943679,2.755415887
1800,213.65,1.067948918,2.756086893
1800,213.7,1.067954349,2.756760358
1800,213.75,1.067959974,2.757436282
1800,213.8,1.067965792,2.758114664
1800,213.85,1.067971803,2.758795505
1800,213.9,1.067978006,2.759478805
1800,213.95,1.067984401,2.760164562
1800,214,1.067990989,2.760852777
1800,214.05,1.067997767,2.76154345
1800,214.1,1.068004737,2.76223658
1800,214.15,1.068011898,2.762932167
1800,214.2,1.06801925,2.76363021
1800,214.25,1.068026792,2.764330711
1800,214.3,1.068034524,2.765033667
1800,214.35,1.068042446,2.76573908
1800,214.4,1.068050558,2.766446949
1800,214.45,1.068058859,2.767157273
1800,214.5,1.068067349,2.767870053
1800,214.55,1.068076028,2.768585287
1800,214.6,1.068084895,2.769302976
1800,214.65,1.06809395,2.77002312
1800,214.7,1.068103193,2.770745718
1800,214.75,1.068112623,2.771470769
1800,214.8,1.068122241,2.772198274
1800,214.85,1.068132046,2.772928233
1800,214.9,1.068142037,2.773660644
1800,214.95,1.068152215,2.774395509
1800,215,1.068162578,2.775132825
1800,215.05,1.068173128,2.775872594
1800,215.1,1.068183863,2.776614814
1800,215.15,1.068194783,2.777359485
1800,215.2,1.068205887,2.778106608
1800,215.25,1.068217177,2.778856181
1800,215.3,1.06822865,2.779608205
1800,215.35,1.068240308,2.780362678
1800,215.4,1.068252149,2.781119601
1800,215.45,1.068264173,2.781878974
1800,215.5,1.06827638,2.782640795
1800,215.55,1.06828877,2.783405065
1800,215.6,1.068301342,2.784171783
1800,215.65,1.068314097,2.784940949
1800,215.7,1.068327033,2.785712562
1800,215.75,1.068340151,2.786486623
1800,215.8,1.068353449,2.787263129
1800,215.85,1.068366929,2.788042082
1800,215.9,1.068380589,2.788823481
1800,215.95,1.068394429,2.789607325
1800,216,1.068408449,2.790393615
1800,216.05,1.068422648,2.791182348
1800,216.1,1.068437027,2.791973526
1800,216.15,1.068451585,2.792767147
1800,216.2,1.068466321,2.793563212
1800,216.25,1.068481236,2.794361719
1800,216.3,1.068496328,2.795162669
1800,216.35,1.068511598,2.79596606
1800,216.4,1.068527046,2.796771893
1800,216.45,1.06854267,2.797580166
1800,216.5,1.068558471,2.79839088
1800,216.55,1.068574448,2.799204034
1800,216.6,1.068590601,2.800019628
1800,216.65,1.06860693,2.80083766
1800,216.7,1.068623435,2.801658131
1800,216.75,1.068640114,2.802481039
1800,216.8,1.068656968,2.803306385
1800,216.85,1.068673996,2.804134168
1800,216.9,1.068691199,2.804964387
1800,216.95,1.068708575,2.805797042
1800,217,1.068726124,2.806632132
1800,217.05,1.068743846,2.807469657
1800,217.1,1.068761741,2.808309616
1800,217.15,1.068779809,2.809152009
1800,217.2,1.068798048,2.809996834
1800,217.25,1.068816459,2.810844092
1800,217.3,1.068835042,2.811693782
1800,217.35,1.068853795,2.812545903
1800,217.4,1.068872719,2.813400454
1800,217.45,1.068891813,2.814257436
1800,217.5,1.068911078,2.815116847
1800,217.55,1.068930512,2.815978687
1800,217.6,1.068950115,2.816842955
1800,217.65,1.068969887,2.81770965
1800,217.7,1.068989828,2.818578773
1800,217.75,1.069009937,2.819450321
1800,217.8,1.069030214,2.820324295
1800,217.85,1.069050659,2.821200694
1800,217.9,1.06907127,2.822079518
1800,217.95,1.069092049,2.822960764
1800,218,1.069112994,2.823844434
1800,218.05,1.069134105,2.824730526
1800,218.1,1.069155383,2.825619039
1800,218.15,1.069176825,2.826509973
1800,218.2,1.069198433,2.827403327
1800,218.25,1.069220205,2.828299101
1800,218.3,1.069242142,2.829197293
1800,218.35,1.069264243,2.830097902
1800,218.4,1.069286508,2.831000929
1800,218.45,1.069308936,2.831906372
1800,218.5,1.069331527,2.832814231
1800,218.55,1.069354281,2.833724504
1800,218.6,1.069377197,2.834637192
1800,218.65,1.069400275,2.835552292
1800,218.7,1.069423514,2.836469805
1800,218.75,1.069446915,2.83738973
1800,218.8,1.069470476,2.838312065
1800,218.85,1.069494198,2.83923681
1800,218.9,1.06951808,2.840163964
1800,218.95,1.069542122,2.841093527
1800,219,1.069566324,2.842025497
1800,219.05,1.069590684,2.842959873
1800,219.1,1.069615203,2.843896655
1800,219.15,1.06963988,2.844835842
1800,219.2,1.069664715,2.845777433
1800,219.25,1.069689708,2.846721427
1800,219.3,1.069714858,2.847667823
1800,219.35,1.069740165,2.84861662
1800,219.4,1.069765628,2.849567817
1800,219.45,1.069791248,2.850521414
1800,219.5,1.069817023,2.851477409
1800,219.55,1.069842953,2.852435802
1800,219.6,1.069869039,2.853396591
1800,219.65,1.069895279,2.854359775
1800,219.7,1.069921673,2.855325354
1800,219.75,1.069948221,2.856293326
1800,219.8,1.069974923,2.857263691
1800,219.85,1.070001778,2.858236448
1800,219.9,1.070028785,2.859211595
1800,219.95,1.070055945,2.860189131
1800,220,1.070083257,2.861169056
1800,220.05,1.07011072,2.862151369
1800,220.1,1.070138335,2.863136067
1800,220.15,1.070166101,2.864123151
1800,220.2,1.070194017,2.865112619
1800,220.25,1.070222083,2.86610447
1800,220.3,1.070250299,2.867098704
1800,220.35,1.070278664,2.868095318
1800,220.4,1.070307178,2.869094311
1800,220.45,1.070335841,2.870095684
1800,220.5,1.070364652,2.871099434
1800,220.55,1.070393611,2.87210556
1800,220.6,1.070422717,2.873114061
1800,220.65,1.07045197,2.874124937
1800,220.7,1.07048137,2.875138185
1800,220.75,1.070510916,2.876153805
1800,220.8,1.070540608,2.877171795
1800,220.85,1.070570445,2.878192154
1800,220.9,1.070600428,2.879214882
1800,220.95,1.070630555,2.880239976
1800,221,1.070660826,2.881267436
1800,221.05,1.070691242,2.88229726
1800,221.1,1.070721801,2.883329447
1800,221.15,1.070752503,2.884363995
1800,221.2,1.070783348,2.885400904
1800,221.25,1.070814335,2.886440172
1800,221.3,1.070845464,2.887481798
1800,221.35,1.070876735,2.88852578
1800,221.4,1.070908147,2.889572118
1800,221.45,1.0709397,2.890620809
1800,221.5,1.070971393,2.891671852
1800,221.55,1.071003226,2.892725247
1800,221.6,1.071035199,2.893780991
1800,221.65,1.071067311,2.894839083
1800,221.7,1.071099562,2.895899522
1800,221.75,1.071131951,2.896962307
1800,221.8,1.071164478,2.898027435
1800,221.85,1.071197143,2.899094906
1800,221.9,1.071229945,2.900164719
1800,221.95,1.071262884,2.90123687
1800,222,1.071295959,2.90231136
1800,222.05,1.07132917,2.903388186
1800,222.1,1.071362517,2.904467348
1800,222.15,1.071395999,2.905548843
1800,222.2,1.071429616,2.90663267
1800,222.25,1.071463367,2.907718828
1800,222.3,1.071497252,2.908807314
1800,222.35,1.07153127,2.909898128
1800,222.4,1.071565422,2.910991268
1800,222.45,1.071599707,2.912086732
1800,222.5,1.071634124,2.913184518
1800,222.55,1.071668673,2.914284626
1800,222.6,1.071703353,2.915387052
1800,222.65,1.071738165,2.916491797
1800,222.7,1.071773107,2.917598857
1800,222.75,1.07180818,2.918708232
1800,222.8,1.071843382,2.919819919
1800,222.85,1.071878714,2.920933917
1800,222.9,1.071914176,2.922050225
1800,222.95,1.071949765,2.92316884
1800,223,1.071985483,2.92428976
1800,223.05,1.072021329,2.925412985
1800,223.1,1.072057303,2.926538512
1800,223.15,1.072093403,2.927666339
1800,223.2,1.07212963,2.928796465
1800,223.25,1.072165983,2.929928887
1800,223.3,1.072202462,2.931063605
1800,223.35,1.072239066,2.932200616
1800,223.4,1.072275795,2.933339918
1800,223.45,1.072312649,2.934481509
1800,223.5,1.072349627,2.935625388
1800,223.55,1.072386728,2.936771552
1800,223.6,1.072423953,2.937920001
1800,223.65,1.072461301,2.939070731
1800,223.7,1.072498771,2.94022374
1800,223.75,1.072536363,2.941379028
1800,223.8,1.072574076,2.942536592
1800,223.85,1.072611911,2.943696429
1800,223.9,1.072649867,2.944858538
1800,223.95,1.072687943,2.946022917
1800,224,1.072726138,2.947189564
1800,224.05,1.072764454,2.948358477
1800,224.1,1.072802888,2.949529654
1800,224.15,1.072841441,2.950703092
1800,224.2,1.072880112,2.95187879
1800,224.25,1.072918901,2.953056745
1800,224.3,1.072957807,2.954236955
1800,224.35,1.072996831,2.955419419
1800,224.4,1.07303597,2.956604133
1800,224.45,1.073075226,2.957791097
1800,224.5,1.073114598,2.958980307
1800,224.55,1.073154084,2.960171761
1800,224.6,1.073193686,2.961365458
1800,224.65,1.073233402,2.962561395
1800,224.7,1.073273232,2.963759569
1800,224.75,1.073313175,2.964959979
1800,224.8,1.073353232,2.966162622
1800,224.85,1.073393401,2.967367496
1800,224.9,1.073433682,2.968574598
1800,224.95,1.073474075,2.969783927
1800,225,1.07351458,2.970995479
1800,225.05,1.073555195,2.972209253
1800,225.1,1.073595921,2.973425246
1800,225.15,1.073636757,2.974643456
1800,225.2,1.073677703,2.97586388
1800,225.25,1.073718757,2.977086516
1800,225.3,1.073759921,2.978311361
1800,225.35,1.073801193,2.979538413
1800,225.4,1.073842573,2.980767669
1800,225.45,1.07388406,2.981999127
1800,225.5,1.073925654,2.983232785
1800,225.55,1.073967355,2.98446864
1800,225.6,1.074009162,2.985706688
1800,225.65,1.074051075,2.986946929
1800,225.7,1.074093093,2.988189359
1800,225.75,1.074135216,2.989433975
1800,225.8,1.074177443,2.990680774
1800,225.85,1.074219775,2.991929756
1800,225.9,1.074262209,2.993180915
1800,225.95,1.074304747,2.994434251
1800,226,1.074347388,2.995689759
1800,226.05,1.07439013,2.996947439
1800,226.1,1.074432975,2.998207285
1800,226.15,1.074475921,2.999469297
1800,226.2,1.074518968,3.000733471
1800,226.25,1.074562115,3.001999804
1800,226.3,1.074605362,3.003268294
1800,226.35,1.074648709,3.004538938
1800,226.4,1.074692155,3.005811732
1800,226.45,1.074735699,3.007086674
1800,226.5,1.074779342,3.008363762
1800,226.55,1.074823083,3.009642991
1800,226.6,1.074866921,3.01092436
1800,226.65,1.074910856,3.012207865
1800,226.7,1.074954887,3.013493504
1800,226.75,1.074999014,3.014781273
1800,226.8,1.075043237,3.016071169
1800,226.85,1.075087555,3.01736319
1800,226.9,1.075131968,3.018657332
1800,226.95,1.075176475,3.019953592
1800,227,1.075221076,3.021251967
1800,227.05,1.07526577,3.022552455
1800,227.1,1.075310557,3.023855051
1800,227.15,1.075355436,3.025159753
1800,227.2,1.075400408,3.026466558
1800,227.25,1.075445471,3.027775462
1800,227.3,1.075490625,3.029086462
1800,227.35,1.07553587,3.030399555
1800,227.4,1.075581205,3.031714739
1800,227.45,1.075626629,3.033032008
1800,227.5,1.075672143,3.034351361
1800,227.55,1.075717746,3.035672793
1800,227.6,1.075763438,3.036996303
1800,227.65,1.075809217,3.038321885
1800,227.7,1.075855084,3.039649537
1800,227.75,1.075901038,3.040979256
1800,227.8,1.075947078,3.042311038
1800,227.85,1.075993205,3.043644879
1800,227.9,1.076039417,3.044980776
1800,227.95,1.076085714,3.046318727
1800,228,1.076132097,3.047658726
1800,228.05,1.076178563,3.049000771
1800,228.1,1.076225114,3.050344858
1800,228.15,1.076271748,3.051690984
1800,228.2,1.076318465,3.053039145
1800,228.25,1.076365265,3.054389337
1800,228.3,1.076412146,3.055741556
1800,228.35,1.07645911,3.0570958
1800,228.4,1.076506154,3.058452065
1800,228.45,1.076553279,3.059810346
1800,228.5,1.076600485,3.06117064
1800,228.55,1.07664777,3.062532943
1800,228.6,1.076695134,3.063897252
1800,228.65,1.076742578,3.065263562
1800,228.7,1.0767901,3.066631871
1800,228.75,1.076837699,3.068002174
1800,228.8,1.076885377,3.069374466
1800,228.85,1.076933131,3.070748746
1800,228.9,1.076980962,3.072125007
1800,228.95,1.07702887,3.073503248
1800,229,1.077076852,3.074883462
1800,229.05,1.077124911,3.076265648
1800,229.1,1.077173044,3.0776498
1800,229.15,1.077221251,3.079035915
1800,229.2,1.077269532,3.080423988
1800,229.25,1.077317886,3.081814016
1800,229.3,1.077366314,3.083205995
1800,229.35,1.077414814,3.084599919
1800,229.4,1.077463386,3.085995786
1800,229.45,1.077512029,3.087393591
1800,229.5,1.077560744,3.08879333
1800,229.55,1.077609529,3.090194999
1800,229.6,1.077658385,3.091598593
1800,229.65,1.07770731,3.093004108
1800,229.7,1.077756304,3.094411541
1800,229.75,1.077805368,3.095820886
1800,229.8,1.077854499,3.097232139
1800,229.85,1.077903699,3.098645296
1800,229.9,1.077952966,3.100060353
1800,229.95,1.0780023,3.101477305
1800,230,1.0780517,3.102896148
1800,230.05,1.078101166,3.104316877
1800,230.1,1.078150698,3.105739488
1800,230.15,1.078200296,3.107163976
1800,230.2,1.078249957,3.108590337
1800,230.25,1.078299683,3.110018567
1800,230.3,1.078349473,3.11144866
1800,230.35,1.078399326,3.112880612
1800,230.4,1.078449242,3.114314419
1800,230.45,1.07849922,3.115750075
1800,230.5,1.07854926,3.117187577
1800,230.55,1.078599361,3.11862692
1800,230.6,1.078649523,3.120068098
1800,230.65,1.078699746,3.121511107
1800,230.7,1.078750029,3.122955942
1800,230.75,1.078800372,3.124402599
1800,230.8,1.078850773,3.125851072
1800,230.85,1.078901233,3.127301357
1800,230.9,1.078951751,3.128753449
1800,230.95,1.079002327,3.130207343
1800,231,1.079052961,3.131663033
1800,231.05,1.07910365,3.133120516
1800,231.1,1.079154397,3.134579786
1800,231.15,1.079205199,3.136040838
1800,231.2,1.079256056,3.137503667
1800,231.25,1.079306969,3.138968268
1800,231.3,1.079357936,3.140434636
1800,231.35,1.079408956,3.141902766
1800,231.4,1.079460031,3.143372652
1800,231.45,1.079511158,3.144844289
1800,231.5,1.079562338,3.146317673
1800,231.55,1.07961357,3.147792798
1800,231.6,1.079664854,3.149269658
1800,231.65,1.079716189,3.150748249
1800,231.7,1.079767574,3.152228565
1800,231.75,1.07981901,3.153710601
1800,231.8,1.079870496,3.155194351
1800,231.85,1.07992203,3.156679811
1800,231.9,1.079973614,3.158166974
1800,231.95,1.080025246,3.159655835
1800,232,1.080076926,3.161146388
1800,232.05,1.080128654,3.162638629
1800,232.1,1.080180428,3.164132552
1800,232.15,1.080232249,3.16562815
1800,232.2,1.080284117,3.167125419
1800,232.25,1.080336029,3.168624353
1800,232.3,1.080387987,3.170124946
1800,232.35,1.080439989,3.171627193
1800,232.4,1.080492036,3.173131088
1800,232.45,1.080544126,3.174636624
1800,232.5,1.08059626,3.176143797
1800,232.55,1.080648436,3.177652601
1800,232.6,1.080700654,3.179163029
1800,232.65,1.080752915,3.180675076
1800,232.7,1.080805217,3.182188736
1800,232.75,1.080857559,3.183704003
1800,232.8,1.080909942,3.185220872
1800,232.85,1.080962366,3.186739335
1800,232.9,1.081014828,3.188259388
1800,232.95,1.08106733,3.189781024
1800,233,1.08111987,3.191304237
1800,233.05,1.081172448,3.192829021
1800,233.1,1.081225064,3.19435537
1800,233.15,1.081277717,3.195883278
1800,233.2,1.081330407,3.197412739
1800,233.25,1.081383133,3.198943745
1800,233.3,1.081435894,3.200476293
1800,233.35,1.081488691,3.202010373
1800,233.4,1.081541523,3.203545982
1800,233.45,1.081594389,3.205083112
1800,233.5,1.081647289,3.206621757
1800,233.55,1.081700223,3.20816191
1800,233.6,1.081753189,3.209703566
1800,233.65,1.081806188,3.211246717
1800,233.7,1.081859219,3.212791357
1800,233.75,1.081912281,3.214337481
1800,233.8,1.081965374,3.21588508
1800,233.85,1.082018499,3.217434149
1800,233.9,1.082071653,3.218984681
1800,233.95,1.082124837,3.22053667
1800,234,1.08217805,3.222090108
1800,234.05,1.082231291,3.223644989
1800,234.1,1.082284561,3.225201307
1800,234.15,1.082337859,3.226759054
1800,234.2,1.082391184,3.228318224
1800,234.25,1.082444536,3.22987881
1800,234.3,1.082497914,3.231440806
1800,234.35,1.082551319,3.233004203
1800,234.4,1.082604748,3.234568996
1800,234.45,1.082658203,3.236135177
1800,234.5,1.082711682,3.23770274
1800,234.55,1.082765185,3.239271677
1800,234.6,1.082818712,3.240841981
1800,234.65,1.082872262,3.242413646
1800,234.7,1.082925835,3.243986664
1800,234.75,1.082979429,3.245561028
1800,234.8,1.083033046,3.247136732
1800,234.85,1.083086684,3.248713767
1800,234.9,1.083140342,3.250292126
1800,234.95,1.083194021,3.251871803
1800,235,1.083247719,3.253452789
1800,235.05,1.083301437,3.255035079
1800,235.1,1.083355174,3.256618663
1800,235.15,1.083408929,3.258203536
1800,235.2,1.083462702,3.259789689
1800,235.25,1.083516493,3.261377115
1800,235.3,1.083570301,3.262965807
1800,235.35,1.083624125,3.264555757
1800,235.4,1.083677965,3.266146957
1800,235.45,1.083731821,3.2677394
1800,235.5,1.083785692,3.269333078
1800,235.55,1.083839578,3.270927984
1800,235.6,1.083893478,3.27252411
1800,235.65,1.083947392,3.274121449
1800,235.7,1.084001319,3.275719991
1800,235.75,1.084055259,3.277319731
1800,235.8,1.084109211,3.278920659
1800,235.85,1.084163176,3.280522768
1800,235.9,1.084217151,3.282126051
1800,235.95,1.084271138,3.283730499
1800,236,1.084325135,3.285336104
1800,236.05,1.084379142,3.286942858
1800,236.1,1.084433159,3.288550754
1800,236.15,1.084487184,3.290159783
1800,236.2,1.084541219,3.291769937
1800,236.25,1.084595261,3.293381208
1800,236.3,1.084649311,3.294993588
1800,236.35,1.084703369,3.296607069
1800,236.4,1.084757433,3.298221643
1800,236.45,1.084811503,3.2998373
1800,236.5,1.08486558,3.301454034
1800,236.55,1.084919662,3.303071835
1800,236.6,1.084973748,3.304690696
1800,236.65,1.085027839,3.306310608
1800,236.7,1.085081934,3.307931562
1800,236.75,1.085136033,3.30955355
1800,236.8,1.085190135,3.311176563
1800,236.85,1.085244239,3.312800594
1800,236.9,1.085298345,3.314425633
1800,236.95,1.085352453,3.316051673
1800,237,1.085406562,3.317678703
1800,237.05,1.085460672,3.319306716
1800,237.1,1.085514782,3.320935703
1800,237.15,1.085568892,3.322565655
1800,237.2,1.085623002,3.324196564
1800,237.25,1.08567711,3.32582842
1800,237.3,1.085731217,3.327461215
1800,237.35,1.085785321,3.32909494
1800,237.4,1.085839423,3.330729586
1800,237.45,1.085893522,3.332365144
1800,237.5,1.085947618,3.334001605
1800,237.55,1.08600171,3.33563896
1800,237.6,1.086055797,3.3372772
1800,237.65,1.08610988,3.338916317
1800,237.7,1.086163957,3.3405563
1800,237.75,1.086218029,3.342197141
1800,237.8,1.086272094,3.343838831
1800,237.85,1.086326153,3.34548136
1800,237.9,1.086380205,3.347124719
1800,237.95,1.086434249,3.348768899
1800,238,1.086488285,3.35041389
1800,238.05,1.086542312,3.352059684
1800,238.1,1.086596331,3.35370627
1800,238.15,1.08665034,3.35535364
1800,238.2,1.086704339,3.357001784
1800,238.25,1.086758328,3.358650692
1800,238.3,1.086812306,3.360300355
1800,238.35,1.086866273,3.361950763
1800,238.4,1.086920228,3.363601907
1800,238.45,1.086974171,3.365253777
1800,238.5,1.087028101,3.366906363
1800,238.55,1.087082019,3.368559656
1800,238.6,1.087135922,3.370213646
1800,238.65,1.087189812,3.371868323
1800,238.7,1.087243687,3.373523678
1800,238.75,1.087297548,3.3751797
1800,238.8,1.087351393,3.37683638
1800,238.85,1.087405222,3.378493708
1800,238.9,1.087459035,3.380151673
1800,238.95,1.087512831,3.381810266
1800,239,1.08756661,3.383469477
1800,239.05,1.087620371,3.385129295
1800,239.1,1.087674114,3.386789712
1800,239.15,1.087727838,3.388450715
1800,239.2,1.087781544,3.390112296
1800,239.25,1.08783523,3.391774444
1800,239.3,1.087888896,3.39343715
1800,239.35,1.087942542,3.395100401
1800,239.4,1.087996167,3.396764189
1800,239.45,1.088049771,3.398428503
1800,239.5,1.088103353,3.400093333
1800,239.55,1.088156912,3.401758667
1800,239.6,1.088210449,3.403424497
1800,239.65,1.088263963,3.405090811
1800,239.7,1.088317454,3.406757598
1800,239.75,1.08837092,3.408424849
1800,239.8,1.088424362,3.410092552
1800,239.85,1.088477779,3.411760698
1800,239.9,1.088531171,3.413429274
1800,239.95,1.088584537,3.415098271
1800,240,1.088637876,3.416767679
1800,240.05,1.088691189,3.418437485
1800,240.1,1.088744475,3.420107679
1800,240.15,1.088797733,3.421778251
1800,240.2,1.088850963,3.42344919
1800,240.25,1.088904165,3.425120484
1800,240.3,1.088957338,3.426792124
1800,240.35,1.089010481,3.428464097
1800,240.4,1.089063594,3.430136392
1800,240.45,1.089116677,3.431809
1800,240.5,1.08916973,3.433481908
1800,240.55,1.089222751,3.435155105
1800,240.6,1.08927574,3.436828581
1800,240.65,1.089328698,3.438502325
1800,240.7,1.089381623,3.440176324
1800,240.75,1.089434514,3.441850568
1800,240.8,1.089487373,3.443525045
1800,240.85,1.089540197,3.445199744
1800,240.9,1.089592988,3.446874654
1800,240.95,1.089645743,3.448549763
1800,241,1.089698464,3.450225061
1800,241.05,1.089751148,3.451900534
1800,241.1,1.089803797,3.453576173
1800,241.15,1.089856409,3.455251964
1800,241.2,1.089908984,3.456927898
1800,241.25,1.089961521,3.458603962
1800,241.3,1.090014021,3.460280144
1800,241.35,1.090066483,3.461956433
1800,241.4,1.090118905,3.463632818
1800,241.45,1.090171289,3.465309285
1800,241.5,1.090223633,3.466985824
1800,241.55,1.090275936,3.468662423
1800,241.6,1.0903282,3.47033907
1800,241.65,1.090380422,3.472015753
1800,241.7,1.090432603,3.47369246
1800,241.75,1.090484742,3.47536918
1800,241.8,1.090536839,3.477045899
1800,241.85,1.090588893,3.478722607
1800,241.9,1.090640904,3.48039929
1800,241.95,1.090692871,3.482075938
1800,242,1.090744795,3.483752537
1800,242.05,1.090796673,3.485429076
1800,242.1,1.090848507,3.487105543
1800,242.15,1.090900296,3.488781925
1800,242.2,1.090952039,3.49045821
1800,242.25,1.091003736,3.492134385
1800,242.3,1.091055386,3.493810439
1800,242.35,1.091106989,3.495486359
1800,242.4,1.091158544,3.497162133
1800,242.45,1.091210052,3.498837747
1800,242.5,1.091261511,3.500513191
1800,242.55,1.091312921,3.50218845
1800,242.6,1.091364282,3.503863513
1800,242.65,1.091415593,3.505538368
1800,242.7,1.091466855,3.507213
1800,242.75,1.091518065,3.508887399
1800,242.8,1.091569225,3.510561551
1800,242.85,1.091620334,3.512235443
1800,242.9,1.09167139,3.513909063
1800,242.95,1.091722394,3.515582398
1800,243,1.091773346,3.517255435
1800,243.05,1.091824244,3.518928161
1800,243.1,1.091875089,3.520600564
1800,243.15,1.09192588,3.52227263
1800,243.2,1.091976616,3.523944347
1800,243.25,1.092027298,3.525615702
1800,243.3,1.092077924,3.527286681
1800,243.35,1.092128495,3.528957272
1800,243.4,1.09217901,3.530627461
1800,243.45,1.092229468,3.532297236
1800,243.5,1.092279869,3.533966584
1800,243.55,1.092330212,3.53563549
1800,243.6,1.092380498,3.537303943
1800,243.65,1.092430726,3.538971928
1800,243.7,1.092480895,3.540639432
1800,243.75,1.092531004,3.542306443
1800,243.8,1.092581055,3.543972947
1800,243.85,1.092631045,3.54563893
1800,243.9,1.092680975,3.54730438
1800,243.95,1.092730844,3.548969282
1800,244,1.092780652,3.550633624
1800,244.05,1.092830399,3.552297391
1800,244.1,1.092880083,3.553960571
1800,244.15,1.092929705,3.555623149
1800,244.2,1.092979264,3.557285113
1800,244.25,1.093028759,3.558946448
1800,244.3,1.093078191,3.560607141
1800,244.35,1.093127559,3.562267179
1800,244.4,1.093176862,3.563926547
1800,244.45,1.093226101,3.565585232
1800,244.5,1.093275274,3.56724322
1800,244.55,1.093324381,3.568900498
1800,244.6,1.093373421,3.570557051
1800,244.65,1.093422396,3.572212866
1800,244.7,1.093471303,3.573867929
1800,244.75,1.093520142,3.575522225
1800,244.8,1.093568914,3.577175742
1800,244.85,1.093617618,3.578828465
1800,244.9,1.093666252,3.58048038
1800,244.95,1.093714818,3.582131472
1800,245,1.093763314,3.583781729
1800,245.05,1.09381174,3.585431136
1800,245.1,1.093860096,3.587079679
1800,245.15,1.093908381,3.588727343
1800,245.2,1.093956595,3.590374115
1800,245.25,1.094004737,3.59201998
1800,245.3,1.094052808,3.593664924
1800,245.35,1.094100805,3.595308934
1800,245.4,1.09414873,3.596951993
1800,245.45,1.094196582,3.598594089
1800,245.5,1.09424436,3.600235207
1800,245.55,1.094292065,3.601875333
1800,245.6,1.094339694,3.603514452
1800,245.65,1.094387249,3.60515255
1800,245.7,1.094434729,3.606789612
1800,245.75,1.094482133,3.608425624
1800,245.8,1.094529461,3.610060572
1800,245.85,1.094576712,3.61169444
1800,245.9,1.094623887,3.613327215
1800,245.95,1.094670984,3.614958881
1800,246,1.094718003,3.616589425
1800,246.05,1.094764945,3.618218831
1800,246.1,1.094811808,3.619847086
1800,246.15,1.094858592,3.621474173
1800,246.2,1.094905297,3.62310008
1800,246.25,1.094951922,3.62472479
1800,246.3,1.094998467,3.626348289
1800,246.35,1.095044932,3.627970562
1800,246.4,1.095091316,3.629591595
1800,246.45,1.095137618,3.631211373
1800,246.5,1.095183839,3.63282988
1800,246.55,1.095229978,3.634447103
1800,246.6,1.095276034,3.636063025
1800,246.65,1.095322008,3.637677633
1800,246.7,1.095367898,3.639290911
1800,246.75,1.095413704,3.640902845
1800,246.8,1.095459427,3.642513418
1800,246.85,1.095505065,3.644122617
1800,246.9,1.095550618,3.645730426
1800,246.95,1.095596086,3.64733683
1800,247,1.095641469,3.648941815
1800,247.05,1.095686765,3.650545364
1800,247.1,1.095731975,3.652147463
1800,247.15,1.095777099,3.653748097
1800,247.2,1.095822135,3.655347251
1800,247.25,1.095867083,3.656944909
1800,247.3,1.095911944,3.658541056
1800,247.35,1.095956716,3.660135677
1800,247.4,1.0960014,3.661728756
1800,247.45,1.096045994,3.663320279
1800,247.5,1.096090499,3.66491023
1800,247.55,1.096134914,3.666498594
1800,247.6,1.096179239,3.668085356
1800,247.65,1.096223473,3.669670499
1800,247.7,1.096267616,3.67125401
1800,247.75,1.096311668,3.672835871
1800,247.8,1.096355628,3.674416069
1800,247.85,1.096399496,3.675994587
1800,247.9,1.096443271,3.67757141
1800,247.95,1.096486953,3.679146522
1800,248,1.096530542,3.680719909
1800,248.05,1.096574037,3.682291555
1800,248.1,1.096617439,3.683861443
1800,248.15,1.096660745,3.685429559
1800,248.2,1.096703957,3.686995887
1800,248.25,1.096747074,3.688560411
1800,248.3,1.096790095,3.690123116
1800,248.35,1.09683302,3.691683986
1800,248.4,1.096875849,3.693243006
1800,248.45,1.096918581,3.69480016
1800,248.5,1.096961216,3.696355432
1800,248.55,1.097003754,3.697908806
1800,248.6,1.097046193,3.699460268
1800,248.65,1.097088535,3.701009801
1800,248.7,1.097130778,3.702557389
1800,248.75,1.097172922,3.704103017
1800,248.8,1.097214966,3.705646668
1800,248.85,1.097256911,3.707188329
1800,248.9,1.097298756,3.708727981
1800,248.95,1.097340501,3.71026561
1800,249,1.097382144,3.7118012
1800,249.05,1.097423687,3.713334735
1800,249.1,1.097465128,3.7148662
1800,249.15,1.097506467,3.716395577
1800,249.2,1.097547704,3.717922853
1800,249.25,1.097588838,3.719448009
1800,249.3,1.097629869,3.720971032
1800,249.35,1.097670797,3.722491904
1800,249.4,1.097711621,3.724010611
1800,249.45,1.097752341,3.725527135
1800,249.5,1.097792957,3.727041462
1800,249.55,1.097833468,3.728553574
1800,249.6,1.097873873,3.730063457
1800,249.65,1.097914173,3.731571094
1800,249.7,1.097954368,3.73307647
1800,249.75,1.097994456,3.734579567
1800,249.8,1.098034437,3.736080372
1800,249.85,1.098074312,3.737578866
1800,249.9,1.098114079,3.739075035
1800,249.95,1.098153738,3.740568862
1800,250,1.098193289,3.742060331
1800,250.05,1.098232733,3.743549427
1800,250.1,1.098272067,3.745036133
1800,250.15,1.098311292,3.746520433
1800,250.2,1.098350408,3.748002311
1800,250.25,1.098389414,3.749481751
1800,250.3,1.09842831,3.750958737
1800,250.35,1.098467095,3.752433254
1800,250.4,1.098505769,3.753905284
1800,250.45,1.098544333,3.755374811
1800,250.5,1.098582784,3.756841821
1800,250.55,1.098621124,3.758306296
1800,250.6,1.098659352,3.759768221
1800,250.65,1.098697467,3.761227578
1800,250.7,1.098735469,3.762684354
1800,250.75,1.098773358,3.76413853
1800,250.8,1.098811133,3.765590091
1800,250.85,1.098848794,3.767039022
1800,250.9,1.098886341,3.768485305
1800,250.95,1.098923773,3.769928925
1800,251,1.09896109,3.771369865
1800,251.05,1.098998292,3.77280811
1800,251.1,1.099035379,3.774243643
1800,251.15,1.099072349,3.775676449
1800,251.2,1.099109203,3.77710651
1800,251.25,1.09914594,3.778533811
1800,251.3,1.09918256,3.779958336
1800,251.35,1.099219062,3.781380069
1800,251.4,1.099255447,3.782798993
1800,251.45,1.099291714,3.784215093
1800,251.5,1.099327863,3.785628351
1800,251.55,1.099363893,3.787038753
1800,251.6,1.099399803,3.788446282
1800,251.65,1.099435595,3.789850922
1800,251.7,1.099471266,3.791252656
1800,251.75,1.099506818,3.792651469
1800,251.8,1.099542249,3.794047344
1800,251.85,1.09957756,3.795440266
1800,251.9,1.099612749,3.796830218
1800,251.95,1.099647817,3.798217184
1800,252,1.099682764,3.799601149
1800,252.05,1.099717588,3.800982095
1800,252.1,1.09975229,3.802360007
1800,252.15,1.099786869,3.803734868
1800,252.2,1.099821326,3.805106664
1800,252.25,1.099855659,3.806475376
1800,252.3,1.099889868,3.807840991
1800,252.35,1.099923953,3.809203491
1800,252.4,1.099957914,3.81056286
1800,252.45,1.099991751,3.811919082
1800,252.5,1.100025462,3.813272142
1800,252.55,1.100059048,3.814622022
1800,252.6,1.100092509,3.815968708
1800,252.65,1.100125843,3.817312184
1800,252.7,1.100159052,3.818652432
1800,252.75,1.100192134,3.819989437
1800,252.8,1.100225089,3.821323184
1800,252.85,1.100257916,3.822653655
1800,252.9,1.100290617,3.823980836
1800,252.95,1.100323189,3.82530471
1800,253,1.100355634,3.826625262
1800,253.05,1.10038795,3.827942474
1800,253.1,1.100420137,3.829256332
1800,253.15,1.100452195,3.83056682
1800,253.2,1.100484124,3.83187392
1800,253.25,1.100515923,3.833177619
1800,253.3,1.100547592,3.834477899
1800,253.35,1.10057913,3.835774746
1800,253.4,1.100610539,3.837068142
1800,253.45,1.100641816,3.838358072
1800,253.5,1.100672962,3.839644521
1800,253.55,1.100703976,3.840927473
1800,253.6,1.100734859,3.842206911
1800,253.65,1.100765609,3.84348282
1800,253.7,1.100796227,3.844755184
1800,253.75,1.100826712,3.846023988
1800,253.8,1.100857065,3.847289216
1800,253.85,1.100887283,3.848550851
1800,253.9,1.100917369,3.849808879
1800,253.95,1.10094732,3.851063284
1800,254,1.100977137,3.852314049
1800,254.05,1.101006819,3.85356116
1800,254.1,1.101036367,3.854804601
1800,254.15,1.101065779,3.856044355
1800,254.2,1.101095056,3.857280409
1800,254.25,1.101124197,3.858512745
1800,254.3,1.101153202,3.859741348
1800,254.35,1.101182071,3.860966204
1800,254.4,1.101210803,3.862187296
1800,254.45,1.101239398,3.863404608
1800,254.5,1.101267856,3.864618127
1800,254.55,1.101296177,3.865827835
1800,254.6,1.101324359,3.867033718
1800,254.65,1.101352404,3.86823576
1800,254.7,1.10138031,3.869433945
1800,254.75,1.101408078,3.87062826
1800,254.8,1.101435706,3.871818687
1800,254.85,1.101463196,3.873005212
1800,254.9,1.101490546,3.87418782
1800,254.95,1.101517756,3.875366495
1800,255,1.101544825,3.876541223
1800,255.05,1.101571755,3.877711987
1800,255.1,1.101598544,3.878878773
1800,255.15,1.101625192,3.880041565
1800,255.2,1.101651699,3.881200349
1800,255.25,1.101678064,3.88235511
1800,255.3,1.101704287,3.883505832
1800,255.35,1.101730369,3.8846525
1800,255.4,1.101756308,3.885795099
1800,255.45,1.101782104,3.886933615
1800,255.5,1.101807757,3.888068032
1800,255.55,1.101833268,3.889198335
1800,255.6,1.101858635,3.890324511
1800,255.65,1.101883858,3.891446542
1800,255.7,1.101908937,3.892564416
1800,255.75,1.101933872,3.893678117
1800,255.8,1.101958662,3.89478763
1800,255.85,1.101983307,3.895892941
1800,255.9,1.102007808,3.896994035
1800,255.95,1.102032163,3.898090897
1800,256,1.102056372,3.899183513
1800,256.05,1.102080436,3.900271867
1800,256.1,1.102104353,3.901355947
1800,256.15,1.102128124,3.902435736
1800,256.2,1.102151748,3.90351122
1800,256.25,1.102175226,3.904582386
1800,256.3,1.102198556,3.905649218
1800,256.35,1.102221738,3.906711702
1800,256.4,1.102244773,3.907769824
1800,256.45,1.10226766,3.90882357
1800,256.5,1.102290399,3.909872925
1800,256.55,1.102312989,3.910917874
1800,256.6,1.10233543,3.911958405
1800,256.65,1.102357722,3.912994502
1800,256.7,1.102379865,3.914026152
1800,256.75,1.102401858,3.91505334
1800,256.8,1.102423702,3.916076052
1800,256.85,1.102445395,3.917094275
1800,256.9,1.102466938,3.918107994
1800,256.95,1.102488331,3.919117196
1800,257,1.102509572,3.920121866
1800,257.05,1.102530663,3.921121991
1800,257.1,1.102551602,3.922117557
1800,257.15,1.10257239,3.92310855
1800,257.2,1.102593026,3.924094956
1800,257.25,1.102613509,3.925076762
1800,257.3,1.102633841,3.926053954
1800,257.35,1.10265402,3.927026519
1800,257.4,1.102674046,3.927994443
1800,257.45,1.102693918,3.928957712
1800,257.5,1.102713638,3.929916313
1800,257.55,1.102733204,3.930870233
1800,257.6,1.102752616,3.931819457
1800,257.65,1.102771874,3.932763974
1800,257.7,1.102790978,3.93370377
1800,257.75,1.102809927,3.934638831
1800,257.8,1.102828722,3.935569144
1800,257.85,1.102847361,3.936494696
1800,257.9,1.102865846,3.937415474
1800,257.95,1.102884174,3.938331465
1800,258,1.102902347,3.939242656
1800,258.05,1.102920365,3.940149034
1800,258.1,1.102938225,3.941050586
1800,258.15,1.10295593,3.9419473
1800,258.2,1.102973478,3.942839161
1800,258.25,1.102990868,3.943726159
1800,258.3,1.103008102,3.944608279
1800,258.35,1.103025179,3.94548551
1800,258.4,1.103042097,3.946357839
1800,258.45,1.103058858,3.947225253
1800,258.5,1.103075461,3.94808774
1800,258.55,1.103091906,3.948945287
1800,258.6,1.103108192,3.949797882
1800,258.65,1.103124319,3.950645512
1800,258.7,1.103140288,3.951488166
1800,258.75,1.103156097,3.952325831
1800,258.8,1.103171747,3.953158494
1800,258.85,1.103187237,3.953986145
1800,258.9,1.103202567,3.95480877
1800,258.95,1.103217738,3.955626358
1800,259,1.103232748,3.956438897
1800,259.05,1.103247597,3.957246375
1800,259.1,1.103262286,3.958048779
1800,259.15,1.103276814,3.958846099
1800,259.2,1.10329118,3.959638322
1800,259.25,1.103305386,3.960425438
1800,259.3,1.103319429,3.961207433
1800,259.35,1.103333311,3.961984297
1800,259.4,1.103347031,3.962756018
1800,259.45,1.103360589,3.963522586
1800,259.5,1.103373984,3.964283987
1800,259.55,1.103387216,3.965040211
1800,259.6,1.103400286,3.965791248
1800,259.65,1.103413192,3.966537084
1800,259.7,1.103425936,3.967277711
1800,259.75,1.103438515,3.968013115
1800,259.8,1.103450931,3.968743287
1800,259.85,1.103463184,3.969468215
1800,259.9,1.103475272,3.970187889
1800,259.95,1.103487195,3.970902298
1800,260,1.103498955,3.97161143
1800,260.05,1.103510549,3.972315275
1800,260.1,1.103521979,3.973013823
1800,260.15,1.103533243,3.973707063
1800,260.2,1.103544342,3.974394985
1800,260.25,1.103555276,3.975077577
1800,260.3,1.103566044,3.97575483
1800,260.35,1.103576646,3.976426733
1800,260.4,1.103587081,3.977093276
1800,260.45,1.103597351,3.977754449
1800,260.5,1.103607454,3.978410242
1800,260.55,1.10361739,3.979060644
1800,260.6,1.10362716,3.979705645
1800,260.65,1.103636762,3.980345237
1800,260.7,1.103646197,3.980979408
1800,260.75,1.103655465,3.981608149
1800,260.8,1.103664564,3.98223145
1800,260.85,1.103673497,3.982849302
1800,260.9,1.103682261,3.983461695
1800,260.95,1.103690856,3.984068619
1800,261,1.103699284,3.984670065
1800,261.05,1.103707542,3.985266024
1800,261.1,1.103715632,3.985856486
1800,261.15,1.103723554,3.986441442
1800,261.2,1.103731305,3.987020883
1800,261.25,1.103738888,3.9875948
1800,261.3,1.103746301,3.988163183
1800,261.35,1.103753544,3.988726024
1800,261.4,1.103760618,3.989283313
1800,261.45,1.103767521,3.989835043
1800,261.5,1.103774255,3.990381204
1800,261.55,1.103780817,3.990921787
1800,261.6,1.10378721,3.991456784
1800,261.65,1.103793431,3.991986187
1800,261.7,1.103799482,3.992509986
1800,261.75,1.103805361,3.993028173
1800,261.8,1.103811069,3.993540741
1800,261.85,1.103816606,3.994047681
1800,261.9,1.103821971,3.994548984
1800,261.95,1.103827164,3.995044643
1800,262,1.103832185,3.995534649
1800,262.05,1.103837035,3.996018995
1800,262.1,1.103841712,3.996497673
1800,262.15,1.103846216,3.996970674
1800,262.2,1.103850548,3.997437992
1800,262.25,1.103854707,3.997899618
1800,262.3,1.103858693,3.998355545
1800,262.35,1.103862506,3.998805765
1800,262.4,1.103866146,3.999250271
1800,262.45,1.103869612,3.999689056
1800,262.5,1.103872904,4.000122111
1800,262.55,1.103876023,4.000549431
1800,262.6,1.103878968,4.000971008
1800,262.65,1.103881739,4.001386835
1800,262.7,1.103884336,4.001796905
1800,262.75,1.103886758,4.00220121
1800,262.8,1.103889005,4.002599745
1800,262.85,1.103891078,4.002992502
1800,262.9,1.103892977,4.003379475
1800,262.95,1.1038947,4.003760657
1800,263,1.103896248,4.004136042
1800,263.05,1.10389762,4.004505623
1800,263.1,1.103898817,4.004869394
1800,263.15,1.103899839,4.005227348
1800,263.2,1.103900685,4.00557948
1800,263.25,1.103901354,4.005925783
1800,263.3,1.103901848,4.006266251
1800,263.35,1.103902166,4.006600879
1800,263.4,1.103902307,4.00692966
1800,263.45,1.103902272,4.007252589
1800,263.5,1.10390206,4.007569659
1800,263.55,1.103901671,4.007880866
1800,263.6,1.103901106,4.008186204
1800,263.65,1.103900363,4.008485667
1800,263.7,1.103899443,4.008779249
1800,263.75,1.103898346,4.009066947
1800,263.8,1.103897072,4.009348753
1800,263.85,1.103895619,4.009624664
1800,263.9,1.103893989,4.009894674
1800,263.95,1.103892181,4.010158778
1800,264,1.103890196,4.010416971
1800,264.05,1.103888032,4.010669248
1800,264.1,1.103885689,4.010915605
1800,264.15,1.103883168,4.011156038
1800,264.2,1.103880469,4.01139054
1800,264.25,1.103877591,4.011619109
1800,264.3,1.103874534,4.011841739
1800,264.35,1.103871299,4.012058427
1800,264.4,1.103867884,4.012269167
1800,264.45,1.10386429,4.012473956
1800,264.5,1.103860517,4.01267279
1800,264.55,1.103856564,4.012865665
1800,264.6,1.103852432,4.013052576
1800,264.65,1.10384812,4.013233521
1800,264.7,1.103843628,4.013408495
1800,264.75,1.103838956,4.013577494
1800,264.8,1.103834105,4.013740516
1800,264.85,1.103829073,4.013897556
1800,264.9,1.10382386,4.014048612
1800,264.95,1.103818468,4.014193679
1800,265,1.103812895,4.014332755
1800,265.05,1.103807141,4.014465836
1800,265.1,1.103801206,4.01459292
1800,265.15,1.103795091,4.014714004
1800,265.2,1.103788794,4.014829084
1800,265.25,1.103782317,4.014938158
1800,265.3,1.103775658,4.015041222
1800,265.35,1.103768818,4.015138276
1800,265.4,1.103761797,4.015229315
1800,265.45,1.103754594,4.015314337
1800,265.5,1.103747209,4.015393341
1800,265.55,1.103739643,4.015466323
1800,265.6,1.103731895,4.015533282
1800,265.65,1.103723964,4.015594215
1800,265.7,1.103715852,4.015649121
1800,265.75,1.103707558,4.015697997
1800,265.8,1.103699081,4.015740841
1800,265.85,1.103690422,4.015777653
1800,265.9,1.10368158,4.015808429
1800,265.95,1.103672556,4.015833169
1800,266,1.103663349,4.015851871
1800,266.05,1.10365396,4.015864533
1800,266.1,1.103644387,4.015871155
1800,266.15,1.103634632,4.015871735
1800,266.2,1.103624693,4.015866271
1800,266.25,1.103614571,4.015854763
1800,266.3,1.103604266,4.01583721
1800,266.35,1.103593778,4.01581361
1800,266.4,1.103583106,4.015783964
1800,266.45,1.103572251,4.015748269
1800,266.5,1.103561212,4.015706527
1800,266.55,1.10354999,4.015658735
1800,266.6,1.103538583,4.015604893
1800,266.65,1.103526993,4.015545002
1800,266.7,1.103515219,4.015479061
1800,266.75,1.10350326,4.015407069
1800,266.8,1.103491118,4.015329026
1800,266.85,1.103478791,4.015244933
1800,266.9,1.10346628,4.01515479
1800,266.95,1.103453584,4.015058595
1800,267,1.103440704,4.014956351
1800,267.05,1.10342764,4.014848057
1800,267.1,1.103414391,4.014733713
1800,267.15,1.103400957,4.01461332
1800,267.2,1.103387338,4.014486878
1800,267.25,1.103373535,4.014354389
1800,267.3,1.103359546,4.014215853
1800,267.35,1.103345372,4.01407127
1800,267.4,1.103331014,4.013920641
1800,267.45,1.10331647,4.013763969
1800,267.5,1.103301741,4.013601253
1800,267.55,1.103286826,4.013432494
1800,267.6,1.103271726,4.013257695
1800,267.65,1.103256441,4.013076856
1800,267.7,1.10324097,4.012889979
1800,267.75,1.103225314,4.012697065
1800,267.8,1.103209472,4.012498116
1800,267.85,1.103193444,4.012293134
1800,267.9,1.10317723,4.01208212
1800,267.95,1.103160831,4.011865076
1800,268,1.103144245,4.011642005
1800,268.05,1.103127474,4.011412907
1800,268.1,1.103110516,4.011177786
1800,268.15,1.103093372,4.010936643
1800,268.2,1.103076042,4.010689481
1800,268.25,1.103058526,4.010436302
1800,268.3,1.103040824,4.010177109
1800,268.35,1.103022935,4.009911903
1800,268.4,1.10300486,4.009640689
1800,268.45,1.102986598,4.009363467
1800,268.5,1.10296815,4.009080242
1800,268.55,1.102949515,4.008791016
1800,268.6,1.102930694,4.008495792
1800,268.65,1.102911685,4.008194573
1800,268.7,1.10289249,4.007887362
1800,268.75,1.102873109,4.007574163
1800,268.8,1.10285354,4.007254978
1800,268.85,1.102833785,4.006929812
1800,268.9,1.102813842,4.006598667
1800,268.95,1.102793713,4.006261547
1800,269,1.102773396,4.005918456
1800,269.05,1.102752893,4.005569397
1800,269.1,1.102732202,4.005214374
1800,269.15,1.102711324,4.004853392
1800,269.2,1.102690259,4.004486454
1800,269.25,1.102669007,4.004113564
1800,269.3,1.102647567,4.003734726
1800,269.35,1.10262594,4.003349944
1800,269.4,1.102604126,4.002959224
1800,269.45,1.102582124,4.002562568
1800,269.5,1.102559934,4.002159983
1800,269.55,1.102537558,4.001751471
1800,269.6,1.102514993,4.001337038
1800,269.65,1.102492241,4.000916689
1800,269.7,1.102469302,4.000490428
1800,269.75,1.102446174,4.00005826
1800,269.8,1.10242286,3.99962019
1800,269.85,1.102399357,3.999176224
1800,269.9,1.102375667,3.998726366
1800,269.95,1.102351788,3.998270621
1800,270,1.102327723,3.997808995
1800,270.05,1.102303469,3.997341493
1800,270.1,1.102279027,3.996868121
1800,270.15,1.102254398,3.996388884
1800,270.2,1.10222958,3.995903787
1800,270.25,1.102204575,3.995412837
1800,270.3,1.102179381,3.994916039
1800,270.35,1.102154,3.994413399
1800,270.4,1.102128431,3.993904923
1800,270.45,1.102102673,3.993390617
1800,270.5,1.102076728,3.992870486
1800,270.55,1.102050594,3.992344538
1800,270.6,1.102024273,3.991812778
1800,270.65,1.101997763,3.991275213
1800,270.7,1.101971065,3.990731849
1800,270.75,1.101944179,3.990182692
1800,270.8,1.101917105,3.989627749
1800,270.85,1.101889843,3.989067027
1800,270.9,1.101862392,3.988500533
1800,270.95,1.101834753,3.987928272
1800,271,1.101806927,3.987350253
1800,271.05,1.101778911,3.986766481
1800,271.1,1.101750708,3.986176964
1800,271.15,1.101722316,3.98558171
1800,271.2,1.101693736,3.984980724
1800,271.25,1.101664968,3.984374015
1800,271.3,1.101636011,3.98376159
1800,271.35,1.101606867,3.983143456
1800,271.4,1.101577534,3.98251962
1800,271.45,1.101548012,3.981890091
1800,271.5,1.101518302,3.981254875
1800,271.55,1.101488404,3.98061398
1800,271.6,1.101458318,3.979967415
1800,271.65,1.101428044,3.979315186
1800,271.7,1.101397581,3.978657303
1800,271.75,1.101366929,3.977993772
1800,271.8,1.10133609,3.977324602
1800,271.85,1.101305062,3.976649801
1800,271.9,1.101273846,3.975969378
1800,271.95,1.101242441,3.975283339
1800,272,1.101210849,3.974591695
1800,272.05,1.101179068,3.973894453
1800,272.1,1.101147098,3.973191621
1800,272.15,1.101114941,3.972483209
1800,272.2,1.101082595,3.971769225
1800,272.25,1.101050061,3.971049677
1800,272.3,1.101017338,3.970324574
1800,272.35,1.100984428,3.969593926
1800,272.4,1.100951329,3.96885774
1800,272.45,1.100918042,3.968116027
1800,272.5,1.100884567,3.967368794
1800,272.55,1.100850903,3.966616052
1800,272.6,1.100817051,3.965857809
1800,272.65,1.100783012,3.965094075
1800,272.7,1.100748784,3.964324858
1800,272.75,1.100714368,3.963550169
1800,272.8,1.100679763,3.962770016
1800,272.85,1.100644971,3.96198441
1800,272.9,1.100609991,3.96119336
1800,272.95,1.100574822,3.960396874
1800,273,1.100539466,3.959594964
1800,273.05,1.100503921,3.958787639
1800,273.1,1.100468189,3.957974909
1800,273.15,1.100432268,3.957156784
1800,273.2,1.10039616,3.956333273
1800,273.25,1.100359863,3.955504386
1800,273.3,1.100323379,3.954670135
1800,273.35,1.100286707,3.953830528
1800,273.4,1.100249847,3.952985577
1800,273.45,1.1002128,3.952135291
1800,273.5,1.100175564,3.951279681
1800,273.55,1.100138141,3.950418757
1800,273.6,1.10010053,3.94955253
1800,273.65,1.100062731,3.94868101
1800,273.7,1.100024745,3.947804207
1800,273.75,1.099986571,3.946922134
1800,273.8,1.099948209,3.946034799
1800,273.85,1.09990966,3.945142215
1800,273.9,1.099870924,3.944244392
1800,273.95,1.099832,3.94334134
1800,274,1.099792888,3.942433071
1800,274.05,1.099753589,3.941519596
1800,274.1,1.099714103,3.940600925
1800,274.15,1.099674429,3.939677071
1800,274.2,1.099634568,3.938748043
1800,274.25,1.09959452,3.937813855
1800,274.3,1.099554285,3.936874515
1800,274.35,1.099513862,3.935930037
1800,274.4,1.099473253,3.934980432
1800,274.45,1.099432456,3.93402571
1800,274.5,1.099391472,3.933065884
1800,274.55,1.099350302,3.932100966
1800,274.6,1.099308944,3.931130966
1800,274.65,1.099267399,3.930155896
1800,274.7,1.099225668,3.929175769
1800,274.75,1.09918375,3.928190596
1800,274.8,1.099141645,3.927200389
1800,274.85,1.099099353,3.926205159
1800,274.9,1.099056875,3.92520492
1800,274.95,1.09901421,3.924199682
1800,275,1.098971359,3.923189458
1800,275.05,1.098928321,3.922174261
1800,275.1,1.098885097,3.921154102
1800,275.15,1.098841687,3.920128993
1800,275.2,1.09879809,3.919098947
1800,275.25,1.098754307,3.918063976
1800,275.3,1.098710338,3.917024092
1800,275.35,1.098666182,3.915979309
1800,275.4,1.098621841,3.914929638
1800,275.45,1.098577313,3.913875092
1800,275.5,1.0985326,3.912815684
1800,275.55,1.0984877,3.911751425
1800,275.6,1.098442615,3.91068233
1800,275.65,1.098397344,3.90960841
1800,275.7,1.098351888,3.908529679
1800,275.75,1.098306246,3.907446149
1800,275.8,1.098260418,3.906357833
1800,275.85,1.098214405,3.905264744
1800,275.9,1.098168206,3.904166894
1800,275.95,1.098121822,3.903064298
1800,276,1.098075253,3.901956968
1800,276.05,1.098028498,3.900844917
1800,276.1,1.097981558,3.899728158
1800,276.15,1.097934434,3.898606705
1800,276.2,1.097887124,3.897480571
1800,276.25,1.097839629,3.896349768
1800,276.3,1.09779195,3.895214311
1800,276.35,1.097744085,3.894074212
1800,276.4,1.097696036,3.892929485
1800,276.45,1.097647803,3.891780144
1800,276.5,1.097599385,3.890626202
1800,276.55,1.097550782,3.889467672
1800,276.6,1.097501995,3.888304568
1800,276.65,1.097453023,3.887136904
1800,276.7,1.097403868,3.885964693
1800,276.75,1.097354528,3.884787949
1800,276.8,1.097305004,3.883606686
1800,276.85,1.097255296,3.882420918
1800,276.9,1.097205405,3.881230658
1800,276.95,1.097155329,3.880035919
1800,277,1.09710507,3.878836717
1800,277.05,1.097054627,3.877633065
1800,277.1,1.097004,3.876424977
1800,277.15,1.096953191,3.875212466
1800,277.2,1.096902197,3.873995547
1800,277.25,1.09685102,3.872774235
1800,277.3,1.096799661,3.871548542
1800,277.35,1.096748118,3.870318483
1800,277.4,1.096696392,3.869084073
1800,277.45,1.096644483,3.867845326
1800,277.5,1.096592391,3.866602255
1800,277.55,1.096540116,3.865354875
1800,277.6,1.096487659,3.8641032
1800,277.65,1.096435019,3.862847245
1800,277.7,1.096382197,3.861587024
1800,277.75,1.096329192,3.860322552
1800,277.8,1.096276006,3.859053842
1800,277.85,1.096222637,3.85778091
1800,277.9,1.096169085,3.856503769
1800,277.95,1.096115352,3.855222435
1800,278,1.096061437,3.853936921
1800,278.05,1.096007341,3.852647243
1800,278.1,1.095953062,3.851353415
1800,278.15,1.095898602,3.850055452
1800,278.2,1.095843961,3.848753368
1800,278.25,1.095789138,3.847447178
1800,278.3,1.095734134,3.846136896
1800,278.35,1.095678948,3.844822539
1800,278.4,1.095623582,3.843504119
1800,278.45,1.095568035,3.842181653
1800,278.5,1.095512307,3.840855154
1800,278.55,1.095456398,3.839524638
1800,278.6,1.095400308,3.83819012
1800,278.65,1.095344038,3.836851614
1800,278.7,1.095287588,3.835509136
1800,278.75,1.095230957,3.8341627
1800,278.8,1.095174147,3.832812322
1800,278.85,1.095117156,3.831458015
1800,278.9,1.095059985,3.830099797
1800,278.95,1.095002634,3.82873768
1800,279,1.094945104,3.827371681
1800,279.05,1.094887394,3.826001815
1800,279.1,1.094829504,3.824628097
1800,279.15,1.094771435,3.823250541
1800,279.2,1.094713187,3.821869163
1800,279.25,1.09465476,3.820483979
1800,279.3,1.094596154,3.819095002
1800,279.35,1.094537369,3.81770225
1800,279.4,1.094478405,3.816305736
1800,279.45,1.094419262,3.814905476
1800,279.5,1.094359941,3.813501485
1800,279.55,1.094300441,3.812093779
1800,279.6,1.094240763,3.810682373
1800,279.65,1.094180907,3.809267282
1800,279.7,1.094120873,3.807848522
1800,279.75,1.094060661,3.806426107
1800,279.8,1.094000272,3.805000054
1800,279.85,1.093939704,3.803570377
1800,279.9,1.093878959,3.802137093
1800,279.95,1.093818037,3.800700216
1800,280,1.093756937,3.799259762
1800,280.05,1.09369566,3.797815746
1800,280.1,1.093634207,3.796368184
1800,280.15,1.093572576,3.794917091
1800,280.2,1.093510768,3.793462483
1800,280.25,1.093448784,3.792004376
1800,280.3,1.093386624,3.790542784
1800,280.35,1.093324287,3.789077724
1800,280.4,1.093261774,3.78760921
1800,280.45,1.093199085,3.786137259
1800,280.5,1.093136219,3.784661886
1800,280.55,1.093073178,3.783183106
1800,280.6,1.093009962,3.781700936
1800,280.65,1.09294657,3.78021539
1800,280.7,1.092883002,3.778726484
1800,280.75,1.092819259,3.777234235
1800,280.8,1.092755341,3.775738657
1800,280.85,1.092691248,3.774239766
1800,280.9,1.092626981,3.772737578
1800,280.95,1.092562538,3.771232109
1800,281,1.092497921,3.769723374
1800,281.05,1.09243313,3.768211388
1800,281.1,1.092368164,3.766696168
1800,281.15,1.092303024,3.765177729
1800,281.2,1.09223771,3.763656087
1800,281.25,1.092172223,3.762131258
1800,281.3,1.092106562,3.760603256
1800,281.35,1.092040727,3.759072099
1800,281.4,1.091974719,3.757537801
1800,281.45,1.091908537,3.756000378
1800,281.5,1.091842183,3.754459847
1800,281.55,1.091775655,3.752916222
1800,281.6,1.091708955,3.751369519
1800,281.65,1.091642082,3.749819755
1800,281.7,1.091575037,3.748266945
1800,281.75,1.091507819,3.746711104
1800,281.8,1.091440429,3.745152249
1800,281.85,1.091372868,3.743590395
1800,281.9,1.091305134,3.742025557
1800,281.95,1.091237228,3.740457753
1800,282,1.091169151,3.738886996
1800,282.05,1.091100903,3.737313304
1800,282.1,1.091032483,3.735736691
1800,282.15,1.090963893,3.734157174
1800,282.2,1.090895131,3.732574768
1800,282.25,1.090826199,3.730989489
1800,282.3,1.090757096,3.729401353
1800,282.35,1.090687823,3.727810375
1800,282.4,1.090618379,3.726216572
1800,282.45,1.090548765,3.724619958
1800,282.5,1.090478981,3.72302055
1800,282.55,1.090409028,3.721418363
1800,282.6,1.090338905,3.719813414
1800,282.65,1.090268612,3.718205717
1800,282.7,1.09019815,3.716595289
1800,282.75,1.090127519,3.714982145
1800,282.8,1.090056719,3.713366301
1800,282.85,1.08998575,3.711747773
1800,282.9,1.089914613,3.710126576
1800,282.95,1.089843307,3.708502726
1800,283,1.089771833,3.706876239
1800,283.05,1.08970019,3.70524713
1800,283.1,1.08962838,3.703615416
1800,283.15,1.089556402,3.701981111
1800,283.2,1.089484256,3.700344231
1800,283.25,1.089411943,3.698704793
1800,283.3,1.089339463,3.697062811
1800,283.35,1.089266816,3.695418302
1800,283.4,1.089194001,3.693771281
1800,283.45,1.08912102,3.692121764
1800,283.5,1.089047872,3.690469765
1800,283.55,1.088974558,3.688815302
1800,283.6,1.088901078,3.687158389
1800,283.65,1.088827432,3.685499042
1800,283.7,1.08875362,3.683837277
1800,283.75,1.088679642,3.682173109
1800,283.8,1.088605498,3.680506554
1800,283.85,1.08853119,3.678837627
1800,283.9,1.088456716,3.677166344
1800,283.95,1.088382077,3.675492721
1800,284,1.088307274,3.673816772
1800,284.05,1.088232306,3.672138514
1800,284.1,1.088157173,3.670457962
1800,284.15,1.088081876,3.668775132
1800,284.2,1.088006415,3.667090038
1800,284.25,1.087930791,3.665402696
1800,284.3,1.087855002,3.663713123
1800,284.35,1.08777905,3.662021333
1800,284.4,1.087702935,3.660327341
1800,284.45,1.087626657,3.658631163
1800,284.5,1.087550216,3.656932815
1800,284.55,1.087473612,3.655232312
1800,284.6,1.087396845,3.653529669
1800,284.65,1.087319916,3.651824902
1800,284.7,1.087242825,3.650118025
1800,284.75,1.087165572,3.648409055
1800,284.8,1.087088157,3.646698006
1800,284.85,1.087010581,3.644984894
1800,284.9,1.086932843,3.643269735
1800,284.95,1.086854944,3.641552542
1800,285,1.086776884,3.639833333
1800,285.05,1.086698663,3.638112121
1800,285.1,1.086620281,3.636388922
1800,285.15,1.086541739,3.634663751
1800,285.2,1.086463037,3.632936624
1800,285.25,1.086384175,3.631207556
1800,285.3,1.086305153,3.629476561
1800,285.35,1.086225971,3.627743655
1800,285.4,1.08614663,3.626008853
1800,285.45,1.086067129,3.62427217
1800,285.5,1.085987469,3.622533621
1800,285.55,1.085907651,3.620793222
1800,285.6,1.085827674,3.619050986
1800,285.65,1.085747538,3.61730693
1800,285.7,1.085667244,3.615561068
1800,285.75,1.085586793,3.613813415
1800,285.8,1.085506183,3.612063987
1800,285.85,1.085425415,3.610312797
1800,285.9,1.08534449,3.608559861
1800,285.95,1.085263408,3.606805194
1800,286,1.085182169,3.605048811
1800,286.05,1.085100773,3.603290727
1800,286.1,1.085019221,3.601530955
1800,286.15,1.084937512,3.599769512
1800,286.2,1.084855646,3.598006413
1800,286.25,1.084773625,3.59624167
1800,286.3,1.084691448,3.594475301
1800,286.35,1.084609115,3.592707318
1800,286.4,1.084526627,3.590937738
1800,286.45,1.084443984,3.589166574
1800,286.5,1.084361186,3.587393841
1800,286.55,1.084278233,3.585619554
1800,286.6,1.084195125,3.583843727
1800,286.65,1.084111863,3.582066376
1800,286.7,1.084028447,3.580287514
1800,286.75,1.083944878,3.578507157
1800,286.8,1.083861154,3.576725318
1800,286.85,1.083777277,3.574942012
1800,286.9,1.083693247,3.573157254
1800,286.95,1.083609063,3.571371057
1800,287,1.083524727,3.569583437
1800,287.05,1.083440238,3.567794408
1800,287.1,1.083355597,3.566003985
1800,287.15,1.083270803,3.56421218
1800,287.2,1.083185858,3.56241901
1800,287.25,1.083100761,3.560624487
1800,287.3,1.083015512,3.558828628
1800,287.35,1.082930112,3.557031444
1800,287.4,1.082844561,3.555232952
1800,287.45,1.082758859,3.553433164
1800,287.5,1.082673006,3.551632096
1800,287.55,1.082587003,3.54982976
1800,287.6,1.08250085,3.548026173
1800,287.65,1.082414547,3.546221346
1800,287.7,1.082328094,3.544415295
1800,287.75,1.082241491,3.542608034
1800,287.8,1.082154739,3.540799576
1800,287.85,1.082067838,3.538989936
1800,287.9,1.081980788,3.537179127
1800,287.95,1.081893589,3.535367163
1800,288,1.081806242,3.533554059
1800,288.05,1.081718747,3.531739827
1800,288.1,1.081631104,3.529924483
1800,288.15,1.081543313,3.528108039
1800,288.2,1.081455374,3.526290509
1800,288.25,1.081367289,3.524471908
1800,288.3,1.081279056,3.522652248
1800,288.35,1.081190676,3.520831544
1800,288.4,1.08110215,3.519009809
1800,288.45,1.081013477,3.517187057
1800,288.5,1.080924658,3.515363302
1800,288.55,1.080835694,3.513538556
1800,288.6,1.080746583,3.511712834
1800,288.65,1.080657327,3.509886149
1800,288.7,1.080567926,3.508058514
1800,288.75,1.08047838,3.506229944
1800,288.8,1.080388689,3.50440045
1800,288.85,1.080298854,3.502570047
1800,288.9,1.080208874,3.500738749
1800,288.95,1.08011875,3.498906567
1800,289,1.080028483,3.497073517
1800,289.05,1.079938072,3.49523961
1800,289.1,1.079847517,3.49340486
1800,289.15,1.079756819,3.491569281
1800,289.2,1.079665979,3.489732885
1800,289.25,1.079574996,3.487895686
1800,289.3,1.07948387,3.486057696
1800,289.35,1.079392603,3.48421893
1800,289.4,1.079301193,3.482379399
1800,289.45,1.079209642,3.480539117
1800,289.5,1.079117949,3.478698096
1800,289.55,1.079026115,3.476856351
1800,289.6,1.07893414,3.475013893
1800,289.65,1.078842024,3.473170735
1800,289.7,1.078749768,3.471326892
1800,289.75,1.078657372,3.469482374
1800,289.8,1.078564835,3.467637195
1800,289.85,1.078472159,3.465791368
1800,289.9,1.078379343,3.463944905
1800,289.95,1.078286388,3.462097819
1800,290,1.078193294,3.460250123
1800,290.05,1.078100061,3.45840183
1800,290.1,1.07800669,3.456552951
1800,290.15,1.07791318,3.4547035
1800,290.2,1.077819533,3.452853489
1800,290.25,1.077725747,3.451002931
1800,290.3,1.077631824,3.449151837
1800,290.35,1.077537763,3.447300221
1800,290.4,1.077443566,3.445448094
1800,290.45,1.077349232,3.443595469
1800,290.5,1.077254761,3.441742359
1800,290.55,1.077160154,3.439888776
1800,290.6,1.07706541,3.438034731
1800,290.65,1.076970531,3.436180238
1800,290.7,1.076875517,3.434325307
1800,290.75,1.076780367,3.432469953
1800,290.8,1.076685081,3.430614185
1800,290.85,1.076589661,3.428758018
1800,290.9,1.076494107,3.426901462
1800,290.95,1.076398418,3.425044529
1800,291,1.076302595,3.423187233
1800,291.05,1.076206639,3.421329583
1800,291.1,1.076110548,3.419471594
1800,291.15,1.076014325,3.417613275
1800,291.2,1.075917968,3.41575464
1800,291.25,1.075821479,3.4138957
1800,291.3,1.075724857,3.412036466
1800,291.35,1.075628102,3.410176951
1800,291.4,1.075531216,3.408317166
1800,291.45,1.075434198,3.406457123
1800,291.5,1.075337048,3.404596833
1800,291.55,1.075239767,3.402736308
1800,291.6,1.075142355,3.400875559
1800,291.65,1.075044812,3.399014599
1800,291.7,1.074947139,3.397153438
1800,291.75,1.074849336,3.395292088
1800,291.8,1.074751402,3.393430561
1800,291.85,1.074653339,3.391568867
1800,291.9,1.074555146,3.389707018
1800,291.95,1.074456824,3.387845026
1800,292,1.074358373,3.385982901
1800,292.05,1.074259794,3.384120656
1800,292.1,1.074161086,3.3822583
1800,292.15,1.07406225,3.380395845
1800,292.2,1.073963286,3.378533303
1800,292.25,1.073864194,3.376670684
1800,292.3,1.073764975,3.374808
1800,292.35,1.073665629,3.372945261
1800,292.4,1.073566155,3.371082479
1800,292.45,1.073466556,3.369219664
1800,292.5,1.07336683,3.367356827
1800,292.55,1.073266978,3.36549398
1800,292.6,1.073167,3.363631132
1800,292.65,1.073066896,3.361768296
1800,292.7,1.072966667,3.35990548
1800,292.75,1.072866314,3.358042698
1800,292.8,1.072765835,3.356179958
1800,292.85,1.072665232,3.354317272
1800,292.9,1.072564505,3.35245465
1800,292.95,1.072463654,3.350592102
1800,293,1.072362679,3.348729641
1800,293.05,1.072261581,3.346867275
1800,293.1,1.072160359,3.345005015
1800,293.15,1.072059015,3.343142872
1800,293.2,1.071957548,3.341280857
1800,293.25,1.071855959,3.339418979
1800,293.3,1.071754247,3.337557248
1800,293.35,1.071652414,3.335695676
1800,293.4,1.071550459,3.333834273
1800,293.45,1.071448383,3.331973048
1800,293.5,1.071346186,3.330112011
1800,293.55,1.071243868,3.328251174
1800,293.6,1.07114143,3.326390546
1800,293.65,1.071038872,3.324530136
1800,293.7,1.070936194,3.322669956
1800,293.75,1.070833396,3.320810015
1800,293.8,1.070730478,3.318950323
1800,293.85,1.070627442,3.31709089
1800,293.9,1.070524286,3.315231726
1800,293.95,1.070421013,3.313372841
1800,294,1.07031762,3.311514244
1800,294.05,1.07021411,3.309655946
1800,294.1,1.070110482,3.307797956
1800,294.15,1.070006737,3.305940283
1800,294.2,1.069902874,3.304082938
1800,294.25,1.069798895,3.30222593
1800,294.3,1.069694799,3.300369269
1800,294.35,1.069590586,3.298512963
1800,294.4,1.069486258,3.296657024
1800,294.45,1.069381813,3.29480146
1800,294.5,1.069277253,3.29294628
1800,294.55,1.069172578,3.291091495
1800,294.6,1.069067788,3.289237112
1800,294.65,1.068962883,3.287383143
1800,294.7,1.068857864,3.285529596
1800,294.75,1.06875273,3.28367648
1800,294.8,1.068647483,3.281823805
1800,294.85,1.068542122,3.279971579
1800,294.9,1.068436648,3.278119813
1800,294.95,1.06833106,3.276268514
1800,295,1.06822536,3.274417693
1800,295.05,1.068119548,3.272567357
1800,295.1,1.068013623,3.270717517
1800,295.15,1.067907586,3.268868181
1800,295.2,1.067801438,3.267019358
1800,295.25,1.067695178,3.265171057
1800,295.3,1.067588807,3.263323287
1800,295.35,1.067482325,3.261476057
1800,295.4,1.067375733,3.259629375
1800,295.45,1.067269031,3.25778325
1800,295.5,1.067162218,3.255937691
1800,295.55,1.067055296,3.254092707
1800,295.6,1.066948265,3.252248306
1800,295.65,1.066841124,3.250404497
1800,295.7,1.066733874,3.248561288
1800,295.75,1.066626516,3.246718689
1800,295.8,1.06651905,3.244876707
1800,295.85,1.066411476,3.24303535
1800,295.9,1.066303794,3.241194628
1800,295.95,1.066196005,3.239354549
1800,296,1.066088108,3.237515121
1800,296.05,1.065980105,3.235676353
1800,296.1,1.065871995,3.233838252
1800,296.15,1.065763778,3.232000827
1800,296.2,1.065655456,3.230164086
1800,296.25,1.065547028,3.228328038
1800,296.3,1.065438495,3.22649269
1800,296.35,1.065329856,3.224658051
1800,296.4,1.065221113,3.222824129
1800,296.45,1.065112265,3.220990931
1800,296.5,1.065003313,3.219158466
1800,296.55,1.064894256,3.217326742
1800,296.6,1.064785096,3.215495766
1800,296.65,1.064675833,3.213665547
1800,296.7,1.064566466,3.211836092
1800,296.75,1.064456997,3.210007409
1800,296.8,1.064347425,3.208179507
1800,296.85,1.064237751,3.206352392
1800,296.9,1.064127974,3.204526072
1800,296.95,1.064018096,3.202700556
1800,297,1.063908117,3.20087585
1800,297.05,1.063798037,3.199051963
1800,297.1,1.063687855,3.197228901
1800,297.15,1.063577573,3.195406674
1800,297.2,1.063467191,3.193585287
1800,297.25,1.063356709,3.191764748
1800,297.3,1.063246127,3.189945066
1800,297.35,1.063135446,3.188126247
1800,297.4,1.063024666,3.186308298
1800,297.45,1.062913787,3.184491228
1800,297.5,1.062802809,3.182675043
1800,297.55,1.062691733,3.18085975
1800,297.6,1.06258056,3.179045357
1800,297.65,1.062469288,3.177231871
1800,297.7,1.062357919,3.175419299
1800,297.75,1.062246454,3.173607649
1800,297.8,1.062134891,3.171796927
1800,297.85,1.062023232,3.16998714
1800,297.9,1.061911477,3.168178295
1800,297.95,1.061799625,3.1663704
1800,298,1.061687679,3.164563462
1800,298.05,1.061575636,3.162757486
1800,298.1,1.061463499,3.160952481
1800,298.15,1.061351267,3.159148453
1800,298.2,1.061238941,3.157345408
1800,298.25,1.061126521,3.155543355
1800,298.3,1.061014006,3.153742298
1800,298.35,1.060901398,3.151942246
1800,298.4,1.060788697,3.150143204
1800,298.45,1.060675903,3.14834518
1800,298.5,1.060563016,3.146548179
1800,298.55,1.060450037,3.144752209
1800,298.6,1.060336966,3.142957277
1800,298.65,1.060223803,3.141163388
1800,298.7,1.060110548,3.139370549
1800,298.75,1.059997203,3.137578766
1800,298.8,1.059883766,3.135788047
1800,298.85,1.059770239,3.133998397
1800,298.9,1.059656621,3.132209822
1800,298.95,1.059542914,3.13042233
1800,299,1.059429116,3.128635926
1800,299.05,1.059315229,3.126850616
1800,299.1,1.059201253,3.125066407
1800,299.15,1.059087189,3.123283305
1800,299.2,1.058973035,3.121501316
1800,299.25,1.058858794,3.119720446
1800,299.3,1.058744464,3.117940701
1800,299.35,1.058630047,3.116162088
1800,299.4,1.058515543,3.114384612
1800,299.45,1.058400951,3.112608279
1800,299.5,1.058286272,3.110833096
1800,299.55,1.058171508,3.109059068
1800,299.6,1.058056657,3.107286201
1800,299.65,1.05794172,3.1055145
1800,299.7,1.057826697,3.103743973
1800,299.75,1.057711589,3.101974624
1800,299.8,1.057596397,3.100206459
1800,299.85,1.057481119,3.098439484
1800,299.9,1.057365757,3.096673705
1800,299.95,1.057250311,3.094909128
1800,300,1.057134782,3.093145757
1800,300.05,1.057019168,3.091383599
1800,300.1,1.056903472,3.089622659
1800,300.15,1.056787693,3.087862943
1800,300.2,1.056671831,3.086104456
1800,300.25,1.056555886,3.084347203
1800,300.3,1.05643986,3.082591191
1800,300.35,1.056323752,3.080836425
1800,300.4,1.056207563,3.079082909
1800,300.45,1.056091292,3.077330649
1800,300.5,1.055974941,3.075579651
1800,300.55,1.055858509,3.07382992
1800,300.6,1.055741997,3.072081461
1800,300.65,1.055625405,3.07033428
1800,300.7,1.055508734,3.068588381
1800,300.75,1.055391983,3.06684377
1800,300.8,1.055275153,3.065100451
1800,300.85,1.055158244,3.063358431
1800,300.9,1.055041257,3.061617713
1800,300.95,1.054924192,3.059878304
1800,301,1.054807049,3.058140207
1800,301.05,1.054689829,3.056403429
1800,301.1,1.054572531,3.054667974
1800,301.15,1.054455156,3.052933847
1800,301.2,1.054337705,3.051201052
1800,301.25,1.054220178,3.049469595
1800,301.3,1.054102574,3.047739481
1800,301.35,1.053984895,3.046010714
1800,301.4,1.05386714,3.044283299
1800,301.45,1.05374931,3.042557241
1800,301.5,1.053631406,3.040832544
1800,301.55,1.053513427,3.039109214
1800,301.6,1.053395373,3.037387254
1800,301.65,1.053277246,3.035666671
1800,301.7,1.053159045,3.033947467
1800,301.75,1.053040771,3.032229648
1800,301.8,1.052922424,3.030513218
1800,301.85,1.052804004,3.028798181
1800,301.9,1.052685512,3.027084543
1800,301.95,1.052566947,3.025372308
1800,302,1.052448311,3.02366148
1800,302.05,1.052329603,3.021952063
1800,302.1,1.052210824,3.020244062
1800,302.15,1.052091974,3.018537481
1800,302.2,1.051973054,3.016832325
1800,302.25,1.051854063,3.015128597
1800,302.3,1.051735003,3.013426303
1800,302.35,1.051615872,3.011725445
1800,302.4,1.051496672,3.010026029
1800,302.45,1.051377403,3.008328059
1800,302.5,1.051258066,3.006631538
1800,302.55,1.05113866,3.004936472
1800,302.6,1.051019185,3.003242863
1800,302.65,1.050899643,3.001550716
1800,302.7,1.050780033,2.999860035
1800,302.75,1.050660356,2.998170824
1800,302.8,1.050540612,2.996483088
1800,302.85,1.050420801,2.994796829
1800,302.9,1.050300924,2.993112052
1800,302.95,1.050180981,2.99142876
1800,303,1.050060972,2.989746959
1800,303.05,1.049940897,2.988066651
1800,303.1,1.049820758,2.98638784
1800,303.15,1.049700553,2.98471053
1800,303.2,1.049580284,2.983034725
1800,303.25,1.049459951,2.981360428
1800,303.3,1.049339554,2.979687644
1800,303.35,1.049219093,2.978016375
1800,303.4,1.049098568,2.976346626
1800,303.45,1.048977981,2.974678401
1800,303.5,1.048857331,2.973011702
1800,303.55,1.048736618,2.971346533
1800,303.6,1.048615844,2.969682899
1800,303.65,1.048495007,2.968020801
1800,303.7,1.048374109,2.966360245
1800,303.75,1.04825315,2.964701233
1800,303.8,1.048132129,2.963043769
1800,303.85,1.048011048,2.961387856
1800,303.9,1.047889907,2.959733498
1800,303.95,1.047768706,2.958080697
1800,304,1.047647445,2.956429458
1800,304.05,1.047526124,2.954779784
1800,304.1,1.047404745,2.953131678
1800,304.15,1.047283306,2.951485142
1800,304.2,1.047161809,2.949840182
1800,304.25,1.047040254,2.948196798
1800,304.3,1.046918641,2.946554996
1800,304.35,1.04679697,2.944914778
1800,304.4,1.046675242,2.943276146
1800,304.45,1.046553457,2.941639105
1800,304.5,1.046431616,2.940003658
1800,304.55,1.046309718,2.938369806
1800,304.6,1.046187763,2.936737554
1800,304.65,1.046065753,2.935106905
1800,304.7,1.045943688,2.933477861
1800,304.75,1.045821567,2.931850425
1800,304.8,1.045699391,2.930224601
1800,304.85,1.045577161,2.928600391
1800,304.9,1.045454877,2.926977798
1800,304.95,1.045332538,2.925356825
1800,305,1.045210146,2.923737475
1800,305.05,1.0450877,2.922119751
1800,305.1,1.044965201,2.920503655
1800,305.15,1.04484265,2.91888919
1800,305.2,1.044720046,2.917276359
1800,305.25,1.04459739,2.915665166
1800,305.3,1.044474682,2.914055611
1800,305.35,1.044351922,2.912447699
1800,305.4,1.044229111,2.910841431
1800,305.45,1.044106249,2.909236811
1800,305.5,1.043983337,2.907633841
1800,305.55,1.043860374,2.906032523
1800,305.6,1.043737361,2.90443286
1800,305.65,1.043614298,2.902834856
1800,305.7,1.043491185,2.901238511
1800,305.75,1.043368024,2.899643829
1800,305.8,1.043244814,2.898050813
1800,305.85,1.043121555,2.896459464
1800,305.9,1.042998247,2.894869785
1800,305.95,1.042874892,2.893281778
1800,306,1.042751489,2.891695447
1800,306.05,1.042628039,2.890110792
1800,306.1,1.042504542,2.888527818
1800,306.15,1.042380998,2.886946525
1800,306.2,1.042257407,2.885366916
1800,306.25,1.042133771,2.883788994
1800,306.3,1.042010088,2.88221276
1800,306.35,1.04188636,2.880638218
1800,306.4,1.041762587,2.879065368
1800,306.45,1.041638768,2.877494214
1800,306.5,1.041514905,2.875924757
1800,306.55,1.041390998,2.874357
1800,306.6,1.041267046,2.872790945
1800,306.65,1.041143051,2.871226593
1800,306.7,1.041019013,2.869663948
1800,306.75,1.040894931,2.86810301
1800,306.8,1.040770806,2.866543783
1800,306.85,1.040646639,2.864986268
1800,306.9,1.040522429,2.863430466
1800,306.95,1.040398178,2.861876381
1800,307,1.040273884,2.860324014
1800,307.05,1.04014955,2.858773366
1800,307.1,1.040025174,2.857224441
1800,307.15,1.039900758,2.855677239
1800,307.2,1.039776301,2.854131763
1800,307.25,1.039651804,2.852588014
1800,307.3,1.039527267,2.851045994
1800,307.35,1.03940269,2.849505706
1800,307.4,1.039278074,2.847967151
1800,307.45,1.039153419,2.84643033
1800,307.5,1.039028726,2.844895245
1800,307.55,1.038903994,2.843361899
1800,307.6,1.038779224,2.841830293
1800,307.65,1.038654416,2.840300428
1800,307.7,1.038529571,2.838772306
1800,307.75,1.038404688,2.83724593
1800,307.8,1.038279769,2.835721299
1800,307.85,1.038154813,2.834198417
1800,307.9,1.038029821,2.832677285
1800,307.95,1.037904792,2.831157904
1800,308,1.037779728,2.829640276
1800,308.05,1.037654629,2.828124402
1800,308.1,1.037529494,2.826610284
1800,308.15,1.037404325,2.825097924
1800,308.2,1.037279121,2.823587322
1800,308.25,1.037153883,2.822078481
1800,308.3,1.037028611,2.820571402
1800,308.35,1.036903305,2.819066086
1800,308.4,1.036777966,2.817562535
1800,308.45,1.036652594,2.816060749
1800,308.5,1.036527189,2.814560731
1800,308.55,1.036401752,2.813062482
1800,308.6,1.036276283,2.811566003
1800,308.65,1.036150781,2.810071295
1800,308.7,1.036025248,2.80857836
1800,308.75,1.035899684,2.807087199
1800,308.8,1.035774089,2.805597814
1800,308.85,1.035648463,2.804110204
1800,308.9,1.035522807,2.802624373
1800,308.95,1.035397121,2.80114032
1800,309,1.035271405,2.799658048
1800,309.05,1.035145659,2.798177557
1800,309.1,1.035019884,2.796698848
1800,309.15,1.034894081,2.795221923
1800,309.2,1.034768248,2.793746783
1800,309.25,1.034642388,2.792273428
1800,309.3,1.034516499,2.79080186
1800,309.35,1.034390582,2.789332081
1800,309.4,1.034264639,2.78786409
1800,309.45,1.034138667,2.78639789
1800,309.5,1.03401267,2.78493348
1800,309.55,1.033886645,2.783470863
1800,309.6,1.033760594,2.782010038
1800,309.65,1.033634518,2.780551008
1800,309.7,1.033508415,2.779093773
1800,309.75,1.033382287,2.777638333
1800,309.8,1.033256134,2.776184691
1800,309.85,1.033129957,2.774732846
1800,309.9,1.033003754,2.7732828
1800,309.95,1.032877528,2.771834553
1800,310,1.032751277,2.770388107
1800,310.05,1.032625003,2.768943462
1800,310.1,1.032498706,2.767500619
1800,310.15,1.032372385,2.766059578
1800,310.2,1.032246042,2.764620342
1800,310.25,1.032119676,2.76318291
1800,310.3,1.031993288,2.761747282
1800,310.35,1.031866878,2.760313461
1800,310.4,1.031740446,2.758881447
1800,310.45,1.031613994,2.757451239
1800,310.5,1.03148752,2.75602284
1800,310.55,1.031361025,2.75459625
1800,310.6,1.03123451,2.753171469
1800,310.65,1.031107975,2.751748497
1800,310.7,1.030981419,2.750327337
1800,310.75,1.030854845,2.748907988
1800,310.8,1.03072825,2.747490451
1800,310.85,1.030601637,2.746074726
1800,310.9,1.030475006,2.744660814
1800,310.95,1.030348355,2.743248716
1800,311,1.030221687,2.741838432
1800,311.05,1.030095001,2.740429962
1800,311.1,1.029968297,2.739023308
1800,311.15,1.029841576,2.73761847
1800,311.2,1.029714837,2.736215448
1800,311.25,1.029588082,2.734814242
1800,311.3,1.029461311,2.733414854
1800,311.35,1.029334524,2.732017283
1800,311.4,1.02920772,2.73062153
1800,311.45,1.029080901,2.729227595
1800,311.5,1.028954067,2.72783548
1800,311.55,1.028827218,2.726445183
1800,311.6,1.028700354,2.725056706
1800,311.65,1.028573476,2.723670049
1800,311.7,1.028446583,2.722285212
1800,311.75,1.028319677,2.720902196
1800,311.8,1.028192757,2.719521001
1800,311.85,1.028065824,2.718141627
1800,311.9,1.027938878,2.716764074
1800,311.95,1.027811919,2.715388344
1800,312,1.027684947,2.714014435
1800,312.05,1.027557964,2.712642349
1800,312.1,1.027430968,2.711272085
1800,312.15,1.027303961,2.709903644
1800,312.2,1.027176943,2.708537026
1800,312.25,1.027049913,2.707172231
1800,312.3,1.026922873,2.70580926
1800,312.35,1.026795823,2.704448112
1800,312.4,1.026668762,2.703088787
1800,312.45,1.026541691,2.701731287
1800,312.5,1.026414611,2.70037561
1800,312.55,1.026287521,2.699021758
1800,312.6,1.026160423,2.69766973
1800,312.65,1.026033315,2.696319526
1800,312.7,1.025906199,2.694971146
1800,312.75,1.025779075,2.693624591
1800,312.8,1.025651943,2.692279861
1800,312.85,1.025524803,2.690936954
1800,312.9,1.025397656,2.689595873
1800,312.95,1.025270502,2.688256616
1800,313,1.025143341,2.686919184
1800,313.05,1.025016173,2.685583576
1800,313.1,1.024889,2.684249793
1800,313.15,1.02476182,2.682917834
1800,313.2,1.024634634,2.6815877
1800,313.25,1.024507443,2.68025939
1800,313.3,1.024380247,2.678932905
1800,313.35,1.024253046,2.677608244
1800,313.4,1.024125841,2.676285407
1800,313.45,1.023998631,2.674964395
1800,313.5,1.023871417,2.673645206
1800,313.55,1.023744199,2.672327841
1800,313.6,1.023616978,2.6710123
1800,313.65,1.023489754,2.669698583
1800,313.7,1.023362526,2.668386689
1800,313.75,1.023235296,2.667076618
1800,313.8,1.023108064,2.665768371
1800,313.85,1.02298083,2.664461946
1800,313.9,1.022853593,2.663157344
1800,313.95,1.022726356,2.661854565
1800,314,1.022599116,2.660553608
1800,314.05,1.022471876,2.659254473
1800,314.1,1.022344635,2.657957159
1800,314.15,1.022217394,2.656661667
1800,314.2,1.022090153,2.655367997
1800,314.25,1.021962911,2.654076147
1800,314.3,1.02183567,2.652786118
1800,314.35,1.021708429,2.65149791
1800,314.4,1.02158119,2.650211522
1800,314.45,1.021453951,2.648926953
1800,314.5,1.021326715,2.647644204
1800,314.55,1.021199479,2.646363274
1800,314.6,1.021072246,2.645084162
1800,314.65,1.020945015,2.643806869
1800,314.7,1.020817787,2.642531394
1800,314.75,1.020690561,2.641257737
1800,314.8,1.020563338,2.639985897
1800,314.85,1.020436119,2.638715873
1800,314.9,1.020308903,2.637447667
1800,314.95,1.020181691,2.636181276
1800,315,1.020054484,2.6349167
1800,315.05,1.01992728,2.63365394
1800,315.1,1.019800082,2.632392994
1800,315.15,1.019672888,2.631133863
1800,315.2,1.0195457,2.629876545
1800,315.25,1.019418517,2.628621041
1800,315.3,1.01929134,2.627367349
1800,315.35,1.019164169,2.626115469
1800,315.4,1.019037004,2.624865402
1800,315.45,1.018909845,2.623617145
1800,315.5,1.018782694,2.622370699
1800,315.55,1.018655549,2.621126063
1800,315.6,1.018528412,2.619883237
1800,315.65,1.018401283,2.61864222
1800,315.7,1.018274161,2.617403011
1800,315.75,1.018147048,2.616165611
1800,315.8,1.018019943,2.614930017
1800,315.85,1.017892846,2.61369623
1800,315.9,1.017765759,2.61246425
1800,315.95,1.01763868,2.611234075
1800,316,1.017511612,2.610005704
1800,316.05,1.017384553,2.608779138
1800,316.1,1.017257503,2.607554376
1800,316.15,1.017130465,2.606331416
1800,316.2,1.017003436,2.605110259
1800,316.25,1.016876419,2.603890904
1800,316.3,1.016749412,2.602673349
1800,316.35,1.016622417,2.601457595
1800,316.4,1.016495433,2.60024364
1800,316.45,1.016368461,2.599031484
1800,316.5,1.016241502,2.597821127
1800,316.55,1.016114554,2.596612566
1800,316.6,1.015987619,2.595405803
1800,316.65,1.015860697,2.594200835
1800,316.7,1.015733788,2.592997663
1800,316.75,1.015606893,2.591796286
1800,316.8,1.015480011,2.590596702
1800,316.85,1.015353143,2.589398911
1800,316.9,1.015226289,2.588202912
1800,316.95,1.015099449,2.587008705
1800,317,1.014972625,2.585816288
1800,317.05,1.014845815,2.584625662
1800,317.1,1.01471902,2.583436824
1800,317.15,1.014592241,2.582249775
1800,317.2,1.014465477,2.581064513
1800,317.25,1.014338729,2.579881037
1800,317.3,1.014211998,2.578699348
1800,317.35,1.014085283,2.577519443
1800,317.4,1.013958585,2.576341322
1800,317.45,1.013831903,2.575164985
1800,317.5,1.013705239,2.57399043
1800,317.55,1.013578592,2.572817656
1800,317.6,1.013451963,2.571646663
1800,317.65,1.013325352,2.570477449
1800,317.7,1.01319876,2.569310015
1800,317.75,1.013072185,2.568144358
1800,317.8,1.01294563,2.566980478
1800,317.85,1.012819093,2.565818375
1800,317.9,1.012692576,2.564658046
1800,317.95,1.012566078,2.563499492
1800,318,1.0124396,2.562342711
1800,318.05,1.012313142,2.561187702
1800,318.1,1.012186704,2.560034465
1800,318.15,1.012060286,2.558882998
1800,318.2,1.011933889,2.557733301
1800,318.25,1.011807514,2.556585372
1800,318.3,1.011681159,2.55543921
1800,318.35,1.011554826,2.554294815
1800,318.4,1.011428515,2.553152186
1800,318.45,1.011302225,2.552011321
1800,318.5,1.011175958,2.550872219
1800,318.55,1.011049714,2.549734881
1800,318.6,1.010923492,2.548599303
1800,318.65,1.010797293,2.547465486
1800,318.7,1.010671117,2.546333429
1800,318.75,1.010544965,2.545203129
1800,318.8,1.010418836,2.544074588
1800,318.85,1.010292731,2.542947802
1800,318.9,1.010166651,2.541822772
1800,318.95,1.010040595,2.540699496
1800,319,1.009914564,2.539577973
1800,319.05,1.009788557,2.538458202
1800,319.1,1.009662576,2.537340181
1800,319.15,1.00953662,2.536223911
1800,319.2,1.00941069,2.53510939
1800,319.25,1.009284785,2.533996616
1800,319.3,1.009158907,2.532885588
1800,319.35,1.009033055,2.531776307
1800,319.4,1.00890723,2.530668769
1800,319.45,1.008781432,2.529562975
1800,319.5,1.00865566,2.528458922
1800,319.55,1.008529916,2.527356611
1800,319.6,1.0084042,2.526256039
1800,319.65,1.008278511,2.525157206
1800,319.7,1.008152851,2.524060111
1800,319.75,1.008027219,2.522964751
1800,319.8,1.007901615,2.521871127
1800,319.85,1.00777604,2.520779237
1800,319.9,1.007650494,2.51968908
1800,319.95,1.007524977,2.518600654
1800,320,1.00739949,2.517513959
1800,320.05,1.007274033,2.516428993
1800,320.1,1.007148605,2.515345755
1800,320.15,1.007023208,2.514264244
1800,320.2,1.006897841,2.513184459
1800,320.25,1.006772505,2.512106398
1800,320.3,1.006647199,2.51103006
1800,320.35,1.006521925,2.509955444
1800,320.4,1.006396682,2.508882549
1800,320.45,1.006271471,2.507811373
1800,320.5,1.006146291,2.506741916
1800,320.55,1.006021144,2.505674176
1800,320.6,1.005896029,2.504608151
1800,320.65,1.005770946,2.503543841
1800,320.7,1.005645896,2.502481245
1800,320.75,1.005520879,2.50142036
1800,320.8,1.005395896,2.500361186
1800,320.85,1.005270946,2.499303722
1800,320.9,1.005146029,2.498247965
1800,320.95,1.005021147,2.497193916
1800,321,1.004896298,2.496141572
1800,321.05,1.004771484,2.495090933
1800,321.1,1.004646705,2.494041996
1800,321.15,1.00452196,2.492994762
1800,321.2,1.00439725,2.491949227
1800,321.25,1.004272576,2.490905392
1800,321.3,1.004147937,2.489863255
1800,321.35,1.004023334,2.488822814
1800,321.4,1.003898767,2.487784068
1800,321.45,1.003774236,2.486747016
1800,321.5,1.003649742,2.485711657
1800,321.55,1.003525284,2.484677988
1800,321.6,1.003400863,2.48364601
1800,321.65,1.003276479,2.482615719
1800,321.7,1.003152132,2.481587116
1800,321.75,1.003027823,2.480560199
1800,321.8,1.002903552,2.479534966
1800,321.85,1.002779319,2.478511416
1800,321.9,1.002655124,2.477489548
1800,321.95,1.002530967,2.47646936
1800,322,1.002406849,2.475450851
1800,322.05,1.00228277,2.474434019
1800,322.1,1.00215873,2.473418864
1800,322.15,1.002034729,2.472405383
1800,322.2,1.001910768,2.471393576
1800,322.25,1.001786847,2.470383441
1800,322.3,1.001662965,2.469374976
1800,322.35,1.001539124,2.46836818
1800,322.4,1.001415323,2.467363052
1800,322.45,1.001291563,2.466359591
1800,322.5,1.001167844,2.465357794
1800,322.55,1.001044165,2.464357661
1800,322.6,1.000920528,2.46335919
1800,322.65,1.000796933,2.462362379
1800,322.7,1.000673379,2.461367228
1800,322.75,1.000549867,2.460373734
1800,322.8,1.000426398,2.459381897
1800,322.85,1.00030297,2.458391715
1800,322.9,1.000179586,2.457403186
1800,322.95,1.000056244,2.45641631
1800,323,0.9999329448,2.455431083
1800,323.05,0.9998096892,2.454447506
1800,323.1,0.9996864769,2.453465577
1800,323.15,0.9995633083,2.452485293
1800,323.2,0.9994401836,2.451506655
1800,323.25,0.999317103,2.450529659
1800,323.3,0.9991940666,2.449554306
1800,323.35,0.9990710748,2.448580593
1800,323.4,0.9989481276,2.447608518
1800,323.45,0.9988252254,2.446638081
1800,323.5,0.9987023683,2.44566928
1800,323.55,0.9985795566,2.444702113
1800,323.6,0.9984567904,2.443736578
1800,323.65,0.99833407,2.442772676
1800,323.7,0.9982113955,2.441810403
1800,323.75,0.9980887672,2.440849758
1800,323.8,0.9979661854,2.439890741
1800,323.85,0.9978436501,2.438933348
1800,323.9,0.9977211616,2.43797758
1800,323.95,0.9975987201,2.437023434
1800,324,0.9974763258,2.436070908
1800,324.05,0.997353979,2.435120002
1800,324.1,0.9972316797,2.434170714
1800,324.15,0.9971094283,2.433223042
1800,324.2,0.996987225,2.432276985
1800,324.25,0.9968650699,2.431332541
1800,324.3,0.9967429632,2.430389708
1800,324.35,0.9966209052,2.429448486
1800,324.4,0.996498896,2.428508872
1800,324.45,0.9963769359,2.427570865
1800,324.5,0.996255025,2.426634464
1800,324.55,0.9961331636,2.425699666
1800,324.6,0.9960113519,2.424766471
1800,324.65,0.99588959,2.423834877
1800,324.7,0.9957678781,2.422904882
1800,324.75,0.9956462166,2.421976485
1800,324.8,0.9955246055,2.421049684
1800,324.85,0.995403045,2.420124478
1800,324.9,0.9952815354,2.419200864
1800,324.95,0.9951600769,2.418278842
1800,325,0.9950386696,2.41735841
1800,325.05,0.9949173138,2.416439567
1800,325.1,0.9947960096,2.41552231
1800,325.15,0.9946747573,2.414606638
1800,325.2,0.994553557,2.413692549
1800,325.25,0.994432409,2.412780043
1800,325.3,0.9943113134,2.411869117
1800,325.35,0.9941902704,2.41095977
1800,325.4,0.9940692802,2.410052
1800,325.45,0.9939483431,2.409145806
1800,325.5,0.9938274592,2.408241186
1800,325.55,0.9937066287,2.407338138
1800,325.6,0.9935858518,2.406436661
1800,325.65,0.9934651287,2.405536754
1800,325.7,0.9933444596,2.404638413
1800,325.75,0.9932238446,2.403741639
1800,325.8,0.9931032841,2.40284643
1800,325.85,0.9929827781,2.401952783
1800,325.9,0.9928623268,2.401060698
1800,325.95,0.9927419305,2.400170172
1800,326,0.9926215893,2.399281204
1800,326.05,0.9925013034,2.398393792
1800,326.1,0.9923810731,2.397507935
1800,326.15,0.9922608984,2.396623631
1800,326.2,0.9921407797,2.395740879
1800,326.25,0.992020717,2.394859676
1800,326.3,0.9919007106,2.393980022
1800,326.35,0.9917807606,2.393101915
1800,326.4,0.9916608673,2.392225352
1800,326.45,0.9915410307,2.391350333
1800,326.5,0.9914212512,2.390476855
1800,326.55,0.9913015289,2.389604917
1800,326.6,0.991181864,2.388734518
1800,326.65,0.9910622566,2.387865656
1800,326.7,0.990942707,2.386998329
1800,326.75,0.9908232153,2.386132535
1800,326.8,0.9907037817,2.385268273
1800,326.85,0.9905844064,2.384405541
1800,326.9,0.9904650896,2.383544338
1800,326.95,0.9903458315,2.382684662
1800,327,0.9902266322,2.381826511
1800,327.05,0.9901074919,2.380969884
1800,327.1,0.9899884108,2.380114778
1800,327.15,0.9898693891,2.379261193
1800,327.2,0.989750427,2.378409126
1800,327.25,0.9896315246,2.377558577
1800,327.3,0.9895126822,2.376709542
1800,327.35,0.9893938998,2.375862022
1800,327.4,0.9892751777,2.375016013
1800,327.45,0.9891565161,2.374171515
1800,327.5,0.9890379151,2.373328525
1800,327.55,0.9889193749,2.372487042
1800,327.6,0.9888008957,2.371647065
1800,327.65,0.9886824777,2.370808591
1800,327.7,0.988564121,2.369971619
1800,327.75,0.9884458258,2.369136147
1800,327.8,0.9883275923,2.368302174
1800,327.85,0.9882094207,2.367469698
1800,327.9,0.9880913111,2.366638717
1800,327.95,0.9879732637,2.36580923
1800,328,0.9878552787,2.364981234
1800,328.05,0.9877373562,2.364154729
1800,328.1,0.9876194965,2.363329712
1800,328.15,0.9875016997,2.362506182
1800,328.2,0.9873839659,2.361684137
1800,328.25,0.9872662954,2.360863576
1800,328.3,0.9871486883,2.360044496
1800,328.35,0.9870311448,2.359226897
1800,328.4,0.986913665,2.358410775
1800,328.45,0.9867962491,2.357596131
1800,328.5,0.9866788974,2.356782962
1800,328.55,0.9865616099,2.355971265
1800,328.6,0.9864443868,2.355161041
1800,328.65,0.9863272283,2.354352286
1800,328.7,0.9862101345,2.353545
1800,328.75,0.9860931057,2.35273918
1800,328.8,0.985976142,2.351934824
1800,328.85,0.9858592435,2.351131932
1800,328.9,0.9857424105,2.350330502
1800,328.95,0.985625643,2.349530531
1800,329,0.9855089413,2.348732018
1800,329.05,0.9853923056,2.347934961
1800,329.1,0.9852757358,2.347139359
1800,329.15,0.9851592324,2.34634521
1800,329.2,0.9850427953,2.345552512
1800,329.25,0.9849264248,2.344761264
1800,329.3,0.984810121,2.343971463
1800,329.35,0.9846938842,2.343183108
1800,329.4,0.9845777143,2.342396198
1800,329.45,0.9844616117,2.34161073
1800,329.5,0.9843455765,2.340826703
1800,329.55,0.9842296087,2.340044116
1800,329.6,0.9841137087,2.339262966
1800,329.65,0.9839978765,2.338483251
1800,329.7,0.9838821123,2.337704971
1800,329.75,0.9837664163,2.336928123
1800,329.8,0.9836507886,2.336152706
1800,329.85,0.9835352294,2.335378717
1800,329.9,0.9834197389,2.334606156
1800,329.95,0.9833043171,2.333835021
1800,330,0.9831889642,2.333065309
1800,330.05,0.9830736805,2.332297019
1800,330.1,0.982958466,2.331530149
1800,330.15,0.9828433209,2.330764698
1800,330.2,0.9827282454,2.330000664
1800,330.25,0.9826132397,2.329238045
1800,330.3,0.9824983037,2.328476839
1800,330.35,0.9823834378,2.327717046
1800,330.4,0.9822686421,2.326958662
1800,330.45,0.9821539168,2.326201686
1800,330.5,0.9820392618,2.325446117
1800,330.55,0.9819246776,2.324691953
1800,330.6,0.9818101641,2.323939192
1800,330.65,0.9816957215,2.323187832
1800,330.7,0.98158135,2.322437871
1800,330.75,0.9814670498,2.321689309
1800,330.8,0.9813528209,2.320942143
1800,330.85,0.9812386636,2.320196371
1800,330.9,0.9811245779,2.319451992
1800,330.95,0.981010564,2.318709004
1800,331,0.9808966222,2.317967406
1800,331.05,0.9807827524,2.317227194
1800,331.1,0.9806689549,2.316488369
1800,331.15,0.9805552298,2.315750928
1800,331.2,0.9804415772,2.315014869
1800,331.25,0.9803279974,2.31428019
1800,331.3,0.9802144904,2.313546891
1800,331.35,0.9801010564,2.312814968
1800,331.4,0.9799876955,2.312084421
1800,331.45,0.9798744079,2.311355248
1800,331.5,0.9797611936,2.310627446
1800,331.55,0.979648053,2.309901015
1800,331.6,0.979534986,2.309175953
1800,331.65,0.9794219929,2.308452257
1800,331.7,0.9793090738,2.307729926
1800,331.75,0.9791962288,2.307008958
1800,331.8,0.979083458,2.306289352
1800,331.85,0.9789707617,2.305571106
1800,331.9,0.9788581399,2.304854218
1800,331.95,0.9787455927,2.304138686
1800,332,0.9786331204,2.303424509
1800,332.05,0.9785207231,2.302711684
1800,332.1,0.9784084008,2.302000211
1800,332.15,0.9782961537,2.301290087
1800,332.2,0.9781839821,2.300581311
1800,332.25,0.9780718859,2.299873881
1800,332.3,0.9779598653,2.299167795
1800,332.35,0.9778479206,2.298463051
1800,332.4,0.9777360517,2.297759649
1800,332.45,0.9776242589,2.297057585
1800,332.5,0.9775125422,2.296356858
1800,332.55,0.9774009019,2.295657467
1800,332.6,0.977289338,2.29495941
1800,332.65,0.9771778507,2.294262685
1800,332.7,0.9770664401,2.29356729
1800,332.75,0.9769551063,2.292873224
1800,332.8,0.9768438495,2.292180484
1800,332.85,0.9767326697,2.29148907
1800,332.9,0.9766215673,2.290798979
1800,332.95,0.9765105421,2.29011021
1800,333,0.9763995945,2.289422761
1800,333.05,0.9762887245,2.288736629
1800,333.1,0.9761779322,2.288051815
1800,333.15,0.9760672178,2.287368315
1800,333.2,0.9759565814,2.286686128
1800,333.25,0.9758460231,2.286005252
1800,333.3,0.9757355431,2.285325686
1800,333.35,0.9756251415,2.284647427
1800,333.4,0.9755148184,2.283970475
1800,333.45,0.9754045739,2.283294826
1800,333.5,0.9752944082,2.282620481
1800,333.55,0.9751843213,2.281947436
1800,333.6,0.9750743135,2.28127569
1800,333.65,0.9749643848,2.280605242
1800,333.7,0.9748545353,2.279936089
1800,333.75,0.9747447653,2.279268231
1800,333.8,0.9746350747,2.278601664
1800,333.85,0.9745254638,2.277936388
1800,333.9,0.9744159326,2.277272401
1800,333.95,0.9743064813,2.2766097
1800,334,0.9741971099,2.275948285
1800,334.05,0.9740878187,2.275288153
1800,334.1,0.9739786077,2.274629303
1800,334.15,0.973869477,2.273971733
1800,334.2,0.9737604268,2.273315442
1800,334.25,0.9736514572,2.272660427
1800,334.3,0.9735425683,2.272006687
1800,334.35,0.9734337602,2.27135422
1800,334.4,0.9733250331,2.270703025
1800,334.45,0.973216387,2.270053099
1800,334.5,0.973107822,2.269404441
1800,334.55,0.9729993384,2.268757049
1800,334.6,0.9728909362,2.268110922
1800,334.65,0.9727826154,2.267466058
1800,334.7,0.9726743764,2.266822454
1800,334.75,0.972566219,2.26618011
1800,334.8,0.9724581435,2.265539024
1800,334.85,0.97235015,2.264899193
1800,334.9,0.9722422386,2.264260617
1800,334.95,0.9721344094,2.263623293
1800,335,0.9720266625,2.262987219
1800,335.05,0.971918998,2.262352395
1800,335.1,0.971811416,2.261718818
1800,335.15,0.9717039167,2.261086486
1800,335.2,0.9715965002,2.260455399
1800,335.25,0.9714891665,2.259825553
1800,335.3,0.9713819158,2.259196947
1800,335.35,0.9712747481,2.258569581
1800,335.4,0.9711676637,2.257943451
1800,335.45,0.9710606625,2.257318556
1800,335.5,0.9709537448,2.256694895
1800,335.55,0.9708469106,2.256072466
1800,335.6,0.97074016,2.255451266
1800,335.65,0.9706334931,2.254831295
1800,335.7,0.9705269101,2.254212551
1800,335.75,0.970420411,2.253595031
1800,335.8,0.970313996,2.252978735
1800,335.85,0.9702076651,2.25236366
1800,335.9,0.9701014184,2.251749805
1800,335.95,0.9699952562,2.251137168
1800,336,0.9698891783,2.250525747
1800,336.05,0.9697831851,2.249915541
1800,336.1,0.9696772765,2.249306547
1800,336.15,0.9695714527,2.248698765
1800,336.2,0.9694657137,2.248092193
1800,336.25,0.9693600598,2.247486828
1800,336.3,0.9692544909,2.246882669
1800,336.35,0.9691490071,2.246279714
1800,336.4,0.9690436087,2.245677962
1800,336.45,0.9689382956,2.245077411
1800,336.5,0.968833068,2.244478059
1800,336.55,0.968727926,2.243879905
1800,336.6,0.9686228696,2.243282946
1800,336.65,0.968517899,2.242687182
1800,336.7,0.9684130143,2.24209261
1800,336.75,0.9683082155,2.241499228
1800,336.8,0.9682035028,2.240907036
1800,336.85,0.9680988762,2.240316031
1800,336.9,0.9679943359,2.239726211
1800,336.95,0.967889882,2.239137575
1800,337,0.9677855145,2.238550122
1800,337.05,0.9676812335,2.237963849
1800,337.1,0.9675770391,2.237378754
1800,337.15,0.9674729315,2.236794837
1800,337.2,0.9673689107,2.236212095
1800,337.25,0.9672649768,2.235630527
1800,337.3,0.9671611299,2.235050131
1800,337.35,0.9670573701,2.234470905
1800,337.4,0.9669536974,2.233892848
1800,337.45,0.9668501121,2.233315957
1800,337.5,0.9667466141,2.232740232
1800,337.55,0.9666432036,2.23216567
1800,337.6,0.9665398806,2.23159227
1800,337.65,0.9664366453,2.23102003
1800,337.7,0.9663334977,2.230448949
1800,337.75,0.9662304379,2.229879024
1800,337.8,0.966127466,2.229310255
1800,337.85,0.9660245821,2.228742639
1800,337.9,0.9659217862,2.228176174
1800,337.95,0.9658190785,2.22761086
1800,338,0.9657164591,2.227046694
1800,338.05,0.965613928,2.226483674
1800,338.1,0.9655114854,2.225921799
1800,338.15,0.9654091312,2.225361068
1800,338.2,0.9653068657,2.224801478
1800,338.25,0.9652046888,2.224243028
1800,338.3,0.9651026006,2.223685717
1800,338.35,0.9650006014,2.223129542
1800,338.4,0.964898691,2.222574501
1800,338.45,0.9647968696,2.222020594
1800,338.5,0.9646951374,2.221467819
1800,338.55,0.9645934943,2.220916173
1800,338.6,0.9644919405,2.220365656
1800,338.65,0.964390476,2.219816265
1800,338.7,0.9642891009,2.219267998
1800,338.75,0.9641878153,2.218720855
1800,338.8,0.9640866193,2.218174834
1800,338.85,0.9639855129,2.217629932
1800,338.9,0.9638844963,2.217086148
1800,338.95,0.9637835695,2.216543481
1800,339,0.9636827326,2.216001928
1800,339.05,0.9635819857,2.215461489
1800,339.1,0.9634813288,2.214922161
1800,339.15,0.963380762,2.214383943
1800,339.2,0.9632802854,2.213846833
1800,339.25,0.9631798991,2.21331083
1800,339.3,0.9630796031,2.212775931
1800,339.35,0.9629793976,2.212242136
1800,339.4,0.9628792826,2.211709442
1800,339.45,0.9627792581,2.211177848
1800,339.5,0.9626793243,2.210647352
1800,339.55,0.9625794812,2.210117952
1800,339.6,0.9624797289,2.209589648
1800,339.65,0.9623800675,2.209062436
1800,339.7,0.962280497,2.208536316
1800,339.75,0.9621810176,2.208011287
1800,339.8,0.9620816292,2.207487345
1800,339.85,0.961982332,2.20696449
1800,339.9,0.9618831259,2.20644272
1800,339.95,0.9617840112,2.205922033
1800,340,0.9616849879,2.205402428
1800,340.05,0.961586056,2.204883903
1800,340.1,0.9614872156,2.204366456
1800,340.15,0.9613884667,2.203850086
1800,340.2,0.9612898096,2.203334791
1800,340.25,0.9611912441,2.202820569
1800,340.3,0.9610927704,2.202307419
1800,340.35,0.9609943885,2.20179534
1800,340.4,0.9608960985,2.201284329
1800,340.45,0.9607979006,2.200774384
1800,340.5,0.9606997946,2.200265505
1800,340.55,0.9606017808,2.19975769
1800,340.6,0.9605038591,2.199250937
1800,340.65,0.9604060297,2.198745244
1800,340.7,0.9603082926,2.198240609
1800,340.75,0.9602106478,2.197737032
1800,340.8,0.9601130955,2.19723451
1800,340.85,0.9600156357,2.196733042
1800,340.9,0.9599182684,2.196232626
1800,340.95,0.9598209937,2.195733261
1800,341,0.9597238117,2.195234944
1800,341.05,0.9596267224,2.194737675
1800,341.1,0.959529726,2.194241452
1800,341.15,0.9594328224,2.193746272
1800,341.2,0.9593360117,2.193252135
1800,341.25,0.959239294,2.192759039
1800,341.3,0.9591426693,2.192266982
1800,341.35,0.9590461378,2.191775963
1800,341.4,0.9589496994,2.19128598
1800,341.45,0.9588533542,2.190797031
1800,341.5,0.9587571022,2.190309114
1800,341.55,0.9586609437,2.189822229
1800,341.6,0.9585648784,2.189336373
1800,341.65,0.9584689067,2.188851545
1800,341.7,0.9583730284,2.188367744
1800,341.75,0.9582772437,2.187884967
1800,341.8,0.9581815526,2.187403213
1800,341.85,0.9580859552,2.186922481
1800,341.9,0.9579904515,2.186442768
1800,341.95,0.9578950415,2.185964074
1800,342,0.9577997254,2.185486397
1800,342.05,0.9577045032,2.185009734
1800,342.1,0.9576093749,2.184534085
1800,342.15,0.9575143406,2.184059448
1800,342.2,0.9574194003,2.183585821
1800,342.25,0.9573245541,2.183113202
1800,342.3,0.9572298021,2.182641591
1800,342.35,0.9571351442,2.182170985
1800,342.4,0.9570405806,2.181701383
1800,342.45,0.9569461113,2.181232783
1800,342.5,0.9568517363,2.180765184
1800,342.55,0.9567574558,2.180298584
1800,342.6,0.9566632696,2.179832982
1800,342.65,0.956569178,2.179368375
1800,342.7,0.9564751809,2.178904763
1800,342.75,0.9563812784,2.178442143
1800,342.8,0.9562874705,2.177980515
1800,342.85,0.9561937573,2.177519876
1800,342.9,0.9561001388,2.177060225
1800,342.95,0.9560066151,2.176601561
1800,343,0.9559131862,2.176143882
1800,343.05,0.9558198522,2.175687185
1800,343.1,0.9557266131,2.175231471
1800,343.15,0.955633469,2.174776736
1800,343.2,0.9555404199,2.17432298
1800,343.25,0.9554474658,2.173870201
1800,343.3,0.9553546068,2.173418398
1800,343.35,0.9552618429,2.172967568
1800,343.4,0.9551691742,2.17251771
1800,343.45,0.9550766007,2.172068823
1800,343.5,0.9549841225,2.171620906
1800,343.55,0.9548917396,2.171173955
1800,343.6,0.954799452,2.170727971
1800,343.65,0.9547072598,2.170282951
1800,343.7,0.954615163,2.169838894
1800,343.75,0.9545231617,2.169395799
1800,343.8,0.9544312559,2.168953663
1800,343.85,0.9543394457,2.168512485
1800,343.9,0.954247731,2.168072264
1800,343.95,0.9541561119,2.167632998
1800,344,0.9540645885,2.167194685
1800,344.05,0.9539731608,2.166757325
1800,344.1,0.9538818289,2.166320915
1800,344.15,0.9537905927,2.165885453
1800,344.2,0.9536994523,2.165450939
1800,344.25,0.9536084078,2.165017371
1800,344.3,0.9535174591,2.164584747
1800,344.35,0.9534266064,2.164153066
1800,344.4,0.9533358496,2.163722326
1800,344.45,0.9532451889,2.163292525
1800,344.5,0.9531546241,2.162863663
1800,344.55,0.9530641554,2.162435737
1800,344.6,0.9529737828,2.162008746
1800,344.65,0.9528835063,2.161582688
1800,344.7,0.9527933259,2.161157562
1800,344.75,0.9527032418,2.160733367
1800,344.8,0.9526132539,2.1603101
1800,344.85,0.9525233622,2.159887761
1800,344.9,0.9524335668,2.159466348
1800,344.95,0.9523438678,2.159045859
1800,345,0.9522542651,2.158626292
1800,345.05,0.9521647587,2.158207647
1800,345.1,0.9520753488,2.157789921
1800,345.15,0.9519860353,2.157373114
1800,345.2,0.9518968183,2.156957223
1800,345.25,0.9518076978,2.156542248
1800,345.3,0.9517186738,2.156128185
1800,345.35,0.9516297463,2.155715035
1800,345.4,0.9515409155,2.155302796
1800,345.45,0.9514521812,2.154891465
1800,345.5,0.9513635436,2.154481042
1800,345.55,0.9512750027,2.154071525
1800,345.6,0.9511865584,2.153662913
1800,345.65,0.9510982109,2.153255203
1800,345.7,0.9510099601,2.152848395
1800,345.75,0.9509218061,2.152442487
1800,345.8,0.9508337489,2.152037478
1800,345.85,0.9507457885,2.151633365
1800,345.9,0.9506579249,2.151230148
1800,345.95,0.9505701582,2.150827825
1800,346,0.9504824884,2.150426394
1800,346.05,0.9503949155,2.150025854
1800,346.1,0.9503074395,2.149626204
1800,346.15,0.9502200605,2.149227442
1800,346.2,0.9501327785,2.148829566
1800,346.25,0.9500455935,2.148432575
1800,346.3,0.9499585055,2.148036467
1800,346.35,0.9498715146,2.147641242
1800,346.4,0.9497846207,2.147246897
1800,346.45,0.9496978239,2.146853431
1800,346.5,0.9496111242,2.146460842
1800,346.55,0.9495245217,2.14606913
1800,346.6,0.9494380163,2.145678292
1800,346.65,0.9493516081,2.145288327
1800,346.7,0.949265297,2.144899234
1800,346.75,0.9491790832,2.144511011
1800,346.8,0.9490929665,2.144123657
1800,346.85,0.9490069471,2.14373717
1800,346.9,0.948921025,2.143351548
1800,346.95,0.9488352001,2.142966791
1800,347,0.9487494726,2.142582896
1800,347.05,0.9486638423,2.142199863
1800,347.1,0.9485783094,2.141817689
1800,347.15,0.9484928738,2.141436374
1800,347.2,0.9484075355,2.141055915
1800,347.25,0.9483222946,2.140676312
1800,347.3,0.9482371511,2.140297563
1800,347.35,0.948152105,2.139919667
1800,347.4,0.9480671563,2.139542621
1800,347.45,0.947982305,2.139166425
1800,347.5,0.9478975512,2.138791077
1800,347.55,0.9478128948,2.138416576
1800,347.6,0.9477283359,2.13804292
1800,347.65,0.9476438744,2.137670107
1800,347.7,0.9475595105,2.137298137
1800,347.75,0.947475244,2.136927008
1800,347.8,0.9473910751,2.136556718
1800,347.85,0.9473070036,2.136187266
1800,347.9,0.9472230297,2.13581865
1800,347.95,0.9471391534,2.135450869
1800,348,0.9470553745,2.135083922
1800,348.05,0.9469716933,2.134717808
1800,348.1,0.9468881096,2.134352523
1800,348.15,0.9468046235,2.133988068
1800,348.2,0.946721235,2.133624441
1800,348.25,0.9466379441,2.133261641
1800,348.3,0.9465547507,2.132899665
1800,348.35,0.946471655,2.132538513
1800,348.4,0.9463886569,2.132178182
1800,348.45,0.9463057564,2.131818673
1800,348.5,0.9462229536,2.131459983
1800,348.55,0.9461402484,2.13110211
1800,348.6,0.9460576408,2.130745054
1800,348.65,0.9459751309,2.130388813
1800,348.7,0.9458927186,2.130033385
1800,348.75,0.945810404,2.129678769
1800,348.8,0.9457281871,2.129324964
1800,348.85,0.9456460678,2.128971969
1800,348.9,0.9455640462,2.128619781
1800,348.95,0.9454821222,2.128268399
1800,349,0.945400296,2.127917823
1800,349.05,0.9453185674,2.12756805
1800,349.1,0.9452369365,2.127219079
1800,349.15,0.9451554032,2.126870909
1800,349.2,0.9450739677,2.126523538
1800,349.25,0.9449926299,2.126176966
1800,349.3,0.9449113897,2.125831189
1800,349.35,0.9448302472,2.125486208
1800,349.4,0.9447492025,2.125142021
1800,349.45,0.9446682554,2.124798626
1800,349.5,0.944587406,2.124456022
1800,349.55,0.9445066543,2.124114207
1800,349.6,0.9444260003,2.123773181
1800,349.65,0.9443454439,2.123432941
1800,349.7,0.9442649853,2.123093487
1800,349.75,0.9441846243,2.122754816
1800,349.8,0.9441043611,2.122416929
1800,349.85,0.9440241955,2.122079822
1800,349.9,0.9439441276,2.121743495
1800,349.95,0.9438641573,2.121407946
1800,350,0.9437842848,2.121073175
1800,350.05,0.9437045099,2.120739179
1800,350.1,0.9436248326,2.120405957
1800,350.15,0.9435452531,2.120073508
1800,350.2,0.9434657712,2.11974183
1800,350.25,0.9433863869,2.119410923
1800,350.3,0.9433071003,2.119080784
1800,350.35,0.9432279113,2.118751413
1800,350.4,0.94314882,2.118422807
1800,350.45,0.9430698263,2.118094967
1800,350.5,0.9429909302,2.117767889
1800,350.55,0.9429121318,2.117441573
1800,350.6,0.9428334309,2.117116018
1800,350.65,0.9427548277,2.116791221
1800,350.7,0.942676322,2.116467183
1800,350.75,0.9425979139,2.116143901
1800,350.8,0.9425196034,2.115821374
1800,350.85,0.9424413905,2.1154996
1800,350.9,0.9423632752,2.115178579
1800,350.95,0.9422852574,2.114858309
1800,351,0.9422073371,2.114538788
1800,351.05,0.9421295144,2.114220016
1800,351.1,0.9420517892,2.11390199
1800,351.15,0.9419741615,2.11358471
1800,351.2,0.9418966313,2.113268174
1800,351.25,0.9418191987,2.112952381
1800,351.3,0.9417418634,2.112637329
1800,351.35,0.9416646257,2.112323018
1800,351.4,0.9415874854,2.112009445
1800,351.45,0.9415104426,2.11169661
1800,351.5,0.9414334972,2.11138451
1800,351.55,0.9413566492,2.111073146
1800,351.6,0.9412798987,2.110762515
1800,351.65,0.9412032455,2.110452616
1800,351.7,0.9411266897,2.110143447
1800,351.75,0.9410502313,2.109835008
1800,351.8,0.9409738702,2.109527297
1800,351.85,0.9408976065,2.109220313
1800,351.9,0.9408214401,2.108914055
1800,351.95,0.940745371,2.10860852
1800,352,0.9406693991,2.108303708
1800,352.05,0.9405935246,2.107999618
1800,352.1,0.9405177474,2.107696247
1800,352.15,0.9404420673,2.107393596
1800,352.2,0.9403664846,2.107091661
1800,352.25,0.940290999,2.106790443
1800,352.3,0.9402156106,2.10648994
1800,352.35,0.9401403194,2.10619015
1800,352.4,0.9400651254,2.105891073
1800,352.45,0.9399900285,2.105592706
1800,352.5,0.9399150287,2.105295049
1800,352.55,0.9398401261,2.1049981
1800,352.6,0.9397653205,2.104701858
1800,352.65,0.939690612,2.104406322
1800,352.7,0.9396160006,2.10411149
1800,352.75,0.9395414862,2.103817361
1800,352.8,0.9394670687,2.103523934
1800,352.85,0.9393927483,2.103231207
1800,352.9,0.9393185249,2.102939179
1800,352.95,0.9392443984,2.102647849
1800,353,0.9391703688,2.102357216
1800,353.05,0.9390964362,2.102067278
1800,353.1,0.9390226004,2.101778033
1800,353.15,0.9389488615,2.101489482
1800,353.2,0.9388752194,2.101201621
1800,353.25,0.9388016742,2.100914451
1800,353.3,0.9387282257,2.10062797
1800,353.35,0.9386548741,2.100342176
1800,353.4,0.9385816192,2.100057068
1800,353.45,0.938508461,2.099772645
1800,353.5,0.9384353995,2.099488906
1800,353.55,0.9383624347,2.099205849
1800,353.6,0.9382895665,2.098923473
1800,353.65,0.938216795,2.098641777
1800,353.7,0.9381441201,2.098360759
1800,353.75,0.9380715418,2.098080419
1800,353.8,0.93799906,2.097800755
1800,353.85,0.9379266747,2.097521765
1800,353.9,0.937854386,2.097243449
1800,353.95,0.9377821937,2.096965805
1800,354,0.9377100979,2.096688832
1800,354.05,0.9376380986,2.096412528
1800,354.1,0.9375661956,2.096136893
1800,354.15,0.937494389,2.095861925
1800,354.2,0.9374226787,2.095587622
1800,354.25,0.9373510648,2.095313985
1800,354.3,0.9372795471,2.09504101
1800,354.35,0.9372081257,2.094768698
1800,354.4,0.9371368005,2.094497046
1800,354.45,0.9370655716,2.094226054
1800,354.5,0.9369944388,2.09395572
1800,354.55,0.9369234021,2.093686044
1800,354.6,0.9368524616,2.093417023
1800,354.65,0.9367816172,2.093148657
1800,354.7,0.9367108688,2.092880943
1800,354.75,0.9366402164,2.092613883
1800,354.8,0.9365696601,2.092347472
1800,354.85,0.9364991997,2.092081712
1800,354.9,0.9364288352,2.091816599
1800,354.95,0.9363585666,2.091552134
1800,355,0.9362883939,2.091288315
1800,355.05,0.9362183171,2.09102514
1800,355.1,0.936148336,2.090762609
1800,355.15,0.9360784508,2.09050072
1800,355.2,0.9360086612,2.090239472
1800,355.25,0.9359389674,2.089978863
1800,355.3,0.9358693693,2.089718893
1800,355.35,0.9357998668,2.08945956
1800,355.4,0.9357304599,2.089200863
1800,355.45,0.9356611485,2.088942801
1800,355.5,0.9355919328,2.088685373
1800,355.55,0.9355228125,2.088428576
1800,355.6,0.9354537877,2.088172411
1800,355.65,0.9353848583,2.087916876
1800,355.7,0.9353160243,2.08766197
1800,355.75,0.9352472858,2.087407691
1800,355.8,0.9351786425,2.087154038
1800,355.85,0.9351100945,2.086901011
1800,355.9,0.9350416418,2.086648607
1800,355.95,0.9349732843,2.086396826
1800,356,0.934905022,2.086145666
1800,356.05,0.9348368549,2.085895127
1800,356.1,0.9347687829,2.085645206
1800,356.15,0.9347008059,2.085395903
1800,356.2,0.934632924,2.085147217
1800,356.25,0.9345651371,2.084899147
1800,356.3,0.9344974451,2.08465169
1800,356.35,0.9344298481,2.084404847
1800,356.4,0.9343623459,2.084158615
1800,356.45,0.9342949386,2.083912994
1800,356.5,0.9342276262,2.083667983
1800,356.55,0.9341604084,2.083423579
1800,356.6,0.9340932854,2.083179783
1800,356.65,0.9340262572,2.082936593
1800,356.7,0.9339593235,2.082694007
1800,356.75,0.9338924845,2.082452025
1800,356.8,0.93382574,2.082210645
1800,356.85,0.9337590901,2.081969866
1800,356.9,0.9336925346,2.081729688
1800,356.95,0.9336260737,2.081490108
1800,357,0.9335597071,2.081251125
1800,357.05,0.9334934348,2.081012739
1800,357.1,0.933427257,2.080774949
1800,357.15,0.9333611733,2.080537752
1800,357.2,0.933295184,2.080301148
1800,357.25,0.9332292888,2.080065136
1800,357.3,0.9331634878,2.079829715
1800,357.35,0.9330977809,2.079594883
1800,357.4,0.933032168,2.079360639
1800,357.45,0.9329666492,2.079126982
1800,357.5,0.9329012244,2.078893912
1800,357.55,0.9328358935,2.078661426
1800,357.6,0.9327706565,2.078429523
1800,357.65,0.9327055134,2.078198203
1800,357.7,0.9326404641,2.077967464
1800,357.75,0.9325755085,2.077737306
1800,357.8,0.9325106467,2.077507726
1800,357.85,0.9324458785,2.077278724
1800,357.9,0.932381204,2.077050299
1800,357.95,0.932316623,2.076822449
1800,358,0.9322521356,2.076595174
1800,358.05,0.9321877416,2.076368472
1800,358.1,0.9321234411,2.076142342
1800,358.15,0.9320592341,2.075916783
1800,358.2,0.9319951203,2.075691794
1800,358.25,0.9319310999,2.075467373
1800,358.3,0.9318671727,2.07524352
1800,358.35,0.9318033388,2.075020234
1800,358.4,0.931739598,2.074797512
1800,358.45,0.9316759503,2.074575355
1800,358.5,0.9316123957,2.074353761
1800,358.55,0.9315489341,2.074132728
1800,358.6,0.9314855655,2.073912256
1800,358.65,0.9314222898,2.073692344
1800,358.7,0.931359107,2.073472991
1800,358.75,0.931296017,2.073254194
1800,358.8,0.9312330198,2.073035954
1800,358.85,0.9311701153,2.072818269
1800,358.9,0.9311073035,2.072601138
1800,358.95,0.9310445843,2.07238456
1800,359,0.9309819577,2.072168534
1800,359.05,0.9309194237,2.071953058
1800,359.1,0.9308569821,2.071738132
1800,359.15,0.930794633,2.071523754
1800,359.2,0.9307323762,2.071309923
1800,359.25,0.9306702118,2.071096639
1800,359.3,0.9306081396,2.0708839
1800,359.35,0.9305461597,2.070671704
1800,359.4,0.9304842719,2.070460052
1800,359.45,0.9304224763,2.070248941
1800,359.5,0.9303607727,2.070038371
1800,359.55,0.9302991612,2.069828341
1800,359.6,0.9302376416,2.069618849
1800,359.65,0.9301762139,2.069409894
1800,359.7,0.9301148781,2.069201475
1800,359.75,0.9300536341,2.068993592
1800,359.8,0.9299924819,2.068786243
1800,359.85,0.9299314214,2.068579427
1800,359.9,0.9298704525,2.068373143
1800,359.95,0.9298095752,2.068167389
1800,360,0.9297487895,2.067962165
1800,360.05,0.9296880952,2.06775747
1800,360.1,0.9296274924,2.067553302
1800,360.15,0.929566981,2.067349661
1800,360.2,0.9295065609,2.067146546
1800,360.25,0.9294462321,2.066943954
1800,360.3,0.9293859944,2.066741886
1800,360.35,0.929325848,2.06654034
1800,360.4,0.9292657926,2.066339315
1800,360.45,0.9292058283,2.06613881
1800,360.5,0.929145955,2.065938824
1800,360.55,0.9290861727,2.065739355
1800,360.6,0.9290264812,2.065540404
1800,360.65,0.9289668805,2.065341968
1800,360.7,0.9289073707,2.065144047
1800,360.75,0.9288479515,2.06494664
1800,360.8,0.928788623,2.064749745
1800,360.85,0.9287293851,2.064553361
1800,360.9,0.9286702377,2.064357488
1800,360.95,0.9286111808,2.064162124
1800,361,0.9285522144,2.063967268
1800,361.05,0.9284933383,2.06377292
1800,361.1,0.9284345526,2.063579078
1800,361.15,0.9283758571,2.063385741
1800,361.2,0.9283172518,2.063192908
1800,361.25,0.9282587366,2.063000578
1800,361.3,0.9282003115,2.06280875
1800,361.35,0.9281419765,2.062617423
1800,361.4,0.9280837314,2.062426596
1800,361.45,0.9280255762,2.062236267
1800,361.5,0.9279675108,2.062046437
1800,361.55,0.9279095353,2.061857103
1800,361.6,0.9278516494,2.061668265
1800,361.65,0.9277938533,2.061479921
1800,361.7,0.9277361467,2.061292072
1800,361.75,0.9276785297,2.061104714
1800,361.8,0.9276210022,2.060917849
1800,361.85,0.9275635641,2.060731473
1800,361.9,0.9275062153,2.060545588
1800,361.95,0.9274489559,2.06036019
1800,362,0.9273917857,2.060175281
1800,362.05,0.9273347047,2.059990857
1800,362.1,0.9272777129,2.059806919
1800,362.15,0.9272208101,2.059623466
1800,362.2,0.9271639962,2.059440495
1800,362.25,0.9271072714,2.059258007
1800,362.3,0.9270506354,2.059076001
1800,362.35,0.9269940882,2.058894474
1800,362.4,0.9269376298,2.058713427
1800,362.45,0.92688126,2.058532858
1800,362.5,0.9268249789,2.058352766
1800,362.55,0.9267687864,2.058173151
1800,362.6,0.9267126823,2.057994011
1800,362.65,0.9266566667,2.057815345
1800,362.7,0.9266007395,2.057637152
1800,362.75,0.9265449005,2.057459431
1800,362.8,0.9264891499,2.057282182
1800,362.85,0.9264334874,2.057105402
1800,362.9,0.926377913,2.056929092
1800,362.95,0.9263224267,2.05675325
1800,363,0.9262670284,2.056577875
1800,363.05,0.926211718,2.056402967
1800,363.1,0.9261564955,2.056228523
1800,363.15,0.9261013608,2.056054544
1800,363.2,0.9260463138,2.055881028
1800,363.25,0.9259913545,2.055707974
1800,363.3,0.9259364828,2.055535381
1800,363.35,0.9258816987,2.055363249
1800,363.4,0.925827002,2.055191576
1800,363.45,0.9257723927,2.055020361
1800,363.5,0.9257178708,2.054849603
1800,363.55,0.9256634361,2.054679302
1800,363.6,0.9256090887,2.054509456
1800,363.65,0.9255548284,2.054340064
1800,363.7,0.9255006552,2.054171126
1800,363.75,0.925446569,2.05400264
1800,363.8,0.9253925698,2.053834605
1800,363.85,0.9253386574,2.053667021
1800,363.9,0.9252848319,2.053499886
1800,363.95,0.9252310931,2.0533332
1800,364,0.925177441,2.053166961
1800,364.05,0.9251238755,2.053001168
1800,364.1,0.9250703965,2.052835822
1800,364.15,0.9250170041,2.052670919
1800,364.2,0.924963698,2.052506461
1800,364.25,0.9249104783,2.052342445
1800,364.3,0.9248573449,2.052178871
1800,364.35,0.9248042976,2.052015738
1800,364.4,0.9247513366,2.051853044
1800,364.45,0.9246984615,2.051690789
1800,364.5,0.9246456725,2.051528972
1800,364.55,0.9245929695,2.051367592
1800,364.6,0.9245403523,2.051206648
1800,364.65,0.9244878209,2.051046139
1800,364.7,0.9244353752,2.050886065
1800,364.75,0.9243830152,2.050726423
1800,364.8,0.9243307407,2.050567213
1800,364.85,0.9242785518,2.050408435
1800,364.9,0.9242264484,2.050250087
1800,364.95,0.9241744303,2.050092168
1800,365,0.9241224975,2.049934678
1800,365.05,0.92407065,2.049777615
1800,365.1,0.9240188877,2.049620978
1800,365.15,0.9239672105,2.049464768
1800,365.2,0.9239156183,2.049308982
1800,365.25,0.923864111,2.049153619
1800,365.3,0.9238126887,2.04899868
1800,365.35,0.9237613511,2.048844162
1800,365.4,0.9237100984,2.048690065
1800,365.45,0.9236589303,2.048536388
1800,365.5,0.9236078468,2.04838313
1800,365.55,0.9235568478,2.048230291
1800,365.6,0.9235059333,2.048077868
1800,365.65,0.9234551032,2.047925862
1800,365.7,0.9234043575,2.047774271
1800,365.75,0.923353696,2.047623095
1800,365.8,0.9233031186,2.047472332
1800,365.85,0.9232526254,2.047321982
1800,365.9,0.9232022162,2.047172044
1800,365.95,0.923151891,2.047022516
1800,366,0.9231016497,2.046873398
1800,366.05,0.9230514922,2.04672469
1800,366.1,0.9230014184,2.046576389
1800,366.15,0.9229514283,2.046428495
1800,366.2,0.9229015218,2.046281008
1800,366.25,0.9228516989,2.046133926
1800,366.3,0.9228019594,2.045987248
1800,366.35,0.9227523032,2.045840974
1800,366.4,0.9227027304,2.045695103
1800,366.45,0.9226532409,2.045549633
1800,366.5,0.9226038345,2.045404564
1800,366.55,0.9225545112,2.045259895
1800,366.6,0.9225052709,2.045115625
1800,366.65,0.9224561135,2.044971753
1800,366.7,0.922407039,2.044828279
1800,366.75,0.9223580473,2.0446852
1800,366.8,0.9223091384,2.044542518
1800,366.85,0.9222603121,2.044400229
1800,366.9,0.9222115683,2.044258335
1800,366.95,0.9221629071,2.044116833
1800,367,0.9221143282,2.043975723
1800,367.05,0.9220658318,2.043835005
1800,367.1,0.9220174176,2.043694676
1800,367.15,0.9219690856,2.043554737
1800,367.2,0.9219208357,2.043415186
1800,367.25,0.9218726679,2.043276022
1800,367.3,0.921824582,2.043137246
1800,367.35,0.9217765781,2.042998855
1800,367.4,0.921728656,2.042860848
1800,367.45,0.9216808156,2.042723226
1800,367.5,0.9216330569,2.042585987
1800,367.55,0.9215853798,2.042449131
1800,367.6,0.9215377842,2.042312655
1800,367.65,0.9214902701,2.042176561
1800,367.7,0.9214428374,2.042040846
1800,367.75,0.9213954859,2.041905509
1800,367.8,0.9213482157,2.041770551
1800,367.85,0.9213010266,2.04163597
1800,367.9,0.9212539185,2.041501765
1800,367.95,0.9212068915,2.041367935
1800,368,0.9211599454,2.04123448
1800,368.05,0.9211130801,2.041101399
1800,368.1,0.9210662956,2.04096869
1800,368.15,0.9210195917,2.040836353
1800,368.2,0.9209729685,2.040704388
1800,368.25,0.9209264258,2.040572793
1800,368.3,0.9208799635,2.040441567
1800,368.35,0.9208335816,2.040310709
1800,368.4,0.9207872801,2.04018022
1800,368.45,0.9207410587,2.040050097
1800,368.5,0.9206949175,2.03992034
1800,368.55,0.9206488563,2.039790949
1800,368.6,0.9206028752,2.039661921
1800,368.65,0.9205569739,2.039533258
1800,368.7,0.9205111525,2.039404957
1800,368.75,0.9204654108,2.039277017
1800,368.8,0.9204197489,2.039149439
1800,368.85,0.9203741665,2.039022221
1800,368.9,0.9203286636,2.038895363
1800,368.95,0.9202832402,2.038768862
1800,369,0.9202378962,2.03864272
1800,369.05,0.9201926314,2.038516934
1800,369.1,0.9201474458,2.038391504
1800,369.15,0.9201023394,2.03826643
1800,369.2,0.920057312,2.03814171
1800,369.25,0.9200123636,2.038017343
1800,369.3,0.9199674941,2.037893329
1800,369.35,0.9199227034,2.037769667
1800,369.4,0.9198779914,2.037646357
1800,369.45,0.9198333581,2.037523396
1800,369.5,0.9197888034,2.037400785
1800,369.55,0.9197443272,2.037278522
1800,369.6,0.9196999294,2.037156608
1800,369.65,0.9196556099,2.03703504
1800,369.7,0.9196113687,2.036913819
1800,369.75,0.9195672057,2.036792943
1800,369.8,0.9195231207,2.036672411
1800,369.85,0.9194791138,2.036552223
1800,369.9,0.9194351849,2.036432379
1800,369.95,0.9193913338,2.036312876
1800,370,0.9193475604,2.036193715
1800,370.05,0.9193038648,2.036074894
1800,370.1,0.9192602468,2.035956414
1800,370.15,0.9192167064,2.035838272
1800,370.2,0.9191732434,2.035720468
1800,370.25,0.9191298577,2.035603002
1800,370.3,0.9190865494,2.035485872
1800,370.35,0.9190433183,2.035369078
1800,370.4,0.9190001644,2.03525262
1800,370.45,0.9189570875,2.035136495
1800,370.5,0.9189140876,2.035020704
1800,370.55,0.9188711646,2.034905245
1800,370.6,0.9188283184,2.034790118
1800,370.65,0.9187855489,2.034675323
1800,370.7,0.9187428561,2.034560857
1800,370.75,0.9187002399,2.034446721
1800,370.8,0.9186577002,2.034332914
1800,370.85,0.9186152368,2.034219435
1800,370.9,0.9185728498,2.034106283
1800,370.95,0.9185305391,2.033993457
1800,371,0.9184883045,2.033880957
1800,371.05,0.9184461461,2.033768782
1800,371.1,0.9184040636,2.033656931
1800,371.15,0.918362057,2.033545403
1800,371.2,0.9183201263,2.033434198
1800,371.25,0.9182782714,2.033323314
1800,371.3,0.9182364921,2.033212752
1800,371.35,0.9181947885,2.03310251
1800,371.4,0.9181531603,2.032992587
1800,371.45,0.9181116076,2.032882983
1800,371.5,0.9180701302,2.032773696
1800,371.55,0.9180287281,2.032664727
1800,371.6,0.9179874012,2.032556075
1800,371.65,0.9179461494,2.032447738
1800,371.7,0.9179049727,2.032339716
1800,371.75,0.9178638708,2.032232008
1800,371.8,0.9178228439,2.032124613
1800,371.85,0.9177818917,2.032017531
1800,371.9,0.9177410142,2.031910761
1800,371.95,0.9177002113,2.031804302
1800,372,0.917659483,2.031698154
1800,372.05,0.9176188291,2.031592315
1800,372.1,0.9175782495,2.031486785
1800,372.15,0.9175377443,2.031381563
1800,372.2,0.9174973132,2.031276649
1800,372.25,0.9174569563,2.031172041
1800,372.3,0.9174166734,2.03106774
1800,372.35,0.9173764645,2.030963743
1800,372.4,0.9173363294,2.030860051
1800,372.45,0.9172962681,2.030756662
1800,372.5,0.9172562805,2.030653577
1800,372.55,0.9172163665,2.030550794
1800,372.6,0.9171765261,2.030448312
1800,372.65,0.9171367591,2.030346131
1800,372.7,0.9170970655,2.03024425
1800,372.75,0.9170574452,2.030142668
1800,372.8,0.9170178981,2.030041385
1800,372.85,0.9169784241,2.0299404
1800,372.9,0.9169390231,2.029839712
1800,372.95,0.9168996951,2.029739321
1800,373,0.91686044,2.029639225
1800,373.05,0.9168212577,2.029539424
1800,373.1,0.916782148,2.029439917
1800,373.15,0.916743111,2.029340704
1800,373.2,0.9167041465,2.029241784
1800,373.25,0.9166652545,2.029143155
1800,373.3,0.9166264348,2.029044818
1800,373.35,0.9165876874,2.028946772
1800,373.4,0.9165490123,2.028849016
1800,373.45,0.9165104092,2.028751549
1800,373.5,0.9164718782,2.02865437
1800,373.55,0.9164334191,2.02855748
1800,373.6,0.9163950319,2.028460876
1800,373.65,0.9163567165,2.028364559
1800,373.7,0.9163184727,2.028268528
1800,373.75,0.9162803006,2.028172781
1800,373.8,0.9162422,2.028077319
1800,373.85,0.9162041709,2.027982141
1800,373.9,0.9161662131,2.027887245
1800,373.95,0.9161283266,2.027792631
1800,374,0.9160905113,2.027698299
1800,374.05,0.9160527671,2.027604248
1800,374.1,0.9160150939,2.027510477
1800,374.15,0.9159774916,2.027416986
1800,374.2,0.9159399603,2.027323773
1800,374.25,0.9159024996,2.027230838
1800,374.3,0.9158651097,2.027138181
1800,374.35,0.9158277904,2.0270458
1800,374.4,0.9157905416,2.026953695
1800,374.45,0.9157533632,2.026861865
1800,374.5,0.9157162552,2.02677031
1800,374.55,0.9156792174,2.026679029
1800,374.6,0.9156422498,2.026588021
1800,374.65,0.9156053523,2.026497286
1800,374.7,0.9155685248,2.026406823
1800,374.75,0.9155317672,2.026316631
1800,374.8,0.9154950795,2.026226709
1800,374.85,0.9154584615,2.026137057
1800,374.9,0.9154219132,2.026047674
1800,374.95,0.9153854345,2.02595856
1800,375,0.9153490253,2.025869714
1800,375.05,0.9153126855,2.025781135
1800,375.1,0.915276415,2.025692822
1800,375.15,0.9152402138,2.025604775
1800,375.2,0.9152040817,2.025516993
1800,375.25,0.9151680188,2.025429476
1800,375.3,0.9151320248,2.025342223
1800,375.35,0.9150960997,2.025255233
1800,375.4,0.9150602434,2.025168505
1800,375.45,0.9150244558,2.025082039
1800,375.5,0.9149887369,2.024995834
1800,375.55,0.9149530866,2.02490989
1800,375.6,0.9149175048,2.024824205
1800,375.65,0.9148819913,2.02473878
1800,375.7,0.9148465462,2.024653614
1800,375.75,0.9148111692,2.024568705
1800,375.8,0.9147758605,2.024484053
1800,375.85,0.9147406197,2.024399658
1800,375.9,0.914705447,2.02431552
1800,375.95,0.9146703421,2.024231636
1800,376,0.914635305,2.024148007
1800,376.05,0.9146003356,2.024064632
1800,376.1,0.9145654339,2.02398151
1800,376.15,0.9145305997,2.023898641
1800,376.2,0.9144958329,2.023816024
1800,376.25,0.9144611335,2.023733659
1800,376.3,0.9144265014,2.023651544
1800,376.35,0.9143919365,2.02356968
1800,376.4,0.9143574387,2.023488065
1800,376.45,0.914323008,2.023406699
1800,376.5,0.9142886442,2.023325581
1800,376.55,0.9142543472,2.023244711
1800,376.6,0.914220117,2.023164087
1800,376.65,0.9141859535,2.02308371
1800,376.7,0.9141518566,2.023003579
1800,376.75,0.9141178262,2.022923693
1800,376.8,0.9140838622,2.022844051
1800,376.85,0.9140499646,2.022764653
1800,376.9,0.9140161333,2.022685499
1800,376.95,0.9139823681,2.022606587
1800,377,0.913948669,2.022527917
1800,377.05,0.9139150359,2.022449488
1800,377.1,0.9138814687,2.0223713
1800,377.15,0.9138479673,2.022293352
1800,377.2,0.9138145317,2.022215643
1800,377.25,0.9137811617,2.022138174
1800,377.3,0.9137478574,2.022060942
1800,377.35,0.9137146185,2.021983949
1800,377.4,0.913681445,2.021907192
1800,377.45,0.9136483368,2.021830672
1800,377.5,0.9136152938,2.021754387
1800,377.55,0.913582316,2.021678338
1800,377.6,0.9135494033,2.021602523
1800,377.65,0.9135165555,2.021526942
1800,377.7,0.9134837726,2.021451595
1800,377.75,0.9134510545,2.02137648
1800,377.8,0.9134184011,2.021301597
1800,377.85,0.9133858124,2.021226947
1800,377.9,0.9133532882,2.021152527
1800,377.95,0.9133208284,2.021078337
1800,378,0.913288433,2.021004377
1800,378.05,0.9132561019,2.020930646
1800,378.1,0.913223835,2.020857144
1800,378.15,0.9131916323,2.02078387
1800,378.2,0.9131594935,2.020710823
1800,378.25,0.9131274187,2.020638003
1800,378.3,0.9130954078,2.020565409
1800,378.35,0.9130634606,2.02049304
1800,378.4,0.9130315771,2.020420897
1800,378.45,0.9129997572,2.020348978
1800,378.5,0.9129680008,2.020277283
1800,378.55,0.9129363079,2.020205811
1800,378.6,0.9129046783,2.020134562
1800,378.65,0.9128731119,2.020063535
1800,378.7,0.9128416087,2.019992729
1800,378.75,0.9128101686,2.019922145
1800,378.8,0.9127787915,2.01985178
1800,378.85,0.9127474773,2.019781635
1800,378.9,0.912716226,2.01971171
1800,378.95,0.9126850374,2.019642003
1800,379,0.9126539114,2.019572514
1800,379.05,0.912622848,2.019503243
1800,379.1,0.9125918471,2.019434188
1800,379.15,0.9125609086,2.01936535
1800,379.2,0.9125300324,2.019296727
1800,379.25,0.9124992184,2.01922832
1800,379.3,0.9124684666,2.019160127
1800,379.35,0.9124377768,2.019092148
1800,379.4,0.912407149,2.019024383
1800,379.45,0.9123765831,2.01895683
1800,379.5,0.912346079,2.01888949
1800,379.55,0.9123156366,2.018822361
1800,379.6,0.9122852558,2.018755444
1800,379.65,0.9122549366,2.018688738
1800,379.7,0.9122246788,2.018622241
1800,379.75,0.9121944824,2.018555954
1800,379.8,0.9121643473,2.018489876
1800,379.85,0.9121342734,2.018424006
1800,379.9,0.9121042606,2.018358344
1800,379.95,0.9120743088,2.01829289
1800,380,0.912044418,2.018227642
1800,380.05,0.912014588,2.0181626
1800,380.1,0.9119848188,2.018097764
1800,380.15,0.9119551103,2.018033134
1800,380.2,0.9119254623,2.017968707
1800,380.25,0.9118958749,2.017904485
1800,380.3,0.911866348,2.017840466
1800,380.35,0.9118368813,2.01777665
1800,380.4,0.9118074749,2.017713036
1800,380.45,0.9117781287,2.017649624
1800,380.5,0.9117488426,2.017586414
1800,380.55,0.9117196165,2.017523404
1800,380.6,0.9116904503,2.017460594
1800,380.65,0.911661344,2.017397984
1800,380.7,0.9116322973,2.017335573
1800,380.75,0.9116033104,2.017273361
1800,380.8,0.911574383,2.017211347
1800,380.85,0.9115455151,2.01714953
1800,380.9,0.9115167066,2.01708791
1800,380.95,0.9114879574,2.017026487
1800,381,0.9114592675,2.016965259
1800,381.05,0.9114306367,2.016904227
1800,381.1,0.911402065,2.01684339
1800,381.15,0.9113735522,2.016782747
1800,381.2,0.9113450984,2.016722298
1800,381.25,0.9113167033,2.016662042
1800,381.3,0.911288367,2.016601979
1800,381.35,0.9112600893,2.016542109
1800,381.4,0.9112318702,2.01648243
1800,381.45,0.9112037095,2.016422942
1800,381.5,0.9111756073,2.016363644
1800,381.55,0.9111475633,2.016304537
1800,381.6,0.9111195775,2.01624562
1800,381.65,0.9110916498,2.016186891
1800,381.7,0.9110637802,2.016128352
1800,381.75,0.9110359686,2.01607
1800,381.8,0.9110082148,2.016011836
1800,381.85,0.9109805188,2.015953859
1800,381.9,0.9109528805,2.015896068
1800,381.95,0.9109252999,2.015838464
1800,382,0.9108977767,2.015781045
1800,382.05,0.9108703111,2.015723811
1800,382.1,0.9108429027,2.015666762
1800,382.15,0.9108155517,2.015609896
1800,382.2,0.9107882578,2.015553214
1800,382.25,0.9107610211,2.015496716
1800,382.3,0.9107338414,2.015440399
1800,382.35,0.9107067186,2.015384265
1800,382.4,0.9106796527,2.015328312
1800,382.45,0.9106526435,2.01527254
1800,382.5,0.9106256911,2.015216949
1800,382.55,0.9105987952,2.015161537
1800,382.6,0.9105719558,2.015106306
1800,382.65,0.9105451729,2.015051253
1800,382.7,0.9105184464,2.014996378
1800,382.75,0.910491776,2.014941682
1800,382.8,0.9104651619,2.014887163
1800,382.85,0.9104386039,2.014832822
1800,382.9,0.9104121019,2.014778656
1800,382.95,0.9103856558,2.014724667
1800,383,0.9103592655,2.014670854
1800,383.05,0.910332931,2.014617215
1800,383.1,0.9103066522,2.014563751
1800,383.15,0.910280429,2.014510462
1800,383.2,0.9102542612,2.014457346
1800,383.25,0.9102281489,2.014404403
1800,383.3,0.9102020919,2.014351632
1800,383.35,0.9101760902,2.014299034
1800,383.4,0.9101501437,2.014246608
1800,383.45,0.9101242522,2.014194353
1800,383.5,0.9100984157,2.014142268
1800,383.55,0.9100726342,2.014090354
1800,383.6,0.9100469075,2.01403861
1800,383.65,0.9100212355,2.013987035
1800,383.7,0.9099956182,2.013935629
1800,383.75,0.9099700555,2.013884391
1800,383.8,0.9099445473,2.013833322
1800,383.85,0.9099190935,2.013782419
1800,383.9,0.909893694,2.013731684
1800,383.95,0.9098683487,2.013681115
1800,384,0.9098430577,2.013630712
1800,384.05,0.9098178207,2.013580475
1800,384.1,0.9097926377,2.013530403
1800,384.15,0.9097675086,2.013480496
1800,384.2,0.9097424334,2.013430752
1800,384.25,0.9097174119,2.013381173
1800,384.3,0.909692444,2.013331757
1800,384.35,0.9096675297,2.013282503
1800,384.4,0.909642669,2.013233412
1800,384.45,0.9096178616,2.013184483
1800,384.5,0.9095931076,2.013135715
1800,384.55,0.9095684068,2.013087108
1800,384.6,0.9095437592,2.013038662
1800,384.65,0.9095191646,2.012990376
1800,384.7,0.9094946231,2.012942249
1800,384.75,0.9094701345,2.012894282
1800,384.8,0.9094456987,2.012846473
1800,384.85,0.9094213156,2.012798822
1800,384.9,0.9093969852,2.01275133
1800,384.95,0.9093727074,2.012703994
1800,385,0.9093484821,2.012656816
1800,385.05,0.9093243092,2.012609794
1800,385.1,0.9093001887,2.012562928
1800,385.15,0.9092761204,2.012516218
1800,385.2,0.9092521042,2.012469663
1800,385.25,0.9092281402,2.012423263
1800,385.3,0.9092042281,2.012377016
1800,385.35,0.909180368,2.012330924
1800,385.4,0.9091565597,2.012284985
1800,385.45,0.9091328032,2.012239199
1800,385.5,0.9091090983,2.012193566
1800,385.55,0.9090854451,2.012148084
1800,385.6,0.9090618433,2.012102754
1800,385.65,0.909038293,2.012057576
1800,385.7,0.909014794,2.012012548
1800,385.75,0.9089913463,2.01196767
1800,385.8,0.9089679497,2.011922943
1800,385.85,0.9089446043,2.011878365
1800,385.9,0.9089213098,2.011833936
1800,385.95,0.9088980663,2.011789655
1800,386,0.9088748737,2.011745523
1800,386.05,0.9088517318,2.011701539
1800,386.1,0.9088286406,2.011657702
1800,386.15,0.9088056,2.011614011
1800,386.2,0.90878261,2.011570468
1800,386.25,0.9087596704,2.01152707
1800,386.3,0.9087367811,2.011483818
1800,386.35,0.9087139421,2.011440712
1800,386.4,0.9086911534,2.01139775
1800,386.45,0.9086684147,2.011354932
1800,386.5,0.9086457261,2.011312259
1800,386.55,0.9086230874,2.011269729
1800,386.6,0.9086004986,2.011227342
1800,386.65,0.9085779596,2.011185098
1800,386.7,0.9085554703,2.011142996
1800,386.75,0.9085330307,2.011101036
1800,386.8,0.9085106405,2.011059218
1800,386.85,0.9084882999,2.011017541
1800,386.9,0.9084660086,2.010976004
1800,386.95,0.9084437667,2.010934608
1800,387,0.9084215739,2.010893351
1800,387.05,0.9083994303,2.010852234
1800,387.1,0.9083773358,2.010811256
1800,387.15,0.9083552902,2.010770417
1800,387.2,0.9083332936,2.010729716
1800,387.25,0.9083113457,2.010689153
1800,387.3,0.9082894467,2.010648727
1800,387.35,0.9082675962,2.010608438
1800,387.4,0.9082457944,2.010568286
1800,387.45,0.908224041,2.01052827
1800,387.5,0.9082023361,2.01048839
1800,387.55,0.9081806795,2.010448645
1800,387.6,0.9081590711,2.010409036
1800,387.65,0.9081375109,2.010369561
1800,387.7,0.9081159988,2.01033022
1800,387.75,0.9080945348,2.010291013
1800,387.8,0.9080731187,2.01025194
1800,387.85,0.9080517504,2.010212999
1800,387.9,0.9080304299,2.010174192
1800,387.95,0.9080091571,2.010135516
1800,388,0.9079879319,2.010096973
1800,388.05,0.9079667543,2.010058561
1800,388.1,0.9079456241,2.01002028
1800,388.15,0.9079245412,2.00998213
1800,388.2,0.9079035057,2.00994411
1800,388.25,0.9078825174,2.009906221
1800,388.3,0.9078615763,2.00986846
1800,388.35,0.9078406822,2.009830829
1800,388.4,0.907819835,2.009793327
1800,388.45,0.9077990348,2.009755953
1800,388.5,0.9077782814,2.009718708
1800,388.55,0.9077575747,2.00968159
1800,388.6,0.9077369147,2.009644599
1800,388.65,0.9077163013,2.009607735
1800,388.7,0.9076957344,2.009570998
1800,388.75,0.9076752139,2.009534387
1800,388.8,0.9076547397,2.009497902
1800,388.85,0.9076343118,2.009461542
1800,388.9,0.9076139301,2.009425307
1800,388.95,0.9075935946,2.009389197
1800,389,0.907573305,2.009353211
1800,389.05,0.9075530614,2.009317349
1800,389.1,0.9075328637,2.009281611
1800,389.15,0.9075127117,2.009245996
1800,389.2,0.9074926055,2.009210504
1800,389.25,0.9074725449,2.009175134
1800,389.3,0.9074525299,2.009139886
1800,389.35,0.9074325603,2.00910476
1800,389.4,0.9074126362,2.009069756
1800,389.45,0.9073927574,2.009034872
1800,389.5,0.9073729238,2.009000109
1800,389.55,0.9073531354,2.008965466
1800,389.6,0.9073333921,2.008930944
1800,389.65,0.9073136938,2.00889654
1800,389.7,0.9072940404,2.008862256
1800,389.75,0.9072744319,2.008828091
1800,389.8,0.9072548682,2.008794045
1800,389.85,0.9072353491,2.008760116
1800,389.9,0.9072158747,2.008726305
1800,389.95,0.9071964449,2.008692612
1800,390,0.9071770595,2.008659036
1800,390.05,0.9071577185,2.008625576
1800,390.1,0.9071384218,2.008592233
1800,390.15,0.9071191693,2.008559006
1800,390.2,0.907099961,2.008525894
1800,390.25,0.9070807968,2.008492898
1800,390.3,0.9070616766,2.008460017
1800,390.35,0.9070426003,2.00842725
1800,390.4,0.9070235679,2.008394598
1800,390.45,0.9070045792,2.008362059
1800,390.5,0.9069856343,2.008329634
1800,390.55,0.9069667329,2.008297323
1800,390.6,0.9069478751,2.008265124
1800,390.65,0.9069290608,2.008233038
1800,390.7,0.9069102898,2.008201064
1800,390.75,0.9068915622,2.008169202
1800,390.8,0.9068728778,2.008137451
1800,390.85,0.9068542366,2.008105812
1800,390.9,0.9068356384,2.008074283
1800,390.95,0.9068170833,2.008042865
1800,391,0.9067985711,2.008011557
1800,391.05,0.9067801018,2.007980359
1800,391.1,0.9067616752,2.00794927
1800,391.15,0.9067432913,2.007918291
1800,391.2,0.9067249501,2.00788742
1800,391.25,0.9067066514,2.007856658
1800,391.3,0.9066883952,2.007826004
1800,391.35,0.9066701814,2.007795458
1800,391.4,0.9066520099,2.00776502
1800,391.45,0.9066338806,2.007734688
1800,391.5,0.9066157936,2.007704464
1800,391.55,0.9065977486,2.007674346
1800,391.6,0.9065797456,2.007644334
1800,391.65,0.9065617846,2.007614428
1800,391.7,0.9065438655,2.007584628
1800,391.75,0.9065259882,2.007554932
1800,391.8,0.9065081526,2.007525342
1800,391.85,0.9064903586,2.007495856
1800,391.9,0.9064726062,2.007466475
1800,391.95,0.9064548953,2.007437197
1800,392,0.9064372259,2.007408024
1800,392.05,0.9064195977,2.007378953
1800,392.1,0.9064020109,2.007349985
1800,392.15,0.9063844652,2.00732112
1800,392.2,0.9063669607,2.007292357
1800,392.25,0.9063494972,2.007263697
1800,392.3,0.9063320747,2.007235138
1800,392.35,0.9063146931,2.00720668
1800,392.4,0.9062973523,2.007178324
1800,392.45,0.9062800522,2.007150068
1800,392.5,0.9062627929,2.007121913
1800,392.55,0.9062455741,2.007093858
1800,392.6,0.9062283959,2.007065902
1800,392.65,0.9062112581,2.007038046
1800,392.7,0.9061941607,2.00701029
1800,392.75,0.9061771036,2.006982632
1800,392.8,0.9061600868,2.006955073
1800,392.85,0.9061431101,2.006927612
1800,392.9,0.9061261735,2.006900249
1800,392.95,0.9061092769,2.006872984
1800,393,0.9060924202,2.006845816
1800,393.05,0.9060756034,2.006818746
1800,393.1,0.9060588264,2.006791772
1800,393.15,0.9060420892,2.006764894
1800,393.2,0.9060253915,2.006738113
1800,393.25,0.9060087335,2.006711427
1800,393.3,0.9059921149,2.006684837
1800,393.35,0.9059755358,2.006658343
1800,393.4,0.905958996,2.006631943
1800,393.45,0.9059424955,2.006605638
1800,393.5,0.9059260342,2.006579427
1800,393.55,0.9059096121,2.00655331
1800,393.6,0.905893229,2.006527288
1800,393.65,0.9058768849,2.006501358
1800,393.7,0.9058605797,2.006475522
1800,393.75,0.9058443134,2.006449779
1800,393.8,0.9058280858,2.006424128
1800,393.85,0.9058118969,2.00639857
1800,393.9,0.9057957467,2.006373103
1800,393.95,0.905779635,2.006347729
1800,394,0.9057635619,2.006322445
1800,394.05,0.9057475271,2.006297253
1800,394.1,0.9057315306,2.006272152
1800,394.15,0.9057155725,2.006247141
1800,394.2,0.9056996525,2.006222221
1800,394.25,0.9056837707,2.006197391
1800,394.3,0.9056679269,2.00617265
1800,394.35,0.9056521211,2.006147999
1800,394.4,0.9056363532,2.006123437
1800,394.45,0.9056206232,2.006098964
1800,394.5,0.9056049309,2.006074579
1800,394.55,0.9055892763,2.006050283
1800,394.6,0.9055736594,2.006026075
1800,394.65,0.90555808,2.006001954
1800,394.7,0.9055425381,2.005977921
1800,394.75,0.9055270336,2.005953975
1800,394.8,0.9055115664,2.005930116
1800,394.85,0.9054961365,2.005906344
1800,394.9,0.9054807439,2.005882658
1800,394.95,0.9054653883,2.005859058
1800,395,0.9054500698,2.005835544
1800,395.05,0.9054347883,2.005812116
1800,395.1,0.9054195438,2.005788772
1800,395.15,0.905404336,2.005765514
1800,395.2,0.9053891651,2.00574234
1800,395.25,0.9053740309,2.005719251
1800,395.3,0.9053589333,2.005696246
1800,395.35,0.9053438722,2.005673325
1800,395.4,0.9053288477,2.005650488
1800,395.45,0.9053138596,2.005627734
1800,395.5,0.9052989079,2.005605063
1800,395.55,0.9052839925,2.005582475
1800,395.6,0.9052691132,2.005559969
1800,395.65,0.9052542702,2.005537546
1800,395.7,0.9052394632,2.005515205
1800,395.75,0.9052246922,2.005492946
1800,395.8,0.9052099572,2.005470768
1800,395.85,0.905195258,2.005448671
1800,395.9,0.9051805947,2.005426655
1800,395.95,0.9051659671,2.005404721
1800,396,0.9051513751,2.005382866
1800,396.05,0.9051368188,2.005361092
1800,396.1,0.905122298,2.005339398
1800,396.15,0.9051078126,2.005317783
1800,396.2,0.9050933626,2.005296248
1800,396.25,0.905078948,2.005274792
1800,396.3,0.9050645686,2.005253415
1800,396.35,0.9050502244,2.005232116
1800,396.4,0.9050359153,2.005210896
1800,396.45,0.9050216413,2.005189754
1800,396.5,0.9050074023,2.00516869
1800,396.55,0.9049931981,2.005147704
1800,396.6,0.9049790288,2.005126795
1800,396.65,0.9049648943,2.005105963
1800,396.7,0.9049507945,2.005085209
1800,396.75,0.9049367294,2.00506453
1800,396.8,0.9049226988,2.005043929
1800,396.85,0.9049087027,2.005023403
1800,396.9,0.9048947411,2.005002953
1800,396.95,0.9048808138,2.004982579
1800,397,0.9048669209,2.00496228
1800,397.05,0.9048530622,2.004942057
1800,397.1,0.9048392376,2.004921908
1800,397.15,0.9048254472,2.004901834
1800,397.2,0.9048116908,2.004881835
1800,397.25,0.9047979683,2.004861909
1800,397.3,0.9047842798,2.004842058
1800,397.35,0.9047706251,2.00482228
1800,397.4,0.9047570041,2.004802576
1800,397.45,0.9047434169,2.004782945
1800,397.5,0.9047298633,2.004763386
1800,397.55,0.9047163433,2.004743901
1800,397.6,0.9047028568,2.004724488
1800,397.65,0.9046894037,2.004705148
1800,397.7,0.904675984,2.004685879
1800,397.75,0.9046625975,2.004666682
1800,397.8,0.9046492444,2.004647557
1800,397.85,0.9046359244,2.004628503
1800,397.9,0.9046226375,2.00460952
1800,397.95,0.9046093836,2.004590608
1800,398,0.9045961627,2.004571767
1800,398.05,0.9045829747,2.004552996
1800,398.1,0.9045698196,2.004534295
1800,398.15,0.9045566972,2.004515664
1800,398.2,0.9045436076,2.004497103
1800,398.25,0.9045305506,2.004478611
1800,398.3,0.9045175262,2.004460188
1800,398.35,0.9045045343,2.004441834
1800,398.4,0.9044915748,2.00442355
1800,398.45,0.9044786478,2.004405333
1800,398.5,0.904465753,2.004387185
1800,398.55,0.9044528905,2.004369105
1800,398.6,0.9044400602,2.004351093
1800,398.65,0.9044272621,2.004333149
1800,398.7,0.904414496,2.004315272
1800,398.75,0.9044017618,2.004297462
1800,398.8,0.9043890597,2.004279719
1800,398.85,0.9043763893,2.004262043
1800,398.9,0.9043637508,2.004244433
1800,398.95,0.9043511441,2.00422689
1800,399,0.904338569,2.004209413
1800,399.05,0.9043260255,2.004192001
1800,399.1,0.9043135136,2.004174655
1800,399.15,0.9043010331,2.004157375
1800,399.2,0.9042885841,2.00414016
1800,399.25,0.9042761664,2.00412301
1800,399.3,0.90426378,2.004105924
1800,399.35,0.9042514249,2.004088903
1800,399.4,0.9042391009,2.004071947
1800,399.45,0.904226808,2.004055054
1800,399.5,0.9042145461,2.004038226
1800,399.55,0.9042023152,2.004021461
1800,399.6,0.9041901153,2.004004759
1800,399.65,0.9041779462,2.003988121
1800,399.7,0.9041658078,2.003971546
1800,399.75,0.9041537002,2.003955034
1800,399.8,0.9041416233,2.003938584
1800,399.85,0.9041295769,2.003922197
1800,399.9,0.9041175611,2.003905872
1800,399.95,0.9041055758,2.003889609
1800,400,0.9040936208,2.003873408
