# macdonald-long-sub — MacDonald 1000 m channel, subcritical
# SWASHES 3.2.1 (subcritical); Delestre et al. 2013, doi 10.1002/fld.3741
# Independent Python implementation (swasheslib/analytic.py); no SWASHES-tool output vendored.
# grid: 20001 stations (20x model resolution nx=1000)
t_s,x_m,h_m,q_m2_per_s
6000,0,0.7483235583,2
6000,0.05,0.7483289929,2
6000,0.1,0.7483344312,2
6000,0.15,0.7483398734,2
6000,0.2,0.7483453194,2
6000,0.25,0.7483507692,2
6000,0.3,0.7483562228,2
6000,0.35,0.7483616802,2
6000,0.4,0.7483671415,2
6000,0.45,0.7483726065,2
6000,0.5,0.7483780754,2
6000,0.55,0.7483835481,2
6000,0.6,0.7483890247,2
6000,0.65,0.748394505,2
6000,0.7,0.7483999892,2
6000,0.75,0.7484054772,2
6000,0.8,0.7484109691,2
6000,0.85,0.7484164648,2
6000,0.9,0.7484219643,2
6000,0.95,0.7484274677,2
6000,1,0.748432975,2
6000,1.05,0.748438486,2
6000,1.1,0.748444001,2
6000,1.15,0.7484495197,2
6000,1.2,0.7484550424,2
6000,1.25,0.7484605688,2
6000,1.3,0.7484660992,2
6000,1.35,0.7484716334,2
6000,1.4,0.7484771714,2
6000,1.45,0.7484827134,2
6000,1.5,0.7484882592,2
6000,1.55,0.7484938088,2
6000,1.6,0.7484993624,2
6000,1.65,0.7485049198,2
6000,1.7,0.748510481,2
6000,1.75,0.7485160462,2
6000,1.8,0.7485216152,2
6000,1.85,0.7485271881,2
6000,1.9,0.7485327649,2
6000,1.95,0.7485383456,2
6000,2,0.7485439302,2
6000,2.05,0.7485495187,2
6000,2.1,0.748555111,2
6000,2.15,0.7485607073,2
6000,2.2,0.7485663074,2
6000,2.25,0.7485719115,2
6000,2.3,0.7485775194,2
6000,2.35,0.7485831313,2
6000,2.4,0.7485887471,2
6000,2.45,0.7485943667,2
6000,2.5,0.7485999903,2
6000,2.55,0.7486056178,2
6000,2.6,0.7486112492,2
6000,2.65,0.7486168845,2
6000,2.7,0.7486225238,2
6000,2.75,0.7486281669,2
6000,2.8,0.748633814,2
6000,2.85,0.748639465,2
6000,2.9,0.74864512,2
6000,2.95,0.7486507788,2
6000,3,0.7486564416,2
6000,3.05,0.7486621084,2
6000,3.1,0.7486677791,2
6000,3.15,0.7486734537,2
6000,3.2,0.7486791322,2
6000,3.25,0.7486848147,2
6000,3.3,0.7486905012,2
6000,3.35,0.7486961916,2
6000,3.4,0.7487018859,2
6000,3.45,0.7487075842,2
6000,3.5,0.7487132865,2
6000,3.55,0.7487189927,2
6000,3.6,0.7487247028,2
6000,3.65,0.748730417,2
6000,3.7,0.7487361351,2
6000,3.75,0.7487418571,2
6000,3.8,0.7487475831,2
6000,3.85,0.7487533131,2
6000,3.9,0.7487590471,2
6000,3.95,0.7487647851,2
6000,4,0.748770527,2
6000,4.05,0.7487762729,2
6000,4.1,0.7487820228,2
6000,4.15,0.7487877766,2
6000,4.2,0.7487935345,2
6000,4.25,0.7487992963,2
6000,4.3,0.7488050622,2
6000,4.35,0.748810832,2
6000,4.4,0.7488166058,2
6000,4.45,0.7488223836,2
6000,4.5,0.7488281654,2
6000,4.55,0.7488339513,2
6000,4.6,0.7488397411,2
6000,4.65,0.7488455349,2
6000,4.7,0.7488513327,2
6000,4.75,0.7488571346,2
6000,4.8,0.7488629405,2
6000,4.85,0.7488687503,2
6000,4.9,0.7488745642,2
6000,4.95,0.7488803821,2
6000,5,0.7488862041,2
6000,5.05,0.74889203,2
6000,5.1,0.74889786,2
6000,5.15,0.748903694,2
6000,5.2,0.7489095321,2
6000,5.25,0.7489153742,2
6000,5.3,0.7489212203,2
6000,5.35,0.7489270704,2
6000,5.4,0.7489329246,2
6000,5.45,0.7489387829,2
6000,5.5,0.7489446451,2
6000,5.55,0.7489505115,2
6000,5.6,0.7489563818,2
6000,5.65,0.7489622563,2
6000,5.7,0.7489681347,2
6000,5.75,0.7489740173,2
6000,5.8,0.7489799039,2
6000,5.85,0.7489857945,2
6000,5.9,0.7489916892,2
6000,5.95,0.748997588,2
6000,6,0.7490034909,2
6000,6.05,0.7490093978,2
6000,6.1,0.7490153088,2
6000,6.15,0.7490212239,2
6000,6.2,0.749027143,2
6000,6.25,0.7490330662,2
6000,6.3,0.7490389935,2
6000,6.35,0.7490449249,2
6000,6.4,0.7490508604,2
6000,6.45,0.7490567999,2
6000,6.5,0.7490627436,2
6000,6.55,0.7490686913,2
6000,6.6,0.7490746432,2
6000,6.65,0.7490805991,2
6000,6.7,0.7490865591,2
6000,6.75,0.7490925233,2
6000,6.8,0.7490984915,2
6000,6.85,0.7491044638,2
6000,6.9,0.7491104403,2
6000,6.95,0.7491164209,2
6000,7,0.7491224055,2
6000,7.05,0.7491283943,2
6000,7.1,0.7491343872,2
6000,7.15,0.7491403843,2
6000,7.2,0.7491463854,2
6000,7.25,0.7491523907,2
6000,7.3,0.7491584001,2
6000,7.35,0.7491644136,2
6000,7.4,0.7491704313,2
6000,7.45,0.7491764531,2
6000,7.5,0.749182479,2
6000,7.55,0.7491885091,2
6000,7.6,0.7491945433,2
6000,7.65,0.7492005816,2
6000,7.7,0.7492066241,2
6000,7.75,0.7492126708,2
6000,7.8,0.7492187215,2
6000,7.85,0.7492247765,2
6000,7.9,0.7492308356,2
6000,7.95,0.7492368988,2
6000,8,0.7492429663,2
6000,8.05,0.7492490378,2
6000,8.1,0.7492551136,2
6000,8.15,0.7492611935,2
6000,8.2,0.7492672775,2
6000,8.25,0.7492733658,2
6000,8.3,0.7492794582,2
6000,8.35,0.7492855548,2
6000,8.4,0.7492916556,2
6000,8.45,0.7492977605,2
6000,8.5,0.7493038696,2
6000,8.55,0.7493099829,2
6000,8.6,0.7493161004,2
6000,8.65,0.7493222221,2
6000,8.7,0.749328348,2
6000,8.75,0.7493344781,2
6000,8.8,0.7493406124,2
6000,8.85,0.7493467508,2
6000,8.9,0.7493528935,2
6000,8.95,0.7493590404,2
6000,9,0.7493651914,2
6000,9.05,0.7493713467,2
6000,9.1,0.7493775062,2
6000,9.15,0.7493836699,2
6000,9.2,0.7493898378,2
6000,9.25,0.74939601,2
6000,9.3,0.7494021863,2
6000,9.35,0.7494083669,2
6000,9.4,0.7494145517,2
6000,9.45,0.7494207407,2
6000,9.5,0.749426934,2
6000,9.55,0.7494331314,2
6000,9.6,0.7494393332,2
6000,9.65,0.7494455391,2
6000,9.7,0.7494517493,2
6000,9.75,0.7494579637,2
6000,9.8,0.7494641824,2
6000,9.85,0.7494704053,2
6000,9.9,0.7494766325,2
6000,9.95,0.7494828639,2
6000,10,0.7494890995,2
6000,10.05,0.7494953395,2
6000,10.1,0.7495015836,2
6000,10.15,0.7495078321,2
6000,10.2,0.7495140848,2
6000,10.25,0.7495203417,2
6000,10.3,0.7495266029,2
6000,10.35,0.7495328684,2
6000,10.4,0.7495391382,2
6000,10.45,0.7495454122,2
6000,10.5,0.7495516905,2
6000,10.55,0.7495579731,2
6000,10.6,0.74956426,2
6000,10.65,0.7495705511,2
6000,10.7,0.7495768465,2
6000,10.75,0.7495831463,2
6000,10.8,0.7495894503,2
6000,10.85,0.7495957586,2
6000,10.9,0.7496020712,2
6000,10.95,0.7496083881,2
6000,11,0.7496147092,2
6000,11.05,0.7496210347,2
6000,11.1,0.7496273645,2
6000,11.15,0.7496336986,2
6000,11.2,0.749640037,2
6000,11.25,0.7496463797,2
6000,11.3,0.7496527268,2
6000,11.35,0.7496590781,2
6000,11.4,0.7496654338,2
6000,11.45,0.7496717937,2
6000,11.5,0.749678158,2
6000,11.55,0.7496845267,2
6000,11.6,0.7496908996,2
6000,11.65,0.7496972769,2
6000,11.7,0.7497036585,2
6000,11.75,0.7497100444,2
6000,11.8,0.7497164347,2
6000,11.85,0.7497228294,2
6000,11.9,0.7497292283,2
6000,11.95,0.7497356316,2
6000,12,0.7497420393,2
6000,12.05,0.7497484513,2
6000,12.1,0.7497548676,2
6000,12.15,0.7497612883,2
6000,12.2,0.7497677134,2
6000,12.25,0.7497741428,2
6000,12.3,0.7497805766,2
6000,12.35,0.7497870147,2
6000,12.4,0.7497934572,2
6000,12.45,0.7497999041,2
6000,12.5,0.7498063553,2
6000,12.55,0.7498128109,2
6000,12.6,0.7498192709,2
6000,12.65,0.7498257353,2
6000,12.7,0.749832204,2
6000,12.75,0.7498386771,2
6000,12.8,0.7498451546,2
6000,12.85,0.7498516365,2
6000,12.9,0.7498581228,2
6000,12.95,0.7498646135,2
6000,13,0.7498711085,2
6000,13.05,0.749877608,2
6000,13.1,0.7498841118,2
6000,13.15,0.7498906201,2
6000,13.2,0.7498971328,2
6000,13.25,0.7499036498,2
6000,13.3,0.7499101713,2
6000,13.35,0.7499166972,2
6000,13.4,0.7499232275,2
6000,13.45,0.7499297622,2
6000,13.5,0.7499363013,2
6000,13.55,0.7499428449,2
6000,13.6,0.7499493928,2
6000,13.65,0.7499559452,2
6000,13.7,0.749962502,2
6000,13.75,0.7499690633,2
6000,13.8,0.749975629,2
6000,13.85,0.7499821991,2
6000,13.9,0.7499887736,2
6000,13.95,0.7499953526,2
6000,14,0.750001936,2
6000,14.05,0.7500085239,2
6000,14.1,0.7500151162,2
6000,14.15,0.750021713,2
6000,14.2,0.7500283142,2
6000,14.25,0.7500349199,2
6000,14.3,0.75004153,2
6000,14.35,0.7500481446,2
6000,14.4,0.7500547636,2
6000,14.45,0.7500613872,2
6000,14.5,0.7500680151,2
6000,14.55,0.7500746476,2
6000,14.6,0.7500812845,2
6000,14.65,0.7500879259,2
6000,14.7,0.7500945717,2
6000,14.75,0.750101222,2
6000,14.8,0.7501078769,2
6000,14.85,0.7501145362,2
6000,14.9,0.7501211999,2
6000,14.95,0.7501278682,2
6000,15,0.750134541,2
6000,15.05,0.7501412182,2
6000,15.1,0.7501478999,2
6000,15.15,0.7501545862,2
6000,15.2,0.7501612769,2
6000,15.25,0.7501679722,2
6000,15.3,0.7501746719,2
6000,15.35,0.7501813761,2
6000,15.4,0.7501880849,2
6000,15.45,0.7501947982,2
6000,15.5,0.750201516,2
6000,15.55,0.7502082382,2
6000,15.6,0.7502149651,2
6000,15.65,0.7502216964,2
6000,15.7,0.7502284323,2
6000,15.75,0.7502351726,2
6000,15.8,0.7502419176,2
6000,15.85,0.750248667,2
6000,15.9,0.750255421,2
6000,15.95,0.7502621795,2
6000,16,0.7502689425,2
6000,16.05,0.7502757101,2
6000,16.1,0.7502824823,2
6000,16.15,0.7502892589,2
6000,16.2,0.7502960402,2
6000,16.25,0.7503028259,2
6000,16.3,0.7503096163,2
6000,16.35,0.7503164111,2
6000,16.4,0.7503232106,2
6000,16.45,0.7503300146,2
6000,16.5,0.7503368231,2
6000,16.55,0.7503436363,2
6000,16.6,0.750350454,2
6000,16.65,0.7503572762,2
6000,16.7,0.750364103,2
6000,16.75,0.7503709345,2
6000,16.8,0.7503777704,2
6000,16.85,0.750384611,2
6000,16.9,0.7503914562,2
6000,16.95,0.7503983059,2
6000,17,0.7504051602,2
6000,17.05,0.7504120191,2
6000,17.1,0.7504188826,2
6000,17.15,0.7504257507,2
6000,17.2,0.7504326234,2
6000,17.25,0.7504395007,2
6000,17.3,0.7504463825,2
6000,17.35,0.750453269,2
6000,17.4,0.7504601601,2
6000,17.45,0.7504670558,2
6000,17.5,0.7504739562,2
6000,17.55,0.7504808611,2
6000,17.6,0.7504877706,2
6000,17.65,0.7504946848,2
6000,17.7,0.7505016036,2
6000,17.75,0.750508527,2
6000,17.8,0.750515455,2
6000,17.85,0.7505223877,2
6000,17.9,0.750529325,2
6000,17.95,0.7505362669,2
6000,18,0.7505432135,2
6000,18.05,0.7505501647,2
6000,18.1,0.7505571205,2
6000,18.15,0.750564081,2
6000,18.2,0.7505710461,2
6000,18.25,0.7505780159,2
6000,18.3,0.7505849903,2
6000,18.35,0.7505919694,2
6000,18.4,0.7505989531,2
6000,18.45,0.7506059415,2
6000,18.5,0.7506129346,2
6000,18.55,0.7506199323,2
6000,18.6,0.7506269347,2
6000,18.65,0.7506339417,2
6000,18.7,0.7506409535,2
6000,18.75,0.7506479699,2
6000,18.8,0.7506549909,2
6000,18.85,0.7506620167,2
6000,18.9,0.7506690471,2
6000,18.95,0.7506760822,2
6000,19,0.750683122,2
6000,19.05,0.7506901665,2
6000,19.1,0.7506972156,2
6000,19.15,0.7507042695,2
6000,19.2,0.7507113281,2
6000,19.25,0.7507183913,2
6000,19.3,0.7507254593,2
6000,19.35,0.7507325319,2
6000,19.4,0.7507396093,2
6000,19.45,0.7507466914,2
6000,19.5,0.7507537782,2
6000,19.55,0.7507608697,2
6000,19.6,0.7507679659,2
6000,19.65,0.7507750668,2
6000,19.7,0.7507821724,2
6000,19.75,0.7507892828,2
6000,19.8,0.7507963979,2
6000,19.85,0.7508035177,2
6000,19.9,0.7508106423,2
6000,19.95,0.7508177716,2
6000,20,0.7508249056,2
6000,20.05,0.7508320443,2
6000,20.1,0.7508391878,2
6000,20.15,0.7508463361,2
6000,20.2,0.7508534891,2
6000,20.25,0.7508606468,2
6000,20.3,0.7508678093,2
6000,20.35,0.7508749765,2
6000,20.4,0.7508821485,2
6000,20.45,0.7508893252,2
6000,20.5,0.7508965067,2
6000,20.55,0.750903693,2
6000,20.6,0.750910884,2
6000,20.65,0.7509180798,2
6000,20.7,0.7509252804,2
6000,20.75,0.7509324857,2
6000,20.8,0.7509396959,2
6000,20.85,0.7509469107,2
6000,20.9,0.7509541304,2
6000,20.95,0.7509613549,2
6000,21,0.7509685841,2
6000,21.05,0.7509758181,2
6000,21.1,0.750983057,2
6000,21.15,0.7509903006,2
6000,21.2,0.750997549,2
6000,21.25,0.7510048022,2
6000,21.3,0.7510120602,2
6000,21.35,0.751019323,2
6000,21.4,0.7510265906,2
6000,21.45,0.751033863,2
6000,21.5,0.7510411403,2
6000,21.55,0.7510484223,2
6000,21.6,0.7510557092,2
6000,21.65,0.7510630008,2
6000,21.7,0.7510702973,2
6000,21.75,0.7510775986,2
6000,21.8,0.7510849048,2
6000,21.85,0.7510922158,2
6000,21.9,0.7510995316,2
6000,21.95,0.7511068522,2
6000,22,0.7511141777,2
6000,22.05,0.751121508,2
6000,22.1,0.7511288431,2
6000,22.15,0.7511361831,2
6000,22.2,0.7511435279,2
6000,22.25,0.7511508776,2
6000,22.3,0.7511582321,2
6000,22.35,0.7511655915,2
6000,22.4,0.7511729558,2
6000,22.45,0.7511803249,2
6000,22.5,0.7511876988,2
6000,22.55,0.7511950777,2
6000,22.6,0.7512024614,2
6000,22.65,0.7512098499,2
6000,22.7,0.7512172433,2
6000,22.75,0.7512246416,2
6000,22.8,0.7512320448,2
6000,22.85,0.7512394529,2
6000,22.9,0.7512468658,2
6000,22.95,0.7512542836,2
6000,23,0.7512617063,2
6000,23.05,0.7512691339,2
6000,23.1,0.7512765664,2
6000,23.15,0.7512840038,2
6000,23.2,0.7512914461,2
6000,23.25,0.7512988933,2
6000,23.3,0.7513063453,2
6000,23.35,0.7513138023,2
6000,23.4,0.7513212642,2
6000,23.45,0.751328731,2
6000,23.5,0.7513362027,2
6000,23.55,0.7513436793,2
6000,23.6,0.7513511609,2
6000,23.65,0.7513586473,2
6000,23.7,0.7513661387,2
6000,23.75,0.751373635,2
6000,23.8,0.7513811362,2
6000,23.85,0.7513886424,2
6000,23.9,0.7513961535,2
6000,23.95,0.7514036695,2
6000,24,0.7514111905,2
6000,24.05,0.7514187164,2
6000,24.1,0.7514262472,2
6000,24.15,0.751433783,2
6000,24.2,0.7514413237,2
6000,24.25,0.7514488694,2
6000,24.3,0.7514564201,2
6000,24.35,0.7514639756,2
6000,24.4,0.7514715362,2
6000,24.45,0.7514791017,2
6000,24.5,0.7514866722,2
6000,24.55,0.7514942476,2
6000,24.6,0.751501828,2
6000,24.65,0.7515094134,2
6000,24.7,0.7515170037,2
6000,24.75,0.7515245991,2
6000,24.8,0.7515321994,2
6000,24.85,0.7515398047,2
6000,24.9,0.7515474149,2
6000,24.95,0.7515550302,2
6000,25,0.7515626504,2
6000,25.05,0.7515702756,2
6000,25.1,0.7515779059,2
6000,25.15,0.7515855411,2
6000,25.2,0.7515931813,2
6000,25.25,0.7516008265,2
6000,25.3,0.7516084768,2
6000,25.35,0.751616132,2
6000,25.4,0.7516237922,2
6000,25.45,0.7516314575,2
6000,25.5,0.7516391277,2
6000,25.55,0.751646803,2
6000,25.6,0.7516544833,2
6000,25.65,0.7516621687,2
6000,25.7,0.751669859,2
6000,25.75,0.7516775544,2
6000,25.8,0.7516852548,2
6000,25.85,0.7516929602,2
6000,25.9,0.7517006707,2
6000,25.95,0.7517083862,2
6000,26,0.7517161067,2
6000,26.05,0.7517238323,2
6000,26.1,0.751731563,2
6000,26.15,0.7517392986,2
6000,26.2,0.7517470394,2
6000,26.25,0.7517547852,2
6000,26.3,0.751762536,2
6000,26.35,0.7517702919,2
6000,26.4,0.7517780529,2
6000,26.45,0.7517858189,2
6000,26.5,0.75179359,2
6000,26.55,0.7518013661,2
6000,26.6,0.7518091474,2
6000,26.65,0.7518169337,2
6000,26.7,0.7518247251,2
6000,26.75,0.7518325215,2
6000,26.8,0.7518403231,2
6000,26.85,0.7518481297,2
6000,26.9,0.7518559414,2
6000,26.95,0.7518637582,2
6000,27,0.7518715801,2
6000,27.05,0.7518794071,2
6000,27.1,0.7518872391,2
6000,27.15,0.7518950763,2
6000,27.2,0.7519029186,2
6000,27.25,0.751910766,2
6000,27.3,0.7519186185,2
6000,27.35,0.7519264761,2
6000,27.4,0.7519343388,2
6000,27.45,0.7519422067,2
6000,27.5,0.7519500796,2
6000,27.55,0.7519579577,2
6000,27.6,0.7519658409,2
6000,27.65,0.7519737292,2
6000,27.7,0.7519816226,2
6000,27.75,0.7519895212,2
6000,27.8,0.7519974249,2
6000,27.85,0.7520053338,2
6000,27.9,0.7520132478,2
6000,27.95,0.7520211669,2
6000,28,0.7520290912,2
6000,28.05,0.7520370206,2
6000,28.1,0.7520449552,2
6000,28.15,0.7520528949,2
6000,28.2,0.7520608398,2
6000,28.25,0.7520687898,2
6000,28.3,0.752076745,2
6000,28.35,0.7520847054,2
6000,28.4,0.7520926709,2
6000,28.45,0.7521006416,2
6000,28.5,0.7521086174,2
6000,28.55,0.7521165985,2
6000,28.6,0.7521245847,2
6000,28.65,0.7521325761,2
6000,28.7,0.7521405726,2
6000,28.75,0.7521485744,2
6000,28.8,0.7521565813,2
6000,28.85,0.7521645934,2
6000,28.9,0.7521726108,2
6000,28.95,0.7521806333,2
6000,29,0.752188661,2
6000,29.05,0.7521966939,2
6000,29.1,0.752204732,2
6000,29.15,0.7522127753,2
6000,29.2,0.7522208238,2
6000,29.25,0.7522288775,2
6000,29.3,0.7522369365,2
6000,29.35,0.7522450006,2
6000,29.4,0.75225307,2
6000,29.45,0.7522611446,2
6000,29.5,0.7522692244,2
6000,29.55,0.7522773095,2
6000,29.6,0.7522853997,2
6000,29.65,0.7522934952,2
6000,29.7,0.752301596,2
6000,29.75,0.7523097019,2
6000,29.8,0.7523178132,2
6000,29.85,0.7523259296,2
6000,29.9,0.7523340513,2
6000,29.95,0.7523421782,2
6000,30,0.7523503104,2
6000,30.05,0.7523584479,2
6000,30.1,0.7523665906,2
6000,30.15,0.7523747385,2
6000,30.2,0.7523828917,2
6000,30.25,0.7523910502,2
6000,30.3,0.752399214,2
6000,30.35,0.752407383,2
6000,30.4,0.7524155573,2
6000,30.45,0.7524237368,2
6000,30.5,0.7524319216,2
6000,30.55,0.7524401117,2
6000,30.6,0.7524483071,2
6000,30.65,0.7524565078,2
6000,30.7,0.7524647138,2
6000,30.75,0.752472925,2
6000,30.8,0.7524811416,2
6000,30.85,0.7524893634,2
6000,30.9,0.7524975905,2
6000,30.95,0.752505823,2
6000,31,0.7525140607,2
6000,31.05,0.7525223037,2
6000,31.1,0.7525305521,2
6000,31.15,0.7525388057,2
6000,31.2,0.7525470647,2
6000,31.25,0.752555329,2
6000,31.3,0.7525635986,2
6000,31.35,0.7525718735,2
6000,31.4,0.7525801538,2
6000,31.45,0.7525884393,2
6000,31.5,0.7525967303,2
6000,31.55,0.7526050265,2
6000,31.6,0.7526133281,2
6000,31.65,0.752621635,2
6000,31.7,0.7526299472,2
6000,31.75,0.7526382648,2
6000,31.8,0.7526465877,2
6000,31.85,0.752654916,2
6000,31.9,0.7526632497,2
6000,31.95,0.7526715886,2
6000,32,0.752679933,2
6000,32.05,0.7526882827,2
6000,32.1,0.7526966378,2
6000,32.15,0.7527049982,2
6000,32.2,0.752713364,2
6000,32.25,0.7527217351,2
6000,32.3,0.7527301117,2
6000,32.35,0.7527384936,2
6000,32.4,0.7527468809,2
6000,32.45,0.7527552735,2
6000,32.5,0.7527636716,2
6000,32.55,0.752772075,2
6000,32.6,0.7527804838,2
6000,32.65,0.752788898,2
6000,32.7,0.7527973176,2
6000,32.75,0.7528057426,2
6000,32.8,0.752814173,2
6000,32.85,0.7528226088,2
6000,32.9,0.7528310501,2
6000,32.95,0.7528394967,2
6000,33,0.7528479487,2
6000,33.05,0.7528564061,2
6000,33.1,0.752864869,2
6000,33.15,0.7528733372,2
6000,33.2,0.7528818109,2
6000,33.25,0.75289029,2
6000,33.3,0.7528987746,2
6000,33.35,0.7529072645,2
6000,33.4,0.7529157599,2
6000,33.45,0.7529242608,2
6000,33.5,0.752932767,2
6000,33.55,0.7529412787,2
6000,33.6,0.7529497959,2
6000,33.65,0.7529583185,2
6000,33.7,0.7529668465,2
6000,33.75,0.75297538,2
6000,33.8,0.7529839189,2
6000,33.85,0.7529924633,2
6000,33.9,0.7530010132,2
6000,33.95,0.7530095685,2
6000,34,0.7530181293,2
6000,34.05,0.7530266955,2
6000,34.1,0.7530352672,2
6000,34.15,0.7530438444,2
6000,34.2,0.7530524271,2
6000,34.25,0.7530610152,2
6000,34.3,0.7530696088,2
6000,34.35,0.7530782079,2
6000,34.4,0.7530868125,2
6000,34.45,0.7530954226,2
6000,34.5,0.7531040381,2
6000,34.55,0.7531126592,2
6000,34.6,0.7531212857,2
6000,34.65,0.7531299178,2
6000,34.7,0.7531385553,2
6000,34.75,0.7531471984,2
6000,34.8,0.7531558469,2
6000,34.85,0.753164501,2
6000,34.9,0.7531731606,2
6000,34.95,0.7531818257,2
6000,35,0.7531904963,2
6000,35.05,0.7531991724,2
6000,35.1,0.7532078541,2
6000,35.15,0.7532165413,2
6000,35.2,0.753225234,2
6000,35.25,0.7532339322,2
6000,35.3,0.753242636,2
6000,35.35,0.7532513453,2
6000,35.4,0.7532600602,2
6000,35.45,0.7532687806,2
6000,35.5,0.7532775065,2
6000,35.55,0.753286238,2
6000,35.6,0.753294975,2
6000,35.65,0.7533037176,2
6000,35.7,0.7533124658,2
6000,35.75,0.7533212195,2
6000,35.8,0.7533299787,2
6000,35.85,0.7533387436,2
6000,35.9,0.753347514,2
6000,35.95,0.7533562899,2
6000,36,0.7533650715,2
6000,36.05,0.7533738586,2
6000,36.1,0.7533826513,2
6000,36.15,0.7533914496,2
6000,36.2,0.7534002534,2
6000,36.25,0.7534090628,2
6000,36.3,0.7534178779,2
6000,36.35,0.7534266985,2
6000,36.4,0.7534355247,2
6000,36.45,0.7534443565,2
6000,36.5,0.7534531939,2
6000,36.55,0.753462037,2
6000,36.6,0.7534708856,2
6000,36.65,0.7534797398,2
6000,36.7,0.7534885996,2
6000,36.75,0.7534974651,2
6000,36.8,0.7535063362,2
6000,36.85,0.7535152128,2
6000,36.9,0.7535240951,2
6000,36.95,0.7535329831,2
6000,37,0.7535418766,2
6000,37.05,0.7535507758,2
6000,37.1,0.7535596806,2
6000,37.15,0.7535685911,2
6000,37.2,0.7535775072,2
6000,37.25,0.7535864289,2
6000,37.3,0.7535953563,2
6000,37.35,0.7536042893,2
6000,37.4,0.753613228,2
6000,37.45,0.7536221723,2
6000,37.5,0.7536311223,2
6000,37.55,0.7536400779,2
6000,37.6,0.7536490392,2
6000,37.65,0.7536580062,2
6000,37.7,0.7536669788,2
6000,37.75,0.7536759571,2
6000,37.8,0.7536849411,2
6000,37.85,0.7536939307,2
6000,37.9,0.753702926,2
6000,37.95,0.753711927,2
6000,38,0.7537209337,2
6000,38.05,0.753729946,2
6000,38.1,0.7537389641,2
6000,38.15,0.7537479878,2
6000,38.2,0.7537570172,2
6000,38.25,0.7537660524,2
6000,38.3,0.7537750932,2
6000,38.35,0.7537841397,2
6000,38.4,0.753793192,2
6000,38.45,0.7538022499,2
6000,38.5,0.7538113135,2
6000,38.55,0.7538203829,2
6000,38.6,0.753829458,2
6000,38.65,0.7538385388,2
6000,38.7,0.7538476253,2
6000,38.75,0.7538567175,2
6000,38.8,0.7538658155,2
6000,38.85,0.7538749192,2
6000,38.9,0.7538840286,2
6000,38.95,0.7538931437,2
6000,39,0.7539022646,2
6000,39.05,0.7539113913,2
6000,39.1,0.7539205237,2
6000,39.15,0.7539296618,2
6000,39.2,0.7539388056,2
6000,39.25,0.7539479553,2
6000,39.3,0.7539571106,2
6000,39.35,0.7539662718,2
6000,39.4,0.7539754387,2
6000,39.45,0.7539846113,2
6000,39.5,0.7539937898,2
6000,39.55,0.7540029739,2
6000,39.6,0.7540121639,2
6000,39.65,0.7540213596,2
6000,39.7,0.7540305611,2
6000,39.75,0.7540397684,2
6000,39.8,0.7540489815,2
6000,39.85,0.7540582004,2
6000,39.9,0.754067425,2
6000,39.95,0.7540766554,2
6000,40,0.7540858917,2
6000,40.05,0.7540951337,2
6000,40.1,0.7541043815,2
6000,40.15,0.7541136351,2
6000,40.2,0.7541228945,2
6000,40.25,0.7541321598,2
6000,40.3,0.7541414308,2
6000,40.35,0.7541507077,2
6000,40.4,0.7541599903,2
6000,40.45,0.7541692788,2
6000,40.5,0.7541785731,2
6000,40.55,0.7541878733,2
6000,40.6,0.7541971792,2
6000,40.65,0.754206491,2
6000,40.7,0.7542158086,2
6000,40.75,0.7542251321,2
6000,40.8,0.7542344614,2
6000,40.85,0.7542437965,2
6000,40.9,0.7542531375,2
6000,40.95,0.7542624843,2
6000,41,0.754271837,2
6000,41.05,0.7542811955,2
6000,41.1,0.7542905599,2
6000,41.15,0.7542999301,2
6000,41.2,0.7543093062,2
6000,41.25,0.7543186882,2
6000,41.3,0.754328076,2
6000,41.35,0.7543374697,2
6000,41.4,0.7543468693,2
6000,41.45,0.7543562747,2
6000,41.5,0.754365686,2
6000,41.55,0.7543751032,2
6000,41.6,0.7543845263,2
6000,41.65,0.7543939552,2
6000,41.7,0.7544033901,2
6000,41.75,0.7544128308,2
6000,41.8,0.7544222775,2
6000,41.85,0.75443173,2
6000,41.9,0.7544411884,2
6000,41.95,0.7544506527,2
6000,42,0.754460123,2
6000,42.05,0.7544695991,2
6000,42.1,0.7544790812,2
6000,42.15,0.7544885691,2
6000,42.2,0.754498063,2
6000,42.25,0.7545075628,2
6000,42.3,0.7545170686,2
6000,42.35,0.7545265802,2
6000,42.4,0.7545360978,2
6000,42.45,0.7545456213,2
6000,42.5,0.7545551507,2
6000,42.55,0.7545646861,2
6000,42.6,0.7545742274,2
6000,42.65,0.7545837747,2
6000,42.7,0.7545933279,2
6000,42.75,0.754602887,2
6000,42.8,0.7546124521,2
6000,42.85,0.7546220232,2
6000,42.9,0.7546316002,2
6000,42.95,0.7546411831,2
6000,43,0.7546507721,2
6000,43.05,0.754660367,2
6000,43.1,0.7546699678,2
6000,43.15,0.7546795747,2
6000,43.2,0.7546891875,2
6000,43.25,0.7546988062,2
6000,43.3,0.754708431,2
6000,43.35,0.7547180617,2
6000,43.4,0.7547276984,2
6000,43.45,0.7547373411,2
6000,43.5,0.7547469898,2
6000,43.55,0.7547566445,2
6000,43.6,0.7547663052,2
6000,43.65,0.7547759719,2
6000,43.7,0.7547856446,2
6000,43.75,0.7547953233,2
6000,43.8,0.754805008,2
6000,43.85,0.7548146987,2
6000,43.9,0.7548243954,2
6000,43.95,0.7548340981,2
6000,44,0.7548438068,2
6000,44.05,0.7548535216,2
6000,44.1,0.7548632424,2
6000,44.15,0.7548729692,2
6000,44.2,0.7548827021,2
6000,44.25,0.754892441,2
6000,44.3,0.7549021859,2
6000,44.35,0.7549119368,2
6000,44.4,0.7549216938,2
6000,44.45,0.7549314569,2
6000,44.5,0.7549412259,2
6000,44.55,0.7549510011,2
6000,44.6,0.7549607823,2
6000,44.65,0.7549705695,2
6000,44.7,0.7549803628,2
6000,44.75,0.7549901622,2
6000,44.8,0.7549999676,2
6000,44.85,0.7550097791,2
6000,44.9,0.7550195966,2
6000,44.95,0.7550294203,2
6000,45,0.75503925,2
6000,45.05,0.7550490857,2
6000,45.1,0.7550589276,2
6000,45.15,0.7550687755,2
6000,45.2,0.7550786296,2
6000,45.25,0.7550884897,2
6000,45.3,0.7550983559,2
6000,45.35,0.7551082282,2
6000,45.4,0.7551181066,2
6000,45.45,0.7551279911,2
6000,45.5,0.7551378817,2
6000,45.55,0.7551477785,2
6000,45.6,0.7551576813,2
6000,45.65,0.7551675902,2
6000,45.7,0.7551775053,2
6000,45.75,0.7551874264,2
6000,45.8,0.7551973537,2
6000,45.85,0.7552072871,2
6000,45.9,0.7552172267,2
6000,45.95,0.7552271724,2
6000,46,0.7552371242,2
6000,46.05,0.7552470821,2
6000,46.1,0.7552570462,2
6000,46.15,0.7552670164,2
6000,46.2,0.7552769927,2
6000,46.25,0.7552869752,2
6000,46.3,0.7552969639,2
6000,46.35,0.7553069587,2
6000,46.4,0.7553169597,2
6000,46.45,0.7553269668,2
6000,46.5,0.7553369801,2
6000,46.55,0.7553469995,2
6000,46.6,0.7553570251,2
6000,46.65,0.7553670569,2
6000,46.7,0.7553770948,2
6000,46.75,0.755387139,2
6000,46.8,0.7553971893,2
6000,46.85,0.7554072457,2
6000,46.9,0.7554173084,2
6000,46.95,0.7554273773,2
6000,47,0.7554374523,2
6000,47.05,0.7554475335,2
6000,47.1,0.755457621,2
6000,47.15,0.7554677146,2
6000,47.2,0.7554778144,2
6000,47.25,0.7554879205,2
6000,47.3,0.7554980327,2
6000,47.35,0.7555081512,2
6000,47.4,0.7555182758,2
6000,47.45,0.7555284067,2
6000,47.5,0.7555385438,2
6000,47.55,0.7555486871,2
6000,47.6,0.7555588366,2
6000,47.65,0.7555689924,2
6000,47.7,0.7555791544,2
6000,47.75,0.7555893226,2
6000,47.8,0.7555994971,2
6000,47.85,0.7556096778,2
6000,47.9,0.7556198648,2
6000,47.95,0.7556300579,2
6000,48,0.7556402574,2
6000,48.05,0.7556504631,2
6000,48.1,0.755660675,2
6000,48.15,0.7556708932,2
6000,48.2,0.7556811176,2
6000,48.25,0.7556913484,2
6000,48.3,0.7557015853,2
6000,48.35,0.7557118286,2
6000,48.4,0.7557220781,2
6000,48.45,0.7557323339,2
6000,48.5,0.755742596,2
6000,48.55,0.7557528643,2
6000,48.6,0.7557631389,2
6000,48.65,0.7557734198,2
6000,48.7,0.755783707,2
6000,48.75,0.7557940005,2
6000,48.8,0.7558043003,2
6000,48.85,0.7558146064,2
6000,48.9,0.7558249187,2
6000,48.95,0.7558352374,2
6000,49,0.7558455624,2
6000,49.05,0.7558558937,2
6000,49.1,0.7558662313,2
6000,49.15,0.7558765752,2
6000,49.2,0.7558869254,2
6000,49.25,0.755897282,2
6000,49.3,0.7559076449,2
6000,49.35,0.7559180141,2
6000,49.4,0.7559283896,2
6000,49.45,0.7559387714,2
6000,49.5,0.7559491596,2
6000,49.55,0.7559595542,2
6000,49.6,0.755969955,2
6000,49.65,0.7559803622,2
6000,49.7,0.7559907758,2
6000,49.75,0.7560011957,2
6000,49.8,0.756011622,2
6000,49.85,0.7560220546,2
6000,49.9,0.7560324935,2
6000,49.95,0.7560429389,2
6000,50,0.7560533905,2
6000,50.05,0.7560638486,2
6000,50.1,0.756074313,2
6000,50.15,0.7560847838,2
6000,50.2,0.756095261,2
6000,50.25,0.7561057445,2
6000,50.3,0.7561162345,2
6000,50.35,0.7561267308,2
6000,50.4,0.7561372335,2
6000,50.45,0.7561477426,2
6000,50.5,0.756158258,2
6000,50.55,0.7561687799,2
6000,50.6,0.7561793082,2
6000,50.65,0.7561898429,2
6000,50.7,0.7562003839,2
6000,50.75,0.7562109314,2
6000,50.8,0.7562214853,2
6000,50.85,0.7562320456,2
6000,50.9,0.7562426123,2
6000,50.95,0.7562531855,2
6000,51,0.756263765,2
6000,51.05,0.756274351,2
6000,51.1,0.7562849434,2
6000,51.15,0.7562955423,2
6000,51.2,0.7563061475,2
6000,51.25,0.7563167593,2
6000,51.3,0.7563273774,2
6000,51.35,0.756338002,2
6000,51.4,0.756348633,2
6000,51.45,0.7563592705,2
6000,51.5,0.7563699144,2
6000,51.55,0.7563805648,2
6000,51.6,0.7563912217,2
6000,51.65,0.756401885,2
6000,51.7,0.7564125547,2
6000,51.75,0.756423231,2
6000,51.8,0.7564339137,2
6000,51.85,0.7564446028,2
6000,51.9,0.7564552985,2
6000,51.95,0.7564660006,2
6000,52,0.7564767092,2
6000,52.05,0.7564874243,2
6000,52.1,0.7564981459,2
6000,52.15,0.7565088739,2
6000,52.2,0.7565196085,2
6000,52.25,0.7565303495,2
6000,52.3,0.756541097,2
6000,52.35,0.7565518511,2
6000,52.4,0.7565626116,2
6000,52.45,0.7565733787,2
6000,52.5,0.7565841522,2
6000,52.55,0.7565949323,2
6000,52.6,0.7566057189,2
6000,52.65,0.756616512,2
6000,52.7,0.7566273116,2
6000,52.75,0.7566381178,2
6000,52.8,0.7566489304,2
6000,52.85,0.7566597497,2
6000,52.9,0.7566705754,2
6000,52.95,0.7566814077,2
6000,53,0.7566922465,2
6000,53.05,0.7567030918,2
6000,53.1,0.7567139437,2
6000,53.15,0.7567248022,2
6000,53.2,0.7567356672,2
6000,53.25,0.7567465387,2
6000,53.3,0.7567574168,2
6000,53.35,0.7567683015,2
6000,53.4,0.7567791927,2
6000,53.45,0.7567900905,2
6000,53.5,0.7568009949,2
6000,53.55,0.7568119058,2
6000,53.6,0.7568228233,2
6000,53.65,0.7568337474,2
6000,53.7,0.756844678,2
6000,53.75,0.7568556153,2
6000,53.8,0.7568665591,2
6000,53.85,0.7568775095,2
6000,53.9,0.7568884665,2
6000,53.95,0.7568994301,2
6000,54,0.7569104003,2
6000,54.05,0.7569213772,2
6000,54.1,0.7569323606,2
6000,54.15,0.7569433506,2
6000,54.2,0.7569543472,2
6000,54.25,0.7569653504,2
6000,54.3,0.7569763603,2
6000,54.35,0.7569873767,2
6000,54.4,0.7569983998,2
6000,54.45,0.7570094295,2
6000,54.5,0.7570204659,2
6000,54.55,0.7570315089,2
6000,54.6,0.7570425585,2
6000,54.65,0.7570536147,2
6000,54.7,0.7570646776,2
6000,54.75,0.7570757471,2
6000,54.8,0.7570868233,2
6000,54.85,0.7570979061,2
6000,54.9,0.7571089955,2
6000,54.95,0.7571200916,2
6000,55,0.7571311944,2
6000,55.05,0.7571423039,2
6000,55.1,0.7571534199,2
6000,55.15,0.7571645427,2
6000,55.2,0.7571756721,2
6000,55.25,0.7571868082,2
6000,55.3,0.757197951,2
6000,55.35,0.7572091005,2
6000,55.4,0.7572202566,2
6000,55.45,0.7572314194,2
6000,55.5,0.7572425889,2
6000,55.55,0.7572537651,2
6000,55.6,0.757264948,2
6000,55.65,0.7572761376,2
6000,55.7,0.7572873339,2
6000,55.75,0.7572985368,2
6000,55.8,0.7573097465,2
6000,55.85,0.7573209629,2
6000,55.9,0.757332186,2
6000,55.95,0.7573434158,2
6000,56,0.7573546524,2
6000,56.05,0.7573658956,2
6000,56.1,0.7573771456,2
6000,56.15,0.7573884023,2
6000,56.2,0.7573996657,2
6000,56.25,0.7574109359,2
6000,56.3,0.7574222128,2
6000,56.35,0.7574334964,2
6000,56.4,0.7574447867,2
6000,56.45,0.7574560839,2
6000,56.5,0.7574673877,2
6000,56.55,0.7574786983,2
6000,56.6,0.7574900157,2
6000,56.65,0.7575013398,2
6000,56.7,0.7575126707,2
6000,56.75,0.7575240083,2
6000,56.8,0.7575353527,2
6000,56.85,0.7575467038,2
6000,56.9,0.7575580618,2
6000,56.95,0.7575694265,2
6000,57,0.7575807979,2
6000,57.05,0.7575921762,2
6000,57.1,0.7576035612,2
6000,57.15,0.7576149531,2
6000,57.2,0.7576263517,2
6000,57.25,0.7576377571,2
6000,57.3,0.7576491693,2
6000,57.35,0.7576605883,2
6000,57.4,0.7576720141,2
6000,57.45,0.7576834466,2
6000,57.5,0.757694886,2
6000,57.55,0.7577063322,2
6000,57.6,0.7577177853,2
6000,57.65,0.7577292451,2
6000,57.7,0.7577407118,2
6000,57.75,0.7577521852,2
6000,57.8,0.7577636655,2
6000,57.85,0.7577751526,2
6000,57.9,0.7577866466,2
6000,57.95,0.7577981474,2
6000,58,0.757809655,2
6000,58.05,0.7578211695,2
6000,58.1,0.7578326908,2
6000,58.15,0.7578442189,2
6000,58.2,0.7578557539,2
6000,58.25,0.7578672957,2
6000,58.3,0.7578788444,2
6000,58.35,0.7578904,2
6000,58.4,0.7579019624,2
6000,58.45,0.7579135317,2
6000,58.5,0.7579251078,2
6000,58.55,0.7579366908,2
6000,58.6,0.7579482807,2
6000,58.65,0.7579598774,2
6000,58.7,0.7579714811,2
6000,58.75,0.7579830916,2
6000,58.8,0.757994709,2
6000,58.85,0.7580063332,2
6000,58.9,0.7580179644,2
6000,58.95,0.7580296025,2
6000,59,0.7580412474,2
6000,59.05,0.7580528993,2
6000,59.1,0.758064558,2
6000,59.15,0.7580762237,2
6000,59.2,0.7580878963,2
6000,59.25,0.7580995758,2
6000,59.3,0.7581112621,2
6000,59.35,0.7581229555,2
6000,59.4,0.7581346557,2
6000,59.45,0.7581463628,2
6000,59.5,0.7581580769,2
6000,59.55,0.7581697979,2
6000,59.6,0.7581815259,2
6000,59.65,0.7581932607,2
6000,59.7,0.7582050025,2
6000,59.75,0.7582167513,2
6000,59.8,0.758228507,2
6000,59.85,0.7582402696,2
6000,59.9,0.7582520392,2
6000,59.95,0.7582638157,2
6000,60,0.7582755992,2
6000,60.05,0.7582873897,2
6000,60.1,0.7582991871,2
6000,60.15,0.7583109915,2
6000,60.2,0.7583228029,2
6000,60.25,0.7583346212,2
6000,60.3,0.7583464465,2
6000,60.35,0.7583582787,2
6000,60.4,0.758370118,2
6000,60.45,0.7583819642,2
6000,60.5,0.7583938174,2
6000,60.55,0.7584056776,2
6000,60.6,0.7584175448,2
6000,60.65,0.758429419,2
6000,60.7,0.7584413002,2
6000,60.75,0.7584531884,2
6000,60.8,0.7584650836,2
6000,60.85,0.7584769858,2
6000,60.9,0.758488895,2
6000,60.95,0.7585008113,2
6000,61,0.7585127345,2
6000,61.05,0.7585246648,2
6000,61.1,0.7585366021,2
6000,61.15,0.7585485464,2
6000,61.2,0.7585604977,2
6000,61.25,0.7585724561,2
6000,61.3,0.7585844215,2
6000,61.35,0.7585963939,2
6000,61.4,0.7586083734,2
6000,61.45,0.7586203599,2
6000,61.5,0.7586323535,2
6000,61.55,0.7586443541,2
6000,61.6,0.7586563618,2
6000,61.65,0.7586683765,2
6000,61.7,0.7586803983,2
6000,61.75,0.7586924271,2
6000,61.8,0.758704463,2
6000,61.85,0.758716506,2
6000,61.9,0.758728556,2
6000,61.95,0.7587406132,2
6000,62,0.7587526774,2
6000,62.05,0.7587647486,2
6000,62.1,0.758776827,2
6000,62.15,0.7587889124,2
6000,62.2,0.758801005,2
6000,62.25,0.7588131046,2
6000,62.3,0.7588252113,2
6000,62.35,0.7588373251,2
6000,62.4,0.758849446,2
6000,62.45,0.7588615741,2
6000,62.5,0.7588737092,2
6000,62.55,0.7588858514,2
6000,62.6,0.7588980008,2
6000,62.65,0.7589101572,2
6000,62.7,0.7589223208,2
6000,62.75,0.7589344915,2
6000,62.8,0.7589466694,2
6000,62.85,0.7589588543,2
6000,62.9,0.7589710464,2
6000,62.95,0.7589832456,2
6000,63,0.758995452,2
6000,63.05,0.7590076655,2
6000,63.1,0.7590198862,2
6000,63.15,0.7590321139,2
6000,63.2,0.7590443489,2
6000,63.25,0.759056591,2
6000,63.3,0.7590688402,2
6000,63.35,0.7590810966,2
6000,63.4,0.7590933602,2
6000,63.45,0.7591056309,2
6000,63.5,0.7591179088,2
6000,63.55,0.7591301939,2
6000,63.6,0.7591424861,2
6000,63.65,0.7591547856,2
6000,63.7,0.7591670922,2
6000,63.75,0.759179406,2
6000,63.8,0.7591917269,2
6000,63.85,0.7592040551,2
6000,63.9,0.7592163904,2
6000,63.95,0.759228733,2
6000,64,0.7592410827,2
6000,64.05,0.7592534397,2
6000,64.1,0.7592658038,2
6000,64.15,0.7592781752,2
6000,64.2,0.7592905537,2
6000,64.25,0.7593029395,2
6000,64.3,0.7593153325,2
6000,64.35,0.7593277327,2
6000,64.4,0.7593401402,2
6000,64.45,0.7593525548,2
6000,64.5,0.7593649767,2
6000,64.55,0.7593774058,2
6000,64.6,0.7593898422,2
6000,64.65,0.7594022858,2
6000,64.7,0.7594147366,2
6000,64.75,0.7594271947,2
6000,64.8,0.75943966,2
6000,64.85,0.7594521326,2
6000,64.9,0.7594646124,2
6000,64.95,0.7594770995,2
6000,65,0.7594895939,2
6000,65.05,0.7595020955,2
6000,65.1,0.7595146043,2
6000,65.15,0.7595271205,2
6000,65.2,0.7595396439,2
6000,65.25,0.7595521746,2
6000,65.3,0.7595647125,2
6000,65.35,0.7595772578,2
6000,65.4,0.7595898103,2
6000,65.45,0.7596023701,2
6000,65.5,0.7596149372,2
6000,65.55,0.7596275116,2
6000,65.6,0.7596400933,2
6000,65.65,0.7596526823,2
6000,65.7,0.7596652786,2
6000,65.75,0.7596778822,2
6000,65.8,0.7596904931,2
6000,65.85,0.7597031113,2
6000,65.9,0.7597157368,2
6000,65.95,0.7597283696,2
6000,66,0.7597410098,2
6000,66.05,0.7597536573,2
6000,66.1,0.7597663121,2
6000,66.15,0.7597789743,2
6000,66.2,0.7597916437,2
6000,66.25,0.7598043205,2
6000,66.3,0.7598170047,2
6000,66.35,0.7598296962,2
6000,66.4,0.759842395,2
6000,66.45,0.7598551012,2
6000,66.5,0.7598678147,2
6000,66.55,0.7598805356,2
6000,66.6,0.7598932639,2
6000,66.65,0.7599059995,2
6000,66.7,0.7599187424,2
6000,66.75,0.7599314928,2
6000,66.8,0.7599442505,2
6000,66.85,0.7599570156,2
6000,66.9,0.759969788,2
6000,66.95,0.7599825678,2
6000,67,0.759995355,2
6000,67.05,0.7600081496,2
6000,67.1,0.7600209516,2
6000,67.15,0.760033761,2
6000,67.2,0.7600465778,2
6000,67.25,0.7600594019,2
6000,67.3,0.7600722335,2
6000,67.35,0.7600850725,2
6000,67.4,0.7600979188,2
6000,67.45,0.7601107726,2
6000,67.5,0.7601236338,2
6000,67.55,0.7601365024,2
6000,67.6,0.7601493785,2
6000,67.65,0.7601622619,2
6000,67.7,0.7601751528,2
6000,67.75,0.7601880511,2
6000,67.8,0.7602009568,2
6000,67.85,0.76021387,2
6000,67.9,0.7602267906,2
6000,67.95,0.7602397186,2
6000,68,0.7602526541,2
6000,68.05,0.760265597,2
6000,68.1,0.7602785474,2
6000,68.15,0.7602915053,2
6000,68.2,0.7603044705,2
6000,68.25,0.7603174433,2
6000,68.3,0.7603304235,2
6000,68.35,0.7603434112,2
6000,68.4,0.7603564063,2
6000,68.45,0.7603694089,2
6000,68.5,0.760382419,2
6000,68.55,0.7603954366,2
6000,68.6,0.7604084616,2
6000,68.65,0.7604214941,2
6000,68.7,0.7604345341,2
6000,68.75,0.7604475816,2
6000,68.8,0.7604606366,2
6000,68.85,0.7604736991,2
6000,68.9,0.7604867691,2
6000,68.95,0.7604998466,2
6000,69,0.7605129316,2
6000,69.05,0.7605260241,2
6000,69.1,0.7605391241,2
6000,69.15,0.7605522316,2
6000,69.2,0.7605653466,2
6000,69.25,0.7605784692,2
6000,69.3,0.7605915993,2
6000,69.35,0.7606047369,2
6000,69.4,0.760617882,2
6000,69.45,0.7606310347,2
6000,69.5,0.7606441949,2
6000,69.55,0.7606573626,2
6000,69.6,0.7606705379,2
6000,69.65,0.7606837207,2
6000,69.7,0.7606969111,2
6000,69.75,0.7607101091,2
6000,69.8,0.7607233145,2
6000,69.85,0.7607365276,2
6000,69.9,0.7607497482,2
6000,69.95,0.7607629763,2
6000,70,0.7607762121,2
6000,70.05,0.7607894554,2
6000,70.1,0.7608027062,2
6000,70.15,0.7608159647,2
6000,70.2,0.7608292307,2
6000,70.25,0.7608425043,2
6000,70.3,0.7608557855,2
6000,70.35,0.7608690743,2
6000,70.4,0.7608823706,2
6000,70.45,0.7608956746,2
6000,70.5,0.7609089862,2
6000,70.55,0.7609223053,2
6000,70.6,0.7609356321,2
6000,70.65,0.7609489665,2
6000,70.7,0.7609623084,2
6000,70.75,0.760975658,2
6000,70.8,0.7609890152,2
6000,70.85,0.7610023801,2
6000,70.9,0.7610157525,2
6000,70.95,0.7610291326,2
6000,71,0.7610425203,2
6000,71.05,0.7610559156,2
6000,71.1,0.7610693186,2
6000,71.15,0.7610827292,2
6000,71.2,0.7610961474,2
6000,71.25,0.7611095733,2
6000,71.3,0.7611230068,2
6000,71.35,0.761136448,2
6000,71.4,0.7611498969,2
6000,71.45,0.7611633534,2
6000,71.5,0.7611768175,2
6000,71.55,0.7611902893,2
6000,71.6,0.7612037688,2
6000,71.65,0.761217256,2
6000,71.7,0.7612307508,2
6000,71.75,0.7612442533,2
6000,71.8,0.7612577634,2
6000,71.85,0.7612712813,2
6000,71.9,0.7612848068,2
6000,71.95,0.7612983401,2
6000,72,0.761311881,2
6000,72.05,0.7613254296,2
6000,72.1,0.7613389859,2
6000,72.15,0.7613525499,2
6000,72.2,0.7613661216,2
6000,72.25,0.761379701,2
6000,72.3,0.7613932881,2
6000,72.35,0.7614068829,2
6000,72.4,0.7614204855,2
6000,72.45,0.7614340957,2
6000,72.5,0.7614477137,2
6000,72.55,0.7614613394,2
6000,72.6,0.7614749729,2
6000,72.65,0.761488614,2
6000,72.7,0.7615022629,2
6000,72.75,0.7615159196,2
6000,72.8,0.7615295839,2
6000,72.85,0.7615432561,2
6000,72.9,0.7615569359,2
6000,72.95,0.7615706235,2
6000,73,0.7615843189,2
6000,73.05,0.761598022,2
6000,73.1,0.7616117329,2
6000,73.15,0.7616254515,2
6000,73.2,0.7616391779,2
6000,73.25,0.7616529121,2
6000,73.3,0.7616666541,2
6000,73.35,0.7616804038,2
6000,73.4,0.7616941613,2
6000,73.45,0.7617079265,2
6000,73.5,0.7617216996,2
6000,73.55,0.7617354804,2
6000,73.6,0.7617492691,2
6000,73.65,0.7617630655,2
6000,73.7,0.7617768697,2
6000,73.75,0.7617906817,2
6000,73.8,0.7618045016,2
6000,73.85,0.7618183292,2
6000,73.9,0.7618321646,2
6000,73.95,0.7618460079,2
6000,74,0.7618598589,2
6000,74.05,0.7618737178,2
6000,74.1,0.7618875845,2
6000,74.15,0.761901459,2
6000,74.2,0.7619153414,2
6000,74.25,0.7619292315,2
6000,74.3,0.7619431296,2
6000,74.35,0.7619570354,2
6000,74.4,0.7619709491,2
6000,74.45,0.7619848706,2
6000,74.5,0.7619988,2
6000,74.55,0.7620127372,2
6000,74.6,0.7620266823,2
6000,74.65,0.7620406352,2
6000,74.7,0.762054596,2
6000,74.75,0.7620685646,2
6000,74.8,0.7620825412,2
6000,74.85,0.7620965255,2
6000,74.9,0.7621105178,2
6000,74.95,0.7621245179,2
6000,75,0.7621385259,2
6000,75.05,0.7621525418,2
6000,75.1,0.7621665655,2
6000,75.15,0.7621805972,2
6000,75.2,0.7621946367,2
6000,75.25,0.7622086841,2
6000,75.3,0.7622227395,2
6000,75.35,0.7622368027,2
6000,75.4,0.7622508738,2
6000,75.45,0.7622649528,2
6000,75.5,0.7622790398,2
6000,75.55,0.7622931346,2
6000,75.6,0.7623072374,2
6000,75.65,0.7623213481,2
6000,75.7,0.7623354667,2
6000,75.75,0.7623495932,2
6000,75.8,0.7623637276,2
6000,75.85,0.76237787,2
6000,75.9,0.7623920203,2
6000,75.95,0.7624061786,2
6000,76,0.7624203447,2
6000,76.05,0.7624345189,2
6000,76.1,0.7624487009,2
6000,76.15,0.7624628909,2
6000,76.2,0.7624770889,2
6000,76.25,0.7624912948,2
6000,76.3,0.7625055087,2
6000,76.35,0.7625197306,2
6000,76.4,0.7625339604,2
6000,76.45,0.7625481982,2
6000,76.5,0.7625624439,2
6000,76.55,0.7625766976,2
6000,76.6,0.7625909593,2
6000,76.65,0.762605229,2
6000,76.7,0.7626195066,2
6000,76.75,0.7626337923,2
6000,76.8,0.7626480859,2
6000,76.85,0.7626623875,2
6000,76.9,0.7626766972,2
6000,76.95,0.7626910148,2
6000,77,0.7627053404,2
6000,77.05,0.762719674,2
6000,77.1,0.7627340156,2
6000,77.15,0.7627483653,2
6000,77.2,0.7627627229,2
6000,77.25,0.7627770886,2
6000,77.3,0.7627914623,2
6000,77.35,0.762805844,2
6000,77.4,0.7628202337,2
6000,77.45,0.7628346315,2
6000,77.5,0.7628490373,2
6000,77.55,0.7628634512,2
6000,77.6,0.762877873,2
6000,77.65,0.762892303,2
6000,77.7,0.7629067409,2
6000,77.75,0.7629211869,2
6000,77.8,0.762935641,2
6000,77.85,0.7629501031,2
6000,77.9,0.7629645733,2
6000,77.95,0.7629790515,2
6000,78,0.7629935378,2
6000,78.05,0.7630080322,2
6000,78.1,0.7630225346,2
6000,78.15,0.7630370451,2
6000,78.2,0.7630515637,2
6000,78.25,0.7630660904,2
6000,78.3,0.7630806251,2
6000,78.35,0.763095168,2
6000,78.4,0.7631097189,2
6000,78.45,0.7631242779,2
6000,78.5,0.763138845,2
6000,78.55,0.7631534202,2
6000,78.6,0.7631680036,2
6000,78.65,0.763182595,2
6000,78.7,0.7631971945,2
6000,78.75,0.7632118021,2
6000,78.8,0.7632264179,2
6000,78.85,0.7632410417,2
6000,78.9,0.7632556737,2
6000,78.95,0.7632703138,2
6000,79,0.7632849621,2
6000,79.05,0.7632996184,2
6000,79.1,0.7633142829,2
6000,79.15,0.7633289556,2
6000,79.2,0.7633436363,2
6000,79.25,0.7633583253,2
6000,79.3,0.7633730223,2
6000,79.35,0.7633877275,2
6000,79.4,0.7634024409,2
6000,79.45,0.7634171624,2
6000,79.5,0.7634318921,2
6000,79.55,0.7634466299,2
6000,79.6,0.7634613759,2
6000,79.65,0.7634761301,2
6000,79.7,0.7634908924,2
6000,79.75,0.7635056629,2
6000,79.8,0.7635204416,2
6000,79.85,0.7635352285,2
6000,79.9,0.7635500235,2
6000,79.95,0.7635648268,2
6000,80,0.7635796382,2
6000,80.05,0.7635944578,2
6000,80.1,0.7636092856,2
6000,80.15,0.7636241216,2
6000,80.2,0.7636389658,2
6000,80.25,0.7636538182,2
6000,80.3,0.7636686789,2
6000,80.35,0.7636835477,2
6000,80.4,0.7636984247,2
6000,80.45,0.76371331,2
6000,80.5,0.7637282035,2
6000,80.55,0.7637431052,2
6000,80.6,0.7637580151,2
6000,80.65,0.7637729333,2
6000,80.7,0.7637878597,2
6000,80.75,0.7638027943,2
6000,80.8,0.7638177372,2
6000,80.85,0.7638326883,2
6000,80.9,0.7638476477,2
6000,80.95,0.7638626153,2
6000,81,0.7638775912,2
6000,81.05,0.7638925753,2
6000,81.1,0.7639075677,2
6000,81.15,0.7639225683,2
6000,81.2,0.7639375772,2
6000,81.25,0.7639525944,2
6000,81.3,0.7639676198,2
6000,81.35,0.7639826535,2
6000,81.4,0.7639976955,2
6000,81.45,0.7640127458,2
6000,81.5,0.7640278044,2
6000,81.55,0.7640428712,2
6000,81.6,0.7640579463,2
6000,81.65,0.7640730298,2
6000,81.7,0.7640881215,2
6000,81.75,0.7641032215,2
6000,81.8,0.7641183298,2
6000,81.85,0.7641334465,2
6000,81.9,0.7641485714,2
6000,81.95,0.7641637046,2
6000,82,0.7641788462,2
6000,82.05,0.7641939961,2
6000,82.1,0.7642091543,2
6000,82.15,0.7642243208,2
6000,82.2,0.7642394956,2
6000,82.25,0.7642546788,2
6000,82.3,0.7642698703,2
6000,82.35,0.7642850702,2
6000,82.4,0.7643002784,2
6000,82.45,0.7643154949,2
6000,82.5,0.7643307198,2
6000,82.55,0.764345953,2
6000,82.6,0.7643611946,2
6000,82.65,0.7643764445,2
6000,82.7,0.7643917028,2
6000,82.75,0.7644069695,2
6000,82.8,0.7644222445,2
6000,82.85,0.7644375279,2
6000,82.9,0.7644528197,2
6000,82.95,0.7644681198,2
6000,83,0.7644834283,2
6000,83.05,0.7644987452,2
6000,83.1,0.7645140705,2
6000,83.15,0.7645294041,2
6000,83.2,0.7645447462,2
6000,83.25,0.7645600966,2
6000,83.3,0.7645754555,2
6000,83.35,0.7645908227,2
6000,83.4,0.7646061984,2
6000,83.45,0.7646215824,2
6000,83.5,0.7646369749,2
6000,83.55,0.7646523758,2
6000,83.6,0.764667785,2
6000,83.65,0.7646832028,2
6000,83.7,0.7646986289,2
6000,83.75,0.7647140634,2
6000,83.8,0.7647295064,2
6000,83.85,0.7647449578,2
6000,83.9,0.7647604177,2
6000,83.95,0.7647758859,2
6000,84,0.7647913627,2
6000,84.05,0.7648068478,2
6000,84.1,0.7648223414,2
6000,84.15,0.7648378435,2
6000,84.2,0.764853354,2
6000,84.25,0.764868873,2
6000,84.3,0.7648844004,2
6000,84.35,0.7648999363,2
6000,84.4,0.7649154807,2
6000,84.45,0.7649310335,2
6000,84.5,0.7649465948,2
6000,84.55,0.7649621646,2
6000,84.6,0.7649777428,2
6000,84.65,0.7649933295,2
6000,84.7,0.7650089247,2
6000,84.75,0.7650245285,2
6000,84.8,0.7650401406,2
6000,84.85,0.7650557613,2
6000,84.9,0.7650713905,2
6000,84.95,0.7650870282,2
6000,85,0.7651026744,2
6000,85.05,0.7651183291,2
6000,85.1,0.7651339923,2
6000,85.15,0.765149664,2
6000,85.2,0.7651653442,2
6000,85.25,0.765181033,2
6000,85.3,0.7651967302,2
6000,85.35,0.765212436,2
6000,85.4,0.7652281504,2
6000,85.45,0.7652438732,2
6000,85.5,0.7652596046,2
6000,85.55,0.7652753445,2
6000,85.6,0.765291093,2
6000,85.65,0.76530685,2
6000,85.7,0.7653226156,2
6000,85.75,0.7653383897,2
6000,85.8,0.7653541724,2
6000,85.85,0.7653699636,2
6000,85.9,0.7653857634,2
6000,85.95,0.7654015717,2
6000,86,0.7654173886,2
6000,86.05,0.7654332141,2
6000,86.1,0.7654490482,2
6000,86.15,0.7654648908,2
6000,86.2,0.765480742,2
6000,86.25,0.7654966018,2
6000,86.3,0.7655124702,2
6000,86.35,0.7655283471,2
6000,86.4,0.7655442327,2
6000,86.45,0.7655601268,2
6000,86.5,0.7655760296,2
6000,86.55,0.7655919409,2
6000,86.6,0.7656078608,2
6000,86.65,0.7656237894,2
6000,86.7,0.7656397266,2
6000,86.75,0.7656556723,2
6000,86.8,0.7656716267,2
6000,86.85,0.7656875898,2
6000,86.9,0.7657035614,2
6000,86.95,0.7657195417,2
6000,87,0.7657355305,2
6000,87.05,0.7657515281,2
6000,87.1,0.7657675342,2
6000,87.15,0.765783549,2
6000,87.2,0.7657995725,2
6000,87.25,0.7658156045,2
6000,87.3,0.7658316453,2
6000,87.35,0.7658476947,2
6000,87.4,0.7658637527,2
6000,87.45,0.7658798194,2
6000,87.5,0.7658958947,2
6000,87.55,0.7659119788,2
6000,87.6,0.7659280714,2
6000,87.65,0.7659441728,2
6000,87.7,0.7659602828,2
6000,87.75,0.7659764015,2
6000,87.8,0.7659925289,2
6000,87.85,0.766008665,2
6000,87.9,0.7660248097,2
6000,87.95,0.7660409632,2
6000,88,0.7660571253,2
6000,88.05,0.7660732961,2
6000,88.1,0.7660894756,2
6000,88.15,0.7661056639,2
6000,88.2,0.7661218608,2
6000,88.25,0.7661380664,2
6000,88.3,0.7661542808,2
6000,88.35,0.7661705038,2
6000,88.4,0.7661867356,2
6000,88.45,0.7662029761,2
6000,88.5,0.7662192253,2
6000,88.55,0.7662354833,2
6000,88.6,0.76625175,2
6000,88.65,0.7662680254,2
6000,88.7,0.7662843095,2
6000,88.75,0.7663006024,2
6000,88.8,0.766316904,2
6000,88.85,0.7663332144,2
6000,88.9,0.7663495335,2
6000,88.95,0.7663658614,2
6000,89,0.766382198,2
6000,89.05,0.7663985434,2
6000,89.1,0.7664148976,2
6000,89.15,0.7664312605,2
6000,89.2,0.7664476322,2
6000,89.25,0.7664640126,2
6000,89.3,0.7664804018,2
6000,89.35,0.7664967998,2
6000,89.4,0.7665132066,2
6000,89.45,0.7665296222,2
6000,89.5,0.7665460465,2
6000,89.55,0.7665624797,2
6000,89.6,0.7665789216,2
6000,89.65,0.7665953723,2
6000,89.7,0.7666118318,2
6000,89.75,0.7666283002,2
6000,89.8,0.7666447773,2
6000,89.85,0.7666612632,2
6000,89.9,0.766677758,2
6000,89.95,0.7666942616,2
6000,90,0.7667107739,2
6000,90.05,0.7667272951,2
6000,90.1,0.7667438252,2
6000,90.15,0.766760364,2
6000,90.2,0.7667769117,2
6000,90.25,0.7667934682,2
6000,90.3,0.7668100336,2
6000,90.35,0.7668266078,2
6000,90.4,0.7668431908,2
6000,90.45,0.7668597827,2
6000,90.5,0.7668763834,2
6000,90.55,0.766892993,2
6000,90.6,0.7669096115,2
6000,90.65,0.7669262388,2
6000,90.7,0.7669428749,2
6000,90.75,0.7669595199,2
6000,90.8,0.7669761738,2
6000,90.85,0.7669928366,2
6000,90.9,0.7670095082,2
6000,90.95,0.7670261888,2
6000,91,0.7670428782,2
6000,91.05,0.7670595764,2
6000,91.1,0.7670762836,2
6000,91.15,0.7670929997,2
6000,91.2,0.7671097246,2
6000,91.25,0.7671264585,2
6000,91.3,0.7671432012,2
6000,91.35,0.7671599528,2
6000,91.4,0.7671767134,2
6000,91.45,0.7671934829,2
6000,91.5,0.7672102612,2
6000,91.55,0.7672270485,2
6000,91.6,0.7672438447,2
6000,91.65,0.7672606499,2
6000,91.7,0.7672774639,2
6000,91.75,0.7672942869,2
6000,91.8,0.7673111188,2
6000,91.85,0.7673279596,2
6000,91.9,0.7673448094,2
6000,91.95,0.7673616682,2
6000,92,0.7673785358,2
6000,92.05,0.7673954124,2
6000,92.1,0.767412298,2
6000,92.15,0.7674291925,2
6000,92.2,0.767446096,2
6000,92.25,0.7674630084,2
6000,92.3,0.7674799298,2
6000,92.35,0.7674968602,2
6000,92.4,0.7675137995,2
6000,92.45,0.7675307478,2
6000,92.5,0.7675477051,2
6000,92.55,0.7675646713,2
6000,92.6,0.7675816465,2
6000,92.65,0.7675986307,2
6000,92.7,0.7676156239,2
6000,92.75,0.7676326261,2
6000,92.8,0.7676496373,2
6000,92.85,0.7676666575,2
6000,92.9,0.7676836867,2
6000,92.95,0.7677007249,2
6000,93,0.7677177721,2
6000,93.05,0.7677348283,2
6000,93.1,0.7677518935,2
6000,93.15,0.7677689677,2
6000,93.2,0.767786051,2
6000,93.25,0.7678031432,2
6000,93.3,0.7678202445,2
6000,93.35,0.7678373548,2
6000,93.4,0.7678544742,2
6000,93.45,0.7678716026,2
6000,93.5,0.76788874,2
6000,93.55,0.7679058865,2
6000,93.6,0.767923042,2
6000,93.65,0.7679402065,2
6000,93.7,0.7679573802,2
6000,93.75,0.7679745628,2
6000,93.8,0.7679917545,2
6000,93.85,0.7680089553,2
6000,93.9,0.7680261651,2
6000,93.95,0.7680433841,2
6000,94,0.768060612,2
6000,94.05,0.7680778491,2
6000,94.1,0.7680950952,2
6000,94.15,0.7681123504,2
6000,94.2,0.7681296147,2
6000,94.25,0.768146888,2
6000,94.3,0.7681641705,2
6000,94.35,0.768181462,2
6000,94.4,0.7681987627,2
6000,94.45,0.7682160724,2
6000,94.5,0.7682333912,2
6000,94.55,0.7682507192,2
6000,94.6,0.7682680562,2
6000,94.65,0.7682854024,2
6000,94.7,0.7683027576,2
6000,94.75,0.768320122,2
6000,94.8,0.7683374955,2
6000,94.85,0.7683548781,2
6000,94.9,0.7683722699,2
6000,94.95,0.7683896708,2
6000,95,0.7684070808,2
6000,95.05,0.7684244999,2
6000,95.1,0.7684419282,2
6000,95.15,0.7684593656,2
6000,95.2,0.7684768122,2
6000,95.25,0.7684942679,2
6000,95.3,0.7685117328,2
6000,95.35,0.7685292068,2
6000,95.4,0.76854669,2
6000,95.45,0.7685641823,2
6000,95.5,0.7685816838,2
6000,95.55,0.7685991945,2
6000,95.6,0.7686167143,2
6000,95.65,0.7686342433,2
6000,95.7,0.7686517815,2
6000,95.75,0.7686693288,2
6000,95.8,0.7686868854,2
6000,95.85,0.7687044511,2
6000,95.9,0.768722026,2
6000,95.95,0.7687396101,2
6000,96,0.7687572034,2
6000,96.05,0.7687748059,2
6000,96.1,0.7687924176,2
6000,96.15,0.7688100385,2
6000,96.2,0.7688276686,2
6000,96.25,0.7688453079,2
6000,96.3,0.7688629565,2
6000,96.35,0.7688806142,2
6000,96.4,0.7688982812,2
6000,96.45,0.7689159573,2
6000,96.5,0.7689336428,2
6000,96.55,0.7689513374,2
6000,96.6,0.7689690413,2
6000,96.65,0.7689867544,2
6000,96.7,0.7690044767,2
6000,96.75,0.7690222083,2
6000,96.8,0.7690399491,2
6000,96.85,0.7690576992,2
6000,96.9,0.7690754585,2
6000,96.95,0.7690932271,2
6000,97,0.769111005,2
6000,97.05,0.7691287921,2
6000,97.1,0.7691465884,2
6000,97.15,0.7691643941,2
6000,97.2,0.769182209,2
6000,97.25,0.7692000331,2
6000,97.3,0.7692178666,2
6000,97.35,0.7692357093,2
6000,97.4,0.7692535613,2
6000,97.45,0.7692714226,2
6000,97.5,0.7692892932,2
6000,97.55,0.769307173,2
6000,97.6,0.7693250622,2
6000,97.65,0.7693429607,2
6000,97.7,0.7693608684,2
6000,97.75,0.7693787855,2
6000,97.8,0.7693967119,2
6000,97.85,0.7694146475,2
6000,97.9,0.7694325925,2
6000,97.95,0.7694505468,2
6000,98,0.7694685105,2
6000,98.05,0.7694864834,2
6000,98.1,0.7695044657,2
6000,98.15,0.7695224573,2
6000,98.2,0.7695404582,2
6000,98.25,0.7695584685,2
6000,98.3,0.7695764881,2
6000,98.35,0.7695945171,2
6000,98.4,0.7696125554,2
6000,98.45,0.769630603,2
6000,98.5,0.76964866,2
6000,98.55,0.7696667264,2
6000,98.6,0.7696848021,2
6000,98.65,0.7697028871,2
6000,98.7,0.7697209816,2
6000,98.75,0.7697390854,2
6000,98.8,0.7697571985,2
6000,98.85,0.769775321,2
6000,98.9,0.769793453,2
6000,98.95,0.7698115942,2
6000,99,0.7698297449,2
6000,99.05,0.769847905,2
6000,99.1,0.7698660744,2
6000,99.15,0.7698842532,2
6000,99.2,0.7699024415,2
6000,99.25,0.7699206391,2
6000,99.3,0.7699388461,2
6000,99.35,0.7699570625,2
6000,99.4,0.7699752884,2
6000,99.45,0.7699935236,2
6000,99.5,0.7700117683,2
6000,99.55,0.7700300224,2
6000,99.6,0.7700482858,2
6000,99.65,0.7700665588,2
6000,99.7,0.7700848411,2
6000,99.75,0.7701031329,2
6000,99.8,0.7701214341,2
6000,99.85,0.7701397447,2
6000,99.9,0.7701580648,2
6000,99.95,0.7701763943,2
6000,100,0.7701947332,2
6000,100.05,0.7702130816,2
6000,100.1,0.7702314395,2
6000,100.15,0.7702498068,2
6000,100.2,0.7702681836,2
6000,100.25,0.7702865698,2
6000,100.3,0.7703049655,2
6000,100.35,0.7703233706,2
6000,100.4,0.7703417852,2
6000,100.45,0.7703602093,2
6000,100.5,0.7703786429,2
6000,100.55,0.7703970859,2
6000,100.6,0.7704155385,2
6000,100.65,0.7704340005,2
6000,100.7,0.770452472,2
6000,100.75,0.770470953,2
6000,100.8,0.7704894434,2
6000,100.85,0.7705079434,2
6000,100.9,0.7705264529,2
6000,100.95,0.7705449719,2
6000,101,0.7705635004,2
6000,101.05,0.7705820383,2
6000,101.1,0.7706005859,2
6000,101.15,0.7706191429,2
6000,101.2,0.7706377094,2
6000,101.25,0.7706562855,2
6000,101.3,0.7706748711,2
6000,101.35,0.7706934662,2
6000,101.4,0.7707120708,2
6000,101.45,0.770730685,2
6000,101.5,0.7707493087,2
6000,101.55,0.770767942,2
6000,101.6,0.7707865848,2
6000,101.65,0.7708052371,2
6000,101.7,0.770823899,2
6000,101.75,0.7708425705,2
6000,101.8,0.7708612515,2
6000,101.85,0.7708799421,2
6000,101.9,0.7708986422,2
6000,101.95,0.7709173519,2
6000,102,0.7709360711,2
6000,102.05,0.7709548,2
6000,102.1,0.7709735384,2
6000,102.15,0.7709922863,2
6000,102.2,0.7710110439,2
6000,102.25,0.7710298111,2
6000,102.3,0.7710485878,2
6000,102.35,0.7710673741,2
6000,102.4,0.77108617,2
6000,102.45,0.7711049755,2
6000,102.5,0.7711237906,2
6000,102.55,0.7711426154,2
6000,102.6,0.7711614497,2
6000,102.65,0.7711802936,2
6000,102.7,0.7711991471,2
6000,102.75,0.7712180103,2
6000,102.8,0.7712368831,2
6000,102.85,0.7712557655,2
6000,102.9,0.7712746575,2
6000,102.95,0.7712935591,2
6000,103,0.7713124704,2
6000,103.05,0.7713313913,2
6000,103.1,0.7713503218,2
6000,103.15,0.771369262,2
6000,103.2,0.7713882118,2
6000,103.25,0.7714071713,2
6000,103.3,0.7714261404,2
6000,103.35,0.7714451192,2
6000,103.4,0.7714641076,2
6000,103.45,0.7714831057,2
6000,103.5,0.7715021134,2
6000,103.55,0.7715211308,2
6000,103.6,0.7715401579,2
6000,103.65,0.7715591947,2
6000,103.7,0.7715782411,2
6000,103.75,0.7715972972,2
6000,103.8,0.7716163629,2
6000,103.85,0.7716354384,2
6000,103.9,0.7716545235,2
6000,103.95,0.7716736184,2
6000,104,0.7716927229,2
6000,104.05,0.7717118371,2
6000,104.1,0.771730961,2
6000,104.15,0.7717500946,2
6000,104.2,0.7717692379,2
6000,104.25,0.771788391,2
6000,104.3,0.7718075537,2
6000,104.35,0.7718267262,2
6000,104.4,0.7718459083,2
6000,104.45,0.7718651002,2
6000,104.5,0.7718843018,2
6000,104.55,0.7719035132,2
6000,104.6,0.7719227342,2
6000,104.65,0.771941965,2
6000,104.7,0.7719612055,2
6000,104.75,0.7719804558,2
6000,104.8,0.7719997158,2
6000,104.85,0.7720189856,2
6000,104.9,0.7720382651,2
6000,104.95,0.7720575543,2
6000,105,0.7720768533,2
6000,105.05,0.7720961621,2
6000,105.1,0.7721154806,2
6000,105.15,0.7721348089,2
6000,105.2,0.7721541469,2
6000,105.25,0.7721734948,2
6000,105.3,0.7721928524,2
6000,105.35,0.7722122197,2
6000,105.4,0.7722315969,2
6000,105.45,0.7722509838,2
6000,105.5,0.7722703805,2
6000,105.55,0.772289787,2
6000,105.6,0.7723092033,2
6000,105.65,0.7723286294,2
6000,105.7,0.7723480652,2
6000,105.75,0.7723675109,2
6000,105.8,0.7723869664,2
6000,105.85,0.7724064317,2
6000,105.9,0.7724259068,2
6000,105.95,0.7724453917,2
6000,106,0.7724648864,2
6000,106.05,0.7724843909,2
6000,106.1,0.7725039053,2
6000,106.15,0.7725234295,2
6000,106.2,0.7725429635,2
6000,106.25,0.7725625073,2
6000,106.3,0.772582061,2
6000,106.35,0.7726016245,2
6000,106.4,0.7726211979,2
6000,106.45,0.772640781,2
6000,106.5,0.7726603741,2
6000,106.55,0.772679977,2
6000,106.6,0.7726995897,2
6000,106.65,0.7727192123,2
6000,106.7,0.7727388447,2
6000,106.75,0.7727584871,2
6000,106.8,0.7727781392,2
6000,106.85,0.7727978013,2
6000,106.9,0.7728174732,2
6000,106.95,0.772837155,2
6000,107,0.7728568466,2
6000,107.05,0.7728765482,2
6000,107.1,0.7728962596,2
6000,107.15,0.7729159809,2
6000,107.2,0.7729357121,2
6000,107.25,0.7729554532,2
6000,107.3,0.7729752042,2
6000,107.35,0.7729949651,2
6000,107.4,0.7730147358,2
6000,107.45,0.7730345165,2
6000,107.5,0.7730543071,2
6000,107.55,0.7730741076,2
6000,107.6,0.773093918,2
6000,107.65,0.7731137384,2
6000,107.7,0.7731335686,2
6000,107.75,0.7731534088,2
6000,107.8,0.7731732589,2
6000,107.85,0.7731931189,2
6000,107.9,0.7732129889,2
6000,107.95,0.7732328688,2
6000,108,0.7732527586,2
6000,108.05,0.7732726584,2
6000,108.1,0.7732925681,2
6000,108.15,0.7733124877,2
6000,108.2,0.7733324173,2
6000,108.25,0.7733523569,2
6000,108.3,0.7733723064,2
6000,108.35,0.7733922659,2
6000,108.4,0.7734122353,2
6000,108.45,0.7734322147,2
6000,108.5,0.7734522041,2
6000,108.55,0.7734722035,2
6000,108.6,0.7734922128,2
6000,108.65,0.7735122321,2
6000,108.7,0.7735322613,2
6000,108.75,0.7735523006,2
6000,108.8,0.7735723498,2
6000,108.85,0.7735924091,2
6000,108.9,0.7736124783,2
6000,108.95,0.7736325575,2
6000,109,0.7736526467,2
6000,109.05,0.7736727459,2
6000,109.1,0.7736928552,2
6000,109.15,0.7737129744,2
6000,109.2,0.7737331036,2
6000,109.25,0.7737532429,2
6000,109.3,0.7737733921,2
6000,109.35,0.7737935514,2
6000,109.4,0.7738137208,2
6000,109.45,0.7738339001,2
6000,109.5,0.7738540895,2
6000,109.55,0.7738742889,2
6000,109.6,0.7738944983,2
6000,109.65,0.7739147178,2
6000,109.7,0.7739349473,2
6000,109.75,0.7739551868,2
6000,109.8,0.7739754364,2
6000,109.85,0.7739956961,2
6000,109.9,0.7740159658,2
6000,109.95,0.7740362455,2
6000,110,0.7740565354,2
6000,110.05,0.7740768353,2
6000,110.1,0.7740971452,2
6000,110.15,0.7741174652,2
6000,110.2,0.7741377953,2
6000,110.25,0.7741581355,2
6000,110.3,0.7741784857,2
6000,110.35,0.774198846,2
6000,110.4,0.7742192164,2
6000,110.45,0.7742395969,2
6000,110.5,0.7742599875,2
6000,110.55,0.7742803882,2
6000,110.6,0.7743007989,2
6000,110.65,0.7743212198,2
6000,110.7,0.7743416508,2
6000,110.75,0.7743620918,2
6000,110.8,0.774382543,2
6000,110.85,0.7744030043,2
6000,110.9,0.7744234757,2
6000,110.95,0.7744439572,2
6000,111,0.7744644488,2
6000,111.05,0.7744849506,2
6000,111.1,0.7745054625,2
6000,111.15,0.7745259845,2
6000,111.2,0.7745465167,2
6000,111.25,0.7745670589,2
6000,111.3,0.7745876114,2
6000,111.35,0.7746081739,2
6000,111.4,0.7746287466,2
6000,111.45,0.7746493295,2
6000,111.5,0.7746699225,2
6000,111.55,0.7746905256,2
6000,111.6,0.7747111389,2
6000,111.65,0.7747317624,2
6000,111.7,0.774752396,2
6000,111.75,0.7747730398,2
6000,111.8,0.7747936938,2
6000,111.85,0.7748143579,2
6000,111.9,0.7748350322,2
6000,111.95,0.7748557167,2
6000,112,0.7748764114,2
6000,112.05,0.7748971162,2
6000,112.1,0.7749178312,2
6000,112.15,0.7749385565,2
6000,112.2,0.7749592919,2
6000,112.25,0.7749800375,2
6000,112.3,0.7750007933,2
6000,112.35,0.7750215593,2
6000,112.4,0.7750423355,2
6000,112.45,0.7750631219,2
6000,112.5,0.7750839185,2
6000,112.55,0.7751047254,2
6000,112.6,0.7751255424,2
6000,112.65,0.7751463697,2
6000,112.7,0.7751672072,2
6000,112.75,0.7751880549,2
6000,112.8,0.7752089129,2
6000,112.85,0.7752297811,2
6000,112.9,0.7752506595,2
6000,112.95,0.7752715481,2
6000,113,0.775292447,2
6000,113.05,0.7753133562,2
6000,113.1,0.7753342756,2
6000,113.15,0.7753552052,2
6000,113.2,0.7753761451,2
6000,113.25,0.7753970952,2
6000,113.3,0.7754180556,2
6000,113.35,0.7754390263,2
6000,113.4,0.7754600072,2
6000,113.45,0.7754809984,2
6000,113.5,0.7755019998,2
6000,113.55,0.7755230115,2
6000,113.6,0.7755440336,2
6000,113.65,0.7755650658,2
6000,113.7,0.7755861084,2
6000,113.75,0.7756071613,2
6000,113.8,0.7756282244,2
6000,113.85,0.7756492978,2
6000,113.9,0.7756703816,2
6000,113.95,0.7756914756,2
6000,114,0.7757125799,2
6000,114.05,0.7757336945,2
6000,114.1,0.7757548194,2
6000,114.15,0.7757759547,2
6000,114.2,0.7757971002,2
6000,114.25,0.7758182561,2
6000,114.3,0.7758394223,2
6000,114.35,0.7758605988,2
6000,114.4,0.7758817856,2
6000,114.45,0.7759029828,2
6000,114.5,0.7759241903,2
6000,114.55,0.7759454081,2
6000,114.6,0.7759666362,2
6000,114.65,0.7759878747,2
6000,114.7,0.7760091235,2
6000,114.75,0.7760303827,2
6000,114.8,0.7760516522,2
6000,114.85,0.7760729321,2
6000,114.9,0.7760942223,2
6000,114.95,0.7761155229,2
6000,115,0.7761368339,2
6000,115.05,0.7761581552,2
6000,115.1,0.7761794869,2
6000,115.15,0.7762008289,2
6000,115.2,0.7762221813,2
6000,115.25,0.7762435441,2
6000,115.3,0.7762649173,2
6000,115.35,0.7762863008,2
6000,115.4,0.7763076947,2
6000,115.45,0.776329099,2
6000,115.5,0.7763505137,2
6000,115.55,0.7763719388,2
6000,115.6,0.7763933743,2
6000,115.65,0.7764148202,2
6000,115.7,0.7764362765,2
6000,115.75,0.7764577432,2
6000,115.8,0.7764792203,2
6000,115.85,0.7765007078,2
6000,115.9,0.7765222057,2
6000,115.95,0.7765437141,2
6000,116,0.7765652328,2
6000,116.05,0.776586762,2
6000,116.1,0.7766083016,2
6000,116.15,0.7766298516,2
6000,116.2,0.7766514121,2
6000,116.25,0.776672983,2
6000,116.3,0.7766945643,2
6000,116.35,0.7767161561,2
6000,116.4,0.7767377583,2
6000,116.45,0.7767593709,2
6000,116.5,0.7767809941,2
6000,116.55,0.7768026276,2
6000,116.6,0.7768242716,2
6000,116.65,0.7768459261,2
6000,116.7,0.776867591,2
6000,116.75,0.7768892664,2
6000,116.8,0.7769109523,2
6000,116.85,0.7769326486,2
6000,116.9,0.7769543554,2
6000,116.95,0.7769760727,2
6000,117,0.7769978004,2
6000,117.05,0.7770195387,2
6000,117.1,0.7770412874,2
6000,117.15,0.7770630466,2
6000,117.2,0.7770848163,2
6000,117.25,0.7771065965,2
6000,117.3,0.7771283871,2
6000,117.35,0.7771501883,2
6000,117.4,0.777172,2
6000,117.45,0.7771938222,2
6000,117.5,0.7772156549,2
6000,117.55,0.7772374981,2
6000,117.6,0.7772593518,2
6000,117.65,0.777281216,2
6000,117.7,0.7773030908,2
6000,117.75,0.777324976,2
6000,117.8,0.7773468718,2
6000,117.85,0.7773687782,2
6000,117.9,0.777390695,2
6000,117.95,0.7774126224,2
6000,118,0.7774345603,2
6000,118.05,0.7774565088,2
6000,118.1,0.7774784678,2
6000,118.15,0.7775004374,2
6000,118.2,0.7775224175,2
6000,118.25,0.7775444081,2
6000,118.3,0.7775664093,2
6000,118.35,0.7775884211,2
6000,118.4,0.7776104434,2
6000,118.45,0.7776324763,2
6000,118.5,0.7776545198,2
6000,118.55,0.7776765738,2
6000,118.6,0.7776986384,2
6000,118.65,0.7777207135,2
6000,118.7,0.7777427993,2
6000,118.75,0.7777648956,2
6000,118.8,0.7777870025,2
6000,118.85,0.77780912,2
6000,118.9,0.7778312481,2
6000,118.95,0.7778533868,2
6000,119,0.7778755361,2
6000,119.05,0.7778976959,2
6000,119.1,0.7779198664,2
6000,119.15,0.7779420475,2
6000,119.2,0.7779642392,2
6000,119.25,0.7779864414,2
6000,119.3,0.7780086543,2
6000,119.35,0.7780308779,2
6000,119.4,0.778053112,2
6000,119.45,0.7780753568,2
6000,119.5,0.7780976122,2
6000,119.55,0.7781198782,2
6000,119.6,0.7781421548,2
6000,119.65,0.7781644421,2
6000,119.7,0.77818674,2
6000,119.75,0.7782090485,2
6000,119.8,0.7782313677,2
6000,119.85,0.7782536976,2
6000,119.9,0.778276038,2
6000,119.95,0.7782983892,2
6000,120,0.778320751,2
6000,120.05,0.7783431234,2
6000,120.1,0.7783655065,2
6000,120.15,0.7783879003,2
6000,120.2,0.7784103047,2
6000,120.25,0.7784327198,2
6000,120.3,0.7784551456,2
6000,120.35,0.778477582,2
6000,120.4,0.7785000291,2
6000,120.45,0.7785224869,2
6000,120.5,0.7785449554,2
6000,120.55,0.7785674345,2
6000,120.6,0.7785899244,2
6000,120.65,0.7786124249,2
6000,120.7,0.7786349362,2
6000,120.75,0.7786574581,2
6000,120.8,0.7786799907,2
6000,120.85,0.7787025341,2
6000,120.9,0.7787250881,2
6000,120.95,0.7787476529,2
6000,121,0.7787702283,2
6000,121.05,0.7787928145,2
6000,121.1,0.7788154114,2
6000,121.15,0.778838019,2
6000,121.2,0.7788606373,2
6000,121.25,0.7788832664,2
6000,121.3,0.7789059062,2
6000,121.35,0.7789285567,2
6000,121.4,0.7789512179,2
6000,121.45,0.7789738899,2
6000,121.5,0.7789965727,2
6000,121.55,0.7790192661,2
6000,121.6,0.7790419704,2
6000,121.65,0.7790646853,2
6000,121.7,0.779087411,2
6000,121.75,0.7791101475,2
6000,121.8,0.7791328947,2
6000,121.85,0.7791556527,2
6000,121.9,0.7791784215,2
6000,121.95,0.779201201,2
6000,122,0.7792239913,2
6000,122.05,0.7792467923,2
6000,122.1,0.7792696042,2
6000,122.15,0.7792924268,2
6000,122.2,0.7793152602,2
6000,122.25,0.7793381043,2
6000,122.3,0.7793609593,2
6000,122.35,0.779383825,2
6000,122.4,0.7794067016,2
6000,122.45,0.7794295889,2
6000,122.5,0.779452487,2
6000,122.55,0.779475396,2
6000,122.6,0.7794983157,2
6000,122.65,0.7795212463,2
6000,122.7,0.7795441876,2
6000,122.75,0.7795671398,2
6000,122.8,0.7795901027,2
6000,122.85,0.7796130765,2
6000,122.9,0.7796360611,2
6000,122.95,0.7796590566,2
6000,123,0.7796820628,2
6000,123.05,0.7797050799,2
6000,123.1,0.7797281078,2
6000,123.15,0.7797511466,2
6000,123.2,0.7797741962,2
6000,123.25,0.7797972566,2
6000,123.3,0.7798203279,2
6000,123.35,0.77984341,2
6000,123.4,0.779866503,2
6000,123.45,0.7798896068,2
6000,123.5,0.7799127215,2
6000,123.55,0.779935847,2
6000,123.6,0.7799589834,2
6000,123.65,0.7799821307,2
6000,123.7,0.7800052888,2
6000,123.75,0.7800284578,2
6000,123.8,0.7800516376,2
6000,123.85,0.7800748284,2
6000,123.9,0.78009803,2
6000,123.95,0.7801212425,2
6000,124,0.7801444659,2
6000,124.05,0.7801677001,2
6000,124.1,0.7801909453,2
6000,124.15,0.7802142013,2
6000,124.2,0.7802374682,2
6000,124.25,0.7802607461,2
6000,124.3,0.7802840348,2
6000,124.35,0.7803073344,2
6000,124.4,0.780330645,2
6000,124.45,0.7803539664,2
6000,124.5,0.7803772988,2
6000,124.55,0.780400642,2
6000,124.6,0.7804239962,2
6000,124.65,0.7804473613,2
6000,124.7,0.7804707374,2
6000,124.75,0.7804941243,2
6000,124.8,0.7805175222,2
6000,124.85,0.780540931,2
6000,124.9,0.7805643508,2
6000,124.95,0.7805877814,2
6000,125,0.7806112231,2
6000,125.05,0.7806346756,2
6000,125.1,0.7806581391,2
6000,125.15,0.7806816136,2
6000,125.2,0.780705099,2
6000,125.25,0.7807285954,2
6000,125.3,0.7807521027,2
6000,125.35,0.780775621,2
6000,125.4,0.7807991502,2
6000,125.45,0.7808226904,2
6000,125.5,0.7808462416,2
6000,125.55,0.7808698037,2
6000,125.6,0.7808933768,2
6000,125.65,0.7809169609,2
6000,125.7,0.780940556,2
6000,125.75,0.780964162,2
6000,125.8,0.780987779,2
6000,125.85,0.7810114071,2
6000,125.9,0.7810350461,2
6000,125.95,0.7810586961,2
6000,126,0.7810823571,2
6000,126.05,0.7811060291,2
6000,126.1,0.781129712,2
6000,126.15,0.781153406,2
6000,126.2,0.781177111,2
6000,126.25,0.7812008271,2
6000,126.3,0.7812245541,2
6000,126.35,0.7812482921,2
6000,126.4,0.7812720412,2
6000,126.45,0.7812958013,2
6000,126.5,0.7813195724,2
6000,126.55,0.7813433545,2
6000,126.6,0.7813671476,2
6000,126.65,0.7813909518,2
6000,126.7,0.7814147671,2
6000,126.75,0.7814385933,2
6000,126.8,0.7814624306,2
6000,126.85,0.781486279,2
6000,126.9,0.7815101383,2
6000,126.95,0.7815340088,2
6000,127,0.7815578903,2
6000,127.05,0.7815817828,2
6000,127.1,0.7816056864,2
6000,127.15,0.7816296011,2
6000,127.2,0.7816535268,2
6000,127.25,0.7816774636,2
6000,127.3,0.7817014114,2
6000,127.35,0.7817253703,2
6000,127.4,0.7817493403,2
6000,127.45,0.7817733214,2
6000,127.5,0.7817973135,2
6000,127.55,0.7818213168,2
6000,127.6,0.7818453311,2
6000,127.65,0.7818693565,2
6000,127.7,0.781893393,2
6000,127.75,0.7819174406,2
6000,127.8,0.7819414992,2
6000,127.85,0.781965569,2
6000,127.9,0.7819896499,2
6000,127.95,0.7820137419,2
6000,128,0.782037845,2
6000,128.05,0.7820619592,2
6000,128.1,0.7820860845,2
6000,128.15,0.7821102209,2
6000,128.2,0.7821343684,2
6000,128.25,0.7821585271,2
6000,128.3,0.7821826969,2
6000,128.35,0.7822068778,2
6000,128.4,0.7822310698,2
6000,128.45,0.782255273,2
6000,128.5,0.7822794873,2
6000,128.55,0.7823037127,2
6000,128.6,0.7823279493,2
6000,128.65,0.782352197,2
6000,128.7,0.7823764559,2
6000,128.75,0.7824007259,2
6000,128.8,0.782425007,2
6000,128.85,0.7824492994,2
6000,128.9,0.7824736028,2
6000,128.95,0.7824979175,2
6000,129,0.7825222433,2
6000,129.05,0.7825465802,2
6000,129.1,0.7825709283,2
6000,129.15,0.7825952876,2
6000,129.2,0.7826196581,2
6000,129.25,0.7826440397,2
6000,129.3,0.7826684325,2
6000,129.35,0.7826928365,2
6000,129.4,0.7827172517,2
6000,129.45,0.7827416781,2
6000,129.5,0.7827661156,2
6000,129.55,0.7827905644,2
6000,129.6,0.7828150243,2
6000,129.65,0.7828394954,2
6000,129.7,0.7828639778,2
6000,129.75,0.7828884713,2
6000,129.8,0.7829129761,2
6000,129.85,0.782937492,2
6000,129.9,0.7829620192,2
6000,129.95,0.7829865575,2
6000,130,0.7830111071,2
6000,130.05,0.7830356679,2
6000,130.1,0.78306024,2
6000,130.15,0.7830848232,2
6000,130.2,0.7831094177,2
6000,130.25,0.7831340234,2
6000,130.3,0.7831586403,2
6000,130.35,0.7831832685,2
6000,130.4,0.7832079079,2
6000,130.45,0.7832325586,2
6000,130.5,0.7832572205,2
6000,130.55,0.7832818936,2
6000,130.6,0.783306578,2
6000,130.65,0.7833312736,2
6000,130.7,0.7833559805,2
6000,130.75,0.7833806987,2
6000,130.8,0.7834054281,2
6000,130.85,0.7834301687,2
6000,130.9,0.7834549207,2
6000,130.95,0.7834796839,2
6000,131,0.7835044583,2
6000,131.05,0.7835292441,2
6000,131.1,0.7835540411,2
6000,131.15,0.7835788494,2
6000,131.2,0.783603669,2
6000,131.25,0.7836284998,2
6000,131.3,0.783653342,2
6000,131.35,0.7836781954,2
6000,131.4,0.7837030601,2
6000,131.45,0.7837279361,2
6000,131.5,0.7837528235,2
6000,131.55,0.7837777221,2
6000,131.6,0.783802632,2
6000,131.65,0.7838275532,2
6000,131.7,0.7838524857,2
6000,131.75,0.7838774296,2
6000,131.8,0.7839023847,2
6000,131.85,0.7839273512,2
6000,131.9,0.783952329,2
6000,131.95,0.7839773181,2
6000,132,0.7840023185,2
6000,132.05,0.7840273303,2
6000,132.1,0.7840523533,2
6000,132.15,0.7840773878,2
6000,132.2,0.7841024335,2
6000,132.25,0.7841274906,2
6000,132.3,0.784152559,2
6000,132.35,0.7841776388,2
6000,132.4,0.7842027299,2
6000,132.45,0.7842278323,2
6000,132.5,0.7842529462,2
6000,132.55,0.7842780713,2
6000,132.6,0.7843032078,2
6000,132.65,0.7843283557,2
6000,132.7,0.7843535149,2
6000,132.75,0.7843786855,2
6000,132.8,0.7844038675,2
6000,132.85,0.7844290608,2
6000,132.9,0.7844542655,2
6000,132.95,0.7844794816,2
6000,133,0.7845047091,2
6000,133.05,0.7845299479,2
6000,133.1,0.7845551981,2
6000,133.15,0.7845804597,2
6000,133.2,0.7846057327,2
6000,133.25,0.7846310171,2
6000,133.3,0.7846563128,2
6000,133.35,0.78468162,2
6000,133.4,0.7847069386,2
6000,133.45,0.7847322685,2
6000,133.5,0.7847576099,2
6000,133.55,0.7847829627,2
6000,133.6,0.7848083268,2
6000,133.65,0.7848337024,2
6000,133.7,0.7848590894,2
6000,133.75,0.7848844878,2
6000,133.8,0.7849098977,2
6000,133.85,0.7849353189,2
6000,133.9,0.7849607516,2
6000,133.95,0.7849861957,2
6000,134,0.7850116513,2
6000,134.05,0.7850371182,2
6000,134.1,0.7850625966,2
6000,134.15,0.7850880865,2
6000,134.2,0.7851135878,2
6000,134.25,0.7851391005,2
6000,134.3,0.7851646247,2
6000,134.35,0.7851901603,2
6000,134.4,0.7852157073,2
6000,134.45,0.7852412659,2
6000,134.5,0.7852668358,2
6000,134.55,0.7852924173,2
6000,134.6,0.7853180102,2
6000,134.65,0.7853436145,2
6000,134.7,0.7853692303,2
6000,134.75,0.7853948576,2
6000,134.8,0.7854204964,2
6000,134.85,0.7854461466,2
6000,134.9,0.7854718083,2
6000,134.95,0.7854974815,2
6000,135,0.7855231662,2
6000,135.05,0.7855488623,2
6000,135.1,0.78557457,2
6000,135.15,0.7856002891,2
6000,135.2,0.7856260197,2
6000,135.25,0.7856517618,2
6000,135.3,0.7856775155,2
6000,135.35,0.7857032806,2
6000,135.4,0.7857290572,2
6000,135.45,0.7857548453,2
6000,135.5,0.7857806449,2
6000,135.55,0.7858064561,2
6000,135.6,0.7858322787,2
6000,135.65,0.7858581129,2
6000,135.7,0.7858839586,2
6000,135.75,0.7859098158,2
6000,135.8,0.7859356845,2
6000,135.85,0.7859615647,2
6000,135.9,0.7859874565,2
6000,135.95,0.7860133598,2
6000,136,0.7860392747,2
6000,136.05,0.786065201,2
6000,136.1,0.7860911389,2
6000,136.15,0.7861170884,2
6000,136.2,0.7861430494,2
6000,136.25,0.7861690219,2
6000,136.3,0.786195006,2
6000,136.35,0.7862210017,2
6000,136.4,0.7862470089,2
6000,136.45,0.7862730276,2
6000,136.5,0.786299058,2
6000,136.55,0.7863250998,2
6000,136.6,0.7863511533,2
6000,136.65,0.7863772183,2
6000,136.7,0.7864032948,2
6000,136.75,0.786429383,2
6000,136.8,0.7864554827,2
6000,136.85,0.786481594,2
6000,136.9,0.7865077169,2
6000,136.95,0.7865338513,2
6000,137,0.7865599974,2
6000,137.05,0.786586155,2
6000,137.1,0.7866123242,2
6000,137.15,0.786638505,2
6000,137.2,0.7866646974,2
6000,137.25,0.7866909014,2
6000,137.3,0.786717117,2
6000,137.35,0.7867433442,2
6000,137.4,0.786769583,2
6000,137.45,0.7867958335,2
6000,137.5,0.7868220955,2
6000,137.55,0.7868483691,2
6000,137.6,0.7868746544,2
6000,137.65,0.7869009512,2
6000,137.7,0.7869272597,2
6000,137.75,0.7869535798,2
6000,137.8,0.7869799116,2
6000,137.85,0.7870062549,2
6000,137.9,0.7870326099,2
6000,137.95,0.7870589765,2
6000,138,0.7870853548,2
6000,138.05,0.7871117447,2
6000,138.1,0.7871381462,2
6000,138.15,0.7871645594,2
6000,138.2,0.7871909842,2
6000,138.25,0.7872174207,2
6000,138.3,0.7872438688,2
6000,138.35,0.7872703286,2
6000,138.4,0.7872968,2
6000,138.45,0.7873232831,2
6000,138.5,0.7873497779,2
6000,138.55,0.7873762843,2
6000,138.6,0.7874028023,2
6000,138.65,0.7874293321,2
6000,138.7,0.7874558735,2
6000,138.75,0.7874824266,2
6000,138.8,0.7875089913,2
6000,138.85,0.7875355678,2
6000,138.9,0.7875621559,2
6000,138.95,0.7875887557,2
6000,139,0.7876153672,2
6000,139.05,0.7876419903,2
6000,139.1,0.7876686252,2
6000,139.15,0.7876952718,2
6000,139.2,0.78772193,2
6000,139.25,0.7877486,2
6000,139.3,0.7877752816,2
6000,139.35,0.787801975,2
6000,139.4,0.78782868,2
6000,139.45,0.7878553968,2
6000,139.5,0.7878821252,2
6000,139.55,0.7879088654,2
6000,139.6,0.7879356173,2
6000,139.65,0.787962381,2
6000,139.7,0.7879891563,2
6000,139.75,0.7880159433,2
6000,139.8,0.7880427421,2
6000,139.85,0.7880695526,2
6000,139.9,0.7880963749,2
6000,139.95,0.7881232089,2
6000,140,0.7881500546,2
6000,140.05,0.788176912,2
6000,140.1,0.7882037812,2
6000,140.15,0.7882306621,2
6000,140.2,0.7882575548,2
6000,140.25,0.7882844592,2
6000,140.3,0.7883113754,2
6000,140.35,0.7883383033,2
6000,140.4,0.788365243,2
6000,140.45,0.7883921944,2
6000,140.5,0.7884191576,2
6000,140.55,0.7884461325,2
6000,140.6,0.7884731193,2
6000,140.65,0.7885001177,2
6000,140.7,0.788527128,2
6000,140.75,0.78855415,2
6000,140.8,0.7885811838,2
6000,140.85,0.7886082294,2
6000,140.9,0.7886352867,2
6000,140.95,0.7886623559,2
6000,141,0.7886894368,2
6000,141.05,0.7887165295,2
6000,141.1,0.788743634,2
6000,141.15,0.7887707503,2
6000,141.2,0.7887978783,2
6000,141.25,0.7888250182,2
6000,141.3,0.7888521699,2
6000,141.35,0.7888793333,2
6000,141.4,0.7889065086,2
6000,141.45,0.7889336957,2
6000,141.5,0.7889608946,2
6000,141.55,0.7889881053,2
6000,141.6,0.7890153278,2
6000,141.65,0.7890425621,2
6000,141.7,0.7890698083,2
6000,141.75,0.7890970662,2
6000,141.8,0.789124336,2
6000,141.85,0.7891516176,2
6000,141.9,0.7891789111,2
6000,141.95,0.7892062163,2
6000,142,0.7892335334,2
6000,142.05,0.7892608624,2
6000,142.1,0.7892882031,2
6000,142.15,0.7893155557,2
6000,142.2,0.7893429202,2
6000,142.25,0.7893702965,2
6000,142.3,0.7893976846,2
6000,142.35,0.7894250846,2
6000,142.4,0.7894524965,2
6000,142.45,0.7894799202,2
6000,142.5,0.7895073557,2
6000,142.55,0.7895348031,2
6000,142.6,0.7895622624,2
6000,142.65,0.7895897336,2
6000,142.7,0.7896172166,2
6000,142.75,0.7896447114,2
6000,142.8,0.7896722182,2
6000,142.85,0.7896997368,2
6000,142.9,0.7897272673,2
6000,142.95,0.7897548096,2
6000,143,0.7897823639,2
6000,143.05,0.78980993,2
6000,143.1,0.789837508,2
6000,143.15,0.7898650979,2
6000,143.2,0.7898926997,2
6000,143.25,0.7899203134,2
6000,143.3,0.789947939,2
6000,143.35,0.7899755765,2
6000,143.4,0.7900032258,2
6000,143.45,0.7900308871,2
6000,143.5,0.7900585603,2
6000,143.55,0.7900862454,2
6000,143.6,0.7901139424,2
6000,143.65,0.7901416513,2
6000,143.7,0.7901693721,2
6000,143.75,0.7901971048,2
6000,143.8,0.7902248495,2
6000,143.85,0.790252606,2
6000,143.9,0.7902803745,2
6000,143.95,0.7903081549,2
6000,144,0.7903359473,2
6000,144.05,0.7903637516,2
6000,144.1,0.7903915678,2
6000,144.15,0.7904193959,2
6000,144.2,0.790447236,2
6000,144.25,0.790475088,2
6000,144.3,0.790502952,2
6000,144.35,0.7905308279,2
6000,144.4,0.7905587157,2
6000,144.45,0.7905866155,2
6000,144.5,0.7906145272,2
6000,144.55,0.7906424509,2
6000,144.6,0.7906703866,2
6000,144.65,0.7906983342,2
6000,144.7,0.7907262938,2
6000,144.75,0.7907542653,2
6000,144.8,0.7907822488,2
6000,144.85,0.7908102443,2
6000,144.9,0.7908382517,2
6000,144.95,0.7908662711,2
6000,145,0.7908943025,2
6000,145.05,0.7909223459,2
6000,145.1,0.7909504012,2
6000,145.15,0.7909784685,2
6000,145.2,0.7910065478,2
6000,145.25,0.7910346391,2
6000,145.3,0.7910627424,2
6000,145.35,0.7910908577,2
6000,145.4,0.7911189849,2
6000,145.45,0.7911471242,2
6000,145.5,0.7911752754,2
6000,145.55,0.7912034387,2
6000,145.6,0.7912316139,2
6000,145.65,0.7912598012,2
6000,145.7,0.7912880004,2
6000,145.75,0.7913162117,2
6000,145.8,0.791344435,2
6000,145.85,0.7913726703,2
6000,145.9,0.7914009176,2
6000,145.95,0.7914291769,2
6000,146,0.7914574483,2
6000,146.05,0.7914857316,2
6000,146.1,0.791514027,2
6000,146.15,0.7915423344,2
6000,146.2,0.7915706539,2
6000,146.25,0.7915989854,2
6000,146.3,0.7916273289,2
6000,146.35,0.7916556844,2
6000,146.4,0.791684052,2
6000,146.45,0.7917124317,2
6000,146.5,0.7917408233,2
6000,146.55,0.791769227,2
6000,146.6,0.7917976428,2
6000,146.65,0.7918260706,2
6000,146.7,0.7918545105,2
6000,146.75,0.7918829624,2
6000,146.8,0.7919114264,2
6000,146.85,0.7919399024,2
6000,146.9,0.7919683905,2
6000,146.95,0.7919968907,2
6000,147,0.7920254029,2
6000,147.05,0.7920539272,2
6000,147.1,0.7920824636,2
6000,147.15,0.792111012,2
6000,147.2,0.7921395725,2
6000,147.25,0.7921681451,2
6000,147.3,0.7921967298,2
6000,147.35,0.7922253265,2
6000,147.4,0.7922539353,2
6000,147.45,0.7922825563,2
6000,147.5,0.7923111893,2
6000,147.55,0.7923398343,2
6000,147.6,0.7923684915,2
6000,147.65,0.7923971608,2
6000,147.7,0.7924258422,2
6000,147.75,0.7924545357,2
6000,147.8,0.7924832412,2
6000,147.85,0.7925119589,2
6000,147.9,0.7925406887,2
6000,147.95,0.7925694306,2
6000,148,0.7925981846,2
6000,148.05,0.7926269507,2
6000,148.1,0.792655729,2
6000,148.15,0.7926845193,2
6000,148.2,0.7927133218,2
6000,148.25,0.7927421364,2
6000,148.3,0.7927709631,2
6000,148.35,0.7927998019,2
6000,148.4,0.7928286529,2
6000,148.45,0.792857516,2
6000,148.5,0.7928863912,2
6000,148.55,0.7929152786,2
6000,148.6,0.7929441781,2
6000,148.65,0.7929730897,2
6000,148.7,0.7930020135,2
6000,148.75,0.7930309494,2
6000,148.8,0.7930598975,2
6000,148.85,0.7930888577,2
6000,148.9,0.7931178301,2
6000,148.95,0.7931468146,2
6000,149,0.7931758113,2
6000,149.05,0.7932048201,2
6000,149.1,0.7932338411,2
6000,149.15,0.7932628742,2
6000,149.2,0.7932919196,2
6000,149.25,0.793320977,2
6000,149.3,0.7933500467,2
6000,149.35,0.7933791285,2
6000,149.4,0.7934082225,2
6000,149.45,0.7934373286,2
6000,149.5,0.793466447,2
6000,149.55,0.7934955775,2
6000,149.6,0.7935247202,2
6000,149.65,0.7935538751,2
6000,149.7,0.7935830421,2
6000,149.75,0.7936122214,2
6000,149.8,0.7936414128,2
6000,149.85,0.7936706164,2
6000,149.9,0.7936998323,2
6000,149.95,0.7937290603,2
6000,150,0.7937583005,2
6000,150.05,0.7937875529,2
6000,150.1,0.7938168175,2
6000,150.15,0.7938460944,2
6000,150.2,0.7938753834,2
6000,150.25,0.7939046846,2
6000,150.3,0.7939339981,2
6000,150.35,0.7939633237,2
6000,150.4,0.7939926616,2
6000,150.45,0.7940220117,2
6000,150.5,0.794051374,2
6000,150.55,0.7940807486,2
6000,150.6,0.7941101353,2
6000,150.65,0.7941395343,2
6000,150.7,0.7941689455,2
6000,150.75,0.7941983689,2
6000,150.8,0.7942278046,2
6000,150.85,0.7942572525,2
6000,150.9,0.7942867127,2
6000,150.95,0.794316185,2
6000,151,0.7943456697,2
6000,151.05,0.7943751665,2
6000,151.1,0.7944046756,2
6000,151.15,0.794434197,2
6000,151.2,0.7944637306,2
6000,151.25,0.7944932765,2
6000,151.3,0.7945228346,2
6000,151.35,0.7945524049,2
6000,151.4,0.7945819876,2
6000,151.45,0.7946115824,2
6000,151.5,0.7946411896,2
6000,151.55,0.794670809,2
6000,151.6,0.7947004407,2
6000,151.65,0.7947300846,2
6000,151.7,0.7947597408,2
6000,151.75,0.7947894093,2
6000,151.8,0.79481909,2
6000,151.85,0.7948487831,2
6000,151.9,0.7948784884,2
6000,151.95,0.794908206,2
6000,152,0.7949379358,2
6000,152.05,0.794967678,2
6000,152.1,0.7949974325,2
6000,152.15,0.7950271992,2
6000,152.2,0.7950569782,2
6000,152.25,0.7950867695,2
6000,152.3,0.7951165731,2
6000,152.35,0.795146389,2
6000,152.4,0.7951762173,2
6000,152.45,0.7952060578,2
6000,152.5,0.7952359106,2
6000,152.55,0.7952657757,2
6000,152.6,0.7952956531,2
6000,152.65,0.7953255429,2
6000,152.7,0.7953554449,2
6000,152.75,0.7953853593,2
6000,152.8,0.7954152859,2
6000,152.85,0.7954452249,2
6000,152.9,0.7954751762,2
6000,152.95,0.7955051399,2
6000,153,0.7955351158,2
6000,153.05,0.7955651041,2
6000,153.1,0.7955951047,2
6000,153.15,0.7956251177,2
6000,153.2,0.795655143,2
6000,153.25,0.7956851806,2
6000,153.3,0.7957152305,2
6000,153.35,0.7957452928,2
6000,153.4,0.7957753674,2
6000,153.45,0.7958054544,2
6000,153.5,0.7958355537,2
6000,153.55,0.7958656654,2
6000,153.6,0.7958957894,2
6000,153.65,0.7959259257,2
6000,153.7,0.7959560744,2
6000,153.75,0.7959862355,2
6000,153.8,0.7960164089,2
6000,153.85,0.7960465947,2
6000,153.9,0.7960767928,2
6000,153.95,0.7961070033,2
6000,154,0.7961372262,2
6000,154.05,0.7961674614,2
6000,154.1,0.796197709,2
6000,154.15,0.796227969,2
6000,154.2,0.7962582413,2
6000,154.25,0.796288526,2
6000,154.3,0.7963188231,2
6000,154.35,0.7963491326,2
6000,154.4,0.7963794544,2
6000,154.45,0.7964097887,2
6000,154.5,0.7964401353,2
6000,154.55,0.7964704943,2
6000,154.6,0.7965008657,2
6000,154.65,0.7965312495,2
6000,154.7,0.7965616456,2
6000,154.75,0.7965920542,2
6000,154.8,0.7966224752,2
6000,154.85,0.7966529085,2
6000,154.9,0.7966833543,2
6000,154.95,0.7967138125,2
6000,155,0.796744283,2
6000,155.05,0.796774766,2
6000,155.1,0.7968052614,2
6000,155.15,0.7968357692,2
6000,155.2,0.7968662894,2
6000,155.25,0.796896822,2
6000,155.3,0.7969273671,2
6000,155.35,0.7969579245,2
6000,155.4,0.7969884944,2
6000,155.45,0.7970190767,2
6000,155.5,0.7970496714,2
6000,155.55,0.7970802786,2
6000,155.6,0.7971108982,2
6000,155.65,0.7971415302,2
6000,155.7,0.7971721746,2
6000,155.75,0.7972028315,2
6000,155.8,0.7972335008,2
6000,155.85,0.7972641825,2
6000,155.9,0.7972948767,2
6000,155.95,0.7973255833,2
6000,156,0.7973563024,2
6000,156.05,0.7973870339,2
6000,156.1,0.7974177779,2
6000,156.15,0.7974485343,2
6000,156.2,0.7974793031,2
6000,156.25,0.7975100845,2
6000,156.3,0.7975408782,2
6000,156.35,0.7975716845,2
6000,156.4,0.7976025031,2
6000,156.45,0.7976333343,2
6000,156.5,0.7976641779,2
6000,156.55,0.797695034,2
6000,156.6,0.7977259025,2
6000,156.65,0.7977567835,2
6000,156.7,0.797787677,2
6000,156.75,0.7978185829,2
6000,156.8,0.7978495014,2
6000,156.85,0.7978804323,2
6000,156.9,0.7979113757,2
6000,156.95,0.7979423315,2
6000,157,0.7979732999,2
6000,157.05,0.7980042807,2
6000,157.1,0.798035274,2
6000,157.15,0.7980662798,2
6000,157.2,0.7980972981,2
6000,157.25,0.7981283288,2
6000,157.3,0.7981593721,2
6000,157.35,0.7981904279,2
6000,157.4,0.7982214961,2
6000,157.45,0.7982525769,2
6000,157.5,0.7982836702,2
6000,157.55,0.7983147759,2
6000,157.6,0.7983458942,2
6000,157.65,0.798377025,2
6000,157.7,0.7984081683,2
6000,157.75,0.798439324,2
6000,157.8,0.7984704924,2
6000,157.85,0.7985016732,2
6000,157.9,0.7985328665,2
6000,157.95,0.7985640724,2
6000,158,0.7985952907,2
6000,158.05,0.7986265216,2
6000,158.1,0.798657765,2
6000,158.15,0.798689021,2
6000,158.2,0.7987202894,2
6000,158.25,0.7987515704,2
6000,158.3,0.798782864,2
6000,158.35,0.79881417,2
6000,158.4,0.7988454886,2
6000,158.45,0.7988768197,2
6000,158.5,0.7989081634,2
6000,158.55,0.7989395196,2
6000,158.6,0.7989708883,2
6000,158.65,0.7990022696,2
6000,158.7,0.7990336635,2
6000,158.75,0.7990650698,2
6000,158.8,0.7990964888,2
6000,158.85,0.7991279203,2
6000,158.9,0.7991593643,2
6000,158.95,0.7991908209,2
6000,159,0.79922229,2
6000,159.05,0.7992537717,2
6000,159.1,0.799285266,2
6000,159.15,0.7993167728,2
6000,159.2,0.7993482922,2
6000,159.25,0.7993798241,2
6000,159.3,0.7994113686,2
6000,159.35,0.7994429257,2
6000,159.4,0.7994744954,2
6000,159.45,0.7995060776,2
6000,159.5,0.7995376724,2
6000,159.55,0.7995692798,2
6000,159.6,0.7996008997,2
6000,159.65,0.7996325323,2
6000,159.7,0.7996641774,2
6000,159.75,0.7996958351,2
6000,159.8,0.7997275054,2
6000,159.85,0.7997591883,2
6000,159.9,0.7997908837,2
6000,159.95,0.7998225918,2
6000,160,0.7998543124,2
6000,160.05,0.7998860456,2
6000,160.1,0.7999177915,2
6000,160.15,0.7999495499,2
6000,160.2,0.7999813209,2
6000,160.25,0.8000131046,2
6000,160.3,0.8000449008,2
6000,160.35,0.8000767096,2
6000,160.4,0.8001085311,2
6000,160.45,0.8001403651,2
6000,160.5,0.8001722118,2
6000,160.55,0.800204071,2
6000,160.6,0.8002359429,2
6000,160.65,0.8002678274,2
6000,160.7,0.8002997245,2
6000,160.75,0.8003316343,2
6000,160.8,0.8003635566,2
6000,160.85,0.8003954916,2
6000,160.9,0.8004274392,2
6000,160.95,0.8004593994,2
6000,161,0.8004913723,2
6000,161.05,0.8005233577,2
6000,161.1,0.8005553558,2
6000,161.15,0.8005873666,2
6000,161.2,0.80061939,2
6000,161.25,0.800651426,2
6000,161.3,0.8006834746,2
6000,161.35,0.8007155359,2
6000,161.4,0.8007476098,2
6000,161.45,0.8007796964,2
6000,161.5,0.8008117956,2
6000,161.55,0.8008439075,2
6000,161.6,0.800876032,2
6000,161.65,0.8009081692,2
6000,161.7,0.800940319,2
6000,161.75,0.8009724814,2
6000,161.8,0.8010046566,2
6000,161.85,0.8010368443,2
6000,161.9,0.8010690448,2
6000,161.95,0.8011012579,2
6000,162,0.8011334836,2
6000,162.05,0.801165722,2
6000,162.1,0.8011979731,2
6000,162.15,0.8012302369,2
6000,162.2,0.8012625133,2
6000,162.25,0.8012948024,2
6000,162.3,0.8013271041,2
6000,162.35,0.8013594185,2
6000,162.4,0.8013917456,2
6000,162.45,0.8014240854,2
6000,162.5,0.8014564379,2
6000,162.55,0.801488803,2
6000,162.6,0.8015211809,2
6000,162.65,0.8015535714,2
6000,162.7,0.8015859745,2
6000,162.75,0.8016183904,2
6000,162.8,0.801650819,2
6000,162.85,0.8016832602,2
6000,162.9,0.8017157142,2
6000,162.95,0.8017481808,2
6000,163,0.8017806602,2
6000,163.05,0.8018131522,2
6000,163.1,0.8018456569,2
6000,163.15,0.8018781743,2
6000,163.2,0.8019107045,2
6000,163.25,0.8019432473,2
6000,163.3,0.8019758028,2
6000,163.35,0.8020083711,2
6000,163.4,0.802040952,2
6000,163.45,0.8020735457,2
6000,163.5,0.8021061521,2
6000,163.55,0.8021387711,2
6000,163.6,0.8021714029,2
6000,163.65,0.8022040475,2
6000,163.7,0.8022367047,2
6000,163.75,0.8022693746,2
6000,163.8,0.8023020573,2
6000,163.85,0.8023347527,2
6000,163.9,0.8023674608,2
6000,163.95,0.8024001817,2
6000,164,0.8024329152,2
6000,164.05,0.8024656615,2
6000,164.1,0.8024984206,2
6000,164.15,0.8025311923,2
6000,164.2,0.8025639768,2
6000,164.25,0.8025967741,2
6000,164.3,0.802629584,2
6000,164.35,0.8026624068,2
6000,164.4,0.8026952422,2
6000,164.45,0.8027280904,2
6000,164.5,0.8027609513,2
6000,164.55,0.802793825,2
6000,164.6,0.8028267114,2
6000,164.65,0.8028596106,2
6000,164.7,0.8028925225,2
6000,164.75,0.8029254472,2
6000,164.8,0.8029583846,2
6000,164.85,0.8029913348,2
6000,164.9,0.8030242978,2
6000,164.95,0.8030572734,2
6000,165,0.8030902619,2
6000,165.05,0.8031232631,2
6000,165.1,0.8031562771,2
6000,165.15,0.8031893038,2
6000,165.2,0.8032223433,2
6000,165.25,0.8032553956,2
6000,165.3,0.8032884607,2
6000,165.35,0.8033215385,2
6000,165.4,0.803354629,2
6000,165.45,0.8033877324,2
6000,165.5,0.8034208485,2
6000,165.55,0.8034539774,2
6000,165.6,0.8034871191,2
6000,165.65,0.8035202736,2
6000,165.7,0.8035534408,2
6000,165.75,0.8035866209,2
6000,165.8,0.8036198137,2
6000,165.85,0.8036530193,2
6000,165.9,0.8036862376,2
6000,165.95,0.8037194688,2
6000,166,0.8037527128,2
6000,166.05,0.8037859695,2
6000,166.1,0.8038192391,2
6000,166.15,0.8038525214,2
6000,166.2,0.8038858165,2
6000,166.25,0.8039191245,2
6000,166.3,0.8039524452,2
6000,166.35,0.8039857787,2
6000,166.4,0.8040191251,2
6000,166.45,0.8040524842,2
6000,166.5,0.8040858562,2
6000,166.55,0.8041192409,2
6000,166.6,0.8041526385,2
6000,166.65,0.8041860488,2
6000,166.7,0.804219472,2
6000,166.75,0.804252908,2
6000,166.8,0.8042863568,2
6000,166.85,0.8043198184,2
6000,166.9,0.8043532929,2
6000,166.95,0.8043867801,2
6000,167,0.8044202802,2
6000,167.05,0.8044537931,2
6000,167.1,0.8044873188,2
6000,167.15,0.8045208573,2
6000,167.2,0.8045544087,2
6000,167.25,0.8045879729,2
6000,167.3,0.8046215499,2
6000,167.35,0.8046551398,2
6000,167.4,0.8046887425,2
6000,167.45,0.804722358,2
6000,167.5,0.8047559863,2
6000,167.55,0.8047896275,2
6000,167.6,0.8048232815,2
6000,167.65,0.8048569484,2
6000,167.7,0.8048906281,2
6000,167.75,0.8049243206,2
6000,167.8,0.804958026,2
6000,167.85,0.8049917443,2
6000,167.9,0.8050254753,2
6000,167.95,0.8050592193,2
6000,168,0.805092976,2
6000,168.05,0.8051267457,2
6000,168.1,0.8051605282,2
6000,168.15,0.8051943235,2
6000,168.2,0.8052281317,2
6000,168.25,0.8052619527,2
6000,168.3,0.8052957866,2
6000,168.35,0.8053296334,2
6000,168.4,0.805363493,2
6000,168.45,0.8053973655,2
6000,168.5,0.8054312508,2
6000,168.55,0.805465149,2
6000,168.6,0.8054990601,2
6000,168.65,0.805532984,2
6000,168.7,0.8055669208,2
6000,168.75,0.8056008705,2
6000,168.8,0.805634833,2
6000,168.85,0.8056688085,2
6000,168.9,0.8057027968,2
6000,168.95,0.8057367979,2
6000,169,0.805770812,2
6000,169.05,0.8058048389,2
6000,169.1,0.8058388787,2
6000,169.15,0.8058729314,2
6000,169.2,0.8059069969,2
6000,169.25,0.8059410754,2
6000,169.3,0.8059751667,2
6000,169.35,0.806009271,2
6000,169.4,0.8060433881,2
6000,169.45,0.8060775181,2
6000,169.5,0.806111661,2
6000,169.55,0.8061458167,2
6000,169.6,0.8061799854,2
6000,169.65,0.806214167,2
6000,169.7,0.8062483615,2
6000,169.75,0.8062825688,2
6000,169.8,0.8063167891,2
6000,169.85,0.8063510222,2
6000,169.9,0.8063852683,2
6000,169.95,0.8064195273,2
6000,170,0.8064537991,2
6000,170.05,0.8064880839,2
6000,170.1,0.8065223816,2
6000,170.15,0.8065566922,2
6000,170.2,0.8065910157,2
6000,170.25,0.8066253521,2
6000,170.3,0.8066597014,2
6000,170.35,0.8066940636,2
6000,170.4,0.8067284388,2
6000,170.45,0.8067628269,2
6000,170.5,0.8067972278,2
6000,170.55,0.8068316417,2
6000,170.6,0.8068660686,2
6000,170.65,0.8069005083,2
6000,170.7,0.806934961,2
6000,170.75,0.8069694265,2
6000,170.8,0.8070039051,2
6000,170.85,0.8070383965,2
6000,170.9,0.8070729009,2
6000,170.95,0.8071074182,2
6000,171,0.8071419484,2
6000,171.05,0.8071764915,2
6000,171.1,0.8072110476,2
6000,171.15,0.8072456166,2
6000,171.2,0.8072801986,2
6000,171.25,0.8073147935,2
6000,171.3,0.8073494013,2
6000,171.35,0.8073840221,2
6000,171.4,0.8074186558,2
6000,171.45,0.8074533025,2
6000,171.5,0.8074879621,2
6000,171.55,0.8075226346,2
6000,171.6,0.8075573201,2
6000,171.65,0.8075920185,2
6000,171.7,0.8076267299,2
6000,171.75,0.8076614542,2
6000,171.8,0.8076961915,2
6000,171.85,0.8077309417,2
6000,171.9,0.8077657049,2
6000,171.95,0.807800481,2
6000,172,0.8078352701,2
6000,172.05,0.8078700722,2
6000,172.1,0.8079048872,2
6000,172.15,0.8079397152,2
6000,172.2,0.8079745561,2
6000,172.25,0.80800941,2
6000,172.3,0.8080442768,2
6000,172.35,0.8080791566,2
6000,172.4,0.8081140494,2
6000,172.45,0.8081489552,2
6000,172.5,0.8081838739,2
6000,172.55,0.8082188056,2
6000,172.6,0.8082537502,2
6000,172.65,0.8082887078,2
6000,172.7,0.8083236784,2
6000,172.75,0.808358662,2
6000,172.8,0.8083936585,2
6000,172.85,0.8084286681,2
6000,172.9,0.8084636905,2
6000,172.95,0.808498726,2
6000,173,0.8085337745,2
6000,173.05,0.8085688359,2
6000,173.1,0.8086039103,2
6000,173.15,0.8086389977,2
6000,173.2,0.8086740981,2
6000,173.25,0.8087092115,2
6000,173.3,0.8087443378,2
6000,173.35,0.8087794772,2
6000,173.4,0.8088146295,2
6000,173.45,0.8088497948,2
6000,173.5,0.8088849731,2
6000,173.55,0.8089201644,2
6000,173.6,0.8089553687,2
6000,173.65,0.808990586,2
6000,173.7,0.8090258163,2
6000,173.75,0.8090610596,2
6000,173.8,0.8090963159,2
6000,173.85,0.8091315852,2
6000,173.9,0.8091668675,2
6000,173.95,0.8092021628,2
6000,174,0.809237471,2
6000,174.05,0.8092727923,2
6000,174.1,0.8093081266,2
6000,174.15,0.8093434739,2
6000,174.2,0.8093788342,2
6000,174.25,0.8094142076,2
6000,174.3,0.8094495939,2
6000,174.35,0.8094849932,2
6000,174.4,0.8095204056,2
6000,174.45,0.8095558309,2
6000,174.5,0.8095912693,2
6000,174.55,0.8096267207,2
6000,174.6,0.8096621851,2
6000,174.65,0.8096976625,2
6000,174.7,0.809733153,2
6000,174.75,0.8097686565,2
6000,174.8,0.8098041729,2
6000,174.85,0.8098397024,2
6000,174.9,0.809875245,2
6000,174.95,0.8099108005,2
6000,175,0.8099463691,2
6000,175.05,0.8099819507,2
6000,175.1,0.8100175453,2
6000,175.15,0.810053153,2
6000,175.2,0.8100887737,2
6000,175.25,0.8101244074,2
6000,175.3,0.8101600541,2
6000,175.35,0.8101957139,2
6000,175.4,0.8102313867,2
6000,175.45,0.8102670726,2
6000,175.5,0.8103027715,2
6000,175.55,0.8103384834,2
6000,175.6,0.8103742083,2
6000,175.65,0.8104099463,2
6000,175.7,0.8104456974,2
6000,175.75,0.8104814615,2
6000,175.8,0.8105172386,2
6000,175.85,0.8105530287,2
6000,175.9,0.810588832,2
6000,175.95,0.8106246482,2
6000,176,0.8106604775,2
6000,176.05,0.8106963198,2
6000,176.1,0.8107321752,2
6000,176.15,0.8107680437,2
6000,176.2,0.8108039252,2
6000,176.25,0.8108398197,2
6000,176.3,0.8108757273,2
6000,176.35,0.810911648,2
6000,176.4,0.8109475817,2
6000,176.45,0.8109835284,2
6000,176.5,0.8110194882,2
6000,176.55,0.8110554611,2
6000,176.6,0.811091447,2
6000,176.65,0.811127446,2
6000,176.7,0.8111634581,2
6000,176.75,0.8111994832,2
6000,176.8,0.8112355214,2
6000,176.85,0.8112715726,2
6000,176.9,0.8113076369,2
6000,176.95,0.8113437143,2
6000,177,0.8113798047,2
6000,177.05,0.8114159082,2
6000,177.1,0.8114520248,2
6000,177.15,0.8114881544,2
6000,177.2,0.8115242971,2
6000,177.25,0.8115604529,2
6000,177.3,0.8115966217,2
6000,177.35,0.8116328037,2
6000,177.4,0.8116689987,2
6000,177.45,0.8117052067,2
6000,177.5,0.8117414279,2
6000,177.55,0.8117776621,2
6000,177.6,0.8118139094,2
6000,177.65,0.8118501698,2
6000,177.7,0.8118864432,2
6000,177.75,0.8119227298,2
6000,177.8,0.8119590294,2
6000,177.85,0.8119953421,2
6000,177.9,0.8120316679,2
6000,177.95,0.8120680068,2
6000,178,0.8121043587,2
6000,178.05,0.8121407238,2
6000,178.1,0.8121771019,2
6000,178.15,0.8122134931,2
6000,178.2,0.8122498974,2
6000,178.25,0.8122863148,2
6000,178.3,0.8123227453,2
6000,178.35,0.8123591889,2
6000,178.4,0.8123956456,2
6000,178.45,0.8124321153,2
6000,178.5,0.8124685982,2
6000,178.55,0.8125050941,2
6000,178.6,0.8125416032,2
6000,178.65,0.8125781253,2
6000,178.7,0.8126146606,2
6000,178.75,0.8126512089,2
6000,178.8,0.8126877704,2
6000,178.85,0.8127243449,2
6000,178.9,0.8127609326,2
6000,178.95,0.8127975333,2
6000,179,0.8128341472,2
6000,179.05,0.8128707741,2
6000,179.1,0.8129074142,2
6000,179.15,0.8129440674,2
6000,179.2,0.8129807336,2
6000,179.25,0.813017413,2
6000,179.3,0.8130541055,2
6000,179.35,0.8130908111,2
6000,179.4,0.8131275298,2
6000,179.45,0.8131642617,2
6000,179.5,0.8132010066,2
6000,179.55,0.8132377646,2
6000,179.6,0.8132745358,2
6000,179.65,0.8133113201,2
6000,179.7,0.8133481175,2
6000,179.75,0.813384928,2
6000,179.8,0.8134217516,2
6000,179.85,0.8134585883,2
6000,179.9,0.8134954382,2
6000,179.95,0.8135323012,2
6000,180,0.8135691773,2
6000,180.05,0.8136060665,2
6000,180.1,0.8136429688,2
6000,180.15,0.8136798843,2
6000,180.2,0.8137168129,2
6000,180.25,0.8137537546,2
6000,180.3,0.8137907094,2
6000,180.35,0.8138276774,2
6000,180.4,0.8138646585,2
6000,180.45,0.8139016527,2
6000,180.5,0.81393866,2
6000,180.55,0.8139756805,2
6000,180.6,0.8140127141,2
6000,180.65,0.8140497608,2
6000,180.7,0.8140868207,2
6000,180.75,0.8141238937,2
6000,180.8,0.8141609798,2
6000,180.85,0.8141980791,2
6000,180.9,0.8142351915,2
6000,180.95,0.814272317,2
6000,181,0.8143094557,2
6000,181.05,0.8143466075,2
6000,181.1,0.8143837724,2
6000,181.15,0.8144209505,2
6000,181.2,0.8144581417,2
6000,181.25,0.8144953461,2
6000,181.3,0.8145325636,2
6000,181.35,0.8145697942,2
6000,181.4,0.814607038,2
6000,181.45,0.814644295,2
6000,181.5,0.814681565,2
6000,181.55,0.8147188483,2
6000,181.6,0.8147561446,2
6000,181.65,0.8147934541,2
6000,181.7,0.8148307768,2
6000,181.75,0.8148681126,2
6000,181.8,0.8149054615,2
6000,181.85,0.8149428236,2
6000,181.9,0.8149801989,2
6000,181.95,0.8150175873,2
6000,182,0.8150549888,2
6000,182.05,0.8150924035,2
6000,182.1,0.8151298314,2
6000,182.15,0.8151672724,2
6000,182.2,0.8152047265,2
6000,182.25,0.8152421938,2
6000,182.3,0.8152796743,2
6000,182.35,0.8153171679,2
6000,182.4,0.8153546747,2
6000,182.45,0.8153921946,2
6000,182.5,0.8154297277,2
6000,182.55,0.815467274,2
6000,182.6,0.8155048334,2
6000,182.65,0.815542406,2
6000,182.7,0.8155799917,2
6000,182.75,0.8156175906,2
6000,182.8,0.8156552026,2
6000,182.85,0.8156928278,2
6000,182.9,0.8157304662,2
6000,182.95,0.8157681178,2
6000,183,0.8158057825,2
6000,183.05,0.8158434603,2
6000,183.1,0.8158811514,2
6000,183.15,0.8159188556,2
6000,183.2,0.815956573,2
6000,183.25,0.8159943035,2
6000,183.3,0.8160320472,2
6000,183.35,0.8160698041,2
6000,183.4,0.8161075741,2
6000,183.45,0.8161453573,2
6000,183.5,0.8161831537,2
6000,183.55,0.8162209633,2
6000,183.6,0.816258786,2
6000,183.65,0.8162966219,2
6000,183.7,0.816334471,2
6000,183.75,0.8163723332,2
6000,183.8,0.8164102087,2
6000,183.85,0.8164480973,2
6000,183.9,0.816485999,2
6000,183.95,0.816523914,2
6000,184,0.8165618421,2
6000,184.05,0.8165997834,2
6000,184.1,0.8166377379,2
6000,184.15,0.8166757056,2
6000,184.2,0.8167136864,2
6000,184.25,0.8167516804,2
6000,184.3,0.8167896876,2
6000,184.35,0.816827708,2
6000,184.4,0.8168657416,2
6000,184.45,0.8169037883,2
6000,184.5,0.8169418483,2
6000,184.55,0.8169799214,2
6000,184.6,0.8170180077,2
6000,184.65,0.8170561071,2
6000,184.7,0.8170942198,2
6000,184.75,0.8171323457,2
6000,184.8,0.8171704847,2
6000,184.85,0.8172086369,2
6000,184.9,0.8172468023,2
6000,184.95,0.8172849809,2
6000,185,0.8173231727,2
6000,185.05,0.8173613777,2
6000,185.1,0.8173995958,2
6000,185.15,0.8174378272,2
6000,185.2,0.8174760717,2
6000,185.25,0.8175143295,2
6000,185.3,0.8175526004,2
6000,185.35,0.8175908845,2
6000,185.4,0.8176291818,2
6000,185.45,0.8176674923,2
6000,185.5,0.817705816,2
6000,185.55,0.8177441529,2
6000,185.6,0.817782503,2
6000,185.65,0.8178208663,2
6000,185.7,0.8178592428,2
6000,185.75,0.8178976324,2
6000,185.8,0.8179360353,2
6000,185.85,0.8179744514,2
6000,185.9,0.8180128806,2
6000,185.95,0.8180513231,2
6000,186,0.8180897788,2
6000,186.05,0.8181282476,2
6000,186.1,0.8181667297,2
6000,186.15,0.8182052249,2
6000,186.2,0.8182437334,2
6000,186.25,0.818282255,2
6000,186.3,0.8183207899,2
6000,186.35,0.818359338,2
6000,186.4,0.8183978992,2
6000,186.45,0.8184364737,2
6000,186.5,0.8184750614,2
6000,186.55,0.8185136622,2
6000,186.6,0.8185522763,2
6000,186.65,0.8185909036,2
6000,186.7,0.8186295441,2
6000,186.75,0.8186681978,2
6000,186.8,0.8187068647,2
6000,186.85,0.8187455448,2
6000,186.9,0.8187842381,2
6000,186.95,0.8188229446,2
6000,187,0.8188616643,2
6000,187.05,0.8189003973,2
6000,187.1,0.8189391434,2
6000,187.15,0.8189779027,2
6000,187.2,0.8190166753,2
6000,187.25,0.8190554611,2
6000,187.3,0.81909426,2
6000,187.35,0.8191330722,2
6000,187.4,0.8191718976,2
6000,187.45,0.8192107362,2
6000,187.5,0.8192495881,2
6000,187.55,0.8192884531,2
6000,187.6,0.8193273313,2
6000,187.65,0.8193662228,2
6000,187.7,0.8194051275,2
6000,187.75,0.8194440453,2
6000,187.8,0.8194829764,2
6000,187.85,0.8195219208,2
6000,187.9,0.8195608783,2
6000,187.95,0.819599849,2
6000,188,0.819638833,2
6000,188.05,0.8196778302,2
6000,188.1,0.8197168405,2
6000,188.15,0.8197558641,2
6000,188.2,0.819794901,2
6000,188.25,0.819833951,2
6000,188.3,0.8198730143,2
6000,188.35,0.8199120907,2
6000,188.4,0.8199511804,2
6000,188.45,0.8199902833,2
6000,188.5,0.8200293995,2
6000,188.55,0.8200685288,2
6000,188.6,0.8201076714,2
6000,188.65,0.8201468272,2
6000,188.7,0.8201859962,2
6000,188.75,0.8202251784,2
6000,188.8,0.8202643738,2
6000,188.85,0.8203035825,2
6000,188.9,0.8203428044,2
6000,188.95,0.8203820395,2
6000,189,0.8204212878,2
6000,189.05,0.8204605494,2
6000,189.1,0.8204998242,2
6000,189.15,0.8205391122,2
6000,189.2,0.8205784134,2
6000,189.25,0.8206177278,2
6000,189.3,0.8206570555,2
6000,189.35,0.8206963964,2
6000,189.4,0.8207357505,2
6000,189.45,0.8207751179,2
6000,189.5,0.8208144984,2
6000,189.55,0.8208538922,2
6000,189.6,0.8208932992,2
6000,189.65,0.8209327195,2
6000,189.7,0.820972153,2
6000,189.75,0.8210115996,2
6000,189.8,0.8210510596,2
6000,189.85,0.8210905327,2
6000,189.9,0.8211300191,2
6000,189.95,0.8211695187,2
6000,190,0.8212090315,2
6000,190.05,0.8212485576,2
6000,190.1,0.8212880969,2
6000,190.15,0.8213276494,2
6000,190.2,0.8213672151,2
6000,190.25,0.8214067941,2
6000,190.3,0.8214463863,2
6000,190.35,0.8214859917,2
6000,190.4,0.8215256104,2
6000,190.45,0.8215652423,2
6000,190.5,0.8216048874,2
6000,190.55,0.8216445457,2
6000,190.6,0.8216842173,2
6000,190.65,0.8217239021,2
6000,190.7,0.8217636001,2
6000,190.75,0.8218033114,2
6000,190.8,0.8218430359,2
6000,190.85,0.8218827736,2
6000,190.9,0.8219225246,2
6000,190.95,0.8219622888,2
6000,191,0.8220020662,2
6000,191.05,0.8220418568,2
6000,191.1,0.8220816607,2
6000,191.15,0.8221214778,2
6000,191.2,0.8221613082,2
6000,191.25,0.8222011518,2
6000,191.3,0.8222410086,2
6000,191.35,0.8222808786,2
6000,191.4,0.8223207619,2
6000,191.45,0.8223606584,2
6000,191.5,0.8224005682,2
6000,191.55,0.8224404911,2
6000,191.6,0.8224804274,2
6000,191.65,0.8225203768,2
6000,191.7,0.8225603395,2
6000,191.75,0.8226003154,2
6000,191.8,0.8226403045,2
6000,191.85,0.8226803069,2
6000,191.9,0.8227203225,2
6000,191.95,0.8227603514,2
6000,192,0.8228003935,2
6000,192.05,0.8228404488,2
6000,192.1,0.8228805174,2
6000,192.15,0.8229205991,2
6000,192.2,0.8229606942,2
6000,192.25,0.8230008024,2
6000,192.3,0.8230409239,2
6000,192.35,0.8230810586,2
6000,192.4,0.8231212066,2
6000,192.45,0.8231613678,2
6000,192.5,0.8232015422,2
6000,192.55,0.8232417299,2
6000,192.6,0.8232819308,2
6000,192.65,0.823322145,2
6000,192.7,0.8233623723,2
6000,192.75,0.823402613,2
6000,192.8,0.8234428668,2
6000,192.85,0.8234831339,2
6000,192.9,0.8235234142,2
6000,192.95,0.8235637078,2
6000,193,0.8236040146,2
6000,193.05,0.8236443346,2
6000,193.1,0.8236846679,2
6000,193.15,0.8237250144,2
6000,193.2,0.8237653741,2
6000,193.25,0.8238057471,2
6000,193.3,0.8238461333,2
6000,193.35,0.8238865327,2
6000,193.4,0.8239269454,2
6000,193.45,0.8239673713,2
6000,193.5,0.8240078105,2
6000,193.55,0.8240482629,2
6000,193.6,0.8240887285,2
6000,193.65,0.8241292074,2
6000,193.7,0.8241696995,2
6000,193.75,0.8242102048,2
6000,193.8,0.8242507234,2
6000,193.85,0.8242912552,2
6000,193.9,0.8243318003,2
6000,193.95,0.8243723586,2
6000,194,0.8244129301,2
6000,194.05,0.8244535149,2
6000,194.1,0.8244941129,2
6000,194.15,0.8245347241,2
6000,194.2,0.8245753486,2
6000,194.25,0.8246159863,2
6000,194.3,0.8246566372,2
6000,194.35,0.8246973014,2
6000,194.4,0.8247379788,2
6000,194.45,0.8247786695,2
6000,194.5,0.8248193734,2
6000,194.55,0.8248600905,2
6000,194.6,0.8249008209,2
6000,194.65,0.8249415645,2
6000,194.7,0.8249823213,2
6000,194.75,0.8250230914,2
6000,194.8,0.8250638747,2
6000,194.85,0.8251046712,2
6000,194.9,0.825145481,2
6000,194.95,0.825186304,2
6000,195,0.8252271403,2
6000,195.05,0.8252679898,2
6000,195.1,0.8253088525,2
6000,195.15,0.8253497284,2
6000,195.2,0.8253906176,2
6000,195.25,0.8254315201,2
6000,195.3,0.8254724357,2
6000,195.35,0.8255133646,2
6000,195.4,0.8255543068,2
6000,195.45,0.8255952621,2
6000,195.5,0.8256362307,2
6000,195.55,0.8256772126,2
6000,195.6,0.8257182077,2
6000,195.65,0.825759216,2
6000,195.7,0.8258002375,2
6000,195.75,0.8258412723,2
6000,195.8,0.8258823203,2
6000,195.85,0.8259233815,2
6000,195.9,0.825964456,2
6000,195.95,0.8260055437,2
6000,196,0.8260466447,2
6000,196.05,0.8260877589,2
6000,196.1,0.8261288863,2
6000,196.15,0.8261700269,2
6000,196.2,0.8262111808,2
6000,196.25,0.8262523479,2
6000,196.3,0.8262935283,2
6000,196.35,0.8263347219,2
6000,196.4,0.8263759287,2
6000,196.45,0.8264171487,2
6000,196.5,0.826458382,2
6000,196.55,0.8264996285,2
6000,196.6,0.8265408883,2
6000,196.65,0.8265821612,2
6000,196.7,0.8266234474,2
6000,196.75,0.8266647469,2
6000,196.8,0.8267060595,2
6000,196.85,0.8267473854,2
6000,196.9,0.8267887246,2
6000,196.95,0.8268300769,2
6000,197,0.8268714425,2
6000,197.05,0.8269128213,2
6000,197.1,0.8269542134,2
6000,197.15,0.8269956187,2
6000,197.2,0.8270370372,2
6000,197.25,0.8270784689,2
6000,197.3,0.8271199139,2
6000,197.35,0.8271613721,2
6000,197.4,0.8272028435,2
6000,197.45,0.8272443282,2
6000,197.5,0.827285826,2
6000,197.55,0.8273273371,2
6000,197.6,0.8273688615,2
6000,197.65,0.827410399,2
6000,197.7,0.8274519498,2
6000,197.75,0.8274935139,2
6000,197.8,0.8275350911,2
6000,197.85,0.8275766816,2
6000,197.9,0.8276182853,2
6000,197.95,0.8276599022,2
6000,198,0.8277015323,2
6000,198.05,0.8277431757,2
6000,198.1,0.8277848323,2
6000,198.15,0.8278265021,2
6000,198.2,0.8278681852,2
6000,198.25,0.8279098815,2
6000,198.3,0.827951591,2
6000,198.35,0.8279933137,2
6000,198.4,0.8280350496,2
6000,198.45,0.8280767988,2
6000,198.5,0.8281185612,2
6000,198.55,0.8281603368,2
6000,198.6,0.8282021256,2
6000,198.65,0.8282439277,2
6000,198.7,0.828285743,2
6000,198.75,0.8283275715,2
6000,198.8,0.8283694132,2
6000,198.85,0.8284112681,2
6000,198.9,0.8284531363,2
6000,198.95,0.8284950177,2
6000,199,0.8285369123,2
6000,199.05,0.8285788201,2
6000,199.1,0.8286207412,2
6000,199.15,0.8286626754,2
6000,199.2,0.8287046229,2
6000,199.25,0.8287465836,2
6000,199.3,0.8287885575,2
6000,199.35,0.8288305446,2
6000,199.4,0.828872545,2
6000,199.45,0.8289145585,2
6000,199.5,0.8289565853,2
6000,199.55,0.8289986253,2
6000,199.6,0.8290406785,2
6000,199.65,0.8290827449,2
6000,199.7,0.8291248246,2
6000,199.75,0.8291669174,2
6000,199.8,0.8292090235,2
6000,199.85,0.8292511428,2
6000,199.9,0.8292932753,2
6000,199.95,0.829335421,2
6000,200,0.8293775799,2
6000,200.05,0.829419752,2
6000,200.1,0.8294619374,2
6000,200.15,0.8295041359,2
6000,200.2,0.8295463477,2
6000,200.25,0.8295885727,2
6000,200.3,0.8296308109,2
6000,200.35,0.8296730623,2
6000,200.4,0.8297153269,2
6000,200.45,0.8297576047,2
6000,200.5,0.8297998957,2
6000,200.55,0.8298421999,2
6000,200.6,0.8298845174,2
6000,200.65,0.829926848,2
6000,200.7,0.8299691918,2
6000,200.75,0.8300115489,2
6000,200.8,0.8300539191,2
6000,200.85,0.8300963026,2
6000,200.9,0.8301386993,2
6000,200.95,0.8301811092,2
6000,201,0.8302235322,2
6000,201.05,0.8302659685,2
6000,201.1,0.830308418,2
6000,201.15,0.8303508807,2
6000,201.2,0.8303933566,2
6000,201.25,0.8304358456,2
6000,201.3,0.8304783479,2
6000,201.35,0.8305208634,2
6000,201.4,0.8305633921,2
6000,201.45,0.830605934,2
6000,201.5,0.8306484891,2
6000,201.55,0.8306910574,2
6000,201.6,0.8307336388,2
6000,201.65,0.8307762335,2
6000,201.7,0.8308188414,2
6000,201.75,0.8308614625,2
6000,201.8,0.8309040967,2
6000,201.85,0.8309467442,2
6000,201.9,0.8309894048,2
6000,201.95,0.8310320787,2
6000,202,0.8310747657,2
6000,202.05,0.831117466,2
6000,202.1,0.8311601794,2
6000,202.15,0.831202906,2
6000,202.2,0.8312456458,2
6000,202.25,0.8312883988,2
6000,202.3,0.831331165,2
6000,202.35,0.8313739444,2
6000,202.4,0.831416737,2
6000,202.45,0.8314595427,2
6000,202.5,0.8315023617,2
6000,202.55,0.8315451938,2
6000,202.6,0.8315880392,2
6000,202.65,0.8316308977,2
6000,202.7,0.8316737694,2
6000,202.75,0.8317166542,2
6000,202.8,0.8317595523,2
6000,202.85,0.8318024635,2
6000,202.9,0.831845388,2
6000,202.95,0.8318883256,2
6000,203,0.8319312764,2
6000,203.05,0.8319742404,2
6000,203.1,0.8320172175,2
6000,203.15,0.8320602079,2
6000,203.2,0.8321032114,2
6000,203.25,0.8321462281,2
6000,203.3,0.832189258,2
6000,203.35,0.832232301,2
6000,203.4,0.8322753572,2
6000,203.45,0.8323184266,2
6000,203.5,0.8323615092,2
6000,203.55,0.832404605,2
6000,203.6,0.8324477139,2
6000,203.65,0.832490836,2
6000,203.7,0.8325339713,2
6000,203.75,0.8325771198,2
6000,203.8,0.8326202814,2
6000,203.85,0.8326634562,2
6000,203.9,0.8327066441,2
6000,203.95,0.8327498453,2
6000,204,0.8327930596,2
6000,204.05,0.8328362871,2
6000,204.1,0.8328795277,2
6000,204.15,0.8329227815,2
6000,204.2,0.8329660485,2
6000,204.25,0.8330093286,2
6000,204.3,0.8330526219,2
6000,204.35,0.8330959284,2
6000,204.4,0.833139248,2
6000,204.45,0.8331825808,2
6000,204.5,0.8332259268,2
6000,204.55,0.8332692859,2
6000,204.6,0.8333126582,2
6000,204.65,0.8333560436,2
6000,204.7,0.8333994422,2
6000,204.75,0.833442854,2
6000,204.8,0.8334862789,2
6000,204.85,0.833529717,2
6000,204.9,0.8335731682,2
6000,204.95,0.8336166326,2
6000,205,0.8336601102,2
6000,205.05,0.8337036009,2
6000,205.1,0.8337471047,2
6000,205.15,0.8337906217,2
6000,205.2,0.8338341519,2
6000,205.25,0.8338776952,2
6000,205.3,0.8339212516,2
6000,205.35,0.8339648212,2
6000,205.4,0.834008404,2
6000,205.45,0.8340519999,2
6000,205.5,0.834095609,2
6000,205.55,0.8341392312,2
6000,205.6,0.8341828665,2
6000,205.65,0.834226515,2
6000,205.7,0.8342701766,2
6000,205.75,0.8343138514,2
6000,205.8,0.8343575393,2
6000,205.85,0.8344012404,2
6000,205.9,0.8344449546,2
6000,205.95,0.8344886819,2
6000,206,0.8345324224,2
6000,206.05,0.834576176,2
6000,206.1,0.8346199428,2
6000,206.15,0.8346637227,2
6000,206.2,0.8347075157,2
6000,206.25,0.8347513219,2
6000,206.3,0.8347951412,2
6000,206.35,0.8348389736,2
6000,206.4,0.8348828192,2
6000,206.45,0.8349266779,2
6000,206.5,0.8349705497,2
6000,206.55,0.8350144347,2
6000,206.6,0.8350583328,2
6000,206.65,0.835102244,2
6000,206.7,0.8351461684,2
6000,206.75,0.8351901058,2
6000,206.8,0.8352340564,2
6000,206.85,0.8352780202,2
6000,206.9,0.835321997,2
6000,206.95,0.835365987,2
6000,207,0.8354099901,2
6000,207.05,0.8354540063,2
6000,207.1,0.8354980356,2
6000,207.15,0.8355420781,2
6000,207.2,0.8355861337,2
6000,207.25,0.8356302024,2
6000,207.3,0.8356742842,2
6000,207.35,0.8357183791,2
6000,207.4,0.8357624872,2
6000,207.45,0.8358066083,2
6000,207.5,0.8358507426,2
6000,207.55,0.83589489,2
6000,207.6,0.8359390505,2
6000,207.65,0.8359832241,2
6000,207.7,0.8360274108,2
6000,207.75,0.8360716106,2
6000,207.8,0.8361158235,2
6000,207.85,0.8361600496,2
6000,207.9,0.8362042887,2
6000,207.95,0.836248541,2
6000,208,0.8362928063,2
6000,208.05,0.8363370848,2
6000,208.1,0.8363813763,2
6000,208.15,0.836425681,2
6000,208.2,0.8364699988,2
6000,208.25,0.8365143296,2
6000,208.3,0.8365586736,2
6000,208.35,0.8366030306,2
6000,208.4,0.8366474008,2
6000,208.45,0.836691784,2
6000,208.5,0.8367361804,2
6000,208.55,0.8367805898,2
6000,208.6,0.8368250123,2
6000,208.65,0.8368694479,2
6000,208.7,0.8369138966,2
6000,208.75,0.8369583584,2
6000,208.8,0.8370028333,2
6000,208.85,0.8370473213,2
6000,208.9,0.8370918224,2
6000,208.95,0.8371363365,2
6000,209,0.8371808637,2
6000,209.05,0.837225404,2
6000,209.1,0.8372699574,2
6000,209.15,0.8373145239,2
6000,209.2,0.8373591035,2
6000,209.25,0.8374036961,2
6000,209.3,0.8374483018,2
6000,209.35,0.8374929206,2
6000,209.4,0.8375375524,2
6000,209.45,0.8375821974,2
6000,209.5,0.8376268554,2
6000,209.55,0.8376715265,2
6000,209.6,0.8377162106,2
6000,209.65,0.8377609079,2
6000,209.7,0.8378056181,2
6000,209.75,0.8378503415,2
6000,209.8,0.8378950779,2
6000,209.85,0.8379398274,2
6000,209.9,0.83798459,2
6000,209.95,0.8380293656,2
6000,210,0.8380741543,2
6000,210.05,0.8381189561,2
6000,210.1,0.8381637709,2
6000,210.15,0.8382085987,2
6000,210.2,0.8382534397,2
6000,210.25,0.8382982936,2
6000,210.3,0.8383431607,2
6000,210.35,0.8383880408,2
6000,210.4,0.8384329339,2
6000,210.45,0.8384778401,2
6000,210.5,0.8385227594,2
6000,210.55,0.8385676917,2
6000,210.6,0.838612637,2
6000,210.65,0.8386575955,2
6000,210.7,0.8387025669,2
6000,210.75,0.8387475514,2
6000,210.8,0.8387925489,2
6000,210.85,0.8388375595,2
6000,210.9,0.8388825831,2
6000,210.95,0.8389276198,2
6000,211,0.8389726695,2
6000,211.05,0.8390177323,2
6000,211.1,0.839062808,2
6000,211.15,0.8391078969,2
6000,211.2,0.8391529987,2
6000,211.25,0.8391981136,2
6000,211.3,0.8392432415,2
6000,211.35,0.8392883825,2
6000,211.4,0.8393335365,2
6000,211.45,0.8393787035,2
6000,211.5,0.8394238835,2
6000,211.55,0.8394690766,2
6000,211.6,0.8395142827,2
6000,211.65,0.8395595018,2
6000,211.7,0.8396047339,2
6000,211.75,0.8396499791,2
6000,211.8,0.8396952373,2
6000,211.85,0.8397405085,2
6000,211.9,0.8397857927,2
6000,211.95,0.8398310899,2
6000,212,0.8398764002,2
6000,212.05,0.8399217235,2
6000,212.1,0.8399670597,2
6000,212.15,0.840012409,2
6000,212.2,0.8400577713,2
6000,212.25,0.8401031466,2
6000,212.3,0.840148535,2
6000,212.35,0.8401939363,2
6000,212.4,0.8402393506,2
6000,212.45,0.840284778,2
6000,212.5,0.8403302183,2
6000,212.55,0.8403756716,2
6000,212.6,0.840421138,2
6000,212.65,0.8404666173,2
6000,212.7,0.8405121097,2
6000,212.75,0.840557615,2
6000,212.8,0.8406031333,2
6000,212.85,0.8406486647,2
6000,212.9,0.840694209,2
6000,212.95,0.8407397663,2
6000,213,0.8407853366,2
6000,213.05,0.8408309199,2
6000,213.1,0.8408765162,2
6000,213.15,0.8409221254,2
6000,213.2,0.8409677477,2
6000,213.25,0.8410133829,2
6000,213.3,0.8410590311,2
6000,213.35,0.8411046923,2
6000,213.4,0.8411503665,2
6000,213.45,0.8411960536,2
6000,213.5,0.8412417538,2
6000,213.55,0.8412874669,2
6000,213.6,0.8413331929,2
6000,213.65,0.841378932,2
6000,213.7,0.841424684,2
6000,213.75,0.841470449,2
6000,213.8,0.8415162269,2
6000,213.85,0.8415620179,2
6000,213.9,0.8416078218,2
6000,213.95,0.8416536386,2
6000,214,0.8416994684,2
6000,214.05,0.8417453112,2
6000,214.1,0.8417911669,2
6000,214.15,0.8418370356,2
6000,214.2,0.8418829173,2
6000,214.25,0.8419288119,2
6000,214.3,0.8419747195,2
6000,214.35,0.84202064,2
6000,214.4,0.8420665734,2
6000,214.45,0.8421125199,2
6000,214.5,0.8421584792,2
6000,214.55,0.8422044515,2
6000,214.6,0.8422504368,2
6000,214.65,0.842296435,2
6000,214.7,0.8423424461,2
6000,214.75,0.8423884702,2
6000,214.8,0.8424345073,2
6000,214.85,0.8424805572,2
6000,214.9,0.8425266201,2
6000,214.95,0.842572696,2
6000,215,0.8426187847,2
6000,215.05,0.8426648864,2
6000,215.1,0.8427110011,2
6000,215.15,0.8427571286,2
6000,215.2,0.8428032691,2
6000,215.25,0.8428494226,2
6000,215.3,0.8428955889,2
6000,215.35,0.8429417682,2
6000,215.4,0.8429879604,2
6000,215.45,0.8430341655,2
6000,215.5,0.8430803835,2
6000,215.55,0.8431266144,2
6000,215.6,0.8431728583,2
6000,215.65,0.8432191151,2
6000,215.7,0.8432653848,2
6000,215.75,0.8433116674,2
6000,215.8,0.8433579629,2
6000,215.85,0.8434042713,2
6000,215.9,0.8434505926,2
6000,215.95,0.8434969269,2
6000,216,0.843543274,2
6000,216.05,0.8435896341,2
6000,216.1,0.843636007,2
6000,216.15,0.8436823928,2
6000,216.2,0.8437287916,2
6000,216.25,0.8437752032,2
6000,216.3,0.8438216277,2
6000,216.35,0.8438680652,2
6000,216.4,0.8439145155,2
6000,216.45,0.8439609787,2
6000,216.5,0.8440074548,2
6000,216.55,0.8440539437,2
6000,216.6,0.8441004456,2
6000,216.65,0.8441469603,2
6000,216.7,0.844193488,2
6000,216.75,0.8442400285,2
6000,216.8,0.8442865819,2
6000,216.85,0.8443331481,2
6000,216.9,0.8443797273,2
6000,216.95,0.8444263193,2
6000,217,0.8444729241,2
6000,217.05,0.8445195419,2
6000,217.1,0.8445661725,2
6000,217.15,0.844612816,2
6000,217.2,0.8446594724,2
6000,217.25,0.8447061416,2
6000,217.3,0.8447528237,2
6000,217.35,0.8447995186,2
6000,217.4,0.8448462264,2
6000,217.45,0.8448929471,2
6000,217.5,0.8449396806,2
6000,217.55,0.8449864269,2
6000,217.6,0.8450331861,2
6000,217.65,0.8450799582,2
6000,217.7,0.8451267431,2
6000,217.75,0.8451735409,2
6000,217.8,0.8452203515,2
6000,217.85,0.845267175,2
6000,217.9,0.8453140113,2
6000,217.95,0.8453608604,2
6000,218,0.8454077224,2
6000,218.05,0.8454545972,2
6000,218.1,0.8455014848,2
6000,218.15,0.8455483853,2
6000,218.2,0.8455952986,2
6000,218.25,0.8456422248,2
6000,218.3,0.8456891637,2
6000,218.35,0.8457361155,2
6000,218.4,0.8457830802,2
6000,218.45,0.8458300576,2
6000,218.5,0.8458770479,2
6000,218.55,0.845924051,2
6000,218.6,0.8459710669,2
6000,218.65,0.8460180956,2
6000,218.7,0.8460651371,2
6000,218.75,0.8461121915,2
6000,218.8,0.8461592586,2
6000,218.85,0.8462063386,2
6000,218.9,0.8462534314,2
6000,218.95,0.846300537,2
6000,219,0.8463476554,2
6000,219.05,0.8463947865,2
6000,219.1,0.8464419305,2
6000,219.15,0.8464890873,2
6000,219.2,0.8465362569,2
6000,219.25,0.8465834393,2
6000,219.3,0.8466306345,2
6000,219.35,0.8466778424,2
6000,219.4,0.8467250632,2
6000,219.45,0.8467722967,2
6000,219.5,0.846819543,2
6000,219.55,0.8468668022,2
6000,219.6,0.846914074,2
6000,219.65,0.8469613587,2
6000,219.7,0.8470086562,2
6000,219.75,0.8470559664,2
6000,219.8,0.8471032894,2
6000,219.85,0.8471506252,2
6000,219.9,0.8471979737,2
6000,219.95,0.847245335,2
6000,220,0.8472927091,2
6000,220.05,0.847340096,2
6000,220.1,0.8473874956,2
6000,220.15,0.847434908,2
6000,220.2,0.8474823331,2
6000,220.25,0.847529771,2
6000,220.3,0.8475772217,2
6000,220.35,0.8476246851,2
6000,220.4,0.8476721612,2
6000,220.45,0.8477196501,2
6000,220.5,0.8477671518,2
6000,220.55,0.8478146662,2
6000,220.6,0.8478621933,2
6000,220.65,0.8479097332,2
6000,220.7,0.8479572859,2
6000,220.75,0.8480048512,2
6000,220.8,0.8480524293,2
6000,220.85,0.8481000202,2
6000,220.9,0.8481476238,2
6000,220.95,0.8481952401,2
6000,221,0.8482428691,2
6000,221.05,0.8482905109,2
6000,221.1,0.8483381654,2
6000,221.15,0.8483858326,2
6000,221.2,0.8484335125,2
6000,221.25,0.8484812052,2
6000,221.3,0.8485289106,2
6000,221.35,0.8485766287,2
6000,221.4,0.8486243595,2
6000,221.45,0.848672103,2
6000,221.5,0.8487198592,2
6000,221.55,0.8487676281,2
6000,221.6,0.8488154098,2
6000,221.65,0.8488632041,2
6000,221.7,0.8489110112,2
6000,221.75,0.8489588309,2
6000,221.8,0.8490066634,2
6000,221.85,0.8490545085,2
6000,221.9,0.8491023664,2
6000,221.95,0.8491502369,2
6000,222,0.8491981201,2
6000,222.05,0.849246016,2
6000,222.1,0.8492939246,2
6000,222.15,0.8493418459,2
6000,222.2,0.8493897798,2
6000,222.25,0.8494377265,2
6000,222.3,0.8494856858,2
6000,222.35,0.8495336578,2
6000,222.4,0.8495816425,2
6000,222.45,0.8496296398,2
6000,222.5,0.8496776498,2
6000,222.55,0.8497256725,2
6000,222.6,0.8497737078,2
6000,222.65,0.8498217558,2
6000,222.7,0.8498698165,2
6000,222.75,0.8499178898,2
6000,222.8,0.8499659758,2
6000,222.85,0.8500140744,2
6000,222.9,0.8500621857,2
6000,222.95,0.8501103097,2
6000,223,0.8501584463,2
6000,223.05,0.8502065955,2
6000,223.1,0.8502547574,2
6000,223.15,0.8503029319,2
6000,223.2,0.8503511191,2
6000,223.25,0.8503993189,2
6000,223.3,0.8504475313,2
6000,223.35,0.8504957564,2
6000,223.4,0.8505439941,2
6000,223.45,0.8505922444,2
6000,223.5,0.8506405074,2
6000,223.55,0.850688783,2
6000,223.6,0.8507370712,2
6000,223.65,0.850785372,2
6000,223.7,0.8508336855,2
6000,223.75,0.8508820116,2
6000,223.8,0.8509303503,2
6000,223.85,0.8509787016,2
6000,223.9,0.8510270655,2
6000,223.95,0.851075442,2
6000,224,0.8511238311,2
6000,224.05,0.8511722328,2
6000,224.1,0.8512206472,2
6000,224.15,0.8512690741,2
6000,224.2,0.8513175136,2
6000,224.25,0.8513659658,2
6000,224.3,0.8514144305,2
6000,224.35,0.8514629078,2
6000,224.4,0.8515113977,2
6000,224.45,0.8515599002,2
6000,224.5,0.8516084152,2
6000,224.55,0.8516569429,2
6000,224.6,0.8517054831,2
6000,224.65,0.8517540359,2
6000,224.7,0.8518026013,2
6000,224.75,0.8518511793,2
6000,224.8,0.8518997698,2
6000,224.85,0.8519483729,2
6000,224.9,0.8519969886,2
6000,224.95,0.8520456168,2
6000,225,0.8520942576,2
6000,225.05,0.8521429109,2
6000,225.1,0.8521915768,2
6000,225.15,0.8522402553,2
6000,225.2,0.8522889463,2
6000,225.25,0.8523376499,2
6000,225.3,0.852386366,2
6000,225.35,0.8524350946,2
6000,225.4,0.8524838358,2
6000,225.45,0.8525325896,2
6000,225.5,0.8525813559,2
6000,225.55,0.8526301347,2
6000,225.6,0.8526789261,2
6000,225.65,0.8527277299,2
6000,225.7,0.8527765464,2
6000,225.75,0.8528253753,2
6000,225.8,0.8528742168,2
6000,225.85,0.8529230708,2
6000,225.9,0.8529719373,2
6000,225.95,0.8530208163,2
6000,226,0.8530697079,2
6000,226.05,0.853118612,2
6000,226.1,0.8531675285,2
6000,226.15,0.8532164576,2
6000,226.2,0.8532653992,2
6000,226.25,0.8533143533,2
6000,226.3,0.8533633199,2
6000,226.35,0.853412299,2
6000,226.4,0.8534612906,2
6000,226.45,0.8535102947,2
6000,226.5,0.8535593113,2
6000,226.55,0.8536083403,2
6000,226.6,0.8536573819,2
6000,226.65,0.853706436,2
6000,226.7,0.8537555025,2
6000,226.75,0.8538045815,2
6000,226.8,0.853853673,2
6000,226.85,0.853902777,2
6000,226.9,0.8539518934,2
6000,226.95,0.8540010223,2
6000,227,0.8540501637,2
6000,227.05,0.8540993175,2
6000,227.1,0.8541484838,2
6000,227.15,0.8541976626,2
6000,227.2,0.8542468538,2
6000,227.25,0.8542960575,2
6000,227.3,0.8543452737,2
6000,227.35,0.8543945023,2
6000,227.4,0.8544437433,2
6000,227.45,0.8544929968,2
6000,227.5,0.8545422627,2
6000,227.55,0.8545915411,2
6000,227.6,0.8546408319,2
6000,227.65,0.8546901352,2
6000,227.7,0.8547394508,2
6000,227.75,0.854788779,2
6000,227.8,0.8548381195,2
6000,227.85,0.8548874725,2
6000,227.9,0.8549368379,2
6000,227.95,0.8549862157,2
6000,228,0.8550356059,2
6000,228.05,0.8550850086,2
6000,228.1,0.8551344237,2
6000,228.15,0.8551838512,2
6000,228.2,0.8552332911,2
6000,228.25,0.8552827434,2
6000,228.3,0.8553322081,2
6000,228.35,0.8553816852,2
6000,228.4,0.8554311747,2
6000,228.45,0.8554806766,2
6000,228.5,0.8555301909,2
6000,228.55,0.8555797176,2
6000,228.6,0.8556292566,2
6000,228.65,0.8556788081,2
6000,228.7,0.855728372,2
6000,228.75,0.8557779482,2
6000,228.8,0.8558275368,2
6000,228.85,0.8558771378,2
6000,228.9,0.8559267512,2
6000,228.95,0.8559763769,2
6000,229,0.856026015,2
6000,229.05,0.8560756655,2
6000,229.1,0.8561253283,2
6000,229.15,0.8561750035,2
6000,229.2,0.856224691,2
6000,229.25,0.8562743909,2
6000,229.3,0.8563241032,2
6000,229.35,0.8563738278,2
6000,229.4,0.8564235648,2
6000,229.45,0.8564733141,2
6000,229.5,0.8565230757,2
6000,229.55,0.8565728497,2
6000,229.6,0.856622636,2
6000,229.65,0.8566724347,2
6000,229.7,0.8567222457,2
6000,229.75,0.856772069,2
6000,229.8,0.8568219047,2
6000,229.85,0.8568717527,2
6000,229.9,0.856921613,2
6000,229.95,0.8569714856,2
6000,230,0.8570213705,2
6000,230.05,0.8570712677,2
6000,230.1,0.8571211773,2
6000,230.15,0.8571710992,2
6000,230.2,0.8572210333,2
6000,230.25,0.8572709798,2
6000,230.3,0.8573209386,2
6000,230.35,0.8573709097,2
6000,230.4,0.857420893,2
6000,230.45,0.8574708887,2
6000,230.5,0.8575208967,2
6000,230.55,0.8575709169,2
6000,230.6,0.8576209494,2
6000,230.65,0.8576709942,2
6000,230.7,0.8577210513,2
6000,230.75,0.8577711207,2
6000,230.8,0.8578212023,2
6000,230.85,0.8578712962,2
6000,230.9,0.8579214024,2
6000,230.95,0.8579715208,2
6000,231,0.8580216515,2
6000,231.05,0.8580717945,2
6000,231.1,0.8581219497,2
6000,231.15,0.8581721171,2
6000,231.2,0.8582222969,2
6000,231.25,0.8582724888,2
6000,231.3,0.8583226931,2
6000,231.35,0.8583729095,2
6000,231.4,0.8584231382,2
6000,231.45,0.8584733792,2
6000,231.5,0.8585236323,2
6000,231.55,0.8585738977,2
6000,231.6,0.8586241754,2
6000,231.65,0.8586744652,2
6000,231.7,0.8587247673,2
6000,231.75,0.8587750816,2
6000,231.8,0.8588254081,2
6000,231.85,0.8588757469,2
6000,231.9,0.8589260978,2
6000,231.95,0.858976461,2
6000,232,0.8590268364,2
6000,232.05,0.8590772239,2
6000,232.1,0.8591276237,2
6000,232.15,0.8591780357,2
6000,232.2,0.8592284598,2
6000,232.25,0.8592788962,2
6000,232.3,0.8593293448,2
6000,232.35,0.8593798055,2
6000,232.4,0.8594302784,2
6000,232.45,0.8594807635,2
6000,232.5,0.8595312608,2
6000,232.55,0.8595817703,2
6000,232.6,0.8596322919,2
6000,232.65,0.8596828257,2
6000,232.7,0.8597333716,2
6000,232.75,0.8597839298,2
6000,232.8,0.8598345001,2
6000,232.85,0.8598850825,2
6000,232.9,0.8599356771,2
6000,232.95,0.8599862839,2
6000,233,0.8600369028,2
6000,233.05,0.8600875338,2
6000,233.1,0.860138177,2
6000,233.15,0.8601888324,2
6000,233.2,0.8602394998,2
6000,233.25,0.8602901795,2
6000,233.3,0.8603408712,2
6000,233.35,0.8603915751,2
6000,233.4,0.8604422911,2
6000,233.45,0.8604930192,2
6000,233.5,0.8605437594,2
6000,233.55,0.8605945118,2
6000,233.6,0.8606452763,2
6000,233.65,0.8606960528,2
6000,233.7,0.8607468415,2
6000,233.75,0.8607976423,2
6000,233.8,0.8608484552,2
6000,233.85,0.8608992802,2
6000,233.9,0.8609501173,2
6000,233.95,0.8610009665,2
6000,234,0.8610518278,2
6000,234.05,0.8611027012,2
6000,234.1,0.8611535866,2
6000,234.15,0.8612044842,2
6000,234.2,0.8612553938,2
6000,234.25,0.8613063155,2
6000,234.3,0.8613572492,2
6000,234.35,0.8614081951,2
6000,234.4,0.861459153,2
6000,234.45,0.8615101229,2
6000,234.5,0.8615611049,2
6000,234.55,0.861612099,2
6000,234.6,0.8616631052,2
6000,234.65,0.8617141233,2
6000,234.7,0.8617651536,2
6000,234.75,0.8618161959,2
6000,234.8,0.8618672502,2
6000,234.85,0.8619183165,2
6000,234.9,0.8619693949,2
6000,234.95,0.8620204854,2
6000,235,0.8620715878,2
6000,235.05,0.8621227023,2
6000,235.1,0.8621738288,2
6000,235.15,0.8622249674,2
6000,235.2,0.8622761179,2
6000,235.25,0.8623272805,2
6000,235.3,0.862378455,2
6000,235.35,0.8624296416,2
6000,235.4,0.8624808402,2
6000,235.45,0.8625320508,2
6000,235.5,0.8625832734,2
6000,235.55,0.862634508,2
6000,235.6,0.8626857546,2
6000,235.65,0.8627370131,2
6000,235.7,0.8627882837,2
6000,235.75,0.8628395662,2
6000,235.8,0.8628908607,2
6000,235.85,0.8629421672,2
6000,235.9,0.8629934857,2
6000,235.95,0.8630448161,2
6000,236,0.8630961585,2
6000,236.05,0.8631475129,2
6000,236.1,0.8631988792,2
6000,236.15,0.8632502575,2
6000,236.2,0.8633016478,2
6000,236.25,0.86335305,2
6000,236.3,0.8634044641,2
6000,236.35,0.8634558902,2
6000,236.4,0.8635073283,2
6000,236.45,0.8635587782,2
6000,236.5,0.8636102401,2
6000,236.55,0.863661714,2
6000,236.6,0.8637131997,2
6000,236.65,0.8637646974,2
6000,236.7,0.8638162071,2
6000,236.75,0.8638677286,2
6000,236.8,0.8639192621,2
6000,236.85,0.8639708074,2
6000,236.9,0.8640223647,2
6000,236.95,0.8640739339,2
6000,237,0.864125515,2
6000,237.05,0.864177108,2
6000,237.1,0.8642287129,2
6000,237.15,0.8642803297,2
6000,237.2,0.8643319583,2
6000,237.25,0.8643835989,2
6000,237.3,0.8644352513,2
6000,237.35,0.8644869157,2
6000,237.4,0.8645385919,2
6000,237.45,0.8645902799,2
6000,237.5,0.8646419799,2
6000,237.55,0.8646936917,2
6000,237.6,0.8647454154,2
6000,237.65,0.8647971509,2
6000,237.7,0.8648488983,2
6000,237.75,0.8649006576,2
6000,237.8,0.8649524287,2
6000,237.85,0.8650042116,2
6000,237.9,0.8650560064,2
6000,237.95,0.8651078131,2
6000,238,0.8651596315,2
6000,238.05,0.8652114619,2
6000,238.1,0.865263304,2
6000,238.15,0.865315158,2
6000,238.2,0.8653670238,2
6000,238.25,0.8654189014,2
6000,238.3,0.8654707908,2
6000,238.35,0.8655226921,2
6000,238.4,0.8655746051,2
6000,238.45,0.86562653,2
6000,238.5,0.8656784667,2
6000,238.55,0.8657304151,2
6000,238.6,0.8657823754,2
6000,238.65,0.8658343475,2
6000,238.7,0.8658863313,2
6000,238.75,0.865938327,2
6000,238.8,0.8659903344,2
6000,238.85,0.8660423536,2
6000,238.9,0.8660943846,2
6000,238.95,0.8661464274,2
6000,239,0.8661984819,2
6000,239.05,0.8662505482,2
6000,239.1,0.8663026263,2
6000,239.15,0.8663547161,2
6000,239.2,0.8664068177,2
6000,239.25,0.866458931,2
6000,239.3,0.8665110561,2
6000,239.35,0.8665631929,2
6000,239.4,0.8666153415,2
6000,239.45,0.8666675018,2
6000,239.5,0.8667196738,2
6000,239.55,0.8667718576,2
6000,239.6,0.8668240531,2
6000,239.65,0.8668762604,2
6000,239.7,0.8669284793,2
6000,239.75,0.86698071,2
6000,239.8,0.8670329524,2
6000,239.85,0.8670852065,2
6000,239.9,0.8671374723,2
6000,239.95,0.8671897498,2
6000,240,0.8672420391,2
6000,240.05,0.86729434,2
6000,240.1,0.8673466526,2
6000,240.15,0.8673989769,2
6000,240.2,0.8674513129,2
6000,240.25,0.8675036606,2
6000,240.3,0.8675560199,2
6000,240.35,0.867608391,2
6000,240.4,0.8676607737,2
6000,240.45,0.867713168,2
6000,240.5,0.8677655741,2
6000,240.55,0.8678179918,2
6000,240.6,0.8678704212,2
6000,240.65,0.8679228622,2
6000,240.7,0.8679753149,2
6000,240.75,0.8680277792,2
6000,240.8,0.8680802551,2
6000,240.85,0.8681327427,2
6000,240.9,0.868185242,2
6000,240.95,0.8682377529,2
6000,241,0.8682902754,2
6000,241.05,0.8683428095,2
6000,241.1,0.8683953553,2
6000,241.15,0.8684479127,2
6000,241.2,0.8685004817,2
6000,241.25,0.8685530623,2
6000,241.3,0.8686056545,2
6000,241.35,0.8686582583,2
6000,241.4,0.8687108737,2
6000,241.45,0.8687635008,2
6000,241.5,0.8688161394,2
6000,241.55,0.8688687896,2
6000,241.6,0.8689214514,2
6000,241.65,0.8689741248,2
6000,241.7,0.8690268097,2
6000,241.75,0.8690795063,2
6000,241.8,0.8691322144,2
6000,241.85,0.8691849341,2
6000,241.9,0.8692376653,2
6000,241.95,0.8692904081,2
6000,242,0.8693431625,2
6000,242.05,0.8693959284,2
6000,242.1,0.8694487059,2
6000,242.15,0.8695014949,2
6000,242.2,0.8695542955,2
6000,242.25,0.8696071076,2
6000,242.3,0.8696599312,2
6000,242.35,0.8697127664,2
6000,242.4,0.8697656131,2
6000,242.45,0.8698184713,2
6000,242.5,0.869871341,2
6000,242.55,0.8699242223,2
6000,242.6,0.8699771151,2
6000,242.65,0.8700300194,2
6000,242.7,0.8700829352,2
6000,242.75,0.8701358625,2
6000,242.8,0.8701888013,2
6000,242.85,0.8702417516,2
6000,242.9,0.8702947133,2
6000,242.95,0.8703476866,2
6000,243,0.8704006714,2
6000,243.05,0.8704536676,2
6000,243.1,0.8705066753,2
6000,243.15,0.8705596945,2
6000,243.2,0.8706127251,2
6000,243.25,0.8706657673,2
6000,243.3,0.8707188208,2
6000,243.35,0.8707718859,2
6000,243.4,0.8708249624,2
6000,243.45,0.8708780503,2
6000,243.5,0.8709311497,2
6000,243.55,0.8709842605,2
6000,243.6,0.8710373828,2
6000,243.65,0.8710905165,2
6000,243.7,0.8711436616,2
6000,243.75,0.8711968182,2
6000,243.8,0.8712499862,2
6000,243.85,0.8713031656,2
6000,243.9,0.8713563564,2
6000,243.95,0.8714095586,2
6000,244,0.8714627723,2
6000,244.05,0.8715159973,2
6000,244.1,0.8715692338,2
6000,244.15,0.8716224816,2
6000,244.2,0.8716757408,2
6000,244.25,0.8717290115,2
6000,244.3,0.8717822935,2
6000,244.35,0.8718355869,2
6000,244.4,0.8718888916,2
6000,244.45,0.8719422078,2
6000,244.5,0.8719955353,2
6000,244.55,0.8720488742,2
6000,244.6,0.8721022244,2
6000,244.65,0.872155586,2
6000,244.7,0.8722089589,2
6000,244.75,0.8722623432,2
6000,244.8,0.8723157389,2
6000,244.85,0.8723691459,2
6000,244.9,0.8724225642,2
6000,244.95,0.8724759938,2
6000,245,0.8725294348,2
6000,245.05,0.8725828871,2
6000,245.1,0.8726363508,2
6000,245.15,0.8726898257,2
6000,245.2,0.872743312,2
6000,245.25,0.8727968096,2
6000,245.3,0.8728503185,2
6000,245.35,0.8729038387,2
6000,245.4,0.8729573702,2
6000,245.45,0.873010913,2
6000,245.5,0.873064467,2
6000,245.55,0.8731180324,2
6000,245.6,0.873171609,2
6000,245.65,0.873225197,2
6000,245.7,0.8732787962,2
6000,245.75,0.8733324066,2
6000,245.8,0.8733860284,2
6000,245.85,0.8734396614,2
6000,245.9,0.8734933056,2
6000,245.95,0.8735469612,2
6000,246,0.8736006279,2
6000,246.05,0.8736543059,2
6000,246.1,0.8737079952,2
6000,246.15,0.8737616957,2
6000,246.2,0.8738154074,2
6000,246.25,0.8738691304,2
6000,246.3,0.8739228646,2
6000,246.35,0.87397661,2
6000,246.4,0.8740303666,2
6000,246.45,0.8740841345,2
6000,246.5,0.8741379135,2
6000,246.55,0.8741917038,2
6000,246.6,0.8742455053,2
6000,246.65,0.8742993179,2
6000,246.7,0.8743531418,2
6000,246.75,0.8744069768,2
6000,246.8,0.8744608231,2
6000,246.85,0.8745146805,2
6000,246.9,0.8745685491,2
6000,246.95,0.8746224288,2
6000,247,0.8746763198,2
6000,247.05,0.8747302219,2
6000,247.1,0.8747841352,2
6000,247.15,0.8748380596,2
6000,247.2,0.8748919952,2
6000,247.25,0.8749459419,2
6000,247.3,0.8749998998,2
6000,247.35,0.8750538688,2
6000,247.4,0.8751078489,2
6000,247.45,0.8751618402,2
6000,247.5,0.8752158426,2
6000,247.55,0.8752698562,2
6000,247.6,0.8753238808,2
6000,247.65,0.8753779166,2
6000,247.7,0.8754319635,2
6000,247.75,0.8754860215,2
6000,247.8,0.8755400906,2
6000,247.85,0.8755941708,2
6000,247.9,0.8756482621,2
6000,247.95,0.8757023644,2
6000,248,0.8757564779,2
6000,248.05,0.8758106025,2
6000,248.1,0.8758647381,2
6000,248.15,0.8759188848,2
6000,248.2,0.8759730426,2
6000,248.25,0.8760272114,2
6000,248.3,0.8760813913,2
6000,248.35,0.8761355823,2
6000,248.4,0.8761897843,2
6000,248.45,0.8762439974,2
6000,248.5,0.8762982215,2
6000,248.55,0.8763524566,2
6000,248.6,0.8764067028,2
6000,248.65,0.87646096,2
6000,248.7,0.8765152283,2
6000,248.75,0.8765695076,2
6000,248.8,0.8766237979,2
6000,248.85,0.8766780992,2
6000,248.9,0.8767324115,2
6000,248.95,0.8767867348,2
6000,249,0.8768410691,2
6000,249.05,0.8768954145,2
6000,249.1,0.8769497708,2
6000,249.15,0.8770041381,2
6000,249.2,0.8770585164,2
6000,249.25,0.8771129056,2
6000,249.3,0.8771673059,2
6000,249.35,0.8772217171,2
6000,249.4,0.8772761393,2
6000,249.45,0.8773305725,2
6000,249.5,0.8773850166,2
6000,249.55,0.8774394717,2
6000,249.6,0.8774939377,2
6000,249.65,0.8775484147,2
6000,249.7,0.8776029026,2
6000,249.75,0.8776574014,2
6000,249.8,0.8777119112,2
6000,249.85,0.8777664319,2
6000,249.9,0.8778209635,2
6000,249.95,0.8778755061,2
6000,250,0.8779300596,2
6000,250.05,0.877984624,2
6000,250.1,0.8780391992,2
6000,250.15,0.8780937854,2
6000,250.2,0.8781483825,2
6000,250.25,0.8782029905,2
6000,250.3,0.8782576094,2
6000,250.35,0.8783122392,2
6000,250.4,0.8783668798,2
6000,250.45,0.8784215313,2
6000,250.5,0.8784761937,2
6000,250.55,0.878530867,2
6000,250.6,0.8785855511,2
6000,250.65,0.8786402461,2
6000,250.7,0.8786949519,2
6000,250.75,0.8787496686,2
6000,250.8,0.8788043962,2
6000,250.85,0.8788591345,2
6000,250.9,0.8789138838,2
6000,250.95,0.8789686438,2
6000,251,0.8790234147,2
6000,251.05,0.8790781964,2
6000,251.1,0.8791329889,2
6000,251.15,0.8791877922,2
6000,251.2,0.8792426064,2
6000,251.25,0.8792974313,2
6000,251.3,0.8793522671,2
6000,251.35,0.8794071136,2
6000,251.4,0.8794619709,2
6000,251.45,0.8795168391,2
6000,251.5,0.879571718,2
6000,251.55,0.8796266077,2
6000,251.6,0.8796815081,2
6000,251.65,0.8797364194,2
6000,251.7,0.8797913414,2
6000,251.75,0.8798462741,2
6000,251.8,0.8799012176,2
6000,251.85,0.8799561719,2
6000,251.9,0.8800111369,2
6000,251.95,0.8800661127,2
6000,252,0.8801210992,2
6000,252.05,0.8801760964,2
6000,252.1,0.8802311044,2
6000,252.15,0.880286123,2
6000,252.2,0.8803411524,2
6000,252.25,0.8803961926,2
6000,252.3,0.8804512434,2
6000,252.35,0.8805063049,2
6000,252.4,0.8805613772,2
6000,252.45,0.8806164601,2
6000,252.5,0.8806715537,2
6000,252.55,0.880726658,2
6000,252.6,0.880781773,2
6000,252.65,0.8808368987,2
6000,252.7,0.8808920351,2
6000,252.75,0.8809471821,2
6000,252.8,0.8810023398,2
6000,252.85,0.8810575081,2
6000,252.9,0.8811126871,2
6000,252.95,0.8811678768,2
6000,253,0.8812230771,2
6000,253.05,0.881278288,2
6000,253.1,0.8813335096,2
6000,253.15,0.8813887418,2
6000,253.2,0.8814439847,2
6000,253.25,0.8814992381,2
6000,253.3,0.8815545022,2
6000,253.35,0.8816097769,2
6000,253.4,0.8816650622,2
6000,253.45,0.8817203581,2
6000,253.5,0.8817756646,2
6000,253.55,0.8818309817,2
6000,253.6,0.8818863094,2
6000,253.65,0.8819416477,2
6000,253.7,0.8819969966,2
6000,253.75,0.882052356,2
6000,253.8,0.8821077261,2
6000,253.85,0.8821631066,2
6000,253.9,0.8822184978,2
6000,253.95,0.8822738995,2
6000,254,0.8823293117,2
6000,254.05,0.8823847346,2
6000,254.1,0.8824401679,2
6000,254.15,0.8824956118,2
6000,254.2,0.8825510662,2
6000,254.25,0.8826065312,2
6000,254.3,0.8826620066,2
6000,254.35,0.8827174926,2
6000,254.4,0.8827729892,2
6000,254.45,0.8828284962,2
6000,254.5,0.8828840137,2
6000,254.55,0.8829395417,2
6000,254.6,0.8829950803,2
6000,254.65,0.8830506293,2
6000,254.7,0.8831061888,2
6000,254.75,0.8831617588,2
6000,254.8,0.8832173393,2
6000,254.85,0.8832729302,2
6000,254.9,0.8833285316,2
6000,254.95,0.8833841435,2
6000,255,0.8834397658,2
6000,255.05,0.8834953986,2
6000,255.1,0.8835510418,2
6000,255.15,0.8836066955,2
6000,255.2,0.8836623596,2
6000,255.25,0.8837180342,2
6000,255.3,0.8837737191,2
6000,255.35,0.8838294145,2
6000,255.4,0.8838851204,2
6000,255.45,0.8839408366,2
6000,255.5,0.8839965632,2
6000,255.55,0.8840523003,2
6000,255.6,0.8841080477,2
6000,255.65,0.8841638056,2
6000,255.7,0.8842195738,2
6000,255.75,0.8842753524,2
6000,255.8,0.8843311414,2
6000,255.85,0.8843869408,2
6000,255.9,0.8844427506,2
6000,255.95,0.8844985707,2
6000,256,0.8845544012,2
6000,256.05,0.884610242,2
6000,256.1,0.8846660932,2
6000,256.15,0.8847219547,2
6000,256.2,0.8847778266,2
6000,256.25,0.8848337088,2
6000,256.3,0.8848896014,2
6000,256.35,0.8849455042,2
6000,256.4,0.8850014174,2
6000,256.45,0.8850573409,2
6000,256.5,0.8851132748,2
6000,256.55,0.8851692189,2
6000,256.6,0.8852251733,2
6000,256.65,0.8852811381,2
6000,256.7,0.8853371131,2
6000,256.75,0.8853930984,2
6000,256.8,0.885449094,2
6000,256.85,0.8855050999,2
6000,256.9,0.885561116,2
6000,256.95,0.8856171424,2
6000,257,0.8856731791,2
6000,257.05,0.885729226,2
6000,257.1,0.8857852832,2
6000,257.15,0.8858413506,2
6000,257.2,0.8858974283,2
6000,257.25,0.8859535162,2
6000,257.3,0.8860096144,2
6000,257.35,0.8860657228,2
6000,257.4,0.8861218414,2
6000,257.45,0.8861779702,2
6000,257.5,0.8862341092,2
6000,257.55,0.8862902584,2
6000,257.6,0.8863464179,2
6000,257.65,0.8864025875,2
6000,257.7,0.8864587673,2
6000,257.75,0.8865149574,2
6000,257.8,0.8865711576,2
6000,257.85,0.8866273679,2
6000,257.9,0.8866835885,2
6000,257.95,0.8867398192,2
6000,258,0.8867960601,2
6000,258.05,0.8868523111,2
6000,258.1,0.8869085723,2
6000,258.15,0.8869648436,2
6000,258.2,0.8870211251,2
6000,258.25,0.8870774167,2
6000,258.3,0.8871337185,2
6000,258.35,0.8871900304,2
6000,258.4,0.8872463524,2
6000,258.45,0.8873026845,2
6000,258.5,0.8873590267,2
6000,258.55,0.887415379,2
6000,258.6,0.8874717415,2
6000,258.65,0.887528114,2
6000,258.7,0.8875844966,2
6000,258.75,0.8876408893,2
6000,258.8,0.8876972921,2
6000,258.85,0.887753705,2
6000,258.9,0.8878101279,2
6000,258.95,0.8878665609,2
6000,259,0.887923004,2
6000,259.05,0.8879794571,2
6000,259.1,0.8880359202,2
6000,259.15,0.8880923934,2
6000,259.2,0.8881488767,2
6000,259.25,0.88820537,2
6000,259.3,0.8882618733,2
6000,259.35,0.8883183866,2
6000,259.4,0.88837491,2
6000,259.45,0.8884314434,2
6000,259.5,0.8884879867,2
6000,259.55,0.8885445401,2
6000,259.6,0.8886011035,2
6000,259.65,0.8886576769,2
6000,259.7,0.8887142602,2
6000,259.75,0.8887708536,2
6000,259.8,0.8888274569,2
6000,259.85,0.8888840702,2
6000,259.9,0.8889406934,2
6000,259.95,0.8889973267,2
6000,260,0.8890539698,2
6000,260.05,0.889110623,2
6000,260.1,0.889167286,2
6000,260.15,0.8892239591,2
6000,260.2,0.889280642,2
6000,260.25,0.8893373349,2
6000,260.3,0.8893940377,2
6000,260.35,0.8894507504,2
6000,260.4,0.8895074731,2
6000,260.45,0.8895642056,2
6000,260.5,0.8896209481,2
6000,260.55,0.8896777004,2
6000,260.6,0.8897344627,2
6000,260.65,0.8897912348,2
6000,260.7,0.8898480168,2
6000,260.75,0.8899048087,2
6000,260.8,0.8899616105,2
6000,260.85,0.8900184221,2
6000,260.9,0.8900752436,2
6000,260.95,0.8901320749,2
6000,261,0.8901889161,2
6000,261.05,0.8902457672,2
6000,261.1,0.8903026281,2
6000,261.15,0.8903594988,2
6000,261.2,0.8904163793,2
6000,261.25,0.8904732697,2
6000,261.3,0.8905301699,2
6000,261.35,0.8905870799,2
6000,261.4,0.8906439997,2
6000,261.45,0.8907009293,2
6000,261.5,0.8907578688,2
6000,261.55,0.890814818,2
6000,261.6,0.890871777,2
6000,261.65,0.8909287457,2
6000,261.7,0.8909857243,2
6000,261.75,0.8910427126,2
6000,261.8,0.8910997107,2
6000,261.85,0.8911567185,2
6000,261.9,0.8912137361,2
6000,261.95,0.8912707635,2
6000,262,0.8913278006,2
6000,262.05,0.8913848474,2
6000,262.1,0.891441904,2
6000,262.15,0.8914989702,2
6000,262.2,0.8915560463,2
6000,262.25,0.891613132,2
6000,262.3,0.8916702274,2
6000,262.35,0.8917273326,2
6000,262.4,0.8917844474,2
6000,262.45,0.8918415719,2
6000,262.5,0.8918987062,2
6000,262.55,0.8919558501,2
6000,262.6,0.8920130037,2
6000,262.65,0.8920701669,2
6000,262.7,0.8921273399,2
6000,262.75,0.8921845224,2
6000,262.8,0.8922417147,2
6000,262.85,0.8922989166,2
6000,262.9,0.8923561281,2
6000,262.95,0.8924133493,2
6000,263,0.8924705801,2
6000,263.05,0.8925278206,2
6000,263.1,0.8925850706,2
6000,263.15,0.8926423303,2
6000,263.2,0.8926995996,2
6000,263.25,0.8927568785,2
6000,263.3,0.892814167,2
6000,263.35,0.8928714651,2
6000,263.4,0.8929287728,2
6000,263.45,0.8929860901,2
6000,263.5,0.8930434169,2
6000,263.55,0.8931007534,2
6000,263.6,0.8931580994,2
6000,263.65,0.8932154549,2
6000,263.7,0.89327282,2
6000,263.75,0.8933301947,2
6000,263.8,0.8933875789,2
6000,263.85,0.8934449727,2
6000,263.9,0.893502376,2
6000,263.95,0.8935597888,2
6000,264,0.8936172111,2
6000,264.05,0.893674643,2
6000,264.1,0.8937320843,2
6000,264.15,0.8937895352,2
6000,264.2,0.8938469956,2
6000,264.25,0.8939044655,2
6000,264.3,0.8939619448,2
6000,264.35,0.8940194337,2
6000,264.4,0.894076932,2
6000,264.45,0.8941344398,2
6000,264.5,0.894191957,2
6000,264.55,0.8942494838,2
6000,264.6,0.8943070199,2
6000,264.65,0.8943645656,2
6000,264.7,0.8944221207,2
6000,264.75,0.8944796852,2
6000,264.8,0.8945372591,2
6000,264.85,0.8945948425,2
6000,264.9,0.8946524353,2
6000,264.95,0.8947100375,2
6000,265,0.8947676491,2
6000,265.05,0.8948252702,2
6000,265.1,0.8948829006,2
6000,265.15,0.8949405404,2
6000,265.2,0.8949981896,2
6000,265.25,0.8950558482,2
6000,265.3,0.8951135162,2
6000,265.35,0.8951711935,2
6000,265.4,0.8952288802,2
6000,265.45,0.8952865763,2
6000,265.5,0.8953442817,2
6000,265.55,0.8954019965,2
6000,265.6,0.8954597206,2
6000,265.65,0.895517454,2
6000,265.7,0.8955751968,2
6000,265.75,0.8956329489,2
6000,265.8,0.8956907103,2
6000,265.85,0.895748481,2
6000,265.9,0.8958062611,2
6000,265.95,0.8958640504,2
6000,266,0.8959218491,2
6000,266.05,0.895979657,2
6000,266.1,0.8960374742,2
6000,266.15,0.8960953007,2
6000,266.2,0.8961531365,2
6000,266.25,0.8962109815,2
6000,266.3,0.8962688358,2
6000,266.35,0.8963266993,2
6000,266.4,0.8963845721,2
6000,266.45,0.8964424542,2
6000,266.5,0.8965003455,2
6000,266.55,0.896558246,2
6000,266.6,0.8966161557,2
6000,266.65,0.8966740747,2
6000,266.7,0.8967320029,2
6000,266.75,0.8967899402,2
6000,266.8,0.8968478868,2
6000,266.85,0.8969058426,2
6000,266.9,0.8969638076,2
6000,266.95,0.8970217818,2
6000,267,0.8970797651,2
6000,267.05,0.8971377576,2
6000,267.1,0.8971957593,2
6000,267.15,0.8972537702,2
6000,267.2,0.8973117902,2
6000,267.25,0.8973698193,2
6000,267.3,0.8974278576,2
6000,267.35,0.8974859051,2
6000,267.4,0.8975439616,2
6000,267.45,0.8976020273,2
6000,267.5,0.8976601022,2
6000,267.55,0.8977181861,2
6000,267.6,0.8977762791,2
6000,267.65,0.8978343813,2
6000,267.7,0.8978924925,2
6000,267.75,0.8979506129,2
6000,267.8,0.8980087423,2
6000,267.85,0.8980668808,2
6000,267.9,0.8981250284,2
6000,267.95,0.898183185,2
6000,268,0.8982413507,2
6000,268.05,0.8982995255,2
6000,268.1,0.8983577093,2
6000,268.15,0.8984159022,2
6000,268.2,0.8984741041,2
6000,268.25,0.898532315,2
6000,268.3,0.898590535,2
6000,268.35,0.8986487639,2
6000,268.4,0.8987070019,2
6000,268.45,0.8987652489,2
6000,268.5,0.8988235049,2
6000,268.55,0.8988817699,2
6000,268.6,0.8989400439,2
6000,268.65,0.8989983269,2
6000,268.7,0.8990566188,2
6000,268.75,0.8991149198,2
6000,268.8,0.8991732297,2
6000,268.85,0.8992315485,2
6000,268.9,0.8992898763,2
6000,268.95,0.8993482131,2
6000,269,0.8994065588,2
6000,269.05,0.8994649134,2
6000,269.1,0.899523277,2
6000,269.15,0.8995816494,2
6000,269.2,0.8996400309,2
6000,269.25,0.8996984212,2
6000,269.3,0.8997568204,2
6000,269.35,0.8998152285,2
6000,269.4,0.8998736455,2
6000,269.45,0.8999320714,2
6000,269.5,0.8999905062,2
6000,269.55,0.9000489499,2
6000,269.6,0.9001074024,2
6000,269.65,0.9001658638,2
6000,269.7,0.9002243341,2
6000,269.75,0.9002828132,2
6000,269.8,0.9003413011,2
6000,269.85,0.9003997979,2
6000,269.9,0.9004583035,2
6000,269.95,0.900516818,2
6000,270,0.9005753413,2
6000,270.05,0.9006338733,2
6000,270.1,0.9006924142,2
6000,270.15,0.9007509639,2
6000,270.2,0.9008095224,2
6000,270.25,0.9008680897,2
6000,270.3,0.9009266658,2
6000,270.35,0.9009852506,2
6000,270.4,0.9010438442,2
6000,270.45,0.9011024466,2
6000,270.5,0.9011610578,2
6000,270.55,0.9012196777,2
6000,270.6,0.9012783063,2
6000,270.65,0.9013369437,2
6000,270.7,0.9013955898,2
6000,270.75,0.9014542447,2
6000,270.8,0.9015129082,2
6000,270.85,0.9015715805,2
6000,270.9,0.9016302615,2
6000,270.95,0.9016889512,2
6000,271,0.9017476496,2
6000,271.05,0.9018063567,2
6000,271.1,0.9018650725,2
6000,271.15,0.9019237969,2
6000,271.2,0.90198253,2
6000,271.25,0.9020412718,2
6000,271.3,0.9021000223,2
6000,271.35,0.9021587814,2
6000,271.4,0.9022175492,2
6000,271.45,0.9022763256,2
6000,271.5,0.9023351106,2
6000,271.55,0.9023939042,2
6000,271.6,0.9024527065,2
6000,271.65,0.9025115174,2
6000,271.7,0.9025703369,2
6000,271.75,0.9026291651,2
6000,271.8,0.9026880018,2
6000,271.85,0.9027468471,2
6000,271.9,0.902805701,2
6000,271.95,0.9028645634,2
6000,272,0.9029234345,2
6000,272.05,0.9029823141,2
6000,272.1,0.9030412023,2
6000,272.15,0.903100099,2
6000,272.2,0.9031590043,2
6000,272.25,0.9032179181,2
6000,272.3,0.9032768404,2
6000,272.35,0.9033357713,2
6000,272.4,0.9033947107,2
6000,272.45,0.9034536586,2
6000,272.5,0.903512615,2
6000,272.55,0.90357158,2
6000,272.6,0.9036305534,2
6000,272.65,0.9036895353,2
6000,272.7,0.9037485257,2
6000,272.75,0.9038075246,2
6000,272.8,0.9038665319,2
6000,272.85,0.9039255477,2
6000,272.9,0.903984572,2
6000,272.95,0.9040436047,2
6000,273,0.9041026459,2
6000,273.05,0.9041616955,2
6000,273.1,0.9042207536,2
6000,273.15,0.90427982,2
6000,273.2,0.9043388949,2
6000,273.25,0.9043979782,2
6000,273.3,0.9044570699,2
6000,273.35,0.90451617,2
6000,273.4,0.9045752786,2
6000,273.45,0.9046343955,2
6000,273.5,0.9046935207,2
6000,273.55,0.9047526544,2
6000,273.6,0.9048117964,2
6000,273.65,0.9048709468,2
6000,273.7,0.9049301055,2
6000,273.75,0.9049892726,2
6000,273.8,0.9050484481,2
6000,273.85,0.9051076318,2
6000,273.9,0.905166824,2
6000,273.95,0.9052260244,2
6000,274,0.9052852331,2
6000,274.05,0.9053444502,2
6000,274.1,0.9054036755,2
6000,274.15,0.9054629092,2
6000,274.2,0.9055221512,2
6000,274.25,0.9055814014,2
6000,274.3,0.9056406599,2
6000,274.35,0.9056999267,2
6000,274.4,0.9057592018,2
6000,274.45,0.9058184851,2
6000,274.5,0.9058777766,2
6000,274.55,0.9059370765,2
6000,274.6,0.9059963845,2
6000,274.65,0.9060557008,2
6000,274.7,0.9061150253,2
6000,274.75,0.906174358,2
6000,274.8,0.906233699,2
6000,274.85,0.9062930481,2
6000,274.9,0.9063524055,2
6000,274.95,0.906411771,2
6000,275,0.9064711448,2
6000,275.05,0.9065305267,2
6000,275.1,0.9065899168,2
6000,275.15,0.906649315,2
6000,275.2,0.9067087215,2
6000,275.25,0.906768136,2
6000,275.3,0.9068275588,2
6000,275.35,0.9068869896,2
6000,275.4,0.9069464286,2
6000,275.45,0.9070058758,2
6000,275.5,0.907065331,2
6000,275.55,0.9071247944,2
6000,275.6,0.9071842658,2
6000,275.65,0.9072437454,2
6000,275.7,0.9073032331,2
6000,275.75,0.9073627288,2
6000,275.8,0.9074222327,2
6000,275.85,0.9074817446,2
6000,275.9,0.9075412646,2
6000,275.95,0.9076007926,2
6000,276,0.9076603287,2
6000,276.05,0.9077198729,2
6000,276.1,0.9077794251,2
6000,276.15,0.9078389853,2
6000,276.2,0.9078985536,2
6000,276.25,0.9079581299,2
6000,276.3,0.9080177142,2
6000,276.35,0.9080773065,2
6000,276.4,0.9081369068,2
6000,276.45,0.9081965151,2
6000,276.5,0.9082561314,2
6000,276.55,0.9083157557,2
6000,276.6,0.9083753879,2
6000,276.65,0.9084350281,2
6000,276.7,0.9084946763,2
6000,276.75,0.9085543324,2
6000,276.8,0.9086139965,2
6000,276.85,0.9086736686,2
6000,276.9,0.9087333485,2
6000,276.95,0.9087930364,2
6000,277,0.9088527322,2
6000,277.05,0.908912436,2
6000,277.1,0.9089721476,2
6000,277.15,0.9090318672,2
6000,277.2,0.9090915946,2
6000,277.25,0.9091513299,2
6000,277.3,0.9092110731,2
6000,277.35,0.9092708242,2
6000,277.4,0.9093305832,2
6000,277.45,0.90939035,2
6000,277.5,0.9094501246,2
6000,277.55,0.9095099071,2
6000,277.6,0.9095696975,2
6000,277.65,0.9096294957,2
6000,277.7,0.9096893017,2
6000,277.75,0.9097491155,2
6000,277.8,0.9098089372,2
6000,277.85,0.9098687666,2
6000,277.9,0.9099286039,2
6000,277.95,0.909988449,2
6000,278,0.9100483018,2
6000,278.05,0.9101081624,2
6000,278.1,0.9101680308,2
6000,278.15,0.910227907,2
6000,278.2,0.9102877909,2
6000,278.25,0.9103476825,2
6000,278.3,0.910407582,2
6000,278.35,0.9104674891,2
6000,278.4,0.910527404,2
6000,278.45,0.9105873266,2
6000,278.5,0.9106472569,2
6000,278.55,0.910707195,2
6000,278.6,0.9107671407,2
6000,278.65,0.9108270942,2
6000,278.7,0.9108870553,2
6000,278.75,0.9109470241,2
6000,278.8,0.9110070006,2
6000,278.85,0.9110669848,2
6000,278.9,0.9111269766,2
6000,278.95,0.9111869761,2
6000,279,0.9112469832,2
6000,279.05,0.911306998,2
6000,279.1,0.9113670204,2
6000,279.15,0.9114270505,2
6000,279.2,0.9114870881,2
6000,279.25,0.9115471334,2
6000,279.3,0.9116071863,2
6000,279.35,0.9116672468,2
6000,279.4,0.9117273149,2
6000,279.45,0.9117873906,2
6000,279.5,0.9118474738,2
6000,279.55,0.9119075646,2
6000,279.6,0.911967663,2
6000,279.65,0.912027769,2
6000,279.7,0.9120878825,2
6000,279.75,0.9121480035,2
6000,279.8,0.9122081321,2
6000,279.85,0.9122682682,2
6000,279.9,0.9123284119,2
6000,279.95,0.912388563,2
6000,280,0.9124487217,2
6000,280.05,0.9125088879,2
6000,280.1,0.9125690616,2
6000,280.15,0.9126292427,2
6000,280.2,0.9126894314,2
6000,280.25,0.9127496275,2
6000,280.3,0.9128098311,2
6000,280.35,0.9128700422,2
6000,280.4,0.9129302607,2
6000,280.45,0.9129904866,2
6000,280.5,0.91305072,2
6000,280.55,0.9131109609,2
6000,280.6,0.9131712091,2
6000,280.65,0.9132314648,2
6000,280.7,0.9132917279,2
6000,280.75,0.9133519984,2
6000,280.8,0.9134122763,2
6000,280.85,0.9134725616,2
6000,280.9,0.9135328542,2
6000,280.95,0.9135931543,2
6000,281,0.9136534617,2
6000,281.05,0.9137137765,2
6000,281.1,0.9137740986,2
6000,281.15,0.9138344281,2
6000,281.2,0.9138947649,2
6000,281.25,0.9139551091,2
6000,281.3,0.9140154606,2
6000,281.35,0.9140758194,2
6000,281.4,0.9141361855,2
6000,281.45,0.914196559,2
6000,281.5,0.9142569397,2
6000,281.55,0.9143173277,2
6000,281.6,0.9143777231,2
6000,281.65,0.9144381256,2
6000,281.7,0.9144985355,2
6000,281.75,0.9145589526,2
6000,281.8,0.914619377,2
6000,281.85,0.9146798086,2
6000,281.9,0.9147402475,2
6000,281.95,0.9148006936,2
6000,282,0.914861147,2
6000,282.05,0.9149216075,2
6000,282.1,0.9149820753,2
6000,282.15,0.9150425503,2
6000,282.2,0.9151030325,2
6000,282.25,0.9151635218,2
6000,282.3,0.9152240184,2
6000,282.35,0.9152845221,2
6000,282.4,0.915345033,2
6000,282.45,0.9154055511,2
6000,282.5,0.9154660763,2
6000,282.55,0.9155266087,2
6000,282.6,0.9155871482,2
6000,282.65,0.9156476949,2
6000,282.7,0.9157082487,2
6000,282.75,0.9157688096,2
6000,282.8,0.9158293776,2
6000,282.85,0.9158899527,2
6000,282.9,0.9159505349,2
6000,282.95,0.9160111242,2
6000,283,0.9160717206,2
6000,283.05,0.9161323241,2
6000,283.1,0.9161929346,2
6000,283.15,0.9162535522,2
6000,283.2,0.9163141769,2
6000,283.25,0.9163748086,2
6000,283.3,0.9164354474,2
6000,283.35,0.9164960931,2
6000,283.4,0.916556746,2
6000,283.45,0.9166174058,2
6000,283.5,0.9166780726,2
6000,283.55,0.9167387465,2
6000,283.6,0.9167994273,2
6000,283.65,0.9168601151,2
6000,283.7,0.91692081,2
6000,283.75,0.9169815118,2
6000,283.8,0.9170422205,2
6000,283.85,0.9171029362,2
6000,283.9,0.9171636589,2
6000,283.95,0.9172243885,2
6000,284,0.9172851251,2
6000,284.05,0.9173458686,2
6000,284.1,0.917406619,2
6000,284.15,0.9174673763,2
6000,284.2,0.9175281406,2
6000,284.25,0.9175889117,2
6000,284.3,0.9176496897,2
6000,284.35,0.9177104747,2
6000,284.4,0.9177712665,2
6000,284.45,0.9178320652,2
6000,284.5,0.9178928707,2
6000,284.55,0.9179536831,2
6000,284.6,0.9180145024,2
6000,284.65,0.9180753285,2
6000,284.7,0.9181361614,2
6000,284.75,0.9181970011,2
6000,284.8,0.9182578477,2
6000,284.85,0.9183187011,2
6000,284.9,0.9183795613,2
6000,284.95,0.9184404283,2
6000,285,0.9185013021,2
6000,285.05,0.9185621827,2
6000,285.1,0.9186230701,2
6000,285.15,0.9186839642,2
6000,285.2,0.9187448651,2
6000,285.25,0.9188057727,2
6000,285.3,0.9188666871,2
6000,285.35,0.9189276082,2
6000,285.4,0.9189885361,2
6000,285.45,0.9190494707,2
6000,285.5,0.919110412,2
6000,285.55,0.91917136,2
6000,285.6,0.9192323147,2
6000,285.65,0.9192932761,2
6000,285.7,0.9193542442,2
6000,285.75,0.919415219,2
6000,285.8,0.9194762004,2
6000,285.85,0.9195371886,2
6000,285.9,0.9195981833,2
6000,285.95,0.9196591847,2
6000,286,0.9197201928,2
6000,286.05,0.9197812075,2
6000,286.1,0.9198422288,2
6000,286.15,0.9199032568,2
6000,286.2,0.9199642914,2
6000,286.25,0.9200253325,2
6000,286.3,0.9200863803,2
6000,286.35,0.9201474347,2
6000,286.4,0.9202084956,2
6000,286.45,0.9202695631,2
6000,286.5,0.9203306372,2
6000,286.55,0.9203917178,2
6000,286.6,0.920452805,2
6000,286.65,0.9205138988,2
6000,286.7,0.920574999,2
6000,286.75,0.9206361058,2
6000,286.8,0.9206972192,2
6000,286.85,0.920758339,2
6000,286.9,0.9208194654,2
6000,286.95,0.9208805982,2
6000,287,0.9209417376,2
6000,287.05,0.9210028834,2
6000,287.1,0.9210640357,2
6000,287.15,0.9211251945,2
6000,287.2,0.9211863597,2
6000,287.25,0.9212475314,2
6000,287.3,0.9213087095,2
6000,287.35,0.9213698941,2
6000,287.4,0.9214310851,2
6000,287.45,0.9214922826,2
6000,287.5,0.9215534864,2
6000,287.55,0.9216146967,2
6000,287.6,0.9216759133,2
6000,287.65,0.9217371364,2
6000,287.7,0.9217983658,2
6000,287.75,0.9218596016,2
6000,287.8,0.9219208438,2
6000,287.85,0.9219820924,2
6000,287.9,0.9220433473,2
6000,287.95,0.9221046085,2
6000,288,0.9221658761,2
6000,288.05,0.9222271501,2
6000,288.1,0.9222884303,2
6000,288.15,0.9223497169,2
6000,288.2,0.9224110098,2
6000,288.25,0.9224723089,2
6000,288.3,0.9225336144,2
6000,288.35,0.9225949262,2
6000,288.4,0.9226562442,2
6000,288.45,0.9227175685,2
6000,288.5,0.9227788991,2
6000,288.55,0.9228402359,2
6000,288.6,0.922901579,2
6000,288.65,0.9229629283,2
6000,288.7,0.9230242839,2
6000,288.75,0.9230856456,2
6000,288.8,0.9231470136,2
6000,288.85,0.9232083878,2
6000,288.9,0.9232697682,2
6000,288.95,0.9233311548,2
6000,289,0.9233925476,2
6000,289.05,0.9234539466,2
6000,289.1,0.9235153517,2
6000,289.15,0.923576763,2
6000,289.2,0.9236381804,2
6000,289.25,0.923699604,2
6000,289.3,0.9237610338,2
6000,289.35,0.9238224696,2
6000,289.4,0.9238839116,2
6000,289.45,0.9239453597,2
6000,289.5,0.924006814,2
6000,289.55,0.9240682743,2
6000,289.6,0.9241297407,2
6000,289.65,0.9241912132,2
6000,289.7,0.9242526918,2
6000,289.75,0.9243141764,2
6000,289.8,0.9243756671,2
6000,289.85,0.9244371639,2
6000,289.9,0.9244986667,2
6000,289.95,0.9245601755,2
6000,290,0.9246216904,2
6000,290.05,0.9246832113,2
6000,290.1,0.9247447382,2
6000,290.15,0.9248062711,2
6000,290.2,0.9248678101,2
6000,290.25,0.924929355,2
6000,290.3,0.9249909059,2
6000,290.35,0.9250524627,2
6000,290.4,0.9251140256,2
6000,290.45,0.9251755944,2
6000,290.5,0.9252371691,2
6000,290.55,0.9252987498,2
6000,290.6,0.9253603365,2
6000,290.65,0.925421929,2
6000,290.7,0.9254835275,2
6000,290.75,0.9255451319,2
6000,290.8,0.9256067422,2
6000,290.85,0.9256683584,2
6000,290.9,0.9257299805,2
6000,290.95,0.9257916085,2
6000,291,0.9258532423,2
6000,291.05,0.925914882,2
6000,291.1,0.9259765276,2
6000,291.15,0.926038179,2
6000,291.2,0.9260998363,2
6000,291.25,0.9261614994,2
6000,291.3,0.9262231683,2
6000,291.35,0.926284843,2
6000,291.4,0.9263465236,2
6000,291.45,0.9264082099,2
6000,291.5,0.9264699021,2
6000,291.55,0.9265316,2
6000,291.6,0.9265933037,2
6000,291.65,0.9266550132,2
6000,291.7,0.9267167284,2
6000,291.75,0.9267784494,2
6000,291.8,0.9268401762,2
6000,291.85,0.9269019086,2
6000,291.9,0.9269636469,2
6000,291.95,0.9270253908,2
6000,292,0.9270871404,2
6000,292.05,0.9271488958,2
6000,292.1,0.9272106569,2
6000,292.15,0.9272724236,2
6000,292.2,0.927334196,2
6000,292.25,0.9273959741,2
6000,292.3,0.9274577579,2
6000,292.35,0.9275195473,2
6000,292.4,0.9275813424,2
6000,292.45,0.9276431432,2
6000,292.5,0.9277049495,2
6000,292.55,0.9277667615,2
6000,292.6,0.9278285791,2
6000,292.65,0.9278904023,2
6000,292.7,0.9279522311,2
6000,292.75,0.9280140656,2
6000,292.8,0.9280759056,2
6000,292.85,0.9281377511,2
6000,292.9,0.9281996023,2
6000,292.95,0.928261459,2
6000,293,0.9283233213,2
6000,293.05,0.9283851891,2
6000,293.1,0.9284470624,2
6000,293.15,0.9285089413,2
6000,293.2,0.9285708257,2
6000,293.25,0.9286327156,2
6000,293.3,0.9286946111,2
6000,293.35,0.928756512,2
6000,293.4,0.9288184184,2
6000,293.45,0.9288803303,2
6000,293.5,0.9289422477,2
6000,293.55,0.9290041705,2
6000,293.6,0.9290660988,2
6000,293.65,0.9291280325,2
6000,293.7,0.9291899717,2
6000,293.75,0.9292519163,2
6000,293.8,0.9293138664,2
6000,293.85,0.9293758218,2
6000,293.9,0.9294377827,2
6000,293.95,0.929499749,2
6000,294,0.9295617206,2
6000,294.05,0.9296236977,2
6000,294.1,0.9296856801,2
6000,294.15,0.9297476679,2
6000,294.2,0.929809661,2
6000,294.25,0.9298716595,2
6000,294.3,0.9299336634,2
6000,294.35,0.9299956726,2
6000,294.4,0.9300576871,2
6000,294.45,0.9301197069,2
6000,294.5,0.930181732,2
6000,294.55,0.9302437625,2
6000,294.6,0.9303057982,2
6000,294.65,0.9303678392,2
6000,294.7,0.9304298855,2
6000,294.75,0.9304919371,2
6000,294.8,0.9305539939,2
6000,294.85,0.930616056,2
6000,294.9,0.9306781233,2
6000,294.95,0.9307401959,2
6000,295,0.9308022737,2
6000,295.05,0.9308643567,2
6000,295.1,0.9309264449,2
6000,295.15,0.9309885384,2
6000,295.2,0.931050637,2
6000,295.25,0.9311127408,2
6000,295.3,0.9311748498,2
6000,295.35,0.931236964,2
6000,295.4,0.9312990833,2
6000,295.45,0.9313612078,2
6000,295.5,0.9314233375,2
6000,295.55,0.9314854722,2
6000,295.6,0.9315476121,2
6000,295.65,0.9316097572,2
6000,295.7,0.9316719073,2
6000,295.75,0.9317340625,2
6000,295.8,0.9317962229,2
6000,295.85,0.9318583883,2
6000,295.9,0.9319205588,2
6000,295.95,0.9319827344,2
6000,296,0.932044915,2
6000,296.05,0.9321071007,2
6000,296.1,0.9321692915,2
6000,296.15,0.9322314873,2
6000,296.2,0.9322936881,2
6000,296.25,0.9323558939,2
6000,296.3,0.9324181048,2
6000,296.35,0.9324803207,2
6000,296.4,0.9325425415,2
6000,296.45,0.9326047674,2
6000,296.5,0.9326669982,2
6000,296.55,0.932729234,2
6000,296.6,0.9327914748,2
6000,296.65,0.9328537205,2
6000,296.7,0.9329159712,2
6000,296.75,0.9329782268,2
6000,296.8,0.9330404873,2
6000,296.85,0.9331027528,2
6000,296.9,0.9331650231,2
6000,296.95,0.9332272984,2
6000,297,0.9332895786,2
6000,297.05,0.9333518637,2
6000,297.1,0.9334141536,2
6000,297.15,0.9334764484,2
6000,297.2,0.9335387481,2
6000,297.25,0.9336010526,2
6000,297.3,0.933663362,2
6000,297.35,0.9337256762,2
6000,297.4,0.9337879953,2
6000,297.45,0.9338503192,2
6000,297.5,0.9339126479,2
6000,297.55,0.9339749814,2
6000,297.6,0.9340373196,2
6000,297.65,0.9340996627,2
6000,297.7,0.9341620106,2
6000,297.75,0.9342243632,2
6000,297.8,0.9342867206,2
6000,297.85,0.9343490827,2
6000,297.9,0.9344114496,2
6000,297.95,0.9344738213,2
6000,298,0.9345361976,2
6000,298.05,0.9345985787,2
6000,298.1,0.9346609645,2
6000,298.15,0.934723355,2
6000,298.2,0.9347857502,2
6000,298.25,0.93484815,2
6000,298.3,0.9349105546,2
6000,298.35,0.9349729638,2
6000,298.4,0.9350353777,2
6000,298.45,0.9350977962,2
6000,298.5,0.9351602194,2
6000,298.55,0.9352226472,2
6000,298.6,0.9352850797,2
6000,298.65,0.9353475167,2
6000,298.7,0.9354099584,2
6000,298.75,0.9354724047,2
6000,298.8,0.9355348556,2
6000,298.85,0.935597311,2
6000,298.9,0.935659771,2
6000,298.95,0.9357222356,2
6000,299,0.9357847048,2
6000,299.05,0.9358471785,2
6000,299.1,0.9359096568,2
6000,299.15,0.9359721395,2
6000,299.2,0.9360346268,2
6000,299.25,0.9360971187,2
6000,299.3,0.936159615,2
6000,299.35,0.9362221158,2
6000,299.4,0.9362846212,2
6000,299.45,0.936347131,2
6000,299.5,0.9364096452,2
6000,299.55,0.936472164,2
6000,299.6,0.9365346872,2
6000,299.65,0.9365972148,2
6000,299.7,0.9366597469,2
6000,299.75,0.9367222834,2
6000,299.8,0.9367848244,2
6000,299.85,0.9368473697,2
6000,299.9,0.9369099195,2
6000,299.95,0.9369724737,2
6000,300,0.9370350322,2
6000,300.05,0.9370975951,2
6000,300.1,0.9371601624,2
6000,300.15,0.9372227341,2
6000,300.2,0.9372853101,2
6000,300.25,0.9373478904,2
6000,300.3,0.9374104751,2
6000,300.35,0.9374730641,2
6000,300.4,0.9375356575,2
6000,300.45,0.9375982551,2
6000,300.5,0.9376608571,2
6000,300.55,0.9377234633,2
6000,300.6,0.9377860738,2
6000,300.65,0.9378486886,2
6000,300.7,0.9379113077,2
6000,300.75,0.937973931,2
6000,300.8,0.9380365586,2
6000,300.85,0.9380991904,2
6000,300.9,0.9381618265,2
6000,300.95,0.9382244668,2
6000,301,0.9382871112,2
6000,301.05,0.9383497599,2
6000,301.1,0.9384124128,2
6000,301.15,0.9384750699,2
6000,301.2,0.9385377312,2
6000,301.25,0.9386003966,2
6000,301.3,0.9386630662,2
6000,301.35,0.93872574,2
6000,301.4,0.9387884179,2
6000,301.45,0.9388510999,2
6000,301.5,0.938913786,2
6000,301.55,0.9389764763,2
6000,301.6,0.9390391707,2
6000,301.65,0.9391018692,2
6000,301.7,0.9391645718,2
6000,301.75,0.9392272785,2
6000,301.8,0.9392899892,2
6000,301.85,0.939352704,2
6000,301.9,0.9394154229,2
6000,301.95,0.9394781458,2
6000,302,0.9395408728,2
6000,302.05,0.9396036038,2
6000,302.1,0.9396663388,2
6000,302.15,0.9397290778,2
6000,302.2,0.9397918208,2
6000,302.25,0.9398545679,2
6000,302.3,0.9399173189,2
6000,302.35,0.9399800739,2
6000,302.4,0.9400428329,2
6000,302.45,0.9401055958,2
6000,302.5,0.9401683627,2
6000,302.55,0.9402311335,2
6000,302.6,0.9402939083,2
6000,302.65,0.940356687,2
6000,302.7,0.9404194696,2
6000,302.75,0.9404822561,2
6000,302.8,0.9405450465,2
6000,302.85,0.9406078408,2
6000,302.9,0.940670639,2
6000,302.95,0.9407334411,2
6000,303,0.940796247,2
6000,303.05,0.9408590568,2
6000,303.1,0.9409218704,2
6000,303.15,0.9409846879,2
6000,303.2,0.9410475092,2
6000,303.25,0.9411103343,2
6000,303.3,0.9411731632,2
6000,303.35,0.941235996,2
6000,303.4,0.9412988325,2
6000,303.45,0.9413616728,2
6000,303.5,0.9414245169,2
6000,303.55,0.9414873648,2
6000,303.6,0.9415502164,2
6000,303.65,0.9416130718,2
6000,303.7,0.9416759309,2
6000,303.75,0.9417387937,2
6000,303.8,0.9418016603,2
6000,303.85,0.9418645305,2
6000,303.9,0.9419274045,2
6000,303.95,0.9419902822,2
6000,304,0.9420531636,2
6000,304.05,0.9421160486,2
6000,304.1,0.9421789373,2
6000,304.15,0.9422418297,2
6000,304.2,0.9423047257,2
6000,304.25,0.9423676254,2
6000,304.3,0.9424305287,2
6000,304.35,0.9424934356,2
6000,304.4,0.9425563462,2
6000,304.45,0.9426192603,2
6000,304.5,0.9426821781,2
6000,304.55,0.9427450994,2
6000,304.6,0.9428080243,2
6000,304.65,0.9428709528,2
6000,304.7,0.9429338849,2
6000,304.75,0.9429968205,2
6000,304.8,0.9430597596,2
6000,304.85,0.9431227023,2
6000,304.9,0.9431856485,2
6000,304.95,0.9432485983,2
6000,305,0.9433115515,2
6000,305.05,0.9433745082,2
6000,305.1,0.9434374685,2
6000,305.15,0.9435004322,2
6000,305.2,0.9435633994,2
6000,305.25,0.94362637,2
6000,305.3,0.9436893441,2
6000,305.35,0.9437523217,2
6000,305.4,0.9438153026,2
6000,305.45,0.9438782871,2
6000,305.5,0.9439412749,2
6000,305.55,0.9440042661,2
6000,305.6,0.9440672608,2
6000,305.65,0.9441302588,2
6000,305.7,0.9441932602,2
6000,305.75,0.944256265,2
6000,305.8,0.9443192732,2
6000,305.85,0.9443822847,2
6000,305.9,0.9444452995,2
6000,305.95,0.9445083177,2
6000,306,0.9445713392,2
6000,306.05,0.9446343641,2
6000,306.1,0.9446973922,2
6000,306.15,0.9447604237,2
6000,306.2,0.9448234584,2
6000,306.25,0.9448864965,2
6000,306.3,0.9449495378,2
6000,306.35,0.9450125823,2
6000,306.4,0.9450756301,2
6000,306.45,0.9451386812,2
6000,306.5,0.9452017355,2
6000,306.55,0.9452647931,2
6000,306.6,0.9453278538,2
6000,306.65,0.9453909178,2
6000,306.7,0.9454539849,2
6000,306.75,0.9455170553,2
6000,306.8,0.9455801288,2
6000,306.85,0.9456432056,2
6000,306.9,0.9457062854,2
6000,306.95,0.9457693685,2
6000,307,0.9458324547,2
6000,307.05,0.945895544,2
6000,307.1,0.9459586364,2
6000,307.15,0.946021732,2
6000,307.2,0.9460848307,2
6000,307.25,0.9461479325,2
6000,307.3,0.9462110373,2
6000,307.35,0.9462741453,2
6000,307.4,0.9463372563,2
6000,307.45,0.9464003704,2
6000,307.5,0.9464634875,2
6000,307.55,0.9465266077,2
6000,307.6,0.946589731,2
6000,307.65,0.9466528572,2
6000,307.7,0.9467159865,2
6000,307.75,0.9467791188,2
6000,307.8,0.9468422541,2
6000,307.85,0.9469053924,2
6000,307.9,0.9469685336,2
6000,307.95,0.9470316778,2
6000,308,0.947094825,2
6000,308.05,0.9471579752,2
6000,308.1,0.9472211283,2
6000,308.15,0.9472842843,2
6000,308.2,0.9473474433,2
6000,308.25,0.9474106051,2
6000,308.3,0.9474737699,2
6000,308.35,0.9475369376,2
6000,308.4,0.9476001082,2
6000,308.45,0.9476632816,2
6000,308.5,0.947726458,2
6000,308.55,0.9477896371,2
6000,308.6,0.9478528192,2
6000,308.65,0.9479160041,2
6000,308.7,0.9479791918,2
6000,308.75,0.9480423823,2
6000,308.8,0.9481055757,2
6000,308.85,0.9481687719,2
6000,308.9,0.9482319708,2
6000,308.95,0.9482951726,2
6000,309,0.9483583771,2
6000,309.05,0.9484215844,2
6000,309.1,0.9484847945,2
6000,309.15,0.9485480073,2
6000,309.2,0.9486112228,2
6000,309.25,0.9486744411,2
6000,309.3,0.9487376621,2
6000,309.35,0.9488008858,2
6000,309.4,0.9488641123,2
6000,309.45,0.9489273414,2
6000,309.5,0.9489905732,2
6000,309.55,0.9490538077,2
6000,309.6,0.9491170448,2
6000,309.65,0.9491802846,2
6000,309.7,0.9492435271,2
6000,309.75,0.9493067722,2
6000,309.8,0.9493700199,2
6000,309.85,0.9494332703,2
6000,309.9,0.9494965233,2
6000,309.95,0.9495597788,2
6000,310,0.949623037,2
6000,310.05,0.9496862977,2
6000,310.1,0.949749561,2
6000,310.15,0.9498128269,2
6000,310.2,0.9498760954,2
6000,310.25,0.9499393663,2
6000,310.3,0.9500026399,2
6000,310.35,0.9500659159,2
6000,310.4,0.9501291945,2
6000,310.45,0.9501924755,2
6000,310.5,0.9502557591,2
6000,310.55,0.9503190452,2
6000,310.6,0.9503823337,2
6000,310.65,0.9504456247,2
6000,310.7,0.9505089182,2
6000,310.75,0.9505722142,2
6000,310.8,0.9506355125,2
6000,310.85,0.9506988133,2
6000,310.9,0.9507621166,2
6000,310.95,0.9508254222,2
6000,311,0.9508887303,2
6000,311.05,0.9509520407,2
6000,311.1,0.9510153536,2
6000,311.15,0.9510786688,2
6000,311.2,0.9511419863,2
6000,311.25,0.9512053063,2
6000,311.3,0.9512686286,2
6000,311.35,0.9513319532,2
6000,311.4,0.9513952802,2
6000,311.45,0.9514586094,2
6000,311.5,0.951521941,2
6000,311.55,0.9515852749,2
6000,311.6,0.9516486111,2
6000,311.65,0.9517119496,2
6000,311.7,0.9517752903,2
6000,311.75,0.9518386333,2
6000,311.8,0.9519019786,2
6000,311.85,0.9519653261,2
6000,311.9,0.9520286759,2
6000,311.95,0.9520920278,2
6000,312,0.952155382,2
6000,312.05,0.9522187384,2
6000,312.1,0.952282097,2
6000,312.15,0.9523454578,2
6000,312.2,0.9524088207,2
6000,312.25,0.9524721859,2
6000,312.3,0.9525355532,2
6000,312.35,0.9525989226,2
6000,312.4,0.9526622942,2
6000,312.45,0.9527256679,2
6000,312.5,0.9527890437,2
6000,312.55,0.9528524217,2
6000,312.6,0.9529158017,2
6000,312.65,0.9529791839,2
6000,312.7,0.9530425681,2
6000,312.75,0.9531059544,2
6000,312.8,0.9531693428,2
6000,312.85,0.9532327332,2
6000,312.9,0.9532961257,2
6000,312.95,0.9533595202,2
6000,313,0.9534229167,2
6000,313.05,0.9534863152,2
6000,313.1,0.9535497158,2
6000,313.15,0.9536131184,2
6000,313.2,0.9536765229,2
6000,313.25,0.9537399294,2
6000,313.3,0.9538033379,2
6000,313.35,0.9538667484,2
6000,313.4,0.9539301608,2
6000,313.45,0.9539935751,2
6000,313.5,0.9540569914,2
6000,313.55,0.9541204096,2
6000,313.6,0.9541838297,2
6000,313.65,0.9542472517,2
6000,313.7,0.9543106756,2
6000,313.75,0.9543741014,2
6000,313.8,0.9544375291,2
6000,313.85,0.9545009586,2
6000,313.9,0.95456439,2
6000,313.95,0.9546278232,2
6000,314,0.9546912583,2
6000,314.05,0.9547546951,2
6000,314.1,0.9548181339,2
6000,314.15,0.9548815744,2
6000,314.2,0.9549450167,2
6000,314.25,0.9550084608,2
6000,314.3,0.9550719066,2
6000,314.35,0.9551353543,2
6000,314.4,0.9551988037,2
6000,314.45,0.9552622548,2
6000,314.5,0.9553257077,2
6000,314.55,0.9553891623,2
6000,314.6,0.9554526187,2
6000,314.65,0.9555160767,2
6000,314.7,0.9555795365,2
6000,314.75,0.9556429979,2
6000,314.8,0.955706461,2
6000,314.85,0.9557699258,2
6000,314.9,0.9558333923,2
6000,314.95,0.9558968604,2
6000,315,0.9559603301,2
6000,315.05,0.9560238015,2
6000,315.1,0.9560872745,2
6000,315.15,0.9561507491,2
6000,315.2,0.9562142254,2
6000,315.25,0.9562777032,2
6000,315.3,0.9563411826,2
6000,315.35,0.9564046636,2
6000,315.4,0.9564681461,2
6000,315.45,0.9565316302,2
6000,315.5,0.9565951159,2
6000,315.55,0.956658603,2
6000,315.6,0.9567220917,2
6000,315.65,0.956785582,2
6000,315.7,0.9568490737,2
6000,315.75,0.9569125669,2
6000,315.8,0.9569760616,2
6000,315.85,0.9570395578,2
6000,315.9,0.9571030555,2
6000,315.95,0.9571665546,2
6000,316,0.9572300552,2
6000,316.05,0.9572935572,2
6000,316.1,0.9573570606,2
6000,316.15,0.9574205655,2
6000,316.2,0.9574840718,2
6000,316.25,0.9575475794,2
6000,316.3,0.9576110885,2
6000,316.35,0.9576745989,2
6000,316.4,0.9577381107,2
6000,316.45,0.9578016239,2
6000,316.5,0.9578651384,2
6000,316.55,0.9579286543,2
6000,316.6,0.9579921715,2
6000,316.65,0.95805569,2
6000,316.7,0.9581192098,2
6000,316.75,0.958182731,2
6000,316.8,0.9582462534,2
6000,316.85,0.9583097771,2
6000,316.9,0.9583733021,2
6000,316.95,0.9584368283,2
6000,317,0.9585003558,2
6000,317.05,0.9585638845,2
6000,317.1,0.9586274145,2
6000,317.15,0.9586909457,2
6000,317.2,0.9587544781,2
6000,317.25,0.9588180117,2
6000,317.3,0.9588815466,2
6000,317.35,0.9589450825,2
6000,317.4,0.9590086197,2
6000,317.45,0.9590721581,2
6000,317.5,0.9591356975,2
6000,317.55,0.9591992382,2
6000,317.6,0.9592627799,2
6000,317.65,0.9593263228,2
6000,317.7,0.9593898669,2
6000,317.75,0.959453412,2
6000,317.8,0.9595169582,2
6000,317.85,0.9595805055,2
6000,317.9,0.9596440539,2
6000,317.95,0.9597076033,2
6000,318,0.9597711538,2
6000,318.05,0.9598347054,2
6000,318.1,0.959898258,2
6000,318.15,0.9599618116,2
6000,318.2,0.9600253662,2
6000,318.25,0.9600889218,2
6000,318.3,0.9601524785,2
6000,318.35,0.9602160361,2
6000,318.4,0.9602795947,2
6000,318.45,0.9603431543,2
6000,318.5,0.9604067148,2
6000,318.55,0.9604702763,2
6000,318.6,0.9605338387,2
6000,318.65,0.960597402,2
6000,318.7,0.9606609663,2
6000,318.75,0.9607245315,2
6000,318.8,0.9607880975,2
6000,318.85,0.9608516645,2
6000,318.9,0.9609152323,2
6000,318.95,0.960978801,2
6000,319,0.9610423706,2
6000,319.05,0.961105941,2
6000,319.1,0.9611695123,2
6000,319.15,0.9612330843,2
6000,319.2,0.9612966572,2
6000,319.25,0.961360231,2
6000,319.3,0.9614238055,2
6000,319.35,0.9614873808,2
6000,319.4,0.9615509568,2
6000,319.45,0.9616145337,2
6000,319.5,0.9616781113,2
6000,319.55,0.9617416897,2
6000,319.6,0.9618052688,2
6000,319.65,0.9618688486,2
6000,319.7,0.9619324291,2
6000,319.75,0.9619960104,2
6000,319.8,0.9620595923,2
6000,319.85,0.962123175,2
6000,319.9,0.9621867583,2
6000,319.95,0.9622503423,2
6000,320,0.962313927,2
6000,320.05,0.9623775123,2
6000,320.1,0.9624410982,2
6000,320.15,0.9625046848,2
6000,320.2,0.962568272,2
6000,320.25,0.9626318598,2
6000,320.3,0.9626954482,2
6000,320.35,0.9627590372,2
6000,320.4,0.9628226268,2
6000,320.45,0.9628862169,2
6000,320.5,0.9629498076,2
6000,320.55,0.9630133989,2
6000,320.6,0.9630769907,2
6000,320.65,0.963140583,2
6000,320.7,0.9632041759,2
6000,320.75,0.9632677692,2
6000,320.8,0.9633313631,2
6000,320.85,0.9633949574,2
6000,320.9,0.9634585522,2
6000,320.95,0.9635221475,2
6000,321,0.9635857433,2
6000,321.05,0.9636493395,2
6000,321.1,0.9637129361,2
6000,321.15,0.9637765332,2
6000,321.2,0.9638401307,2
6000,321.25,0.9639037286,2
6000,321.3,0.9639673269,2
6000,321.35,0.9640309256,2
6000,321.4,0.9640945247,2
6000,321.45,0.9641581241,2
6000,321.5,0.9642217239,2
6000,321.55,0.9642853241,2
6000,321.6,0.9643489246,2
6000,321.65,0.9644125254,2
6000,321.7,0.9644761265,2
6000,321.75,0.9645397279,2
6000,321.8,0.9646033297,2
6000,321.85,0.9646669317,2
6000,321.9,0.964730534,2
6000,321.95,0.9647941366,2
6000,322,0.9648577394,2
6000,322.05,0.9649213425,2
6000,322.1,0.9649849458,2
6000,322.15,0.9650485494,2
6000,322.2,0.9651121532,2
6000,322.25,0.9651757571,2
6000,322.3,0.9652393613,2
6000,322.35,0.9653029657,2
6000,322.4,0.9653665702,2
6000,322.45,0.9654301749,2
6000,322.5,0.9654937798,2
6000,322.55,0.9655573848,2
6000,322.6,0.9656209899,2
6000,322.65,0.9656845952,2
6000,322.7,0.9657482006,2
6000,322.75,0.9658118061,2
6000,322.8,0.9658754117,2
6000,322.85,0.9659390173,2
6000,322.9,0.9660026231,2
6000,322.95,0.9660662289,2
6000,323,0.9661298348,2
6000,323.05,0.9661934407,2
6000,323.1,0.9662570467,2
6000,323.15,0.9663206526,2
6000,323.2,0.9663842586,2
6000,323.25,0.9664478646,2
6000,323.3,0.9665114706,2
6000,323.35,0.9665750766,2
6000,323.4,0.9666386826,2
6000,323.45,0.9667022885,2
6000,323.5,0.9667658944,2
6000,323.55,0.9668295002,2
6000,323.6,0.9668931059,2
6000,323.65,0.9669567116,2
6000,323.7,0.9670203172,2
6000,323.75,0.9670839227,2
6000,323.8,0.967147528,2
6000,323.85,0.9672111333,2
6000,323.9,0.9672747384,2
6000,323.95,0.9673383434,2
6000,324,0.9674019483,2
6000,324.05,0.967465553,2
6000,324.1,0.9675291575,2
6000,324.15,0.9675927618,2
6000,324.2,0.967656366,2
6000,324.25,0.9677199699,2
6000,324.3,0.9677835737,2
6000,324.35,0.9678471772,2
6000,324.4,0.9679107805,2
6000,324.45,0.9679743836,2
6000,324.5,0.9680379864,2
6000,324.55,0.9681015889,2
6000,324.6,0.9681651912,2
6000,324.65,0.9682287932,2
6000,324.7,0.9682923949,2
6000,324.75,0.9683559963,2
6000,324.8,0.9684195973,2
6000,324.85,0.9684831981,2
6000,324.9,0.9685467985,2
6000,324.95,0.9686103986,2
6000,325,0.9686739983,2
6000,325.05,0.9687375977,2
6000,325.1,0.9688011967,2
6000,325.15,0.9688647953,2
6000,325.2,0.9689283935,2
6000,325.25,0.9689919914,2
6000,325.3,0.9690555888,2
6000,325.35,0.9691191857,2
6000,325.4,0.9691827823,2
6000,325.45,0.9692463784,2
6000,325.5,0.969309974,2
6000,325.55,0.9693735692,2
6000,325.6,0.9694371639,2
6000,325.65,0.9695007581,2
6000,325.7,0.9695643518,2
6000,325.75,0.969627945,2
6000,325.8,0.9696915377,2
6000,325.85,0.9697551298,2
6000,325.9,0.9698187214,2
6000,325.95,0.9698823125,2
6000,326,0.969945903,2
6000,326.05,0.970009493,2
6000,326.1,0.9700730823,2
6000,326.15,0.9701366711,2
6000,326.2,0.9702002593,2
6000,326.25,0.9702638468,2
6000,326.3,0.9703274337,2
6000,326.35,0.9703910201,2
6000,326.4,0.9704546057,2
6000,326.45,0.9705181907,2
6000,326.5,0.9705817751,2
6000,326.55,0.9706453587,2
6000,326.6,0.9707089417,2
6000,326.65,0.970772524,2
6000,326.7,0.9708361056,2
6000,326.75,0.9708996865,2
6000,326.8,0.9709632667,2
6000,326.85,0.9710268461,2
6000,326.9,0.9710904248,2
6000,326.95,0.9711540027,2
6000,327,0.9712175798,2
6000,327.05,0.9712811562,2
6000,327.1,0.9713447318,2
6000,327.15,0.9714083066,2
6000,327.2,0.9714718806,2
6000,327.25,0.9715354537,2
6000,327.3,0.9715990261,2
6000,327.35,0.9716625976,2
6000,327.4,0.9717261682,2
6000,327.45,0.971789738,2
6000,327.5,0.9718533069,2
6000,327.55,0.9719168749,2
6000,327.6,0.9719804421,2
6000,327.65,0.9720440083,2
6000,327.7,0.9721075737,2
6000,327.75,0.9721711381,2
6000,327.8,0.9722347015,2
6000,327.85,0.9722982641,2
6000,327.9,0.9723618257,2
6000,327.95,0.9724253863,2
6000,328,0.9724889459,2
6000,328.05,0.9725525046,2
6000,328.1,0.9726160622,2
6000,328.15,0.9726796189,2
6000,328.2,0.9727431745,2
6000,328.25,0.9728067291,2
6000,328.3,0.9728702827,2
6000,328.35,0.9729338352,2
6000,328.4,0.9729973867,2
6000,328.45,0.9730609371,2
6000,328.5,0.9731244864,2
6000,328.55,0.9731880346,2
6000,328.6,0.9732515818,2
6000,328.65,0.9733151278,2
6000,328.7,0.9733786727,2
6000,328.75,0.9734422165,2
6000,328.8,0.9735057591,2
6000,328.85,0.9735693006,2
6000,328.9,0.9736328409,2
6000,328.95,0.97369638,2
6000,329,0.973759918,2
6000,329.05,0.9738234547,2
6000,329.1,0.9738869903,2
6000,329.15,0.9739505246,2
6000,329.2,0.9740140577,2
6000,329.25,0.9740775896,2
6000,329.3,0.9741411202,2
6000,329.35,0.9742046496,2
6000,329.4,0.9742681777,2
6000,329.45,0.9743317045,2
6000,329.5,0.9743952301,2
6000,329.55,0.9744587543,2
6000,329.6,0.9745222772,2
6000,329.65,0.9745857988,2
6000,329.7,0.9746493191,2
6000,329.75,0.974712838,2
6000,329.8,0.9747763556,2
6000,329.85,0.9748398718,2
6000,329.9,0.9749033867,2
6000,329.95,0.9749669001,2
6000,330,0.9750304122,2
6000,330.05,0.9750939229,2
6000,330.1,0.9751574321,2
6000,330.15,0.97522094,2
6000,330.2,0.9752844463,2
6000,330.25,0.9753479513,2
6000,330.3,0.9754114548,2
6000,330.35,0.9754749568,2
6000,330.4,0.9755384573,2
6000,330.45,0.9756019564,2
6000,330.5,0.9756654539,2
6000,330.55,0.9757289499,2
6000,330.6,0.9757924445,2
6000,330.65,0.9758559374,2
6000,330.7,0.9759194289,2
6000,330.75,0.9759829188,2
6000,330.8,0.9760464071,2
6000,330.85,0.9761098939,2
6000,330.9,0.976173379,2
6000,330.95,0.9762368626,2
6000,331,0.9763003446,2
6000,331.05,0.9763638249,2
6000,331.1,0.9764273036,2
6000,331.15,0.9764907807,2
6000,331.2,0.9765542562,2
6000,331.25,0.9766177299,2
6000,331.3,0.9766812021,2
6000,331.35,0.9767446725,2
6000,331.4,0.9768081412,2
6000,331.45,0.9768716083,2
6000,331.5,0.9769350736,2
6000,331.55,0.9769985372,2
6000,331.6,0.9770619991,2
6000,331.65,0.9771254592,2
6000,331.7,0.9771889176,2
6000,331.75,0.9772523742,2
6000,331.8,0.977315829,2
6000,331.85,0.9773792821,2
6000,331.9,0.9774427333,2
6000,331.95,0.9775061828,2
6000,332,0.9775696304,2
6000,332.05,0.9776330762,2
6000,332.1,0.9776965202,2
6000,332.15,0.9777599623,2
6000,332.2,0.9778234026,2
6000,332.25,0.9778868409,2
6000,332.3,0.9779502774,2
6000,332.35,0.978013712,2
6000,332.4,0.9780771447,2
6000,332.45,0.9781405755,2
6000,332.5,0.9782040044,2
6000,332.55,0.9782674313,2
6000,332.6,0.9783308563,2
6000,332.65,0.9783942793,2
6000,332.7,0.9784577004,2
6000,332.75,0.9785211195,2
6000,332.8,0.9785845366,2
6000,332.85,0.9786479517,2
6000,332.9,0.9787113648,2
6000,332.95,0.9787747758,2
6000,333,0.9788381849,2
6000,333.05,0.9789015919,2
6000,333.1,0.9789649968,2
6000,333.15,0.9790283997,2
6000,333.2,0.9790918005,2
6000,333.25,0.9791551992,2
6000,333.3,0.9792185958,2
6000,333.35,0.9792819904,2
6000,333.4,0.9793453828,2
6000,333.45,0.979408773,2
6000,333.5,0.9794721612,2
6000,333.55,0.9795355471,2
6000,333.6,0.979598931,2
6000,333.65,0.9796623126,2
6000,333.7,0.9797256921,2
6000,333.75,0.9797890694,2
6000,333.8,0.9798524445,2
6000,333.85,0.9799158173,2
6000,333.9,0.979979188,2
6000,333.95,0.9800425564,2
6000,334,0.9801059226,2
6000,334.05,0.9801692865,2
6000,334.1,0.9802326481,2
6000,334.15,0.9802960075,2
6000,334.2,0.9803593646,2
6000,334.25,0.9804227193,2
6000,334.3,0.9804860718,2
6000,334.35,0.9805494219,2
6000,334.4,0.9806127698,2
6000,334.45,0.9806761152,2
6000,334.5,0.9807394584,2
6000,334.55,0.9808027991,2
6000,334.6,0.9808661375,2
6000,334.65,0.9809294735,2
6000,334.7,0.9809928071,2
6000,334.75,0.9810561383,2
6000,334.8,0.9811194671,2
6000,334.85,0.9811827934,2
6000,334.9,0.9812461173,2
6000,334.95,0.9813094388,2
6000,335,0.9813727578,2
6000,335.05,0.9814360743,2
6000,335.1,0.9814993884,2
6000,335.15,0.9815626999,2
6000,335.2,0.981626009,2
6000,335.25,0.9816893155,2
6000,335.3,0.9817526195,2
6000,335.35,0.981815921,2
6000,335.4,0.9818792199,2
6000,335.45,0.9819425163,2
6000,335.5,0.9820058101,2
6000,335.55,0.9820691013,2
6000,335.6,0.9821323899,2
6000,335.65,0.982195676,2
6000,335.7,0.9822589594,2
6000,335.75,0.9823222402,2
6000,335.8,0.9823855183,2
6000,335.85,0.9824487939,2
6000,335.9,0.9825120667,2
6000,335.95,0.9825753369,2
6000,336,0.9826386044,2
6000,336.05,0.9827018693,2
6000,336.1,0.9827651314,2
6000,336.15,0.9828283908,2
6000,336.2,0.9828916475,2
6000,336.25,0.9829549015,2
6000,336.3,0.9830181528,2
6000,336.35,0.9830814012,2
6000,336.4,0.983144647,2
6000,336.45,0.9832078899,2
6000,336.5,0.9832711301,2
6000,336.55,0.9833343674,2
6000,336.6,0.983397602,2
6000,336.65,0.9834608337,2
6000,336.7,0.9835240626,2
6000,336.75,0.9835872887,2
6000,336.8,0.9836505119,2
6000,336.85,0.9837137323,2
6000,336.9,0.9837769498,2
6000,336.95,0.9838401644,2
6000,337,0.9839033761,2
6000,337.05,0.9839665849,2
6000,337.1,0.9840297908,2
6000,337.15,0.9840929938,2
6000,337.2,0.9841561938,2
6000,337.25,0.9842193909,2
6000,337.3,0.984282585,2
6000,337.35,0.9843457762,2
6000,337.4,0.9844089643,2
6000,337.45,0.9844721495,2
6000,337.5,0.9845353317,2
6000,337.55,0.9845985109,2
6000,337.6,0.984661687,2
6000,337.65,0.9847248601,2
6000,337.7,0.9847880302,2
6000,337.75,0.9848511972,2
6000,337.8,0.9849143611,2
6000,337.85,0.984977522,2
6000,337.9,0.9850406798,2
6000,337.95,0.9851038344,2
6000,338,0.985166986,2
6000,338.05,0.9852301344,2
6000,338.1,0.9852932797,2
6000,338.15,0.9853564219,2
6000,338.2,0.9854195609,2
6000,338.25,0.9854826967,2
6000,338.3,0.9855458294,2
6000,338.35,0.9856089588,2
6000,338.4,0.9856720851,2
6000,338.45,0.9857352082,2
6000,338.5,0.985798328,2
6000,338.55,0.9858614446,2
6000,338.6,0.985924558,2
6000,338.65,0.9859876681,2
6000,338.7,0.986050775,2
6000,338.75,0.9861138785,2
6000,338.8,0.9861769788,2
6000,338.85,0.9862400758,2
6000,338.9,0.9863031695,2
6000,338.95,0.9863662599,2
6000,339,0.9864293469,2
6000,339.05,0.9864924306,2
6000,339.1,0.986555511,2
6000,339.15,0.9866185879,2
6000,339.2,0.9866816615,2
6000,339.25,0.9867447318,2
6000,339.3,0.9868077986,2
6000,339.35,0.986870862,2
6000,339.4,0.986933922,2
6000,339.45,0.9869969786,2
6000,339.5,0.9870600317,2
6000,339.55,0.9871230814,2
6000,339.6,0.9871861276,2
6000,339.65,0.9872491704,2
6000,339.7,0.9873122096,2
6000,339.75,0.9873752454,2
6000,339.8,0.9874382777,2
6000,339.85,0.9875013064,2
6000,339.9,0.9875643316,2
6000,339.95,0.9876273533,2
6000,340,0.9876903715,2
6000,340.05,0.987753386,2
6000,340.1,0.987816397,2
6000,340.15,0.9878794044,2
6000,340.2,0.9879424083,2
6000,340.25,0.9880054085,2
6000,340.3,0.9880684051,2
6000,340.35,0.9881313981,2
6000,340.4,0.9881943874,2
6000,340.45,0.9882573731,2
6000,340.5,0.9883203551,2
6000,340.55,0.9883833335,2
6000,340.6,0.9884463082,2
6000,340.65,0.9885092792,2
6000,340.7,0.9885722465,2
6000,340.75,0.98863521,2
6000,340.8,0.9886981699,2
6000,340.85,0.988761126,2
6000,340.9,0.9888240784,2
6000,340.95,0.988887027,2
6000,341,0.9889499718,2
6000,341.05,0.9890129128,2
6000,341.1,0.9890758501,2
6000,341.15,0.9891387836,2
6000,341.2,0.9892017132,2
6000,341.25,0.989264639,2
6000,341.3,0.989327561,2
6000,341.35,0.9893904791,2
6000,341.4,0.9894533934,2
6000,341.45,0.9895163038,2
6000,341.5,0.9895792104,2
6000,341.55,0.989642113,2
6000,341.6,0.9897050117,2
6000,341.65,0.9897679066,2
6000,341.7,0.9898307975,2
6000,341.75,0.9898936844,2
6000,341.8,0.9899565674,2
6000,341.85,0.9900194465,2
6000,341.9,0.9900823216,2
6000,341.95,0.9901451927,2
6000,342,0.9902080598,2
6000,342.05,0.9902709229,2
6000,342.1,0.9903337821,2
6000,342.15,0.9903966371,2
6000,342.2,0.9904594882,2
6000,342.25,0.9905223352,2
6000,342.3,0.9905851781,2
6000,342.35,0.990648017,2
6000,342.4,0.9907108518,2
6000,342.45,0.9907736825,2
6000,342.5,0.9908365091,2
6000,342.55,0.9908993316,2
6000,342.6,0.99096215,2
6000,342.65,0.9910249642,2
6000,342.7,0.9910877743,2
6000,342.75,0.9911505802,2
6000,342.8,0.991213382,2
6000,342.85,0.9912761796,2
6000,342.9,0.991338973,2
6000,342.95,0.9914017622,2
6000,343,0.9914645472,2
6000,343.05,0.9915273279,2
6000,343.1,0.9915901044,2
6000,343.15,0.9916528767,2
6000,343.2,0.9917156447,2
6000,343.25,0.9917784085,2
6000,343.3,0.991841168,2
6000,343.35,0.9919039231,2
6000,343.4,0.991966674,2
6000,343.45,0.9920294206,2
6000,343.5,0.9920921628,2
6000,343.55,0.9921549007,2
6000,343.6,0.9922176343,2
6000,343.65,0.9922803635,2
6000,343.7,0.9923430884,2
6000,343.75,0.9924058088,2
6000,343.8,0.9924685249,2
6000,343.85,0.9925312366,2
6000,343.9,0.9925939438,2
6000,343.95,0.9926566467,2
6000,344,0.9927193451,2
6000,344.05,0.992782039,2
6000,344.1,0.9928447285,2
6000,344.15,0.9929074135,2
6000,344.2,0.9929700941,2
6000,344.25,0.9930327701,2
6000,344.3,0.9930954417,2
6000,344.35,0.9931581087,2
6000,344.4,0.9932207713,2
6000,344.45,0.9932834292,2
6000,344.5,0.9933460827,2
6000,344.55,0.9934087316,2
6000,344.6,0.9934713759,2
6000,344.65,0.9935340156,2
6000,344.7,0.9935966507,2
6000,344.75,0.9936592813,2
6000,344.8,0.9937219072,2
6000,344.85,0.9937845285,2
6000,344.9,0.9938471452,2
6000,344.95,0.9939097572,2
6000,345,0.9939723646,2
6000,345.05,0.9940349672,2
6000,345.1,0.9940975653,2
6000,345.15,0.9941601586,2
6000,345.2,0.9942227472,2
6000,345.25,0.9942853311,2
6000,345.3,0.9943479103,2
6000,345.35,0.9944104847,2
6000,345.4,0.9944730544,2
6000,345.45,0.9945356193,2
6000,345.5,0.9945981795,2
6000,345.55,0.9946607349,2
6000,345.6,0.9947232855,2
6000,345.65,0.9947858313,2
6000,345.7,0.9948483723,2
6000,345.75,0.9949109084,2
6000,345.8,0.9949734397,2
6000,345.85,0.9950359662,2
6000,345.9,0.9950984878,2
6000,345.95,0.9951610045,2
6000,346,0.9952235164,2
6000,346.05,0.9952860233,2
6000,346.1,0.9953485254,2
6000,346.15,0.9954110225,2
6000,346.2,0.9954735147,2
6000,346.25,0.995536002,2
6000,346.3,0.9955984844,2
6000,346.35,0.9956609617,2
6000,346.4,0.9957234341,2
6000,346.45,0.9957859015,2
6000,346.5,0.9958483639,2
6000,346.55,0.9959108214,2
6000,346.6,0.9959732738,2
6000,346.65,0.9960357211,2
6000,346.7,0.9960981635,2
6000,346.75,0.9961606007,2
6000,346.8,0.996223033,2
6000,346.85,0.9962854601,2
6000,346.9,0.9963478822,2
6000,346.95,0.9964102991,2
6000,347,0.996472711,2
6000,347.05,0.9965351177,2
6000,347.1,0.9965975194,2
6000,347.15,0.9966599158,2
6000,347.2,0.9967223072,2
6000,347.25,0.9967846933,2
6000,347.3,0.9968470743,2
6000,347.35,0.9969094501,2
6000,347.4,0.9969718207,2
6000,347.45,0.9970341861,2
6000,347.5,0.9970965463,2
6000,347.55,0.9971589013,2
6000,347.6,0.997221251,2
6000,347.65,0.9972835954,2
6000,347.7,0.9973459346,2
6000,347.75,0.9974082686,2
6000,347.8,0.9974705972,2
6000,347.85,0.9975329205,2
6000,347.9,0.9975952386,2
6000,347.95,0.9976575513,2
6000,348,0.9977198587,2
6000,348.05,0.9977821607,2
6000,348.1,0.9978444574,2
6000,348.15,0.9979067487,2
6000,348.2,0.9979690346,2
6000,348.25,0.9980313152,2
6000,348.3,0.9980935903,2
6000,348.35,0.9981558601,2
6000,348.4,0.9982181244,2
6000,348.45,0.9982803833,2
6000,348.5,0.9983426367,2
6000,348.55,0.9984048847,2
6000,348.6,0.9984671272,2
6000,348.65,0.9985293643,2
6000,348.7,0.9985915959,2
6000,348.75,0.9986538219,2
6000,348.8,0.9987160425,2
6000,348.85,0.9987782575,2
6000,348.9,0.998840467,2
6000,348.95,0.9989026709,2
6000,349,0.9989648693,2
6000,349.05,0.9990270621,2
6000,349.1,0.9990892493,2
6000,349.15,0.999151431,2
6000,349.2,0.999213607,2
6000,349.25,0.9992757775,2
6000,349.3,0.9993379423,2
6000,349.35,0.9994001015,2
6000,349.4,0.999462255,2
6000,349.45,0.9995244028,2
6000,349.5,0.999586545,2
6000,349.55,0.9996486816,2
6000,349.6,0.9997108124,2
6000,349.65,0.9997729375,2
6000,349.7,0.9998350569,2
6000,349.75,0.9998971706,2
6000,349.8,0.9999592785,2
6000,349.85,1.000021381,2
6000,349.9,1.000083477,2
6000,349.95,1.000145568,2
6000,350,1.000207653,2
6000,350.05,1.000269732,2
6000,350.1,1.000331805,2
6000,350.15,1.000393872,2
6000,350.2,1.000455934,2
6000,350.25,1.00051799,2
6000,350.3,1.00058004,2
6000,350.35,1.000642084,2
6000,350.4,1.000704122,2
6000,350.45,1.000766154,2
6000,350.5,1.000828181,2
6000,350.55,1.000890201,2
6000,350.6,1.000952216,2
6000,350.65,1.001014225,2
6000,350.7,1.001076227,2
6000,350.75,1.001138224,2
6000,350.8,1.001200215,2
6000,350.85,1.0012622,2
6000,350.9,1.001324179,2
6000,350.95,1.001386151,2
6000,351,1.001448118,2
6000,351.05,1.001510079,2
6000,351.1,1.001572034,2
6000,351.15,1.001633983,2
6000,351.2,1.001695925,2
6000,351.25,1.001757862,2
6000,351.3,1.001819792,2
6000,351.35,1.001881717,2
6000,351.4,1.001943635,2
6000,351.45,1.002005548,2
6000,351.5,1.002067454,2
6000,351.55,1.002129354,2
6000,351.6,1.002191247,2
6000,351.65,1.002253135,2
6000,351.7,1.002315017,2
6000,351.75,1.002376892,2
6000,351.8,1.002438761,2
6000,351.85,1.002500624,2
6000,351.9,1.002562481,2
6000,351.95,1.002624331,2
6000,352,1.002686175,2
6000,352.05,1.002748014,2
6000,352.1,1.002809845,2
6000,352.15,1.002871671,2
6000,352.2,1.00293349,2
6000,352.25,1.002995303,2
6000,352.3,1.003057109,2
6000,352.35,1.00311891,2
6000,352.4,1.003180704,2
6000,352.45,1.003242491,2
6000,352.5,1.003304273,2
6000,352.55,1.003366047,2
6000,352.6,1.003427816,2
6000,352.65,1.003489578,2
6000,352.7,1.003551334,2
6000,352.75,1.003613083,2
6000,352.8,1.003674826,2
6000,352.85,1.003736563,2
6000,352.9,1.003798293,2
6000,352.95,1.003860016,2
6000,353,1.003921733,2
6000,353.05,1.003983444,2
6000,353.1,1.004045148,2
6000,353.15,1.004106846,2
6000,353.2,1.004168537,2
6000,353.25,1.004230222,2
6000,353.3,1.0042919,2
6000,353.35,1.004353571,2
6000,353.4,1.004415236,2
6000,353.45,1.004476895,2
6000,353.5,1.004538547,2
6000,353.55,1.004600192,2
6000,353.6,1.004661831,2
6000,353.65,1.004723463,2
6000,353.7,1.004785088,2
6000,353.75,1.004846707,2
6000,353.8,1.004908319,2
6000,353.85,1.004969924,2
6000,353.9,1.005031523,2
6000,353.95,1.005093115,2
6000,354,1.005154701,2
6000,354.05,1.00521628,2
6000,354.1,1.005277852,2
6000,354.15,1.005339417,2
6000,354.2,1.005400975,2
6000,354.25,1.005462527,2
6000,354.3,1.005524072,2
6000,354.35,1.005585611,2
6000,354.4,1.005647142,2
6000,354.45,1.005708667,2
6000,354.5,1.005770185,2
6000,354.55,1.005831696,2
6000,354.6,1.0058932,2
6000,354.65,1.005954697,2
6000,354.7,1.006016188,2
6000,354.75,1.006077672,2
6000,354.8,1.006139148,2
6000,354.85,1.006200618,2
6000,354.9,1.006262081,2
6000,354.95,1.006323537,2
6000,355,1.006384987,2
6000,355.05,1.006446429,2
6000,355.1,1.006507864,2
6000,355.15,1.006569292,2
6000,355.2,1.006630714,2
6000,355.25,1.006692128,2
6000,355.3,1.006753536,2
6000,355.35,1.006814936,2
6000,355.4,1.00687633,2
6000,355.45,1.006937716,2
6000,355.5,1.006999095,2
6000,355.55,1.007060468,2
6000,355.6,1.007121833,2
6000,355.65,1.007183191,2
6000,355.7,1.007244542,2
6000,355.75,1.007305886,2
6000,355.8,1.007367223,2
6000,355.85,1.007428553,2
6000,355.9,1.007489875,2
6000,355.95,1.007551191,2
6000,356,1.007612499,2
6000,356.05,1.0076738,2
6000,356.1,1.007735094,2
6000,356.15,1.007796381,2
6000,356.2,1.007857661,2
6000,356.25,1.007918933,2
6000,356.3,1.007980199,2
6000,356.35,1.008041457,2
6000,356.4,1.008102707,2
6000,356.45,1.008163951,2
6000,356.5,1.008225187,2
6000,356.55,1.008286416,2
6000,356.6,1.008347638,2
6000,356.65,1.008408852,2
6000,356.7,1.008470059,2
6000,356.75,1.008531259,2
6000,356.8,1.008592451,2
6000,356.85,1.008653636,2
6000,356.9,1.008714814,2
6000,356.95,1.008775984,2
6000,357,1.008837147,2
6000,357.05,1.008898303,2
6000,357.1,1.008959451,2
6000,357.15,1.009020592,2
6000,357.2,1.009081725,2
6000,357.25,1.009142851,2
6000,357.3,1.009203969,2
6000,357.35,1.00926508,2
6000,357.4,1.009326184,2
6000,357.45,1.00938728,2
6000,357.5,1.009448368,2
6000,357.55,1.009509449,2
6000,357.6,1.009570523,2
6000,357.65,1.009631589,2
6000,357.7,1.009692647,2
6000,357.75,1.009753698,2
6000,357.8,1.009814741,2
6000,357.85,1.009875777,2
6000,357.9,1.009936805,2
6000,357.95,1.009997826,2
6000,358,1.010058839,2
6000,358.05,1.010119844,2
6000,358.1,1.010180842,2
6000,358.15,1.010241832,2
6000,358.2,1.010302814,2
6000,358.25,1.010363789,2
6000,358.3,1.010424756,2
6000,358.35,1.010485715,2
6000,358.4,1.010546667,2
6000,358.45,1.010607611,2
6000,358.5,1.010668547,2
6000,358.55,1.010729475,2
6000,358.6,1.010790396,2
6000,358.65,1.010851309,2
6000,358.7,1.010912214,2
6000,358.75,1.010973112,2
6000,358.8,1.011034001,2
6000,358.85,1.011094883,2
6000,358.9,1.011155757,2
6000,358.95,1.011216623,2
6000,359,1.011277482,2
6000,359.05,1.011338332,2
6000,359.1,1.011399175,2
6000,359.15,1.01146001,2
6000,359.2,1.011520836,2
6000,359.25,1.011581655,2
6000,359.3,1.011642466,2
6000,359.35,1.01170327,2
6000,359.4,1.011764065,2
6000,359.45,1.011824852,2
6000,359.5,1.011885631,2
6000,359.55,1.011946403,2
6000,359.6,1.012007166,2
6000,359.65,1.012067921,2
6000,359.7,1.012128669,2
6000,359.75,1.012189408,2
6000,359.8,1.01225014,2
6000,359.85,1.012310863,2
6000,359.9,1.012371578,2
6000,359.95,1.012432285,2
6000,360,1.012492984,2
6000,360.05,1.012553676,2
6000,360.1,1.012614358,2
6000,360.15,1.012675033,2
6000,360.2,1.0127357,2
6000,360.25,1.012796359,2
6000,360.3,1.012857009,2
6000,360.35,1.012917651,2
6000,360.4,1.012978286,2
6000,360.45,1.013038912,2
6000,360.5,1.013099529,2
6000,360.55,1.013160139,2
6000,360.6,1.01322074,2
6000,360.65,1.013281334,2
6000,360.7,1.013341919,2
6000,360.75,1.013402495,2
6000,360.8,1.013463064,2
6000,360.85,1.013523624,2
6000,360.9,1.013584176,2
6000,360.95,1.013644719,2
6000,361,1.013705255,2
6000,361.05,1.013765782,2
6000,361.1,1.0138263,2
6000,361.15,1.013886811,2
6000,361.2,1.013947313,2
6000,361.25,1.014007806,2
6000,361.3,1.014068292,2
6000,361.35,1.014128769,2
6000,361.4,1.014189237,2
6000,361.45,1.014249697,2
6000,361.5,1.014310149,2
6000,361.55,1.014370592,2
6000,361.6,1.014431027,2
6000,361.65,1.014491453,2
6000,361.7,1.014551871,2
6000,361.75,1.014612281,2
6000,361.8,1.014672682,2
6000,361.85,1.014733074,2
6000,361.9,1.014793458,2
6000,361.95,1.014853834,2
6000,362,1.0149142,2
6000,362.05,1.014974559,2
6000,362.1,1.015034909,2
6000,362.15,1.01509525,2
6000,362.2,1.015155582,2
6000,362.25,1.015215907,2
6000,362.3,1.015276222,2
6000,362.35,1.015336529,2
6000,362.4,1.015396827,2
6000,362.45,1.015457117,2
6000,362.5,1.015517398,2
6000,362.55,1.01557767,2
6000,362.6,1.015637934,2
6000,362.65,1.015698189,2
6000,362.7,1.015758435,2
6000,362.75,1.015818672,2
6000,362.8,1.015878901,2
6000,362.85,1.015939121,2
6000,362.9,1.015999333,2
6000,362.95,1.016059535,2
6000,363,1.016119729,2
6000,363.05,1.016179914,2
6000,363.1,1.01624009,2
6000,363.15,1.016300258,2
6000,363.2,1.016360417,2
6000,363.25,1.016420567,2
6000,363.3,1.016480708,2
6000,363.35,1.01654084,2
6000,363.4,1.016600963,2
6000,363.45,1.016661078,2
6000,363.5,1.016721183,2
6000,363.55,1.01678128,2
6000,363.6,1.016841368,2
6000,363.65,1.016901447,2
6000,363.7,1.016961517,2
6000,363.75,1.017021578,2
6000,363.8,1.01708163,2
6000,363.85,1.017141673,2
6000,363.9,1.017201707,2
6000,363.95,1.017261732,2
6000,364,1.017321748,2
6000,364.05,1.017381756,2
6000,364.1,1.017441754,2
6000,364.15,1.017501743,2
6000,364.2,1.017561723,2
6000,364.25,1.017621694,2
6000,364.3,1.017681656,2
6000,364.35,1.017741609,2
6000,364.4,1.017801553,2
6000,364.45,1.017861487,2
6000,364.5,1.017921413,2
6000,364.55,1.01798133,2
6000,364.6,1.018041237,2
6000,364.65,1.018101135,2
6000,364.7,1.018161024,2
6000,364.75,1.018220904,2
6000,364.8,1.018280775,2
6000,364.85,1.018340636,2
6000,364.9,1.018400489,2
6000,364.95,1.018460332,2
6000,365,1.018520166,2
6000,365.05,1.01857999,2
6000,365.1,1.018639806,2
6000,365.15,1.018699612,2
6000,365.2,1.018759409,2
6000,365.25,1.018819197,2
6000,365.3,1.018878975,2
6000,365.35,1.018938744,2
6000,365.4,1.018998504,2
6000,365.45,1.019058254,2
6000,365.5,1.019117995,2
6000,365.55,1.019177727,2
6000,365.6,1.019237449,2
6000,365.65,1.019297162,2
6000,365.7,1.019356865,2
6000,365.75,1.01941656,2
6000,365.8,1.019476244,2
6000,365.85,1.01953592,2
6000,365.9,1.019595586,2
6000,365.95,1.019655242,2
6000,366,1.019714889,2
6000,366.05,1.019774526,2
6000,366.1,1.019834154,2
6000,366.15,1.019893773,2
6000,366.2,1.019953382,2
6000,366.25,1.020012982,2
6000,366.3,1.020072572,2
6000,366.35,1.020132152,2
6000,366.4,1.020191723,2
6000,366.45,1.020251284,2
6000,366.5,1.020310836,2
6000,366.55,1.020370378,2
6000,366.6,1.020429911,2
6000,366.65,1.020489434,2
6000,366.7,1.020548947,2
6000,366.75,1.020608451,2
6000,366.8,1.020667945,2
6000,366.85,1.02072743,2
6000,366.9,1.020786905,2
6000,366.95,1.02084637,2
6000,367,1.020905825,2
6000,367.05,1.020965271,2
6000,367.1,1.021024707,2
6000,367.15,1.021084133,2
6000,367.2,1.02114355,2
6000,367.25,1.021202957,2
6000,367.3,1.021262354,2
6000,367.35,1.021321741,2
6000,367.4,1.021381119,2
6000,367.45,1.021440486,2
6000,367.5,1.021499844,2
6000,367.55,1.021559192,2
6000,367.6,1.021618531,2
6000,367.65,1.021677859,2
6000,367.7,1.021737178,2
6000,367.75,1.021796486,2
6000,367.8,1.021855785,2
6000,367.85,1.021915074,2
6000,367.9,1.021974353,2
6000,367.95,1.022033623,2
6000,368,1.022092882,2
6000,368.05,1.022152131,2
6000,368.1,1.022211371,2
6000,368.15,1.0222706,2
6000,368.2,1.022329819,2
6000,368.25,1.022389029,2
6000,368.3,1.022448228,2
6000,368.35,1.022507418,2
6000,368.4,1.022566597,2
6000,368.45,1.022625767,2
6000,368.5,1.022684926,2
6000,368.55,1.022744076,2
6000,368.6,1.022803215,2
6000,368.65,1.022862344,2
6000,368.7,1.022921464,2
6000,368.75,1.022980573,2
6000,368.8,1.023039672,2
6000,368.85,1.023098761,2
6000,368.9,1.023157839,2
6000,368.95,1.023216908,2
6000,369,1.023275966,2
6000,369.05,1.023335015,2
6000,369.1,1.023394053,2
6000,369.15,1.023453081,2
6000,369.2,1.023512098,2
6000,369.25,1.023571106,2
6000,369.3,1.023630103,2
6000,369.35,1.02368909,2
6000,369.4,1.023748067,2
6000,369.45,1.023807034,2
6000,369.5,1.02386599,2
6000,369.55,1.023924936,2
6000,369.6,1.023983872,2
6000,369.65,1.024042797,2
6000,369.7,1.024101713,2
6000,369.75,1.024160617,2
6000,369.8,1.024219512,2
6000,369.85,1.024278396,2
6000,369.9,1.02433727,2
6000,369.95,1.024396133,2
6000,370,1.024454986,2
6000,370.05,1.024513829,2
6000,370.1,1.024572661,2
6000,370.15,1.024631483,2
6000,370.2,1.024690294,2
6000,370.25,1.024749095,2
6000,370.3,1.024807886,2
6000,370.35,1.024866666,2
6000,370.4,1.024925435,2
6000,370.45,1.024984194,2
6000,370.5,1.025042943,2
6000,370.55,1.025101681,2
6000,370.6,1.025160408,2
6000,370.65,1.025219125,2
6000,370.7,1.025277832,2
6000,370.75,1.025336528,2
6000,370.8,1.025395213,2
6000,370.85,1.025453888,2
6000,370.9,1.025512552,2
6000,370.95,1.025571206,2
6000,371,1.025629849,2
6000,371.05,1.025688481,2
6000,371.1,1.025747103,2
6000,371.15,1.025805714,2
6000,371.2,1.025864314,2
6000,371.25,1.025922904,2
6000,371.3,1.025981483,2
6000,371.35,1.026040051,2
6000,371.4,1.026098609,2
6000,371.45,1.026157156,2
6000,371.5,1.026215692,2
6000,371.55,1.026274217,2
6000,371.6,1.026332732,2
6000,371.65,1.026391236,2
6000,371.7,1.026449729,2
6000,371.75,1.026508211,2
6000,371.8,1.026566683,2
6000,371.85,1.026625144,2
6000,371.9,1.026683594,2
6000,371.95,1.026742033,2
6000,372,1.026800461,2
6000,372.05,1.026858878,2
6000,372.1,1.026917285,2
6000,372.15,1.026975681,2
6000,372.2,1.027034065,2
6000,372.25,1.027092439,2
6000,372.3,1.027150802,2
6000,372.35,1.027209154,2
6000,372.4,1.027267495,2
6000,372.45,1.027325825,2
6000,372.5,1.027384145,2
6000,372.55,1.027442453,2
6000,372.6,1.02750075,2
6000,372.65,1.027559036,2
6000,372.7,1.027617311,2
6000,372.75,1.027675576,2
6000,372.8,1.027733829,2
6000,372.85,1.027792071,2
6000,372.9,1.027850302,2
6000,372.95,1.027908522,2
6000,373,1.027966731,2
6000,373.05,1.028024929,2
6000,373.1,1.028083116,2
6000,373.15,1.028141291,2
6000,373.2,1.028199456,2
6000,373.25,1.028257609,2
6000,373.3,1.028315751,2
6000,373.35,1.028373882,2
6000,373.4,1.028432002,2
6000,373.45,1.028490111,2
6000,373.5,1.028548209,2
6000,373.55,1.028606295,2
6000,373.6,1.02866437,2
6000,373.65,1.028722434,2
6000,373.7,1.028780487,2
6000,373.75,1.028838528,2
6000,373.8,1.028896558,2
6000,373.85,1.028954577,2
6000,373.9,1.029012584,2
6000,373.95,1.029070581,2
6000,374,1.029128566,2
6000,374.05,1.029186539,2
6000,374.1,1.029244502,2
6000,374.15,1.029302453,2
6000,374.2,1.029360392,2
6000,374.25,1.029418321,2
6000,374.3,1.029476238,2
6000,374.35,1.029534143,2
6000,374.4,1.029592037,2
6000,374.45,1.02964992,2
6000,374.5,1.029707791,2
6000,374.55,1.029765651,2
6000,374.6,1.029823499,2
6000,374.65,1.029881336,2
6000,374.7,1.029939162,2
6000,374.75,1.029996976,2
6000,374.8,1.030054778,2
6000,374.85,1.030112569,2
6000,374.9,1.030170349,2
6000,374.95,1.030228117,2
6000,375,1.030285873,2
6000,375.05,1.030343618,2
6000,375.1,1.030401351,2
6000,375.15,1.030459073,2
6000,375.2,1.030516783,2
6000,375.25,1.030574481,2
6000,375.3,1.030632168,2
6000,375.35,1.030689844,2
6000,375.4,1.030747507,2
6000,375.45,1.030805159,2
6000,375.5,1.0308628,2
6000,375.55,1.030920428,2
6000,375.6,1.030978046,2
6000,375.65,1.031035651,2
6000,375.7,1.031093245,2
6000,375.75,1.031150826,2
6000,375.8,1.031208397,2
6000,375.85,1.031265955,2
6000,375.9,1.031323502,2
6000,375.95,1.031381037,2
6000,376,1.03143856,2
6000,376.05,1.031496071,2
6000,376.1,1.031553571,2
6000,376.15,1.031611059,2
6000,376.2,1.031668535,2
6000,376.25,1.031725999,2
6000,376.3,1.031783451,2
6000,376.35,1.031840892,2
6000,376.4,1.031898321,2
6000,376.45,1.031955737,2
6000,376.5,1.032013142,2
6000,376.55,1.032070535,2
6000,376.6,1.032127916,2
6000,376.65,1.032185285,2
6000,376.7,1.032242643,2
6000,376.75,1.032299988,2
6000,376.8,1.032357321,2
6000,376.85,1.032414643,2
6000,376.9,1.032471952,2
6000,376.95,1.032529249,2
6000,377,1.032586535,2
6000,377.05,1.032643808,2
6000,377.1,1.03270107,2
6000,377.15,1.032758319,2
6000,377.2,1.032815556,2
6000,377.25,1.032872781,2
6000,377.3,1.032929994,2
6000,377.35,1.032987196,2
6000,377.4,1.033044385,2
6000,377.45,1.033101561,2
6000,377.5,1.033158726,2
6000,377.55,1.033215879,2
6000,377.6,1.033273019,2
6000,377.65,1.033330148,2
6000,377.7,1.033387264,2
6000,377.75,1.033444368,2
6000,377.8,1.03350146,2
6000,377.85,1.033558539,2
6000,377.9,1.033615607,2
6000,377.95,1.033672662,2
6000,378,1.033729705,2
6000,378.05,1.033786736,2
6000,378.1,1.033843754,2
6000,378.15,1.03390076,2
6000,378.2,1.033957754,2
6000,378.25,1.034014736,2
6000,378.3,1.034071705,2
6000,378.35,1.034128662,2
6000,378.4,1.034185607,2
6000,378.45,1.034242539,2
6000,378.5,1.034299459,2
6000,378.55,1.034356367,2
6000,378.6,1.034413262,2
6000,378.65,1.034470145,2
6000,378.7,1.034527016,2
6000,378.75,1.034583874,2
6000,378.8,1.03464072,2
6000,378.85,1.034697553,2
6000,378.9,1.034754374,2
6000,378.95,1.034811182,2
6000,379,1.034867978,2
6000,379.05,1.034924761,2
6000,379.1,1.034981532,2
6000,379.15,1.035038291,2
6000,379.2,1.035095037,2
6000,379.25,1.03515177,2
6000,379.3,1.035208491,2
6000,379.35,1.0352652,2
6000,379.4,1.035321896,2
6000,379.45,1.035378579,2
6000,379.5,1.035435249,2
6000,379.55,1.035491908,2
6000,379.6,1.035548553,2
6000,379.65,1.035605186,2
6000,379.7,1.035661806,2
6000,379.75,1.035718414,2
6000,379.8,1.035775009,2
6000,379.85,1.035831591,2
6000,379.9,1.035888161,2
6000,379.95,1.035944718,2
6000,380,1.036001262,2
6000,380.05,1.036057794,2
6000,380.1,1.036114313,2
6000,380.15,1.036170819,2
6000,380.2,1.036227312,2
6000,380.25,1.036283793,2
6000,380.3,1.036340261,2
6000,380.35,1.036396716,2
6000,380.4,1.036453158,2
6000,380.45,1.036509588,2
6000,380.5,1.036566005,2
6000,380.55,1.036622409,2
6000,380.6,1.0366788,2
6000,380.65,1.036735178,2
6000,380.7,1.036791544,2
6000,380.75,1.036847896,2
6000,380.8,1.036904236,2
6000,380.85,1.036960563,2
6000,380.9,1.037016877,2
6000,380.95,1.037073178,2
6000,381,1.037129466,2
6000,381.05,1.037185741,2
6000,381.1,1.037242003,2
6000,381.15,1.037298252,2
6000,381.2,1.037354489,2
6000,381.25,1.037410712,2
6000,381.3,1.037466922,2
6000,381.35,1.03752312,2
6000,381.4,1.037579304,2
6000,381.45,1.037635475,2
6000,381.5,1.037691633,2
6000,381.55,1.037747779,2
6000,381.6,1.037803911,2
6000,381.65,1.03786003,2
6000,381.7,1.037916136,2
6000,381.75,1.037972229,2
6000,381.8,1.038028308,2
6000,381.85,1.038084375,2
6000,381.9,1.038140429,2
6000,381.95,1.038196469,2
6000,382,1.038252496,2
6000,382.05,1.03830851,2
6000,382.1,1.038364511,2
6000,382.15,1.038420499,2
6000,382.2,1.038476474,2
6000,382.25,1.038532435,2
6000,382.3,1.038588383,2
6000,382.35,1.038644318,2
6000,382.4,1.03870024,2
6000,382.45,1.038756148,2
6000,382.5,1.038812043,2
6000,382.55,1.038867925,2
6000,382.6,1.038923794,2
6000,382.65,1.038979649,2
6000,382.7,1.039035491,2
6000,382.75,1.03909132,2
6000,382.8,1.039147135,2
6000,382.85,1.039202937,2
6000,382.9,1.039258726,2
6000,382.95,1.039314501,2
6000,383,1.039370263,2
6000,383.05,1.039426011,2
6000,383.1,1.039481746,2
6000,383.15,1.039537468,2
6000,383.2,1.039593176,2
6000,383.25,1.039648871,2
6000,383.3,1.039704552,2
6000,383.35,1.03976022,2
6000,383.4,1.039815875,2
6000,383.45,1.039871516,2
6000,383.5,1.039927143,2
6000,383.55,1.039982757,2
6000,383.6,1.040038358,2
6000,383.65,1.040093945,2
6000,383.7,1.040149518,2
6000,383.75,1.040205078,2
6000,383.8,1.040260624,2
6000,383.85,1.040316157,2
6000,383.9,1.040371676,2
6000,383.95,1.040427181,2
6000,384,1.040482673,2
6000,384.05,1.040538152,2
6000,384.1,1.040593616,2
6000,384.15,1.040649067,2
6000,384.2,1.040704505,2
6000,384.25,1.040759928,2
6000,384.3,1.040815338,2
6000,384.35,1.040870735,2
6000,384.4,1.040926117,2
6000,384.45,1.040981486,2
6000,384.5,1.041036842,2
6000,384.55,1.041092183,2
6000,384.6,1.041147511,2
6000,384.65,1.041202825,2
6000,384.7,1.041258125,2
6000,384.75,1.041313412,2
6000,384.8,1.041368684,2
6000,384.85,1.041423943,2
6000,384.9,1.041479188,2
6000,384.95,1.041534419,2
6000,385,1.041589637,2
6000,385.05,1.04164484,2
6000,385.1,1.04170003,2
6000,385.15,1.041755206,2
6000,385.2,1.041810368,2
6000,385.25,1.041865516,2
6000,385.3,1.04192065,2
6000,385.35,1.04197577,2
6000,385.4,1.042030876,2
6000,385.45,1.042085969,2
6000,385.5,1.042141047,2
6000,385.55,1.042196112,2
6000,385.6,1.042251162,2
6000,385.65,1.042306199,2
6000,385.7,1.042361221,2
6000,385.75,1.04241623,2
6000,385.8,1.042471224,2
6000,385.85,1.042526205,2
6000,385.9,1.042581171,2
6000,385.95,1.042636123,2
6000,386,1.042691062,2
6000,386.05,1.042745986,2
6000,386.1,1.042800896,2
6000,386.15,1.042855792,2
6000,386.2,1.042910674,2
6000,386.25,1.042965542,2
6000,386.3,1.043020396,2
6000,386.35,1.043075235,2
6000,386.4,1.043130061,2
6000,386.45,1.043184872,2
6000,386.5,1.043239669,2
6000,386.55,1.043294452,2
6000,386.6,1.043349221,2
6000,386.65,1.043403975,2
6000,386.7,1.043458715,2
6000,386.75,1.043513441,2
6000,386.8,1.043568153,2
6000,386.85,1.043622851,2
6000,386.9,1.043677534,2
6000,386.95,1.043732203,2
6000,387,1.043786858,2
6000,387.05,1.043841498,2
6000,387.1,1.043896124,2
6000,387.15,1.043950736,2
6000,387.2,1.044005333,2
6000,387.25,1.044059916,2
6000,387.3,1.044114485,2
6000,387.35,1.044169039,2
6000,387.4,1.044223579,2
6000,387.45,1.044278105,2
6000,387.5,1.044332616,2
6000,387.55,1.044387113,2
6000,387.6,1.044441595,2
6000,387.65,1.044496063,2
6000,387.7,1.044550517,2
6000,387.75,1.044604956,2
6000,387.8,1.04465938,2
6000,387.85,1.04471379,2
6000,387.9,1.044768186,2
6000,387.95,1.044822567,2
6000,388,1.044876933,2
6000,388.05,1.044931285,2
6000,388.1,1.044985623,2
6000,388.15,1.045039946,2
6000,388.2,1.045094254,2
6000,388.25,1.045148548,2
6000,388.3,1.045202827,2
6000,388.35,1.045257092,2
6000,388.4,1.045311342,2
6000,388.45,1.045365577,2
6000,388.5,1.045419798,2
6000,388.55,1.045474004,2
6000,388.6,1.045528196,2
6000,388.65,1.045582372,2
6000,388.7,1.045636535,2
6000,388.75,1.045690682,2
6000,388.8,1.045744815,2
6000,388.85,1.045798933,2
6000,388.9,1.045853036,2
6000,388.95,1.045907125,2
6000,389,1.045961199,2
6000,389.05,1.046015258,2
6000,389.1,1.046069302,2
6000,389.15,1.046123332,2
6000,389.2,1.046177346,2
6000,389.25,1.046231346,2
6000,389.3,1.046285332,2
6000,389.35,1.046339302,2
6000,389.4,1.046393258,2
6000,389.45,1.046447198,2
6000,389.5,1.046501124,2
6000,389.55,1.046555035,2
6000,389.6,1.046608931,2
6000,389.65,1.046662812,2
6000,389.7,1.046716679,2
6000,389.75,1.04677053,2
6000,389.8,1.046824367,2
6000,389.85,1.046878188,2
6000,389.9,1.046931995,2
6000,389.95,1.046985786,2
6000,390,1.047039563,2
6000,390.05,1.047093325,2
6000,390.1,1.047147072,2
6000,390.15,1.047200803,2
6000,390.2,1.04725452,2
6000,390.25,1.047308222,2
6000,390.3,1.047361908,2
6000,390.35,1.04741558,2
6000,390.4,1.047469236,2
6000,390.45,1.047522878,2
6000,390.5,1.047576504,2
6000,390.55,1.047630116,2
6000,390.6,1.047683712,2
6000,390.65,1.047737293,2
6000,390.7,1.047790859,2
6000,390.75,1.04784441,2
6000,390.8,1.047897946,2
6000,390.85,1.047951466,2
6000,390.9,1.048004972,2
6000,390.95,1.048058462,2
6000,391,1.048111937,2
6000,391.05,1.048165397,2
6000,391.1,1.048218841,2
6000,391.15,1.048272271,2
6000,391.2,1.048325685,2
6000,391.25,1.048379084,2
6000,391.3,1.048432467,2
6000,391.35,1.048485836,2
6000,391.4,1.048539189,2
6000,391.45,1.048592526,2
6000,391.5,1.048645849,2
6000,391.55,1.048699156,2
6000,391.6,1.048752448,2
6000,391.65,1.048805724,2
6000,391.7,1.048858986,2
6000,391.75,1.048912231,2
6000,391.8,1.048965462,2
6000,391.85,1.049018677,2
6000,391.9,1.049071877,2
6000,391.95,1.049125061,2
6000,392,1.04917823,2
6000,392.05,1.049231383,2
6000,392.1,1.049284521,2
6000,392.15,1.049337644,2
6000,392.2,1.049390751,2
6000,392.25,1.049443842,2
6000,392.3,1.049496919,2
6000,392.35,1.049549979,2
6000,392.4,1.049603024,2
6000,392.45,1.049656054,2
6000,392.5,1.049709068,2
6000,392.55,1.049762067,2
6000,392.6,1.04981505,2
6000,392.65,1.049868017,2
6000,392.7,1.049920969,2
6000,392.75,1.049973905,2
6000,392.8,1.050026826,2
6000,392.85,1.050079731,2
6000,392.9,1.050132621,2
6000,392.95,1.050185494,2
6000,393,1.050238353,2
6000,393.05,1.050291195,2
6000,393.1,1.050344022,2
6000,393.15,1.050396833,2
6000,393.2,1.050449629,2
6000,393.25,1.050502409,2
6000,393.3,1.050555173,2
6000,393.35,1.050607921,2
6000,393.4,1.050660654,2
6000,393.45,1.050713371,2
6000,393.5,1.050766072,2
6000,393.55,1.050818758,2
6000,393.6,1.050871428,2
6000,393.65,1.050924081,2
6000,393.7,1.05097672,2
6000,393.75,1.051029342,2
6000,393.8,1.051081948,2
6000,393.85,1.051134539,2
6000,393.9,1.051187114,2
6000,393.95,1.051239673,2
6000,394,1.051292216,2
6000,394.05,1.051344743,2
6000,394.1,1.051397255,2
6000,394.15,1.05144975,2
6000,394.2,1.05150223,2
6000,394.25,1.051554694,2
6000,394.3,1.051607141,2
6000,394.35,1.051659573,2
6000,394.4,1.051711989,2
6000,394.45,1.051764389,2
6000,394.5,1.051816773,2
6000,394.55,1.051869141,2
6000,394.6,1.051921493,2
6000,394.65,1.051973829,2
6000,394.7,1.052026149,2
6000,394.75,1.052078453,2
6000,394.8,1.05213074,2
6000,394.85,1.052183012,2
6000,394.9,1.052235268,2
6000,394.95,1.052287508,2
6000,395,1.052339731,2
6000,395.05,1.052391939,2
6000,395.1,1.05244413,2
6000,395.15,1.052496306,2
6000,395.2,1.052548465,2
6000,395.25,1.052600608,2
6000,395.3,1.052652735,2
6000,395.35,1.052704845,2
6000,395.4,1.05275694,2
6000,395.45,1.052809018,2
6000,395.5,1.052861081,2
6000,395.55,1.052913127,2
6000,395.6,1.052965156,2
6000,395.65,1.05301717,2
6000,395.7,1.053069167,2
6000,395.75,1.053121148,2
6000,395.8,1.053173113,2
6000,395.85,1.053225062,2
6000,395.9,1.053276994,2
6000,395.95,1.05332891,2
6000,396,1.05338081,2
6000,396.05,1.053432693,2
6000,396.1,1.05348456,2
6000,396.15,1.053536411,2
6000,396.2,1.053588245,2
6000,396.25,1.053640063,2
6000,396.3,1.053691865,2
6000,396.35,1.05374365,2
6000,396.4,1.053795419,2
6000,396.45,1.053847171,2
6000,396.5,1.053898907,2
6000,396.55,1.053950627,2
6000,396.6,1.05400233,2
6000,396.65,1.054054017,2
6000,396.7,1.054105687,2
6000,396.75,1.054157341,2
6000,396.8,1.054208978,2
6000,396.85,1.054260599,2
6000,396.9,1.054312204,2
6000,396.95,1.054363791,2
6000,397,1.054415363,2
6000,397.05,1.054466918,2
6000,397.1,1.054518456,2
6000,397.15,1.054569977,2
6000,397.2,1.054621483,2
6000,397.25,1.054672971,2
6000,397.3,1.054724443,2
6000,397.35,1.054775898,2
6000,397.4,1.054827337,2
6000,397.45,1.054878759,2
6000,397.5,1.054930165,2
6000,397.55,1.054981554,2
6000,397.6,1.055032926,2
6000,397.65,1.055084281,2
6000,397.7,1.05513562,2
6000,397.75,1.055186942,2
6000,397.8,1.055238248,2
6000,397.85,1.055289537,2
6000,397.9,1.055340809,2
6000,397.95,1.055392064,2
6000,398,1.055443303,2
6000,398.05,1.055494524,2
6000,398.1,1.05554573,2
6000,398.15,1.055596918,2
6000,398.2,1.055648089,2
6000,398.25,1.055699244,2
6000,398.3,1.055750382,2
6000,398.35,1.055801503,2
6000,398.4,1.055852607,2
6000,398.45,1.055903695,2
6000,398.5,1.055954765,2
6000,398.55,1.056005819,2
6000,398.6,1.056056856,2
6000,398.65,1.056107876,2
6000,398.7,1.056158879,2
6000,398.75,1.056209865,2
6000,398.8,1.056260834,2
6000,398.85,1.056311787,2
6000,398.9,1.056362722,2
6000,398.95,1.05641364,2
6000,399,1.056464542,2
6000,399.05,1.056515426,2
6000,399.1,1.056566294,2
6000,399.15,1.056617144,2
6000,399.2,1.056667978,2
6000,399.25,1.056718794,2
6000,399.3,1.056769594,2
6000,399.35,1.056820376,2
6000,399.4,1.056871142,2
6000,399.45,1.05692189,2
6000,399.5,1.056972621,2
6000,399.55,1.057023335,2
6000,399.6,1.057074033,2
6000,399.65,1.057124713,2
6000,399.7,1.057175375,2
6000,399.75,1.057226021,2
6000,399.8,1.05727665,2
6000,399.85,1.057327261,2
6000,399.9,1.057377856,2
6000,399.95,1.057428433,2
6000,400,1.057478993,2
6000,400.05,1.057529536,2
6000,400.1,1.057580061,2
6000,400.15,1.05763057,2
6000,400.2,1.057681061,2
6000,400.25,1.057731535,2
6000,400.3,1.057781991,2
6000,400.35,1.057832431,2
6000,400.4,1.057882853,2
6000,400.45,1.057933258,2
6000,400.5,1.057983646,2
6000,400.55,1.058034016,2
6000,400.6,1.058084369,2
6000,400.65,1.058134705,2
6000,400.7,1.058185023,2
6000,400.75,1.058235324,2
6000,400.8,1.058285608,2
6000,400.85,1.058335874,2
6000,400.9,1.058386123,2
6000,400.95,1.058436355,2
6000,401,1.058486569,2
6000,401.05,1.058536766,2
6000,401.1,1.058586945,2
6000,401.15,1.058637107,2
6000,401.2,1.058687252,2
6000,401.25,1.058737379,2
6000,401.3,1.058787488,2
6000,401.35,1.05883758,2
6000,401.4,1.058887655,2
6000,401.45,1.058937712,2
6000,401.5,1.058987752,2
6000,401.55,1.059037774,2
6000,401.6,1.059087779,2
6000,401.65,1.059137766,2
6000,401.7,1.059187735,2
6000,401.75,1.059237687,2
6000,401.8,1.059287622,2
6000,401.85,1.059337539,2
6000,401.9,1.059387438,2
6000,401.95,1.059437319,2
6000,402,1.059487184,2
6000,402.05,1.05953703,2
6000,402.1,1.059586859,2
6000,402.15,1.05963667,2
6000,402.2,1.059686463,2
6000,402.25,1.059736239,2
6000,402.3,1.059785998,2
6000,402.35,1.059835738,2
6000,402.4,1.059885461,2
6000,402.45,1.059935166,2
6000,402.5,1.059984853,2
6000,402.55,1.060034523,2
6000,402.6,1.060084175,2
6000,402.65,1.060133809,2
6000,402.7,1.060183426,2
6000,402.75,1.060233024,2
6000,402.8,1.060282605,2
6000,402.85,1.060332168,2
6000,402.9,1.060381713,2
6000,402.95,1.060431241,2
6000,403,1.060480751,2
6000,403.05,1.060530242,2
6000,403.1,1.060579716,2
6000,403.15,1.060629172,2
6000,403.2,1.060678611,2
6000,403.25,1.060728031,2
6000,403.3,1.060777434,2
6000,403.35,1.060826818,2
6000,403.4,1.060876185,2
6000,403.45,1.060925534,2
6000,403.5,1.060974864,2
6000,403.55,1.061024177,2
6000,403.6,1.061073472,2
6000,403.65,1.061122749,2
6000,403.7,1.061172008,2
6000,403.75,1.061221249,2
6000,403.8,1.061270472,2
6000,403.85,1.061319677,2
6000,403.9,1.061368864,2
6000,403.95,1.061418033,2
6000,404,1.061467184,2
6000,404.05,1.061516317,2
6000,404.1,1.061565432,2
6000,404.15,1.061614529,2
6000,404.2,1.061663608,2
6000,404.25,1.061712668,2
6000,404.3,1.061761711,2
6000,404.35,1.061810735,2
6000,404.4,1.061859741,2
6000,404.45,1.06190873,2
6000,404.5,1.0619577,2
6000,404.55,1.062006651,2
6000,404.6,1.062055585,2
6000,404.65,1.062104501,2
6000,404.7,1.062153398,2
6000,404.75,1.062202277,2
6000,404.8,1.062251138,2
6000,404.85,1.062299981,2
6000,404.9,1.062348805,2
6000,404.95,1.062397611,2
6000,405,1.062446399,2
6000,405.05,1.062495169,2
6000,405.1,1.062543921,2
6000,405.15,1.062592654,2
6000,405.2,1.062641369,2
6000,405.25,1.062690065,2
6000,405.3,1.062738744,2
6000,405.35,1.062787404,2
6000,405.4,1.062836045,2
6000,405.45,1.062884669,2
6000,405.5,1.062933274,2
6000,405.55,1.06298186,2
6000,405.6,1.063030428,2
6000,405.65,1.063078978,2
6000,405.7,1.06312751,2
6000,405.75,1.063176023,2
6000,405.8,1.063224517,2
6000,405.85,1.063272993,2
6000,405.9,1.063321451,2
6000,405.95,1.06336989,2
6000,406,1.063418311,2
6000,406.05,1.063466714,2
6000,406.1,1.063515097,2
6000,406.15,1.063563463,2
6000,406.2,1.06361181,2
6000,406.25,1.063660138,2
6000,406.3,1.063708448,2
6000,406.35,1.063756739,2
6000,406.4,1.063805012,2
6000,406.45,1.063853266,2
6000,406.5,1.063901502,2
6000,406.55,1.063949719,2
6000,406.6,1.063997917,2
6000,406.65,1.064046097,2
6000,406.7,1.064094259,2
6000,406.75,1.064142401,2
6000,406.8,1.064190525,2
6000,406.85,1.064238631,2
6000,406.9,1.064286717,2
6000,406.95,1.064334786,2
6000,407,1.064382835,2
6000,407.05,1.064430866,2
6000,407.1,1.064478878,2
6000,407.15,1.064526871,2
6000,407.2,1.064574846,2
6000,407.25,1.064622802,2
6000,407.3,1.064670739,2
6000,407.35,1.064718657,2
6000,407.4,1.064766557,2
6000,407.45,1.064814438,2
6000,407.5,1.0648623,2
6000,407.55,1.064910144,2
6000,407.6,1.064957968,2
6000,407.65,1.065005774,2
6000,407.7,1.065053561,2
6000,407.75,1.065101329,2
6000,407.8,1.065149078,2
6000,407.85,1.065196809,2
6000,407.9,1.06524452,2
6000,407.95,1.065292213,2
6000,408,1.065339887,2
6000,408.05,1.065387542,2
6000,408.1,1.065435178,2
6000,408.15,1.065482795,2
6000,408.2,1.065530393,2
6000,408.25,1.065577973,2
6000,408.3,1.065625533,2
6000,408.35,1.065673075,2
6000,408.4,1.065720597,2
6000,408.45,1.065768101,2
6000,408.5,1.065815585,2
6000,408.55,1.065863051,2
6000,408.6,1.065910497,2
6000,408.65,1.065957925,2
6000,408.7,1.066005333,2
6000,408.75,1.066052722,2
6000,408.8,1.066100093,2
6000,408.85,1.066147444,2
6000,408.9,1.066194776,2
6000,408.95,1.06624209,2
6000,409,1.066289384,2
6000,409.05,1.066336659,2
6000,409.1,1.066383915,2
6000,409.15,1.066431152,2
6000,409.2,1.066478369,2
6000,409.25,1.066525568,2
6000,409.3,1.066572747,2
6000,409.35,1.066619907,2
6000,409.4,1.066667048,2
6000,409.45,1.06671417,2
6000,409.5,1.066761273,2
6000,409.55,1.066808356,2
6000,409.6,1.066855421,2
6000,409.65,1.066902466,2
6000,409.7,1.066949492,2
6000,409.75,1.066996498,2
6000,409.8,1.067043486,2
6000,409.85,1.067090454,2
6000,409.9,1.067137402,2
6000,409.95,1.067184332,2
6000,410,1.067231242,2
6000,410.05,1.067278133,2
6000,410.1,1.067325005,2
6000,410.15,1.067371857,2
6000,410.2,1.06741869,2
6000,410.25,1.067465504,2
6000,410.3,1.067512298,2
6000,410.35,1.067559073,2
6000,410.4,1.067605828,2
6000,410.45,1.067652564,2
6000,410.5,1.067699281,2
6000,410.55,1.067745979,2
6000,410.6,1.067792656,2
6000,410.65,1.067839315,2
6000,410.7,1.067885954,2
6000,410.75,1.067932574,2
6000,410.8,1.067979174,2
6000,410.85,1.068025755,2
6000,410.9,1.068072316,2
6000,410.95,1.068118858,2
6000,411,1.06816538,2
6000,411.05,1.068211882,2
6000,411.1,1.068258366,2
6000,411.15,1.068304829,2
6000,411.2,1.068351274,2
6000,411.25,1.068397698,2
6000,411.3,1.068444103,2
6000,411.35,1.068490489,2
6000,411.4,1.068536855,2
6000,411.45,1.068583201,2
6000,411.5,1.068629528,2
6000,411.55,1.068675835,2
6000,411.6,1.068722122,2
6000,411.65,1.06876839,2
6000,411.7,1.068814638,2
6000,411.75,1.068860867,2
6000,411.8,1.068907076,2
6000,411.85,1.068953265,2
6000,411.9,1.068999434,2
6000,411.95,1.069045584,2
6000,412,1.069091714,2
6000,412.05,1.069137825,2
6000,412.1,1.069183916,2
6000,412.15,1.069229987,2
6000,412.2,1.069276038,2
6000,412.25,1.069322069,2
6000,412.3,1.069368081,2
6000,412.35,1.069414073,2
6000,412.4,1.069460045,2
6000,412.45,1.069505998,2
6000,412.5,1.06955193,2
6000,412.55,1.069597843,2
6000,412.6,1.069643736,2
6000,412.65,1.069689609,2
6000,412.7,1.069735462,2
6000,412.75,1.069781296,2
6000,412.8,1.069827109,2
6000,412.85,1.069872903,2
6000,412.9,1.069918677,2
6000,412.95,1.069964431,2
6000,413,1.070010165,2
6000,413.05,1.070055879,2
6000,413.1,1.070101573,2
6000,413.15,1.070147247,2
6000,413.2,1.070192902,2
6000,413.25,1.070238536,2
6000,413.3,1.07028415,2
6000,413.35,1.070329745,2
6000,413.4,1.070375319,2
6000,413.45,1.070420874,2
6000,413.5,1.070466408,2
6000,413.55,1.070511922,2
6000,413.6,1.070557417,2
6000,413.65,1.070602891,2
6000,413.7,1.070648346,2
6000,413.75,1.07069378,2
6000,413.8,1.070739194,2
6000,413.85,1.070784588,2
6000,413.9,1.070829962,2
6000,413.95,1.070875316,2
6000,414,1.07092065,2
6000,414.05,1.070965964,2
6000,414.1,1.071011257,2
6000,414.15,1.071056531,2
6000,414.2,1.071101784,2
6000,414.25,1.071147017,2
6000,414.3,1.07119223,2
6000,414.35,1.071237423,2
6000,414.4,1.071282596,2
6000,414.45,1.071327748,2
6000,414.5,1.07137288,2
6000,414.55,1.071417992,2
6000,414.6,1.071463084,2
6000,414.65,1.071508156,2
6000,414.7,1.071553207,2
6000,414.75,1.071598238,2
6000,414.8,1.071643249,2
6000,414.85,1.071688239,2
6000,414.9,1.07173321,2
6000,414.95,1.07177816,2
6000,415,1.071823089,2
6000,415.05,1.071867999,2
6000,415.1,1.071912888,2
6000,415.15,1.071957756,2
6000,415.2,1.072002605,2
6000,415.25,1.072047433,2
6000,415.3,1.07209224,2
6000,415.35,1.072137027,2
6000,415.4,1.072181794,2
6000,415.45,1.072226541,2
6000,415.5,1.072271267,2
6000,415.55,1.072315972,2
6000,415.6,1.072360658,2
6000,415.65,1.072405322,2
6000,415.7,1.072449967,2
6000,415.75,1.072494591,2
6000,415.8,1.072539194,2
6000,415.85,1.072583777,2
6000,415.9,1.072628339,2
6000,415.95,1.072672881,2
6000,416,1.072717403,2
6000,416.05,1.072761904,2
6000,416.1,1.072806384,2
6000,416.15,1.072850844,2
6000,416.2,1.072895284,2
6000,416.25,1.072939702,2
6000,416.3,1.072984101,2
6000,416.35,1.073028478,2
6000,416.4,1.073072835,2
6000,416.45,1.073117172,2
6000,416.5,1.073161488,2
6000,416.55,1.073205783,2
6000,416.6,1.073250058,2
6000,416.65,1.073294312,2
6000,416.7,1.073338545,2
6000,416.75,1.073382758,2
6000,416.8,1.07342695,2
6000,416.85,1.073471121,2
6000,416.9,1.073515272,2
6000,416.95,1.073559402,2
6000,417,1.073603512,2
6000,417.05,1.0736476,2
6000,417.1,1.073691668,2
6000,417.15,1.073735715,2
6000,417.2,1.073779742,2
6000,417.25,1.073823748,2
6000,417.3,1.073867733,2
6000,417.35,1.073911697,2
6000,417.4,1.07395564,2
6000,417.45,1.073999563,2
6000,417.5,1.074043465,2
6000,417.55,1.074087346,2
6000,417.6,1.074131206,2
6000,417.65,1.074175045,2
6000,417.7,1.074218864,2
6000,417.75,1.074262661,2
6000,417.8,1.074306438,2
6000,417.85,1.074350194,2
6000,417.9,1.074393929,2
6000,417.95,1.074437643,2
6000,418,1.074481337,2
6000,418.05,1.074525009,2
6000,418.1,1.074568661,2
6000,418.15,1.074612291,2
6000,418.2,1.074655901,2
6000,418.25,1.074699489,2
6000,418.3,1.074743057,2
6000,418.35,1.074786604,2
6000,418.4,1.07483013,2
6000,418.45,1.074873635,2
6000,418.5,1.074917118,2
6000,418.55,1.074960581,2
6000,418.6,1.075004023,2
6000,418.65,1.075047444,2
6000,418.7,1.075090844,2
6000,418.75,1.075134222,2
6000,418.8,1.07517758,2
6000,418.85,1.075220917,2
6000,418.9,1.075264232,2
6000,418.95,1.075307527,2
6000,419,1.0753508,2
6000,419.05,1.075394052,2
6000,419.1,1.075437283,2
6000,419.15,1.075480493,2
6000,419.2,1.075523682,2
6000,419.25,1.07556685,2
6000,419.3,1.075609997,2
6000,419.35,1.075653122,2
6000,419.4,1.075696227,2
6000,419.45,1.07573931,2
6000,419.5,1.075782372,2
6000,419.55,1.075825412,2
6000,419.6,1.075868432,2
6000,419.65,1.07591143,2
6000,419.7,1.075954407,2
6000,419.75,1.075997363,2
6000,419.8,1.076040298,2
6000,419.85,1.076083211,2
6000,419.9,1.076126103,2
6000,419.95,1.076168974,2
6000,420,1.076211824,2
6000,420.05,1.076254652,2
6000,420.1,1.076297459,2
6000,420.15,1.076340245,2
6000,420.2,1.076383009,2
6000,420.25,1.076425752,2
6000,420.3,1.076468474,2
6000,420.35,1.076511174,2
6000,420.4,1.076553853,2
6000,420.45,1.076596511,2
6000,420.5,1.076639147,2
6000,420.55,1.076681762,2
6000,420.6,1.076724355,2
6000,420.65,1.076766927,2
6000,420.7,1.076809478,2
6000,420.75,1.076852007,2
6000,420.8,1.076894515,2
6000,420.85,1.076937001,2
6000,420.9,1.076979466,2
6000,420.95,1.077021909,2
6000,421,1.077064331,2
6000,421.05,1.077106732,2
6000,421.1,1.077149111,2
6000,421.15,1.077191468,2
6000,421.2,1.077233804,2
6000,421.25,1.077276119,2
6000,421.3,1.077318411,2
6000,421.35,1.077360683,2
6000,421.4,1.077402933,2
6000,421.45,1.077445161,2
6000,421.5,1.077487368,2
6000,421.55,1.077529553,2
6000,421.6,1.077571716,2
6000,421.65,1.077613858,2
6000,421.7,1.077655978,2
6000,421.75,1.077698077,2
6000,421.8,1.077740154,2
6000,421.85,1.07778221,2
6000,421.9,1.077824244,2
6000,421.95,1.077866256,2
6000,422,1.077908246,2
6000,422.05,1.077950215,2
6000,422.1,1.077992162,2
6000,422.15,1.078034088,2
6000,422.2,1.078075991,2
6000,422.25,1.078117873,2
6000,422.3,1.078159734,2
6000,422.35,1.078201572,2
6000,422.4,1.078243389,2
6000,422.45,1.078285184,2
6000,422.5,1.078326958,2
6000,422.55,1.078368709,2
6000,422.6,1.078410439,2
6000,422.65,1.078452147,2
6000,422.7,1.078493833,2
6000,422.75,1.078535498,2
6000,422.8,1.078577141,2
6000,422.85,1.078618761,2
6000,422.9,1.07866036,2
6000,422.95,1.078701937,2
6000,423,1.078743493,2
6000,423.05,1.078785026,2
6000,423.1,1.078826538,2
6000,423.15,1.078868027,2
6000,423.2,1.078909495,2
6000,423.25,1.078950941,2
6000,423.3,1.078992365,2
6000,423.35,1.079033767,2
6000,423.4,1.079075147,2
6000,423.45,1.079116506,2
6000,423.5,1.079157842,2
6000,423.55,1.079199156,2
6000,423.6,1.079240449,2
6000,423.65,1.079281719,2
6000,423.7,1.079322967,2
6000,423.75,1.079364194,2
6000,423.8,1.079405398,2
6000,423.85,1.079446581,2
6000,423.9,1.079487741,2
6000,423.95,1.07952888,2
6000,424,1.079569996,2
6000,424.05,1.07961109,2
6000,424.1,1.079652162,2
6000,424.15,1.079693213,2
6000,424.2,1.079734241,2
6000,424.25,1.079775247,2
6000,424.3,1.079816231,2
6000,424.35,1.079857193,2
6000,424.4,1.079898132,2
6000,424.45,1.07993905,2
6000,424.5,1.079979945,2
6000,424.55,1.080020819,2
6000,424.6,1.08006167,2
6000,424.65,1.080102499,2
6000,424.7,1.080143306,2
6000,424.75,1.080184091,2
6000,424.8,1.080224853,2
6000,424.85,1.080265594,2
6000,424.9,1.080306312,2
6000,424.95,1.080347008,2
6000,425,1.080387681,2
6000,425.05,1.080428333,2
6000,425.1,1.080468962,2
6000,425.15,1.080509569,2
6000,425.2,1.080550154,2
6000,425.25,1.080590716,2
6000,425.3,1.080631256,2
6000,425.35,1.080671774,2
6000,425.4,1.08071227,2
6000,425.45,1.080752743,2
6000,425.5,1.080793194,2
6000,425.55,1.080833623,2
6000,425.6,1.080874029,2
6000,425.65,1.080914413,2
6000,425.7,1.080954775,2
6000,425.75,1.080995114,2
6000,425.8,1.081035431,2
6000,425.85,1.081075726,2
6000,425.9,1.081115998,2
6000,425.95,1.081156248,2
6000,426,1.081196475,2
6000,426.05,1.08123668,2
6000,426.1,1.081276863,2
6000,426.15,1.081317023,2
6000,426.2,1.081357161,2
6000,426.25,1.081397276,2
6000,426.3,1.081437369,2
6000,426.35,1.081477439,2
6000,426.4,1.081517487,2
6000,426.45,1.081557512,2
6000,426.5,1.081597515,2
6000,426.55,1.081637495,2
6000,426.6,1.081677453,2
6000,426.65,1.081717389,2
6000,426.7,1.081757301,2
6000,426.75,1.081797192,2
6000,426.8,1.081837059,2
6000,426.85,1.081876904,2
6000,426.9,1.081916727,2
6000,426.95,1.081956527,2
6000,427,1.081996305,2
6000,427.05,1.082036059,2
6000,427.1,1.082075792,2
6000,427.15,1.082115501,2
6000,427.2,1.082155188,2
6000,427.25,1.082194853,2
6000,427.3,1.082234494,2
6000,427.35,1.082274114,2
6000,427.4,1.08231371,2
6000,427.45,1.082353284,2
6000,427.5,1.082392835,2
6000,427.55,1.082432363,2
6000,427.6,1.082471869,2
6000,427.65,1.082511352,2
6000,427.7,1.082550812,2
6000,427.75,1.08259025,2
6000,427.8,1.082629665,2
6000,427.85,1.082669057,2
6000,427.9,1.082708426,2
6000,427.95,1.082747773,2
6000,428,1.082787097,2
6000,428.05,1.082826398,2
6000,428.1,1.082865676,2
6000,428.15,1.082904932,2
6000,428.2,1.082944165,2
6000,428.25,1.082983375,2
6000,428.3,1.083022562,2
6000,428.35,1.083061726,2
6000,428.4,1.083100868,2
6000,428.45,1.083139986,2
6000,428.5,1.083179082,2
6000,428.55,1.083218155,2
6000,428.6,1.083257205,2
6000,428.65,1.083296232,2
6000,428.7,1.083335236,2
6000,428.75,1.083374218,2
6000,428.8,1.083413176,2
6000,428.85,1.083452112,2
6000,428.9,1.083491024,2
6000,428.95,1.083529914,2
6000,429,1.083568781,2
6000,429.05,1.083607625,2
6000,429.1,1.083646446,2
6000,429.15,1.083685243,2
6000,429.2,1.083724018,2
6000,429.25,1.08376277,2
6000,429.3,1.083801499,2
6000,429.35,1.083840205,2
6000,429.4,1.083878888,2
6000,429.45,1.083917548,2
6000,429.5,1.083956185,2
6000,429.55,1.083994799,2
6000,429.6,1.08403339,2
6000,429.65,1.084071957,2
6000,429.7,1.084110502,2
6000,429.75,1.084149024,2
6000,429.8,1.084187522,2
6000,429.85,1.084225998,2
6000,429.9,1.08426445,2
6000,429.95,1.084302879,2
6000,430,1.084341285,2
6000,430.05,1.084379668,2
6000,430.1,1.084418028,2
6000,430.15,1.084456365,2
6000,430.2,1.084494678,2
6000,430.25,1.084532969,2
6000,430.3,1.084571236,2
6000,430.35,1.08460948,2
6000,430.4,1.084647701,2
6000,430.45,1.084685899,2
6000,430.5,1.084724073,2
6000,430.55,1.084762224,2
6000,430.6,1.084800352,2
6000,430.65,1.084838457,2
6000,430.7,1.084876539,2
6000,430.75,1.084914597,2
6000,430.8,1.084952632,2
6000,430.85,1.084990644,2
6000,430.9,1.085028633,2
6000,430.95,1.085066598,2
6000,431,1.08510454,2
6000,431.05,1.085142459,2
6000,431.1,1.085180354,2
6000,431.15,1.085218226,2
6000,431.2,1.085256075,2
6000,431.25,1.0852939,2
6000,431.3,1.085331702,2
6000,431.35,1.085369481,2
6000,431.4,1.085407236,2
6000,431.45,1.085444968,2
6000,431.5,1.085482677,2
6000,431.55,1.085520362,2
6000,431.6,1.085558024,2
6000,431.65,1.085595662,2
6000,431.7,1.085633277,2
6000,431.75,1.085670869,2
6000,431.8,1.085708437,2
6000,431.85,1.085745982,2
6000,431.9,1.085783503,2
6000,431.95,1.085821001,2
6000,432,1.085858475,2
6000,432.05,1.085895926,2
6000,432.1,1.085933354,2
6000,432.15,1.085970758,2
6000,432.2,1.086008138,2
6000,432.25,1.086045495,2
6000,432.3,1.086082828,2
6000,432.35,1.086120138,2
6000,432.4,1.086157425,2
6000,432.45,1.086194687,2
6000,432.5,1.086231927,2
6000,432.55,1.086269143,2
6000,432.6,1.086306335,2
6000,432.65,1.086343503,2
6000,432.7,1.086380648,2
6000,432.75,1.08641777,2
6000,432.8,1.086454868,2
6000,432.85,1.086491942,2
6000,432.9,1.086528992,2
6000,432.95,1.086566019,2
6000,433,1.086603023,2
6000,433.05,1.086640002,2
6000,433.1,1.086676958,2
6000,433.15,1.086713891,2
6000,433.2,1.0867508,2
6000,433.25,1.086787685,2
6000,433.3,1.086824546,2
6000,433.35,1.086861384,2
6000,433.4,1.086898198,2
6000,433.45,1.086934988,2
6000,433.5,1.086971755,2
6000,433.55,1.087008498,2
6000,433.6,1.087045217,2
6000,433.65,1.087081912,2
6000,433.7,1.087118584,2
6000,433.75,1.087155231,2
6000,433.8,1.087191856,2
6000,433.85,1.087228456,2
6000,433.9,1.087265032,2
6000,433.95,1.087301585,2
6000,434,1.087338114,2
6000,434.05,1.087374619,2
6000,434.1,1.087411101,2
6000,434.15,1.087447558,2
6000,434.2,1.087483992,2
6000,434.25,1.087520402,2
6000,434.3,1.087556788,2
6000,434.35,1.08759315,2
6000,434.4,1.087629488,2
6000,434.45,1.087665802,2
6000,434.5,1.087702093,2
6000,434.55,1.087738359,2
6000,434.6,1.087774602,2
6000,434.65,1.087810821,2
6000,434.7,1.087847016,2
6000,434.75,1.087883187,2
6000,434.8,1.087919334,2
6000,434.85,1.087955457,2
6000,434.9,1.087991556,2
6000,434.95,1.088027631,2
6000,435,1.088063682,2
6000,435.05,1.08809971,2
6000,435.1,1.088135713,2
6000,435.15,1.088171692,2
6000,435.2,1.088207647,2
6000,435.25,1.088243579,2
6000,435.3,1.088279486,2
6000,435.35,1.088315369,2
6000,435.4,1.088351228,2
6000,435.45,1.088387063,2
6000,435.5,1.088422874,2
6000,435.55,1.088458661,2
6000,435.6,1.088494424,2
6000,435.65,1.088530163,2
6000,435.7,1.088565878,2
6000,435.75,1.088601569,2
6000,435.8,1.088637236,2
6000,435.85,1.088672878,2
6000,435.9,1.088708496,2
6000,435.95,1.088744091,2
6000,436,1.088779661,2
6000,436.05,1.088815207,2
6000,436.1,1.088850729,2
6000,436.15,1.088886226,2
6000,436.2,1.0889217,2
6000,436.25,1.088957149,2
6000,436.3,1.088992575,2
6000,436.35,1.089027976,2
6000,436.4,1.089063352,2
6000,436.45,1.089098705,2
6000,436.5,1.089134033,2
6000,436.55,1.089169338,2
6000,436.6,1.089204618,2
6000,436.65,1.089239873,2
6000,436.7,1.089275105,2
6000,436.75,1.089310312,2
6000,436.8,1.089345495,2
6000,436.85,1.089380654,2
6000,436.9,1.089415788,2
6000,436.95,1.089450898,2
6000,437,1.089485984,2
6000,437.05,1.089521046,2
6000,437.1,1.089556083,2
6000,437.15,1.089591096,2
6000,437.2,1.089626084,2
6000,437.25,1.089661049,2
6000,437.3,1.089695988,2
6000,437.35,1.089730904,2
6000,437.4,1.089765795,2
6000,437.45,1.089800662,2
6000,437.5,1.089835504,2
6000,437.55,1.089870323,2
6000,437.6,1.089905116,2
6000,437.65,1.089939886,2
6000,437.7,1.08997463,2
6000,437.75,1.090009351,2
6000,437.8,1.090044047,2
6000,437.85,1.090078719,2
6000,437.9,1.090113366,2
6000,437.95,1.090147989,2
6000,438,1.090182587,2
6000,438.05,1.090217161,2
6000,438.1,1.09025171,2
6000,438.15,1.090286235,2
6000,438.2,1.090320735,2
6000,438.25,1.090355211,2
6000,438.3,1.090389663,2
6000,438.35,1.09042409,2
6000,438.4,1.090458492,2
6000,438.45,1.09049287,2
6000,438.5,1.090527223,2
6000,438.55,1.090561552,2
6000,438.6,1.090595856,2
6000,438.65,1.090630136,2
6000,438.7,1.090664391,2
6000,438.75,1.090698622,2
6000,438.8,1.090732827,2
6000,438.85,1.090767009,2
6000,438.9,1.090801166,2
6000,438.95,1.090835298,2
6000,439,1.090869405,2
6000,439.05,1.090903488,2
6000,439.1,1.090937547,2
6000,439.15,1.09097158,2
6000,439.2,1.091005589,2
6000,439.25,1.091039574,2
6000,439.3,1.091073534,2
6000,439.35,1.091107469,2
6000,439.4,1.091141379,2
6000,439.45,1.091175265,2
6000,439.5,1.091209126,2
6000,439.55,1.091242962,2
6000,439.6,1.091276774,2
6000,439.65,1.091310561,2
6000,439.7,1.091344323,2
6000,439.75,1.09137806,2
6000,439.8,1.091411773,2
6000,439.85,1.091445461,2
6000,439.9,1.091479124,2
6000,439.95,1.091512763,2
6000,440,1.091546376,2
6000,440.05,1.091579965,2
6000,440.1,1.091613529,2
6000,440.15,1.091647069,2
6000,440.2,1.091680583,2
6000,440.25,1.091714073,2
6000,440.3,1.091747538,2
6000,440.35,1.091780978,2
6000,440.4,1.091814393,2
6000,440.45,1.091847784,2
6000,440.5,1.091881149,2
6000,440.55,1.09191449,2
6000,440.6,1.091947806,2
6000,440.65,1.091981097,2
6000,440.7,1.092014363,2
6000,440.75,1.092047604,2
6000,440.8,1.092080821,2
6000,440.85,1.092114012,2
6000,440.9,1.092147179,2
6000,440.95,1.09218032,2
6000,441,1.092213437,2
6000,441.05,1.092246529,2
6000,441.1,1.092279596,2
6000,441.15,1.092312638,2
6000,441.2,1.092345655,2
6000,441.25,1.092378647,2
6000,441.3,1.092411614,2
6000,441.35,1.092444556,2
6000,441.4,1.092477473,2
6000,441.45,1.092510365,2
6000,441.5,1.092543232,2
6000,441.55,1.092576074,2
6000,441.6,1.092608891,2
6000,441.65,1.092641683,2
6000,441.7,1.09267445,2
6000,441.75,1.092707192,2
6000,441.8,1.092739909,2
6000,441.85,1.092772601,2
6000,441.9,1.092805268,2
6000,441.95,1.09283791,2
6000,442,1.092870526,2
6000,442.05,1.092903118,2
6000,442.1,1.092935684,2
6000,442.15,1.092968226,2
6000,442.2,1.093000742,2
6000,442.25,1.093033233,2
6000,442.3,1.093065699,2
6000,442.35,1.09309814,2
6000,442.4,1.093130556,2
6000,442.45,1.093162947,2
6000,442.5,1.093195312,2
6000,442.55,1.093227653,2
6000,442.6,1.093259968,2
6000,442.65,1.093292258,2
6000,442.7,1.093324523,2
6000,442.75,1.093356763,2
6000,442.8,1.093388977,2
6000,442.85,1.093421166,2
6000,442.9,1.09345333,2
6000,442.95,1.093485469,2
6000,443,1.093517583,2
6000,443.05,1.093549671,2
6000,443.1,1.093581734,2
6000,443.15,1.093613772,2
6000,443.2,1.093645785,2
6000,443.25,1.093677772,2
6000,443.3,1.093709735,2
6000,443.35,1.093741671,2
6000,443.4,1.093773583,2
6000,443.45,1.093805469,2
6000,443.5,1.09383733,2
6000,443.55,1.093869166,2
6000,443.6,1.093900976,2
6000,443.65,1.093932761,2
6000,443.7,1.093964521,2
6000,443.75,1.093996255,2
6000,443.8,1.094027964,2
6000,443.85,1.094059648,2
6000,443.9,1.094091307,2
6000,443.95,1.094122939,2
6000,444,1.094154547,2
6000,444.05,1.094186129,2
6000,444.1,1.094217686,2
6000,444.15,1.094249218,2
6000,444.2,1.094280724,2
6000,444.25,1.094312204,2
6000,444.3,1.094343659,2
6000,444.35,1.094375089,2
6000,444.4,1.094406494,2
6000,444.45,1.094437873,2
6000,444.5,1.094469226,2
6000,444.55,1.094500554,2
6000,444.6,1.094531857,2
6000,444.65,1.094563134,2
6000,444.7,1.094594385,2
6000,444.75,1.094625612,2
6000,444.8,1.094656812,2
6000,444.85,1.094687987,2
6000,444.9,1.094719137,2
6000,444.95,1.094750261,2
6000,445,1.09478136,2
6000,445.05,1.094812433,2
6000,445.1,1.094843481,2
6000,445.15,1.094874503,2
6000,445.2,1.094905499,2
6000,445.25,1.09493647,2
6000,445.3,1.094967415,2
6000,445.35,1.094998335,2
6000,445.4,1.09502923,2
6000,445.45,1.095060098,2
6000,445.5,1.095090941,2
6000,445.55,1.095121759,2
6000,445.6,1.095152551,2
6000,445.65,1.095183317,2
6000,445.7,1.095214058,2
6000,445.75,1.095244773,2
6000,445.8,1.095275462,2
6000,445.85,1.095306126,2
6000,445.9,1.095336764,2
6000,445.95,1.095367376,2
6000,446,1.095397963,2
6000,446.05,1.095428524,2
6000,446.1,1.09545906,2
6000,446.15,1.095489569,2
6000,446.2,1.095520053,2
6000,446.25,1.095550512,2
6000,446.3,1.095580944,2
6000,446.35,1.095611351,2
6000,446.4,1.095641733,2
6000,446.45,1.095672088,2
6000,446.5,1.095702418,2
6000,446.55,1.095732722,2
6000,446.6,1.095763,2
6000,446.65,1.095793253,2
6000,446.7,1.09582348,2
6000,446.75,1.095853681,2
6000,446.8,1.095883856,2
6000,446.85,1.095914005,2
6000,446.9,1.095944129,2
6000,446.95,1.095974227,2
6000,447,1.096004299,2
6000,447.05,1.096034345,2
6000,447.1,1.096064366,2
6000,447.15,1.096094361,2
6000,447.2,1.096124329,2
6000,447.25,1.096154272,2
6000,447.3,1.096184189,2
6000,447.35,1.096214081,2
6000,447.4,1.096243946,2
6000,447.45,1.096273786,2
6000,447.5,1.096303599,2
6000,447.55,1.096333387,2
6000,447.6,1.096363149,2
6000,447.65,1.096392885,2
6000,447.7,1.096422595,2
6000,447.75,1.09645228,2
6000,447.8,1.096481938,2
6000,447.85,1.09651157,2
6000,447.9,1.096541177,2
6000,447.95,1.096570757,2
6000,448,1.096600312,2
6000,448.05,1.096629841,2
6000,448.1,1.096659343,2
6000,448.15,1.09668882,2
6000,448.2,1.096718271,2
6000,448.25,1.096747696,2
6000,448.3,1.096777094,2
6000,448.35,1.096806467,2
6000,448.4,1.096835814,2
6000,448.45,1.096865135,2
6000,448.5,1.09689443,2
6000,448.55,1.096923698,2
6000,448.6,1.096952941,2
6000,448.65,1.096982158,2
6000,448.7,1.097011349,2
6000,448.75,1.097040513,2
6000,448.8,1.097069652,2
6000,448.85,1.097098764,2
6000,448.9,1.097127851,2
6000,448.95,1.097156911,2
6000,449,1.097185946,2
6000,449.05,1.097214954,2
6000,449.1,1.097243936,2
6000,449.15,1.097272892,2
6000,449.2,1.097301822,2
6000,449.25,1.097330726,2
6000,449.3,1.097359604,2
6000,449.35,1.097388455,2
6000,449.4,1.097417281,2
6000,449.45,1.09744608,2
6000,449.5,1.097474853,2
6000,449.55,1.0975036,2
6000,449.6,1.097532321,2
6000,449.65,1.097561016,2
6000,449.7,1.097589685,2
6000,449.75,1.097618327,2
6000,449.8,1.097646943,2
6000,449.85,1.097675533,2
6000,449.9,1.097704097,2
6000,449.95,1.097732635,2
6000,450,1.097761146,2
6000,450.05,1.097789631,2
6000,450.1,1.09781809,2
6000,450.15,1.097846523,2
6000,450.2,1.097874929,2
6000,450.25,1.097903309,2
6000,450.3,1.097931663,2
6000,450.35,1.097959991,2
6000,450.4,1.097988293,2
6000,450.45,1.098016568,2
6000,450.5,1.098044817,2
6000,450.55,1.098073039,2
6000,450.6,1.098101236,2
6000,450.65,1.098129406,2
6000,450.7,1.098157549,2
6000,450.75,1.098185667,2
6000,450.8,1.098213758,2
6000,450.85,1.098241823,2
6000,450.9,1.098269861,2
6000,450.95,1.098297873,2
6000,451,1.098325859,2
6000,451.05,1.098353818,2
6000,451.1,1.098381751,2
6000,451.15,1.098409658,2
6000,451.2,1.098437538,2
6000,451.25,1.098465392,2
6000,451.3,1.09849322,2
6000,451.35,1.098521021,2
6000,451.4,1.098548796,2
6000,451.45,1.098576544,2
6000,451.5,1.098604266,2
6000,451.55,1.098631962,2
6000,451.6,1.098659631,2
6000,451.65,1.098687273,2
6000,451.7,1.09871489,2
6000,451.75,1.098742479,2
6000,451.8,1.098770043,2
6000,451.85,1.09879758,2
6000,451.9,1.09882509,2
6000,451.95,1.098852574,2
6000,452,1.098880032,2
6000,452.05,1.098907463,2
6000,452.1,1.098934867,2
6000,452.15,1.098962245,2
6000,452.2,1.098989597,2
6000,452.25,1.099016922,2
6000,452.3,1.09904422,2
6000,452.35,1.099071492,2
6000,452.4,1.099098738,2
6000,452.45,1.099125957,2
6000,452.5,1.099153149,2
6000,452.55,1.099180315,2
6000,452.6,1.099207455,2
6000,452.65,1.099234567,2
6000,452.7,1.099261654,2
6000,452.75,1.099288713,2
6000,452.8,1.099315746,2
6000,452.85,1.099342753,2
6000,452.9,1.099369733,2
6000,452.95,1.099396686,2
6000,453,1.099423613,2
6000,453.05,1.099450513,2
6000,453.1,1.099477386,2
6000,453.15,1.099504233,2
6000,453.2,1.099531053,2
6000,453.25,1.099557847,2
6000,453.3,1.099584614,2
6000,453.35,1.099611354,2
6000,453.4,1.099638068,2
6000,453.45,1.099664755,2
6000,453.5,1.099691415,2
6000,453.55,1.099718049,2
6000,453.6,1.099744656,2
6000,453.65,1.099771236,2
6000,453.7,1.09979779,2
6000,453.75,1.099824317,2
6000,453.8,1.099850817,2
6000,453.85,1.09987729,2
6000,453.9,1.099903737,2
6000,453.95,1.099930157,2
6000,454,1.099956551,2
6000,454.05,1.099982917,2
6000,454.1,1.100009257,2
6000,454.15,1.10003557,2
6000,454.2,1.100061857,2
6000,454.25,1.100088116,2
6000,454.3,1.100114349,2
6000,454.35,1.100140555,2
6000,454.4,1.100166735,2
6000,454.45,1.100192887,2
6000,454.5,1.100219013,2
6000,454.55,1.100245112,2
6000,454.6,1.100271184,2
6000,454.65,1.100297229,2
6000,454.7,1.100323248,2
6000,454.75,1.10034924,2
6000,454.8,1.100375205,2
6000,454.85,1.100401143,2
6000,454.9,1.100427054,2
6000,454.95,1.100452938,2
6000,455,1.100478796,2
6000,455.05,1.100504626,2
6000,455.1,1.10053043,2
6000,455.15,1.100556207,2
6000,455.2,1.100581957,2
6000,455.25,1.100607681,2
6000,455.3,1.100633377,2
6000,455.35,1.100659046,2
6000,455.4,1.100684689,2
6000,455.45,1.100710304,2
6000,455.5,1.100735893,2
6000,455.55,1.100761455,2
6000,455.6,1.10078699,2
6000,455.65,1.100812498,2
6000,455.7,1.100837979,2
6000,455.75,1.100863433,2
6000,455.8,1.10088886,2
6000,455.85,1.10091426,2
6000,455.9,1.100939634,2
6000,455.95,1.10096498,2
6000,456,1.100990299,2
6000,456.05,1.101015591,2
6000,456.1,1.101040857,2
6000,456.15,1.101066095,2
6000,456.2,1.101091306,2
6000,456.25,1.101116491,2
6000,456.3,1.101141648,2
6000,456.35,1.101166779,2
6000,456.4,1.101191882,2
6000,456.45,1.101216958,2
6000,456.5,1.101242007,2
6000,456.55,1.10126703,2
6000,456.6,1.101292025,2
6000,456.65,1.101316993,2
6000,456.7,1.101341934,2
6000,456.75,1.101366848,2
6000,456.8,1.101391735,2
6000,456.85,1.101416595,2
6000,456.9,1.101441428,2
6000,456.95,1.101466234,2
6000,457,1.101491012,2
6000,457.05,1.101515764,2
6000,457.1,1.101540489,2
6000,457.15,1.101565186,2
6000,457.2,1.101589856,2
6000,457.25,1.101614499,2
6000,457.3,1.101639115,2
6000,457.35,1.101663704,2
6000,457.4,1.101688266,2
6000,457.45,1.101712801,2
6000,457.5,1.101737308,2
6000,457.55,1.101761788,2
6000,457.6,1.101786242,2
6000,457.65,1.101810668,2
6000,457.7,1.101835067,2
6000,457.75,1.101859438,2
6000,457.8,1.101883783,2
6000,457.85,1.1019081,2
6000,457.9,1.10193239,2
6000,457.95,1.101956653,2
6000,458,1.101980889,2
6000,458.05,1.102005097,2
6000,458.1,1.102029279,2
6000,458.15,1.102053433,2
6000,458.2,1.102077559,2
6000,458.25,1.102101659,2
6000,458.3,1.102125731,2
6000,458.35,1.102149777,2
6000,458.4,1.102173795,2
6000,458.45,1.102197785,2
6000,458.5,1.102221749,2
6000,458.55,1.102245685,2
6000,458.6,1.102269594,2
6000,458.65,1.102293475,2
6000,458.7,1.102317329,2
6000,458.75,1.102341156,2
6000,458.8,1.102364956,2
6000,458.85,1.102388728,2
6000,458.9,1.102412474,2
6000,458.95,1.102436191,2
6000,459,1.102459882,2
6000,459.05,1.102483545,2
6000,459.1,1.102507181,2
6000,459.15,1.102530789,2
6000,459.2,1.102554371,2
6000,459.25,1.102577924,2
6000,459.3,1.102601451,2
6000,459.35,1.10262495,2
6000,459.4,1.102648422,2
6000,459.45,1.102671866,2
6000,459.5,1.102695283,2
6000,459.55,1.102718673,2
6000,459.6,1.102742035,2
6000,459.65,1.10276537,2
6000,459.7,1.102788677,2
6000,459.75,1.102811957,2
6000,459.8,1.10283521,2
6000,459.85,1.102858435,2
6000,459.9,1.102881633,2
6000,459.95,1.102904804,2
6000,460,1.102927947,2
6000,460.05,1.102951062,2
6000,460.1,1.10297415,2
6000,460.15,1.102997211,2
6000,460.2,1.103020244,2
6000,460.25,1.10304325,2
6000,460.3,1.103066228,2
6000,460.35,1.103089179,2
6000,460.4,1.103112103,2
6000,460.45,1.103134999,2
6000,460.5,1.103157867,2
6000,460.55,1.103180708,2
6000,460.6,1.103203522,2
6000,460.65,1.103226308,2
6000,460.7,1.103249066,2
6000,460.75,1.103271797,2
6000,460.8,1.1032945,2
6000,460.85,1.103317176,2
6000,460.9,1.103339825,2
6000,460.95,1.103362446,2
6000,461,1.103385039,2
6000,461.05,1.103407605,2
6000,461.1,1.103430143,2
6000,461.15,1.103452654,2
6000,461.2,1.103475137,2
6000,461.25,1.103497593,2
6000,461.3,1.103520021,2
6000,461.35,1.103542421,2
6000,461.4,1.103564794,2
6000,461.45,1.103587139,2
6000,461.5,1.103609457,2
6000,461.55,1.103631747,2
6000,461.6,1.10365401,2
6000,461.65,1.103676245,2
6000,461.7,1.103698452,2
6000,461.75,1.103720632,2
6000,461.8,1.103742784,2
6000,461.85,1.103764908,2
6000,461.9,1.103787005,2
6000,461.95,1.103809074,2
6000,462,1.103831116,2
6000,462.05,1.10385313,2
6000,462.1,1.103875116,2
6000,462.15,1.103897075,2
6000,462.2,1.103919006,2
6000,462.25,1.103940909,2
6000,462.3,1.103962784,2
6000,462.35,1.103984632,2
6000,462.4,1.104006453,2
6000,462.45,1.104028245,2
6000,462.5,1.10405001,2
6000,462.55,1.104071747,2
6000,462.6,1.104093457,2
6000,462.65,1.104115139,2
6000,462.7,1.104136793,2
6000,462.75,1.104158419,2
6000,462.8,1.104180018,2
6000,462.85,1.104201589,2
6000,462.9,1.104223132,2
6000,462.95,1.104244647,2
6000,463,1.104266135,2
6000,463.05,1.104287595,2
6000,463.1,1.104309027,2
6000,463.15,1.104330431,2
6000,463.2,1.104351808,2
6000,463.25,1.104373157,2
6000,463.3,1.104394478,2
6000,463.35,1.104415771,2
6000,463.4,1.104437037,2
6000,463.45,1.104458275,2
6000,463.5,1.104479485,2
6000,463.55,1.104500667,2
6000,463.6,1.104521821,2
6000,463.65,1.104542948,2
6000,463.7,1.104564047,2
6000,463.75,1.104585118,2
6000,463.8,1.104606161,2
6000,463.85,1.104627176,2
6000,463.9,1.104648164,2
6000,463.95,1.104669123,2
6000,464,1.104690055,2
6000,464.05,1.104710959,2
6000,464.1,1.104731835,2
6000,464.15,1.104752683,2
6000,464.2,1.104773504,2
6000,464.25,1.104794296,2
6000,464.3,1.104815061,2
6000,464.35,1.104835797,2
6000,464.4,1.104856506,2
6000,464.45,1.104877187,2
6000,464.5,1.10489784,2
6000,464.55,1.104918466,2
6000,464.6,1.104939063,2
6000,464.65,1.104959632,2
6000,464.7,1.104980174,2
6000,464.75,1.105000687,2
6000,464.8,1.105021173,2
6000,464.85,1.105041631,2
6000,464.9,1.10506206,2
6000,464.95,1.105082462,2
6000,465,1.105102836,2
6000,465.05,1.105123182,2
6000,465.1,1.1051435,2
6000,465.15,1.10516379,2
6000,465.2,1.105184052,2
6000,465.25,1.105204286,2
6000,465.3,1.105224492,2
6000,465.35,1.105244671,2
6000,465.4,1.105264821,2
6000,465.45,1.105284943,2
6000,465.5,1.105305037,2
6000,465.55,1.105325104,2
6000,465.6,1.105345142,2
6000,465.65,1.105365152,2
6000,465.7,1.105385134,2
6000,465.75,1.105405088,2
6000,465.8,1.105425015,2
6000,465.85,1.105444913,2
6000,465.9,1.105464783,2
6000,465.95,1.105484625,2
6000,466,1.105504439,2
6000,466.05,1.105524225,2
6000,466.1,1.105543983,2
6000,466.15,1.105563713,2
6000,466.2,1.105583415,2
6000,466.25,1.105603089,2
6000,466.3,1.105622735,2
6000,466.35,1.105642352,2
6000,466.4,1.105661942,2
6000,466.45,1.105681503,2
6000,466.5,1.105701037,2
6000,466.55,1.105720542,2
6000,466.6,1.10574002,2
6000,466.65,1.105759469,2
6000,466.7,1.10577889,2
6000,466.75,1.105798283,2
6000,466.8,1.105817648,2
6000,466.85,1.105836984,2
6000,466.9,1.105856293,2
6000,466.95,1.105875574,2
6000,467,1.105894826,2
6000,467.05,1.10591405,2
6000,467.1,1.105933246,2
6000,467.15,1.105952414,2
6000,467.2,1.105971554,2
6000,467.25,1.105990666,2
6000,467.3,1.106009749,2
6000,467.35,1.106028805,2
6000,467.4,1.106047832,2
6000,467.45,1.106066831,2
6000,467.5,1.106085802,2
6000,467.55,1.106104744,2
6000,467.6,1.106123659,2
6000,467.65,1.106142545,2
6000,467.7,1.106161403,2
6000,467.75,1.106180233,2
6000,467.8,1.106199035,2
6000,467.85,1.106217808,2
6000,467.9,1.106236554,2
6000,467.95,1.106255271,2
6000,468,1.10627396,2
6000,468.05,1.10629262,2
6000,468.1,1.106311253,2
6000,468.15,1.106329857,2
6000,468.2,1.106348433,2
6000,468.25,1.106366981,2
6000,468.3,1.1063855,2
6000,468.35,1.106403991,2
6000,468.4,1.106422454,2
6000,468.45,1.106440889,2
6000,468.5,1.106459295,2
6000,468.55,1.106477673,2
6000,468.6,1.106496023,2
6000,468.65,1.106514345,2
6000,468.7,1.106532638,2
6000,468.75,1.106550903,2
6000,468.8,1.10656914,2
6000,468.85,1.106587349,2
6000,468.9,1.106605529,2
6000,468.95,1.106623681,2
6000,469,1.106641804,2
6000,469.05,1.106659899,2
6000,469.1,1.106677966,2
6000,469.15,1.106696005,2
6000,469.2,1.106714015,2
6000,469.25,1.106731997,2
6000,469.3,1.106749951,2
6000,469.35,1.106767876,2
6000,469.4,1.106785773,2
6000,469.45,1.106803642,2
6000,469.5,1.106821482,2
6000,469.55,1.106839294,2
6000,469.6,1.106857078,2
6000,469.65,1.106874833,2
6000,469.7,1.10689256,2
6000,469.75,1.106910258,2
6000,469.8,1.106927928,2
6000,469.85,1.10694557,2
6000,469.9,1.106963183,2
6000,469.95,1.106980768,2
6000,470,1.106998325,2
6000,470.05,1.107015853,2
6000,470.1,1.107033353,2
6000,470.15,1.107050824,2
6000,470.2,1.107068267,2
6000,470.25,1.107085681,2
6000,470.3,1.107103067,2
6000,470.35,1.107120425,2
6000,470.4,1.107137754,2
6000,470.45,1.107155055,2
6000,470.5,1.107172328,2
6000,470.55,1.107189572,2
6000,470.6,1.107206787,2
6000,470.65,1.107223974,2
6000,470.7,1.107241133,2
6000,470.75,1.107258263,2
6000,470.8,1.107275365,2
6000,470.85,1.107292438,2
6000,470.9,1.107309483,2
6000,470.95,1.107326499,2
6000,471,1.107343487,2
6000,471.05,1.107360446,2
6000,471.1,1.107377377,2
6000,471.15,1.10739428,2
6000,471.2,1.107411154,2
6000,471.25,1.107427999,2
6000,471.3,1.107444816,2
6000,471.35,1.107461604,2
6000,471.4,1.107478364,2
6000,471.45,1.107495096,2
6000,471.5,1.107511799,2
6000,471.55,1.107528473,2
6000,471.6,1.107545119,2
6000,471.65,1.107561736,2
6000,471.7,1.107578325,2
6000,471.75,1.107594885,2
6000,471.8,1.107611417,2
6000,471.85,1.10762792,2
6000,471.9,1.107644395,2
6000,471.95,1.107660841,2
6000,472,1.107677259,2
6000,472.05,1.107693648,2
6000,472.1,1.107710008,2
6000,472.15,1.10772634,2
6000,472.2,1.107742643,2
6000,472.25,1.107758918,2
6000,472.3,1.107775164,2
6000,472.35,1.107791382,2
6000,472.4,1.107807571,2
6000,472.45,1.107823731,2
6000,472.5,1.107839863,2
6000,472.55,1.107855966,2
6000,472.6,1.107872041,2
6000,472.65,1.107888087,2
6000,472.7,1.107904104,2
6000,472.75,1.107920093,2
6000,472.8,1.107936053,2
6000,472.85,1.107951985,2
6000,472.9,1.107967888,2
6000,472.95,1.107983762,2
6000,473,1.107999608,2
6000,473.05,1.108015425,2
6000,473.1,1.108031213,2
6000,473.15,1.108046973,2
6000,473.2,1.108062704,2
6000,473.25,1.108078406,2
6000,473.3,1.10809408,2
6000,473.35,1.108109725,2
6000,473.4,1.108125342,2
6000,473.45,1.10814093,2
6000,473.5,1.108156489,2
6000,473.55,1.10817202,2
6000,473.6,1.108187521,2
6000,473.65,1.108202995,2
6000,473.7,1.108218439,2
6000,473.75,1.108233855,2
6000,473.8,1.108249242,2
6000,473.85,1.1082646,2
6000,473.9,1.10827993,2
6000,473.95,1.108295231,2
6000,474,1.108310503,2
6000,474.05,1.108325747,2
6000,474.1,1.108340962,2
6000,474.15,1.108356148,2
6000,474.2,1.108371305,2
6000,474.25,1.108386434,2
6000,474.3,1.108401534,2
6000,474.35,1.108416605,2
6000,474.4,1.108431648,2
6000,474.45,1.108446662,2
6000,474.5,1.108461647,2
6000,474.55,1.108476603,2
6000,474.6,1.108491531,2
6000,474.65,1.10850643,2
6000,474.7,1.1085213,2
6000,474.75,1.108536141,2
6000,474.8,1.108550954,2
6000,474.85,1.108565737,2
6000,474.9,1.108580492,2
6000,474.95,1.108595219,2
6000,475,1.108609916,2
6000,475.05,1.108624585,2
6000,475.1,1.108639225,2
6000,475.15,1.108653836,2
6000,475.2,1.108668418,2
6000,475.25,1.108682972,2
6000,475.3,1.108697497,2
6000,475.35,1.108711992,2
6000,475.4,1.10872646,2
6000,475.45,1.108740898,2
6000,475.5,1.108755307,2
6000,475.55,1.108769688,2
6000,475.6,1.10878404,2
6000,475.65,1.108798363,2
6000,475.7,1.108812657,2
6000,475.75,1.108826923,2
6000,475.8,1.108841159,2
6000,475.85,1.108855367,2
6000,475.9,1.108869546,2
6000,475.95,1.108883696,2
6000,476,1.108897817,2
6000,476.05,1.10891191,2
6000,476.1,1.108925973,2
6000,476.15,1.108940008,2
6000,476.2,1.108954014,2
6000,476.25,1.108967991,2
6000,476.3,1.108981939,2
6000,476.35,1.108995858,2
6000,476.4,1.109009749,2
6000,476.45,1.10902361,2
6000,476.5,1.109037443,2
6000,476.55,1.109051246,2
6000,476.6,1.109065021,2
6000,476.65,1.109078767,2
6000,476.7,1.109092484,2
6000,476.75,1.109106173,2
6000,476.8,1.109119832,2
6000,476.85,1.109133462,2
6000,476.9,1.109147064,2
6000,476.95,1.109160636,2
6000,477,1.10917418,2
6000,477.05,1.109187695,2
6000,477.1,1.10920118,2
6000,477.15,1.109214637,2
6000,477.2,1.109228065,2
6000,477.25,1.109241464,2
6000,477.3,1.109254835,2
6000,477.35,1.109268176,2
6000,477.4,1.109281488,2
6000,477.45,1.109294771,2
6000,477.5,1.109308026,2
6000,477.55,1.109321251,2
6000,477.6,1.109334448,2
6000,477.65,1.109347615,2
6000,477.7,1.109360754,2
6000,477.75,1.109373863,2
6000,477.8,1.109386944,2
6000,477.85,1.109399996,2
6000,477.9,1.109413019,2
6000,477.95,1.109426012,2
6000,478,1.109438977,2
6000,478.05,1.109451913,2
6000,478.1,1.10946482,2
6000,478.15,1.109477698,2
6000,478.2,1.109490546,2
6000,478.25,1.109503366,2
6000,478.3,1.109516157,2
6000,478.35,1.109528919,2
6000,478.4,1.109541652,2
6000,478.45,1.109554356,2
6000,478.5,1.109567031,2
6000,478.55,1.109579677,2
6000,478.6,1.109592293,2
6000,478.65,1.109604881,2
6000,478.7,1.10961744,2
6000,478.75,1.10962997,2
6000,478.8,1.109642471,2
6000,478.85,1.109654943,2
6000,478.9,1.109667385,2
6000,478.95,1.109679799,2
6000,479,1.109692184,2
6000,479.05,1.109704539,2
6000,479.1,1.109716866,2
6000,479.15,1.109729163,2
6000,479.2,1.109741432,2
6000,479.25,1.109753671,2
6000,479.3,1.109765882,2
6000,479.35,1.109778063,2
6000,479.4,1.109790215,2
6000,479.45,1.109802339,2
6000,479.5,1.109814433,2
6000,479.55,1.109826498,2
6000,479.6,1.109838534,2
6000,479.65,1.109850541,2
6000,479.7,1.109862519,2
6000,479.75,1.109874468,2
6000,479.8,1.109886387,2
6000,479.85,1.109898278,2
6000,479.9,1.10991014,2
6000,479.95,1.109921972,2
6000,480,1.109933775,2
6000,480.05,1.10994555,2
6000,480.1,1.109957295,2
6000,480.15,1.109969011,2
6000,480.2,1.109980698,2
6000,480.25,1.109992356,2
6000,480.3,1.110003985,2
6000,480.35,1.110015584,2
6000,480.4,1.110027155,2
6000,480.45,1.110038696,2
6000,480.5,1.110050209,2
6000,480.55,1.110061692,2
6000,480.6,1.110073146,2
6000,480.65,1.110084571,2
6000,480.7,1.110095967,2
6000,480.75,1.110107333,2
6000,480.8,1.110118671,2
6000,480.85,1.110129979,2
6000,480.9,1.110141258,2
6000,480.95,1.110152509,2
6000,481,1.110163729,2
6000,481.05,1.110174921,2
6000,481.1,1.110186084,2
6000,481.15,1.110197217,2
6000,481.2,1.110208322,2
6000,481.25,1.110219397,2
6000,481.3,1.110230443,2
6000,481.35,1.11024146,2
6000,481.4,1.110252448,2
6000,481.45,1.110263406,2
6000,481.5,1.110274335,2
6000,481.55,1.110285236,2
6000,481.6,1.110296107,2
6000,481.65,1.110306948,2
6000,481.7,1.110317761,2
6000,481.75,1.110328544,2
6000,481.8,1.110339299,2
6000,481.85,1.110350024,2
6000,481.9,1.11036072,2
6000,481.95,1.110371386,2
6000,482,1.110382024,2
6000,482.05,1.110392632,2
6000,482.1,1.110403211,2
6000,482.15,1.110413761,2
6000,482.2,1.110424281,2
6000,482.25,1.110434773,2
6000,482.3,1.110445235,2
6000,482.35,1.110455668,2
6000,482.4,1.110466072,2
6000,482.45,1.110476446,2
6000,482.5,1.110486792,2
6000,482.55,1.110497108,2
6000,482.6,1.110507395,2
6000,482.65,1.110517652,2
6000,482.7,1.110527881,2
6000,482.75,1.11053808,2
6000,482.8,1.11054825,2
6000,482.85,1.110558391,2
6000,482.9,1.110568502,2
6000,482.95,1.110578584,2
6000,483,1.110588637,2
6000,483.05,1.110598661,2
6000,483.1,1.110608655,2
6000,483.15,1.11061862,2
6000,483.2,1.110628556,2
6000,483.25,1.110638463,2
6000,483.3,1.11064834,2
6000,483.35,1.110658189,2
6000,483.4,1.110668007,2
6000,483.45,1.110677797,2
6000,483.5,1.110687557,2
6000,483.55,1.110697288,2
6000,483.6,1.11070699,2
6000,483.65,1.110716663,2
6000,483.7,1.110726306,2
6000,483.75,1.11073592,2
6000,483.8,1.110745504,2
6000,483.85,1.11075506,2
6000,483.9,1.110764586,2
6000,483.95,1.110774083,2
6000,484,1.11078355,2
6000,484.05,1.110792988,2
6000,484.1,1.110802397,2
6000,484.15,1.110811777,2
6000,484.2,1.110821127,2
6000,484.25,1.110830448,2
6000,484.3,1.11083974,2
6000,484.35,1.110849002,2
6000,484.4,1.110858235,2
6000,484.45,1.110867439,2
6000,484.5,1.110876613,2
6000,484.55,1.110885758,2
6000,484.6,1.110894874,2
6000,484.65,1.11090396,2
6000,484.7,1.110913017,2
6000,484.75,1.110922045,2
6000,484.8,1.110931044,2
6000,484.85,1.110940013,2
6000,484.9,1.110948952,2
6000,484.95,1.110957863,2
6000,485,1.110966744,2
6000,485.05,1.110975596,2
6000,485.1,1.110984418,2
6000,485.15,1.110993211,2
6000,485.2,1.111001975,2
6000,485.25,1.111010709,2
6000,485.3,1.111019414,2
6000,485.35,1.11102809,2
6000,485.4,1.111036736,2
6000,485.45,1.111045353,2
6000,485.5,1.111053941,2
6000,485.55,1.111062499,2
6000,485.6,1.111071028,2
6000,485.65,1.111079527,2
6000,485.7,1.111087997,2
6000,485.75,1.111096438,2
6000,485.8,1.111104849,2
6000,485.85,1.111113231,2
6000,485.9,1.111121584,2
6000,485.95,1.111129907,2
6000,486,1.111138201,2
6000,486.05,1.111146466,2
6000,486.1,1.111154701,2
6000,486.15,1.111162906,2
6000,486.2,1.111171083,2
6000,486.25,1.11117923,2
6000,486.3,1.111187347,2
6000,486.35,1.111195435,2
6000,486.4,1.111203494,2
6000,486.45,1.111211523,2
6000,486.5,1.111219523,2
6000,486.55,1.111227494,2
6000,486.6,1.111235435,2
6000,486.65,1.111243347,2
6000,486.7,1.111251229,2
6000,486.75,1.111259082,2
6000,486.8,1.111266905,2
6000,486.85,1.111274699,2
6000,486.9,1.111282464,2
6000,486.95,1.111290199,2
6000,487,1.111297905,2
6000,487.05,1.111305581,2
6000,487.1,1.111313228,2
6000,487.15,1.111320846,2
6000,487.2,1.111328434,2
6000,487.25,1.111335993,2
6000,487.3,1.111343522,2
6000,487.35,1.111351022,2
6000,487.4,1.111358492,2
6000,487.45,1.111365933,2
6000,487.5,1.111373345,2
6000,487.55,1.111380727,2
6000,487.6,1.11138808,2
6000,487.65,1.111395403,2
6000,487.7,1.111402697,2
6000,487.75,1.111409961,2
6000,487.8,1.111417196,2
6000,487.85,1.111424401,2
6000,487.9,1.111431577,2
6000,487.95,1.111438724,2
6000,488,1.111445841,2
6000,488.05,1.111452928,2
6000,488.1,1.111459986,2
6000,488.15,1.111467015,2
6000,488.2,1.111474014,2
6000,488.25,1.111480984,2
6000,488.3,1.111487924,2
6000,488.35,1.111494835,2
6000,488.4,1.111501717,2
6000,488.45,1.111508569,2
6000,488.5,1.111515391,2
6000,488.55,1.111522184,2
6000,488.6,1.111528947,2
6000,488.65,1.111535681,2
6000,488.7,1.111542386,2
6000,488.75,1.111549061,2
6000,488.8,1.111555706,2
6000,488.85,1.111562323,2
6000,488.9,1.111568909,2
6000,488.95,1.111575466,2
6000,489,1.111581994,2
6000,489.05,1.111588492,2
6000,489.1,1.111594961,2
6000,489.15,1.1116014,2
6000,489.2,1.111607809,2
6000,489.25,1.11161419,2
6000,489.3,1.11162054,2
6000,489.35,1.111626861,2
6000,489.4,1.111633153,2
6000,489.45,1.111639415,2
6000,489.5,1.111645648,2
6000,489.55,1.111651851,2
6000,489.6,1.111658025,2
6000,489.65,1.111664169,2
6000,489.7,1.111670283,2
6000,489.75,1.111676368,2
6000,489.8,1.111682424,2
6000,489.85,1.11168845,2
6000,489.9,1.111694447,2
6000,489.95,1.111700414,2
6000,490,1.111706351,2
6000,490.05,1.111712259,2
6000,490.1,1.111718138,2
6000,490.15,1.111723987,2
6000,490.2,1.111729806,2
6000,490.25,1.111735596,2
6000,490.3,1.111741357,2
6000,490.35,1.111747087,2
6000,490.4,1.111752789,2
6000,490.45,1.111758461,2
6000,490.5,1.111764103,2
6000,490.55,1.111769716,2
6000,490.6,1.111775299,2
6000,490.65,1.111780852,2
6000,490.7,1.111786377,2
6000,490.75,1.111791871,2
6000,490.8,1.111797336,2
6000,490.85,1.111802772,2
6000,490.9,1.111808178,2
6000,490.95,1.111813554,2
6000,491,1.111818901,2
6000,491.05,1.111824218,2
6000,491.1,1.111829506,2
6000,491.15,1.111834765,2
6000,491.2,1.111839993,2
6000,491.25,1.111845192,2
6000,491.3,1.111850362,2
6000,491.35,1.111855502,2
6000,491.4,1.111860613,2
6000,491.45,1.111865693,2
6000,491.5,1.111870745,2
6000,491.55,1.111875767,2
6000,491.6,1.111880759,2
6000,491.65,1.111885722,2
6000,491.7,1.111890655,2
6000,491.75,1.111895558,2
6000,491.8,1.111900432,2
6000,491.85,1.111905277,2
6000,491.9,1.111910092,2
6000,491.95,1.111914877,2
6000,492,1.111919633,2
6000,492.05,1.111924359,2
6000,492.1,1.111929055,2
6000,492.15,1.111933722,2
6000,492.2,1.11193836,2
6000,492.25,1.111942968,2
6000,492.3,1.111947546,2
6000,492.35,1.111952095,2
6000,492.4,1.111956614,2
6000,492.45,1.111961104,2
6000,492.5,1.111965564,2
6000,492.55,1.111969994,2
6000,492.6,1.111974395,2
6000,492.65,1.111978766,2
6000,492.7,1.111983108,2
6000,492.75,1.11198742,2
6000,492.8,1.111991702,2
6000,492.85,1.111995955,2
6000,492.9,1.112000178,2
6000,492.95,1.112004372,2
6000,493,1.112008536,2
6000,493.05,1.112012671,2
6000,493.1,1.112016776,2
6000,493.15,1.112020851,2
6000,493.2,1.112024897,2
6000,493.25,1.112028913,2
6000,493.3,1.112032899,2
6000,493.35,1.112036856,2
6000,493.4,1.112040784,2
6000,493.45,1.112044682,2
6000,493.5,1.11204855,2
6000,493.55,1.112052388,2
6000,493.6,1.112056197,2
6000,493.65,1.112059977,2
6000,493.7,1.112063726,2
6000,493.75,1.112067447,2
6000,493.8,1.112071137,2
6000,493.85,1.112074798,2
6000,493.9,1.112078429,2
6000,493.95,1.112082031,2
6000,494,1.112085603,2
6000,494.05,1.112089146,2
6000,494.1,1.112092659,2
6000,494.15,1.112096142,2
6000,494.2,1.112099596,2
6000,494.25,1.11210302,2
6000,494.3,1.112106414,2
6000,494.35,1.112109779,2
6000,494.4,1.112113114,2
6000,494.45,1.11211642,2
6000,494.5,1.112119696,2
6000,494.55,1.112122942,2
6000,494.6,1.112126159,2
6000,494.65,1.112129346,2
6000,494.7,1.112132503,2
6000,494.75,1.112135631,2
6000,494.8,1.112138729,2
6000,494.85,1.112141798,2
6000,494.9,1.112144837,2
6000,494.95,1.112147846,2
6000,495,1.112150826,2
6000,495.05,1.112153776,2
6000,495.1,1.112156697,2
6000,495.15,1.112159588,2
6000,495.2,1.112162449,2
6000,495.25,1.112165281,2
6000,495.3,1.112168083,2
6000,495.35,1.112170855,2
6000,495.4,1.112173598,2
6000,495.45,1.112176311,2
6000,495.5,1.112178994,2
6000,495.55,1.112181648,2
6000,495.6,1.112184272,2
6000,495.65,1.112186867,2
6000,495.7,1.112189432,2
6000,495.75,1.112191967,2
6000,495.8,1.112194473,2
6000,495.85,1.112196949,2
6000,495.9,1.112199395,2
6000,495.95,1.112201812,2
6000,496,1.112204199,2
6000,496.05,1.112206557,2
6000,496.1,1.112208884,2
6000,496.15,1.112211183,2
6000,496.2,1.112213451,2
6000,496.25,1.11221569,2
6000,496.3,1.112217899,2
6000,496.35,1.112220079,2
6000,496.4,1.112222229,2
6000,496.45,1.112224349,2
6000,496.5,1.11222644,2
6000,496.55,1.112228501,2
6000,496.6,1.112230533,2
6000,496.65,1.112232534,2
6000,496.7,1.112234506,2
6000,496.75,1.112236449,2
6000,496.8,1.112238362,2
6000,496.85,1.112240245,2
6000,496.9,1.112242098,2
6000,496.95,1.112243922,2
6000,497,1.112245717,2
6000,497.05,1.112247481,2
6000,497.1,1.112249216,2
6000,497.15,1.112250921,2
6000,497.2,1.112252597,2
6000,497.25,1.112254243,2
6000,497.3,1.112255859,2
6000,497.35,1.112257446,2
6000,497.4,1.112259003,2
6000,497.45,1.112260531,2
6000,497.5,1.112262028,2
6000,497.55,1.112263496,2
6000,497.6,1.112264935,2
6000,497.65,1.112266344,2
6000,497.7,1.112267723,2
6000,497.75,1.112269072,2
6000,497.8,1.112270392,2
6000,497.85,1.112271682,2
6000,497.9,1.112272943,2
6000,497.95,1.112274174,2
6000,498,1.112275375,2
6000,498.05,1.112276546,2
6000,498.1,1.112277688,2
6000,498.15,1.112278801,2
6000,498.2,1.112279883,2
6000,498.25,1.112280936,2
6000,498.3,1.112281959,2
6000,498.35,1.112282953,2
6000,498.4,1.112283917,2
6000,498.45,1.112284851,2
6000,498.5,1.112285756,2
6000,498.55,1.112286631,2
6000,498.6,1.112287476,2
6000,498.65,1.112288292,2
6000,498.7,1.112289078,2
6000,498.75,1.112289834,2
6000,498.8,1.112290561,2
6000,498.85,1.112291258,2
6000,498.9,1.112291925,2
6000,498.95,1.112292563,2
6000,499,1.112293171,2
6000,499.05,1.112293749,2
6000,499.1,1.112294298,2
6000,499.15,1.112294817,2
6000,499.2,1.112295306,2
6000,499.25,1.112295766,2
6000,499.3,1.112296196,2
6000,499.35,1.112296597,2
6000,499.4,1.112296968,2
6000,499.45,1.112297309,2
6000,499.5,1.11229762,2
6000,499.55,1.112297902,2
6000,499.6,1.112298154,2
6000,499.65,1.112298376,2
6000,499.7,1.112298569,2
6000,499.75,1.112298732,2
6000,499.8,1.112298866,2
6000,499.85,1.11229897,2
6000,499.9,1.112299044,2
6000,499.95,1.112299088,2
6000,500,1.112299103,2
6000,500.05,1.112299088,2
6000,500.1,1.112299044,2
6000,500.15,1.11229897,2
6000,500.2,1.112298866,2
6000,500.25,1.112298732,2
6000,500.3,1.112298569,2
6000,500.35,1.112298376,2
6000,500.4,1.112298154,2
6000,500.45,1.112297902,2
6000,500.5,1.11229762,2
6000,500.55,1.112297309,2
6000,500.6,1.112296968,2
6000,500.65,1.112296597,2
6000,500.7,1.112296196,2
6000,500.75,1.112295766,2
6000,500.8,1.112295306,2
6000,500.85,1.112294817,2
6000,500.9,1.112294298,2
6000,500.95,1.112293749,2
6000,501,1.112293171,2
6000,501.05,1.112292563,2
6000,501.1,1.112291925,2
6000,501.15,1.112291258,2
6000,501.2,1.112290561,2
6000,501.25,1.112289834,2
6000,501.3,1.112289078,2
6000,501.35,1.112288292,2
6000,501.4,1.112287476,2
6000,501.45,1.112286631,2
6000,501.5,1.112285756,2
6000,501.55,1.112284851,2
6000,501.6,1.112283917,2
6000,501.65,1.112282953,2
6000,501.7,1.112281959,2
6000,501.75,1.112280936,2
6000,501.8,1.112279883,2
6000,501.85,1.112278801,2
6000,501.9,1.112277688,2
6000,501.95,1.112276546,2
6000,502,1.112275375,2
6000,502.05,1.112274174,2
6000,502.1,1.112272943,2
6000,502.15,1.112271682,2
6000,502.2,1.112270392,2
6000,502.25,1.112269072,2
6000,502.3,1.112267723,2
6000,502.35,1.112266344,2
6000,502.4,1.112264935,2
6000,502.45,1.112263496,2
6000,502.5,1.112262028,2
6000,502.55,1.112260531,2
6000,502.6,1.112259003,2
6000,502.65,1.112257446,2
6000,502.7,1.112255859,2
6000,502.75,1.112254243,2
6000,502.8,1.112252597,2
6000,502.85,1.112250921,2
6000,502.9,1.112249216,2
6000,502.95,1.112247481,2
6000,503,1.112245717,2
6000,503.05,1.112243922,2
6000,503.1,1.112242098,2
6000,503.15,1.112240245,2
6000,503.2,1.112238362,2
6000,503.25,1.112236449,2
6000,503.3,1.112234506,2
6000,503.35,1.112232534,2
6000,503.4,1.112230533,2
6000,503.45,1.112228501,2
6000,503.5,1.11222644,2
6000,503.55,1.112224349,2
6000,503.6,1.112222229,2
6000,503.65,1.112220079,2
6000,503.7,1.112217899,2
6000,503.75,1.11221569,2
6000,503.8,1.112213451,2
6000,503.85,1.112211183,2
6000,503.9,1.112208884,2
6000,503.95,1.112206557,2
6000,504,1.112204199,2
6000,504.05,1.112201812,2
6000,504.1,1.112199395,2
6000,504.15,1.112196949,2
6000,504.2,1.112194473,2
6000,504.25,1.112191967,2
6000,504.3,1.112189432,2
6000,504.35,1.112186867,2
6000,504.4,1.112184272,2
6000,504.45,1.112181648,2
6000,504.5,1.112178994,2
6000,504.55,1.112176311,2
6000,504.6,1.112173598,2
6000,504.65,1.112170855,2
6000,504.7,1.112168083,2
6000,504.75,1.112165281,2
6000,504.8,1.112162449,2
6000,504.85,1.112159588,2
6000,504.9,1.112156697,2
6000,504.95,1.112153776,2
6000,505,1.112150826,2
6000,505.05,1.112147846,2
6000,505.1,1.112144837,2
6000,505.15,1.112141798,2
6000,505.2,1.112138729,2
6000,505.25,1.112135631,2
6000,505.3,1.112132503,2
6000,505.35,1.112129346,2
6000,505.4,1.112126159,2
6000,505.45,1.112122942,2
6000,505.5,1.112119696,2
6000,505.55,1.11211642,2
6000,505.6,1.112113114,2
6000,505.65,1.112109779,2
6000,505.7,1.112106414,2
6000,505.75,1.11210302,2
6000,505.8,1.112099596,2
6000,505.85,1.112096142,2
6000,505.9,1.112092659,2
6000,505.95,1.112089146,2
6000,506,1.112085603,2
6000,506.05,1.112082031,2
6000,506.1,1.112078429,2
6000,506.15,1.112074798,2
6000,506.2,1.112071137,2
6000,506.25,1.112067447,2
6000,506.3,1.112063726,2
6000,506.35,1.112059977,2
6000,506.4,1.112056197,2
6000,506.45,1.112052388,2
6000,506.5,1.11204855,2
6000,506.55,1.112044682,2
6000,506.6,1.112040784,2
6000,506.65,1.112036856,2
6000,506.7,1.112032899,2
6000,506.75,1.112028913,2
6000,506.8,1.112024897,2
6000,506.85,1.112020851,2
6000,506.9,1.112016776,2
6000,506.95,1.112012671,2
6000,507,1.112008536,2
6000,507.05,1.112004372,2
6000,507.1,1.112000178,2
6000,507.15,1.111995955,2
6000,507.2,1.111991702,2
6000,507.25,1.11198742,2
6000,507.3,1.111983108,2
6000,507.35,1.111978766,2
6000,507.4,1.111974395,2
6000,507.45,1.111969994,2
6000,507.5,1.111965564,2
6000,507.55,1.111961104,2
6000,507.6,1.111956614,2
6000,507.65,1.111952095,2
6000,507.7,1.111947546,2
6000,507.75,1.111942968,2
6000,507.8,1.11193836,2
6000,507.85,1.111933722,2
6000,507.9,1.111929055,2
6000,507.95,1.111924359,2
6000,508,1.111919633,2
6000,508.05,1.111914877,2
6000,508.1,1.111910092,2
6000,508.15,1.111905277,2
6000,508.2,1.111900432,2
6000,508.25,1.111895558,2
6000,508.3,1.111890655,2
6000,508.35,1.111885722,2
6000,508.4,1.111880759,2
6000,508.45,1.111875767,2
6000,508.5,1.111870745,2
6000,508.55,1.111865693,2
6000,508.6,1.111860613,2
6000,508.65,1.111855502,2
6000,508.7,1.111850362,2
6000,508.75,1.111845192,2
6000,508.8,1.111839993,2
6000,508.85,1.111834765,2
6000,508.9,1.111829506,2
6000,508.95,1.111824218,2
6000,509,1.111818901,2
6000,509.05,1.111813554,2
6000,509.1,1.111808178,2
6000,509.15,1.111802772,2
6000,509.2,1.111797336,2
6000,509.25,1.111791871,2
6000,509.3,1.111786377,2
6000,509.35,1.111780852,2
6000,509.4,1.111775299,2
6000,509.45,1.111769716,2
6000,509.5,1.111764103,2
6000,509.55,1.111758461,2
6000,509.6,1.111752789,2
6000,509.65,1.111747087,2
6000,509.7,1.111741357,2
6000,509.75,1.111735596,2
6000,509.8,1.111729806,2
6000,509.85,1.111723987,2
6000,509.9,1.111718138,2
6000,509.95,1.111712259,2
6000,510,1.111706351,2
6000,510.05,1.111700414,2
6000,510.1,1.111694447,2
6000,510.15,1.11168845,2
6000,510.2,1.111682424,2
6000,510.25,1.111676368,2
6000,510.3,1.111670283,2
6000,510.35,1.111664169,2
6000,510.4,1.111658025,2
6000,510.45,1.111651851,2
6000,510.5,1.111645648,2
6000,510.55,1.111639415,2
6000,510.6,1.111633153,2
6000,510.65,1.111626861,2
6000,510.7,1.11162054,2
6000,510.75,1.11161419,2
6000,510.8,1.111607809,2
6000,510.85,1.1116014,2
6000,510.9,1.111594961,2
6000,510.95,1.111588492,2
6000,511,1.111581994,2
6000,511.05,1.111575466,2
6000,511.1,1.111568909,2
6000,511.15,1.111562323,2
6000,511.2,1.111555706,2
6000,511.25,1.111549061,2
6000,511.3,1.111542386,2
6000,511.35,1.111535681,2
6000,511.4,1.111528947,2
6000,511.45,1.111522184,2
6000,511.5,1.111515391,2
6000,511.55,1.111508569,2
6000,511.6,1.111501717,2
6000,511.65,1.111494835,2
6000,511.7,1.111487924,2
6000,511.75,1.111480984,2
6000,511.8,1.111474014,2
6000,511.85,1.111467015,2
6000,511.9,1.111459986,2
6000,511.95,1.111452928,2
6000,512,1.111445841,2
6000,512.05,1.111438724,2
6000,512.1,1.111431577,2
6000,512.15,1.111424401,2
6000,512.2,1.111417196,2
6000,512.25,1.111409961,2
6000,512.3,1.111402697,2
6000,512.35,1.111395403,2
6000,512.4,1.11138808,2
6000,512.45,1.111380727,2
6000,512.5,1.111373345,2
6000,512.55,1.111365933,2
6000,512.6,1.111358492,2
6000,512.65,1.111351022,2
6000,512.7,1.111343522,2
6000,512.75,1.111335993,2
6000,512.8,1.111328434,2
6000,512.85,1.111320846,2
6000,512.9,1.111313228,2
6000,512.95,1.111305581,2
6000,513,1.111297905,2
6000,513.05,1.111290199,2
6000,513.1,1.111282464,2
6000,513.15,1.111274699,2
6000,513.2,1.111266905,2
6000,513.25,1.111259082,2
6000,513.3,1.111251229,2
6000,513.35,1.111243347,2
6000,513.4,1.111235435,2
6000,513.45,1.111227494,2
6000,513.5,1.111219523,2
6000,513.55,1.111211523,2
6000,513.6,1.111203494,2
6000,513.65,1.111195435,2
6000,513.7,1.111187347,2
6000,513.75,1.11117923,2
6000,513.8,1.111171083,2
6000,513.85,1.111162906,2
6000,513.9,1.111154701,2
6000,513.95,1.111146466,2
6000,514,1.111138201,2
6000,514.05,1.111129907,2
6000,514.1,1.111121584,2
6000,514.15,1.111113231,2
6000,514.2,1.111104849,2
6000,514.25,1.111096438,2
6000,514.3,1.111087997,2
6000,514.35,1.111079527,2
6000,514.4,1.111071028,2
6000,514.45,1.111062499,2
6000,514.5,1.111053941,2
6000,514.55,1.111045353,2
6000,514.6,1.111036736,2
6000,514.65,1.11102809,2
6000,514.7,1.111019414,2
6000,514.75,1.111010709,2
6000,514.8,1.111001975,2
6000,514.85,1.110993211,2
6000,514.9,1.110984418,2
6000,514.95,1.110975596,2
6000,515,1.110966744,2
6000,515.05,1.110957863,2
6000,515.1,1.110948952,2
6000,515.15,1.110940013,2
6000,515.2,1.110931044,2
6000,515.25,1.110922045,2
6000,515.3,1.110913017,2
6000,515.35,1.11090396,2
6000,515.4,1.110894874,2
6000,515.45,1.110885758,2
6000,515.5,1.110876613,2
6000,515.55,1.110867439,2
6000,515.6,1.110858235,2
6000,515.65,1.110849002,2
6000,515.7,1.11083974,2
6000,515.75,1.110830448,2
6000,515.8,1.110821127,2
6000,515.85,1.110811777,2
6000,515.9,1.110802397,2
6000,515.95,1.110792988,2
6000,516,1.11078355,2
6000,516.05,1.110774083,2
6000,516.1,1.110764586,2
6000,516.15,1.11075506,2
6000,516.2,1.110745504,2
6000,516.25,1.11073592,2
6000,516.3,1.110726306,2
6000,516.35,1.110716663,2
6000,516.4,1.11070699,2
6000,516.45,1.110697288,2
6000,516.5,1.110687557,2
6000,516.55,1.110677797,2
6000,516.6,1.110668007,2
6000,516.65,1.110658189,2
6000,516.7,1.11064834,2
6000,516.75,1.110638463,2
6000,516.8,1.110628556,2
6000,516.85,1.11061862,2
6000,516.9,1.110608655,2
6000,516.95,1.110598661,2
6000,517,1.110588637,2
6000,517.05,1.110578584,2
6000,517.1,1.110568502,2
6000,517.15,1.110558391,2
6000,517.2,1.11054825,2
6000,517.25,1.11053808,2
6000,517.3,1.110527881,2
6000,517.35,1.110517652,2
6000,517.4,1.110507395,2
6000,517.45,1.110497108,2
6000,517.5,1.110486792,2
6000,517.55,1.110476446,2
6000,517.6,1.110466072,2
6000,517.65,1.110455668,2
6000,517.7,1.110445235,2
6000,517.75,1.110434773,2
6000,517.8,1.110424281,2
6000,517.85,1.110413761,2
6000,517.9,1.110403211,2
6000,517.95,1.110392632,2
6000,518,1.110382024,2
6000,518.05,1.110371386,2
6000,518.1,1.11036072,2
6000,518.15,1.110350024,2
6000,518.2,1.110339299,2
6000,518.25,1.110328544,2
6000,518.3,1.110317761,2
6000,518.35,1.110306948,2
6000,518.4,1.110296107,2
6000,518.45,1.110285236,2
6000,518.5,1.110274335,2
6000,518.55,1.110263406,2
6000,518.6,1.110252448,2
6000,518.65,1.11024146,2
6000,518.7,1.110230443,2
6000,518.75,1.110219397,2
6000,518.8,1.110208322,2
6000,518.85,1.110197217,2
6000,518.9,1.110186084,2
6000,518.95,1.110174921,2
6000,519,1.110163729,2
6000,519.05,1.110152509,2
6000,519.1,1.110141258,2
6000,519.15,1.110129979,2
6000,519.2,1.110118671,2
6000,519.25,1.110107333,2
6000,519.3,1.110095967,2
6000,519.35,1.110084571,2
6000,519.4,1.110073146,2
6000,519.45,1.110061692,2
6000,519.5,1.110050209,2
6000,519.55,1.110038696,2
6000,519.6,1.110027155,2
6000,519.65,1.110015584,2
6000,519.7,1.110003985,2
6000,519.75,1.109992356,2
6000,519.8,1.109980698,2
6000,519.85,1.109969011,2
6000,519.9,1.109957295,2
6000,519.95,1.10994555,2
6000,520,1.109933775,2
6000,520.05,1.109921972,2
6000,520.1,1.10991014,2
6000,520.15,1.109898278,2
6000,520.2,1.109886387,2
6000,520.25,1.109874468,2
6000,520.3,1.109862519,2
6000,520.35,1.109850541,2
6000,520.4,1.109838534,2
6000,520.45,1.109826498,2
6000,520.5,1.109814433,2
6000,520.55,1.109802339,2
6000,520.6,1.109790215,2
6000,520.65,1.109778063,2
6000,520.7,1.109765882,2
6000,520.75,1.109753671,2
6000,520.8,1.109741432,2
6000,520.85,1.109729163,2
6000,520.9,1.109716866,2
6000,520.95,1.109704539,2
6000,521,1.109692184,2
6000,521.05,1.109679799,2
6000,521.1,1.109667385,2
6000,521.15,1.109654943,2
6000,521.2,1.109642471,2
6000,521.25,1.10962997,2
6000,521.3,1.10961744,2
6000,521.35,1.109604881,2
6000,521.4,1.109592293,2
6000,521.45,1.109579677,2
6000,521.5,1.109567031,2
6000,521.55,1.109554356,2
6000,521.6,1.109541652,2
6000,521.65,1.109528919,2
6000,521.7,1.109516157,2
6000,521.75,1.109503366,2
6000,521.8,1.109490546,2
6000,521.85,1.109477698,2
6000,521.9,1.10946482,2
6000,521.95,1.109451913,2
6000,522,1.109438977,2
6000,522.05,1.109426012,2
6000,522.1,1.109413019,2
6000,522.15,1.109399996,2
6000,522.2,1.109386944,2
6000,522.25,1.109373863,2
6000,522.3,1.109360754,2
6000,522.35,1.109347615,2
6000,522.4,1.109334448,2
6000,522.45,1.109321251,2
6000,522.5,1.109308026,2
6000,522.55,1.109294771,2
6000,522.6,1.109281488,2
6000,522.65,1.109268176,2
6000,522.7,1.109254835,2
6000,522.75,1.109241464,2
6000,522.8,1.109228065,2
6000,522.85,1.109214637,2
6000,522.9,1.10920118,2
6000,522.95,1.109187695,2
6000,523,1.10917418,2
6000,523.05,1.109160636,2
6000,523.1,1.109147064,2
6000,523.15,1.109133462,2
6000,523.2,1.109119832,2
6000,523.25,1.109106173,2
6000,523.3,1.109092484,2
6000,523.35,1.109078767,2
6000,523.4,1.109065021,2
6000,523.45,1.109051246,2
6000,523.5,1.109037443,2
6000,523.55,1.10902361,2
6000,523.6,1.109009749,2
6000,523.65,1.108995858,2
6000,523.7,1.108981939,2
6000,523.75,1.108967991,2
6000,523.8,1.108954014,2
6000,523.85,1.108940008,2
6000,523.9,1.108925973,2
6000,523.95,1.10891191,2
6000,524,1.108897817,2
6000,524.05,1.108883696,2
6000,524.1,1.108869546,2
6000,524.15,1.108855367,2
6000,524.2,1.108841159,2
6000,524.25,1.108826923,2
6000,524.3,1.108812657,2
6000,524.35,1.108798363,2
6000,524.4,1.10878404,2
6000,524.45,1.108769688,2
6000,524.5,1.108755307,2
6000,524.55,1.108740898,2
6000,524.6,1.10872646,2
6000,524.65,1.108711992,2
6000,524.7,1.108697497,2
6000,524.75,1.108682972,2
6000,524.8,1.108668418,2
6000,524.85,1.108653836,2
6000,524.9,1.108639225,2
6000,524.95,1.108624585,2
6000,525,1.108609916,2
6000,525.05,1.108595219,2
6000,525.1,1.108580492,2
6000,525.15,1.108565737,2
6000,525.2,1.108550954,2
6000,525.25,1.108536141,2
6000,525.3,1.1085213,2
6000,525.35,1.10850643,2
6000,525.4,1.108491531,2
6000,525.45,1.108476603,2
6000,525.5,1.108461647,2
6000,525.55,1.108446662,2
6000,525.6,1.108431648,2
6000,525.65,1.108416605,2
6000,525.7,1.108401534,2
6000,525.75,1.108386434,2
6000,525.8,1.108371305,2
6000,525.85,1.108356148,2
6000,525.9,1.108340962,2
6000,525.95,1.108325747,2
6000,526,1.108310503,2
6000,526.05,1.108295231,2
6000,526.1,1.10827993,2
6000,526.15,1.1082646,2
6000,526.2,1.108249242,2
6000,526.25,1.108233855,2
6000,526.3,1.108218439,2
6000,526.35,1.108202995,2
6000,526.4,1.108187521,2
6000,526.45,1.10817202,2
6000,526.5,1.108156489,2
6000,526.55,1.10814093,2
6000,526.6,1.108125342,2
6000,526.65,1.108109725,2
6000,526.7,1.10809408,2
6000,526.75,1.108078406,2
6000,526.8,1.108062704,2
6000,526.85,1.108046973,2
6000,526.9,1.108031213,2
6000,526.95,1.108015425,2
6000,527,1.107999608,2
6000,527.05,1.107983762,2
6000,527.1,1.107967888,2
6000,527.15,1.107951985,2
6000,527.2,1.107936053,2
6000,527.25,1.107920093,2
6000,527.3,1.107904104,2
6000,527.35,1.107888087,2
6000,527.4,1.107872041,2
6000,527.45,1.107855966,2
6000,527.5,1.107839863,2
6000,527.55,1.107823731,2
6000,527.6,1.107807571,2
6000,527.65,1.107791382,2
6000,527.7,1.107775164,2
6000,527.75,1.107758918,2
6000,527.8,1.107742643,2
6000,527.85,1.10772634,2
6000,527.9,1.107710008,2
6000,527.95,1.107693648,2
6000,528,1.107677259,2
6000,528.05,1.107660841,2
6000,528.1,1.107644395,2
6000,528.15,1.10762792,2
6000,528.2,1.107611417,2
6000,528.25,1.107594885,2
6000,528.3,1.107578325,2
6000,528.35,1.107561736,2
6000,528.4,1.107545119,2
6000,528.45,1.107528473,2
6000,528.5,1.107511799,2
6000,528.55,1.107495096,2
6000,528.6,1.107478364,2
6000,528.65,1.107461604,2
6000,528.7,1.107444816,2
6000,528.75,1.107427999,2
6000,528.8,1.107411154,2
6000,528.85,1.10739428,2
6000,528.9,1.107377377,2
6000,528.95,1.107360446,2
6000,529,1.107343487,2
6000,529.05,1.107326499,2
6000,529.1,1.107309483,2
6000,529.15,1.107292438,2
6000,529.2,1.107275365,2
6000,529.25,1.107258263,2
6000,529.3,1.107241133,2
6000,529.35,1.107223974,2
6000,529.4,1.107206787,2
6000,529.45,1.107189572,2
6000,529.5,1.107172328,2
6000,529.55,1.107155055,2
6000,529.6,1.107137754,2
6000,529.65,1.107120425,2
6000,529.7,1.107103067,2
6000,529.75,1.107085681,2
6000,529.8,1.107068267,2
6000,529.85,1.107050824,2
6000,529.9,1.107033353,2
6000,529.95,1.107015853,2
6000,530,1.106998325,2
6000,530.05,1.106980768,2
6000,530.1,1.106963183,2
6000,530.15,1.10694557,2
6000,530.2,1.106927928,2
6000,530.25,1.106910258,2
6000,530.3,1.10689256,2
6000,530.35,1.106874833,2
6000,530.4,1.106857078,2
6000,530.45,1.106839294,2
6000,530.5,1.106821482,2
6000,530.55,1.106803642,2
6000,530.6,1.106785773,2
6000,530.65,1.106767876,2
6000,530.7,1.106749951,2
6000,530.75,1.106731997,2
6000,530.8,1.106714015,2
6000,530.85,1.106696005,2
6000,530.9,1.106677966,2
6000,530.95,1.106659899,2
6000,531,1.106641804,2
6000,531.05,1.106623681,2
6000,531.1,1.106605529,2
6000,531.15,1.106587349,2
6000,531.2,1.10656914,2
6000,531.25,1.106550903,2
6000,531.3,1.106532638,2
6000,531.35,1.106514345,2
6000,531.4,1.106496023,2
6000,531.45,1.106477673,2
6000,531.5,1.106459295,2
6000,531.55,1.106440889,2
6000,531.6,1.106422454,2
6000,531.65,1.106403991,2
6000,531.7,1.1063855,2
6000,531.75,1.106366981,2
6000,531.8,1.106348433,2
6000,531.85,1.106329857,2
6000,531.9,1.106311253,2
6000,531.95,1.10629262,2
6000,532,1.10627396,2
6000,532.05,1.106255271,2
6000,532.1,1.106236554,2
6000,532.15,1.106217808,2
6000,532.2,1.106199035,2
6000,532.25,1.106180233,2
6000,532.3,1.106161403,2
6000,532.35,1.106142545,2
6000,532.4,1.106123659,2
6000,532.45,1.106104744,2
6000,532.5,1.106085802,2
6000,532.55,1.106066831,2
6000,532.6,1.106047832,2
6000,532.65,1.106028805,2
6000,532.7,1.106009749,2
6000,532.75,1.105990666,2
6000,532.8,1.105971554,2
6000,532.85,1.105952414,2
6000,532.9,1.105933246,2
6000,532.95,1.10591405,2
6000,533,1.105894826,2
6000,533.05,1.105875574,2
6000,533.1,1.105856293,2
6000,533.15,1.105836984,2
6000,533.2,1.105817648,2
6000,533.25,1.105798283,2
6000,533.3,1.10577889,2
6000,533.35,1.105759469,2
6000,533.4,1.10574002,2
6000,533.45,1.105720542,2
6000,533.5,1.105701037,2
6000,533.55,1.105681503,2
6000,533.6,1.105661942,2
6000,533.65,1.105642352,2
6000,533.7,1.105622735,2
6000,533.75,1.105603089,2
6000,533.8,1.105583415,2
6000,533.85,1.105563713,2
6000,533.9,1.105543983,2
6000,533.95,1.105524225,2
6000,534,1.105504439,2
6000,534.05,1.105484625,2
6000,534.1,1.105464783,2
6000,534.15,1.105444913,2
6000,534.2,1.105425015,2
6000,534.25,1.105405088,2
6000,534.3,1.105385134,2
6000,534.35,1.105365152,2
6000,534.4,1.105345142,2
6000,534.45,1.105325104,2
6000,534.5,1.105305037,2
6000,534.55,1.105284943,2
6000,534.6,1.105264821,2
6000,534.65,1.105244671,2
6000,534.7,1.105224492,2
6000,534.75,1.105204286,2
6000,534.8,1.105184052,2
6000,534.85,1.10516379,2
6000,534.9,1.1051435,2
6000,534.95,1.105123182,2
6000,535,1.105102836,2
6000,535.05,1.105082462,2
6000,535.1,1.10506206,2
6000,535.15,1.105041631,2
6000,535.2,1.105021173,2
6000,535.25,1.105000687,2
6000,535.3,1.104980174,2
6000,535.35,1.104959632,2
6000,535.4,1.104939063,2
6000,535.45,1.104918466,2
6000,535.5,1.10489784,2
6000,535.55,1.104877187,2
6000,535.6,1.104856506,2
6000,535.65,1.104835797,2
6000,535.7,1.104815061,2
6000,535.75,1.104794296,2
6000,535.8,1.104773504,2
6000,535.85,1.104752683,2
6000,535.9,1.104731835,2
6000,535.95,1.104710959,2
6000,536,1.104690055,2
6000,536.05,1.104669123,2
6000,536.1,1.104648164,2
6000,536.15,1.104627176,2
6000,536.2,1.104606161,2
6000,536.25,1.104585118,2
6000,536.3,1.104564047,2
6000,536.35,1.104542948,2
6000,536.4,1.104521821,2
6000,536.45,1.104500667,2
6000,536.5,1.104479485,2
6000,536.55,1.104458275,2
6000,536.6,1.104437037,2
6000,536.65,1.104415771,2
6000,536.7,1.104394478,2
6000,536.75,1.104373157,2
6000,536.8,1.104351808,2
6000,536.85,1.104330431,2
6000,536.9,1.104309027,2
6000,536.95,1.104287595,2
6000,537,1.104266135,2
6000,537.05,1.104244647,2
6000,537.1,1.104223132,2
6000,537.15,1.104201589,2
6000,537.2,1.104180018,2
6000,537.25,1.104158419,2
6000,537.3,1.104136793,2
6000,537.35,1.104115139,2
6000,537.4,1.104093457,2
6000,537.45,1.104071747,2
6000,537.5,1.10405001,2
6000,537.55,1.104028245,2
6000,537.6,1.104006453,2
6000,537.65,1.103984632,2
6000,537.7,1.103962784,2
6000,537.75,1.103940909,2
6000,537.8,1.103919006,2
6000,537.85,1.103897075,2
6000,537.9,1.103875116,2
6000,537.95,1.10385313,2
6000,538,1.103831116,2
6000,538.05,1.103809074,2
6000,538.1,1.103787005,2
6000,538.15,1.103764908,2
6000,538.2,1.103742784,2
6000,538.25,1.103720632,2
6000,538.3,1.103698452,2
6000,538.35,1.103676245,2
6000,538.4,1.10365401,2
6000,538.45,1.103631747,2
6000,538.5,1.103609457,2
6000,538.55,1.103587139,2
6000,538.6,1.103564794,2
6000,538.65,1.103542421,2
6000,538.7,1.103520021,2
6000,538.75,1.103497593,2
6000,538.8,1.103475137,2
6000,538.85,1.103452654,2
6000,538.9,1.103430143,2
6000,538.95,1.103407605,2
6000,539,1.103385039,2
6000,539.05,1.103362446,2
6000,539.1,1.103339825,2
6000,539.15,1.103317176,2
6000,539.2,1.1032945,2
6000,539.25,1.103271797,2
6000,539.3,1.103249066,2
6000,539.35,1.103226308,2
6000,539.4,1.103203522,2
6000,539.45,1.103180708,2
6000,539.5,1.103157867,2
6000,539.55,1.103134999,2
6000,539.6,1.103112103,2
6000,539.65,1.103089179,2
6000,539.7,1.103066228,2
6000,539.75,1.10304325,2
6000,539.8,1.103020244,2
6000,539.85,1.102997211,2
6000,539.9,1.10297415,2
6000,539.95,1.102951062,2
6000,540,1.102927947,2
6000,540.05,1.102904804,2
6000,540.1,1.102881633,2
6000,540.15,1.102858435,2
6000,540.2,1.10283521,2
6000,540.25,1.102811957,2
6000,540.3,1.102788677,2
6000,540.35,1.10276537,2
6000,540.4,1.102742035,2
6000,540.45,1.102718673,2
6000,540.5,1.102695283,2
6000,540.55,1.102671866,2
6000,540.6,1.102648422,2
6000,540.65,1.10262495,2
6000,540.7,1.102601451,2
6000,540.75,1.102577924,2
6000,540.8,1.102554371,2
6000,540.85,1.102530789,2
6000,540.9,1.102507181,2
6000,540.95,1.102483545,2
6000,541,1.102459882,2
6000,541.05,1.102436191,2
6000,541.1,1.102412474,2
6000,541.15,1.102388728,2
6000,541.2,1.102364956,2
6000,541.25,1.102341156,2
6000,541.3,1.102317329,2
6000,541.35,1.102293475,2
6000,541.4,1.102269594,2
6000,541.45,1.102245685,2
6000,541.5,1.102221749,2
6000,541.55,1.102197785,2
6000,541.6,1.102173795,2
6000,541.65,1.102149777,2
6000,541.7,1.102125731,2
6000,541.75,1.102101659,2
6000,541.8,1.102077559,2
6000,541.85,1.102053433,2
6000,541.9,1.102029279,2
6000,541.95,1.102005097,2
6000,542,1.101980889,2
6000,542.05,1.101956653,2
6000,542.1,1.10193239,2
6000,542.15,1.1019081,2
6000,542.2,1.101883783,2
6000,542.25,1.101859438,2
6000,542.3,1.101835067,2
6000,542.35,1.101810668,2
6000,542.4,1.101786242,2
6000,542.45,1.101761788,2
6000,542.5,1.101737308,2
6000,542.55,1.101712801,2
6000,542.6,1.101688266,2
6000,542.65,1.101663704,2
6000,542.7,1.101639115,2
6000,542.75,1.101614499,2
6000,542.8,1.101589856,2
6000,542.85,1.101565186,2
6000,542.9,1.101540489,2
6000,542.95,1.101515764,2
6000,543,1.101491012,2
6000,543.05,1.101466234,2
6000,543.1,1.101441428,2
6000,543.15,1.101416595,2
6000,543.2,1.101391735,2
6000,543.25,1.101366848,2
6000,543.3,1.101341934,2
6000,543.35,1.101316993,2
6000,543.4,1.101292025,2
6000,543.45,1.10126703,2
6000,543.5,1.101242007,2
6000,543.55,1.101216958,2
6000,543.6,1.101191882,2
6000,543.65,1.101166779,2
6000,543.7,1.101141648,2
6000,543.75,1.101116491,2
6000,543.8,1.101091306,2
6000,543.85,1.101066095,2
6000,543.9,1.101040857,2
6000,543.95,1.101015591,2
6000,544,1.100990299,2
6000,544.05,1.10096498,2
6000,544.1,1.100939634,2
6000,544.15,1.10091426,2
6000,544.2,1.10088886,2
6000,544.25,1.100863433,2
6000,544.3,1.100837979,2
6000,544.35,1.100812498,2
6000,544.4,1.10078699,2
6000,544.45,1.100761455,2
6000,544.5,1.100735893,2
6000,544.55,1.100710304,2
6000,544.6,1.100684689,2
6000,544.65,1.100659046,2
6000,544.7,1.100633377,2
6000,544.75,1.100607681,2
6000,544.8,1.100581957,2
6000,544.85,1.100556207,2
6000,544.9,1.10053043,2
6000,544.95,1.100504626,2
6000,545,1.100478796,2
6000,545.05,1.100452938,2
6000,545.1,1.100427054,2
6000,545.15,1.100401143,2
6000,545.2,1.100375205,2
6000,545.25,1.10034924,2
6000,545.3,1.100323248,2
6000,545.35,1.100297229,2
6000,545.4,1.100271184,2
6000,545.45,1.100245112,2
6000,545.5,1.100219013,2
6000,545.55,1.100192887,2
6000,545.6,1.100166735,2
6000,545.65,1.100140555,2
6000,545.7,1.100114349,2
6000,545.75,1.100088116,2
6000,545.8,1.100061857,2
6000,545.85,1.10003557,2
6000,545.9,1.100009257,2
6000,545.95,1.099982917,2
6000,546,1.099956551,2
6000,546.05,1.099930157,2
6000,546.1,1.099903737,2
6000,546.15,1.09987729,2
6000,546.2,1.099850817,2
6000,546.25,1.099824317,2
6000,546.3,1.09979779,2
6000,546.35,1.099771236,2
6000,546.4,1.099744656,2
6000,546.45,1.099718049,2
6000,546.5,1.099691415,2
6000,546.55,1.099664755,2
6000,546.6,1.099638068,2
6000,546.65,1.099611354,2
6000,546.7,1.099584614,2
6000,546.75,1.099557847,2
6000,546.8,1.099531053,2
6000,546.85,1.099504233,2
6000,546.9,1.099477386,2
6000,546.95,1.099450513,2
6000,547,1.099423613,2
6000,547.05,1.099396686,2
6000,547.1,1.099369733,2
6000,547.15,1.099342753,2
6000,547.2,1.099315746,2
6000,547.25,1.099288713,2
6000,547.3,1.099261654,2
6000,547.35,1.099234567,2
6000,547.4,1.099207455,2
6000,547.45,1.099180315,2
6000,547.5,1.099153149,2
6000,547.55,1.099125957,2
6000,547.6,1.099098738,2
6000,547.65,1.099071492,2
6000,547.7,1.09904422,2
6000,547.75,1.099016922,2
6000,547.8,1.098989597,2
6000,547.85,1.098962245,2
6000,547.9,1.098934867,2
6000,547.95,1.098907463,2
6000,548,1.098880032,2
6000,548.05,1.098852574,2
6000,548.1,1.09882509,2
6000,548.15,1.09879758,2
6000,548.2,1.098770043,2
6000,548.25,1.098742479,2
6000,548.3,1.09871489,2
6000,548.35,1.098687273,2
6000,548.4,1.098659631,2
6000,548.45,1.098631962,2
6000,548.5,1.098604266,2
6000,548.55,1.098576544,2
6000,548.6,1.098548796,2
6000,548.65,1.098521021,2
6000,548.7,1.09849322,2
6000,548.75,1.098465392,2
6000,548.8,1.098437538,2
6000,548.85,1.098409658,2
6000,548.9,1.098381751,2
6000,548.95,1.098353818,2
6000,549,1.098325859,2
6000,549.05,1.098297873,2
6000,549.1,1.098269861,2
6000,549.15,1.098241823,2
6000,549.2,1.098213758,2
6000,549.25,1.098185667,2
6000,549.3,1.098157549,2
6000,549.35,1.098129406,2
6000,549.4,1.098101236,2
6000,549.45,1.098073039,2
6000,549.5,1.098044817,2
6000,549.55,1.098016568,2
6000,549.6,1.097988293,2
6000,549.65,1.097959991,2
6000,549.7,1.097931663,2
6000,549.75,1.097903309,2
6000,549.8,1.097874929,2
6000,549.85,1.097846523,2
6000,549.9,1.09781809,2
6000,549.95,1.097789631,2
6000,550,1.097761146,2
6000,550.05,1.097732635,2
6000,550.1,1.097704097,2
6000,550.15,1.097675533,2
6000,550.2,1.097646943,2
6000,550.25,1.097618327,2
6000,550.3,1.097589685,2
6000,550.35,1.097561016,2
6000,550.4,1.097532321,2
6000,550.45,1.0975036,2
6000,550.5,1.097474853,2
6000,550.55,1.09744608,2
6000,550.6,1.097417281,2
6000,550.65,1.097388455,2
6000,550.7,1.097359604,2
6000,550.75,1.097330726,2
6000,550.8,1.097301822,2
6000,550.85,1.097272892,2
6000,550.9,1.097243936,2
6000,550.95,1.097214954,2
6000,551,1.097185946,2
6000,551.05,1.097156911,2
6000,551.1,1.097127851,2
6000,551.15,1.097098764,2
6000,551.2,1.097069652,2
6000,551.25,1.097040513,2
6000,551.3,1.097011349,2
6000,551.35,1.096982158,2
6000,551.4,1.096952941,2
6000,551.45,1.096923698,2
6000,551.5,1.09689443,2
6000,551.55,1.096865135,2
6000,551.6,1.096835814,2
6000,551.65,1.096806467,2
6000,551.7,1.096777094,2
6000,551.75,1.096747696,2
6000,551.8,1.096718271,2
6000,551.85,1.09668882,2
6000,551.9,1.096659343,2
6000,551.95,1.096629841,2
6000,552,1.096600312,2
6000,552.05,1.096570757,2
6000,552.1,1.096541177,2
6000,552.15,1.09651157,2
6000,552.2,1.096481938,2
6000,552.25,1.09645228,2
6000,552.3,1.096422595,2
6000,552.35,1.096392885,2
6000,552.4,1.096363149,2
6000,552.45,1.096333387,2
6000,552.5,1.096303599,2
6000,552.55,1.096273786,2
6000,552.6,1.096243946,2
6000,552.65,1.096214081,2
6000,552.7,1.096184189,2
6000,552.75,1.096154272,2
6000,552.8,1.096124329,2
6000,552.85,1.096094361,2
6000,552.9,1.096064366,2
6000,552.95,1.096034345,2
6000,553,1.096004299,2
6000,553.05,1.095974227,2
6000,553.1,1.095944129,2
6000,553.15,1.095914005,2
6000,553.2,1.095883856,2
6000,553.25,1.095853681,2
6000,553.3,1.09582348,2
6000,553.35,1.095793253,2
6000,553.4,1.095763,2
6000,553.45,1.095732722,2
6000,553.5,1.095702418,2
6000,553.55,1.095672088,2
6000,553.6,1.095641733,2
6000,553.65,1.095611351,2
6000,553.7,1.095580944,2
6000,553.75,1.095550512,2
6000,553.8,1.095520053,2
6000,553.85,1.095489569,2
6000,553.9,1.09545906,2
6000,553.95,1.095428524,2
6000,554,1.095397963,2
6000,554.05,1.095367376,2
6000,554.1,1.095336764,2
6000,554.15,1.095306126,2
6000,554.2,1.095275462,2
6000,554.25,1.095244773,2
6000,554.3,1.095214058,2
6000,554.35,1.095183317,2
6000,554.4,1.095152551,2
6000,554.45,1.095121759,2
6000,554.5,1.095090941,2
6000,554.55,1.095060098,2
6000,554.6,1.09502923,2
6000,554.65,1.094998335,2
6000,554.7,1.094967415,2
6000,554.75,1.09493647,2
6000,554.8,1.094905499,2
6000,554.85,1.094874503,2
6000,554.9,1.094843481,2
6000,554.95,1.094812433,2
6000,555,1.09478136,2
6000,555.05,1.094750261,2
6000,555.1,1.094719137,2
6000,555.15,1.094687987,2
6000,555.2,1.094656812,2
6000,555.25,1.094625612,2
6000,555.3,1.094594385,2
6000,555.35,1.094563134,2
6000,555.4,1.094531857,2
6000,555.45,1.094500554,2
6000,555.5,1.094469226,2
6000,555.55,1.094437873,2
6000,555.6,1.094406494,2
6000,555.65,1.094375089,2
6000,555.7,1.094343659,2
6000,555.75,1.094312204,2
6000,555.8,1.094280724,2
6000,555.85,1.094249218,2
6000,555.9,1.094217686,2
6000,555.95,1.094186129,2
6000,556,1.094154547,2
6000,556.05,1.094122939,2
6000,556.1,1.094091307,2
6000,556.15,1.094059648,2
6000,556.2,1.094027964,2
6000,556.25,1.093996255,2
6000,556.3,1.093964521,2
6000,556.35,1.093932761,2
6000,556.4,1.093900976,2
6000,556.45,1.093869166,2
6000,556.5,1.09383733,2
6000,556.55,1.093805469,2
6000,556.6,1.093773583,2
6000,556.65,1.093741671,2
6000,556.7,1.093709735,2
6000,556.75,1.093677772,2
6000,556.8,1.093645785,2
6000,556.85,1.093613772,2
6000,556.9,1.093581734,2
6000,556.95,1.093549671,2
6000,557,1.093517583,2
6000,557.05,1.093485469,2
6000,557.1,1.09345333,2
6000,557.15,1.093421166,2
6000,557.2,1.093388977,2
6000,557.25,1.093356763,2
6000,557.3,1.093324523,2
6000,557.35,1.093292258,2
6000,557.4,1.093259968,2
6000,557.45,1.093227653,2
6000,557.5,1.093195312,2
6000,557.55,1.093162947,2
6000,557.6,1.093130556,2
6000,557.65,1.09309814,2
6000,557.7,1.093065699,2
6000,557.75,1.093033233,2
6000,557.8,1.093000742,2
6000,557.85,1.092968226,2
6000,557.9,1.092935684,2
6000,557.95,1.092903118,2
6000,558,1.092870526,2
6000,558.05,1.09283791,2
6000,558.1,1.092805268,2
6000,558.15,1.092772601,2
6000,558.2,1.092739909,2
6000,558.25,1.092707192,2
6000,558.3,1.09267445,2
6000,558.35,1.092641683,2
6000,558.4,1.092608891,2
6000,558.45,1.092576074,2
6000,558.5,1.092543232,2
6000,558.55,1.092510365,2
6000,558.6,1.092477473,2
6000,558.65,1.092444556,2
6000,558.7,1.092411614,2
6000,558.75,1.092378647,2
6000,558.8,1.092345655,2
6000,558.85,1.092312638,2
6000,558.9,1.092279596,2
6000,558.95,1.092246529,2
6000,559,1.092213437,2
6000,559.05,1.09218032,2
6000,559.1,1.092147179,2
6000,559.15,1.092114012,2
6000,559.2,1.092080821,2
6000,559.25,1.092047604,2
6000,559.3,1.092014363,2
6000,559.35,1.091981097,2
6000,559.4,1.091947806,2
6000,559.45,1.09191449,2
6000,559.5,1.091881149,2
6000,559.55,1.091847784,2
6000,559.6,1.091814393,2
6000,559.65,1.091780978,2
6000,559.7,1.091747538,2
6000,559.75,1.091714073,2
6000,559.8,1.091680583,2
6000,559.85,1.091647069,2
6000,559.9,1.091613529,2
6000,559.95,1.091579965,2
6000,560,1.091546376,2
6000,560.05,1.091512763,2
6000,560.1,1.091479124,2
6000,560.15,1.091445461,2
6000,560.2,1.091411773,2
6000,560.25,1.09137806,2
6000,560.3,1.091344323,2
6000,560.35,1.091310561,2
6000,560.4,1.091276774,2
6000,560.45,1.091242962,2
6000,560.5,1.091209126,2
6000,560.55,1.091175265,2
6000,560.6,1.091141379,2
6000,560.65,1.091107469,2
6000,560.7,1.091073534,2
6000,560.75,1.091039574,2
6000,560.8,1.091005589,2
6000,560.85,1.09097158,2
6000,560.9,1.090937547,2
6000,560.95,1.090903488,2
6000,561,1.090869405,2
6000,561.05,1.090835298,2
6000,561.1,1.090801166,2
6000,561.15,1.090767009,2
6000,561.2,1.090732827,2
6000,561.25,1.090698622,2
6000,561.3,1.090664391,2
6000,561.35,1.090630136,2
6000,561.4,1.090595856,2
6000,561.45,1.090561552,2
6000,561.5,1.090527223,2
6000,561.55,1.09049287,2
6000,561.6,1.090458492,2
6000,561.65,1.09042409,2
6000,561.7,1.090389663,2
6000,561.75,1.090355211,2
6000,561.8,1.090320735,2
6000,561.85,1.090286235,2
6000,561.9,1.09025171,2
6000,561.95,1.090217161,2
6000,562,1.090182587,2
6000,562.05,1.090147989,2
6000,562.1,1.090113366,2
6000,562.15,1.090078719,2
6000,562.2,1.090044047,2
6000,562.25,1.090009351,2
6000,562.3,1.08997463,2
6000,562.35,1.089939886,2
6000,562.4,1.089905116,2
6000,562.45,1.089870323,2
6000,562.5,1.089835504,2
6000,562.55,1.089800662,2
6000,562.6,1.089765795,2
6000,562.65,1.089730904,2
6000,562.7,1.089695988,2
6000,562.75,1.089661049,2
6000,562.8,1.089626084,2
6000,562.85,1.089591096,2
6000,562.9,1.089556083,2
6000,562.95,1.089521046,2
6000,563,1.089485984,2
6000,563.05,1.089450898,2
6000,563.1,1.089415788,2
6000,563.15,1.089380654,2
6000,563.2,1.089345495,2
6000,563.25,1.089310312,2
6000,563.3,1.089275105,2
6000,563.35,1.089239873,2
6000,563.4,1.089204618,2
6000,563.45,1.089169338,2
6000,563.5,1.089134033,2
6000,563.55,1.089098705,2
6000,563.6,1.089063352,2
6000,563.65,1.089027976,2
6000,563.7,1.088992575,2
6000,563.75,1.088957149,2
6000,563.8,1.0889217,2
6000,563.85,1.088886226,2
6000,563.9,1.088850729,2
6000,563.95,1.088815207,2
6000,564,1.088779661,2
6000,564.05,1.088744091,2
6000,564.1,1.088708496,2
6000,564.15,1.088672878,2
6000,564.2,1.088637236,2
6000,564.25,1.088601569,2
6000,564.3,1.088565878,2
6000,564.35,1.088530163,2
6000,564.4,1.088494424,2
6000,564.45,1.088458661,2
6000,564.5,1.088422874,2
6000,564.55,1.088387063,2
6000,564.6,1.088351228,2
6000,564.65,1.088315369,2
6000,564.7,1.088279486,2
6000,564.75,1.088243579,2
6000,564.8,1.088207647,2
6000,564.85,1.088171692,2
6000,564.9,1.088135713,2
6000,564.95,1.08809971,2
6000,565,1.088063682,2
6000,565.05,1.088027631,2
6000,565.1,1.087991556,2
6000,565.15,1.087955457,2
6000,565.2,1.087919334,2
6000,565.25,1.087883187,2
6000,565.3,1.087847016,2
6000,565.35,1.087810821,2
6000,565.4,1.087774602,2
6000,565.45,1.087738359,2
6000,565.5,1.087702093,2
6000,565.55,1.087665802,2
6000,565.6,1.087629488,2
6000,565.65,1.08759315,2
6000,565.7,1.087556788,2
6000,565.75,1.087520402,2
6000,565.8,1.087483992,2
6000,565.85,1.087447558,2
6000,565.9,1.087411101,2
6000,565.95,1.087374619,2
6000,566,1.087338114,2
6000,566.05,1.087301585,2
6000,566.1,1.087265032,2
6000,566.15,1.087228456,2
6000,566.2,1.087191856,2
6000,566.25,1.087155231,2
6000,566.3,1.087118584,2
6000,566.35,1.087081912,2
6000,566.4,1.087045217,2
6000,566.45,1.087008498,2
6000,566.5,1.086971755,2
6000,566.55,1.086934988,2
6000,566.6,1.086898198,2
6000,566.65,1.086861384,2
6000,566.7,1.086824546,2
6000,566.75,1.086787685,2
6000,566.8,1.0867508,2
6000,566.85,1.086713891,2
6000,566.9,1.086676958,2
6000,566.95,1.086640002,2
6000,567,1.086603023,2
6000,567.05,1.086566019,2
6000,567.1,1.086528992,2
6000,567.15,1.086491942,2
6000,567.2,1.086454868,2
6000,567.25,1.08641777,2
6000,567.3,1.086380648,2
6000,567.35,1.086343503,2
6000,567.4,1.086306335,2
6000,567.45,1.086269143,2
6000,567.5,1.086231927,2
6000,567.55,1.086194687,2
6000,567.6,1.086157425,2
6000,567.65,1.086120138,2
6000,567.7,1.086082828,2
6000,567.75,1.086045495,2
6000,567.8,1.086008138,2
6000,567.85,1.085970758,2
6000,567.9,1.085933354,2
6000,567.95,1.085895926,2
6000,568,1.085858475,2
6000,568.05,1.085821001,2
6000,568.1,1.085783503,2
6000,568.15,1.085745982,2
6000,568.2,1.085708437,2
6000,568.25,1.085670869,2
6000,568.3,1.085633277,2
6000,568.35,1.085595662,2
6000,568.4,1.085558024,2
6000,568.45,1.085520362,2
6000,568.5,1.085482677,2
6000,568.55,1.085444968,2
6000,568.6,1.085407236,2
6000,568.65,1.085369481,2
6000,568.7,1.085331702,2
6000,568.75,1.0852939,2
6000,568.8,1.085256075,2
6000,568.85,1.085218226,2
6000,568.9,1.085180354,2
6000,568.95,1.085142459,2
6000,569,1.08510454,2
6000,569.05,1.085066598,2
6000,569.1,1.085028633,2
6000,569.15,1.084990644,2
6000,569.2,1.084952632,2
6000,569.25,1.084914597,2
6000,569.3,1.084876539,2
6000,569.35,1.084838457,2
6000,569.4,1.084800352,2
6000,569.45,1.084762224,2
6000,569.5,1.084724073,2
6000,569.55,1.084685899,2
6000,569.6,1.084647701,2
6000,569.65,1.08460948,2
6000,569.7,1.084571236,2
6000,569.75,1.084532969,2
6000,569.8,1.084494678,2
6000,569.85,1.084456365,2
6000,569.9,1.084418028,2
6000,569.95,1.084379668,2
6000,570,1.084341285,2
6000,570.05,1.084302879,2
6000,570.1,1.08426445,2
6000,570.15,1.084225998,2
6000,570.2,1.084187522,2
6000,570.25,1.084149024,2
6000,570.3,1.084110502,2
6000,570.35,1.084071957,2
6000,570.4,1.08403339,2
6000,570.45,1.083994799,2
6000,570.5,1.083956185,2
6000,570.55,1.083917548,2
6000,570.6,1.083878888,2
6000,570.65,1.083840205,2
6000,570.7,1.083801499,2
6000,570.75,1.08376277,2
6000,570.8,1.083724018,2
6000,570.85,1.083685243,2
6000,570.9,1.083646446,2
6000,570.95,1.083607625,2
6000,571,1.083568781,2
6000,571.05,1.083529914,2
6000,571.1,1.083491024,2
6000,571.15,1.083452112,2
6000,571.2,1.083413176,2
6000,571.25,1.083374218,2
6000,571.3,1.083335236,2
6000,571.35,1.083296232,2
6000,571.4,1.083257205,2
6000,571.45,1.083218155,2
6000,571.5,1.083179082,2
6000,571.55,1.083139986,2
6000,571.6,1.083100868,2
6000,571.65,1.083061726,2
6000,571.7,1.083022562,2
6000,571.75,1.082983375,2
6000,571.8,1.082944165,2
6000,571.85,1.082904932,2
6000,571.9,1.082865676,2
6000,571.95,1.082826398,2
6000,572,1.082787097,2
6000,572.05,1.082747773,2
6000,572.1,1.082708426,2
6000,572.15,1.082669057,2
6000,572.2,1.082629665,2
6000,572.25,1.08259025,2
6000,572.3,1.082550812,2
6000,572.35,1.082511352,2
6000,572.4,1.082471869,2
6000,572.45,1.082432363,2
6000,572.5,1.082392835,2
6000,572.55,1.082353284,2
6000,572.6,1.08231371,2
6000,572.65,1.082274114,2
6000,572.7,1.082234494,2
6000,572.75,1.082194853,2
6000,572.8,1.082155188,2
6000,572.85,1.082115501,2
6000,572.9,1.082075792,2
6000,572.95,1.082036059,2
6000,573,1.081996305,2
6000,573.05,1.081956527,2
6000,573.1,1.081916727,2
6000,573.15,1.081876904,2
6000,573.2,1.081837059,2
6000,573.25,1.081797192,2
6000,573.3,1.081757301,2
6000,573.35,1.081717389,2
6000,573.4,1.081677453,2
6000,573.45,1.081637495,2
6000,573.5,1.081597515,2
6000,573.55,1.081557512,2
6000,573.6,1.081517487,2
6000,573.65,1.081477439,2
6000,573.7,1.081437369,2
6000,573.75,1.081397276,2
6000,573.8,1.081357161,2
6000,573.85,1.081317023,2
6000,573.9,1.081276863,2
6000,573.95,1.08123668,2
6000,574,1.081196475,2
6000,574.05,1.081156248,2
6000,574.1,1.081115998,2
6000,574.15,1.081075726,2
6000,574.2,1.081035431,2
6000,574.25,1.080995114,2
6000,574.3,1.080954775,2
6000,574.35,1.080914413,2
6000,574.4,1.080874029,2
6000,574.45,1.080833623,2
6000,574.5,1.080793194,2
6000,574.55,1.080752743,2
6000,574.6,1.08071227,2
6000,574.65,1.080671774,2
6000,574.7,1.080631256,2
6000,574.75,1.080590716,2
6000,574.8,1.080550154,2
6000,574.85,1.080509569,2
6000,574.9,1.080468962,2
6000,574.95,1.080428333,2
6000,575,1.080387681,2
6000,575.05,1.080347008,2
6000,575.1,1.080306312,2
6000,575.15,1.080265594,2
6000,575.2,1.080224853,2
6000,575.25,1.080184091,2
6000,575.3,1.080143306,2
6000,575.35,1.080102499,2
6000,575.4,1.08006167,2
6000,575.45,1.080020819,2
6000,575.5,1.079979945,2
6000,575.55,1.07993905,2
6000,575.6,1.079898132,2
6000,575.65,1.079857193,2
6000,575.7,1.079816231,2
6000,575.75,1.079775247,2
6000,575.8,1.079734241,2
6000,575.85,1.079693213,2
6000,575.9,1.079652162,2
6000,575.95,1.07961109,2
6000,576,1.079569996,2
6000,576.05,1.07952888,2
6000,576.1,1.079487741,2
6000,576.15,1.079446581,2
6000,576.2,1.079405398,2
6000,576.25,1.079364194,2
6000,576.3,1.079322967,2
6000,576.35,1.079281719,2
6000,576.4,1.079240449,2
6000,576.45,1.079199156,2
6000,576.5,1.079157842,2
6000,576.55,1.079116506,2
6000,576.6,1.079075147,2
6000,576.65,1.079033767,2
6000,576.7,1.078992365,2
6000,576.75,1.078950941,2
6000,576.8,1.078909495,2
6000,576.85,1.078868027,2
6000,576.9,1.078826538,2
6000,576.95,1.078785026,2
6000,577,1.078743493,2
6000,577.05,1.078701937,2
6000,577.1,1.07866036,2
6000,577.15,1.078618761,2
6000,577.2,1.078577141,2
6000,577.25,1.078535498,2
6000,577.3,1.078493833,2
6000,577.35,1.078452147,2
6000,577.4,1.078410439,2
6000,577.45,1.078368709,2
6000,577.5,1.078326958,2
6000,577.55,1.078285184,2
6000,577.6,1.078243389,2
6000,577.65,1.078201572,2
6000,577.7,1.078159734,2
6000,577.75,1.078117873,2
6000,577.8,1.078075991,2
6000,577.85,1.078034088,2
6000,577.9,1.077992162,2
6000,577.95,1.077950215,2
6000,578,1.077908246,2
6000,578.05,1.077866256,2
6000,578.1,1.077824244,2
6000,578.15,1.07778221,2
6000,578.2,1.077740154,2
6000,578.25,1.077698077,2
6000,578.3,1.077655978,2
6000,578.35,1.077613858,2
6000,578.4,1.077571716,2
6000,578.45,1.077529553,2
6000,578.5,1.077487368,2
6000,578.55,1.077445161,2
6000,578.6,1.077402933,2
6000,578.65,1.077360683,2
6000,578.7,1.077318411,2
6000,578.75,1.077276119,2
6000,578.8,1.077233804,2
6000,578.85,1.077191468,2
6000,578.9,1.077149111,2
6000,578.95,1.077106732,2
6000,579,1.077064331,2
6000,579.05,1.077021909,2
6000,579.1,1.076979466,2
6000,579.15,1.076937001,2
6000,579.2,1.076894515,2
6000,579.25,1.076852007,2
6000,579.3,1.076809478,2
6000,579.35,1.076766927,2
6000,579.4,1.076724355,2
6000,579.45,1.076681762,2
6000,579.5,1.076639147,2
6000,579.55,1.076596511,2
6000,579.6,1.076553853,2
6000,579.65,1.076511174,2
6000,579.7,1.076468474,2
6000,579.75,1.076425752,2
6000,579.8,1.076383009,2
6000,579.85,1.076340245,2
6000,579.9,1.076297459,2
6000,579.95,1.076254652,2
6000,580,1.076211824,2
6000,580.05,1.076168974,2
6000,580.1,1.076126103,2
6000,580.15,1.076083211,2
6000,580.2,1.076040298,2
6000,580.25,1.075997363,2
6000,580.3,1.075954407,2
6000,580.35,1.07591143,2
6000,580.4,1.075868432,2
6000,580.45,1.075825412,2
6000,580.5,1.075782372,2
6000,580.55,1.07573931,2
6000,580.6,1.075696227,2
6000,580.65,1.075653122,2
6000,580.7,1.075609997,2
6000,580.75,1.07556685,2
6000,580.8,1.075523682,2
6000,580.85,1.075480493,2
6000,580.9,1.075437283,2
6000,580.95,1.075394052,2
6000,581,1.0753508,2
6000,581.05,1.075307527,2
6000,581.1,1.075264232,2
6000,581.15,1.075220917,2
6000,581.2,1.07517758,2
6000,581.25,1.075134222,2
6000,581.3,1.075090844,2
6000,581.35,1.075047444,2
6000,581.4,1.075004023,2
6000,581.45,1.074960581,2
6000,581.5,1.074917118,2
6000,581.55,1.074873635,2
6000,581.6,1.07483013,2
6000,581.65,1.074786604,2
6000,581.7,1.074743057,2
6000,581.75,1.074699489,2
6000,581.8,1.074655901,2
6000,581.85,1.074612291,2
6000,581.9,1.074568661,2
6000,581.95,1.074525009,2
6000,582,1.074481337,2
6000,582.05,1.074437643,2
6000,582.1,1.074393929,2
6000,582.15,1.074350194,2
6000,582.2,1.074306438,2
6000,582.25,1.074262661,2
6000,582.3,1.074218864,2
6000,582.35,1.074175045,2
6000,582.4,1.074131206,2
6000,582.45,1.074087346,2
6000,582.5,1.074043465,2
6000,582.55,1.073999563,2
6000,582.6,1.07395564,2
6000,582.65,1.073911697,2
6000,582.7,1.073867733,2
6000,582.75,1.073823748,2
6000,582.8,1.073779742,2
6000,582.85,1.073735715,2
6000,582.9,1.073691668,2
6000,582.95,1.0736476,2
6000,583,1.073603512,2
6000,583.05,1.073559402,2
6000,583.1,1.073515272,2
6000,583.15,1.073471121,2
6000,583.2,1.07342695,2
6000,583.25,1.073382758,2
6000,583.3,1.073338545,2
6000,583.35,1.073294312,2
6000,583.4,1.073250058,2
6000,583.45,1.073205783,2
6000,583.5,1.073161488,2
6000,583.55,1.073117172,2
6000,583.6,1.073072835,2
6000,583.65,1.073028478,2
6000,583.7,1.072984101,2
6000,583.75,1.072939702,2
6000,583.8,1.072895284,2
6000,583.85,1.072850844,2
6000,583.9,1.072806384,2
6000,583.95,1.072761904,2
6000,584,1.072717403,2
6000,584.05,1.072672881,2
6000,584.1,1.072628339,2
6000,584.15,1.072583777,2
6000,584.2,1.072539194,2
6000,584.25,1.072494591,2
6000,584.3,1.072449967,2
6000,584.35,1.072405322,2
6000,584.4,1.072360658,2
6000,584.45,1.072315972,2
6000,584.5,1.072271267,2
6000,584.55,1.072226541,2
6000,584.6,1.072181794,2
6000,584.65,1.072137027,2
6000,584.7,1.07209224,2
6000,584.75,1.072047433,2
6000,584.8,1.072002605,2
6000,584.85,1.071957756,2
6000,584.9,1.071912888,2
6000,584.95,1.071867999,2
6000,585,1.071823089,2
6000,585.05,1.07177816,2
6000,585.1,1.07173321,2
6000,585.15,1.071688239,2
6000,585.2,1.071643249,2
6000,585.25,1.071598238,2
6000,585.3,1.071553207,2
6000,585.35,1.071508156,2
6000,585.4,1.071463084,2
6000,585.45,1.071417992,2
6000,585.5,1.07137288,2
6000,585.55,1.071327748,2
6000,585.6,1.071282596,2
6000,585.65,1.071237423,2
6000,585.7,1.07119223,2
6000,585.75,1.071147017,2
6000,585.8,1.071101784,2
6000,585.85,1.071056531,2
6000,585.9,1.071011257,2
6000,585.95,1.070965964,2
6000,586,1.07092065,2
6000,586.05,1.070875316,2
6000,586.1,1.070829962,2
6000,586.15,1.070784588,2
6000,586.2,1.070739194,2
6000,586.25,1.07069378,2
6000,586.3,1.070648346,2
6000,586.35,1.070602891,2
6000,586.4,1.070557417,2
6000,586.45,1.070511922,2
6000,586.5,1.070466408,2
6000,586.55,1.070420874,2
6000,586.6,1.070375319,2
6000,586.65,1.070329745,2
6000,586.7,1.07028415,2
6000,586.75,1.070238536,2
6000,586.8,1.070192902,2
6000,586.85,1.070147247,2
6000,586.9,1.070101573,2
6000,586.95,1.070055879,2
6000,587,1.070010165,2
6000,587.05,1.069964431,2
6000,587.1,1.069918677,2
6000,587.15,1.069872903,2
6000,587.2,1.069827109,2
6000,587.25,1.069781296,2
6000,587.3,1.069735462,2
6000,587.35,1.069689609,2
6000,587.4,1.069643736,2
6000,587.45,1.069597843,2
6000,587.5,1.06955193,2
6000,587.55,1.069505998,2
6000,587.6,1.069460045,2
6000,587.65,1.069414073,2
6000,587.7,1.069368081,2
6000,587.75,1.069322069,2
6000,587.8,1.069276038,2
6000,587.85,1.069229987,2
6000,587.9,1.069183916,2
6000,587.95,1.069137825,2
6000,588,1.069091714,2
6000,588.05,1.069045584,2
6000,588.1,1.068999434,2
6000,588.15,1.068953265,2
6000,588.2,1.068907076,2
6000,588.25,1.068860867,2
6000,588.3,1.068814638,2
6000,588.35,1.06876839,2
6000,588.4,1.068722122,2
6000,588.45,1.068675835,2
6000,588.5,1.068629528,2
6000,588.55,1.068583201,2
6000,588.6,1.068536855,2
6000,588.65,1.068490489,2
6000,588.7,1.068444103,2
6000,588.75,1.068397698,2
6000,588.8,1.068351274,2
6000,588.85,1.068304829,2
6000,588.9,1.068258366,2
6000,588.95,1.068211882,2
6000,589,1.06816538,2
6000,589.05,1.068118858,2
6000,589.1,1.068072316,2
6000,589.15,1.068025755,2
6000,589.2,1.067979174,2
6000,589.25,1.067932574,2
6000,589.3,1.067885954,2
6000,589.35,1.067839315,2
6000,589.4,1.067792656,2
6000,589.45,1.067745979,2
6000,589.5,1.067699281,2
6000,589.55,1.067652564,2
6000,589.6,1.067605828,2
6000,589.65,1.067559073,2
6000,589.7,1.067512298,2
6000,589.75,1.067465504,2
6000,589.8,1.06741869,2
6000,589.85,1.067371857,2
6000,589.9,1.067325005,2
6000,589.95,1.067278133,2
6000,590,1.067231242,2
6000,590.05,1.067184332,2
6000,590.1,1.067137402,2
6000,590.15,1.067090454,2
6000,590.2,1.067043486,2
6000,590.25,1.066996498,2
6000,590.3,1.066949492,2
6000,590.35,1.066902466,2
6000,590.4,1.066855421,2
6000,590.45,1.066808356,2
6000,590.5,1.066761273,2
6000,590.55,1.06671417,2
6000,590.6,1.066667048,2
6000,590.65,1.066619907,2
6000,590.7,1.066572747,2
6000,590.75,1.066525568,2
6000,590.8,1.066478369,2
6000,590.85,1.066431152,2
6000,590.9,1.066383915,2
6000,590.95,1.066336659,2
6000,591,1.066289384,2
6000,591.05,1.06624209,2
6000,591.1,1.066194776,2
6000,591.15,1.066147444,2
6000,591.2,1.066100093,2
6000,591.25,1.066052722,2
6000,591.3,1.066005333,2
6000,591.35,1.065957925,2
6000,591.4,1.065910497,2
6000,591.45,1.065863051,2
6000,591.5,1.065815585,2
6000,591.55,1.065768101,2
6000,591.6,1.065720597,2
6000,591.65,1.065673075,2
6000,591.7,1.065625533,2
6000,591.75,1.065577973,2
6000,591.8,1.065530393,2
6000,591.85,1.065482795,2
6000,591.9,1.065435178,2
6000,591.95,1.065387542,2
6000,592,1.065339887,2
6000,592.05,1.065292213,2
6000,592.1,1.06524452,2
6000,592.15,1.065196809,2
6000,592.2,1.065149078,2
6000,592.25,1.065101329,2
6000,592.3,1.065053561,2
6000,592.35,1.065005774,2
6000,592.4,1.064957968,2
6000,592.45,1.064910144,2
6000,592.5,1.0648623,2
6000,592.55,1.064814438,2
6000,592.6,1.064766557,2
6000,592.65,1.064718657,2
6000,592.7,1.064670739,2
6000,592.75,1.064622802,2
6000,592.8,1.064574846,2
6000,592.85,1.064526871,2
6000,592.9,1.064478878,2
6000,592.95,1.064430866,2
6000,593,1.064382835,2
6000,593.05,1.064334786,2
6000,593.1,1.064286717,2
6000,593.15,1.064238631,2
6000,593.2,1.064190525,2
6000,593.25,1.064142401,2
6000,593.3,1.064094259,2
6000,593.35,1.064046097,2
6000,593.4,1.063997917,2
6000,593.45,1.063949719,2
6000,593.5,1.063901502,2
6000,593.55,1.063853266,2
6000,593.6,1.063805012,2
6000,593.65,1.063756739,2
6000,593.7,1.063708448,2
6000,593.75,1.063660138,2
6000,593.8,1.06361181,2
6000,593.85,1.063563463,2
6000,593.9,1.063515097,2
6000,593.95,1.063466714,2
6000,594,1.063418311,2
6000,594.05,1.06336989,2
6000,594.1,1.063321451,2
6000,594.15,1.063272993,2
6000,594.2,1.063224517,2
6000,594.25,1.063176023,2
6000,594.3,1.06312751,2
6000,594.35,1.063078978,2
6000,594.4,1.063030428,2
6000,594.45,1.06298186,2
6000,594.5,1.062933274,2
6000,594.55,1.062884669,2
6000,594.6,1.062836045,2
6000,594.65,1.062787404,2
6000,594.7,1.062738744,2
6000,594.75,1.062690065,2
6000,594.8,1.062641369,2
6000,594.85,1.062592654,2
6000,594.9,1.062543921,2
6000,594.95,1.062495169,2
6000,595,1.062446399,2
6000,595.05,1.062397611,2
6000,595.1,1.062348805,2
6000,595.15,1.062299981,2
6000,595.2,1.062251138,2
6000,595.25,1.062202277,2
6000,595.3,1.062153398,2
6000,595.35,1.062104501,2
6000,595.4,1.062055585,2
6000,595.45,1.062006651,2
6000,595.5,1.0619577,2
6000,595.55,1.06190873,2
6000,595.6,1.061859741,2
6000,595.65,1.061810735,2
6000,595.7,1.061761711,2
6000,595.75,1.061712668,2
6000,595.8,1.061663608,2
6000,595.85,1.061614529,2
6000,595.9,1.061565432,2
6000,595.95,1.061516317,2
6000,596,1.061467184,2
6000,596.05,1.061418033,2
6000,596.1,1.061368864,2
6000,596.15,1.061319677,2
6000,596.2,1.061270472,2
6000,596.25,1.061221249,2
6000,596.3,1.061172008,2
6000,596.35,1.061122749,2
6000,596.4,1.061073472,2
6000,596.45,1.061024177,2
6000,596.5,1.060974864,2
6000,596.55,1.060925534,2
6000,596.6,1.060876185,2
6000,596.65,1.060826818,2
6000,596.7,1.060777434,2
6000,596.75,1.060728031,2
6000,596.8,1.060678611,2
6000,596.85,1.060629172,2
6000,596.9,1.060579716,2
6000,596.95,1.060530242,2
6000,597,1.060480751,2
6000,597.05,1.060431241,2
6000,597.1,1.060381713,2
6000,597.15,1.060332168,2
6000,597.2,1.060282605,2
6000,597.25,1.060233024,2
6000,597.3,1.060183426,2
6000,597.35,1.060133809,2
6000,597.4,1.060084175,2
6000,597.45,1.060034523,2
6000,597.5,1.059984853,2
6000,597.55,1.059935166,2
6000,597.6,1.059885461,2
6000,597.65,1.059835738,2
6000,597.7,1.059785998,2
6000,597.75,1.059736239,2
6000,597.8,1.059686463,2
6000,597.85,1.05963667,2
6000,597.9,1.059586859,2
6000,597.95,1.05953703,2
6000,598,1.059487184,2
6000,598.05,1.059437319,2
6000,598.1,1.059387438,2
6000,598.15,1.059337539,2
6000,598.2,1.059287622,2
6000,598.25,1.059237687,2
6000,598.3,1.059187735,2
6000,598.35,1.059137766,2
6000,598.4,1.059087779,2
6000,598.45,1.059037774,2
6000,598.5,1.058987752,2
6000,598.55,1.058937712,2
6000,598.6,1.058887655,2
6000,598.65,1.05883758,2
6000,598.7,1.058787488,2
6000,598.75,1.058737379,2
6000,598.8,1.058687252,2
6000,598.85,1.058637107,2
6000,598.9,1.058586945,2
6000,598.95,1.058536766,2
6000,599,1.058486569,2
6000,599.05,1.058436355,2
6000,599.1,1.058386123,2
6000,599.15,1.058335874,2
6000,599.2,1.058285608,2
6000,599.25,1.058235324,2
6000,599.3,1.058185023,2
6000,599.35,1.058134705,2
6000,599.4,1.058084369,2
6000,599.45,1.058034016,2
6000,599.5,1.057983646,2
6000,599.55,1.057933258,2
6000,599.6,1.057882853,2
6000,599.65,1.057832431,2
6000,599.7,1.057781991,2
6000,599.75,1.057731535,2
6000,599.8,1.057681061,2
6000,599.85,1.05763057,2
6000,599.9,1.057580061,2
6000,599.95,1.057529536,2
6000,600,1.057478993,2
6000,600.05,1.057428433,2
6000,600.1,1.057377856,2
6000,600.15,1.057327261,2
6000,600.2,1.05727665,2
6000,600.25,1.057226021,2
6000,600.3,1.057175375,2
6000,600.35,1.057124713,2
6000,600.4,1.057074033,2
6000,600.45,1.057023335,2
6000,600.5,1.056972621,2
6000,600.55,1.05692189,2
6000,600.6,1.056871142,2
6000,600.65,1.056820376,2
6000,600.7,1.056769594,2
6000,600.75,1.056718794,2
6000,600.8,1.056667978,2
6000,600.85,1.056617144,2
6000,600.9,1.056566294,2
6000,600.95,1.056515426,2
6000,601,1.056464542,2
6000,601.05,1.05641364,2
6000,601.1,1.056362722,2
6000,601.15,1.056311787,2
6000,601.2,1.056260834,2
6000,601.25,1.056209865,2
6000,601.3,1.056158879,2
6000,601.35,1.056107876,2
6000,601.4,1.056056856,2
6000,601.45,1.056005819,2
6000,601.5,1.055954765,2
6000,601.55,1.055903695,2
6000,601.6,1.055852607,2
6000,601.65,1.055801503,2
6000,601.7,1.055750382,2
6000,601.75,1.055699244,2
6000,601.8,1.055648089,2
6000,601.85,1.055596918,2
6000,601.9,1.05554573,2
6000,601.95,1.055494524,2
6000,602,1.055443303,2
6000,602.05,1.055392064,2
6000,602.1,1.055340809,2
6000,602.15,1.055289537,2
6000,602.2,1.055238248,2
6000,602.25,1.055186942,2
6000,602.3,1.05513562,2
6000,602.35,1.055084281,2
6000,602.4,1.055032926,2
6000,602.45,1.054981554,2
6000,602.5,1.054930165,2
6000,602.55,1.054878759,2
6000,602.6,1.054827337,2
6000,602.65,1.054775898,2
6000,602.7,1.054724443,2
6000,602.75,1.054672971,2
6000,602.8,1.054621483,2
6000,602.85,1.054569977,2
6000,602.9,1.054518456,2
6000,602.95,1.054466918,2
6000,603,1.054415363,2
6000,603.05,1.054363791,2
6000,603.1,1.054312204,2
6000,603.15,1.054260599,2
6000,603.2,1.054208978,2
6000,603.25,1.054157341,2
6000,603.3,1.054105687,2
6000,603.35,1.054054017,2
6000,603.4,1.05400233,2
6000,603.45,1.053950627,2
6000,603.5,1.053898907,2
6000,603.55,1.053847171,2
6000,603.6,1.053795419,2
6000,603.65,1.05374365,2
6000,603.7,1.053691865,2
6000,603.75,1.053640063,2
6000,603.8,1.053588245,2
6000,603.85,1.053536411,2
6000,603.9,1.05348456,2
6000,603.95,1.053432693,2
6000,604,1.05338081,2
6000,604.05,1.05332891,2
6000,604.1,1.053276994,2
6000,604.15,1.053225062,2
6000,604.2,1.053173113,2
6000,604.25,1.053121148,2
6000,604.3,1.053069167,2
6000,604.35,1.05301717,2
6000,604.4,1.052965156,2
6000,604.45,1.052913127,2
6000,604.5,1.052861081,2
6000,604.55,1.052809018,2
6000,604.6,1.05275694,2
6000,604.65,1.052704845,2
6000,604.7,1.052652735,2
6000,604.75,1.052600608,2
6000,604.8,1.052548465,2
6000,604.85,1.052496306,2
6000,604.9,1.05244413,2
6000,604.95,1.052391939,2
6000,605,1.052339731,2
6000,605.05,1.052287508,2
6000,605.1,1.052235268,2
6000,605.15,1.052183012,2
6000,605.2,1.05213074,2
6000,605.25,1.052078453,2
6000,605.3,1.052026149,2
6000,605.35,1.051973829,2
6000,605.4,1.051921493,2
6000,605.45,1.051869141,2
6000,605.5,1.051816773,2
6000,605.55,1.051764389,2
6000,605.6,1.051711989,2
6000,605.65,1.051659573,2
6000,605.7,1.051607141,2
6000,605.75,1.051554694,2
6000,605.8,1.05150223,2
6000,605.85,1.05144975,2
6000,605.9,1.051397255,2
6000,605.95,1.051344743,2
6000,606,1.051292216,2
6000,606.05,1.051239673,2
6000,606.1,1.051187114,2
6000,606.15,1.051134539,2
6000,606.2,1.051081948,2
6000,606.25,1.051029342,2
6000,606.3,1.05097672,2
6000,606.35,1.050924081,2
6000,606.4,1.050871428,2
6000,606.45,1.050818758,2
6000,606.5,1.050766072,2
6000,606.55,1.050713371,2
6000,606.6,1.050660654,2
6000,606.65,1.050607921,2
6000,606.7,1.050555173,2
6000,606.75,1.050502409,2
6000,606.8,1.050449629,2
6000,606.85,1.050396833,2
6000,606.9,1.050344022,2
6000,606.95,1.050291195,2
6000,607,1.050238353,2
6000,607.05,1.050185494,2
6000,607.1,1.050132621,2
6000,607.15,1.050079731,2
6000,607.2,1.050026826,2
6000,607.25,1.049973905,2
6000,607.3,1.049920969,2
6000,607.35,1.049868017,2
6000,607.4,1.04981505,2
6000,607.45,1.049762067,2
6000,607.5,1.049709068,2
6000,607.55,1.049656054,2
6000,607.6,1.049603024,2
6000,607.65,1.049549979,2
6000,607.7,1.049496919,2
6000,607.75,1.049443842,2
6000,607.8,1.049390751,2
6000,607.85,1.049337644,2
6000,607.9,1.049284521,2
6000,607.95,1.049231383,2
6000,608,1.04917823,2
6000,608.05,1.049125061,2
6000,608.1,1.049071877,2
6000,608.15,1.049018677,2
6000,608.2,1.048965462,2
6000,608.25,1.048912231,2
6000,608.3,1.048858986,2
6000,608.35,1.048805724,2
6000,608.4,1.048752448,2
6000,608.45,1.048699156,2
6000,608.5,1.048645849,2
6000,608.55,1.048592526,2
6000,608.6,1.048539189,2
6000,608.65,1.048485836,2
6000,608.7,1.048432467,2
6000,608.75,1.048379084,2
6000,608.8,1.048325685,2
6000,608.85,1.048272271,2
6000,608.9,1.048218841,2
6000,608.95,1.048165397,2
6000,609,1.048111937,2
6000,609.05,1.048058462,2
6000,609.1,1.048004972,2
6000,609.15,1.047951466,2
6000,609.2,1.047897946,2
6000,609.25,1.04784441,2
6000,609.3,1.047790859,2
6000,609.35,1.047737293,2
6000,609.4,1.047683712,2
6000,609.45,1.047630116,2
6000,609.5,1.047576504,2
6000,609.55,1.047522878,2
6000,609.6,1.047469236,2
6000,609.65,1.04741558,2
6000,609.7,1.047361908,2
6000,609.75,1.047308222,2
6000,609.8,1.04725452,2
6000,609.85,1.047200803,2
6000,609.9,1.047147072,2
6000,609.95,1.047093325,2
6000,610,1.047039563,2
6000,610.05,1.046985786,2
6000,610.1,1.046931995,2
6000,610.15,1.046878188,2
6000,610.2,1.046824367,2
6000,610.25,1.04677053,2
6000,610.3,1.046716679,2
6000,610.35,1.046662812,2
6000,610.4,1.046608931,2
6000,610.45,1.046555035,2
6000,610.5,1.046501124,2
6000,610.55,1.046447198,2
6000,610.6,1.046393258,2
6000,610.65,1.046339302,2
6000,610.7,1.046285332,2
6000,610.75,1.046231346,2
6000,610.8,1.046177346,2
6000,610.85,1.046123332,2
6000,610.9,1.046069302,2
6000,610.95,1.046015258,2
6000,611,1.045961199,2
6000,611.05,1.045907125,2
6000,611.1,1.045853036,2
6000,611.15,1.045798933,2
6000,611.2,1.045744815,2
6000,611.25,1.045690682,2
6000,611.3,1.045636535,2
6000,611.35,1.045582372,2
6000,611.4,1.045528196,2
6000,611.45,1.045474004,2
6000,611.5,1.045419798,2
6000,611.55,1.045365577,2
6000,611.6,1.045311342,2
6000,611.65,1.045257092,2
6000,611.7,1.045202827,2
6000,611.75,1.045148548,2
6000,611.8,1.045094254,2
6000,611.85,1.045039946,2
6000,611.9,1.044985623,2
6000,611.95,1.044931285,2
6000,612,1.044876933,2
6000,612.05,1.044822567,2
6000,612.1,1.044768186,2
6000,612.15,1.04471379,2
6000,612.2,1.04465938,2
6000,612.25,1.044604956,2
6000,612.3,1.044550517,2
6000,612.35,1.044496063,2
6000,612.4,1.044441595,2
6000,612.45,1.044387113,2
6000,612.5,1.044332616,2
6000,612.55,1.044278105,2
6000,612.6,1.044223579,2
6000,612.65,1.044169039,2
6000,612.7,1.044114485,2
6000,612.75,1.044059916,2
6000,612.8,1.044005333,2
6000,612.85,1.043950736,2
6000,612.9,1.043896124,2
6000,612.95,1.043841498,2
6000,613,1.043786858,2
6000,613.05,1.043732203,2
6000,613.1,1.043677534,2
6000,613.15,1.043622851,2
6000,613.2,1.043568153,2
6000,613.25,1.043513441,2
6000,613.3,1.043458715,2
6000,613.35,1.043403975,2
6000,613.4,1.043349221,2
6000,613.45,1.043294452,2
6000,613.5,1.043239669,2
6000,613.55,1.043184872,2
6000,613.6,1.043130061,2
6000,613.65,1.043075235,2
6000,613.7,1.043020396,2
6000,613.75,1.042965542,2
6000,613.8,1.042910674,2
6000,613.85,1.042855792,2
6000,613.9,1.042800896,2
6000,613.95,1.042745986,2
6000,614,1.042691062,2
6000,614.05,1.042636123,2
6000,614.1,1.042581171,2
6000,614.15,1.042526205,2
6000,614.2,1.042471224,2
6000,614.25,1.04241623,2
6000,614.3,1.042361221,2
6000,614.35,1.042306199,2
6000,614.4,1.042251162,2
6000,614.45,1.042196112,2
6000,614.5,1.042141047,2
6000,614.55,1.042085969,2
6000,614.6,1.042030876,2
6000,614.65,1.04197577,2
6000,614.7,1.04192065,2
6000,614.75,1.041865516,2
6000,614.8,1.041810368,2
6000,614.85,1.041755206,2
6000,614.9,1.04170003,2
6000,614.95,1.04164484,2
6000,615,1.041589637,2
6000,615.05,1.041534419,2
6000,615.1,1.041479188,2
6000,615.15,1.041423943,2
6000,615.2,1.041368684,2
6000,615.25,1.041313412,2
6000,615.3,1.041258125,2
6000,615.35,1.041202825,2
6000,615.4,1.041147511,2
6000,615.45,1.041092183,2
6000,615.5,1.041036842,2
6000,615.55,1.040981486,2
6000,615.6,1.040926117,2
6000,615.65,1.040870735,2
6000,615.7,1.040815338,2
6000,615.75,1.040759928,2
6000,615.8,1.040704505,2
6000,615.85,1.040649067,2
6000,615.9,1.040593616,2
6000,615.95,1.040538152,2
6000,616,1.040482673,2
6000,616.05,1.040427181,2
6000,616.1,1.040371676,2
6000,616.15,1.040316157,2
6000,616.2,1.040260624,2
6000,616.25,1.040205078,2
6000,616.3,1.040149518,2
6000,616.35,1.040093945,2
6000,616.4,1.040038358,2
6000,616.45,1.039982757,2
6000,616.5,1.039927143,2
6000,616.55,1.039871516,2
6000,616.6,1.039815875,2
6000,616.65,1.03976022,2
6000,616.7,1.039704552,2
6000,616.75,1.039648871,2
6000,616.8,1.039593176,2
6000,616.85,1.039537468,2
6000,616.9,1.039481746,2
6000,616.95,1.039426011,2
6000,617,1.039370263,2
6000,617.05,1.039314501,2
6000,617.1,1.039258726,2
6000,617.15,1.039202937,2
6000,617.2,1.039147135,2
6000,617.25,1.03909132,2
6000,617.3,1.039035491,2
6000,617.35,1.038979649,2
6000,617.4,1.038923794,2
6000,617.45,1.038867925,2
6000,617.5,1.038812043,2
6000,617.55,1.038756148,2
6000,617.6,1.03870024,2
6000,617.65,1.038644318,2
6000,617.7,1.038588383,2
6000,617.75,1.038532435,2
6000,617.8,1.038476474,2
6000,617.85,1.038420499,2
6000,617.9,1.038364511,2
6000,617.95,1.03830851,2
6000,618,1.038252496,2
6000,618.05,1.038196469,2
6000,618.1,1.038140429,2
6000,618.15,1.038084375,2
6000,618.2,1.038028308,2
6000,618.25,1.037972229,2
6000,618.3,1.037916136,2
6000,618.35,1.03786003,2
6000,618.4,1.037803911,2
6000,618.45,1.037747779,2
6000,618.5,1.037691633,2
6000,618.55,1.037635475,2
6000,618.6,1.037579304,2
6000,618.65,1.03752312,2
6000,618.7,1.037466922,2
6000,618.75,1.037410712,2
6000,618.8,1.037354489,2
6000,618.85,1.037298252,2
6000,618.9,1.037242003,2
6000,618.95,1.037185741,2
6000,619,1.037129466,2
6000,619.05,1.037073178,2
6000,619.1,1.037016877,2
6000,619.15,1.036960563,2
6000,619.2,1.036904236,2
6000,619.25,1.036847896,2
6000,619.3,1.036791544,2
6000,619.35,1.036735178,2
6000,619.4,1.0366788,2
6000,619.45,1.036622409,2
6000,619.5,1.036566005,2
6000,619.55,1.036509588,2
6000,619.6,1.036453158,2
6000,619.65,1.036396716,2
6000,619.7,1.036340261,2
6000,619.75,1.036283793,2
6000,619.8,1.036227312,2
6000,619.85,1.036170819,2
6000,619.9,1.036114313,2
6000,619.95,1.036057794,2
6000,620,1.036001262,2
6000,620.05,1.035944718,2
6000,620.1,1.035888161,2
6000,620.15,1.035831591,2
6000,620.2,1.035775009,2
6000,620.25,1.035718414,2
6000,620.3,1.035661806,2
6000,620.35,1.035605186,2
6000,620.4,1.035548553,2
6000,620.45,1.035491908,2
6000,620.5,1.035435249,2
6000,620.55,1.035378579,2
6000,620.6,1.035321896,2
6000,620.65,1.0352652,2
6000,620.7,1.035208491,2
6000,620.75,1.03515177,2
6000,620.8,1.035095037,2
6000,620.85,1.035038291,2
6000,620.9,1.034981532,2
6000,620.95,1.034924761,2
6000,621,1.034867978,2
6000,621.05,1.034811182,2
6000,621.1,1.034754374,2
6000,621.15,1.034697553,2
6000,621.2,1.03464072,2
6000,621.25,1.034583874,2
6000,621.3,1.034527016,2
6000,621.35,1.034470145,2
6000,621.4,1.034413262,2
6000,621.45,1.034356367,2
6000,621.5,1.034299459,2
6000,621.55,1.034242539,2
6000,621.6,1.034185607,2
6000,621.65,1.034128662,2
6000,621.7,1.034071705,2
6000,621.75,1.034014736,2
6000,621.8,1.033957754,2
6000,621.85,1.03390076,2
6000,621.9,1.033843754,2
6000,621.95,1.033786736,2
6000,622,1.033729705,2
6000,622.05,1.033672662,2
6000,622.1,1.033615607,2
6000,622.15,1.033558539,2
6000,622.2,1.03350146,2
6000,622.25,1.033444368,2
6000,622.3,1.033387264,2
6000,622.35,1.033330148,2
6000,622.4,1.033273019,2
6000,622.45,1.033215879,2
6000,622.5,1.033158726,2
6000,622.55,1.033101561,2
6000,622.6,1.033044385,2
6000,622.65,1.032987196,2
6000,622.7,1.032929994,2
6000,622.75,1.032872781,2
6000,622.8,1.032815556,2
6000,622.85,1.032758319,2
6000,622.9,1.03270107,2
6000,622.95,1.032643808,2
6000,623,1.032586535,2
6000,623.05,1.032529249,2
6000,623.1,1.032471952,2
6000,623.15,1.032414643,2
6000,623.2,1.032357321,2
6000,623.25,1.032299988,2
6000,623.3,1.032242643,2
6000,623.35,1.032185285,2
6000,623.4,1.032127916,2
6000,623.45,1.032070535,2
6000,623.5,1.032013142,2
6000,623.55,1.031955737,2
6000,623.6,1.031898321,2
6000,623.65,1.031840892,2
6000,623.7,1.031783451,2
6000,623.75,1.031725999,2
6000,623.8,1.031668535,2
6000,623.85,1.031611059,2
6000,623.9,1.031553571,2
6000,623.95,1.031496071,2
6000,624,1.03143856,2
6000,624.05,1.031381037,2
6000,624.1,1.031323502,2
6000,624.15,1.031265955,2
6000,624.2,1.031208397,2
6000,624.25,1.031150826,2
6000,624.3,1.031093245,2
6000,624.35,1.031035651,2
6000,624.4,1.030978046,2
6000,624.45,1.030920428,2
6000,624.5,1.0308628,2
6000,624.55,1.030805159,2
6000,624.6,1.030747507,2
6000,624.65,1.030689844,2
6000,624.7,1.030632168,2
6000,624.75,1.030574481,2
6000,624.8,1.030516783,2
6000,624.85,1.030459073,2
6000,624.9,1.030401351,2
6000,624.95,1.030343618,2
6000,625,1.030285873,2
6000,625.05,1.030228117,2
6000,625.1,1.030170349,2
6000,625.15,1.030112569,2
6000,625.2,1.030054778,2
6000,625.25,1.029996976,2
6000,625.3,1.029939162,2
6000,625.35,1.029881336,2
6000,625.4,1.029823499,2
6000,625.45,1.029765651,2
6000,625.5,1.029707791,2
6000,625.55,1.02964992,2
6000,625.6,1.029592037,2
6000,625.65,1.029534143,2
6000,625.7,1.029476238,2
6000,625.75,1.029418321,2
6000,625.8,1.029360392,2
6000,625.85,1.029302453,2
6000,625.9,1.029244502,2
6000,625.95,1.029186539,2
6000,626,1.029128566,2
6000,626.05,1.029070581,2
6000,626.1,1.029012584,2
6000,626.15,1.028954577,2
6000,626.2,1.028896558,2
6000,626.25,1.028838528,2
6000,626.3,1.028780487,2
6000,626.35,1.028722434,2
6000,626.4,1.02866437,2
6000,626.45,1.028606295,2
6000,626.5,1.028548209,2
6000,626.55,1.028490111,2
6000,626.6,1.028432002,2
6000,626.65,1.028373882,2
6000,626.7,1.028315751,2
6000,626.75,1.028257609,2
6000,626.8,1.028199456,2
6000,626.85,1.028141291,2
6000,626.9,1.028083116,2
6000,626.95,1.028024929,2
6000,627,1.027966731,2
6000,627.05,1.027908522,2
6000,627.1,1.027850302,2
6000,627.15,1.027792071,2
6000,627.2,1.027733829,2
6000,627.25,1.027675576,2
6000,627.3,1.027617311,2
6000,627.35,1.027559036,2
6000,627.4,1.02750075,2
6000,627.45,1.027442453,2
6000,627.5,1.027384145,2
6000,627.55,1.027325825,2
6000,627.6,1.027267495,2
6000,627.65,1.027209154,2
6000,627.7,1.027150802,2
6000,627.75,1.027092439,2
6000,627.8,1.027034065,2
6000,627.85,1.026975681,2
6000,627.9,1.026917285,2
6000,627.95,1.026858878,2
6000,628,1.026800461,2
6000,628.05,1.026742033,2
6000,628.1,1.026683594,2
6000,628.15,1.026625144,2
6000,628.2,1.026566683,2
6000,628.25,1.026508211,2
6000,628.3,1.026449729,2
6000,628.35,1.026391236,2
6000,628.4,1.026332732,2
6000,628.45,1.026274217,2
6000,628.5,1.026215692,2
6000,628.55,1.026157156,2
6000,628.6,1.026098609,2
6000,628.65,1.026040051,2
6000,628.7,1.025981483,2
6000,628.75,1.025922904,2
6000,628.8,1.025864314,2
6000,628.85,1.025805714,2
6000,628.9,1.025747103,2
6000,628.95,1.025688481,2
6000,629,1.025629849,2
6000,629.05,1.025571206,2
6000,629.1,1.025512552,2
6000,629.15,1.025453888,2
6000,629.2,1.025395213,2
6000,629.25,1.025336528,2
6000,629.3,1.025277832,2
6000,629.35,1.025219125,2
6000,629.4,1.025160408,2
6000,629.45,1.025101681,2
6000,629.5,1.025042943,2
6000,629.55,1.024984194,2
6000,629.6,1.024925435,2
6000,629.65,1.024866666,2
6000,629.7,1.024807886,2
6000,629.75,1.024749095,2
6000,629.8,1.024690294,2
6000,629.85,1.024631483,2
6000,629.9,1.024572661,2
6000,629.95,1.024513829,2
6000,630,1.024454986,2
6000,630.05,1.024396133,2
6000,630.1,1.02433727,2
6000,630.15,1.024278396,2
6000,630.2,1.024219512,2
6000,630.25,1.024160617,2
6000,630.3,1.024101713,2
6000,630.35,1.024042797,2
6000,630.4,1.023983872,2
6000,630.45,1.023924936,2
6000,630.5,1.02386599,2
6000,630.55,1.023807034,2
6000,630.6,1.023748067,2
6000,630.65,1.02368909,2
6000,630.7,1.023630103,2
6000,630.75,1.023571106,2
6000,630.8,1.023512098,2
6000,630.85,1.023453081,2
6000,630.9,1.023394053,2
6000,630.95,1.023335015,2
6000,631,1.023275966,2
6000,631.05,1.023216908,2
6000,631.1,1.023157839,2
6000,631.15,1.023098761,2
6000,631.2,1.023039672,2
6000,631.25,1.022980573,2
6000,631.3,1.022921464,2
6000,631.35,1.022862344,2
6000,631.4,1.022803215,2
6000,631.45,1.022744076,2
6000,631.5,1.022684926,2
6000,631.55,1.022625767,2
6000,631.6,1.022566597,2
6000,631.65,1.022507418,2
6000,631.7,1.022448228,2
6000,631.75,1.022389029,2
6000,631.8,1.022329819,2
6000,631.85,1.0222706,2
6000,631.9,1.022211371,2
6000,631.95,1.022152131,2
6000,632,1.022092882,2
6000,632.05,1.022033623,2
6000,632.1,1.021974353,2
6000,632.15,1.021915074,2
6000,632.2,1.021855785,2
6000,632.25,1.021796486,2
6000,632.3,1.021737178,2
6000,632.35,1.021677859,2
6000,632.4,1.021618531,2
6000,632.45,1.021559192,2
6000,632.5,1.021499844,2
6000,632.55,1.021440486,2
6000,632.6,1.021381119,2
6000,632.65,1.021321741,2
6000,632.7,1.021262354,2
6000,632.75,1.021202957,2
6000,632.8,1.02114355,2
6000,632.85,1.021084133,2
6000,632.9,1.021024707,2
6000,632.95,1.020965271,2
6000,633,1.020905825,2
6000,633.05,1.02084637,2
6000,633.1,1.020786905,2
6000,633.15,1.02072743,2
6000,633.2,1.020667945,2
6000,633.25,1.020608451,2
6000,633.3,1.020548947,2
6000,633.35,1.020489434,2
6000,633.4,1.020429911,2
6000,633.45,1.020370378,2
6000,633.5,1.020310836,2
6000,633.55,1.020251284,2
6000,633.6,1.020191723,2
6000,633.65,1.020132152,2
6000,633.7,1.020072572,2
6000,633.75,1.020012982,2
6000,633.8,1.019953382,2
6000,633.85,1.019893773,2
6000,633.9,1.019834154,2
6000,633.95,1.019774526,2
6000,634,1.019714889,2
6000,634.05,1.019655242,2
6000,634.1,1.019595586,2
6000,634.15,1.01953592,2
6000,634.2,1.019476244,2
6000,634.25,1.01941656,2
6000,634.3,1.019356865,2
6000,634.35,1.019297162,2
6000,634.4,1.019237449,2
6000,634.45,1.019177727,2
6000,634.5,1.019117995,2
6000,634.55,1.019058254,2
6000,634.6,1.018998504,2
6000,634.65,1.018938744,2
6000,634.7,1.018878975,2
6000,634.75,1.018819197,2
6000,634.8,1.018759409,2
6000,634.85,1.018699612,2
6000,634.9,1.018639806,2
6000,634.95,1.01857999,2
6000,635,1.018520166,2
6000,635.05,1.018460332,2
6000,635.1,1.018400489,2
6000,635.15,1.018340636,2
6000,635.2,1.018280775,2
6000,635.25,1.018220904,2
6000,635.3,1.018161024,2
6000,635.35,1.018101135,2
6000,635.4,1.018041237,2
6000,635.45,1.01798133,2
6000,635.5,1.017921413,2
6000,635.55,1.017861487,2
6000,635.6,1.017801553,2
6000,635.65,1.017741609,2
6000,635.7,1.017681656,2
6000,635.75,1.017621694,2
6000,635.8,1.017561723,2
6000,635.85,1.017501743,2
6000,635.9,1.017441754,2
6000,635.95,1.017381756,2
6000,636,1.017321748,2
6000,636.05,1.017261732,2
6000,636.1,1.017201707,2
6000,636.15,1.017141673,2
6000,636.2,1.01708163,2
6000,636.25,1.017021578,2
6000,636.3,1.016961517,2
6000,636.35,1.016901447,2
6000,636.4,1.016841368,2
6000,636.45,1.01678128,2
6000,636.5,1.016721183,2
6000,636.55,1.016661078,2
6000,636.6,1.016600963,2
6000,636.65,1.01654084,2
6000,636.7,1.016480708,2
6000,636.75,1.016420567,2
6000,636.8,1.016360417,2
6000,636.85,1.016300258,2
6000,636.9,1.01624009,2
6000,636.95,1.016179914,2
6000,637,1.016119729,2
6000,637.05,1.016059535,2
6000,637.1,1.015999333,2
6000,637.15,1.015939121,2
6000,637.2,1.015878901,2
6000,637.25,1.015818672,2
6000,637.3,1.015758435,2
6000,637.35,1.015698189,2
6000,637.4,1.015637934,2
6000,637.45,1.01557767,2
6000,637.5,1.015517398,2
6000,637.55,1.015457117,2
6000,637.6,1.015396827,2
6000,637.65,1.015336529,2
6000,637.7,1.015276222,2
6000,637.75,1.015215907,2
6000,637.8,1.015155582,2
6000,637.85,1.01509525,2
6000,637.9,1.015034909,2
6000,637.95,1.014974559,2
6000,638,1.0149142,2
6000,638.05,1.014853834,2
6000,638.1,1.014793458,2
6000,638.15,1.014733074,2
6000,638.2,1.014672682,2
6000,638.25,1.014612281,2
6000,638.3,1.014551871,2
6000,638.35,1.014491453,2
6000,638.4,1.014431027,2
6000,638.45,1.014370592,2
6000,638.5,1.014310149,2
6000,638.55,1.014249697,2
6000,638.6,1.014189237,2
6000,638.65,1.014128769,2
6000,638.7,1.014068292,2
6000,638.75,1.014007806,2
6000,638.8,1.013947313,2
6000,638.85,1.013886811,2
6000,638.9,1.0138263,2
6000,638.95,1.013765782,2
6000,639,1.013705255,2
6000,639.05,1.013644719,2
6000,639.1,1.013584176,2
6000,639.15,1.013523624,2
6000,639.2,1.013463064,2
6000,639.25,1.013402495,2
6000,639.3,1.013341919,2
6000,639.35,1.013281334,2
6000,639.4,1.01322074,2
6000,639.45,1.013160139,2
6000,639.5,1.013099529,2
6000,639.55,1.013038912,2
6000,639.6,1.012978286,2
6000,639.65,1.012917651,2
6000,639.7,1.012857009,2
6000,639.75,1.012796359,2
6000,639.8,1.0127357,2
6000,639.85,1.012675033,2
6000,639.9,1.012614358,2
6000,639.95,1.012553676,2
6000,640,1.012492984,2
6000,640.05,1.012432285,2
6000,640.1,1.012371578,2
6000,640.15,1.012310863,2
6000,640.2,1.01225014,2
6000,640.25,1.012189408,2
6000,640.3,1.012128669,2
6000,640.35,1.012067921,2
6000,640.4,1.012007166,2
6000,640.45,1.011946403,2
6000,640.5,1.011885631,2
6000,640.55,1.011824852,2
6000,640.6,1.011764065,2
6000,640.65,1.01170327,2
6000,640.7,1.011642466,2
6000,640.75,1.011581655,2
6000,640.8,1.011520836,2
6000,640.85,1.01146001,2
6000,640.9,1.011399175,2
6000,640.95,1.011338332,2
6000,641,1.011277482,2
6000,641.05,1.011216623,2
6000,641.1,1.011155757,2
6000,641.15,1.011094883,2
6000,641.2,1.011034001,2
6000,641.25,1.010973112,2
6000,641.3,1.010912214,2
6000,641.35,1.010851309,2
6000,641.4,1.010790396,2
6000,641.45,1.010729475,2
6000,641.5,1.010668547,2
6000,641.55,1.010607611,2
6000,641.6,1.010546667,2
6000,641.65,1.010485715,2
6000,641.7,1.010424756,2
6000,641.75,1.010363789,2
6000,641.8,1.010302814,2
6000,641.85,1.010241832,2
6000,641.9,1.010180842,2
6000,641.95,1.010119844,2
6000,642,1.010058839,2
6000,642.05,1.009997826,2
6000,642.1,1.009936805,2
6000,642.15,1.009875777,2
6000,642.2,1.009814741,2
6000,642.25,1.009753698,2
6000,642.3,1.009692647,2
6000,642.35,1.009631589,2
6000,642.4,1.009570523,2
6000,642.45,1.009509449,2
6000,642.5,1.009448368,2
6000,642.55,1.00938728,2
6000,642.6,1.009326184,2
6000,642.65,1.00926508,2
6000,642.7,1.009203969,2
6000,642.75,1.009142851,2
6000,642.8,1.009081725,2
6000,642.85,1.009020592,2
6000,642.9,1.008959451,2
6000,642.95,1.008898303,2
6000,643,1.008837147,2
6000,643.05,1.008775984,2
6000,643.1,1.008714814,2
6000,643.15,1.008653636,2
6000,643.2,1.008592451,2
6000,643.25,1.008531259,2
6000,643.3,1.008470059,2
6000,643.35,1.008408852,2
6000,643.4,1.008347638,2
6000,643.45,1.008286416,2
6000,643.5,1.008225187,2
6000,643.55,1.008163951,2
6000,643.6,1.008102707,2
6000,643.65,1.008041457,2
6000,643.7,1.007980199,2
6000,643.75,1.007918933,2
6000,643.8,1.007857661,2
6000,643.85,1.007796381,2
6000,643.9,1.007735094,2
6000,643.95,1.0076738,2
6000,644,1.007612499,2
6000,644.05,1.007551191,2
6000,644.1,1.007489875,2
6000,644.15,1.007428553,2
6000,644.2,1.007367223,2
6000,644.25,1.007305886,2
6000,644.3,1.007244542,2
6000,644.35,1.007183191,2
6000,644.4,1.007121833,2
6000,644.45,1.007060468,2
6000,644.5,1.006999095,2
6000,644.55,1.006937716,2
6000,644.6,1.00687633,2
6000,644.65,1.006814936,2
6000,644.7,1.006753536,2
6000,644.75,1.006692128,2
6000,644.8,1.006630714,2
6000,644.85,1.006569292,2
6000,644.9,1.006507864,2
6000,644.95,1.006446429,2
6000,645,1.006384987,2
6000,645.05,1.006323537,2
6000,645.1,1.006262081,2
6000,645.15,1.006200618,2
6000,645.2,1.006139148,2
6000,645.25,1.006077672,2
6000,645.3,1.006016188,2
6000,645.35,1.005954697,2
6000,645.4,1.0058932,2
6000,645.45,1.005831696,2
6000,645.5,1.005770185,2
6000,645.55,1.005708667,2
6000,645.6,1.005647142,2
6000,645.65,1.005585611,2
6000,645.7,1.005524072,2
6000,645.75,1.005462527,2
6000,645.8,1.005400975,2
6000,645.85,1.005339417,2
6000,645.9,1.005277852,2
6000,645.95,1.00521628,2
6000,646,1.005154701,2
6000,646.05,1.005093115,2
6000,646.1,1.005031523,2
6000,646.15,1.004969924,2
6000,646.2,1.004908319,2
6000,646.25,1.004846707,2
6000,646.3,1.004785088,2
6000,646.35,1.004723463,2
6000,646.4,1.004661831,2
6000,646.45,1.004600192,2
6000,646.5,1.004538547,2
6000,646.55,1.004476895,2
6000,646.6,1.004415236,2
6000,646.65,1.004353571,2
6000,646.7,1.0042919,2
6000,646.75,1.004230222,2
6000,646.8,1.004168537,2
6000,646.85,1.004106846,2
6000,646.9,1.004045148,2
6000,646.95,1.003983444,2
6000,647,1.003921733,2
6000,647.05,1.003860016,2
6000,647.1,1.003798293,2
6000,647.15,1.003736563,2
6000,647.2,1.003674826,2
6000,647.25,1.003613083,2
6000,647.3,1.003551334,2
6000,647.35,1.003489578,2
6000,647.4,1.003427816,2
6000,647.45,1.003366047,2
6000,647.5,1.003304273,2
6000,647.55,1.003242491,2
6000,647.6,1.003180704,2
6000,647.65,1.00311891,2
6000,647.7,1.003057109,2
6000,647.75,1.002995303,2
6000,647.8,1.00293349,2
6000,647.85,1.002871671,2
6000,647.9,1.002809845,2
6000,647.95,1.002748014,2
6000,648,1.002686175,2
6000,648.05,1.002624331,2
6000,648.1,1.002562481,2
6000,648.15,1.002500624,2
6000,648.2,1.002438761,2
6000,648.25,1.002376892,2
6000,648.3,1.002315017,2
6000,648.35,1.002253135,2
6000,648.4,1.002191247,2
6000,648.45,1.002129354,2
6000,648.5,1.002067454,2
6000,648.55,1.002005548,2
6000,648.6,1.001943635,2
6000,648.65,1.001881717,2
6000,648.7,1.001819792,2
6000,648.75,1.001757862,2
6000,648.8,1.001695925,2
6000,648.85,1.001633983,2
6000,648.9,1.001572034,2
6000,648.95,1.001510079,2
6000,649,1.001448118,2
6000,649.05,1.001386151,2
6000,649.1,1.001324179,2
6000,649.15,1.0012622,2
6000,649.2,1.001200215,2
6000,649.25,1.001138224,2
6000,649.3,1.001076227,2
6000,649.35,1.001014225,2
6000,649.4,1.000952216,2
6000,649.45,1.000890201,2
6000,649.5,1.000828181,2
6000,649.55,1.000766154,2
6000,649.6,1.000704122,2
6000,649.65,1.000642084,2
6000,649.7,1.00058004,2
6000,649.75,1.00051799,2
6000,649.8,1.000455934,2
6000,649.85,1.000393872,2
6000,649.9,1.000331805,2
6000,649.95,1.000269732,2
6000,650,1.000207653,2
6000,650.05,1.000145568,2
6000,650.1,1.000083477,2
6000,650.15,1.000021381,2
6000,650.2,0.9999592785,2
6000,650.25,0.9998971706,2
6000,650.3,0.9998350569,2
6000,650.35,0.9997729375,2
6000,650.4,0.9997108124,2
6000,650.45,0.9996486816,2
6000,650.5,0.999586545,2
6000,650.55,0.9995244028,2
6000,650.6,0.999462255,2
6000,650.65,0.9994001015,2
6000,650.7,0.9993379423,2
6000,650.75,0.9992757775,2
6000,650.8,0.999213607,2
6000,650.85,0.999151431,2
6000,650.9,0.9990892493,2
6000,650.95,0.9990270621,2
6000,651,0.9989648693,2
6000,651.05,0.9989026709,2
6000,651.1,0.998840467,2
6000,651.15,0.9987782575,2
6000,651.2,0.9987160425,2
6000,651.25,0.9986538219,2
6000,651.3,0.9985915959,2
6000,651.35,0.9985293643,2
6000,651.4,0.9984671272,2
6000,651.45,0.9984048847,2
6000,651.5,0.9983426367,2
6000,651.55,0.9982803833,2
6000,651.6,0.9982181244,2
6000,651.65,0.9981558601,2
6000,651.7,0.9980935903,2
6000,651.75,0.9980313152,2
6000,651.8,0.9979690346,2
6000,651.85,0.9979067487,2
6000,651.9,0.9978444574,2
6000,651.95,0.9977821607,2
6000,652,0.9977198587,2
6000,652.05,0.9976575513,2
6000,652.1,0.9975952386,2
6000,652.15,0.9975329205,2
6000,652.2,0.9974705972,2
6000,652.25,0.9974082686,2
6000,652.3,0.9973459346,2
6000,652.35,0.9972835954,2
6000,652.4,0.997221251,2
6000,652.45,0.9971589013,2
6000,652.5,0.9970965463,2
6000,652.55,0.9970341861,2
6000,652.6,0.9969718207,2
6000,652.65,0.9969094501,2
6000,652.7,0.9968470743,2
6000,652.75,0.9967846933,2
6000,652.8,0.9967223072,2
6000,652.85,0.9966599158,2
6000,652.9,0.9965975194,2
6000,652.95,0.9965351177,2
6000,653,0.996472711,2
6000,653.05,0.9964102991,2
6000,653.1,0.9963478822,2
6000,653.15,0.9962854601,2
6000,653.2,0.996223033,2
6000,653.25,0.9961606007,2
6000,653.3,0.9960981635,2
6000,653.35,0.9960357211,2
6000,653.4,0.9959732738,2
6000,653.45,0.9959108214,2
6000,653.5,0.9958483639,2
6000,653.55,0.9957859015,2
6000,653.6,0.9957234341,2
6000,653.65,0.9956609617,2
6000,653.7,0.9955984844,2
6000,653.75,0.995536002,2
6000,653.8,0.9954735147,2
6000,653.85,0.9954110225,2
6000,653.9,0.9953485254,2
6000,653.95,0.9952860233,2
6000,654,0.9952235164,2
6000,654.05,0.9951610045,2
6000,654.1,0.9950984878,2
6000,654.15,0.9950359662,2
6000,654.2,0.9949734397,2
6000,654.25,0.9949109084,2
6000,654.3,0.9948483723,2
6000,654.35,0.9947858313,2
6000,654.4,0.9947232855,2
6000,654.45,0.9946607349,2
6000,654.5,0.9945981795,2
6000,654.55,0.9945356193,2
6000,654.6,0.9944730544,2
6000,654.65,0.9944104847,2
6000,654.7,0.9943479103,2
6000,654.75,0.9942853311,2
6000,654.8,0.9942227472,2
6000,654.85,0.9941601586,2
6000,654.9,0.9940975653,2
6000,654.95,0.9940349672,2
6000,655,0.9939723646,2
6000,655.05,0.9939097572,2
6000,655.1,0.9938471452,2
6000,655.15,0.9937845285,2
6000,655.2,0.9937219072,2
6000,655.25,0.9936592813,2
6000,655.3,0.9935966507,2
6000,655.35,0.9935340156,2
6000,655.4,0.9934713759,2
6000,655.45,0.9934087316,2
6000,655.5,0.9933460827,2
6000,655.55,0.9932834292,2
6000,655.6,0.9932207713,2
6000,655.65,0.9931581087,2
6000,655.7,0.9930954417,2
6000,655.75,0.9930327701,2
6000,655.8,0.9929700941,2
6000,655.85,0.9929074135,2
6000,655.9,0.9928447285,2
6000,655.95,0.992782039,2
6000,656,0.9927193451,2
6000,656.05,0.9926566467,2
6000,656.1,0.9925939438,2
6000,656.15,0.9925312366,2
6000,656.2,0.9924685249,2
6000,656.25,0.9924058088,2
6000,656.3,0.9923430884,2
6000,656.35,0.9922803635,2
6000,656.4,0.9922176343,2
6000,656.45,0.9921549007,2
6000,656.5,0.9920921628,2
6000,656.55,0.9920294206,2
6000,656.6,0.991966674,2
6000,656.65,0.9919039231,2
6000,656.7,0.991841168,2
6000,656.75,0.9917784085,2
6000,656.8,0.9917156447,2
6000,656.85,0.9916528767,2
6000,656.9,0.9915901044,2
6000,656.95,0.9915273279,2
6000,657,0.9914645472,2
6000,657.05,0.9914017622,2
6000,657.1,0.991338973,2
6000,657.15,0.9912761796,2
6000,657.2,0.991213382,2
6000,657.25,0.9911505802,2
6000,657.3,0.9910877743,2
6000,657.35,0.9910249642,2
6000,657.4,0.99096215,2
6000,657.45,0.9908993316,2
6000,657.5,0.9908365091,2
6000,657.55,0.9907736825,2
6000,657.6,0.9907108518,2
6000,657.65,0.990648017,2
6000,657.7,0.9905851781,2
6000,657.75,0.9905223352,2
6000,657.8,0.9904594882,2
6000,657.85,0.9903966371,2
6000,657.9,0.9903337821,2
6000,657.95,0.9902709229,2
6000,658,0.9902080598,2
6000,658.05,0.9901451927,2
6000,658.1,0.9900823216,2
6000,658.15,0.9900194465,2
6000,658.2,0.9899565674,2
6000,658.25,0.9898936844,2
6000,658.3,0.9898307975,2
6000,658.35,0.9897679066,2
6000,658.4,0.9897050117,2
6000,658.45,0.989642113,2
6000,658.5,0.9895792104,2
6000,658.55,0.9895163038,2
6000,658.6,0.9894533934,2
6000,658.65,0.9893904791,2
6000,658.7,0.989327561,2
6000,658.75,0.989264639,2
6000,658.8,0.9892017132,2
6000,658.85,0.9891387836,2
6000,658.9,0.9890758501,2
6000,658.95,0.9890129128,2
6000,659,0.9889499718,2
6000,659.05,0.988887027,2
6000,659.1,0.9888240784,2
6000,659.15,0.988761126,2
6000,659.2,0.9886981699,2
6000,659.25,0.98863521,2
6000,659.3,0.9885722465,2
6000,659.35,0.9885092792,2
6000,659.4,0.9884463082,2
6000,659.45,0.9883833335,2
6000,659.5,0.9883203551,2
6000,659.55,0.9882573731,2
6000,659.6,0.9881943874,2
6000,659.65,0.9881313981,2
6000,659.7,0.9880684051,2
6000,659.75,0.9880054085,2
6000,659.8,0.9879424083,2
6000,659.85,0.9878794044,2
6000,659.9,0.987816397,2
6000,659.95,0.987753386,2
6000,660,0.9876903715,2
6000,660.05,0.9876273533,2
6000,660.1,0.9875643316,2
6000,660.15,0.9875013064,2
6000,660.2,0.9874382777,2
6000,660.25,0.9873752454,2
6000,660.3,0.9873122096,2
6000,660.35,0.9872491704,2
6000,660.4,0.9871861276,2
6000,660.45,0.9871230814,2
6000,660.5,0.9870600317,2
6000,660.55,0.9869969786,2
6000,660.6,0.986933922,2
6000,660.65,0.986870862,2
6000,660.7,0.9868077986,2
6000,660.75,0.9867447318,2
6000,660.8,0.9866816615,2
6000,660.85,0.9866185879,2
6000,660.9,0.986555511,2
6000,660.95,0.9864924306,2
6000,661,0.9864293469,2
6000,661.05,0.9863662599,2
6000,661.1,0.9863031695,2
6000,661.15,0.9862400758,2
6000,661.2,0.9861769788,2
6000,661.25,0.9861138785,2
6000,661.3,0.986050775,2
6000,661.35,0.9859876681,2
6000,661.4,0.985924558,2
6000,661.45,0.9858614446,2
6000,661.5,0.985798328,2
6000,661.55,0.9857352082,2
6000,661.6,0.9856720851,2
6000,661.65,0.9856089588,2
6000,661.7,0.9855458294,2
6000,661.75,0.9854826967,2
6000,661.8,0.9854195609,2
6000,661.85,0.9853564219,2
6000,661.9,0.9852932797,2
6000,661.95,0.9852301344,2
6000,662,0.985166986,2
6000,662.05,0.9851038344,2
6000,662.1,0.9850406798,2
6000,662.15,0.984977522,2
6000,662.2,0.9849143611,2
6000,662.25,0.9848511972,2
6000,662.3,0.9847880302,2
6000,662.35,0.9847248601,2
6000,662.4,0.984661687,2
6000,662.45,0.9845985109,2
6000,662.5,0.9845353317,2
6000,662.55,0.9844721495,2
6000,662.6,0.9844089643,2
6000,662.65,0.9843457762,2
6000,662.7,0.984282585,2
6000,662.75,0.9842193909,2
6000,662.8,0.9841561938,2
6000,662.85,0.9840929938,2
6000,662.9,0.9840297908,2
6000,662.95,0.9839665849,2
6000,663,0.9839033761,2
6000,663.05,0.9838401644,2
6000,663.1,0.9837769498,2
6000,663.15,0.9837137323,2
6000,663.2,0.9836505119,2
6000,663.25,0.9835872887,2
6000,663.3,0.9835240626,2
6000,663.35,0.9834608337,2
6000,663.4,0.983397602,2
6000,663.45,0.9833343674,2
6000,663.5,0.9832711301,2
6000,663.55,0.9832078899,2
6000,663.6,0.983144647,2
6000,663.65,0.9830814012,2
6000,663.7,0.9830181528,2
6000,663.75,0.9829549015,2
6000,663.8,0.9828916475,2
6000,663.85,0.9828283908,2
6000,663.9,0.9827651314,2
6000,663.95,0.9827018693,2
6000,664,0.9826386044,2
6000,664.05,0.9825753369,2
6000,664.1,0.9825120667,2
6000,664.15,0.9824487939,2
6000,664.2,0.9823855183,2
6000,664.25,0.9823222402,2
6000,664.3,0.9822589594,2
6000,664.35,0.982195676,2
6000,664.4,0.9821323899,2
6000,664.45,0.9820691013,2
6000,664.5,0.9820058101,2
6000,664.55,0.9819425163,2
6000,664.6,0.9818792199,2
6000,664.65,0.981815921,2
6000,664.7,0.9817526195,2
6000,664.75,0.9816893155,2
6000,664.8,0.981626009,2
6000,664.85,0.9815626999,2
6000,664.9,0.9814993884,2
6000,664.95,0.9814360743,2
6000,665,0.9813727578,2
6000,665.05,0.9813094388,2
6000,665.1,0.9812461173,2
6000,665.15,0.9811827934,2
6000,665.2,0.9811194671,2
6000,665.25,0.9810561383,2
6000,665.3,0.9809928071,2
6000,665.35,0.9809294735,2
6000,665.4,0.9808661375,2
6000,665.45,0.9808027991,2
6000,665.5,0.9807394584,2
6000,665.55,0.9806761152,2
6000,665.6,0.9806127698,2
6000,665.65,0.9805494219,2
6000,665.7,0.9804860718,2
6000,665.75,0.9804227193,2
6000,665.8,0.9803593646,2
6000,665.85,0.9802960075,2
6000,665.9,0.9802326481,2
6000,665.95,0.9801692865,2
6000,666,0.9801059226,2
6000,666.05,0.9800425564,2
6000,666.1,0.979979188,2
6000,666.15,0.9799158173,2
6000,666.2,0.9798524445,2
6000,666.25,0.9797890694,2
6000,666.3,0.9797256921,2
6000,666.35,0.9796623126,2
6000,666.4,0.979598931,2
6000,666.45,0.9795355471,2
6000,666.5,0.9794721612,2
6000,666.55,0.979408773,2
6000,666.6,0.9793453828,2
6000,666.65,0.9792819904,2
6000,666.7,0.9792185958,2
6000,666.75,0.9791551992,2
6000,666.8,0.9790918005,2
6000,666.85,0.9790283997,2
6000,666.9,0.9789649968,2
6000,666.95,0.9789015919,2
6000,667,0.9788381849,2
6000,667.05,0.9787747758,2
6000,667.1,0.9787113648,2
6000,667.15,0.9786479517,2
6000,667.2,0.9785845366,2
6000,667.25,0.9785211195,2
6000,667.3,0.9784577004,2
6000,667.35,0.9783942793,2
6000,667.4,0.9783308563,2
6000,667.45,0.9782674313,2
6000,667.5,0.9782040044,2
6000,667.55,0.9781405755,2
6000,667.6,0.9780771447,2
6000,667.65,0.978013712,2
6000,667.7,0.9779502774,2
6000,667.75,0.9778868409,2
6000,667.8,0.9778234026,2
6000,667.85,0.9777599623,2
6000,667.9,0.9776965202,2
6000,667.95,0.9776330762,2
6000,668,0.9775696304,2
6000,668.05,0.9775061828,2
6000,668.1,0.9774427333,2
6000,668.15,0.9773792821,2
6000,668.2,0.977315829,2
6000,668.25,0.9772523742,2
6000,668.3,0.9771889176,2
6000,668.35,0.9771254592,2
6000,668.4,0.9770619991,2
6000,668.45,0.9769985372,2
6000,668.5,0.9769350736,2
6000,668.55,0.9768716083,2
6000,668.6,0.9768081412,2
6000,668.65,0.9767446725,2
6000,668.7,0.9766812021,2
6000,668.75,0.9766177299,2
6000,668.8,0.9765542562,2
6000,668.85,0.9764907807,2
6000,668.9,0.9764273036,2
6000,668.95,0.9763638249,2
6000,669,0.9763003446,2
6000,669.05,0.9762368626,2
6000,669.1,0.976173379,2
6000,669.15,0.9761098939,2
6000,669.2,0.9760464071,2
6000,669.25,0.9759829188,2
6000,669.3,0.9759194289,2
6000,669.35,0.9758559374,2
6000,669.4,0.9757924445,2
6000,669.45,0.9757289499,2
6000,669.5,0.9756654539,2
6000,669.55,0.9756019564,2
6000,669.6,0.9755384573,2
6000,669.65,0.9754749568,2
6000,669.7,0.9754114548,2
6000,669.75,0.9753479513,2
6000,669.8,0.9752844463,2
6000,669.85,0.97522094,2
6000,669.9,0.9751574321,2
6000,669.95,0.9750939229,2
6000,670,0.9750304122,2
6000,670.05,0.9749669001,2
6000,670.1,0.9749033867,2
6000,670.15,0.9748398718,2
6000,670.2,0.9747763556,2
6000,670.25,0.974712838,2
6000,670.3,0.9746493191,2
6000,670.35,0.9745857988,2
6000,670.4,0.9745222772,2
6000,670.45,0.9744587543,2
6000,670.5,0.9743952301,2
6000,670.55,0.9743317045,2
6000,670.6,0.9742681777,2
6000,670.65,0.9742046496,2
6000,670.7,0.9741411202,2
6000,670.75,0.9740775896,2
6000,670.8,0.9740140577,2
6000,670.85,0.9739505246,2
6000,670.9,0.9738869903,2
6000,670.95,0.9738234547,2
6000,671,0.973759918,2
6000,671.05,0.97369638,2
6000,671.1,0.9736328409,2
6000,671.15,0.9735693006,2
6000,671.2,0.9735057591,2
6000,671.25,0.9734422165,2
6000,671.3,0.9733786727,2
6000,671.35,0.9733151278,2
6000,671.4,0.9732515818,2
6000,671.45,0.9731880346,2
6000,671.5,0.9731244864,2
6000,671.55,0.9730609371,2
6000,671.6,0.9729973867,2
6000,671.65,0.9729338352,2
6000,671.7,0.9728702827,2
6000,671.75,0.9728067291,2
6000,671.8,0.9727431745,2
6000,671.85,0.9726796189,2
6000,671.9,0.9726160622,2
6000,671.95,0.9725525046,2
6000,672,0.9724889459,2
6000,672.05,0.9724253863,2
6000,672.1,0.9723618257,2
6000,672.15,0.9722982641,2
6000,672.2,0.9722347015,2
6000,672.25,0.9721711381,2
6000,672.3,0.9721075737,2
6000,672.35,0.9720440083,2
6000,672.4,0.9719804421,2
6000,672.45,0.9719168749,2
6000,672.5,0.9718533069,2
6000,672.55,0.971789738,2
6000,672.6,0.9717261682,2
6000,672.65,0.9716625976,2
6000,672.7,0.9715990261,2
6000,672.75,0.9715354537,2
6000,672.8,0.9714718806,2
6000,672.85,0.9714083066,2
6000,672.9,0.9713447318,2
6000,672.95,0.9712811562,2
6000,673,0.9712175798,2
6000,673.05,0.9711540027,2
6000,673.1,0.9710904248,2
6000,673.15,0.9710268461,2
6000,673.2,0.9709632667,2
6000,673.25,0.9708996865,2
6000,673.3,0.9708361056,2
6000,673.35,0.970772524,2
6000,673.4,0.9707089417,2
6000,673.45,0.9706453587,2
6000,673.5,0.9705817751,2
6000,673.55,0.9705181907,2
6000,673.6,0.9704546057,2
6000,673.65,0.9703910201,2
6000,673.7,0.9703274337,2
6000,673.75,0.9702638468,2
6000,673.8,0.9702002593,2
6000,673.85,0.9701366711,2
6000,673.9,0.9700730823,2
6000,673.95,0.970009493,2
6000,674,0.969945903,2
6000,674.05,0.9698823125,2
6000,674.1,0.9698187214,2
6000,674.15,0.9697551298,2
6000,674.2,0.9696915377,2
6000,674.25,0.969627945,2
6000,674.3,0.9695643518,2
6000,674.35,0.9695007581,2
6000,674.4,0.9694371639,2
6000,674.45,0.9693735692,2
6000,674.5,0.969309974,2
6000,674.55,0.9692463784,2
6000,674.6,0.9691827823,2
6000,674.65,0.9691191857,2
6000,674.7,0.9690555888,2
6000,674.75,0.9689919914,2
6000,674.8,0.9689283935,2
6000,674.85,0.9688647953,2
6000,674.9,0.9688011967,2
6000,674.95,0.9687375977,2
6000,675,0.9686739983,2
6000,675.05,0.9686103986,2
6000,675.1,0.9685467985,2
6000,675.15,0.9684831981,2
6000,675.2,0.9684195973,2
6000,675.25,0.9683559963,2
6000,675.3,0.9682923949,2
6000,675.35,0.9682287932,2
6000,675.4,0.9681651912,2
6000,675.45,0.9681015889,2
6000,675.5,0.9680379864,2
6000,675.55,0.9679743836,2
6000,675.6,0.9679107805,2
6000,675.65,0.9678471772,2
6000,675.7,0.9677835737,2
6000,675.75,0.9677199699,2
6000,675.8,0.967656366,2
6000,675.85,0.9675927618,2
6000,675.9,0.9675291575,2
6000,675.95,0.967465553,2
6000,676,0.9674019483,2
6000,676.05,0.9673383434,2
6000,676.1,0.9672747384,2
6000,676.15,0.9672111333,2
6000,676.2,0.967147528,2
6000,676.25,0.9670839227,2
6000,676.3,0.9670203172,2
6000,676.35,0.9669567116,2
6000,676.4,0.9668931059,2
6000,676.45,0.9668295002,2
6000,676.5,0.9667658944,2
6000,676.55,0.9667022885,2
6000,676.6,0.9666386826,2
6000,676.65,0.9665750766,2
6000,676.7,0.9665114706,2
6000,676.75,0.9664478646,2
6000,676.8,0.9663842586,2
6000,676.85,0.9663206526,2
6000,676.9,0.9662570467,2
6000,676.95,0.9661934407,2
6000,677,0.9661298348,2
6000,677.05,0.9660662289,2
6000,677.1,0.9660026231,2
6000,677.15,0.9659390173,2
6000,677.2,0.9658754117,2
6000,677.25,0.9658118061,2
6000,677.3,0.9657482006,2
6000,677.35,0.9656845952,2
6000,677.4,0.9656209899,2
6000,677.45,0.9655573848,2
6000,677.5,0.9654937798,2
6000,677.55,0.9654301749,2
6000,677.6,0.9653665702,2
6000,677.65,0.9653029657,2
6000,677.7,0.9652393613,2
6000,677.75,0.9651757571,2
6000,677.8,0.9651121532,2
6000,677.85,0.9650485494,2
6000,677.9,0.9649849458,2
6000,677.95,0.9649213425,2
6000,678,0.9648577394,2
6000,678.05,0.9647941366,2
6000,678.1,0.964730534,2
6000,678.15,0.9646669317,2
6000,678.2,0.9646033297,2
6000,678.25,0.9645397279,2
6000,678.3,0.9644761265,2
6000,678.35,0.9644125254,2
6000,678.4,0.9643489246,2
6000,678.45,0.9642853241,2
6000,678.5,0.9642217239,2
6000,678.55,0.9641581241,2
6000,678.6,0.9640945247,2
6000,678.65,0.9640309256,2
6000,678.7,0.9639673269,2
6000,678.75,0.9639037286,2
6000,678.8,0.9638401307,2
6000,678.85,0.9637765332,2
6000,678.9,0.9637129361,2
6000,678.95,0.9636493395,2
6000,679,0.9635857433,2
6000,679.05,0.9635221475,2
6000,679.1,0.9634585522,2
6000,679.15,0.9633949574,2
6000,679.2,0.9633313631,2
6000,679.25,0.9632677692,2
6000,679.3,0.9632041759,2
6000,679.35,0.963140583,2
6000,679.4,0.9630769907,2
6000,679.45,0.9630133989,2
6000,679.5,0.9629498076,2
6000,679.55,0.9628862169,2
6000,679.6,0.9628226268,2
6000,679.65,0.9627590372,2
6000,679.7,0.9626954482,2
6000,679.75,0.9626318598,2
6000,679.8,0.962568272,2
6000,679.85,0.9625046848,2
6000,679.9,0.9624410982,2
6000,679.95,0.9623775123,2
6000,680,0.962313927,2
6000,680.05,0.9622503423,2
6000,680.1,0.9621867583,2
6000,680.15,0.962123175,2
6000,680.2,0.9620595923,2
6000,680.25,0.9619960104,2
6000,680.3,0.9619324291,2
6000,680.35,0.9618688486,2
6000,680.4,0.9618052688,2
6000,680.45,0.9617416897,2
6000,680.5,0.9616781113,2
6000,680.55,0.9616145337,2
6000,680.6,0.9615509568,2
6000,680.65,0.9614873808,2
6000,680.7,0.9614238055,2
6000,680.75,0.961360231,2
6000,680.8,0.9612966572,2
6000,680.85,0.9612330843,2
6000,680.9,0.9611695123,2
6000,680.95,0.961105941,2
6000,681,0.9610423706,2
6000,681.05,0.960978801,2
6000,681.1,0.9609152323,2
6000,681.15,0.9608516645,2
6000,681.2,0.9607880975,2
6000,681.25,0.9607245315,2
6000,681.3,0.9606609663,2
6000,681.35,0.960597402,2
6000,681.4,0.9605338387,2
6000,681.45,0.9604702763,2
6000,681.5,0.9604067148,2
6000,681.55,0.9603431543,2
6000,681.6,0.9602795947,2
6000,681.65,0.9602160361,2
6000,681.7,0.9601524785,2
6000,681.75,0.9600889218,2
6000,681.8,0.9600253662,2
6000,681.85,0.9599618116,2
6000,681.9,0.959898258,2
6000,681.95,0.9598347054,2
6000,682,0.9597711538,2
6000,682.05,0.9597076033,2
6000,682.1,0.9596440539,2
6000,682.15,0.9595805055,2
6000,682.2,0.9595169582,2
6000,682.25,0.959453412,2
6000,682.3,0.9593898669,2
6000,682.35,0.9593263228,2
6000,682.4,0.9592627799,2
6000,682.45,0.9591992382,2
6000,682.5,0.9591356975,2
6000,682.55,0.9590721581,2
6000,682.6,0.9590086197,2
6000,682.65,0.9589450825,2
6000,682.7,0.9588815466,2
6000,682.75,0.9588180117,2
6000,682.8,0.9587544781,2
6000,682.85,0.9586909457,2
6000,682.9,0.9586274145,2
6000,682.95,0.9585638845,2
6000,683,0.9585003558,2
6000,683.05,0.9584368283,2
6000,683.1,0.9583733021,2
6000,683.15,0.9583097771,2
6000,683.2,0.9582462534,2
6000,683.25,0.958182731,2
6000,683.3,0.9581192098,2
6000,683.35,0.95805569,2
6000,683.4,0.9579921715,2
6000,683.45,0.9579286543,2
6000,683.5,0.9578651384,2
6000,683.55,0.9578016239,2
6000,683.6,0.9577381107,2
6000,683.65,0.9576745989,2
6000,683.7,0.9576110885,2
6000,683.75,0.9575475794,2
6000,683.8,0.9574840718,2
6000,683.85,0.9574205655,2
6000,683.9,0.9573570606,2
6000,683.95,0.9572935572,2
6000,684,0.9572300552,2
6000,684.05,0.9571665546,2
6000,684.1,0.9571030555,2
6000,684.15,0.9570395578,2
6000,684.2,0.9569760616,2
6000,684.25,0.9569125669,2
6000,684.3,0.9568490737,2
6000,684.35,0.956785582,2
6000,684.4,0.9567220917,2
6000,684.45,0.956658603,2
6000,684.5,0.9565951159,2
6000,684.55,0.9565316302,2
6000,684.6,0.9564681461,2
6000,684.65,0.9564046636,2
6000,684.7,0.9563411826,2
6000,684.75,0.9562777032,2
6000,684.8,0.9562142254,2
6000,684.85,0.9561507491,2
6000,684.9,0.9560872745,2
6000,684.95,0.9560238015,2
6000,685,0.9559603301,2
6000,685.05,0.9558968604,2
6000,685.1,0.9558333923,2
6000,685.15,0.9557699258,2
6000,685.2,0.955706461,2
6000,685.25,0.9556429979,2
6000,685.3,0.9555795365,2
6000,685.35,0.9555160767,2
6000,685.4,0.9554526187,2
6000,685.45,0.9553891623,2
6000,685.5,0.9553257077,2
6000,685.55,0.9552622548,2
6000,685.6,0.9551988037,2
6000,685.65,0.9551353543,2
6000,685.7,0.9550719066,2
6000,685.75,0.9550084608,2
6000,685.8,0.9549450167,2
6000,685.85,0.9548815744,2
6000,685.9,0.9548181339,2
6000,685.95,0.9547546951,2
6000,686,0.9546912583,2
6000,686.05,0.9546278232,2
6000,686.1,0.95456439,2
6000,686.15,0.9545009586,2
6000,686.2,0.9544375291,2
6000,686.25,0.9543741014,2
6000,686.3,0.9543106756,2
6000,686.35,0.9542472517,2
6000,686.4,0.9541838297,2
6000,686.45,0.9541204096,2
6000,686.5,0.9540569914,2
6000,686.55,0.9539935751,2
6000,686.6,0.9539301608,2
6000,686.65,0.9538667484,2
6000,686.7,0.9538033379,2
6000,686.75,0.9537399294,2
6000,686.8,0.9536765229,2
6000,686.85,0.9536131184,2
6000,686.9,0.9535497158,2
6000,686.95,0.9534863152,2
6000,687,0.9534229167,2
6000,687.05,0.9533595202,2
6000,687.1,0.9532961257,2
6000,687.15,0.9532327332,2
6000,687.2,0.9531693428,2
6000,687.25,0.9531059544,2
6000,687.3,0.9530425681,2
6000,687.35,0.9529791839,2
6000,687.4,0.9529158017,2
6000,687.45,0.9528524217,2
6000,687.5,0.9527890437,2
6000,687.55,0.9527256679,2
6000,687.6,0.9526622942,2
6000,687.65,0.9525989226,2
6000,687.7,0.9525355532,2
6000,687.75,0.9524721859,2
6000,687.8,0.9524088207,2
6000,687.85,0.9523454578,2
6000,687.9,0.952282097,2
6000,687.95,0.9522187384,2
6000,688,0.952155382,2
6000,688.05,0.9520920278,2
6000,688.1,0.9520286759,2
6000,688.15,0.9519653261,2
6000,688.2,0.9519019786,2
6000,688.25,0.9518386333,2
6000,688.3,0.9517752903,2
6000,688.35,0.9517119496,2
6000,688.4,0.9516486111,2
6000,688.45,0.9515852749,2
6000,688.5,0.951521941,2
6000,688.55,0.9514586094,2
6000,688.6,0.9513952802,2
6000,688.65,0.9513319532,2
6000,688.7,0.9512686286,2
6000,688.75,0.9512053063,2
6000,688.8,0.9511419863,2
6000,688.85,0.9510786688,2
6000,688.9,0.9510153536,2
6000,688.95,0.9509520407,2
6000,689,0.9508887303,2
6000,689.05,0.9508254222,2
6000,689.1,0.9507621166,2
6000,689.15,0.9506988133,2
6000,689.2,0.9506355125,2
6000,689.25,0.9505722142,2
6000,689.3,0.9505089182,2
6000,689.35,0.9504456247,2
6000,689.4,0.9503823337,2
6000,689.45,0.9503190452,2
6000,689.5,0.9502557591,2
6000,689.55,0.9501924755,2
6000,689.6,0.9501291945,2
6000,689.65,0.9500659159,2
6000,689.7,0.9500026399,2
6000,689.75,0.9499393663,2
6000,689.8,0.9498760954,2
6000,689.85,0.9498128269,2
6000,689.9,0.949749561,2
6000,689.95,0.9496862977,2
6000,690,0.949623037,2
6000,690.05,0.9495597788,2
6000,690.1,0.9494965233,2
6000,690.15,0.9494332703,2
6000,690.2,0.9493700199,2
6000,690.25,0.9493067722,2
6000,690.3,0.9492435271,2
6000,690.35,0.9491802846,2
6000,690.4,0.9491170448,2
6000,690.45,0.9490538077,2
6000,690.5,0.9489905732,2
6000,690.55,0.9489273414,2
6000,690.6,0.9488641123,2
6000,690.65,0.9488008858,2
6000,690.7,0.9487376621,2
6000,690.75,0.9486744411,2
6000,690.8,0.9486112228,2
6000,690.85,0.9485480073,2
6000,690.9,0.9484847945,2
6000,690.95,0.9484215844,2
6000,691,0.9483583771,2
6000,691.05,0.9482951726,2
6000,691.1,0.9482319708,2
6000,691.15,0.9481687719,2
6000,691.2,0.9481055757,2
6000,691.25,0.9480423823,2
6000,691.3,0.9479791918,2
6000,691.35,0.9479160041,2
6000,691.4,0.9478528192,2
6000,691.45,0.9477896371,2
6000,691.5,0.947726458,2
6000,691.55,0.9476632816,2
6000,691.6,0.9476001082,2
6000,691.65,0.9475369376,2
6000,691.7,0.9474737699,2
6000,691.75,0.9474106051,2
6000,691.8,0.9473474433,2
6000,691.85,0.9472842843,2
6000,691.9,0.9472211283,2
6000,691.95,0.9471579752,2
6000,692,0.947094825,2
6000,692.05,0.9470316778,2
6000,692.1,0.9469685336,2
6000,692.15,0.9469053924,2
6000,692.2,0.9468422541,2
6000,692.25,0.9467791188,2
6000,692.3,0.9467159865,2
6000,692.35,0.9466528572,2
6000,692.4,0.946589731,2
6000,692.45,0.9465266077,2
6000,692.5,0.9464634875,2
6000,692.55,0.9464003704,2
6000,692.6,0.9463372563,2
6000,692.65,0.9462741453,2
6000,692.7,0.9462110373,2
6000,692.75,0.9461479325,2
6000,692.8,0.9460848307,2
6000,692.85,0.946021732,2
6000,692.9,0.9459586364,2
6000,692.95,0.945895544,2
6000,693,0.9458324547,2
6000,693.05,0.9457693685,2
6000,693.1,0.9457062854,2
6000,693.15,0.9456432056,2
6000,693.2,0.9455801288,2
6000,693.25,0.9455170553,2
6000,693.3,0.9454539849,2
6000,693.35,0.9453909178,2
6000,693.4,0.9453278538,2
6000,693.45,0.9452647931,2
6000,693.5,0.9452017355,2
6000,693.55,0.9451386812,2
6000,693.6,0.9450756301,2
6000,693.65,0.9450125823,2
6000,693.7,0.9449495378,2
6000,693.75,0.9448864965,2
6000,693.8,0.9448234584,2
6000,693.85,0.9447604237,2
6000,693.9,0.9446973922,2
6000,693.95,0.9446343641,2
6000,694,0.9445713392,2
6000,694.05,0.9445083177,2
6000,694.1,0.9444452995,2
6000,694.15,0.9443822847,2
6000,694.2,0.9443192732,2
6000,694.25,0.944256265,2
6000,694.3,0.9441932602,2
6000,694.35,0.9441302588,2
6000,694.4,0.9440672608,2
6000,694.45,0.9440042661,2
6000,694.5,0.9439412749,2
6000,694.55,0.9438782871,2
6000,694.6,0.9438153026,2
6000,694.65,0.9437523217,2
6000,694.7,0.9436893441,2
6000,694.75,0.94362637,2
6000,694.8,0.9435633994,2
6000,694.85,0.9435004322,2
6000,694.9,0.9434374685,2
6000,694.95,0.9433745082,2
6000,695,0.9433115515,2
6000,695.05,0.9432485983,2
6000,695.1,0.9431856485,2
6000,695.15,0.9431227023,2
6000,695.2,0.9430597596,2
6000,695.25,0.9429968205,2
6000,695.3,0.9429338849,2
6000,695.35,0.9428709528,2
6000,695.4,0.9428080243,2
6000,695.45,0.9427450994,2
6000,695.5,0.9426821781,2
6000,695.55,0.9426192603,2
6000,695.6,0.9425563462,2
6000,695.65,0.9424934356,2
6000,695.7,0.9424305287,2
6000,695.75,0.9423676254,2
6000,695.8,0.9423047257,2
6000,695.85,0.9422418297,2
6000,695.9,0.9421789373,2
6000,695.95,0.9421160486,2
6000,696,0.9420531636,2
6000,696.05,0.9419902822,2
6000,696.1,0.9419274045,2
6000,696.15,0.9418645305,2
6000,696.2,0.9418016603,2
6000,696.25,0.9417387937,2
6000,696.3,0.9416759309,2
6000,696.35,0.9416130718,2
6000,696.4,0.9415502164,2
6000,696.45,0.9414873648,2
6000,696.5,0.9414245169,2
6000,696.55,0.9413616728,2
6000,696.6,0.9412988325,2
6000,696.65,0.941235996,2
6000,696.7,0.9411731632,2
6000,696.75,0.9411103343,2
6000,696.8,0.9410475092,2
6000,696.85,0.9409846879,2
6000,696.9,0.9409218704,2
6000,696.95,0.9408590568,2
6000,697,0.940796247,2
6000,697.05,0.9407334411,2
6000,697.1,0.940670639,2
6000,697.15,0.9406078408,2
6000,697.2,0.9405450465,2
6000,697.25,0.9404822561,2
6000,697.3,0.9404194696,2
6000,697.35,0.940356687,2
6000,697.4,0.9402939083,2
6000,697.45,0.9402311335,2
6000,697.5,0.9401683627,2
6000,697.55,0.9401055958,2
6000,697.6,0.9400428329,2
6000,697.65,0.9399800739,2
6000,697.7,0.9399173189,2
6000,697.75,0.9398545679,2
6000,697.8,0.9397918208,2
6000,697.85,0.9397290778,2
6000,697.9,0.9396663388,2
6000,697.95,0.9396036038,2
6000,698,0.9395408728,2
6000,698.05,0.9394781458,2
6000,698.1,0.9394154229,2
6000,698.15,0.939352704,2
6000,698.2,0.9392899892,2
6000,698.25,0.9392272785,2
6000,698.3,0.9391645718,2
6000,698.35,0.9391018692,2
6000,698.4,0.9390391707,2
6000,698.45,0.9389764763,2
6000,698.5,0.938913786,2
6000,698.55,0.9388510999,2
6000,698.6,0.9387884179,2
6000,698.65,0.93872574,2
6000,698.7,0.9386630662,2
6000,698.75,0.9386003966,2
6000,698.8,0.9385377312,2
6000,698.85,0.9384750699,2
6000,698.9,0.9384124128,2
6000,698.95,0.9383497599,2
6000,699,0.9382871112,2
6000,699.05,0.9382244668,2
6000,699.1,0.9381618265,2
6000,699.15,0.9380991904,2
6000,699.2,0.9380365586,2
6000,699.25,0.937973931,2
6000,699.3,0.9379113077,2
6000,699.35,0.9378486886,2
6000,699.4,0.9377860738,2
6000,699.45,0.9377234633,2
6000,699.5,0.9376608571,2
6000,699.55,0.9375982551,2
6000,699.6,0.9375356575,2
6000,699.65,0.9374730641,2
6000,699.7,0.9374104751,2
6000,699.75,0.9373478904,2
6000,699.8,0.9372853101,2
6000,699.85,0.9372227341,2
6000,699.9,0.9371601624,2
6000,699.95,0.9370975951,2
6000,700,0.9370350322,2
6000,700.05,0.9369724737,2
6000,700.1,0.9369099195,2
6000,700.15,0.9368473697,2
6000,700.2,0.9367848244,2
6000,700.25,0.9367222834,2
6000,700.3,0.9366597469,2
6000,700.35,0.9365972148,2
6000,700.4,0.9365346872,2
6000,700.45,0.936472164,2
6000,700.5,0.9364096452,2
6000,700.55,0.936347131,2
6000,700.6,0.9362846212,2
6000,700.65,0.9362221158,2
6000,700.7,0.936159615,2
6000,700.75,0.9360971187,2
6000,700.8,0.9360346268,2
6000,700.85,0.9359721395,2
6000,700.9,0.9359096568,2
6000,700.95,0.9358471785,2
6000,701,0.9357847048,2
6000,701.05,0.9357222356,2
6000,701.1,0.935659771,2
6000,701.15,0.935597311,2
6000,701.2,0.9355348556,2
6000,701.25,0.9354724047,2
6000,701.3,0.9354099584,2
6000,701.35,0.9353475167,2
6000,701.4,0.9352850797,2
6000,701.45,0.9352226472,2
6000,701.5,0.9351602194,2
6000,701.55,0.9350977962,2
6000,701.6,0.9350353777,2
6000,701.65,0.9349729638,2
6000,701.7,0.9349105546,2
6000,701.75,0.93484815,2
6000,701.8,0.9347857502,2
6000,701.85,0.934723355,2
6000,701.9,0.9346609645,2
6000,701.95,0.9345985787,2
6000,702,0.9345361976,2
6000,702.05,0.9344738213,2
6000,702.1,0.9344114496,2
6000,702.15,0.9343490827,2
6000,702.2,0.9342867206,2
6000,702.25,0.9342243632,2
6000,702.3,0.9341620106,2
6000,702.35,0.9340996627,2
6000,702.4,0.9340373196,2
6000,702.45,0.9339749814,2
6000,702.5,0.9339126479,2
6000,702.55,0.9338503192,2
6000,702.6,0.9337879953,2
6000,702.65,0.9337256762,2
6000,702.7,0.933663362,2
6000,702.75,0.9336010526,2
6000,702.8,0.9335387481,2
6000,702.85,0.9334764484,2
6000,702.9,0.9334141536,2
6000,702.95,0.9333518637,2
6000,703,0.9332895786,2
6000,703.05,0.9332272984,2
6000,703.1,0.9331650231,2
6000,703.15,0.9331027528,2
6000,703.2,0.9330404873,2
6000,703.25,0.9329782268,2
6000,703.3,0.9329159712,2
6000,703.35,0.9328537205,2
6000,703.4,0.9327914748,2
6000,703.45,0.932729234,2
6000,703.5,0.9326669982,2
6000,703.55,0.9326047674,2
6000,703.6,0.9325425415,2
6000,703.65,0.9324803207,2
6000,703.7,0.9324181048,2
6000,703.75,0.9323558939,2
6000,703.8,0.9322936881,2
6000,703.85,0.9322314873,2
6000,703.9,0.9321692915,2
6000,703.95,0.9321071007,2
6000,704,0.932044915,2
6000,704.05,0.9319827344,2
6000,704.1,0.9319205588,2
6000,704.15,0.9318583883,2
6000,704.2,0.9317962229,2
6000,704.25,0.9317340625,2
6000,704.3,0.9316719073,2
6000,704.35,0.9316097572,2
6000,704.4,0.9315476121,2
6000,704.45,0.9314854722,2
6000,704.5,0.9314233375,2
6000,704.55,0.9313612078,2
6000,704.6,0.9312990833,2
6000,704.65,0.931236964,2
6000,704.7,0.9311748498,2
6000,704.75,0.9311127408,2
6000,704.8,0.931050637,2
6000,704.85,0.9309885384,2
6000,704.9,0.9309264449,2
6000,704.95,0.9308643567,2
6000,705,0.9308022737,2
6000,705.05,0.9307401959,2
6000,705.1,0.9306781233,2
6000,705.15,0.930616056,2
6000,705.2,0.9305539939,2
6000,705.25,0.9304919371,2
6000,705.3,0.9304298855,2
6000,705.35,0.9303678392,2
6000,705.4,0.9303057982,2
6000,705.45,0.9302437625,2
6000,705.5,0.930181732,2
6000,705.55,0.9301197069,2
6000,705.6,0.9300576871,2
6000,705.65,0.9299956726,2
6000,705.7,0.9299336634,2
6000,705.75,0.9298716595,2
6000,705.8,0.929809661,2
6000,705.85,0.9297476679,2
6000,705.9,0.9296856801,2
6000,705.95,0.9296236977,2
6000,706,0.9295617206,2
6000,706.05,0.929499749,2
6000,706.1,0.9294377827,2
6000,706.15,0.9293758218,2
6000,706.2,0.9293138664,2
6000,706.25,0.9292519163,2
6000,706.3,0.9291899717,2
6000,706.35,0.9291280325,2
6000,706.4,0.9290660988,2
6000,706.45,0.9290041705,2
6000,706.5,0.9289422477,2
6000,706.55,0.9288803303,2
6000,706.6,0.9288184184,2
6000,706.65,0.928756512,2
6000,706.7,0.9286946111,2
6000,706.75,0.9286327156,2
6000,706.8,0.9285708257,2
6000,706.85,0.9285089413,2
6000,706.9,0.9284470624,2
6000,706.95,0.9283851891,2
6000,707,0.9283233213,2
6000,707.05,0.928261459,2
6000,707.1,0.9281996023,2
6000,707.15,0.9281377511,2
6000,707.2,0.9280759056,2
6000,707.25,0.9280140656,2
6000,707.3,0.9279522311,2
6000,707.35,0.9278904023,2
6000,707.4,0.9278285791,2
6000,707.45,0.9277667615,2
6000,707.5,0.9277049495,2
6000,707.55,0.9276431432,2
6000,707.6,0.9275813424,2
6000,707.65,0.9275195473,2
6000,707.7,0.9274577579,2
6000,707.75,0.9273959741,2
6000,707.8,0.927334196,2
6000,707.85,0.9272724236,2
6000,707.9,0.9272106569,2
6000,707.95,0.9271488958,2
6000,708,0.9270871404,2
6000,708.05,0.9270253908,2
6000,708.1,0.9269636469,2
6000,708.15,0.9269019086,2
6000,708.2,0.9268401762,2
6000,708.25,0.9267784494,2
6000,708.3,0.9267167284,2
6000,708.35,0.9266550132,2
6000,708.4,0.9265933037,2
6000,708.45,0.9265316,2
6000,708.5,0.9264699021,2
6000,708.55,0.9264082099,2
6000,708.6,0.9263465236,2
6000,708.65,0.926284843,2
6000,708.7,0.9262231683,2
6000,708.75,0.9261614994,2
6000,708.8,0.9260998363,2
6000,708.85,0.926038179,2
6000,708.9,0.9259765276,2
6000,708.95,0.925914882,2
6000,709,0.9258532423,2
6000,709.05,0.9257916085,2
6000,709.1,0.9257299805,2
6000,709.15,0.9256683584,2
6000,709.2,0.9256067422,2
6000,709.25,0.9255451319,2
6000,709.3,0.9254835275,2
6000,709.35,0.925421929,2
6000,709.4,0.9253603365,2
6000,709.45,0.9252987498,2
6000,709.5,0.9252371691,2
6000,709.55,0.9251755944,2
6000,709.6,0.9251140256,2
6000,709.65,0.9250524627,2
6000,709.7,0.9249909059,2
6000,709.75,0.924929355,2
6000,709.8,0.9248678101,2
6000,709.85,0.9248062711,2
6000,709.9,0.9247447382,2
6000,709.95,0.9246832113,2
6000,710,0.9246216904,2
6000,710.05,0.9245601755,2
6000,710.1,0.9244986667,2
6000,710.15,0.9244371639,2
6000,710.2,0.9243756671,2
6000,710.25,0.9243141764,2
6000,710.3,0.9242526918,2
6000,710.35,0.9241912132,2
6000,710.4,0.9241297407,2
6000,710.45,0.9240682743,2
6000,710.5,0.924006814,2
6000,710.55,0.9239453597,2
6000,710.6,0.9238839116,2
6000,710.65,0.9238224696,2
6000,710.7,0.9237610338,2
6000,710.75,0.923699604,2
6000,710.8,0.9236381804,2
6000,710.85,0.923576763,2
6000,710.9,0.9235153517,2
6000,710.95,0.9234539466,2
6000,711,0.9233925476,2
6000,711.05,0.9233311548,2
6000,711.1,0.9232697682,2
6000,711.15,0.9232083878,2
6000,711.2,0.9231470136,2
6000,711.25,0.9230856456,2
6000,711.3,0.9230242839,2
6000,711.35,0.9229629283,2
6000,711.4,0.922901579,2
6000,711.45,0.9228402359,2
6000,711.5,0.9227788991,2
6000,711.55,0.9227175685,2
6000,711.6,0.9226562442,2
6000,711.65,0.9225949262,2
6000,711.7,0.9225336144,2
6000,711.75,0.9224723089,2
6000,711.8,0.9224110098,2
6000,711.85,0.9223497169,2
6000,711.9,0.9222884303,2
6000,711.95,0.9222271501,2
6000,712,0.9221658761,2
6000,712.05,0.9221046085,2
6000,712.1,0.9220433473,2
6000,712.15,0.9219820924,2
6000,712.2,0.9219208438,2
6000,712.25,0.9218596016,2
6000,712.3,0.9217983658,2
6000,712.35,0.9217371364,2
6000,712.4,0.9216759133,2
6000,712.45,0.9216146967,2
6000,712.5,0.9215534864,2
6000,712.55,0.9214922826,2
6000,712.6,0.9214310851,2
6000,712.65,0.9213698941,2
6000,712.7,0.9213087095,2
6000,712.75,0.9212475314,2
6000,712.8,0.9211863597,2
6000,712.85,0.9211251945,2
6000,712.9,0.9210640357,2
6000,712.95,0.9210028834,2
6000,713,0.9209417376,2
6000,713.05,0.9208805982,2
6000,713.1,0.9208194654,2
6000,713.15,0.920758339,2
6000,713.2,0.9206972192,2
6000,713.25,0.9206361058,2
6000,713.3,0.920574999,2
6000,713.35,0.9205138988,2
6000,713.4,0.920452805,2
6000,713.45,0.9203917178,2
6000,713.5,0.9203306372,2
6000,713.55,0.9202695631,2
6000,713.6,0.9202084956,2
6000,713.65,0.9201474347,2
6000,713.7,0.9200863803,2
6000,713.75,0.9200253325,2
6000,713.8,0.9199642914,2
6000,713.85,0.9199032568,2
6000,713.9,0.9198422288,2
6000,713.95,0.9197812075,2
6000,714,0.9197201928,2
6000,714.05,0.9196591847,2
6000,714.1,0.9195981833,2
6000,714.15,0.9195371886,2
6000,714.2,0.9194762004,2
6000,714.25,0.919415219,2
6000,714.3,0.9193542442,2
6000,714.35,0.9192932761,2
6000,714.4,0.9192323147,2
6000,714.45,0.91917136,2
6000,714.5,0.919110412,2
6000,714.55,0.9190494707,2
6000,714.6,0.9189885361,2
6000,714.65,0.9189276082,2
6000,714.7,0.9188666871,2
6000,714.75,0.9188057727,2
6000,714.8,0.9187448651,2
6000,714.85,0.9186839642,2
6000,714.9,0.9186230701,2
6000,714.95,0.9185621827,2
6000,715,0.9185013021,2
6000,715.05,0.9184404283,2
6000,715.1,0.9183795613,2
6000,715.15,0.9183187011,2
6000,715.2,0.9182578477,2
6000,715.25,0.9181970011,2
6000,715.3,0.9181361614,2
6000,715.35,0.9180753285,2
6000,715.4,0.9180145024,2
6000,715.45,0.9179536831,2
6000,715.5,0.9178928707,2
6000,715.55,0.9178320652,2
6000,715.6,0.9177712665,2
6000,715.65,0.9177104747,2
6000,715.7,0.9176496897,2
6000,715.75,0.9175889117,2
6000,715.8,0.9175281406,2
6000,715.85,0.9174673763,2
6000,715.9,0.917406619,2
6000,715.95,0.9173458686,2
6000,716,0.9172851251,2
6000,716.05,0.9172243885,2
6000,716.1,0.9171636589,2
6000,716.15,0.9171029362,2
6000,716.2,0.9170422205,2
6000,716.25,0.9169815118,2
6000,716.3,0.91692081,2
6000,716.35,0.9168601151,2
6000,716.4,0.9167994273,2
6000,716.45,0.9167387465,2
6000,716.5,0.9166780726,2
6000,716.55,0.9166174058,2
6000,716.6,0.916556746,2
6000,716.65,0.9164960931,2
6000,716.7,0.9164354474,2
6000,716.75,0.9163748086,2
6000,716.8,0.9163141769,2
6000,716.85,0.9162535522,2
6000,716.9,0.9161929346,2
6000,716.95,0.9161323241,2
6000,717,0.9160717206,2
6000,717.05,0.9160111242,2
6000,717.1,0.9159505349,2
6000,717.15,0.9158899527,2
6000,717.2,0.9158293776,2
6000,717.25,0.9157688096,2
6000,717.3,0.9157082487,2
6000,717.35,0.9156476949,2
6000,717.4,0.9155871482,2
6000,717.45,0.9155266087,2
6000,717.5,0.9154660763,2
6000,717.55,0.9154055511,2
6000,717.6,0.915345033,2
6000,717.65,0.9152845221,2
6000,717.7,0.9152240184,2
6000,717.75,0.9151635218,2
6000,717.8,0.9151030325,2
6000,717.85,0.9150425503,2
6000,717.9,0.9149820753,2
6000,717.95,0.9149216075,2
6000,718,0.914861147,2
6000,718.05,0.9148006936,2
6000,718.1,0.9147402475,2
6000,718.15,0.9146798086,2
6000,718.2,0.914619377,2
6000,718.25,0.9145589526,2
6000,718.3,0.9144985355,2
6000,718.35,0.9144381256,2
6000,718.4,0.9143777231,2
6000,718.45,0.9143173277,2
6000,718.5,0.9142569397,2
6000,718.55,0.914196559,2
6000,718.6,0.9141361855,2
6000,718.65,0.9140758194,2
6000,718.7,0.9140154606,2
6000,718.75,0.9139551091,2
6000,718.8,0.9138947649,2
6000,718.85,0.9138344281,2
6000,718.9,0.9137740986,2
6000,718.95,0.9137137765,2
6000,719,0.9136534617,2
6000,719.05,0.9135931543,2
6000,719.1,0.9135328542,2
6000,719.15,0.9134725616,2
6000,719.2,0.9134122763,2
6000,719.25,0.9133519984,2
6000,719.3,0.9132917279,2
6000,719.35,0.9132314648,2
6000,719.4,0.9131712091,2
6000,719.45,0.9131109609,2
6000,719.5,0.91305072,2
6000,719.55,0.9129904866,2
6000,719.6,0.9129302607,2
6000,719.65,0.9128700422,2
6000,719.7,0.9128098311,2
6000,719.75,0.9127496275,2
6000,719.8,0.9126894314,2
6000,719.85,0.9126292427,2
6000,719.9,0.9125690616,2
6000,719.95,0.9125088879,2
6000,720,0.9124487217,2
6000,720.05,0.912388563,2
6000,720.1,0.9123284119,2
6000,720.15,0.9122682682,2
6000,720.2,0.9122081321,2
6000,720.25,0.9121480035,2
6000,720.3,0.9120878825,2
6000,720.35,0.912027769,2
6000,720.4,0.911967663,2
6000,720.45,0.9119075646,2
6000,720.5,0.9118474738,2
6000,720.55,0.9117873906,2
6000,720.6,0.9117273149,2
6000,720.65,0.9116672468,2
6000,720.7,0.9116071863,2
6000,720.75,0.9115471334,2
6000,720.8,0.9114870881,2
6000,720.85,0.9114270505,2
6000,720.9,0.9113670204,2
6000,720.95,0.911306998,2
6000,721,0.9112469832,2
6000,721.05,0.9111869761,2
6000,721.1,0.9111269766,2
6000,721.15,0.9110669848,2
6000,721.2,0.9110070006,2
6000,721.25,0.9109470241,2
6000,721.3,0.9108870553,2
6000,721.35,0.9108270942,2
6000,721.4,0.9107671407,2
6000,721.45,0.910707195,2
6000,721.5,0.9106472569,2
6000,721.55,0.9105873266,2
6000,721.6,0.910527404,2
6000,721.65,0.9104674891,2
6000,721.7,0.910407582,2
6000,721.75,0.9103476825,2
6000,721.8,0.9102877909,2
6000,721.85,0.910227907,2
6000,721.9,0.9101680308,2
6000,721.95,0.9101081624,2
6000,722,0.9100483018,2
6000,722.05,0.909988449,2
6000,722.1,0.9099286039,2
6000,722.15,0.9098687666,2
6000,722.2,0.9098089372,2
6000,722.25,0.9097491155,2
6000,722.3,0.9096893017,2
6000,722.35,0.9096294957,2
6000,722.4,0.9095696975,2
6000,722.45,0.9095099071,2
6000,722.5,0.9094501246,2
6000,722.55,0.90939035,2
6000,722.6,0.9093305832,2
6000,722.65,0.9092708242,2
6000,722.7,0.9092110731,2
6000,722.75,0.9091513299,2
6000,722.8,0.9090915946,2
6000,722.85,0.9090318672,2
6000,722.9,0.9089721476,2
6000,722.95,0.908912436,2
6000,723,0.9088527322,2
6000,723.05,0.9087930364,2
6000,723.1,0.9087333485,2
6000,723.15,0.9086736686,2
6000,723.2,0.9086139965,2
6000,723.25,0.9085543324,2
6000,723.3,0.9084946763,2
6000,723.35,0.9084350281,2
6000,723.4,0.9083753879,2
6000,723.45,0.9083157557,2
6000,723.5,0.9082561314,2
6000,723.55,0.9081965151,2
6000,723.6,0.9081369068,2
6000,723.65,0.9080773065,2
6000,723.7,0.9080177142,2
6000,723.75,0.9079581299,2
6000,723.8,0.9078985536,2
6000,723.85,0.9078389853,2
6000,723.9,0.9077794251,2
6000,723.95,0.9077198729,2
6000,724,0.9076603287,2
6000,724.05,0.9076007926,2
6000,724.1,0.9075412646,2
6000,724.15,0.9074817446,2
6000,724.2,0.9074222327,2
6000,724.25,0.9073627288,2
6000,724.3,0.9073032331,2
6000,724.35,0.9072437454,2
6000,724.4,0.9071842658,2
6000,724.45,0.9071247944,2
6000,724.5,0.907065331,2
6000,724.55,0.9070058758,2
6000,724.6,0.9069464286,2
6000,724.65,0.9068869896,2
6000,724.7,0.9068275588,2
6000,724.75,0.906768136,2
6000,724.8,0.9067087215,2
6000,724.85,0.906649315,2
6000,724.9,0.9065899168,2
6000,724.95,0.9065305267,2
6000,725,0.9064711448,2
6000,725.05,0.906411771,2
6000,725.1,0.9063524055,2
6000,725.15,0.9062930481,2
6000,725.2,0.906233699,2
6000,725.25,0.906174358,2
6000,725.3,0.9061150253,2
6000,725.35,0.9060557008,2
6000,725.4,0.9059963845,2
6000,725.45,0.9059370765,2
6000,725.5,0.9058777766,2
6000,725.55,0.9058184851,2
6000,725.6,0.9057592018,2
6000,725.65,0.9056999267,2
6000,725.7,0.9056406599,2
6000,725.75,0.9055814014,2
6000,725.8,0.9055221512,2
6000,725.85,0.9054629092,2
6000,725.9,0.9054036755,2
6000,725.95,0.9053444502,2
6000,726,0.9052852331,2
6000,726.05,0.9052260244,2
6000,726.1,0.905166824,2
6000,726.15,0.9051076318,2
6000,726.2,0.9050484481,2
6000,726.25,0.9049892726,2
6000,726.3,0.9049301055,2
6000,726.35,0.9048709468,2
6000,726.4,0.9048117964,2
6000,726.45,0.9047526544,2
6000,726.5,0.9046935207,2
6000,726.55,0.9046343955,2
6000,726.6,0.9045752786,2
6000,726.65,0.90451617,2
6000,726.7,0.9044570699,2
6000,726.75,0.9043979782,2
6000,726.8,0.9043388949,2
6000,726.85,0.90427982,2
6000,726.9,0.9042207536,2
6000,726.95,0.9041616955,2
6000,727,0.9041026459,2
6000,727.05,0.9040436047,2
6000,727.1,0.903984572,2
6000,727.15,0.9039255477,2
6000,727.2,0.9038665319,2
6000,727.25,0.9038075246,2
6000,727.3,0.9037485257,2
6000,727.35,0.9036895353,2
6000,727.4,0.9036305534,2
6000,727.45,0.90357158,2
6000,727.5,0.903512615,2
6000,727.55,0.9034536586,2
6000,727.6,0.9033947107,2
6000,727.65,0.9033357713,2
6000,727.7,0.9032768404,2
6000,727.75,0.9032179181,2
6000,727.8,0.9031590043,2
6000,727.85,0.903100099,2
6000,727.9,0.9030412023,2
6000,727.95,0.9029823141,2
6000,728,0.9029234345,2
6000,728.05,0.9028645634,2
6000,728.1,0.902805701,2
6000,728.15,0.9027468471,2
6000,728.2,0.9026880018,2
6000,728.25,0.9026291651,2
6000,728.3,0.9025703369,2
6000,728.35,0.9025115174,2
6000,728.4,0.9024527065,2
6000,728.45,0.9023939042,2
6000,728.5,0.9023351106,2
6000,728.55,0.9022763256,2
6000,728.6,0.9022175492,2
6000,728.65,0.9021587814,2
6000,728.7,0.9021000223,2
6000,728.75,0.9020412718,2
6000,728.8,0.90198253,2
6000,728.85,0.9019237969,2
6000,728.9,0.9018650725,2
6000,728.95,0.9018063567,2
6000,729,0.9017476496,2
6000,729.05,0.9016889512,2
6000,729.1,0.9016302615,2
6000,729.15,0.9015715805,2
6000,729.2,0.9015129082,2
6000,729.25,0.9014542447,2
6000,729.3,0.9013955898,2
6000,729.35,0.9013369437,2
6000,729.4,0.9012783063,2
6000,729.45,0.9012196777,2
6000,729.5,0.9011610578,2
6000,729.55,0.9011024466,2
6000,729.6,0.9010438442,2
6000,729.65,0.9009852506,2
6000,729.7,0.9009266658,2
6000,729.75,0.9008680897,2
6000,729.8,0.9008095224,2
6000,729.85,0.9007509639,2
6000,729.9,0.9006924142,2
6000,729.95,0.9006338733,2
6000,730,0.9005753413,2
6000,730.05,0.900516818,2
6000,730.1,0.9004583035,2
6000,730.15,0.9003997979,2
6000,730.2,0.9003413011,2
6000,730.25,0.9002828132,2
6000,730.3,0.9002243341,2
6000,730.35,0.9001658638,2
6000,730.4,0.9001074024,2
6000,730.45,0.9000489499,2
6000,730.5,0.8999905062,2
6000,730.55,0.8999320714,2
6000,730.6,0.8998736455,2
6000,730.65,0.8998152285,2
6000,730.7,0.8997568204,2
6000,730.75,0.8996984212,2
6000,730.8,0.8996400309,2
6000,730.85,0.8995816494,2
6000,730.9,0.899523277,2
6000,730.95,0.8994649134,2
6000,731,0.8994065588,2
6000,731.05,0.8993482131,2
6000,731.1,0.8992898763,2
6000,731.15,0.8992315485,2
6000,731.2,0.8991732297,2
6000,731.25,0.8991149198,2
6000,731.3,0.8990566188,2
6000,731.35,0.8989983269,2
6000,731.4,0.8989400439,2
6000,731.45,0.8988817699,2
6000,731.5,0.8988235049,2
6000,731.55,0.8987652489,2
6000,731.6,0.8987070019,2
6000,731.65,0.8986487639,2
6000,731.7,0.898590535,2
6000,731.75,0.898532315,2
6000,731.8,0.8984741041,2
6000,731.85,0.8984159022,2
6000,731.9,0.8983577093,2
6000,731.95,0.8982995255,2
6000,732,0.8982413507,2
6000,732.05,0.898183185,2
6000,732.1,0.8981250284,2
6000,732.15,0.8980668808,2
6000,732.2,0.8980087423,2
6000,732.25,0.8979506129,2
6000,732.3,0.8978924925,2
6000,732.35,0.8978343813,2
6000,732.4,0.8977762791,2
6000,732.45,0.8977181861,2
6000,732.5,0.8976601022,2
6000,732.55,0.8976020273,2
6000,732.6,0.8975439616,2
6000,732.65,0.8974859051,2
6000,732.7,0.8974278576,2
6000,732.75,0.8973698193,2
6000,732.8,0.8973117902,2
6000,732.85,0.8972537702,2
6000,732.9,0.8971957593,2
6000,732.95,0.8971377576,2
6000,733,0.8970797651,2
6000,733.05,0.8970217818,2
6000,733.1,0.8969638076,2
6000,733.15,0.8969058426,2
6000,733.2,0.8968478868,2
6000,733.25,0.8967899402,2
6000,733.3,0.8967320029,2
6000,733.35,0.8966740747,2
6000,733.4,0.8966161557,2
6000,733.45,0.896558246,2
6000,733.5,0.8965003455,2
6000,733.55,0.8964424542,2
6000,733.6,0.8963845721,2
6000,733.65,0.8963266993,2
6000,733.7,0.8962688358,2
6000,733.75,0.8962109815,2
6000,733.8,0.8961531365,2
6000,733.85,0.8960953007,2
6000,733.9,0.8960374742,2
6000,733.95,0.895979657,2
6000,734,0.8959218491,2
6000,734.05,0.8958640504,2
6000,734.1,0.8958062611,2
6000,734.15,0.895748481,2
6000,734.2,0.8956907103,2
6000,734.25,0.8956329489,2
6000,734.3,0.8955751968,2
6000,734.35,0.895517454,2
6000,734.4,0.8954597206,2
6000,734.45,0.8954019965,2
6000,734.5,0.8953442817,2
6000,734.55,0.8952865763,2
6000,734.6,0.8952288802,2
6000,734.65,0.8951711935,2
6000,734.7,0.8951135162,2
6000,734.75,0.8950558482,2
6000,734.8,0.8949981896,2
6000,734.85,0.8949405404,2
6000,734.9,0.8948829006,2
6000,734.95,0.8948252702,2
6000,735,0.8947676491,2
6000,735.05,0.8947100375,2
6000,735.1,0.8946524353,2
6000,735.15,0.8945948425,2
6000,735.2,0.8945372591,2
6000,735.25,0.8944796852,2
6000,735.3,0.8944221207,2
6000,735.35,0.8943645656,2
6000,735.4,0.8943070199,2
6000,735.45,0.8942494838,2
6000,735.5,0.894191957,2
6000,735.55,0.8941344398,2
6000,735.6,0.894076932,2
6000,735.65,0.8940194337,2
6000,735.7,0.8939619448,2
6000,735.75,0.8939044655,2
6000,735.8,0.8938469956,2
6000,735.85,0.8937895352,2
6000,735.9,0.8937320843,2
6000,735.95,0.893674643,2
6000,736,0.8936172111,2
6000,736.05,0.8935597888,2
6000,736.1,0.893502376,2
6000,736.15,0.8934449727,2
6000,736.2,0.8933875789,2
6000,736.25,0.8933301947,2
6000,736.3,0.89327282,2
6000,736.35,0.8932154549,2
6000,736.4,0.8931580994,2
6000,736.45,0.8931007534,2
6000,736.5,0.8930434169,2
6000,736.55,0.8929860901,2
6000,736.6,0.8929287728,2
6000,736.65,0.8928714651,2
6000,736.7,0.892814167,2
6000,736.75,0.8927568785,2
6000,736.8,0.8926995996,2
6000,736.85,0.8926423303,2
6000,736.9,0.8925850706,2
6000,736.95,0.8925278206,2
6000,737,0.8924705801,2
6000,737.05,0.8924133493,2
6000,737.1,0.8923561281,2
6000,737.15,0.8922989166,2
6000,737.2,0.8922417147,2
6000,737.25,0.8921845224,2
6000,737.3,0.8921273399,2
6000,737.35,0.8920701669,2
6000,737.4,0.8920130037,2
6000,737.45,0.8919558501,2
6000,737.5,0.8918987062,2
6000,737.55,0.8918415719,2
6000,737.6,0.8917844474,2
6000,737.65,0.8917273326,2
6000,737.7,0.8916702274,2
6000,737.75,0.891613132,2
6000,737.8,0.8915560463,2
6000,737.85,0.8914989702,2
6000,737.9,0.891441904,2
6000,737.95,0.8913848474,2
6000,738,0.8913278006,2
6000,738.05,0.8912707635,2
6000,738.1,0.8912137361,2
6000,738.15,0.8911567185,2
6000,738.2,0.8910997107,2
6000,738.25,0.8910427126,2
6000,738.3,0.8909857243,2
6000,738.35,0.8909287457,2
6000,738.4,0.890871777,2
6000,738.45,0.890814818,2
6000,738.5,0.8907578688,2
6000,738.55,0.8907009293,2
6000,738.6,0.8906439997,2
6000,738.65,0.8905870799,2
6000,738.7,0.8905301699,2
6000,738.75,0.8904732697,2
6000,738.8,0.8904163793,2
6000,738.85,0.8903594988,2
6000,738.9,0.8903026281,2
6000,738.95,0.8902457672,2
6000,739,0.8901889161,2
6000,739.05,0.8901320749,2
6000,739.1,0.8900752436,2
6000,739.15,0.8900184221,2
6000,739.2,0.8899616105,2
6000,739.25,0.8899048087,2
6000,739.3,0.8898480168,2
6000,739.35,0.8897912348,2
6000,739.4,0.8897344627,2
6000,739.45,0.8896777004,2
6000,739.5,0.8896209481,2
6000,739.55,0.8895642056,2
6000,739.6,0.8895074731,2
6000,739.65,0.8894507504,2
6000,739.7,0.8893940377,2
6000,739.75,0.8893373349,2
6000,739.8,0.889280642,2
6000,739.85,0.8892239591,2
6000,739.9,0.889167286,2
6000,739.95,0.889110623,2
6000,740,0.8890539698,2
6000,740.05,0.8889973267,2
6000,740.1,0.8889406934,2
6000,740.15,0.8888840702,2
6000,740.2,0.8888274569,2
6000,740.25,0.8887708536,2
6000,740.3,0.8887142602,2
6000,740.35,0.8886576769,2
6000,740.4,0.8886011035,2
6000,740.45,0.8885445401,2
6000,740.5,0.8884879867,2
6000,740.55,0.8884314434,2
6000,740.6,0.88837491,2
6000,740.65,0.8883183866,2
6000,740.7,0.8882618733,2
6000,740.75,0.88820537,2
6000,740.8,0.8881488767,2
6000,740.85,0.8880923934,2
6000,740.9,0.8880359202,2
6000,740.95,0.8879794571,2
6000,741,0.887923004,2
6000,741.05,0.8878665609,2
6000,741.1,0.8878101279,2
6000,741.15,0.887753705,2
6000,741.2,0.8876972921,2
6000,741.25,0.8876408893,2
6000,741.3,0.8875844966,2
6000,741.35,0.887528114,2
6000,741.4,0.8874717415,2
6000,741.45,0.887415379,2
6000,741.5,0.8873590267,2
6000,741.55,0.8873026845,2
6000,741.6,0.8872463524,2
6000,741.65,0.8871900304,2
6000,741.7,0.8871337185,2
6000,741.75,0.8870774167,2
6000,741.8,0.8870211251,2
6000,741.85,0.8869648436,2
6000,741.9,0.8869085723,2
6000,741.95,0.8868523111,2
6000,742,0.8867960601,2
6000,742.05,0.8867398192,2
6000,742.1,0.8866835885,2
6000,742.15,0.8866273679,2
6000,742.2,0.8865711576,2
6000,742.25,0.8865149574,2
6000,742.3,0.8864587673,2
6000,742.35,0.8864025875,2
6000,742.4,0.8863464179,2
6000,742.45,0.8862902584,2
6000,742.5,0.8862341092,2
6000,742.55,0.8861779702,2
6000,742.6,0.8861218414,2
6000,742.65,0.8860657228,2
6000,742.7,0.8860096144,2
6000,742.75,0.8859535162,2
6000,742.8,0.8858974283,2
6000,742.85,0.8858413506,2
6000,742.9,0.8857852832,2
6000,742.95,0.885729226,2
6000,743,0.8856731791,2
6000,743.05,0.8856171424,2
6000,743.1,0.885561116,2
6000,743.15,0.8855050999,2
6000,743.2,0.885449094,2
6000,743.25,0.8853930984,2
6000,743.3,0.8853371131,2
6000,743.35,0.8852811381,2
6000,743.4,0.8852251733,2
6000,743.45,0.8851692189,2
6000,743.5,0.8851132748,2
6000,743.55,0.8850573409,2
6000,743.6,0.8850014174,2
6000,743.65,0.8849455042,2
6000,743.7,0.8848896014,2
6000,743.75,0.8848337088,2
6000,743.8,0.8847778266,2
6000,743.85,0.8847219547,2
6000,743.9,0.8846660932,2
6000,743.95,0.884610242,2
6000,744,0.8845544012,2
6000,744.05,0.8844985707,2
6000,744.1,0.8844427506,2
6000,744.15,0.8843869408,2
6000,744.2,0.8843311414,2
6000,744.25,0.8842753524,2
6000,744.3,0.8842195738,2
6000,744.35,0.8841638056,2
6000,744.4,0.8841080477,2
6000,744.45,0.8840523003,2
6000,744.5,0.8839965632,2
6000,744.55,0.8839408366,2
6000,744.6,0.8838851204,2
6000,744.65,0.8838294145,2
6000,744.7,0.8837737191,2
6000,744.75,0.8837180342,2
6000,744.8,0.8836623596,2
6000,744.85,0.8836066955,2
6000,744.9,0.8835510418,2
6000,744.95,0.8834953986,2
6000,745,0.8834397658,2
6000,745.05,0.8833841435,2
6000,745.1,0.8833285316,2
6000,745.15,0.8832729302,2
6000,745.2,0.8832173393,2
6000,745.25,0.8831617588,2
6000,745.3,0.8831061888,2
6000,745.35,0.8830506293,2
6000,745.4,0.8829950803,2
6000,745.45,0.8829395417,2
6000,745.5,0.8828840137,2
6000,745.55,0.8828284962,2
6000,745.6,0.8827729892,2
6000,745.65,0.8827174926,2
6000,745.7,0.8826620066,2
6000,745.75,0.8826065312,2
6000,745.8,0.8825510662,2
6000,745.85,0.8824956118,2
6000,745.9,0.8824401679,2
6000,745.95,0.8823847346,2
6000,746,0.8823293117,2
6000,746.05,0.8822738995,2
6000,746.1,0.8822184978,2
6000,746.15,0.8821631066,2
6000,746.2,0.8821077261,2
6000,746.25,0.882052356,2
6000,746.3,0.8819969966,2
6000,746.35,0.8819416477,2
6000,746.4,0.8818863094,2
6000,746.45,0.8818309817,2
6000,746.5,0.8817756646,2
6000,746.55,0.8817203581,2
6000,746.6,0.8816650622,2
6000,746.65,0.8816097769,2
6000,746.7,0.8815545022,2
6000,746.75,0.8814992381,2
6000,746.8,0.8814439847,2
6000,746.85,0.8813887418,2
6000,746.9,0.8813335096,2
6000,746.95,0.881278288,2
6000,747,0.8812230771,2
6000,747.05,0.8811678768,2
6000,747.1,0.8811126871,2
6000,747.15,0.8810575081,2
6000,747.2,0.8810023398,2
6000,747.25,0.8809471821,2
6000,747.3,0.8808920351,2
6000,747.35,0.8808368987,2
6000,747.4,0.880781773,2
6000,747.45,0.880726658,2
6000,747.5,0.8806715537,2
6000,747.55,0.8806164601,2
6000,747.6,0.8805613772,2
6000,747.65,0.8805063049,2
6000,747.7,0.8804512434,2
6000,747.75,0.8803961926,2
6000,747.8,0.8803411524,2
6000,747.85,0.880286123,2
6000,747.9,0.8802311044,2
6000,747.95,0.8801760964,2
6000,748,0.8801210992,2
6000,748.05,0.8800661127,2
6000,748.1,0.8800111369,2
6000,748.15,0.8799561719,2
6000,748.2,0.8799012176,2
6000,748.25,0.8798462741,2
6000,748.3,0.8797913414,2
6000,748.35,0.8797364194,2
6000,748.4,0.8796815081,2
6000,748.45,0.8796266077,2
6000,748.5,0.879571718,2
6000,748.55,0.8795168391,2
6000,748.6,0.8794619709,2
6000,748.65,0.8794071136,2
6000,748.7,0.8793522671,2
6000,748.75,0.8792974313,2
6000,748.8,0.8792426064,2
6000,748.85,0.8791877922,2
6000,748.9,0.8791329889,2
6000,748.95,0.8790781964,2
6000,749,0.8790234147,2
6000,749.05,0.8789686438,2
6000,749.1,0.8789138838,2
6000,749.15,0.8788591345,2
6000,749.2,0.8788043962,2
6000,749.25,0.8787496686,2
6000,749.3,0.8786949519,2
6000,749.35,0.8786402461,2
6000,749.4,0.8785855511,2
6000,749.45,0.878530867,2
6000,749.5,0.8784761937,2
6000,749.55,0.8784215313,2
6000,749.6,0.8783668798,2
6000,749.65,0.8783122392,2
6000,749.7,0.8782576094,2
6000,749.75,0.8782029905,2
6000,749.8,0.8781483825,2
6000,749.85,0.8780937854,2
6000,749.9,0.8780391992,2
6000,749.95,0.877984624,2
6000,750,0.8779300596,2
6000,750.05,0.8778755061,2
6000,750.1,0.8778209635,2
6000,750.15,0.8777664319,2
6000,750.2,0.8777119112,2
6000,750.25,0.8776574014,2
6000,750.3,0.8776029026,2
6000,750.35,0.8775484147,2
6000,750.4,0.8774939377,2
6000,750.45,0.8774394717,2
6000,750.5,0.8773850166,2
6000,750.55,0.8773305725,2
6000,750.6,0.8772761393,2
6000,750.65,0.8772217171,2
6000,750.7,0.8771673059,2
6000,750.75,0.8771129056,2
6000,750.8,0.8770585164,2
6000,750.85,0.8770041381,2
6000,750.9,0.8769497708,2
6000,750.95,0.8768954145,2
6000,751,0.8768410691,2
6000,751.05,0.8767867348,2
6000,751.1,0.8767324115,2
6000,751.15,0.8766780992,2
6000,751.2,0.8766237979,2
6000,751.25,0.8765695076,2
6000,751.3,0.8765152283,2
6000,751.35,0.87646096,2
6000,751.4,0.8764067028,2
6000,751.45,0.8763524566,2
6000,751.5,0.8762982215,2
6000,751.55,0.8762439974,2
6000,751.6,0.8761897843,2
6000,751.65,0.8761355823,2
6000,751.7,0.8760813913,2
6000,751.75,0.8760272114,2
6000,751.8,0.8759730426,2
6000,751.85,0.8759188848,2
6000,751.9,0.8758647381,2
6000,751.95,0.8758106025,2
6000,752,0.8757564779,2
6000,752.05,0.8757023644,2
6000,752.1,0.8756482621,2
6000,752.15,0.8755941708,2
6000,752.2,0.8755400906,2
6000,752.25,0.8754860215,2
6000,752.3,0.8754319635,2
6000,752.35,0.8753779166,2
6000,752.4,0.8753238808,2
6000,752.45,0.8752698562,2
6000,752.5,0.8752158426,2
6000,752.55,0.8751618402,2
6000,752.6,0.8751078489,2
6000,752.65,0.8750538688,2
6000,752.7,0.8749998998,2
6000,752.75,0.8749459419,2
6000,752.8,0.8748919952,2
6000,752.85,0.8748380596,2
6000,752.9,0.8747841352,2
6000,752.95,0.8747302219,2
6000,753,0.8746763198,2
6000,753.05,0.8746224288,2
6000,753.1,0.8745685491,2
6000,753.15,0.8745146805,2
6000,753.2,0.8744608231,2
6000,753.25,0.8744069768,2
6000,753.3,0.8743531418,2
6000,753.35,0.8742993179,2
6000,753.4,0.8742455053,2
6000,753.45,0.8741917038,2
6000,753.5,0.8741379135,2
6000,753.55,0.8740841345,2
6000,753.6,0.8740303666,2
6000,753.65,0.87397661,2
6000,753.7,0.8739228646,2
6000,753.75,0.8738691304,2
6000,753.8,0.8738154074,2
6000,753.85,0.8737616957,2
6000,753.9,0.8737079952,2
6000,753.95,0.8736543059,2
6000,754,0.8736006279,2
6000,754.05,0.8735469612,2
6000,754.1,0.8734933056,2
6000,754.15,0.8734396614,2
6000,754.2,0.8733860284,2
6000,754.25,0.8733324066,2
6000,754.3,0.8732787962,2
6000,754.35,0.873225197,2
6000,754.4,0.873171609,2
6000,754.45,0.8731180324,2
6000,754.5,0.873064467,2
6000,754.55,0.873010913,2
6000,754.6,0.8729573702,2
6000,754.65,0.8729038387,2
6000,754.7,0.8728503185,2
6000,754.75,0.8727968096,2
6000,754.8,0.872743312,2
6000,754.85,0.8726898257,2
6000,754.9,0.8726363508,2
6000,754.95,0.8725828871,2
6000,755,0.8725294348,2
6000,755.05,0.8724759938,2
6000,755.1,0.8724225642,2
6000,755.15,0.8723691459,2
6000,755.2,0.8723157389,2
6000,755.25,0.8722623432,2
6000,755.3,0.8722089589,2
6000,755.35,0.872155586,2
6000,755.4,0.8721022244,2
6000,755.45,0.8720488742,2
6000,755.5,0.8719955353,2
6000,755.55,0.8719422078,2
6000,755.6,0.8718888916,2
6000,755.65,0.8718355869,2
6000,755.7,0.8717822935,2
6000,755.75,0.8717290115,2
6000,755.8,0.8716757408,2
6000,755.85,0.8716224816,2
6000,755.9,0.8715692338,2
6000,755.95,0.8715159973,2
6000,756,0.8714627723,2
6000,756.05,0.8714095586,2
6000,756.1,0.8713563564,2
6000,756.15,0.8713031656,2
6000,756.2,0.8712499862,2
6000,756.25,0.8711968182,2
6000,756.3,0.8711436616,2
6000,756.35,0.8710905165,2
6000,756.4,0.8710373828,2
6000,756.45,0.8709842605,2
6000,756.5,0.8709311497,2
6000,756.55,0.8708780503,2
6000,756.6,0.8708249624,2
6000,756.65,0.8707718859,2
6000,756.7,0.8707188208,2
6000,756.75,0.8706657673,2
6000,756.8,0.8706127251,2
6000,756.85,0.8705596945,2
6000,756.9,0.8705066753,2
6000,756.95,0.8704536676,2
6000,757,0.8704006714,2
6000,757.05,0.8703476866,2
6000,757.1,0.8702947133,2
6000,757.15,0.8702417516,2
6000,757.2,0.8701888013,2
6000,757.25,0.8701358625,2
6000,757.3,0.8700829352,2
6000,757.35,0.8700300194,2
6000,757.4,0.8699771151,2
6000,757.45,0.8699242223,2
6000,757.5,0.869871341,2
6000,757.55,0.8698184713,2
6000,757.6,0.8697656131,2
6000,757.65,0.8697127664,2
6000,757.7,0.8696599312,2
6000,757.75,0.8696071076,2
6000,757.8,0.8695542955,2
6000,757.85,0.8695014949,2
6000,757.9,0.8694487059,2
6000,757.95,0.8693959284,2
6000,758,0.8693431625,2
6000,758.05,0.8692904081,2
6000,758.1,0.8692376653,2
6000,758.15,0.8691849341,2
6000,758.2,0.8691322144,2
6000,758.25,0.8690795063,2
6000,758.3,0.8690268097,2
6000,758.35,0.8689741248,2
6000,758.4,0.8689214514,2
6000,758.45,0.8688687896,2
6000,758.5,0.8688161394,2
6000,758.55,0.8687635008,2
6000,758.6,0.8687108737,2
6000,758.65,0.8686582583,2
6000,758.7,0.8686056545,2
6000,758.75,0.8685530623,2
6000,758.8,0.8685004817,2
6000,758.85,0.8684479127,2
6000,758.9,0.8683953553,2
6000,758.95,0.8683428095,2
6000,759,0.8682902754,2
6000,759.05,0.8682377529,2
6000,759.1,0.868185242,2
6000,759.15,0.8681327427,2
6000,759.2,0.8680802551,2
6000,759.25,0.8680277792,2
6000,759.3,0.8679753149,2
6000,759.35,0.8679228622,2
6000,759.4,0.8678704212,2
6000,759.45,0.8678179918,2
6000,759.5,0.8677655741,2
6000,759.55,0.867713168,2
6000,759.6,0.8676607737,2
6000,759.65,0.867608391,2
6000,759.7,0.8675560199,2
6000,759.75,0.8675036606,2
6000,759.8,0.8674513129,2
6000,759.85,0.8673989769,2
6000,759.9,0.8673466526,2
6000,759.95,0.86729434,2
6000,760,0.8672420391,2
6000,760.05,0.8671897498,2
6000,760.1,0.8671374723,2
6000,760.15,0.8670852065,2
6000,760.2,0.8670329524,2
6000,760.25,0.86698071,2
6000,760.3,0.8669284793,2
6000,760.35,0.8668762604,2
6000,760.4,0.8668240531,2
6000,760.45,0.8667718576,2
6000,760.5,0.8667196738,2
6000,760.55,0.8666675018,2
6000,760.6,0.8666153415,2
6000,760.65,0.8665631929,2
6000,760.7,0.8665110561,2
6000,760.75,0.866458931,2
6000,760.8,0.8664068177,2
6000,760.85,0.8663547161,2
6000,760.9,0.8663026263,2
6000,760.95,0.8662505482,2
6000,761,0.8661984819,2
6000,761.05,0.8661464274,2
6000,761.1,0.8660943846,2
6000,761.15,0.8660423536,2
6000,761.2,0.8659903344,2
6000,761.25,0.865938327,2
6000,761.3,0.8658863313,2
6000,761.35,0.8658343475,2
6000,761.4,0.8657823754,2
6000,761.45,0.8657304151,2
6000,761.5,0.8656784667,2
6000,761.55,0.86562653,2
6000,761.6,0.8655746051,2
6000,761.65,0.8655226921,2
6000,761.7,0.8654707908,2
6000,761.75,0.8654189014,2
6000,761.8,0.8653670238,2
6000,761.85,0.865315158,2
6000,761.9,0.865263304,2
6000,761.95,0.8652114619,2
6000,762,0.8651596315,2
6000,762.05,0.8651078131,2
6000,762.1,0.8650560064,2
6000,762.15,0.8650042116,2
6000,762.2,0.8649524287,2
6000,762.25,0.8649006576,2
6000,762.3,0.8648488983,2
6000,762.35,0.8647971509,2
6000,762.4,0.8647454154,2
6000,762.45,0.8646936917,2
6000,762.5,0.8646419799,2
6000,762.55,0.8645902799,2
6000,762.6,0.8645385919,2
6000,762.65,0.8644869157,2
6000,762.7,0.8644352513,2
6000,762.75,0.8643835989,2
6000,762.8,0.8643319583,2
6000,762.85,0.8642803297,2
6000,762.9,0.8642287129,2
6000,762.95,0.864177108,2
6000,763,0.864125515,2
6000,763.05,0.8640739339,2
6000,763.1,0.8640223647,2
6000,763.15,0.8639708074,2
6000,763.2,0.8639192621,2
6000,763.25,0.8638677286,2
6000,763.3,0.8638162071,2
6000,763.35,0.8637646974,2
6000,763.4,0.8637131997,2
6000,763.45,0.863661714,2
6000,763.5,0.8636102401,2
6000,763.55,0.8635587782,2
6000,763.6,0.8635073283,2
6000,763.65,0.8634558902,2
6000,763.7,0.8634044641,2
6000,763.75,0.86335305,2
6000,763.8,0.8633016478,2
6000,763.85,0.8632502575,2
6000,763.9,0.8631988792,2
6000,763.95,0.8631475129,2
6000,764,0.8630961585,2
6000,764.05,0.8630448161,2
6000,764.1,0.8629934857,2
6000,764.15,0.8629421672,2
6000,764.2,0.8628908607,2
6000,764.25,0.8628395662,2
6000,764.3,0.8627882837,2
6000,764.35,0.8627370131,2
6000,764.4,0.8626857546,2
6000,764.45,0.862634508,2
6000,764.5,0.8625832734,2
6000,764.55,0.8625320508,2
6000,764.6,0.8624808402,2
6000,764.65,0.8624296416,2
6000,764.7,0.862378455,2
6000,764.75,0.8623272805,2
6000,764.8,0.8622761179,2
6000,764.85,0.8622249674,2
6000,764.9,0.8621738288,2
6000,764.95,0.8621227023,2
6000,765,0.8620715878,2
6000,765.05,0.8620204854,2
6000,765.1,0.8619693949,2
6000,765.15,0.8619183165,2
6000,765.2,0.8618672502,2
6000,765.25,0.8618161959,2
6000,765.3,0.8617651536,2
6000,765.35,0.8617141233,2
6000,765.4,0.8616631052,2
6000,765.45,0.861612099,2
6000,765.5,0.8615611049,2
6000,765.55,0.8615101229,2
6000,765.6,0.861459153,2
6000,765.65,0.8614081951,2
6000,765.7,0.8613572492,2
6000,765.75,0.8613063155,2
6000,765.8,0.8612553938,2
6000,765.85,0.8612044842,2
6000,765.9,0.8611535866,2
6000,765.95,0.8611027012,2
6000,766,0.8610518278,2
6000,766.05,0.8610009665,2
6000,766.1,0.8609501173,2
6000,766.15,0.8608992802,2
6000,766.2,0.8608484552,2
6000,766.25,0.8607976423,2
6000,766.3,0.8607468415,2
6000,766.35,0.8606960528,2
6000,766.4,0.8606452763,2
6000,766.45,0.8605945118,2
6000,766.5,0.8605437594,2
6000,766.55,0.8604930192,2
6000,766.6,0.8604422911,2
6000,766.65,0.8603915751,2
6000,766.7,0.8603408712,2
6000,766.75,0.8602901795,2
6000,766.8,0.8602394998,2
6000,766.85,0.8601888324,2
6000,766.9,0.860138177,2
6000,766.95,0.8600875338,2
6000,767,0.8600369028,2
6000,767.05,0.8599862839,2
6000,767.1,0.8599356771,2
6000,767.15,0.8598850825,2
6000,767.2,0.8598345001,2
6000,767.25,0.8597839298,2
6000,767.3,0.8597333716,2
6000,767.35,0.8596828257,2
6000,767.4,0.8596322919,2
6000,767.45,0.8595817703,2
6000,767.5,0.8595312608,2
6000,767.55,0.8594807635,2
6000,767.6,0.8594302784,2
6000,767.65,0.8593798055,2
6000,767.7,0.8593293448,2
6000,767.75,0.8592788962,2
6000,767.8,0.8592284598,2
6000,767.85,0.8591780357,2
6000,767.9,0.8591276237,2
6000,767.95,0.8590772239,2
6000,768,0.8590268364,2
6000,768.05,0.858976461,2
6000,768.1,0.8589260978,2
6000,768.15,0.8588757469,2
6000,768.2,0.8588254081,2
6000,768.25,0.8587750816,2
6000,768.3,0.8587247673,2
6000,768.35,0.8586744652,2
6000,768.4,0.8586241754,2
6000,768.45,0.8585738977,2
6000,768.5,0.8585236323,2
6000,768.55,0.8584733792,2
6000,768.6,0.8584231382,2
6000,768.65,0.8583729095,2
6000,768.7,0.8583226931,2
6000,768.75,0.8582724888,2
6000,768.8,0.8582222969,2
6000,768.85,0.8581721171,2
6000,768.9,0.8581219497,2
6000,768.95,0.8580717945,2
6000,769,0.8580216515,2
6000,769.05,0.8579715208,2
6000,769.1,0.8579214024,2
6000,769.15,0.8578712962,2
6000,769.2,0.8578212023,2
6000,769.25,0.8577711207,2
6000,769.3,0.8577210513,2
6000,769.35,0.8576709942,2
6000,769.4,0.8576209494,2
6000,769.45,0.8575709169,2
6000,769.5,0.8575208967,2
6000,769.55,0.8574708887,2
6000,769.6,0.857420893,2
6000,769.65,0.8573709097,2
6000,769.7,0.8573209386,2
6000,769.75,0.8572709798,2
6000,769.8,0.8572210333,2
6000,769.85,0.8571710992,2
6000,769.9,0.8571211773,2
6000,769.95,0.8570712677,2
6000,770,0.8570213705,2
6000,770.05,0.8569714856,2
6000,770.1,0.856921613,2
6000,770.15,0.8568717527,2
6000,770.2,0.8568219047,2
6000,770.25,0.856772069,2
6000,770.3,0.8567222457,2
6000,770.35,0.8566724347,2
6000,770.4,0.856622636,2
6000,770.45,0.8565728497,2
6000,770.5,0.8565230757,2
6000,770.55,0.8564733141,2
6000,770.6,0.8564235648,2
6000,770.65,0.8563738278,2
6000,770.7,0.8563241032,2
6000,770.75,0.8562743909,2
6000,770.8,0.856224691,2
6000,770.85,0.8561750035,2
6000,770.9,0.8561253283,2
6000,770.95,0.8560756655,2
6000,771,0.856026015,2
6000,771.05,0.8559763769,2
6000,771.1,0.8559267512,2
6000,771.15,0.8558771378,2
6000,771.2,0.8558275368,2
6000,771.25,0.8557779482,2
6000,771.3,0.855728372,2
6000,771.35,0.8556788081,2
6000,771.4,0.8556292566,2
6000,771.45,0.8555797176,2
6000,771.5,0.8555301909,2
6000,771.55,0.8554806766,2
6000,771.6,0.8554311747,2
6000,771.65,0.8553816852,2
6000,771.7,0.8553322081,2
6000,771.75,0.8552827434,2
6000,771.8,0.8552332911,2
6000,771.85,0.8551838512,2
6000,771.9,0.8551344237,2
6000,771.95,0.8550850086,2
6000,772,0.8550356059,2
6000,772.05,0.8549862157,2
6000,772.1,0.8549368379,2
6000,772.15,0.8548874725,2
6000,772.2,0.8548381195,2
6000,772.25,0.854788779,2
6000,772.3,0.8547394508,2
6000,772.35,0.8546901352,2
6000,772.4,0.8546408319,2
6000,772.45,0.8545915411,2
6000,772.5,0.8545422627,2
6000,772.55,0.8544929968,2
6000,772.6,0.8544437433,2
6000,772.65,0.8543945023,2
6000,772.7,0.8543452737,2
6000,772.75,0.8542960575,2
6000,772.8,0.8542468538,2
6000,772.85,0.8541976626,2
6000,772.9,0.8541484838,2
6000,772.95,0.8540993175,2
6000,773,0.8540501637,2
6000,773.05,0.8540010223,2
6000,773.1,0.8539518934,2
6000,773.15,0.853902777,2
6000,773.2,0.853853673,2
6000,773.25,0.8538045815,2
6000,773.3,0.8537555025,2
6000,773.35,0.853706436,2
6000,773.4,0.8536573819,2
6000,773.45,0.8536083403,2
6000,773.5,0.8535593113,2
6000,773.55,0.8535102947,2
6000,773.6,0.8534612906,2
6000,773.65,0.853412299,2
6000,773.7,0.8533633199,2
6000,773.75,0.8533143533,2
6000,773.8,0.8532653992,2
6000,773.85,0.8532164576,2
6000,773.9,0.8531675285,2
6000,773.95,0.853118612,2
6000,774,0.8530697079,2
6000,774.05,0.8530208163,2
6000,774.1,0.8529719373,2
6000,774.15,0.8529230708,2
6000,774.2,0.8528742168,2
6000,774.25,0.8528253753,2
6000,774.3,0.8527765464,2
6000,774.35,0.8527277299,2
6000,774.4,0.8526789261,2
6000,774.45,0.8526301347,2
6000,774.5,0.8525813559,2
6000,774.55,0.8525325896,2
6000,774.6,0.8524838358,2
6000,774.65,0.8524350946,2
6000,774.7,0.852386366,2
6000,774.75,0.8523376499,2
6000,774.8,0.8522889463,2
6000,774.85,0.8522402553,2
6000,774.9,0.8521915768,2
6000,774.95,0.8521429109,2
6000,775,0.8520942576,2
6000,775.05,0.8520456168,2
6000,775.1,0.8519969886,2
6000,775.15,0.8519483729,2
6000,775.2,0.8518997698,2
6000,775.25,0.8518511793,2
6000,775.3,0.8518026013,2
6000,775.35,0.8517540359,2
6000,775.4,0.8517054831,2
6000,775.45,0.8516569429,2
6000,775.5,0.8516084152,2
6000,775.55,0.8515599002,2
6000,775.6,0.8515113977,2
6000,775.65,0.8514629078,2
6000,775.7,0.8514144305,2
6000,775.75,0.8513659658,2
6000,775.8,0.8513175136,2
6000,775.85,0.8512690741,2
6000,775.9,0.8512206472,2
6000,775.95,0.8511722328,2
6000,776,0.8511238311,2
6000,776.05,0.851075442,2
6000,776.1,0.8510270655,2
6000,776.15,0.8509787016,2
6000,776.2,0.8509303503,2
6000,776.25,0.8508820116,2
6000,776.3,0.8508336855,2
6000,776.35,0.850785372,2
6000,776.4,0.8507370712,2
6000,776.45,0.850688783,2
6000,776.5,0.8506405074,2
6000,776.55,0.8505922444,2
6000,776.6,0.8505439941,2
6000,776.65,0.8504957564,2
6000,776.7,0.8504475313,2
6000,776.75,0.8503993189,2
6000,776.8,0.8503511191,2
6000,776.85,0.8503029319,2
6000,776.9,0.8502547574,2
6000,776.95,0.8502065955,2
6000,777,0.8501584463,2
6000,777.05,0.8501103097,2
6000,777.1,0.8500621857,2
6000,777.15,0.8500140744,2
6000,777.2,0.8499659758,2
6000,777.25,0.8499178898,2
6000,777.3,0.8498698165,2
6000,777.35,0.8498217558,2
6000,777.4,0.8497737078,2
6000,777.45,0.8497256725,2
6000,777.5,0.8496776498,2
6000,777.55,0.8496296398,2
6000,777.6,0.8495816425,2
6000,777.65,0.8495336578,2
6000,777.7,0.8494856858,2
6000,777.75,0.8494377265,2
6000,777.8,0.8493897798,2
6000,777.85,0.8493418459,2
6000,777.9,0.8492939246,2
6000,777.95,0.849246016,2
6000,778,0.8491981201,2
6000,778.05,0.8491502369,2
6000,778.1,0.8491023664,2
6000,778.15,0.8490545085,2
6000,778.2,0.8490066634,2
6000,778.25,0.8489588309,2
6000,778.3,0.8489110112,2
6000,778.35,0.8488632041,2
6000,778.4,0.8488154098,2
6000,778.45,0.8487676281,2
6000,778.5,0.8487198592,2
6000,778.55,0.848672103,2
6000,778.6,0.8486243595,2
6000,778.65,0.8485766287,2
6000,778.7,0.8485289106,2
6000,778.75,0.8484812052,2
6000,778.8,0.8484335125,2
6000,778.85,0.8483858326,2
6000,778.9,0.8483381654,2
6000,778.95,0.8482905109,2
6000,779,0.8482428691,2
6000,779.05,0.8481952401,2
6000,779.1,0.8481476238,2
6000,779.15,0.8481000202,2
6000,779.2,0.8480524293,2
6000,779.25,0.8480048512,2
6000,779.3,0.8479572859,2
6000,779.35,0.8479097332,2
6000,779.4,0.8478621933,2
6000,779.45,0.8478146662,2
6000,779.5,0.8477671518,2
6000,779.55,0.8477196501,2
6000,779.6,0.8476721612,2
6000,779.65,0.8476246851,2
6000,779.7,0.8475772217,2
6000,779.75,0.847529771,2
6000,779.8,0.8474823331,2
6000,779.85,0.847434908,2
6000,779.9,0.8473874956,2
6000,779.95,0.847340096,2
6000,780,0.8472927091,2
6000,780.05,0.847245335,2
6000,780.1,0.8471979737,2
6000,780.15,0.8471506252,2
6000,780.2,0.8471032894,2
6000,780.25,0.8470559664,2
6000,780.3,0.8470086562,2
6000,780.35,0.8469613587,2
6000,780.4,0.846914074,2
6000,780.45,0.8468668022,2
6000,780.5,0.846819543,2
6000,780.55,0.8467722967,2
6000,780.6,0.8467250632,2
6000,780.65,0.8466778424,2
6000,780.7,0.8466306345,2
6000,780.75,0.8465834393,2
6000,780.8,0.8465362569,2
6000,780.85,0.8464890873,2
6000,780.9,0.8464419305,2
6000,780.95,0.8463947865,2
6000,781,0.8463476554,2
6000,781.05,0.846300537,2
6000,781.1,0.8462534314,2
6000,781.15,0.8462063386,2
6000,781.2,0.8461592586,2
6000,781.25,0.8461121915,2
6000,781.3,0.8460651371,2
6000,781.35,0.8460180956,2
6000,781.4,0.8459710669,2
6000,781.45,0.845924051,2
6000,781.5,0.8458770479,2
6000,781.55,0.8458300576,2
6000,781.6,0.8457830802,2
6000,781.65,0.8457361155,2
6000,781.7,0.8456891637,2
6000,781.75,0.8456422248,2
6000,781.8,0.8455952986,2
6000,781.85,0.8455483853,2
6000,781.9,0.8455014848,2
6000,781.95,0.8454545972,2
6000,782,0.8454077224,2
6000,782.05,0.8453608604,2
6000,782.1,0.8453140113,2
6000,782.15,0.845267175,2
6000,782.2,0.8452203515,2
6000,782.25,0.8451735409,2
6000,782.3,0.8451267431,2
6000,782.35,0.8450799582,2
6000,782.4,0.8450331861,2
6000,782.45,0.8449864269,2
6000,782.5,0.8449396806,2
6000,782.55,0.8448929471,2
6000,782.6,0.8448462264,2
6000,782.65,0.8447995186,2
6000,782.7,0.8447528237,2
6000,782.75,0.8447061416,2
6000,782.8,0.8446594724,2
6000,782.85,0.844612816,2
6000,782.9,0.8445661725,2
6000,782.95,0.8445195419,2
6000,783,0.8444729241,2
6000,783.05,0.8444263193,2
6000,783.1,0.8443797273,2
6000,783.15,0.8443331481,2
6000,783.2,0.8442865819,2
6000,783.25,0.8442400285,2
6000,783.3,0.844193488,2
6000,783.35,0.8441469603,2
6000,783.4,0.8441004456,2
6000,783.45,0.8440539437,2
6000,783.5,0.8440074548,2
6000,783.55,0.8439609787,2
6000,783.6,0.8439145155,2
6000,783.65,0.8438680652,2
6000,783.7,0.8438216277,2
6000,783.75,0.8437752032,2
6000,783.8,0.8437287916,2
6000,783.85,0.8436823928,2
6000,783.9,0.843636007,2
6000,783.95,0.8435896341,2
6000,784,0.843543274,2
6000,784.05,0.8434969269,2
6000,784.1,0.8434505926,2
6000,784.15,0.8434042713,2
6000,784.2,0.8433579629,2
6000,784.25,0.8433116674,2
6000,784.3,0.8432653848,2
6000,784.35,0.8432191151,2
6000,784.4,0.8431728583,2
6000,784.45,0.8431266144,2
6000,784.5,0.8430803835,2
6000,784.55,0.8430341655,2
6000,784.6,0.8429879604,2
6000,784.65,0.8429417682,2
6000,784.7,0.8428955889,2
6000,784.75,0.8428494226,2
6000,784.8,0.8428032691,2
6000,784.85,0.8427571286,2
6000,784.9,0.8427110011,2
6000,784.95,0.8426648864,2
6000,785,0.8426187847,2
6000,785.05,0.842572696,2
6000,785.1,0.8425266201,2
6000,785.15,0.8424805572,2
6000,785.2,0.8424345073,2
6000,785.25,0.8423884702,2
6000,785.3,0.8423424461,2
6000,785.35,0.842296435,2
6000,785.4,0.8422504368,2
6000,785.45,0.8422044515,2
6000,785.5,0.8421584792,2
6000,785.55,0.8421125199,2
6000,785.6,0.8420665734,2
6000,785.65,0.84202064,2
6000,785.7,0.8419747195,2
6000,785.75,0.8419288119,2
6000,785.8,0.8418829173,2
6000,785.85,0.8418370356,2
6000,785.9,0.8417911669,2
6000,785.95,0.8417453112,2
6000,786,0.8416994684,2
6000,786.05,0.8416536386,2
6000,786.1,0.8416078218,2
6000,786.15,0.8415620179,2
6000,786.2,0.8415162269,2
6000,786.25,0.841470449,2
6000,786.3,0.841424684,2
6000,786.35,0.841378932,2
6000,786.4,0.8413331929,2
6000,786.45,0.8412874669,2
6000,786.5,0.8412417538,2
6000,786.55,0.8411960536,2
6000,786.6,0.8411503665,2
6000,786.65,0.8411046923,2
6000,786.7,0.8410590311,2
6000,786.75,0.8410133829,2
6000,786.8,0.8409677477,2
6000,786.85,0.8409221254,2
6000,786.9,0.8408765162,2
6000,786.95,0.8408309199,2
6000,787,0.8407853366,2
6000,787.05,0.8407397663,2
6000,787.1,0.840694209,2
6000,787.15,0.8406486647,2
6000,787.2,0.8406031333,2
6000,787.25,0.840557615,2
6000,787.3,0.8405121097,2
6000,787.35,0.8404666173,2
6000,787.4,0.840421138,2
6000,787.45,0.8403756716,2
6000,787.5,0.8403302183,2
6000,787.55,0.840284778,2
6000,787.6,0.8402393506,2
6000,787.65,0.8401939363,2
6000,787.7,0.840148535,2
6000,787.75,0.8401031466,2
6000,787.8,0.8400577713,2
6000,787.85,0.840012409,2
6000,787.9,0.8399670597,2
6000,787.95,0.8399217235,2
6000,788,0.8398764002,2
6000,788.05,0.8398310899,2
6000,788.1,0.8397857927,2
6000,788.15,0.8397405085,2
6000,788.2,0.8396952373,2
6000,788.25,0.8396499791,2
6000,788.3,0.8396047339,2
6000,788.35,0.8395595018,2
6000,788.4,0.8395142827,2
6000,788.45,0.8394690766,2
6000,788.5,0.8394238835,2
6000,788.55,0.8393787035,2
6000,788.6,0.8393335365,2
6000,788.65,0.8392883825,2
6000,788.7,0.8392432415,2
6000,788.75,0.8391981136,2
6000,788.8,0.8391529987,2
6000,788.85,0.8391078969,2
6000,788.9,0.839062808,2
6000,788.95,0.8390177323,2
6000,789,0.8389726695,2
6000,789.05,0.8389276198,2
6000,789.1,0.8388825831,2
6000,789.15,0.8388375595,2
6000,789.2,0.8387925489,2
6000,789.25,0.8387475514,2
6000,789.3,0.8387025669,2
6000,789.35,0.8386575955,2
6000,789.4,0.838612637,2
6000,789.45,0.8385676917,2
6000,789.5,0.8385227594,2
6000,789.55,0.8384778401,2
6000,789.6,0.8384329339,2
6000,789.65,0.8383880408,2
6000,789.7,0.8383431607,2
6000,789.75,0.8382982936,2
6000,789.8,0.8382534397,2
6000,789.85,0.8382085987,2
6000,789.9,0.8381637709,2
6000,789.95,0.8381189561,2
6000,790,0.8380741543,2
6000,790.05,0.8380293656,2
6000,790.1,0.83798459,2
6000,790.15,0.8379398274,2
6000,790.2,0.8378950779,2
6000,790.25,0.8378503415,2
6000,790.3,0.8378056181,2
6000,790.35,0.8377609079,2
6000,790.4,0.8377162106,2
6000,790.45,0.8376715265,2
6000,790.5,0.8376268554,2
6000,790.55,0.8375821974,2
6000,790.6,0.8375375524,2
6000,790.65,0.8374929206,2
6000,790.7,0.8374483018,2
6000,790.75,0.8374036961,2
6000,790.8,0.8373591035,2
6000,790.85,0.8373145239,2
6000,790.9,0.8372699574,2
6000,790.95,0.837225404,2
6000,791,0.8371808637,2
6000,791.05,0.8371363365,2
6000,791.1,0.8370918224,2
6000,791.15,0.8370473213,2
6000,791.2,0.8370028333,2
6000,791.25,0.8369583584,2
6000,791.3,0.8369138966,2
6000,791.35,0.8368694479,2
6000,791.4,0.8368250123,2
6000,791.45,0.8367805898,2
6000,791.5,0.8367361804,2
6000,791.55,0.836691784,2
6000,791.6,0.8366474008,2
6000,791.65,0.8366030306,2
6000,791.7,0.8365586736,2
6000,791.75,0.8365143296,2
6000,791.8,0.8364699988,2
6000,791.85,0.836425681,2
6000,791.9,0.8363813763,2
6000,791.95,0.8363370848,2
6000,792,0.8362928063,2
6000,792.05,0.836248541,2
6000,792.1,0.8362042887,2
6000,792.15,0.8361600496,2
6000,792.2,0.8361158235,2
6000,792.25,0.8360716106,2
6000,792.3,0.8360274108,2
6000,792.35,0.8359832241,2
6000,792.4,0.8359390505,2
6000,792.45,0.83589489,2
6000,792.5,0.8358507426,2
6000,792.55,0.8358066083,2
6000,792.6,0.8357624872,2
6000,792.65,0.8357183791,2
6000,792.7,0.8356742842,2
6000,792.75,0.8356302024,2
6000,792.8,0.8355861337,2
6000,792.85,0.8355420781,2
6000,792.9,0.8354980356,2
6000,792.95,0.8354540063,2
6000,793,0.8354099901,2
6000,793.05,0.835365987,2
6000,793.1,0.835321997,2
6000,793.15,0.8352780202,2
6000,793.2,0.8352340564,2
6000,793.25,0.8351901058,2
6000,793.3,0.8351461684,2
6000,793.35,0.835102244,2
6000,793.4,0.8350583328,2
6000,793.45,0.8350144347,2
6000,793.5,0.8349705497,2
6000,793.55,0.8349266779,2
6000,793.6,0.8348828192,2
6000,793.65,0.8348389736,2
6000,793.7,0.8347951412,2
6000,793.75,0.8347513219,2
6000,793.8,0.8347075157,2
6000,793.85,0.8346637227,2
6000,793.9,0.8346199428,2
6000,793.95,0.834576176,2
6000,794,0.8345324224,2
6000,794.05,0.8344886819,2
6000,794.1,0.8344449546,2
6000,794.15,0.8344012404,2
6000,794.2,0.8343575393,2
6000,794.25,0.8343138514,2
6000,794.3,0.8342701766,2
6000,794.35,0.834226515,2
6000,794.4,0.8341828665,2
6000,794.45,0.8341392312,2
6000,794.5,0.834095609,2
6000,794.55,0.8340519999,2
6000,794.6,0.834008404,2
6000,794.65,0.8339648212,2
6000,794.7,0.8339212516,2
6000,794.75,0.8338776952,2
6000,794.8,0.8338341519,2
6000,794.85,0.8337906217,2
6000,794.9,0.8337471047,2
6000,794.95,0.8337036009,2
6000,795,0.8336601102,2
6000,795.05,0.8336166326,2
6000,795.1,0.8335731682,2
6000,795.15,0.833529717,2
6000,795.2,0.8334862789,2
6000,795.25,0.833442854,2
6000,795.3,0.8333994422,2
6000,795.35,0.8333560436,2
6000,795.4,0.8333126582,2
6000,795.45,0.8332692859,2
6000,795.5,0.8332259268,2
6000,795.55,0.8331825808,2
6000,795.6,0.833139248,2
6000,795.65,0.8330959284,2
6000,795.7,0.8330526219,2
6000,795.75,0.8330093286,2
6000,795.8,0.8329660485,2
6000,795.85,0.8329227815,2
6000,795.9,0.8328795277,2
6000,795.95,0.8328362871,2
6000,796,0.8327930596,2
6000,796.05,0.8327498453,2
6000,796.1,0.8327066441,2
6000,796.15,0.8326634562,2
6000,796.2,0.8326202814,2
6000,796.25,0.8325771198,2
6000,796.3,0.8325339713,2
6000,796.35,0.832490836,2
6000,796.4,0.8324477139,2
6000,796.45,0.832404605,2
6000,796.5,0.8323615092,2
6000,796.55,0.8323184266,2
6000,796.6,0.8322753572,2
6000,796.65,0.832232301,2
6000,796.7,0.832189258,2
6000,796.75,0.8321462281,2
6000,796.8,0.8321032114,2
6000,796.85,0.8320602079,2
6000,796.9,0.8320172175,2
6000,796.95,0.8319742404,2
6000,797,0.8319312764,2
6000,797.05,0.8318883256,2
6000,797.1,0.831845388,2
6000,797.15,0.8318024635,2
6000,797.2,0.8317595523,2
6000,797.25,0.8317166542,2
6000,797.3,0.8316737694,2
6000,797.35,0.8316308977,2
6000,797.4,0.8315880392,2
6000,797.45,0.8315451938,2
6000,797.5,0.8315023617,2
6000,797.55,0.8314595427,2
6000,797.6,0.831416737,2
6000,797.65,0.8313739444,2
6000,797.7,0.831331165,2
6000,797.75,0.8312883988,2
6000,797.8,0.8312456458,2
6000,797.85,0.831202906,2
6000,797.9,0.8311601794,2
6000,797.95,0.831117466,2
6000,798,0.8310747657,2
6000,798.05,0.8310320787,2
6000,798.1,0.8309894048,2
6000,798.15,0.8309467442,2
6000,798.2,0.8309040967,2
6000,798.25,0.8308614625,2
6000,798.3,0.8308188414,2
6000,798.35,0.8307762335,2
6000,798.4,0.8307336388,2
6000,798.45,0.8306910574,2
6000,798.5,0.8306484891,2
6000,798.55,0.830605934,2
6000,798.6,0.8305633921,2
6000,798.65,0.8305208634,2
6000,798.7,0.8304783479,2
6000,798.75,0.8304358456,2
6000,798.8,0.8303933566,2
6000,798.85,0.8303508807,2
6000,798.9,0.830308418,2
6000,798.95,0.8302659685,2
6000,799,0.8302235322,2
6000,799.05,0.8301811092,2
6000,799.1,0.8301386993,2
6000,799.15,0.8300963026,2
6000,799.2,0.8300539191,2
6000,799.25,0.8300115489,2
6000,799.3,0.8299691918,2
6000,799.35,0.829926848,2
6000,799.4,0.8298845174,2
6000,799.45,0.8298421999,2
6000,799.5,0.8297998957,2
6000,799.55,0.8297576047,2
6000,799.6,0.8297153269,2
6000,799.65,0.8296730623,2
6000,799.7,0.8296308109,2
6000,799.75,0.8295885727,2
6000,799.8,0.8295463477,2
6000,799.85,0.8295041359,2
6000,799.9,0.8294619374,2
6000,799.95,0.829419752,2
6000,800,0.8293775799,2
6000,800.05,0.829335421,2
6000,800.1,0.8292932753,2
6000,800.15,0.8292511428,2
6000,800.2,0.8292090235,2
6000,800.25,0.8291669174,2
6000,800.3,0.8291248246,2
6000,800.35,0.8290827449,2
6000,800.4,0.8290406785,2
6000,800.45,0.8289986253,2
6000,800.5,0.8289565853,2
6000,800.55,0.8289145585,2
6000,800.6,0.828872545,2
6000,800.65,0.8288305446,2
6000,800.7,0.8287885575,2
6000,800.75,0.8287465836,2
6000,800.8,0.8287046229,2
6000,800.85,0.8286626754,2
6000,800.9,0.8286207412,2
6000,800.95,0.8285788201,2
6000,801,0.8285369123,2
6000,801.05,0.8284950177,2
6000,801.1,0.8284531363,2
6000,801.15,0.8284112681,2
6000,801.2,0.8283694132,2
6000,801.25,0.8283275715,2
6000,801.3,0.828285743,2
6000,801.35,0.8282439277,2
6000,801.4,0.8282021256,2
6000,801.45,0.8281603368,2
6000,801.5,0.8281185612,2
6000,801.55,0.8280767988,2
6000,801.6,0.8280350496,2
6000,801.65,0.8279933137,2
6000,801.7,0.827951591,2
6000,801.75,0.8279098815,2
6000,801.8,0.8278681852,2
6000,801.85,0.8278265021,2
6000,801.9,0.8277848323,2
6000,801.95,0.8277431757,2
6000,802,0.8277015323,2
6000,802.05,0.8276599022,2
6000,802.1,0.8276182853,2
6000,802.15,0.8275766816,2
6000,802.2,0.8275350911,2
6000,802.25,0.8274935139,2
6000,802.3,0.8274519498,2
6000,802.35,0.827410399,2
6000,802.4,0.8273688615,2
6000,802.45,0.8273273371,2
6000,802.5,0.827285826,2
6000,802.55,0.8272443282,2
6000,802.6,0.8272028435,2
6000,802.65,0.8271613721,2
6000,802.7,0.8271199139,2
6000,802.75,0.8270784689,2
6000,802.8,0.8270370372,2
6000,802.85,0.8269956187,2
6000,802.9,0.8269542134,2
6000,802.95,0.8269128213,2
6000,803,0.8268714425,2
6000,803.05,0.8268300769,2
6000,803.1,0.8267887246,2
6000,803.15,0.8267473854,2
6000,803.2,0.8267060595,2
6000,803.25,0.8266647469,2
6000,803.3,0.8266234474,2
6000,803.35,0.8265821612,2
6000,803.4,0.8265408883,2
6000,803.45,0.8264996285,2
6000,803.5,0.826458382,2
6000,803.55,0.8264171487,2
6000,803.6,0.8263759287,2
6000,803.65,0.8263347219,2
6000,803.7,0.8262935283,2
6000,803.75,0.8262523479,2
6000,803.8,0.8262111808,2
6000,803.85,0.8261700269,2
6000,803.9,0.8261288863,2
6000,803.95,0.8260877589,2
6000,804,0.8260466447,2
6000,804.05,0.8260055437,2
6000,804.1,0.825964456,2
6000,804.15,0.8259233815,2
6000,804.2,0.8258823203,2
6000,804.25,0.8258412723,2
6000,804.3,0.8258002375,2
6000,804.35,0.825759216,2
6000,804.4,0.8257182077,2
6000,804.45,0.8256772126,2
6000,804.5,0.8256362307,2
6000,804.55,0.8255952621,2
6000,804.6,0.8255543068,2
6000,804.65,0.8255133646,2
6000,804.7,0.8254724357,2
6000,804.75,0.8254315201,2
6000,804.8,0.8253906176,2
6000,804.85,0.8253497284,2
6000,804.9,0.8253088525,2
6000,804.95,0.8252679898,2
6000,805,0.8252271403,2
6000,805.05,0.825186304,2
6000,805.1,0.825145481,2
6000,805.15,0.8251046712,2
6000,805.2,0.8250638747,2
6000,805.25,0.8250230914,2
6000,805.3,0.8249823213,2
6000,805.35,0.8249415645,2
6000,805.4,0.8249008209,2
6000,805.45,0.8248600905,2
6000,805.5,0.8248193734,2
6000,805.55,0.8247786695,2
6000,805.6,0.8247379788,2
6000,805.65,0.8246973014,2
6000,805.7,0.8246566372,2
6000,805.75,0.8246159863,2
6000,805.8,0.8245753486,2
6000,805.85,0.8245347241,2
6000,805.9,0.8244941129,2
6000,805.95,0.8244535149,2
6000,806,0.8244129301,2
6000,806.05,0.8243723586,2
6000,806.1,0.8243318003,2
6000,806.15,0.8242912552,2
6000,806.2,0.8242507234,2
6000,806.25,0.8242102048,2
6000,806.3,0.8241696995,2
6000,806.35,0.8241292074,2
6000,806.4,0.8240887285,2
6000,806.45,0.8240482629,2
6000,806.5,0.8240078105,2
6000,806.55,0.8239673713,2
6000,806.6,0.8239269454,2
6000,806.65,0.8238865327,2
6000,806.7,0.8238461333,2
6000,806.75,0.8238057471,2
6000,806.8,0.8237653741,2
6000,806.85,0.8237250144,2
6000,806.9,0.8236846679,2
6000,806.95,0.8236443346,2
6000,807,0.8236040146,2
6000,807.05,0.8235637078,2
6000,807.1,0.8235234142,2
6000,807.15,0.8234831339,2
6000,807.2,0.8234428668,2
6000,807.25,0.823402613,2
6000,807.3,0.8233623723,2
6000,807.35,0.823322145,2
6000,807.4,0.8232819308,2
6000,807.45,0.8232417299,2
6000,807.5,0.8232015422,2
6000,807.55,0.8231613678,2
6000,807.6,0.8231212066,2
6000,807.65,0.8230810586,2
6000,807.7,0.8230409239,2
6000,807.75,0.8230008024,2
6000,807.8,0.8229606942,2
6000,807.85,0.8229205991,2
6000,807.9,0.8228805174,2
6000,807.95,0.8228404488,2
6000,808,0.8228003935,2
6000,808.05,0.8227603514,2
6000,808.1,0.8227203225,2
6000,808.15,0.8226803069,2
6000,808.2,0.8226403045,2
6000,808.25,0.8226003154,2
6000,808.3,0.8225603395,2
6000,808.35,0.8225203768,2
6000,808.4,0.8224804274,2
6000,808.45,0.8224404911,2
6000,808.5,0.8224005682,2
6000,808.55,0.8223606584,2
6000,808.6,0.8223207619,2
6000,808.65,0.8222808786,2
6000,808.7,0.8222410086,2
6000,808.75,0.8222011518,2
6000,808.8,0.8221613082,2
6000,808.85,0.8221214778,2
6000,808.9,0.8220816607,2
6000,808.95,0.8220418568,2
6000,809,0.8220020662,2
6000,809.05,0.8219622888,2
6000,809.1,0.8219225246,2
6000,809.15,0.8218827736,2
6000,809.2,0.8218430359,2
6000,809.25,0.8218033114,2
6000,809.3,0.8217636001,2
6000,809.35,0.8217239021,2
6000,809.4,0.8216842173,2
6000,809.45,0.8216445457,2
6000,809.5,0.8216048874,2
6000,809.55,0.8215652423,2
6000,809.6,0.8215256104,2
6000,809.65,0.8214859917,2
6000,809.7,0.8214463863,2
6000,809.75,0.8214067941,2
6000,809.8,0.8213672151,2
6000,809.85,0.8213276494,2
6000,809.9,0.8212880969,2
6000,809.95,0.8212485576,2
6000,810,0.8212090315,2
6000,810.05,0.8211695187,2
6000,810.1,0.8211300191,2
6000,810.15,0.8210905327,2
6000,810.2,0.8210510596,2
6000,810.25,0.8210115996,2
6000,810.3,0.820972153,2
6000,810.35,0.8209327195,2
6000,810.4,0.8208932992,2
6000,810.45,0.8208538922,2
6000,810.5,0.8208144984,2
6000,810.55,0.8207751179,2
6000,810.6,0.8207357505,2
6000,810.65,0.8206963964,2
6000,810.7,0.8206570555,2
6000,810.75,0.8206177278,2
6000,810.8,0.8205784134,2
6000,810.85,0.8205391122,2
6000,810.9,0.8204998242,2
6000,810.95,0.8204605494,2
6000,811,0.8204212878,2
6000,811.05,0.8203820395,2
6000,811.1,0.8203428044,2
6000,811.15,0.8203035825,2
6000,811.2,0.8202643738,2
6000,811.25,0.8202251784,2
6000,811.3,0.8201859962,2
6000,811.35,0.8201468272,2
6000,811.4,0.8201076714,2
6000,811.45,0.8200685288,2
6000,811.5,0.8200293995,2
6000,811.55,0.8199902833,2
6000,811.6,0.8199511804,2
6000,811.65,0.8199120907,2
6000,811.7,0.8198730143,2
6000,811.75,0.819833951,2
6000,811.8,0.819794901,2
6000,811.85,0.8197558641,2
6000,811.9,0.8197168405,2
6000,811.95,0.8196778302,2
6000,812,0.819638833,2
6000,812.05,0.819599849,2
6000,812.1,0.8195608783,2
6000,812.15,0.8195219208,2
6000,812.2,0.8194829764,2
6000,812.25,0.8194440453,2
6000,812.3,0.8194051275,2
6000,812.35,0.8193662228,2
6000,812.4,0.8193273313,2
6000,812.45,0.8192884531,2
6000,812.5,0.8192495881,2
6000,812.55,0.8192107362,2
6000,812.6,0.8191718976,2
6000,812.65,0.8191330722,2
6000,812.7,0.81909426,2
6000,812.75,0.8190554611,2
6000,812.8,0.8190166753,2
6000,812.85,0.8189779027,2
6000,812.9,0.8189391434,2
6000,812.95,0.8189003973,2
6000,813,0.8188616643,2
6000,813.05,0.8188229446,2
6000,813.1,0.8187842381,2
6000,813.15,0.8187455448,2
6000,813.2,0.8187068647,2
6000,813.25,0.8186681978,2
6000,813.3,0.8186295441,2
6000,813.35,0.8185909036,2
6000,813.4,0.8185522763,2
6000,813.45,0.8185136622,2
6000,813.5,0.8184750614,2
6000,813.55,0.8184364737,2
6000,813.6,0.8183978992,2
6000,813.65,0.818359338,2
6000,813.7,0.8183207899,2
6000,813.75,0.818282255,2
6000,813.8,0.8182437334,2
6000,813.85,0.8182052249,2
6000,813.9,0.8181667297,2
6000,813.95,0.8181282476,2
6000,814,0.8180897788,2
6000,814.05,0.8180513231,2
6000,814.1,0.8180128806,2
6000,814.15,0.8179744514,2
6000,814.2,0.8179360353,2
6000,814.25,0.8178976324,2
6000,814.3,0.8178592428,2
6000,814.35,0.8178208663,2
6000,814.4,0.817782503,2
6000,814.45,0.8177441529,2
6000,814.5,0.817705816,2
6000,814.55,0.8176674923,2
6000,814.6,0.8176291818,2
6000,814.65,0.8175908845,2
6000,814.7,0.8175526004,2
6000,814.75,0.8175143295,2
6000,814.8,0.8174760717,2
6000,814.85,0.8174378272,2
6000,814.9,0.8173995958,2
6000,814.95,0.8173613777,2
6000,815,0.8173231727,2
6000,815.05,0.8172849809,2
6000,815.1,0.8172468023,2
6000,815.15,0.8172086369,2
6000,815.2,0.8171704847,2
6000,815.25,0.8171323457,2
6000,815.3,0.8170942198,2
6000,815.35,0.8170561071,2
6000,815.4,0.8170180077,2
6000,815.45,0.8169799214,2
6000,815.5,0.8169418483,2
6000,815.55,0.8169037883,2
6000,815.6,0.8168657416,2
6000,815.65,0.816827708,2
6000,815.7,0.8167896876,2
6000,815.75,0.8167516804,2
6000,815.8,0.8167136864,2
6000,815.85,0.8166757056,2
6000,815.9,0.8166377379,2
6000,815.95,0.8165997834,2
6000,816,0.8165618421,2
6000,816.05,0.816523914,2
6000,816.1,0.816485999,2
6000,816.15,0.8164480973,2
6000,816.2,0.8164102087,2
6000,816.25,0.8163723332,2
6000,816.3,0.816334471,2
6000,816.35,0.8162966219,2
6000,816.4,0.816258786,2
6000,816.45,0.8162209633,2
6000,816.5,0.8161831537,2
6000,816.55,0.8161453573,2
6000,816.6,0.8161075741,2
6000,816.65,0.8160698041,2
6000,816.7,0.8160320472,2
6000,816.75,0.8159943035,2
6000,816.8,0.815956573,2
6000,816.85,0.8159188556,2
6000,816.9,0.8158811514,2
6000,816.95,0.8158434603,2
6000,817,0.8158057825,2
6000,817.05,0.8157681178,2
6000,817.1,0.8157304662,2
6000,817.15,0.8156928278,2
6000,817.2,0.8156552026,2
6000,817.25,0.8156175906,2
6000,817.3,0.8155799917,2
6000,817.35,0.815542406,2
6000,817.4,0.8155048334,2
6000,817.45,0.815467274,2
6000,817.5,0.8154297277,2
6000,817.55,0.8153921946,2
6000,817.6,0.8153546747,2
6000,817.65,0.8153171679,2
6000,817.7,0.8152796743,2
6000,817.75,0.8152421938,2
6000,817.8,0.8152047265,2
6000,817.85,0.8151672724,2
6000,817.9,0.8151298314,2
6000,817.95,0.8150924035,2
6000,818,0.8150549888,2
6000,818.05,0.8150175873,2
6000,818.1,0.8149801989,2
6000,818.15,0.8149428236,2
6000,818.2,0.8149054615,2
6000,818.25,0.8148681126,2
6000,818.3,0.8148307768,2
6000,818.35,0.8147934541,2
6000,818.4,0.8147561446,2
6000,818.45,0.8147188483,2
6000,818.5,0.814681565,2
6000,818.55,0.814644295,2
6000,818.6,0.814607038,2
6000,818.65,0.8145697942,2
6000,818.7,0.8145325636,2
6000,818.75,0.8144953461,2
6000,818.8,0.8144581417,2
6000,818.85,0.8144209505,2
6000,818.9,0.8143837724,2
6000,818.95,0.8143466075,2
6000,819,0.8143094557,2
6000,819.05,0.814272317,2
6000,819.1,0.8142351915,2
6000,819.15,0.8141980791,2
6000,819.2,0.8141609798,2
6000,819.25,0.8141238937,2
6000,819.3,0.8140868207,2
6000,819.35,0.8140497608,2
6000,819.4,0.8140127141,2
6000,819.45,0.8139756805,2
6000,819.5,0.81393866,2
6000,819.55,0.8139016527,2
6000,819.6,0.8138646585,2
6000,819.65,0.8138276774,2
6000,819.7,0.8137907094,2
6000,819.75,0.8137537546,2
6000,819.8,0.8137168129,2
6000,819.85,0.8136798843,2
6000,819.9,0.8136429688,2
6000,819.95,0.8136060665,2
6000,820,0.8135691773,2
6000,820.05,0.8135323012,2
6000,820.1,0.8134954382,2
6000,820.15,0.8134585883,2
6000,820.2,0.8134217516,2
6000,820.25,0.813384928,2
6000,820.3,0.8133481175,2
6000,820.35,0.8133113201,2
6000,820.4,0.8132745358,2
6000,820.45,0.8132377646,2
6000,820.5,0.8132010066,2
6000,820.55,0.8131642617,2
6000,820.6,0.8131275298,2
6000,820.65,0.8130908111,2
6000,820.7,0.8130541055,2
6000,820.75,0.813017413,2
6000,820.8,0.8129807336,2
6000,820.85,0.8129440674,2
6000,820.9,0.8129074142,2
6000,820.95,0.8128707741,2
6000,821,0.8128341472,2
6000,821.05,0.8127975333,2
6000,821.1,0.8127609326,2
6000,821.15,0.8127243449,2
6000,821.2,0.8126877704,2
6000,821.25,0.8126512089,2
6000,821.3,0.8126146606,2
6000,821.35,0.8125781253,2
6000,821.4,0.8125416032,2
6000,821.45,0.8125050941,2
6000,821.5,0.8124685982,2
6000,821.55,0.8124321153,2
6000,821.6,0.8123956456,2
6000,821.65,0.8123591889,2
6000,821.7,0.8123227453,2
6000,821.75,0.8122863148,2
6000,821.8,0.8122498974,2
6000,821.85,0.8122134931,2
6000,821.9,0.8121771019,2
6000,821.95,0.8121407238,2
6000,822,0.8121043587,2
6000,822.05,0.8120680068,2
6000,822.1,0.8120316679,2
6000,822.15,0.8119953421,2
6000,822.2,0.8119590294,2
6000,822.25,0.8119227298,2
6000,822.3,0.8118864432,2
6000,822.35,0.8118501698,2
6000,822.4,0.8118139094,2
6000,822.45,0.8117776621,2
6000,822.5,0.8117414279,2
6000,822.55,0.8117052067,2
6000,822.6,0.8116689987,2
6000,822.65,0.8116328037,2
6000,822.7,0.8115966217,2
6000,822.75,0.8115604529,2
6000,822.8,0.8115242971,2
6000,822.85,0.8114881544,2
6000,822.9,0.8114520248,2
6000,822.95,0.8114159082,2
6000,823,0.8113798047,2
6000,823.05,0.8113437143,2
6000,823.1,0.8113076369,2
6000,823.15,0.8112715726,2
6000,823.2,0.8112355214,2
6000,823.25,0.8111994832,2
6000,823.3,0.8111634581,2
6000,823.35,0.811127446,2
6000,823.4,0.811091447,2
6000,823.45,0.8110554611,2
6000,823.5,0.8110194882,2
6000,823.55,0.8109835284,2
6000,823.6,0.8109475817,2
6000,823.65,0.810911648,2
6000,823.7,0.8108757273,2
6000,823.75,0.8108398197,2
6000,823.8,0.8108039252,2
6000,823.85,0.8107680437,2
6000,823.9,0.8107321752,2
6000,823.95,0.8106963198,2
6000,824,0.8106604775,2
6000,824.05,0.8106246482,2
6000,824.1,0.810588832,2
6000,824.15,0.8105530287,2
6000,824.2,0.8105172386,2
6000,824.25,0.8104814615,2
6000,824.3,0.8104456974,2
6000,824.35,0.8104099463,2
6000,824.4,0.8103742083,2
6000,824.45,0.8103384834,2
6000,824.5,0.8103027715,2
6000,824.55,0.8102670726,2
6000,824.6,0.8102313867,2
6000,824.65,0.8101957139,2
6000,824.7,0.8101600541,2
6000,824.75,0.8101244074,2
6000,824.8,0.8100887737,2
6000,824.85,0.810053153,2
6000,824.9,0.8100175453,2
6000,824.95,0.8099819507,2
6000,825,0.8099463691,2
6000,825.05,0.8099108005,2
6000,825.1,0.809875245,2
6000,825.15,0.8098397024,2
6000,825.2,0.8098041729,2
6000,825.25,0.8097686565,2
6000,825.3,0.809733153,2
6000,825.35,0.8096976625,2
6000,825.4,0.8096621851,2
6000,825.45,0.8096267207,2
6000,825.5,0.8095912693,2
6000,825.55,0.8095558309,2
6000,825.6,0.8095204056,2
6000,825.65,0.8094849932,2
6000,825.7,0.8094495939,2
6000,825.75,0.8094142076,2
6000,825.8,0.8093788342,2
6000,825.85,0.8093434739,2
6000,825.9,0.8093081266,2
6000,825.95,0.8092727923,2
6000,826,0.809237471,2
6000,826.05,0.8092021628,2
6000,826.1,0.8091668675,2
6000,826.15,0.8091315852,2
6000,826.2,0.8090963159,2
6000,826.25,0.8090610596,2
6000,826.3,0.8090258163,2
6000,826.35,0.808990586,2
6000,826.4,0.8089553687,2
6000,826.45,0.8089201644,2
6000,826.5,0.8088849731,2
6000,826.55,0.8088497948,2
6000,826.6,0.8088146295,2
6000,826.65,0.8087794772,2
6000,826.7,0.8087443378,2
6000,826.75,0.8087092115,2
6000,826.8,0.8086740981,2
6000,826.85,0.8086389977,2
6000,826.9,0.8086039103,2
6000,826.95,0.8085688359,2
6000,827,0.8085337745,2
6000,827.05,0.808498726,2
6000,827.1,0.8084636905,2
6000,827.15,0.8084286681,2
6000,827.2,0.8083936585,2
6000,827.25,0.808358662,2
6000,827.3,0.8083236784,2
6000,827.35,0.8082887078,2
6000,827.4,0.8082537502,2
6000,827.45,0.8082188056,2
6000,827.5,0.8081838739,2
6000,827.55,0.8081489552,2
6000,827.6,0.8081140494,2
6000,827.65,0.8080791566,2
6000,827.7,0.8080442768,2
6000,827.75,0.80800941,2
6000,827.8,0.8079745561,2
6000,827.85,0.8079397152,2
6000,827.9,0.8079048872,2
6000,827.95,0.8078700722,2
6000,828,0.8078352701,2
6000,828.05,0.807800481,2
6000,828.1,0.8077657049,2
6000,828.15,0.8077309417,2
6000,828.2,0.8076961915,2
6000,828.25,0.8076614542,2
6000,828.3,0.8076267299,2
6000,828.35,0.8075920185,2
6000,828.4,0.8075573201,2
6000,828.45,0.8075226346,2
6000,828.5,0.8074879621,2
6000,828.55,0.8074533025,2
6000,828.6,0.8074186558,2
6000,828.65,0.8073840221,2
6000,828.7,0.8073494013,2
6000,828.75,0.8073147935,2
6000,828.8,0.8072801986,2
6000,828.85,0.8072456166,2
6000,828.9,0.8072110476,2
6000,828.95,0.8071764915,2
6000,829,0.8071419484,2
6000,829.05,0.8071074182,2
6000,829.1,0.8070729009,2
6000,829.15,0.8070383965,2
6000,829.2,0.8070039051,2
6000,829.25,0.8069694265,2
6000,829.3,0.806934961,2
6000,829.35,0.8069005083,2
6000,829.4,0.8068660686,2
6000,829.45,0.8068316417,2
6000,829.5,0.8067972278,2
6000,829.55,0.8067628269,2
6000,829.6,0.8067284388,2
6000,829.65,0.8066940636,2
6000,829.7,0.8066597014,2
6000,829.75,0.8066253521,2
6000,829.8,0.8065910157,2
6000,829.85,0.8065566922,2
6000,829.9,0.8065223816,2
6000,829.95,0.8064880839,2
6000,830,0.8064537991,2
6000,830.05,0.8064195273,2
6000,830.1,0.8063852683,2
6000,830.15,0.8063510222,2
6000,830.2,0.8063167891,2
6000,830.25,0.8062825688,2
6000,830.3,0.8062483615,2
6000,830.35,0.806214167,2
6000,830.4,0.8061799854,2
6000,830.45,0.8061458167,2
6000,830.5,0.806111661,2
6000,830.55,0.8060775181,2
6000,830.6,0.8060433881,2
6000,830.65,0.806009271,2
6000,830.7,0.8059751667,2
6000,830.75,0.8059410754,2
6000,830.8,0.8059069969,2
6000,830.85,0.8058729314,2
6000,830.9,0.8058388787,2
6000,830.95,0.8058048389,2
6000,831,0.805770812,2
6000,831.05,0.8057367979,2
6000,831.1,0.8057027968,2
6000,831.15,0.8056688085,2
6000,831.2,0.805634833,2
6000,831.25,0.8056008705,2
6000,831.3,0.8055669208,2
6000,831.35,0.805532984,2
6000,831.4,0.8054990601,2
6000,831.45,0.805465149,2
6000,831.5,0.8054312508,2
6000,831.55,0.8053973655,2
6000,831.6,0.805363493,2
6000,831.65,0.8053296334,2
6000,831.7,0.8052957866,2
6000,831.75,0.8052619527,2
6000,831.8,0.8052281317,2
6000,831.85,0.8051943235,2
6000,831.9,0.8051605282,2
6000,831.95,0.8051267457,2
6000,832,0.805092976,2
6000,832.05,0.8050592193,2
6000,832.1,0.8050254753,2
6000,832.15,0.8049917443,2
6000,832.2,0.804958026,2
6000,832.25,0.8049243206,2
6000,832.3,0.8048906281,2
6000,832.35,0.8048569484,2
6000,832.4,0.8048232815,2
6000,832.45,0.8047896275,2
6000,832.5,0.8047559863,2
6000,832.55,0.804722358,2
6000,832.6,0.8046887425,2
6000,832.65,0.8046551398,2
6000,832.7,0.8046215499,2
6000,832.75,0.8045879729,2
6000,832.8,0.8045544087,2
6000,832.85,0.8045208573,2
6000,832.9,0.8044873188,2
6000,832.95,0.8044537931,2
6000,833,0.8044202802,2
6000,833.05,0.8043867801,2
6000,833.1,0.8043532929,2
6000,833.15,0.8043198184,2
6000,833.2,0.8042863568,2
6000,833.25,0.804252908,2
6000,833.3,0.804219472,2
6000,833.35,0.8041860488,2
6000,833.4,0.8041526385,2
6000,833.45,0.8041192409,2
6000,833.5,0.8040858562,2
6000,833.55,0.8040524842,2
6000,833.6,0.8040191251,2
6000,833.65,0.8039857787,2
6000,833.7,0.8039524452,2
6000,833.75,0.8039191245,2
6000,833.8,0.8038858165,2
6000,833.85,0.8038525214,2
6000,833.9,0.8038192391,2
6000,833.95,0.8037859695,2
6000,834,0.8037527128,2
6000,834.05,0.8037194688,2
6000,834.1,0.8036862376,2
6000,834.15,0.8036530193,2
6000,834.2,0.8036198137,2
6000,834.25,0.8035866209,2
6000,834.3,0.8035534408,2
6000,834.35,0.8035202736,2
6000,834.4,0.8034871191,2
6000,834.45,0.8034539774,2
6000,834.5,0.8034208485,2
6000,834.55,0.8033877324,2
6000,834.6,0.803354629,2
6000,834.65,0.8033215385,2
6000,834.7,0.8032884607,2
6000,834.75,0.8032553956,2
6000,834.8,0.8032223433,2
6000,834.85,0.8031893038,2
6000,834.9,0.8031562771,2
6000,834.95,0.8031232631,2
6000,835,0.8030902619,2
6000,835.05,0.8030572734,2
6000,835.1,0.8030242978,2
6000,835.15,0.8029913348,2
6000,835.2,0.8029583846,2
6000,835.25,0.8029254472,2
6000,835.3,0.8028925225,2
6000,835.35,0.8028596106,2
6000,835.4,0.8028267114,2
6000,835.45,0.802793825,2
6000,835.5,0.8027609513,2
6000,835.55,0.8027280904,2
6000,835.6,0.8026952422,2
6000,835.65,0.8026624068,2
6000,835.7,0.802629584,2
6000,835.75,0.8025967741,2
6000,835.8,0.8025639768,2
6000,835.85,0.8025311923,2
6000,835.9,0.8024984206,2
6000,835.95,0.8024656615,2
6000,836,0.8024329152,2
6000,836.05,0.8024001817,2
6000,836.1,0.8023674608,2
6000,836.15,0.8023347527,2
6000,836.2,0.8023020573,2
6000,836.25,0.8022693746,2
6000,836.3,0.8022367047,2
6000,836.35,0.8022040475,2
6000,836.4,0.8021714029,2
6000,836.45,0.8021387711,2
6000,836.5,0.8021061521,2
6000,836.55,0.8020735457,2
6000,836.6,0.802040952,2
6000,836.65,0.8020083711,2
6000,836.7,0.8019758028,2
6000,836.75,0.8019432473,2
6000,836.8,0.8019107045,2
6000,836.85,0.8018781743,2
6000,836.9,0.8018456569,2
6000,836.95,0.8018131522,2
6000,837,0.8017806602,2
6000,837.05,0.8017481808,2
6000,837.1,0.8017157142,2
6000,837.15,0.8016832602,2
6000,837.2,0.801650819,2
6000,837.25,0.8016183904,2
6000,837.3,0.8015859745,2
6000,837.35,0.8015535714,2
6000,837.4,0.8015211809,2
6000,837.45,0.801488803,2
6000,837.5,0.8014564379,2
6000,837.55,0.8014240854,2
6000,837.6,0.8013917456,2
6000,837.65,0.8013594185,2
6000,837.7,0.8013271041,2
6000,837.75,0.8012948024,2
6000,837.8,0.8012625133,2
6000,837.85,0.8012302369,2
6000,837.9,0.8011979731,2
6000,837.95,0.801165722,2
6000,838,0.8011334836,2
6000,838.05,0.8011012579,2
6000,838.1,0.8010690448,2
6000,838.15,0.8010368443,2
6000,838.2,0.8010046566,2
6000,838.25,0.8009724814,2
6000,838.3,0.800940319,2
6000,838.35,0.8009081692,2
6000,838.4,0.800876032,2
6000,838.45,0.8008439075,2
6000,838.5,0.8008117956,2
6000,838.55,0.8007796964,2
6000,838.6,0.8007476098,2
6000,838.65,0.8007155359,2
6000,838.7,0.8006834746,2
6000,838.75,0.800651426,2
6000,838.8,0.80061939,2
6000,838.85,0.8005873666,2
6000,838.9,0.8005553558,2
6000,838.95,0.8005233577,2
6000,839,0.8004913723,2
6000,839.05,0.8004593994,2
6000,839.1,0.8004274392,2
6000,839.15,0.8003954916,2
6000,839.2,0.8003635566,2
6000,839.25,0.8003316343,2
6000,839.3,0.8002997245,2
6000,839.35,0.8002678274,2
6000,839.4,0.8002359429,2
6000,839.45,0.800204071,2
6000,839.5,0.8001722118,2
6000,839.55,0.8001403651,2
6000,839.6,0.8001085311,2
6000,839.65,0.8000767096,2
6000,839.7,0.8000449008,2
6000,839.75,0.8000131046,2
6000,839.8,0.7999813209,2
6000,839.85,0.7999495499,2
6000,839.9,0.7999177915,2
6000,839.95,0.7998860456,2
6000,840,0.7998543124,2
6000,840.05,0.7998225918,2
6000,840.1,0.7997908837,2
6000,840.15,0.7997591883,2
6000,840.2,0.7997275054,2
6000,840.25,0.7996958351,2
6000,840.3,0.7996641774,2
6000,840.35,0.7996325323,2
6000,840.4,0.7996008997,2
6000,840.45,0.7995692798,2
6000,840.5,0.7995376724,2
6000,840.55,0.7995060776,2
6000,840.6,0.7994744954,2
6000,840.65,0.7994429257,2
6000,840.7,0.7994113686,2
6000,840.75,0.7993798241,2
6000,840.8,0.7993482922,2
6000,840.85,0.7993167728,2
6000,840.9,0.799285266,2
6000,840.95,0.7992537717,2
6000,841,0.79922229,2
6000,841.05,0.7991908209,2
6000,841.1,0.7991593643,2
6000,841.15,0.7991279203,2
6000,841.2,0.7990964888,2
6000,841.25,0.7990650698,2
6000,841.3,0.7990336635,2
6000,841.35,0.7990022696,2
6000,841.4,0.7989708883,2
6000,841.45,0.7989395196,2
6000,841.5,0.7989081634,2
6000,841.55,0.7988768197,2
6000,841.6,0.7988454886,2
6000,841.65,0.79881417,2
6000,841.7,0.798782864,2
6000,841.75,0.7987515704,2
6000,841.8,0.7987202894,2
6000,841.85,0.798689021,2
6000,841.9,0.798657765,2
6000,841.95,0.7986265216,2
6000,842,0.7985952907,2
6000,842.05,0.7985640724,2
6000,842.1,0.7985328665,2
6000,842.15,0.7985016732,2
6000,842.2,0.7984704924,2
6000,842.25,0.798439324,2
6000,842.3,0.7984081683,2
6000,842.35,0.798377025,2
6000,842.4,0.7983458942,2
6000,842.45,0.7983147759,2
6000,842.5,0.7982836702,2
6000,842.55,0.7982525769,2
6000,842.6,0.7982214961,2
6000,842.65,0.7981904279,2
6000,842.7,0.7981593721,2
6000,842.75,0.7981283288,2
6000,842.8,0.7980972981,2
6000,842.85,0.7980662798,2
6000,842.9,0.798035274,2
6000,842.95,0.7980042807,2
6000,843,0.7979732999,2
6000,843.05,0.7979423315,2
6000,843.1,0.7979113757,2
6000,843.15,0.7978804323,2
6000,843.2,0.7978495014,2
6000,843.25,0.7978185829,2
6000,843.3,0.797787677,2
6000,843.35,0.7977567835,2
6000,843.4,0.7977259025,2
6000,843.45,0.797695034,2
6000,843.5,0.7976641779,2
6000,843.55,0.7976333343,2
6000,843.6,0.7976025031,2
6000,843.65,0.7975716845,2
6000,843.7,0.7975408782,2
6000,843.75,0.7975100845,2
6000,843.8,0.7974793031,2
6000,843.85,0.7974485343,2
6000,843.9,0.7974177779,2
6000,843.95,0.7973870339,2
6000,844,0.7973563024,2
6000,844.05,0.7973255833,2
6000,844.1,0.7972948767,2
6000,844.15,0.7972641825,2
6000,844.2,0.7972335008,2
6000,844.25,0.7972028315,2
6000,844.3,0.7971721746,2
6000,844.35,0.7971415302,2
6000,844.4,0.7971108982,2
6000,844.45,0.7970802786,2
6000,844.5,0.7970496714,2
6000,844.55,0.7970190767,2
6000,844.6,0.7969884944,2
6000,844.65,0.7969579245,2
6000,844.7,0.7969273671,2
6000,844.75,0.796896822,2
6000,844.8,0.7968662894,2
6000,844.85,0.7968357692,2
6000,844.9,0.7968052614,2
6000,844.95,0.796774766,2
6000,845,0.796744283,2
6000,845.05,0.7967138125,2
6000,845.1,0.7966833543,2
6000,845.15,0.7966529085,2
6000,845.2,0.7966224752,2
6000,845.25,0.7965920542,2
6000,845.3,0.7965616456,2
6000,845.35,0.7965312495,2
6000,845.4,0.7965008657,2
6000,845.45,0.7964704943,2
6000,845.5,0.7964401353,2
6000,845.55,0.7964097887,2
6000,845.6,0.7963794544,2
6000,845.65,0.7963491326,2
6000,845.7,0.7963188231,2
6000,845.75,0.796288526,2
6000,845.8,0.7962582413,2
6000,845.85,0.796227969,2
6000,845.9,0.796197709,2
6000,845.95,0.7961674614,2
6000,846,0.7961372262,2
6000,846.05,0.7961070033,2
6000,846.1,0.7960767928,2
6000,846.15,0.7960465947,2
6000,846.2,0.7960164089,2
6000,846.25,0.7959862355,2
6000,846.3,0.7959560744,2
6000,846.35,0.7959259257,2
6000,846.4,0.7958957894,2
6000,846.45,0.7958656654,2
6000,846.5,0.7958355537,2
6000,846.55,0.7958054544,2
6000,846.6,0.7957753674,2
6000,846.65,0.7957452928,2
6000,846.7,0.7957152305,2
6000,846.75,0.7956851806,2
6000,846.8,0.795655143,2
6000,846.85,0.7956251177,2
6000,846.9,0.7955951047,2
6000,846.95,0.7955651041,2
6000,847,0.7955351158,2
6000,847.05,0.7955051399,2
6000,847.1,0.7954751762,2
6000,847.15,0.7954452249,2
6000,847.2,0.7954152859,2
6000,847.25,0.7953853593,2
6000,847.3,0.7953554449,2
6000,847.35,0.7953255429,2
6000,847.4,0.7952956531,2
6000,847.45,0.7952657757,2
6000,847.5,0.7952359106,2
6000,847.55,0.7952060578,2
6000,847.6,0.7951762173,2
6000,847.65,0.795146389,2
6000,847.7,0.7951165731,2
6000,847.75,0.7950867695,2
6000,847.8,0.7950569782,2
6000,847.85,0.7950271992,2
6000,847.9,0.7949974325,2
6000,847.95,0.794967678,2
6000,848,0.7949379358,2
6000,848.05,0.794908206,2
6000,848.1,0.7948784884,2
6000,848.15,0.7948487831,2
6000,848.2,0.79481909,2
6000,848.25,0.7947894093,2
6000,848.3,0.7947597408,2
6000,848.35,0.7947300846,2
6000,848.4,0.7947004407,2
6000,848.45,0.794670809,2
6000,848.5,0.7946411896,2
6000,848.55,0.7946115824,2
6000,848.6,0.7945819876,2
6000,848.65,0.7945524049,2
6000,848.7,0.7945228346,2
6000,848.75,0.7944932765,2
6000,848.8,0.7944637306,2
6000,848.85,0.794434197,2
6000,848.9,0.7944046756,2
6000,848.95,0.7943751665,2
6000,849,0.7943456697,2
6000,849.05,0.794316185,2
6000,849.1,0.7942867127,2
6000,849.15,0.7942572525,2
6000,849.2,0.7942278046,2
6000,849.25,0.7941983689,2
6000,849.3,0.7941689455,2
6000,849.35,0.7941395343,2
6000,849.4,0.7941101353,2
6000,849.45,0.7940807486,2
6000,849.5,0.794051374,2
6000,849.55,0.7940220117,2
6000,849.6,0.7939926616,2
6000,849.65,0.7939633237,2
6000,849.7,0.7939339981,2
6000,849.75,0.7939046846,2
6000,849.8,0.7938753834,2
6000,849.85,0.7938460944,2
6000,849.9,0.7938168175,2
6000,849.95,0.7937875529,2
6000,850,0.7937583005,2
6000,850.05,0.7937290603,2
6000,850.1,0.7936998323,2
6000,850.15,0.7936706164,2
6000,850.2,0.7936414128,2
6000,850.25,0.7936122214,2
6000,850.3,0.7935830421,2
6000,850.35,0.7935538751,2
6000,850.4,0.7935247202,2
6000,850.45,0.7934955775,2
6000,850.5,0.793466447,2
6000,850.55,0.7934373286,2
6000,850.6,0.7934082225,2
6000,850.65,0.7933791285,2
6000,850.7,0.7933500467,2
6000,850.75,0.793320977,2
6000,850.8,0.7932919196,2
6000,850.85,0.7932628742,2
6000,850.9,0.7932338411,2
6000,850.95,0.7932048201,2
6000,851,0.7931758113,2
6000,851.05,0.7931468146,2
6000,851.1,0.7931178301,2
6000,851.15,0.7930888577,2
6000,851.2,0.7930598975,2
6000,851.25,0.7930309494,2
6000,851.3,0.7930020135,2
6000,851.35,0.7929730897,2
6000,851.4,0.7929441781,2
6000,851.45,0.7929152786,2
6000,851.5,0.7928863912,2
6000,851.55,0.792857516,2
6000,851.6,0.7928286529,2
6000,851.65,0.7927998019,2
6000,851.7,0.7927709631,2
6000,851.75,0.7927421364,2
6000,851.8,0.7927133218,2
6000,851.85,0.7926845193,2
6000,851.9,0.792655729,2
6000,851.95,0.7926269507,2
6000,852,0.7925981846,2
6000,852.05,0.7925694306,2
6000,852.1,0.7925406887,2
6000,852.15,0.7925119589,2
6000,852.2,0.7924832412,2
6000,852.25,0.7924545357,2
6000,852.3,0.7924258422,2
6000,852.35,0.7923971608,2
6000,852.4,0.7923684915,2
6000,852.45,0.7923398343,2
6000,852.5,0.7923111893,2
6000,852.55,0.7922825563,2
6000,852.6,0.7922539353,2
6000,852.65,0.7922253265,2
6000,852.7,0.7921967298,2
6000,852.75,0.7921681451,2
6000,852.8,0.7921395725,2
6000,852.85,0.792111012,2
6000,852.9,0.7920824636,2
6000,852.95,0.7920539272,2
6000,853,0.7920254029,2
6000,853.05,0.7919968907,2
6000,853.1,0.7919683905,2
6000,853.15,0.7919399024,2
6000,853.2,0.7919114264,2
6000,853.25,0.7918829624,2
6000,853.3,0.7918545105,2
6000,853.35,0.7918260706,2
6000,853.4,0.7917976428,2
6000,853.45,0.791769227,2
6000,853.5,0.7917408233,2
6000,853.55,0.7917124317,2
6000,853.6,0.791684052,2
6000,853.65,0.7916556844,2
6000,853.7,0.7916273289,2
6000,853.75,0.7915989854,2
6000,853.8,0.7915706539,2
6000,853.85,0.7915423344,2
6000,853.9,0.791514027,2
6000,853.95,0.7914857316,2
6000,854,0.7914574483,2
6000,854.05,0.7914291769,2
6000,854.1,0.7914009176,2
6000,854.15,0.7913726703,2
6000,854.2,0.791344435,2
6000,854.25,0.7913162117,2
6000,854.3,0.7912880004,2
6000,854.35,0.7912598012,2
6000,854.4,0.7912316139,2
6000,854.45,0.7912034387,2
6000,854.5,0.7911752754,2
6000,854.55,0.7911471242,2
6000,854.6,0.7911189849,2
6000,854.65,0.7910908577,2
6000,854.7,0.7910627424,2
6000,854.75,0.7910346391,2
6000,854.8,0.7910065478,2
6000,854.85,0.7909784685,2
6000,854.9,0.7909504012,2
6000,854.95,0.7909223459,2
6000,855,0.7908943025,2
6000,855.05,0.7908662711,2
6000,855.1,0.7908382517,2
6000,855.15,0.7908102443,2
6000,855.2,0.7907822488,2
6000,855.25,0.7907542653,2
6000,855.3,0.7907262938,2
6000,855.35,0.7906983342,2
6000,855.4,0.7906703866,2
6000,855.45,0.7906424509,2
6000,855.5,0.7906145272,2
6000,855.55,0.7905866155,2
6000,855.6,0.7905587157,2
6000,855.65,0.7905308279,2
6000,855.7,0.790502952,2
6000,855.75,0.790475088,2
6000,855.8,0.790447236,2
6000,855.85,0.7904193959,2
6000,855.9,0.7903915678,2
6000,855.95,0.7903637516,2
6000,856,0.7903359473,2
6000,856.05,0.7903081549,2
6000,856.1,0.7902803745,2
6000,856.15,0.790252606,2
6000,856.2,0.7902248495,2
6000,856.25,0.7901971048,2
6000,856.3,0.7901693721,2
6000,856.35,0.7901416513,2
6000,856.4,0.7901139424,2
6000,856.45,0.7900862454,2
6000,856.5,0.7900585603,2
6000,856.55,0.7900308871,2
6000,856.6,0.7900032258,2
6000,856.65,0.7899755765,2
6000,856.7,0.789947939,2
6000,856.75,0.7899203134,2
6000,856.8,0.7898926997,2
6000,856.85,0.7898650979,2
6000,856.9,0.789837508,2
6000,856.95,0.78980993,2
6000,857,0.7897823639,2
6000,857.05,0.7897548096,2
6000,857.1,0.7897272673,2
6000,857.15,0.7896997368,2
6000,857.2,0.7896722182,2
6000,857.25,0.7896447114,2
6000,857.3,0.7896172166,2
6000,857.35,0.7895897336,2
6000,857.4,0.7895622624,2
6000,857.45,0.7895348031,2
6000,857.5,0.7895073557,2
6000,857.55,0.7894799202,2
6000,857.6,0.7894524965,2
6000,857.65,0.7894250846,2
6000,857.7,0.7893976846,2
6000,857.75,0.7893702965,2
6000,857.8,0.7893429202,2
6000,857.85,0.7893155557,2
6000,857.9,0.7892882031,2
6000,857.95,0.7892608624,2
6000,858,0.7892335334,2
6000,858.05,0.7892062163,2
6000,858.1,0.7891789111,2
6000,858.15,0.7891516176,2
6000,858.2,0.789124336,2
6000,858.25,0.7890970662,2
6000,858.3,0.7890698083,2
6000,858.35,0.7890425621,2
6000,858.4,0.7890153278,2
6000,858.45,0.7889881053,2
6000,858.5,0.7889608946,2
6000,858.55,0.7889336957,2
6000,858.6,0.7889065086,2
6000,858.65,0.7888793333,2
6000,858.7,0.7888521699,2
6000,858.75,0.7888250182,2
6000,858.8,0.7887978783,2
6000,858.85,0.7887707503,2
6000,858.9,0.788743634,2
6000,858.95,0.7887165295,2
6000,859,0.7886894368,2
6000,859.05,0.7886623559,2
6000,859.1,0.7886352867,2
6000,859.15,0.7886082294,2
6000,859.2,0.7885811838,2
6000,859.25,0.78855415,2
6000,859.3,0.788527128,2
6000,859.35,0.7885001177,2
6000,859.4,0.7884731193,2
6000,859.45,0.7884461325,2
6000,859.5,0.7884191576,2
6000,859.55,0.7883921944,2
6000,859.6,0.788365243,2
6000,859.65,0.7883383033,2
6000,859.7,0.7883113754,2
6000,859.75,0.7882844592,2
6000,859.8,0.7882575548,2
6000,859.85,0.7882306621,2
6000,859.9,0.7882037812,2
6000,859.95,0.788176912,2
6000,860,0.7881500546,2
6000,860.05,0.7881232089,2
6000,860.1,0.7880963749,2
6000,860.15,0.7880695526,2
6000,860.2,0.7880427421,2
6000,860.25,0.7880159433,2
6000,860.3,0.7879891563,2
6000,860.35,0.787962381,2
6000,860.4,0.7879356173,2
6000,860.45,0.7879088654,2
6000,860.5,0.7878821252,2
6000,860.55,0.7878553968,2
6000,860.6,0.78782868,2
6000,860.65,0.787801975,2
6000,860.7,0.7877752816,2
6000,860.75,0.7877486,2
6000,860.8,0.78772193,2
6000,860.85,0.7876952718,2
6000,860.9,0.7876686252,2
6000,860.95,0.7876419903,2
6000,861,0.7876153672,2
6000,861.05,0.7875887557,2
6000,861.1,0.7875621559,2
6000,861.15,0.7875355678,2
6000,861.2,0.7875089913,2
6000,861.25,0.7874824266,2
6000,861.3,0.7874558735,2
6000,861.35,0.7874293321,2
6000,861.4,0.7874028023,2
6000,861.45,0.7873762843,2
6000,861.5,0.7873497779,2
6000,861.55,0.7873232831,2
6000,861.6,0.7872968,2
6000,861.65,0.7872703286,2
6000,861.7,0.7872438688,2
6000,861.75,0.7872174207,2
6000,861.8,0.7871909842,2
6000,861.85,0.7871645594,2
6000,861.9,0.7871381462,2
6000,861.95,0.7871117447,2
6000,862,0.7870853548,2
6000,862.05,0.7870589765,2
6000,862.1,0.7870326099,2
6000,862.15,0.7870062549,2
6000,862.2,0.7869799116,2
6000,862.25,0.7869535798,2
6000,862.3,0.7869272597,2
6000,862.35,0.7869009512,2
6000,862.4,0.7868746544,2
6000,862.45,0.7868483691,2
6000,862.5,0.7868220955,2
6000,862.55,0.7867958335,2
6000,862.6,0.786769583,2
6000,862.65,0.7867433442,2
6000,862.7,0.786717117,2
6000,862.75,0.7866909014,2
6000,862.8,0.7866646974,2
6000,862.85,0.786638505,2
6000,862.9,0.7866123242,2
6000,862.95,0.786586155,2
6000,863,0.7865599974,2
6000,863.05,0.7865338513,2
6000,863.1,0.7865077169,2
6000,863.15,0.786481594,2
6000,863.2,0.7864554827,2
6000,863.25,0.786429383,2
6000,863.3,0.7864032948,2
6000,863.35,0.7863772183,2
6000,863.4,0.7863511533,2
6000,863.45,0.7863250998,2
6000,863.5,0.786299058,2
6000,863.55,0.7862730276,2
6000,863.6,0.7862470089,2
6000,863.65,0.7862210017,2
6000,863.7,0.786195006,2
6000,863.75,0.7861690219,2
6000,863.8,0.7861430494,2
6000,863.85,0.7861170884,2
6000,863.9,0.7860911389,2
6000,863.95,0.786065201,2
6000,864,0.7860392747,2
6000,864.05,0.7860133598,2
6000,864.1,0.7859874565,2
6000,864.15,0.7859615647,2
6000,864.2,0.7859356845,2
6000,864.25,0.7859098158,2
6000,864.3,0.7858839586,2
6000,864.35,0.7858581129,2
6000,864.4,0.7858322787,2
6000,864.45,0.7858064561,2
6000,864.5,0.7857806449,2
6000,864.55,0.7857548453,2
6000,864.6,0.7857290572,2
6000,864.65,0.7857032806,2
6000,864.7,0.7856775155,2
6000,864.75,0.7856517618,2
6000,864.8,0.7856260197,2
6000,864.85,0.7856002891,2
6000,864.9,0.78557457,2
6000,864.95,0.7855488623,2
6000,865,0.7855231662,2
6000,865.05,0.7854974815,2
6000,865.1,0.7854718083,2
6000,865.15,0.7854461466,2
6000,865.2,0.7854204964,2
6000,865.25,0.7853948576,2
6000,865.3,0.7853692303,2
6000,865.35,0.7853436145,2
6000,865.4,0.7853180102,2
6000,865.45,0.7852924173,2
6000,865.5,0.7852668358,2
6000,865.55,0.7852412659,2
6000,865.6,0.7852157073,2
6000,865.65,0.7851901603,2
6000,865.7,0.7851646247,2
6000,865.75,0.7851391005,2
6000,865.8,0.7851135878,2
6000,865.85,0.7850880865,2
6000,865.9,0.7850625966,2
6000,865.95,0.7850371182,2
6000,866,0.7850116513,2
6000,866.05,0.7849861957,2
6000,866.1,0.7849607516,2
6000,866.15,0.7849353189,2
6000,866.2,0.7849098977,2
6000,866.25,0.7848844878,2
6000,866.3,0.7848590894,2
6000,866.35,0.7848337024,2
6000,866.4,0.7848083268,2
6000,866.45,0.7847829627,2
6000,866.5,0.7847576099,2
6000,866.55,0.7847322685,2
6000,866.6,0.7847069386,2
6000,866.65,0.78468162,2
6000,866.7,0.7846563128,2
6000,866.75,0.7846310171,2
6000,866.8,0.7846057327,2
6000,866.85,0.7845804597,2
6000,866.9,0.7845551981,2
6000,866.95,0.7845299479,2
6000,867,0.7845047091,2
6000,867.05,0.7844794816,2
6000,867.1,0.7844542655,2
6000,867.15,0.7844290608,2
6000,867.2,0.7844038675,2
6000,867.25,0.7843786855,2
6000,867.3,0.7843535149,2
6000,867.35,0.7843283557,2
6000,867.4,0.7843032078,2
6000,867.45,0.7842780713,2
6000,867.5,0.7842529462,2
6000,867.55,0.7842278323,2
6000,867.6,0.7842027299,2
6000,867.65,0.7841776388,2
6000,867.7,0.784152559,2
6000,867.75,0.7841274906,2
6000,867.8,0.7841024335,2
6000,867.85,0.7840773878,2
6000,867.9,0.7840523533,2
6000,867.95,0.7840273303,2
6000,868,0.7840023185,2
6000,868.05,0.7839773181,2
6000,868.1,0.783952329,2
6000,868.15,0.7839273512,2
6000,868.2,0.7839023847,2
6000,868.25,0.7838774296,2
6000,868.3,0.7838524857,2
6000,868.35,0.7838275532,2
6000,868.4,0.783802632,2
6000,868.45,0.7837777221,2
6000,868.5,0.7837528235,2
6000,868.55,0.7837279361,2
6000,868.6,0.7837030601,2
6000,868.65,0.7836781954,2
6000,868.7,0.783653342,2
6000,868.75,0.7836284998,2
6000,868.8,0.783603669,2
6000,868.85,0.7835788494,2
6000,868.9,0.7835540411,2
6000,868.95,0.7835292441,2
6000,869,0.7835044583,2
6000,869.05,0.7834796839,2
6000,869.1,0.7834549207,2
6000,869.15,0.7834301687,2
6000,869.2,0.7834054281,2
6000,869.25,0.7833806987,2
6000,869.3,0.7833559805,2
6000,869.35,0.7833312736,2
6000,869.4,0.783306578,2
6000,869.45,0.7832818936,2
6000,869.5,0.7832572205,2
6000,869.55,0.7832325586,2
6000,869.6,0.7832079079,2
6000,869.65,0.7831832685,2
6000,869.7,0.7831586403,2
6000,869.75,0.7831340234,2
6000,869.8,0.7831094177,2
6000,869.85,0.7830848232,2
6000,869.9,0.78306024,2
6000,869.95,0.7830356679,2
6000,870,0.7830111071,2
6000,870.05,0.7829865575,2
6000,870.1,0.7829620192,2
6000,870.15,0.782937492,2
6000,870.2,0.7829129761,2
6000,870.25,0.7828884713,2
6000,870.3,0.7828639778,2
6000,870.35,0.7828394954,2
6000,870.4,0.7828150243,2
6000,870.45,0.7827905644,2
6000,870.5,0.7827661156,2
6000,870.55,0.7827416781,2
6000,870.6,0.7827172517,2
6000,870.65,0.7826928365,2
6000,870.7,0.7826684325,2
6000,870.75,0.7826440397,2
6000,870.8,0.7826196581,2
6000,870.85,0.7825952876,2
6000,870.9,0.7825709283,2
6000,870.95,0.7825465802,2
6000,871,0.7825222433,2
6000,871.05,0.7824979175,2
6000,871.1,0.7824736028,2
6000,871.15,0.7824492994,2
6000,871.2,0.782425007,2
6000,871.25,0.7824007259,2
6000,871.3,0.7823764559,2
6000,871.35,0.782352197,2
6000,871.4,0.7823279493,2
6000,871.45,0.7823037127,2
6000,871.5,0.7822794873,2
6000,871.55,0.782255273,2
6000,871.6,0.7822310698,2
6000,871.65,0.7822068778,2
6000,871.7,0.7821826969,2
6000,871.75,0.7821585271,2
6000,871.8,0.7821343684,2
6000,871.85,0.7821102209,2
6000,871.9,0.7820860845,2
6000,871.95,0.7820619592,2
6000,872,0.782037845,2
6000,872.05,0.7820137419,2
6000,872.1,0.7819896499,2
6000,872.15,0.781965569,2
6000,872.2,0.7819414992,2
6000,872.25,0.7819174406,2
6000,872.3,0.781893393,2
6000,872.35,0.7818693565,2
6000,872.4,0.7818453311,2
6000,872.45,0.7818213168,2
6000,872.5,0.7817973135,2
6000,872.55,0.7817733214,2
6000,872.6,0.7817493403,2
6000,872.65,0.7817253703,2
6000,872.7,0.7817014114,2
6000,872.75,0.7816774636,2
6000,872.8,0.7816535268,2
6000,872.85,0.7816296011,2
6000,872.9,0.7816056864,2
6000,872.95,0.7815817828,2
6000,873,0.7815578903,2
6000,873.05,0.7815340088,2
6000,873.1,0.7815101383,2
6000,873.15,0.781486279,2
6000,873.2,0.7814624306,2
6000,873.25,0.7814385933,2
6000,873.3,0.7814147671,2
6000,873.35,0.7813909518,2
6000,873.4,0.7813671476,2
6000,873.45,0.7813433545,2
6000,873.5,0.7813195724,2
6000,873.55,0.7812958013,2
6000,873.6,0.7812720412,2
6000,873.65,0.7812482921,2
6000,873.7,0.7812245541,2
6000,873.75,0.7812008271,2
6000,873.8,0.781177111,2
6000,873.85,0.781153406,2
6000,873.9,0.781129712,2
6000,873.95,0.7811060291,2
6000,874,0.7810823571,2
6000,874.05,0.7810586961,2
6000,874.1,0.7810350461,2
6000,874.15,0.7810114071,2
6000,874.2,0.780987779,2
6000,874.25,0.780964162,2
6000,874.3,0.780940556,2
6000,874.35,0.7809169609,2
6000,874.4,0.7808933768,2
6000,874.45,0.7808698037,2
6000,874.5,0.7808462416,2
6000,874.55,0.7808226904,2
6000,874.6,0.7807991502,2
6000,874.65,0.780775621,2
6000,874.7,0.7807521027,2
6000,874.75,0.7807285954,2
6000,874.8,0.780705099,2
6000,874.85,0.7806816136,2
6000,874.9,0.7806581391,2
6000,874.95,0.7806346756,2
6000,875,0.7806112231,2
6000,875.05,0.7805877814,2
6000,875.1,0.7805643508,2
6000,875.15,0.780540931,2
6000,875.2,0.7805175222,2
6000,875.25,0.7804941243,2
6000,875.3,0.7804707374,2
6000,875.35,0.7804473613,2
6000,875.4,0.7804239962,2
6000,875.45,0.780400642,2
6000,875.5,0.7803772988,2
6000,875.55,0.7803539664,2
6000,875.6,0.780330645,2
6000,875.65,0.7803073344,2
6000,875.7,0.7802840348,2
6000,875.75,0.7802607461,2
6000,875.8,0.7802374682,2
6000,875.85,0.7802142013,2
6000,875.9,0.7801909453,2
6000,875.95,0.7801677001,2
6000,876,0.7801444659,2
6000,876.05,0.7801212425,2
6000,876.1,0.78009803,2
6000,876.15,0.7800748284,2
6000,876.2,0.7800516376,2
6000,876.25,0.7800284578,2
6000,876.3,0.7800052888,2
6000,876.35,0.7799821307,2
6000,876.4,0.7799589834,2
6000,876.45,0.779935847,2
6000,876.5,0.7799127215,2
6000,876.55,0.7798896068,2
6000,876.6,0.779866503,2
6000,876.65,0.77984341,2
6000,876.7,0.7798203279,2
6000,876.75,0.7797972566,2
6000,876.8,0.7797741962,2
6000,876.85,0.7797511466,2
6000,876.9,0.7797281078,2
6000,876.95,0.7797050799,2
6000,877,0.7796820628,2
6000,877.05,0.7796590566,2
6000,877.1,0.7796360611,2
6000,877.15,0.7796130765,2
6000,877.2,0.7795901027,2
6000,877.25,0.7795671398,2
6000,877.3,0.7795441876,2
6000,877.35,0.7795212463,2
6000,877.4,0.7794983157,2
6000,877.45,0.779475396,2
6000,877.5,0.779452487,2
6000,877.55,0.7794295889,2
6000,877.6,0.7794067016,2
6000,877.65,0.779383825,2
6000,877.7,0.7793609593,2
6000,877.75,0.7793381043,2
6000,877.8,0.7793152602,2
6000,877.85,0.7792924268,2
6000,877.9,0.7792696042,2
6000,877.95,0.7792467923,2
6000,878,0.7792239913,2
6000,878.05,0.779201201,2
6000,878.1,0.7791784215,2
6000,878.15,0.7791556527,2
6000,878.2,0.7791328947,2
6000,878.25,0.7791101475,2
6000,878.3,0.779087411,2
6000,878.35,0.7790646853,2
6000,878.4,0.7790419704,2
6000,878.45,0.7790192661,2
6000,878.5,0.7789965727,2
6000,878.55,0.7789738899,2
6000,878.6,0.7789512179,2
6000,878.65,0.7789285567,2
6000,878.7,0.7789059062,2
6000,878.75,0.7788832664,2
6000,878.8,0.7788606373,2
6000,878.85,0.778838019,2
6000,878.9,0.7788154114,2
6000,878.95,0.7787928145,2
6000,879,0.7787702283,2
6000,879.05,0.7787476529,2
6000,879.1,0.7787250881,2
6000,879.15,0.7787025341,2
6000,879.2,0.7786799907,2
6000,879.25,0.7786574581,2
6000,879.3,0.7786349362,2
6000,879.35,0.7786124249,2
6000,879.4,0.7785899244,2
6000,879.45,0.7785674345,2
6000,879.5,0.7785449554,2
6000,879.55,0.7785224869,2
6000,879.6,0.7785000291,2
6000,879.65,0.778477582,2
6000,879.7,0.7784551456,2
6000,879.75,0.7784327198,2
6000,879.8,0.7784103047,2
6000,879.85,0.7783879003,2
6000,879.9,0.7783655065,2
6000,879.95,0.7783431234,2
6000,880,0.778320751,2
6000,880.05,0.7782983892,2
6000,880.1,0.778276038,2
6000,880.15,0.7782536976,2
6000,880.2,0.7782313677,2
6000,880.25,0.7782090485,2
6000,880.3,0.77818674,2
6000,880.35,0.7781644421,2
6000,880.4,0.7781421548,2
6000,880.45,0.7781198782,2
6000,880.5,0.7780976122,2
6000,880.55,0.7780753568,2
6000,880.6,0.778053112,2
6000,880.65,0.7780308779,2
6000,880.7,0.7780086543,2
6000,880.75,0.7779864414,2
6000,880.8,0.7779642392,2
6000,880.85,0.7779420475,2
6000,880.9,0.7779198664,2
6000,880.95,0.7778976959,2
6000,881,0.7778755361,2
6000,881.05,0.7778533868,2
6000,881.1,0.7778312481,2
6000,881.15,0.77780912,2
6000,881.2,0.7777870025,2
6000,881.25,0.7777648956,2
6000,881.3,0.7777427993,2
6000,881.35,0.7777207135,2
6000,881.4,0.7776986384,2
6000,881.45,0.7776765738,2
6000,881.5,0.7776545198,2
6000,881.55,0.7776324763,2
6000,881.6,0.7776104434,2
6000,881.65,0.7775884211,2
6000,881.7,0.7775664093,2
6000,881.75,0.7775444081,2
6000,881.8,0.7775224175,2
6000,881.85,0.7775004374,2
6000,881.9,0.7774784678,2
6000,881.95,0.7774565088,2
6000,882,0.7774345603,2
6000,882.05,0.7774126224,2
6000,882.1,0.777390695,2
6000,882.15,0.7773687782,2
6000,882.2,0.7773468718,2
6000,882.25,0.777324976,2
6000,882.3,0.7773030908,2
6000,882.35,0.777281216,2
6000,882.4,0.7772593518,2
6000,882.45,0.7772374981,2
6000,882.5,0.7772156549,2
6000,882.55,0.7771938222,2
6000,882.6,0.777172,2
6000,882.65,0.7771501883,2
6000,882.7,0.7771283871,2
6000,882.75,0.7771065965,2
6000,882.8,0.7770848163,2
6000,882.85,0.7770630466,2
6000,882.9,0.7770412874,2
6000,882.95,0.7770195387,2
6000,883,0.7769978004,2
6000,883.05,0.7769760727,2
6000,883.1,0.7769543554,2
6000,883.15,0.7769326486,2
6000,883.2,0.7769109523,2
6000,883.25,0.7768892664,2
6000,883.3,0.776867591,2
6000,883.35,0.7768459261,2
6000,883.4,0.7768242716,2
6000,883.45,0.7768026276,2
6000,883.5,0.7767809941,2
6000,883.55,0.7767593709,2
6000,883.6,0.7767377583,2
6000,883.65,0.7767161561,2
6000,883.7,0.7766945643,2
6000,883.75,0.776672983,2
6000,883.8,0.7766514121,2
6000,883.85,0.7766298516,2
6000,883.9,0.7766083016,2
6000,883.95,0.776586762,2
6000,884,0.7765652328,2
6000,884.05,0.7765437141,2
6000,884.1,0.7765222057,2
6000,884.15,0.7765007078,2
6000,884.2,0.7764792203,2
6000,884.25,0.7764577432,2
6000,884.3,0.7764362765,2
6000,884.35,0.7764148202,2
6000,884.4,0.7763933743,2
6000,884.45,0.7763719388,2
6000,884.5,0.7763505137,2
6000,884.55,0.776329099,2
6000,884.6,0.7763076947,2
6000,884.65,0.7762863008,2
6000,884.7,0.7762649173,2
6000,884.75,0.7762435441,2
6000,884.8,0.7762221813,2
6000,884.85,0.7762008289,2
6000,884.9,0.7761794869,2
6000,884.95,0.7761581552,2
6000,885,0.7761368339,2
6000,885.05,0.7761155229,2
6000,885.1,0.7760942223,2
6000,885.15,0.7760729321,2
6000,885.2,0.7760516522,2
6000,885.25,0.7760303827,2
6000,885.3,0.7760091235,2
6000,885.35,0.7759878747,2
6000,885.4,0.7759666362,2
6000,885.45,0.7759454081,2
6000,885.5,0.7759241903,2
6000,885.55,0.7759029828,2
6000,885.6,0.7758817856,2
6000,885.65,0.7758605988,2
6000,885.7,0.7758394223,2
6000,885.75,0.7758182561,2
6000,885.8,0.7757971002,2
6000,885.85,0.7757759547,2
6000,885.9,0.7757548194,2
6000,885.95,0.7757336945,2
6000,886,0.7757125799,2
6000,886.05,0.7756914756,2
6000,886.1,0.7756703816,2
6000,886.15,0.7756492978,2
6000,886.2,0.7756282244,2
6000,886.25,0.7756071613,2
6000,886.3,0.7755861084,2
6000,886.35,0.7755650658,2
6000,886.4,0.7755440336,2
6000,886.45,0.7755230115,2
6000,886.5,0.7755019998,2
6000,886.55,0.7754809984,2
6000,886.6,0.7754600072,2
6000,886.65,0.7754390263,2
6000,886.7,0.7754180556,2
6000,886.75,0.7753970952,2
6000,886.8,0.7753761451,2
6000,886.85,0.7753552052,2
6000,886.9,0.7753342756,2
6000,886.95,0.7753133562,2
6000,887,0.775292447,2
6000,887.05,0.7752715481,2
6000,887.1,0.7752506595,2
6000,887.15,0.7752297811,2
6000,887.2,0.7752089129,2
6000,887.25,0.7751880549,2
6000,887.3,0.7751672072,2
6000,887.35,0.7751463697,2
6000,887.4,0.7751255424,2
6000,887.45,0.7751047254,2
6000,887.5,0.7750839185,2
6000,887.55,0.7750631219,2
6000,887.6,0.7750423355,2
6000,887.65,0.7750215593,2
6000,887.7,0.7750007933,2
6000,887.75,0.7749800375,2
6000,887.8,0.7749592919,2
6000,887.85,0.7749385565,2
6000,887.9,0.7749178312,2
6000,887.95,0.7748971162,2
6000,888,0.7748764114,2
6000,888.05,0.7748557167,2
6000,888.1,0.7748350322,2
6000,888.15,0.7748143579,2
6000,888.2,0.7747936938,2
6000,888.25,0.7747730398,2
6000,888.3,0.774752396,2
6000,888.35,0.7747317624,2
6000,888.4,0.7747111389,2
6000,888.45,0.7746905256,2
6000,888.5,0.7746699225,2
6000,888.55,0.7746493295,2
6000,888.6,0.7746287466,2
6000,888.65,0.7746081739,2
6000,888.7,0.7745876114,2
6000,888.75,0.7745670589,2
6000,888.8,0.7745465167,2
6000,888.85,0.7745259845,2
6000,888.9,0.7745054625,2
6000,888.95,0.7744849506,2
6000,889,0.7744644488,2
6000,889.05,0.7744439572,2
6000,889.1,0.7744234757,2
6000,889.15,0.7744030043,2
6000,889.2,0.774382543,2
6000,889.25,0.7743620918,2
6000,889.3,0.7743416508,2
6000,889.35,0.7743212198,2
6000,889.4,0.7743007989,2
6000,889.45,0.7742803882,2
6000,889.5,0.7742599875,2
6000,889.55,0.7742395969,2
6000,889.6,0.7742192164,2
6000,889.65,0.774198846,2
6000,889.7,0.7741784857,2
6000,889.75,0.7741581355,2
6000,889.8,0.7741377953,2
6000,889.85,0.7741174652,2
6000,889.9,0.7740971452,2
6000,889.95,0.7740768353,2
6000,890,0.7740565354,2
6000,890.05,0.7740362455,2
6000,890.1,0.7740159658,2
6000,890.15,0.7739956961,2
6000,890.2,0.7739754364,2
6000,890.25,0.7739551868,2
6000,890.3,0.7739349473,2
6000,890.35,0.7739147178,2
6000,890.4,0.7738944983,2
6000,890.45,0.7738742889,2
6000,890.5,0.7738540895,2
6000,890.55,0.7738339001,2
6000,890.6,0.7738137208,2
6000,890.65,0.7737935514,2
6000,890.7,0.7737733921,2
6000,890.75,0.7737532429,2
6000,890.8,0.7737331036,2
6000,890.85,0.7737129744,2
6000,890.9,0.7736928552,2
6000,890.95,0.7736727459,2
6000,891,0.7736526467,2
6000,891.05,0.7736325575,2
6000,891.1,0.7736124783,2
6000,891.15,0.7735924091,2
6000,891.2,0.7735723498,2
6000,891.25,0.7735523006,2
6000,891.3,0.7735322613,2
6000,891.35,0.7735122321,2
6000,891.4,0.7734922128,2
6000,891.45,0.7734722035,2
6000,891.5,0.7734522041,2
6000,891.55,0.7734322147,2
6000,891.6,0.7734122353,2
6000,891.65,0.7733922659,2
6000,891.7,0.7733723064,2
6000,891.75,0.7733523569,2
6000,891.8,0.7733324173,2
6000,891.85,0.7733124877,2
6000,891.9,0.7732925681,2
6000,891.95,0.7732726584,2
6000,892,0.7732527586,2
6000,892.05,0.7732328688,2
6000,892.1,0.7732129889,2
6000,892.15,0.7731931189,2
6000,892.2,0.7731732589,2
6000,892.25,0.7731534088,2
6000,892.3,0.7731335686,2
6000,892.35,0.7731137384,2
6000,892.4,0.773093918,2
6000,892.45,0.7730741076,2
6000,892.5,0.7730543071,2
6000,892.55,0.7730345165,2
6000,892.6,0.7730147358,2
6000,892.65,0.7729949651,2
6000,892.7,0.7729752042,2
6000,892.75,0.7729554532,2
6000,892.8,0.7729357121,2
6000,892.85,0.7729159809,2
6000,892.9,0.7728962596,2
6000,892.95,0.7728765482,2
6000,893,0.7728568466,2
6000,893.05,0.772837155,2
6000,893.1,0.7728174732,2
6000,893.15,0.7727978013,2
6000,893.2,0.7727781392,2
6000,893.25,0.7727584871,2
6000,893.3,0.7727388447,2
6000,893.35,0.7727192123,2
6000,893.4,0.7726995897,2
6000,893.45,0.772679977,2
6000,893.5,0.7726603741,2
6000,893.55,0.772640781,2
6000,893.6,0.7726211979,2
6000,893.65,0.7726016245,2
6000,893.7,0.772582061,2
6000,893.75,0.7725625073,2
6000,893.8,0.7725429635,2
6000,893.85,0.7725234295,2
6000,893.9,0.7725039053,2
6000,893.95,0.7724843909,2
6000,894,0.7724648864,2
6000,894.05,0.7724453917,2
6000,894.1,0.7724259068,2
6000,894.15,0.7724064317,2
6000,894.2,0.7723869664,2
6000,894.25,0.7723675109,2
6000,894.3,0.7723480652,2
6000,894.35,0.7723286294,2
6000,894.4,0.7723092033,2
6000,894.45,0.772289787,2
6000,894.5,0.7722703805,2
6000,894.55,0.7722509838,2
6000,894.6,0.7722315969,2
6000,894.65,0.7722122197,2
6000,894.7,0.7721928524,2
6000,894.75,0.7721734948,2
6000,894.8,0.7721541469,2
6000,894.85,0.7721348089,2
6000,894.9,0.7721154806,2
6000,894.95,0.7720961621,2
6000,895,0.7720768533,2
6000,895.05,0.7720575543,2
6000,895.1,0.7720382651,2
6000,895.15,0.7720189856,2
6000,895.2,0.7719997158,2
6000,895.25,0.7719804558,2
6000,895.3,0.7719612055,2
6000,895.35,0.771941965,2
6000,895.4,0.7719227342,2
6000,895.45,0.7719035132,2
6000,895.5,0.7718843018,2
6000,895.55,0.7718651002,2
6000,895.6,0.7718459083,2
6000,895.65,0.7718267262,2
6000,895.7,0.7718075537,2
6000,895.75,0.771788391,2
6000,895.8,0.7717692379,2
6000,895.85,0.7717500946,2
6000,895.9,0.771730961,2
6000,895.95,0.7717118371,2
6000,896,0.7716927229,2
6000,896.05,0.7716736184,2
6000,896.1,0.7716545235,2
6000,896.15,0.7716354384,2
6000,896.2,0.7716163629,2
6000,896.25,0.7715972972,2
6000,896.3,0.7715782411,2
6000,896.35,0.7715591947,2
6000,896.4,0.7715401579,2
6000,896.45,0.7715211308,2
6000,896.5,0.7715021134,2
6000,896.55,0.7714831057,2
6000,896.6,0.7714641076,2
6000,896.65,0.7714451192,2
6000,896.7,0.7714261404,2
6000,896.75,0.7714071713,2
6000,896.8,0.7713882118,2
6000,896.85,0.771369262,2
6000,896.9,0.7713503218,2
6000,896.95,0.7713313913,2
6000,897,0.7713124704,2
6000,897.05,0.7712935591,2
6000,897.1,0.7712746575,2
6000,897.15,0.7712557655,2
6000,897.2,0.7712368831,2
6000,897.25,0.7712180103,2
6000,897.3,0.7711991471,2
6000,897.35,0.7711802936,2
6000,897.4,0.7711614497,2
6000,897.45,0.7711426154,2
6000,897.5,0.7711237906,2
6000,897.55,0.7711049755,2
6000,897.6,0.77108617,2
6000,897.65,0.7710673741,2
6000,897.7,0.7710485878,2
6000,897.75,0.7710298111,2
6000,897.8,0.7710110439,2
6000,897.85,0.7709922863,2
6000,897.9,0.7709735384,2
6000,897.95,0.7709548,2
6000,898,0.7709360711,2
6000,898.05,0.7709173519,2
6000,898.1,0.7708986422,2
6000,898.15,0.7708799421,2
6000,898.2,0.7708612515,2
6000,898.25,0.7708425705,2
6000,898.3,0.770823899,2
6000,898.35,0.7708052371,2
6000,898.4,0.7707865848,2
6000,898.45,0.770767942,2
6000,898.5,0.7707493087,2
6000,898.55,0.770730685,2
6000,898.6,0.7707120708,2
6000,898.65,0.7706934662,2
6000,898.7,0.7706748711,2
6000,898.75,0.7706562855,2
6000,898.8,0.7706377094,2
6000,898.85,0.7706191429,2
6000,898.9,0.7706005859,2
6000,898.95,0.7705820383,2
6000,899,0.7705635004,2
6000,899.05,0.7705449719,2
6000,899.1,0.7705264529,2
6000,899.15,0.7705079434,2
6000,899.2,0.7704894434,2
6000,899.25,0.770470953,2
6000,899.3,0.770452472,2
6000,899.35,0.7704340005,2
6000,899.4,0.7704155385,2
6000,899.45,0.7703970859,2
6000,899.5,0.7703786429,2
6000,899.55,0.7703602093,2
6000,899.6,0.7703417852,2
6000,899.65,0.7703233706,2
6000,899.7,0.7703049655,2
6000,899.75,0.7702865698,2
6000,899.8,0.7702681836,2
6000,899.85,0.7702498068,2
6000,899.9,0.7702314395,2
6000,899.95,0.7702130816,2
6000,900,0.7701947332,2
6000,900.05,0.7701763943,2
6000,900.1,0.7701580648,2
6000,900.15,0.7701397447,2
6000,900.2,0.7701214341,2
6000,900.25,0.7701031329,2
6000,900.3,0.7700848411,2
6000,900.35,0.7700665588,2
6000,900.4,0.7700482858,2
6000,900.45,0.7700300224,2
6000,900.5,0.7700117683,2
6000,900.55,0.7699935236,2
6000,900.6,0.7699752884,2
6000,900.65,0.7699570625,2
6000,900.7,0.7699388461,2
6000,900.75,0.7699206391,2
6000,900.8,0.7699024415,2
6000,900.85,0.7698842532,2
6000,900.9,0.7698660744,2
6000,900.95,0.769847905,2
6000,901,0.7698297449,2
6000,901.05,0.7698115942,2
6000,901.1,0.769793453,2
6000,901.15,0.769775321,2
6000,901.2,0.7697571985,2
6000,901.25,0.7697390854,2
6000,901.3,0.7697209816,2
6000,901.35,0.7697028871,2
6000,901.4,0.7696848021,2
6000,901.45,0.7696667264,2
6000,901.5,0.76964866,2
6000,901.55,0.769630603,2
6000,901.6,0.7696125554,2
6000,901.65,0.7695945171,2
6000,901.7,0.7695764881,2
6000,901.75,0.7695584685,2
6000,901.8,0.7695404582,2
6000,901.85,0.7695224573,2
6000,901.9,0.7695044657,2
6000,901.95,0.7694864834,2
6000,902,0.7694685105,2
6000,902.05,0.7694505468,2
6000,902.1,0.7694325925,2
6000,902.15,0.7694146475,2
6000,902.2,0.7693967119,2
6000,902.25,0.7693787855,2
6000,902.3,0.7693608684,2
6000,902.35,0.7693429607,2
6000,902.4,0.7693250622,2
6000,902.45,0.769307173,2
6000,902.5,0.7692892932,2
6000,902.55,0.7692714226,2
6000,902.6,0.7692535613,2
6000,902.65,0.7692357093,2
6000,902.7,0.7692178666,2
6000,902.75,0.7692000331,2
6000,902.8,0.769182209,2
6000,902.85,0.7691643941,2
6000,902.9,0.7691465884,2
6000,902.95,0.7691287921,2
6000,903,0.769111005,2
6000,903.05,0.7690932271,2
6000,903.1,0.7690754585,2
6000,903.15,0.7690576992,2
6000,903.2,0.7690399491,2
6000,903.25,0.7690222083,2
6000,903.3,0.7690044767,2
6000,903.35,0.7689867544,2
6000,903.4,0.7689690413,2
6000,903.45,0.7689513374,2
6000,903.5,0.7689336428,2
6000,903.55,0.7689159573,2
6000,903.6,0.7688982812,2
6000,903.65,0.7688806142,2
6000,903.7,0.7688629565,2
6000,903.75,0.7688453079,2
6000,903.8,0.7688276686,2
6000,903.85,0.7688100385,2
6000,903.9,0.7687924176,2
6000,903.95,0.7687748059,2
6000,904,0.7687572034,2
6000,904.05,0.7687396101,2
6000,904.1,0.768722026,2
6000,904.15,0.7687044511,2
6000,904.2,0.7686868854,2
6000,904.25,0.7686693288,2
6000,904.3,0.7686517815,2
6000,904.35,0.7686342433,2
6000,904.4,0.7686167143,2
6000,904.45,0.7685991945,2
6000,904.5,0.7685816838,2
6000,904.55,0.7685641823,2
6000,904.6,0.76854669,2
6000,904.65,0.7685292068,2
6000,904.7,0.7685117328,2
6000,904.75,0.7684942679,2
6000,904.8,0.7684768122,2
6000,904.85,0.7684593656,2
6000,904.9,0.7684419282,2
6000,904.95,0.7684244999,2
6000,905,0.7684070808,2
6000,905.05,0.7683896708,2
6000,905.1,0.7683722699,2
6000,905.15,0.7683548781,2
6000,905.2,0.7683374955,2
6000,905.25,0.768320122,2
6000,905.3,0.7683027576,2
6000,905.35,0.7682854024,2
6000,905.4,0.7682680562,2
6000,905.45,0.7682507192,2
6000,905.5,0.7682333912,2
6000,905.55,0.7682160724,2
6000,905.6,0.7681987627,2
6000,905.65,0.768181462,2
6000,905.7,0.7681641705,2
6000,905.75,0.768146888,2
6000,905.8,0.7681296147,2
6000,905.85,0.7681123504,2
6000,905.9,0.7680950952,2
6000,905.95,0.7680778491,2
6000,906,0.768060612,2
6000,906.05,0.7680433841,2
6000,906.1,0.7680261651,2
6000,906.15,0.7680089553,2
6000,906.2,0.7679917545,2
6000,906.25,0.7679745628,2
6000,906.3,0.7679573802,2
6000,906.35,0.7679402065,2
6000,906.4,0.767923042,2
6000,906.45,0.7679058865,2
6000,906.5,0.76788874,2
6000,906.55,0.7678716026,2
6000,906.6,0.7678544742,2
6000,906.65,0.7678373548,2
6000,906.7,0.7678202445,2
6000,906.75,0.7678031432,2
6000,906.8,0.767786051,2
6000,906.85,0.7677689677,2
6000,906.9,0.7677518935,2
6000,906.95,0.7677348283,2
6000,907,0.7677177721,2
6000,907.05,0.7677007249,2
6000,907.1,0.7676836867,2
6000,907.15,0.7676666575,2
6000,907.2,0.7676496373,2
6000,907.25,0.7676326261,2
6000,907.3,0.7676156239,2
6000,907.35,0.7675986307,2
6000,907.4,0.7675816465,2
6000,907.45,0.7675646713,2
6000,907.5,0.7675477051,2
6000,907.55,0.7675307478,2
6000,907.6,0.7675137995,2
6000,907.65,0.7674968602,2
6000,907.7,0.7674799298,2
6000,907.75,0.7674630084,2
6000,907.8,0.767446096,2
6000,907.85,0.7674291925,2
6000,907.9,0.767412298,2
6000,907.95,0.7673954124,2
6000,908,0.7673785358,2
6000,908.05,0.7673616682,2
6000,908.1,0.7673448094,2
6000,908.15,0.7673279596,2
6000,908.2,0.7673111188,2
6000,908.25,0.7672942869,2
6000,908.3,0.7672774639,2
6000,908.35,0.7672606499,2
6000,908.4,0.7672438447,2
6000,908.45,0.7672270485,2
6000,908.5,0.7672102612,2
6000,908.55,0.7671934829,2
6000,908.6,0.7671767134,2
6000,908.65,0.7671599528,2
6000,908.7,0.7671432012,2
6000,908.75,0.7671264585,2
6000,908.8,0.7671097246,2
6000,908.85,0.7670929997,2
6000,908.9,0.7670762836,2
6000,908.95,0.7670595764,2
6000,909,0.7670428782,2
6000,909.05,0.7670261888,2
6000,909.1,0.7670095082,2
6000,909.15,0.7669928366,2
6000,909.2,0.7669761738,2
6000,909.25,0.7669595199,2
6000,909.3,0.7669428749,2
6000,909.35,0.7669262388,2
6000,909.4,0.7669096115,2
6000,909.45,0.766892993,2
6000,909.5,0.7668763834,2
6000,909.55,0.7668597827,2
6000,909.6,0.7668431908,2
6000,909.65,0.7668266078,2
6000,909.7,0.7668100336,2
6000,909.75,0.7667934682,2
6000,909.8,0.7667769117,2
6000,909.85,0.766760364,2
6000,909.9,0.7667438252,2
6000,909.95,0.7667272951,2
6000,910,0.7667107739,2
6000,910.05,0.7666942616,2
6000,910.1,0.766677758,2
6000,910.15,0.7666612632,2
6000,910.2,0.7666447773,2
6000,910.25,0.7666283002,2
6000,910.3,0.7666118318,2
6000,910.35,0.7665953723,2
6000,910.4,0.7665789216,2
6000,910.45,0.7665624797,2
6000,910.5,0.7665460465,2
6000,910.55,0.7665296222,2
6000,910.6,0.7665132066,2
6000,910.65,0.7664967998,2
6000,910.7,0.7664804018,2
6000,910.75,0.7664640126,2
6000,910.8,0.7664476322,2
6000,910.85,0.7664312605,2
6000,910.9,0.7664148976,2
6000,910.95,0.7663985434,2
6000,911,0.766382198,2
6000,911.05,0.7663658614,2
6000,911.1,0.7663495335,2
6000,911.15,0.7663332144,2
6000,911.2,0.766316904,2
6000,911.25,0.7663006024,2
6000,911.3,0.7662843095,2
6000,911.35,0.7662680254,2
6000,911.4,0.76625175,2
6000,911.45,0.7662354833,2
6000,911.5,0.7662192253,2
6000,911.55,0.7662029761,2
6000,911.6,0.7661867356,2
6000,911.65,0.7661705038,2
6000,911.7,0.7661542808,2
6000,911.75,0.7661380664,2
6000,911.8,0.7661218608,2
6000,911.85,0.7661056639,2
6000,911.9,0.7660894756,2
6000,911.95,0.7660732961,2
6000,912,0.7660571253,2
6000,912.05,0.7660409632,2
6000,912.1,0.7660248097,2
6000,912.15,0.766008665,2
6000,912.2,0.7659925289,2
6000,912.25,0.7659764015,2
6000,912.3,0.7659602828,2
6000,912.35,0.7659441728,2
6000,912.4,0.7659280714,2
6000,912.45,0.7659119788,2
6000,912.5,0.7658958947,2
6000,912.55,0.7658798194,2
6000,912.6,0.7658637527,2
6000,912.65,0.7658476947,2
6000,912.7,0.7658316453,2
6000,912.75,0.7658156045,2
6000,912.8,0.7657995725,2
6000,912.85,0.765783549,2
6000,912.9,0.7657675342,2
6000,912.95,0.7657515281,2
6000,913,0.7657355305,2
6000,913.05,0.7657195417,2
6000,913.1,0.7657035614,2
6000,913.15,0.7656875898,2
6000,913.2,0.7656716267,2
6000,913.25,0.7656556723,2
6000,913.3,0.7656397266,2
6000,913.35,0.7656237894,2
6000,913.4,0.7656078608,2
6000,913.45,0.7655919409,2
6000,913.5,0.7655760296,2
6000,913.55,0.7655601268,2
6000,913.6,0.7655442327,2
6000,913.65,0.7655283471,2
6000,913.7,0.7655124702,2
6000,913.75,0.7654966018,2
6000,913.8,0.765480742,2
6000,913.85,0.7654648908,2
6000,913.9,0.7654490482,2
6000,913.95,0.7654332141,2
6000,914,0.7654173886,2
6000,914.05,0.7654015717,2
6000,914.1,0.7653857634,2
6000,914.15,0.7653699636,2
6000,914.2,0.7653541724,2
6000,914.25,0.7653383897,2
6000,914.3,0.7653226156,2
6000,914.35,0.76530685,2
6000,914.4,0.765291093,2
6000,914.45,0.7652753445,2
6000,914.5,0.7652596046,2
6000,914.55,0.7652438732,2
6000,914.6,0.7652281504,2
6000,914.65,0.765212436,2
6000,914.7,0.7651967302,2
6000,914.75,0.765181033,2
6000,914.8,0.7651653442,2
6000,914.85,0.765149664,2
6000,914.9,0.7651339923,2
6000,914.95,0.7651183291,2
6000,915,0.7651026744,2
6000,915.05,0.7650870282,2
6000,915.1,0.7650713905,2
6000,915.15,0.7650557613,2
6000,915.2,0.7650401406,2
6000,915.25,0.7650245285,2
6000,915.3,0.7650089247,2
6000,915.35,0.7649933295,2
6000,915.4,0.7649777428,2
6000,915.45,0.7649621646,2
6000,915.5,0.7649465948,2
6000,915.55,0.7649310335,2
6000,915.6,0.7649154807,2
6000,915.65,0.7648999363,2
6000,915.7,0.7648844004,2
6000,915.75,0.764868873,2
6000,915.8,0.764853354,2
6000,915.85,0.7648378435,2
6000,915.9,0.7648223414,2
6000,915.95,0.7648068478,2
6000,916,0.7647913627,2
6000,916.05,0.7647758859,2
6000,916.1,0.7647604177,2
6000,916.15,0.7647449578,2
6000,916.2,0.7647295064,2
6000,916.25,0.7647140634,2
6000,916.3,0.7646986289,2
6000,916.35,0.7646832028,2
6000,916.4,0.764667785,2
6000,916.45,0.7646523758,2
6000,916.5,0.7646369749,2
6000,916.55,0.7646215824,2
6000,916.6,0.7646061984,2
6000,916.65,0.7645908227,2
6000,916.7,0.7645754555,2
6000,916.75,0.7645600966,2
6000,916.8,0.7645447462,2
6000,916.85,0.7645294041,2
6000,916.9,0.7645140705,2
6000,916.95,0.7644987452,2
6000,917,0.7644834283,2
6000,917.05,0.7644681198,2
6000,917.1,0.7644528197,2
6000,917.15,0.7644375279,2
6000,917.2,0.7644222445,2
6000,917.25,0.7644069695,2
6000,917.3,0.7643917028,2
6000,917.35,0.7643764445,2
6000,917.4,0.7643611946,2
6000,917.45,0.764345953,2
6000,917.5,0.7643307198,2
6000,917.55,0.7643154949,2
6000,917.6,0.7643002784,2
6000,917.65,0.7642850702,2
6000,917.7,0.7642698703,2
6000,917.75,0.7642546788,2
6000,917.8,0.7642394956,2
6000,917.85,0.7642243208,2
6000,917.9,0.7642091543,2
6000,917.95,0.7641939961,2
6000,918,0.7641788462,2
6000,918.05,0.7641637046,2
6000,918.1,0.7641485714,2
6000,918.15,0.7641334465,2
6000,918.2,0.7641183298,2
6000,918.25,0.7641032215,2
6000,918.3,0.7640881215,2
6000,918.35,0.7640730298,2
6000,918.4,0.7640579463,2
6000,918.45,0.7640428712,2
6000,918.5,0.7640278044,2
6000,918.55,0.7640127458,2
6000,918.6,0.7639976955,2
6000,918.65,0.7639826535,2
6000,918.7,0.7639676198,2
6000,918.75,0.7639525944,2
6000,918.8,0.7639375772,2
6000,918.85,0.7639225683,2
6000,918.9,0.7639075677,2
6000,918.95,0.7638925753,2
6000,919,0.7638775912,2
6000,919.05,0.7638626153,2
6000,919.1,0.7638476477,2
6000,919.15,0.7638326883,2
6000,919.2,0.7638177372,2
6000,919.25,0.7638027943,2
6000,919.3,0.7637878597,2
6000,919.35,0.7637729333,2
6000,919.4,0.7637580151,2
6000,919.45,0.7637431052,2
6000,919.5,0.7637282035,2
6000,919.55,0.76371331,2
6000,919.6,0.7636984247,2
6000,919.65,0.7636835477,2
6000,919.7,0.7636686789,2
6000,919.75,0.7636538182,2
6000,919.8,0.7636389658,2
6000,919.85,0.7636241216,2
6000,919.9,0.7636092856,2
6000,919.95,0.7635944578,2
6000,920,0.7635796382,2
6000,920.05,0.7635648268,2
6000,920.1,0.7635500235,2
6000,920.15,0.7635352285,2
6000,920.2,0.7635204416,2
6000,920.25,0.7635056629,2
6000,920.3,0.7634908924,2
6000,920.35,0.7634761301,2
6000,920.4,0.7634613759,2
6000,920.45,0.7634466299,2
6000,920.5,0.7634318921,2
6000,920.55,0.7634171624,2
6000,920.6,0.7634024409,2
6000,920.65,0.7633877275,2
6000,920.7,0.7633730223,2
6000,920.75,0.7633583253,2
6000,920.8,0.7633436363,2
6000,920.85,0.7633289556,2
6000,920.9,0.7633142829,2
6000,920.95,0.7632996184,2
6000,921,0.7632849621,2
6000,921.05,0.7632703138,2
6000,921.1,0.7632556737,2
6000,921.15,0.7632410417,2
6000,921.2,0.7632264179,2
6000,921.25,0.7632118021,2
6000,921.3,0.7631971945,2
6000,921.35,0.763182595,2
6000,921.4,0.7631680036,2
6000,921.45,0.7631534202,2
6000,921.5,0.763138845,2
6000,921.55,0.7631242779,2
6000,921.6,0.7631097189,2
6000,921.65,0.763095168,2
6000,921.7,0.7630806251,2
6000,921.75,0.7630660904,2
6000,921.8,0.7630515637,2
6000,921.85,0.7630370451,2
6000,921.9,0.7630225346,2
6000,921.95,0.7630080322,2
6000,922,0.7629935378,2
6000,922.05,0.7629790515,2
6000,922.1,0.7629645733,2
6000,922.15,0.7629501031,2
6000,922.2,0.762935641,2
6000,922.25,0.7629211869,2
6000,922.3,0.7629067409,2
6000,922.35,0.762892303,2
6000,922.4,0.762877873,2
6000,922.45,0.7628634512,2
6000,922.5,0.7628490373,2
6000,922.55,0.7628346315,2
6000,922.6,0.7628202337,2
6000,922.65,0.762805844,2
6000,922.7,0.7627914623,2
6000,922.75,0.7627770886,2
6000,922.8,0.7627627229,2
6000,922.85,0.7627483653,2
6000,922.9,0.7627340156,2
6000,922.95,0.762719674,2
6000,923,0.7627053404,2
6000,923.05,0.7626910148,2
6000,923.1,0.7626766972,2
6000,923.15,0.7626623875,2
6000,923.2,0.7626480859,2
6000,923.25,0.7626337923,2
6000,923.3,0.7626195066,2
6000,923.35,0.762605229,2
6000,923.4,0.7625909593,2
6000,923.45,0.7625766976,2
6000,923.5,0.7625624439,2
6000,923.55,0.7625481982,2
6000,923.6,0.7625339604,2
6000,923.65,0.7625197306,2
6000,923.7,0.7625055087,2
6000,923.75,0.7624912948,2
6000,923.8,0.7624770889,2
6000,923.85,0.7624628909,2
6000,923.9,0.7624487009,2
6000,923.95,0.7624345189,2
6000,924,0.7624203447,2
6000,924.05,0.7624061786,2
6000,924.1,0.7623920203,2
6000,924.15,0.76237787,2
6000,924.2,0.7623637276,2
6000,924.25,0.7623495932,2
6000,924.3,0.7623354667,2
6000,924.35,0.7623213481,2
6000,924.4,0.7623072374,2
6000,924.45,0.7622931346,2
6000,924.5,0.7622790398,2
6000,924.55,0.7622649528,2
6000,924.6,0.7622508738,2
6000,924.65,0.7622368027,2
6000,924.7,0.7622227395,2
6000,924.75,0.7622086841,2
6000,924.8,0.7621946367,2
6000,924.85,0.7621805972,2
6000,924.9,0.7621665655,2
6000,924.95,0.7621525418,2
6000,925,0.7621385259,2
6000,925.05,0.7621245179,2
6000,925.1,0.7621105178,2
6000,925.15,0.7620965255,2
6000,925.2,0.7620825412,2
6000,925.25,0.7620685646,2
6000,925.3,0.762054596,2
6000,925.35,0.7620406352,2
6000,925.4,0.7620266823,2
6000,925.45,0.7620127372,2
6000,925.5,0.7619988,2
6000,925.55,0.7619848706,2
6000,925.6,0.7619709491,2
6000,925.65,0.7619570354,2
6000,925.7,0.7619431296,2
6000,925.75,0.7619292315,2
6000,925.8,0.7619153414,2
6000,925.85,0.761901459,2
6000,925.9,0.7618875845,2
6000,925.95,0.7618737178,2
6000,926,0.7618598589,2
6000,926.05,0.7618460079,2
6000,926.1,0.7618321646,2
6000,926.15,0.7618183292,2
6000,926.2,0.7618045016,2
6000,926.25,0.7617906817,2
6000,926.3,0.7617768697,2
6000,926.35,0.7617630655,2
6000,926.4,0.7617492691,2
6000,926.45,0.7617354804,2
6000,926.5,0.7617216996,2
6000,926.55,0.7617079265,2
6000,926.6,0.7616941613,2
6000,926.65,0.7616804038,2
6000,926.7,0.7616666541,2
6000,926.75,0.7616529121,2
6000,926.8,0.7616391779,2
6000,926.85,0.7616254515,2
6000,926.9,0.7616117329,2
6000,926.95,0.761598022,2
6000,927,0.7615843189,2
6000,927.05,0.7615706235,2
6000,927.1,0.7615569359,2
6000,927.15,0.7615432561,2
6000,927.2,0.7615295839,2
6000,927.25,0.7615159196,2
6000,927.3,0.7615022629,2
6000,927.35,0.761488614,2
6000,927.4,0.7614749729,2
6000,927.45,0.7614613394,2
6000,927.5,0.7614477137,2
6000,927.55,0.7614340957,2
6000,927.6,0.7614204855,2
6000,927.65,0.7614068829,2
6000,927.7,0.7613932881,2
6000,927.75,0.761379701,2
6000,927.8,0.7613661216,2
6000,927.85,0.7613525499,2
6000,927.9,0.7613389859,2
6000,927.95,0.7613254296,2
6000,928,0.761311881,2
6000,928.05,0.7612983401,2
6000,928.1,0.7612848068,2
6000,928.15,0.7612712813,2
6000,928.2,0.7612577634,2
6000,928.25,0.7612442533,2
6000,928.3,0.7612307508,2
6000,928.35,0.761217256,2
6000,928.4,0.7612037688,2
6000,928.45,0.7611902893,2
6000,928.5,0.7611768175,2
6000,928.55,0.7611633534,2
6000,928.6,0.7611498969,2
6000,928.65,0.761136448,2
6000,928.7,0.7611230068,2
6000,928.75,0.7611095733,2
6000,928.8,0.7610961474,2
6000,928.85,0.7610827292,2
6000,928.9,0.7610693186,2
6000,928.95,0.7610559156,2
6000,929,0.7610425203,2
6000,929.05,0.7610291326,2
6000,929.1,0.7610157525,2
6000,929.15,0.7610023801,2
6000,929.2,0.7609890152,2
6000,929.25,0.760975658,2
6000,929.3,0.7609623084,2
6000,929.35,0.7609489665,2
6000,929.4,0.7609356321,2
6000,929.45,0.7609223053,2
6000,929.5,0.7609089862,2
6000,929.55,0.7608956746,2
6000,929.6,0.7608823706,2
6000,929.65,0.7608690743,2
6000,929.7,0.7608557855,2
6000,929.75,0.7608425043,2
6000,929.8,0.7608292307,2
6000,929.85,0.7608159647,2
6000,929.9,0.7608027062,2
6000,929.95,0.7607894554,2
6000,930,0.7607762121,2
6000,930.05,0.7607629763,2
6000,930.1,0.7607497482,2
6000,930.15,0.7607365276,2
6000,930.2,0.7607233145,2
6000,930.25,0.7607101091,2
6000,930.3,0.7606969111,2
6000,930.35,0.7606837207,2
6000,930.4,0.7606705379,2
6000,930.45,0.7606573626,2
6000,930.5,0.7606441949,2
6000,930.55,0.7606310347,2
6000,930.6,0.760617882,2
6000,930.65,0.7606047369,2
6000,930.7,0.7605915993,2
6000,930.75,0.7605784692,2
6000,930.8,0.7605653466,2
6000,930.85,0.7605522316,2
6000,930.9,0.7605391241,2
6000,930.95,0.7605260241,2
6000,931,0.7605129316,2
6000,931.05,0.7604998466,2
6000,931.1,0.7604867691,2
6000,931.15,0.7604736991,2
6000,931.2,0.7604606366,2
6000,931.25,0.7604475816,2
6000,931.3,0.7604345341,2
6000,931.35,0.7604214941,2
6000,931.4,0.7604084616,2
6000,931.45,0.7603954366,2
6000,931.5,0.760382419,2
6000,931.55,0.7603694089,2
6000,931.6,0.7603564063,2
6000,931.65,0.7603434112,2
6000,931.7,0.7603304235,2
6000,931.75,0.7603174433,2
6000,931.8,0.7603044705,2
6000,931.85,0.7602915053,2
6000,931.9,0.7602785474,2
6000,931.95,0.760265597,2
6000,932,0.7602526541,2
6000,932.05,0.7602397186,2
6000,932.1,0.7602267906,2
6000,932.15,0.76021387,2
6000,932.2,0.7602009568,2
6000,932.25,0.7601880511,2
6000,932.3,0.7601751528,2
6000,932.35,0.7601622619,2
6000,932.4,0.7601493785,2
6000,932.45,0.7601365024,2
6000,932.5,0.7601236338,2
6000,932.55,0.7601107726,2
6000,932.6,0.7600979188,2
6000,932.65,0.7600850725,2
6000,932.7,0.7600722335,2
6000,932.75,0.7600594019,2
6000,932.8,0.7600465778,2
6000,932.85,0.760033761,2
6000,932.9,0.7600209516,2
6000,932.95,0.7600081496,2
6000,933,0.759995355,2
6000,933.05,0.7599825678,2
6000,933.1,0.759969788,2
6000,933.15,0.7599570156,2
6000,933.2,0.7599442505,2
6000,933.25,0.7599314928,2
6000,933.3,0.7599187424,2
6000,933.35,0.7599059995,2
6000,933.4,0.7598932639,2
6000,933.45,0.7598805356,2
6000,933.5,0.7598678147,2
6000,933.55,0.7598551012,2
6000,933.6,0.759842395,2
6000,933.65,0.7598296962,2
6000,933.7,0.7598170047,2
6000,933.75,0.7598043205,2
6000,933.8,0.7597916437,2
6000,933.85,0.7597789743,2
6000,933.9,0.7597663121,2
6000,933.95,0.7597536573,2
6000,934,0.7597410098,2
6000,934.05,0.7597283696,2
6000,934.1,0.7597157368,2
6000,934.15,0.7597031113,2
6000,934.2,0.7596904931,2
6000,934.25,0.7596778822,2
6000,934.3,0.7596652786,2
6000,934.35,0.7596526823,2
6000,934.4,0.7596400933,2
6000,934.45,0.7596275116,2
6000,934.5,0.7596149372,2
6000,934.55,0.7596023701,2
6000,934.6,0.7595898103,2
6000,934.65,0.7595772578,2
6000,934.7,0.7595647125,2
6000,934.75,0.7595521746,2
6000,934.8,0.7595396439,2
6000,934.85,0.7595271205,2
6000,934.9,0.7595146043,2
6000,934.95,0.7595020955,2
6000,935,0.7594895939,2
6000,935.05,0.7594770995,2
6000,935.1,0.7594646124,2
6000,935.15,0.7594521326,2
6000,935.2,0.75943966,2
6000,935.25,0.7594271947,2
6000,935.3,0.7594147366,2
6000,935.35,0.7594022858,2
6000,935.4,0.7593898422,2
6000,935.45,0.7593774058,2
6000,935.5,0.7593649767,2
6000,935.55,0.7593525548,2
6000,935.6,0.7593401402,2
6000,935.65,0.7593277327,2
6000,935.7,0.7593153325,2
6000,935.75,0.7593029395,2
6000,935.8,0.7592905537,2
6000,935.85,0.7592781752,2
6000,935.9,0.7592658038,2
6000,935.95,0.7592534397,2
6000,936,0.7592410827,2
6000,936.05,0.759228733,2
6000,936.1,0.7592163904,2
6000,936.15,0.7592040551,2
6000,936.2,0.7591917269,2
6000,936.25,0.759179406,2
6000,936.3,0.7591670922,2
6000,936.35,0.7591547856,2
6000,936.4,0.7591424861,2
6000,936.45,0.7591301939,2
6000,936.5,0.7591179088,2
6000,936.55,0.7591056309,2
6000,936.6,0.7590933602,2
6000,936.65,0.7590810966,2
6000,936.7,0.7590688402,2
6000,936.75,0.759056591,2
6000,936.8,0.7590443489,2
6000,936.85,0.7590321139,2
6000,936.9,0.7590198862,2
6000,936.95,0.7590076655,2
6000,937,0.758995452,2
6000,937.05,0.7589832456,2
6000,937.1,0.7589710464,2
6000,937.15,0.7589588543,2
6000,937.2,0.7589466694,2
6000,937.25,0.7589344915,2
6000,937.3,0.7589223208,2
6000,937.35,0.7589101572,2
6000,937.4,0.7588980008,2
6000,937.45,0.7588858514,2
6000,937.5,0.7588737092,2
6000,937.55,0.7588615741,2
6000,937.6,0.758849446,2
6000,937.65,0.7588373251,2
6000,937.7,0.7588252113,2
6000,937.75,0.7588131046,2
6000,937.8,0.758801005,2
6000,937.85,0.7587889124,2
6000,937.9,0.758776827,2
6000,937.95,0.7587647486,2
6000,938,0.7587526774,2
6000,938.05,0.7587406132,2
6000,938.1,0.758728556,2
6000,938.15,0.758716506,2
6000,938.2,0.758704463,2
6000,938.25,0.7586924271,2
6000,938.3,0.7586803983,2
6000,938.35,0.7586683765,2
6000,938.4,0.7586563618,2
6000,938.45,0.7586443541,2
6000,938.5,0.7586323535,2
6000,938.55,0.7586203599,2
6000,938.6,0.7586083734,2
6000,938.65,0.7585963939,2
6000,938.7,0.7585844215,2
6000,938.75,0.7585724561,2
6000,938.8,0.7585604977,2
6000,938.85,0.7585485464,2
6000,938.9,0.7585366021,2
6000,938.95,0.7585246648,2
6000,939,0.7585127345,2
6000,939.05,0.7585008113,2
6000,939.1,0.758488895,2
6000,939.15,0.7584769858,2
6000,939.2,0.7584650836,2
6000,939.25,0.7584531884,2
6000,939.3,0.7584413002,2
6000,939.35,0.758429419,2
6000,939.4,0.7584175448,2
6000,939.45,0.7584056776,2
6000,939.5,0.7583938174,2
6000,939.55,0.7583819642,2
6000,939.6,0.758370118,2
6000,939.65,0.7583582787,2
6000,939.7,0.7583464465,2
6000,939.75,0.7583346212,2
6000,939.8,0.7583228029,2
6000,939.85,0.7583109915,2
6000,939.9,0.7582991871,2
6000,939.95,0.7582873897,2
6000,940,0.7582755992,2
6000,940.05,0.7582638157,2
6000,940.1,0.7582520392,2
6000,940.15,0.7582402696,2
6000,940.2,0.758228507,2
6000,940.25,0.7582167513,2
6000,940.3,0.7582050025,2
6000,940.35,0.7581932607,2
6000,940.4,0.7581815259,2
6000,940.45,0.7581697979,2
6000,940.5,0.7581580769,2
6000,940.55,0.7581463628,2
6000,940.6,0.7581346557,2
6000,940.65,0.7581229555,2
6000,940.7,0.7581112621,2
6000,940.75,0.7580995758,2
6000,940.8,0.7580878963,2
6000,940.85,0.7580762237,2
6000,940.9,0.758064558,2
6000,940.95,0.7580528993,2
6000,941,0.7580412474,2
6000,941.05,0.7580296025,2
6000,941.1,0.7580179644,2
6000,941.15,0.7580063332,2
6000,941.2,0.757994709,2
6000,941.25,0.7579830916,2
6000,941.3,0.7579714811,2
6000,941.35,0.7579598774,2
6000,941.4,0.7579482807,2
6000,941.45,0.7579366908,2
6000,941.5,0.7579251078,2
6000,941.55,0.7579135317,2
6000,941.6,0.7579019624,2
6000,941.65,0.7578904,2
6000,941.7,0.7578788444,2
6000,941.75,0.7578672957,2
6000,941.8,0.7578557539,2
6000,941.85,0.7578442189,2
6000,941.9,0.7578326908,2
6000,941.95,0.7578211695,2
6000,942,0.757809655,2
6000,942.05,0.7577981474,2
6000,942.1,0.7577866466,2
6000,942.15,0.7577751526,2
6000,942.2,0.7577636655,2
6000,942.25,0.7577521852,2
6000,942.3,0.7577407118,2
6000,942.35,0.7577292451,2
6000,942.4,0.7577177853,2
6000,942.45,0.7577063322,2
6000,942.5,0.757694886,2
6000,942.55,0.7576834466,2
6000,942.6,0.7576720141,2
6000,942.65,0.7576605883,2
6000,942.7,0.7576491693,2
6000,942.75,0.7576377571,2
6000,942.8,0.7576263517,2
6000,942.85,0.7576149531,2
6000,942.9,0.7576035612,2
6000,942.95,0.7575921762,2
6000,943,0.7575807979,2
6000,943.05,0.7575694265,2
6000,943.1,0.7575580618,2
6000,943.15,0.7575467038,2
6000,943.2,0.7575353527,2
6000,943.25,0.7575240083,2
6000,943.3,0.7575126707,2
6000,943.35,0.7575013398,2
6000,943.4,0.7574900157,2
6000,943.45,0.7574786983,2
6000,943.5,0.7574673877,2
6000,943.55,0.7574560839,2
6000,943.6,0.7574447867,2
6000,943.65,0.7574334964,2
6000,943.7,0.7574222128,2
6000,943.75,0.7574109359,2
6000,943.8,0.7573996657,2
6000,943.85,0.7573884023,2
6000,943.9,0.7573771456,2
6000,943.95,0.7573658956,2
6000,944,0.7573546524,2
6000,944.05,0.7573434158,2
6000,944.1,0.757332186,2
6000,944.15,0.7573209629,2
6000,944.2,0.7573097465,2
6000,944.25,0.7572985368,2
6000,944.3,0.7572873339,2
6000,944.35,0.7572761376,2
6000,944.4,0.757264948,2
6000,944.45,0.7572537651,2
6000,944.5,0.7572425889,2
6000,944.55,0.7572314194,2
6000,944.6,0.7572202566,2
6000,944.65,0.7572091005,2
6000,944.7,0.757197951,2
6000,944.75,0.7571868082,2
6000,944.8,0.7571756721,2
6000,944.85,0.7571645427,2
6000,944.9,0.7571534199,2
6000,944.95,0.7571423039,2
6000,945,0.7571311944,2
6000,945.05,0.7571200916,2
6000,945.1,0.7571089955,2
6000,945.15,0.7570979061,2
6000,945.2,0.7570868233,2
6000,945.25,0.7570757471,2
6000,945.3,0.7570646776,2
6000,945.35,0.7570536147,2
6000,945.4,0.7570425585,2
6000,945.45,0.7570315089,2
6000,945.5,0.7570204659,2
6000,945.55,0.7570094295,2
6000,945.6,0.7569983998,2
6000,945.65,0.7569873767,2
6000,945.7,0.7569763603,2
6000,945.75,0.7569653504,2
6000,945.8,0.7569543472,2
6000,945.85,0.7569433506,2
6000,945.9,0.7569323606,2
6000,945.95,0.7569213772,2
6000,946,0.7569104003,2
6000,946.05,0.7568994301,2
6000,946.1,0.7568884665,2
6000,946.15,0.7568775095,2
6000,946.2,0.7568665591,2
6000,946.25,0.7568556153,2
6000,946.3,0.756844678,2
6000,946.35,0.7568337474,2
6000,946.4,0.7568228233,2
6000,946.45,0.7568119058,2
6000,946.5,0.7568009949,2
6000,946.55,0.7567900905,2
6000,946.6,0.7567791927,2
6000,946.65,0.7567683015,2
6000,946.7,0.7567574168,2
6000,946.75,0.7567465387,2
6000,946.8,0.7567356672,2
6000,946.85,0.7567248022,2
6000,946.9,0.7567139437,2
6000,946.95,0.7567030918,2
6000,947,0.7566922465,2
6000,947.05,0.7566814077,2
6000,947.1,0.7566705754,2
6000,947.15,0.7566597497,2
6000,947.2,0.7566489304,2
6000,947.25,0.7566381178,2
6000,947.3,0.7566273116,2
6000,947.35,0.756616512,2
6000,947.4,0.7566057189,2
6000,947.45,0.7565949323,2
6000,947.5,0.7565841522,2
6000,947.55,0.7565733787,2
6000,947.6,0.7565626116,2
6000,947.65,0.7565518511,2
6000,947.7,0.756541097,2
6000,947.75,0.7565303495,2
6000,947.8,0.7565196085,2
6000,947.85,0.7565088739,2
6000,947.9,0.7564981459,2
6000,947.95,0.7564874243,2
6000,948,0.7564767092,2
6000,948.05,0.7564660006,2
6000,948.1,0.7564552985,2
6000,948.15,0.7564446028,2
6000,948.2,0.7564339137,2
6000,948.25,0.756423231,2
6000,948.3,0.7564125547,2
6000,948.35,0.756401885,2
6000,948.4,0.7563912217,2
6000,948.45,0.7563805648,2
6000,948.5,0.7563699144,2
6000,948.55,0.7563592705,2
6000,948.6,0.756348633,2
6000,948.65,0.756338002,2
6000,948.7,0.7563273774,2
6000,948.75,0.7563167593,2
6000,948.8,0.7563061475,2
6000,948.85,0.7562955423,2
6000,948.9,0.7562849434,2
6000,948.95,0.756274351,2
6000,949,0.756263765,2
6000,949.05,0.7562531855,2
6000,949.1,0.7562426123,2
6000,949.15,0.7562320456,2
6000,949.2,0.7562214853,2
6000,949.25,0.7562109314,2
6000,949.3,0.7562003839,2
6000,949.35,0.7561898429,2
6000,949.4,0.7561793082,2
6000,949.45,0.7561687799,2
6000,949.5,0.756158258,2
6000,949.55,0.7561477426,2
6000,949.6,0.7561372335,2
6000,949.65,0.7561267308,2
6000,949.7,0.7561162345,2
6000,949.75,0.7561057445,2
6000,949.8,0.756095261,2
6000,949.85,0.7560847838,2
6000,949.9,0.756074313,2
6000,949.95,0.7560638486,2
6000,950,0.7560533905,2
6000,950.05,0.7560429389,2
6000,950.1,0.7560324935,2
6000,950.15,0.7560220546,2
6000,950.2,0.756011622,2
6000,950.25,0.7560011957,2
6000,950.3,0.7559907758,2
6000,950.35,0.7559803622,2
6000,950.4,0.755969955,2
6000,950.45,0.7559595542,2
6000,950.5,0.7559491596,2
6000,950.55,0.7559387714,2
6000,950.6,0.7559283896,2
6000,950.65,0.7559180141,2
6000,950.7,0.7559076449,2
6000,950.75,0.755897282,2
6000,950.8,0.7558869254,2
6000,950.85,0.7558765752,2
6000,950.9,0.7558662313,2
6000,950.95,0.7558558937,2
6000,951,0.7558455624,2
6000,951.05,0.7558352374,2
6000,951.1,0.7558249187,2
6000,951.15,0.7558146064,2
6000,951.2,0.7558043003,2
6000,951.25,0.7557940005,2
6000,951.3,0.755783707,2
6000,951.35,0.7557734198,2
6000,951.4,0.7557631389,2
6000,951.45,0.7557528643,2
6000,951.5,0.755742596,2
6000,951.55,0.7557323339,2
6000,951.6,0.7557220781,2
6000,951.65,0.7557118286,2
6000,951.7,0.7557015853,2
6000,951.75,0.7556913484,2
6000,951.8,0.7556811176,2
6000,951.85,0.7556708932,2
6000,951.9,0.755660675,2
6000,951.95,0.7556504631,2
6000,952,0.7556402574,2
6000,952.05,0.7556300579,2
6000,952.1,0.7556198648,2
6000,952.15,0.7556096778,2
6000,952.2,0.7555994971,2
6000,952.25,0.7555893226,2
6000,952.3,0.7555791544,2
6000,952.35,0.7555689924,2
6000,952.4,0.7555588366,2
6000,952.45,0.7555486871,2
6000,952.5,0.7555385438,2
6000,952.55,0.7555284067,2
6000,952.6,0.7555182758,2
6000,952.65,0.7555081512,2
6000,952.7,0.7554980327,2
6000,952.75,0.7554879205,2
6000,952.8,0.7554778144,2
6000,952.85,0.7554677146,2
6000,952.9,0.755457621,2
6000,952.95,0.7554475335,2
6000,953,0.7554374523,2
6000,953.05,0.7554273773,2
6000,953.1,0.7554173084,2
6000,953.15,0.7554072457,2
6000,953.2,0.7553971893,2
6000,953.25,0.755387139,2
6000,953.3,0.7553770948,2
6000,953.35,0.7553670569,2
6000,953.4,0.7553570251,2
6000,953.45,0.7553469995,2
6000,953.5,0.7553369801,2
6000,953.55,0.7553269668,2
6000,953.6,0.7553169597,2
6000,953.65,0.7553069587,2
6000,953.7,0.7552969639,2
6000,953.75,0.7552869752,2
6000,953.8,0.7552769927,2
6000,953.85,0.7552670164,2
6000,953.9,0.7552570462,2
6000,953.95,0.7552470821,2
6000,954,0.7552371242,2
6000,954.05,0.7552271724,2
6000,954.1,0.7552172267,2
6000,954.15,0.7552072871,2
6000,954.2,0.7551973537,2
6000,954.25,0.7551874264,2
6000,954.3,0.7551775053,2
6000,954.35,0.7551675902,2
6000,954.4,0.7551576813,2
6000,954.45,0.7551477785,2
6000,954.5,0.7551378817,2
6000,954.55,0.7551279911,2
6000,954.6,0.7551181066,2
6000,954.65,0.7551082282,2
6000,954.7,0.7550983559,2
6000,954.75,0.7550884897,2
6000,954.8,0.7550786296,2
6000,954.85,0.7550687755,2
6000,954.9,0.7550589276,2
6000,954.95,0.7550490857,2
6000,955,0.75503925,2
6000,955.05,0.7550294203,2
6000,955.1,0.7550195966,2
6000,955.15,0.7550097791,2
6000,955.2,0.7549999676,2
6000,955.25,0.7549901622,2
6000,955.3,0.7549803628,2
6000,955.35,0.7549705695,2
6000,955.4,0.7549607823,2
6000,955.45,0.7549510011,2
6000,955.5,0.7549412259,2
6000,955.55,0.7549314569,2
6000,955.6,0.7549216938,2
6000,955.65,0.7549119368,2
6000,955.7,0.7549021859,2
6000,955.75,0.754892441,2
6000,955.8,0.7548827021,2
6000,955.85,0.7548729692,2
6000,955.9,0.7548632424,2
6000,955.95,0.7548535216,2
6000,956,0.7548438068,2
6000,956.05,0.7548340981,2
6000,956.1,0.7548243954,2
6000,956.15,0.7548146987,2
6000,956.2,0.754805008,2
6000,956.25,0.7547953233,2
6000,956.3,0.7547856446,2
6000,956.35,0.7547759719,2
6000,956.4,0.7547663052,2
6000,956.45,0.7547566445,2
6000,956.5,0.7547469898,2
6000,956.55,0.7547373411,2
6000,956.6,0.7547276984,2
6000,956.65,0.7547180617,2
6000,956.7,0.754708431,2
6000,956.75,0.7546988062,2
6000,956.8,0.7546891875,2
6000,956.85,0.7546795747,2
6000,956.9,0.7546699678,2
6000,956.95,0.754660367,2
6000,957,0.7546507721,2
6000,957.05,0.7546411831,2
6000,957.1,0.7546316002,2
6000,957.15,0.7546220232,2
6000,957.2,0.7546124521,2
6000,957.25,0.754602887,2
6000,957.3,0.7545933279,2
6000,957.35,0.7545837747,2
6000,957.4,0.7545742274,2
6000,957.45,0.7545646861,2
6000,957.5,0.7545551507,2
6000,957.55,0.7545456213,2
6000,957.6,0.7545360978,2
6000,957.65,0.7545265802,2
6000,957.7,0.7545170686,2
6000,957.75,0.7545075628,2
6000,957.8,0.754498063,2
6000,957.85,0.7544885691,2
6000,957.9,0.7544790812,2
6000,957.95,0.7544695991,2
6000,958,0.754460123,2
6000,958.05,0.7544506527,2
6000,958.1,0.7544411884,2
6000,958.15,0.75443173,2
6000,958.2,0.7544222775,2
6000,958.25,0.7544128308,2
6000,958.3,0.7544033901,2
6000,958.35,0.7543939552,2
6000,958.4,0.7543845263,2
6000,958.45,0.7543751032,2
6000,958.5,0.754365686,2
6000,958.55,0.7543562747,2
6000,958.6,0.7543468693,2
6000,958.65,0.7543374697,2
6000,958.7,0.754328076,2
6000,958.75,0.7543186882,2
6000,958.8,0.7543093062,2
6000,958.85,0.7542999301,2
6000,958.9,0.7542905599,2
6000,958.95,0.7542811955,2
6000,959,0.754271837,2
6000,959.05,0.7542624843,2
6000,959.1,0.7542531375,2
6000,959.15,0.7542437965,2
6000,959.2,0.7542344614,2
6000,959.25,0.7542251321,2
6000,959.3,0.7542158086,2
6000,959.35,0.754206491,2
6000,959.4,0.7541971792,2
6000,959.45,0.7541878733,2
6000,959.5,0.7541785731,2
6000,959.55,0.7541692788,2
6000,959.6,0.7541599903,2
6000,959.65,0.7541507077,2
6000,959.7,0.7541414308,2
6000,959.75,0.7541321598,2
6000,959.8,0.7541228945,2
6000,959.85,0.7541136351,2
6000,959.9,0.7541043815,2
6000,959.95,0.7540951337,2
6000,960,0.7540858917,2
6000,960.05,0.7540766554,2
6000,960.1,0.754067425,2
6000,960.15,0.7540582004,2
6000,960.2,0.7540489815,2
6000,960.25,0.7540397684,2
6000,960.3,0.7540305611,2
6000,960.35,0.7540213596,2
6000,960.4,0.7540121639,2
6000,960.45,0.7540029739,2
6000,960.5,0.7539937898,2
6000,960.55,0.7539846113,2
6000,960.6,0.7539754387,2
6000,960.65,0.7539662718,2
6000,960.7,0.7539571106,2
6000,960.75,0.7539479553,2
6000,960.8,0.7539388056,2
6000,960.85,0.7539296618,2
6000,960.9,0.7539205237,2
6000,960.95,0.7539113913,2
6000,961,0.7539022646,2
6000,961.05,0.7538931437,2
6000,961.1,0.7538840286,2
6000,961.15,0.7538749192,2
6000,961.2,0.7538658155,2
6000,961.25,0.7538567175,2
6000,961.3,0.7538476253,2
6000,961.35,0.7538385388,2
6000,961.4,0.753829458,2
6000,961.45,0.7538203829,2
6000,961.5,0.7538113135,2
6000,961.55,0.7538022499,2
6000,961.6,0.753793192,2
6000,961.65,0.7537841397,2
6000,961.7,0.7537750932,2
6000,961.75,0.7537660524,2
6000,961.8,0.7537570172,2
6000,961.85,0.7537479878,2
6000,961.9,0.7537389641,2
6000,961.95,0.753729946,2
6000,962,0.7537209337,2
6000,962.05,0.753711927,2
6000,962.1,0.753702926,2
6000,962.15,0.7536939307,2
6000,962.2,0.7536849411,2
6000,962.25,0.7536759571,2
6000,962.3,0.7536669788,2
6000,962.35,0.7536580062,2
6000,962.4,0.7536490392,2
6000,962.45,0.7536400779,2
6000,962.5,0.7536311223,2
6000,962.55,0.7536221723,2
6000,962.6,0.753613228,2
6000,962.65,0.7536042893,2
6000,962.7,0.7535953563,2
6000,962.75,0.7535864289,2
6000,962.8,0.7535775072,2
6000,962.85,0.7535685911,2
6000,962.9,0.7535596806,2
6000,962.95,0.7535507758,2
6000,963,0.7535418766,2
6000,963.05,0.7535329831,2
6000,963.1,0.7535240951,2
6000,963.15,0.7535152128,2
6000,963.2,0.7535063362,2
6000,963.25,0.7534974651,2
6000,963.3,0.7534885996,2
6000,963.35,0.7534797398,2
6000,963.4,0.7534708856,2
6000,963.45,0.753462037,2
6000,963.5,0.7534531939,2
6000,963.55,0.7534443565,2
6000,963.6,0.7534355247,2
6000,963.65,0.7534266985,2
6000,963.7,0.7534178779,2
6000,963.75,0.7534090628,2
6000,963.8,0.7534002534,2
6000,963.85,0.7533914496,2
6000,963.9,0.7533826513,2
6000,963.95,0.7533738586,2
6000,964,0.7533650715,2
6000,964.05,0.7533562899,2
6000,964.1,0.753347514,2
6000,964.15,0.7533387436,2
6000,964.2,0.7533299787,2
6000,964.25,0.7533212195,2
6000,964.3,0.7533124658,2
6000,964.35,0.7533037176,2
6000,964.4,0.753294975,2
6000,964.45,0.753286238,2
6000,964.5,0.7532775065,2
6000,964.55,0.7532687806,2
6000,964.6,0.7532600602,2
6000,964.65,0.7532513453,2
6000,964.7,0.753242636,2
6000,964.75,0.7532339322,2
6000,964.8,0.753225234,2
6000,964.85,0.7532165413,2
6000,964.9,0.7532078541,2
6000,964.95,0.7531991724,2
6000,965,0.7531904963,2
6000,965.05,0.7531818257,2
6000,965.1,0.7531731606,2
6000,965.15,0.753164501,2
6000,965.2,0.7531558469,2
6000,965.25,0.7531471984,2
6000,965.3,0.7531385553,2
6000,965.35,0.7531299178,2
6000,965.4,0.7531212857,2
6000,965.45,0.7531126592,2
6000,965.5,0.7531040381,2
6000,965.55,0.7530954226,2
6000,965.6,0.7530868125,2
6000,965.65,0.7530782079,2
6000,965.7,0.7530696088,2
6000,965.75,0.7530610152,2
6000,965.8,0.7530524271,2
6000,965.85,0.7530438444,2
6000,965.9,0.7530352672,2
6000,965.95,0.7530266955,2
6000,966,0.7530181293,2
6000,966.05,0.7530095685,2
6000,966.1,0.7530010132,2
6000,966.15,0.7529924633,2
6000,966.2,0.7529839189,2
6000,966.25,0.75297538,2
6000,966.3,0.7529668465,2
6000,966.35,0.7529583185,2
6000,966.4,0.7529497959,2
6000,966.45,0.7529412787,2
6000,966.5,0.752932767,2
6000,966.55,0.7529242608,2
6000,966.6,0.7529157599,2
6000,966.65,0.7529072645,2
6000,966.7,0.7528987746,2
6000,966.75,0.75289029,2
6000,966.8,0.7528818109,2
6000,966.85,0.7528733372,2
6000,966.9,0.752864869,2
6000,966.95,0.7528564061,2
6000,967,0.7528479487,2
6000,967.05,0.7528394967,2
6000,967.1,0.7528310501,2
6000,967.15,0.7528226088,2
6000,967.2,0.752814173,2
6000,967.25,0.7528057426,2
6000,967.3,0.7527973176,2
6000,967.35,0.752788898,2
6000,967.4,0.7527804838,2
6000,967.45,0.752772075,2
6000,967.5,0.7527636716,2
6000,967.55,0.7527552735,2
6000,967.6,0.7527468809,2
6000,967.65,0.7527384936,2
6000,967.7,0.7527301117,2
6000,967.75,0.7527217351,2
6000,967.8,0.752713364,2
6000,967.85,0.7527049982,2
6000,967.9,0.7526966378,2
6000,967.95,0.7526882827,2
6000,968,0.752679933,2
6000,968.05,0.7526715886,2
6000,968.1,0.7526632497,2
6000,968.15,0.752654916,2
6000,968.2,0.7526465877,2
6000,968.25,0.7526382648,2
6000,968.3,0.7526299472,2
6000,968.35,0.752621635,2
6000,968.4,0.7526133281,2
6000,968.45,0.7526050265,2
6000,968.5,0.7525967303,2
6000,968.55,0.7525884393,2
6000,968.6,0.7525801538,2
6000,968.65,0.7525718735,2
6000,968.7,0.7525635986,2
6000,968.75,0.752555329,2
6000,968.8,0.7525470647,2
6000,968.85,0.7525388057,2
6000,968.9,0.7525305521,2
6000,968.95,0.7525223037,2
6000,969,0.7525140607,2
6000,969.05,0.752505823,2
6000,969.1,0.7524975905,2
6000,969.15,0.7524893634,2
6000,969.2,0.7524811416,2
6000,969.25,0.752472925,2
6000,969.3,0.7524647138,2
6000,969.35,0.7524565078,2
6000,969.4,0.7524483071,2
6000,969.45,0.7524401117,2
6000,969.5,0.7524319216,2
6000,969.55,0.7524237368,2
6000,969.6,0.7524155573,2
6000,969.65,0.752407383,2
6000,969.7,0.752399214,2
6000,969.75,0.7523910502,2
6000,969.8,0.7523828917,2
6000,969.85,0.7523747385,2
6000,969.9,0.7523665906,2
6000,969.95,0.7523584479,2
6000,970,0.7523503104,2
6000,970.05,0.7523421782,2
6000,970.1,0.7523340513,2
6000,970.15,0.7523259296,2
6000,970.2,0.7523178132,2
6000,970.25,0.7523097019,2
6000,970.3,0.752301596,2
6000,970.35,0.7522934952,2
6000,970.4,0.7522853997,2
6000,970.45,0.7522773095,2
6000,970.5,0.7522692244,2
6000,970.55,0.7522611446,2
6000,970.6,0.75225307,2
6000,970.65,0.7522450006,2
6000,970.7,0.7522369365,2
6000,970.75,0.7522288775,2
6000,970.8,0.7522208238,2
6000,970.85,0.7522127753,2
6000,970.9,0.752204732,2
6000,970.95,0.7521966939,2
6000,971,0.752188661,2
6000,971.05,0.7521806333,2
6000,971.1,0.7521726108,2
6000,971.15,0.7521645934,2
6000,971.2,0.7521565813,2
6000,971.25,0.7521485744,2
6000,971.3,0.7521405726,2
6000,971.35,0.7521325761,2
6000,971.4,0.7521245847,2
6000,971.45,0.7521165985,2
6000,971.5,0.7521086174,2
6000,971.55,0.7521006416,2
6000,971.6,0.7520926709,2
6000,971.65,0.7520847054,2
6000,971.7,0.752076745,2
6000,971.75,0.7520687898,2
6000,971.8,0.7520608398,2
6000,971.85,0.7520528949,2
6000,971.9,0.7520449552,2
6000,971.95,0.7520370206,2
6000,972,0.7520290912,2
6000,972.05,0.7520211669,2
6000,972.1,0.7520132478,2
6000,972.15,0.7520053338,2
6000,972.2,0.7519974249,2
6000,972.25,0.7519895212,2
6000,972.3,0.7519816226,2
6000,972.35,0.7519737292,2
6000,972.4,0.7519658409,2
6000,972.45,0.7519579577,2
6000,972.5,0.7519500796,2
6000,972.55,0.7519422067,2
6000,972.6,0.7519343388,2
6000,972.65,0.7519264761,2
6000,972.7,0.7519186185,2
6000,972.75,0.751910766,2
6000,972.8,0.7519029186,2
6000,972.85,0.7518950763,2
6000,972.9,0.7518872391,2
6000,972.95,0.7518794071,2
6000,973,0.7518715801,2
6000,973.05,0.7518637582,2
6000,973.1,0.7518559414,2
6000,973.15,0.7518481297,2
6000,973.2,0.7518403231,2
6000,973.25,0.7518325215,2
6000,973.3,0.7518247251,2
6000,973.35,0.7518169337,2
6000,973.4,0.7518091474,2
6000,973.45,0.7518013661,2
6000,973.5,0.75179359,2
6000,973.55,0.7517858189,2
6000,973.6,0.7517780529,2
6000,973.65,0.7517702919,2
6000,973.7,0.751762536,2
6000,973.75,0.7517547852,2
6000,973.8,0.7517470394,2
6000,973.85,0.7517392986,2
6000,973.9,0.751731563,2
6000,973.95,0.7517238323,2
6000,974,0.7517161067,2
6000,974.05,0.7517083862,2
6000,974.1,0.7517006707,2
6000,974.15,0.7516929602,2
6000,974.2,0.7516852548,2
6000,974.25,0.7516775544,2
6000,974.3,0.751669859,2
6000,974.35,0.7516621687,2
6000,974.4,0.7516544833,2
6000,974.45,0.751646803,2
6000,974.5,0.7516391277,2
6000,974.55,0.7516314575,2
6000,974.6,0.7516237922,2
6000,974.65,0.751616132,2
6000,974.7,0.7516084768,2
6000,974.75,0.7516008265,2
6000,974.8,0.7515931813,2
6000,974.85,0.7515855411,2
6000,974.9,0.7515779059,2
6000,974.95,0.7515702756,2
6000,975,0.7515626504,2
6000,975.05,0.7515550302,2
6000,975.1,0.7515474149,2
6000,975.15,0.7515398047,2
6000,975.2,0.7515321994,2
6000,975.25,0.7515245991,2
6000,975.3,0.7515170037,2
6000,975.35,0.7515094134,2
6000,975.4,0.751501828,2
6000,975.45,0.7514942476,2
6000,975.5,0.7514866722,2
6000,975.55,0.7514791017,2
6000,975.6,0.7514715362,2
6000,975.65,0.7514639756,2
6000,975.7,0.7514564201,2
6000,975.75,0.7514488694,2
6000,975.8,0.7514413237,2
6000,975.85,0.751433783,2
6000,975.9,0.7514262472,2
6000,975.95,0.7514187164,2
6000,976,0.7514111905,2
6000,976.05,0.7514036695,2
6000,976.1,0.7513961535,2
6000,976.15,0.7513886424,2
6000,976.2,0.7513811362,2
6000,976.25,0.751373635,2
6000,976.3,0.7513661387,2
6000,976.35,0.7513586473,2
6000,976.4,0.7513511609,2
6000,976.45,0.7513436793,2
6000,976.5,0.7513362027,2
6000,976.55,0.751328731,2
6000,976.6,0.7513212642,2
6000,976.65,0.7513138023,2
6000,976.7,0.7513063453,2
6000,976.75,0.7512988933,2
6000,976.8,0.7512914461,2
6000,976.85,0.7512840038,2
6000,976.9,0.7512765664,2
6000,976.95,0.7512691339,2
6000,977,0.7512617063,2
6000,977.05,0.7512542836,2
6000,977.1,0.7512468658,2
6000,977.15,0.7512394529,2
6000,977.2,0.7512320448,2
6000,977.25,0.7512246416,2
6000,977.3,0.7512172433,2
6000,977.35,0.7512098499,2
6000,977.4,0.7512024614,2
6000,977.45,0.7511950777,2
6000,977.5,0.7511876988,2
6000,977.55,0.7511803249,2
6000,977.6,0.7511729558,2
6000,977.65,0.7511655915,2
6000,977.7,0.7511582321,2
6000,977.75,0.7511508776,2
6000,977.8,0.7511435279,2
6000,977.85,0.7511361831,2
6000,977.9,0.7511288431,2
6000,977.95,0.751121508,2
6000,978,0.7511141777,2
6000,978.05,0.7511068522,2
6000,978.1,0.7510995316,2
6000,978.15,0.7510922158,2
6000,978.2,0.7510849048,2
6000,978.25,0.7510775986,2
6000,978.3,0.7510702973,2
6000,978.35,0.7510630008,2
6000,978.4,0.7510557092,2
6000,978.45,0.7510484223,2
6000,978.5,0.7510411403,2
6000,978.55,0.751033863,2
6000,978.6,0.7510265906,2
6000,978.65,0.751019323,2
6000,978.7,0.7510120602,2
6000,978.75,0.7510048022,2
6000,978.8,0.750997549,2
6000,978.85,0.7509903006,2
6000,978.9,0.750983057,2
6000,978.95,0.7509758181,2
6000,979,0.7509685841,2
6000,979.05,0.7509613549,2
6000,979.1,0.7509541304,2
6000,979.15,0.7509469107,2
6000,979.2,0.7509396959,2
6000,979.25,0.7509324857,2
6000,979.3,0.7509252804,2
6000,979.35,0.7509180798,2
6000,979.4,0.750910884,2
6000,979.45,0.750903693,2
6000,979.5,0.7508965067,2
6000,979.55,0.7508893252,2
6000,979.6,0.7508821485,2
6000,979.65,0.7508749765,2
6000,979.7,0.7508678093,2
6000,979.75,0.7508606468,2
6000,979.8,0.7508534891,2
6000,979.85,0.7508463361,2
6000,979.9,0.7508391878,2
6000,979.95,0.7508320443,2
6000,980,0.7508249056,2
6000,980.05,0.7508177716,2
6000,980.1,0.7508106423,2
6000,980.15,0.7508035177,2
6000,980.2,0.7507963979,2
6000,980.25,0.7507892828,2
6000,980.3,0.7507821724,2
6000,980.35,0.7507750668,2
6000,980.4,0.7507679659,2
6000,980.45,0.7507608697,2
6000,980.5,0.7507537782,2
6000,980.55,0.7507466914,2
6000,980.6,0.7507396093,2
6000,980.65,0.7507325319,2
6000,980.7,0.7507254593,2
6000,980.75,0.7507183913,2
6000,980.8,0.7507113281,2
6000,980.85,0.7507042695,2
6000,980.9,0.7506972156,2
6000,980.95,0.7506901665,2
6000,981,0.750683122,2
6000,981.05,0.7506760822,2
6000,981.1,0.7506690471,2
6000,981.15,0.7506620167,2
6000,981.2,0.7506549909,2
6000,981.25,0.7506479699,2
6000,981.3,0.7506409535,2
6000,981.35,0.7506339417,2
6000,981.4,0.7506269347,2
6000,981.45,0.7506199323,2
6000,981.5,0.7506129346,2
6000,981.55,0.7506059415,2
6000,981.6,0.7505989531,2
6000,981.65,0.7505919694,2
6000,981.7,0.7505849903,2
6000,981.75,0.7505780159,2
6000,981.8,0.7505710461,2
6000,981.85,0.750564081,2
6000,981.9,0.7505571205,2
6000,981.95,0.7505501647,2
6000,982,0.7505432135,2
6000,982.05,0.7505362669,2
6000,982.1,0.750529325,2
6000,982.15,0.7505223877,2
6000,982.2,0.750515455,2
6000,982.25,0.750508527,2
6000,982.3,0.7505016036,2
6000,982.35,0.7504946848,2
6000,982.4,0.7504877706,2
6000,982.45,0.7504808611,2
6000,982.5,0.7504739562,2
6000,982.55,0.7504670558,2
6000,982.6,0.7504601601,2
6000,982.65,0.750453269,2
6000,982.7,0.7504463825,2
6000,982.75,0.7504395007,2
6000,982.8,0.7504326234,2
6000,982.85,0.7504257507,2
6000,982.9,0.7504188826,2
6000,982.95,0.7504120191,2
6000,983,0.7504051602,2
6000,983.05,0.7503983059,2
6000,983.1,0.7503914562,2
6000,983.15,0.750384611,2
6000,983.2,0.7503777704,2
6000,983.25,0.7503709345,2
6000,983.3,0.750364103,2
6000,983.35,0.7503572762,2
6000,983.4,0.750350454,2
6000,983.45,0.7503436363,2
6000,983.5,0.7503368231,2
6000,983.55,0.7503300146,2
6000,983.6,0.7503232106,2
6000,983.65,0.7503164111,2
6000,983.7,0.7503096163,2
6000,983.75,0.7503028259,2
6000,983.8,0.7502960402,2
6000,983.85,0.7502892589,2
6000,983.9,0.7502824823,2
6000,983.95,0.7502757101,2
6000,984,0.7502689425,2
6000,984.05,0.7502621795,2
6000,984.1,0.750255421,2
6000,984.15,0.750248667,2
6000,984.2,0.7502419176,2
6000,984.25,0.7502351726,2
6000,984.3,0.7502284323,2
6000,984.35,0.7502216964,2
6000,984.4,0.7502149651,2
6000,984.45,0.7502082382,2
6000,984.5,0.750201516,2
6000,984.55,0.7501947982,2
6000,984.6,0.7501880849,2
6000,984.65,0.7501813761,2
6000,984.7,0.7501746719,2
6000,984.75,0.7501679722,2
6000,984.8,0.7501612769,2
6000,984.85,0.7501545862,2
6000,984.9,0.7501478999,2
6000,984.95,0.7501412182,2
6000,985,0.750134541,2
6000,985.05,0.7501278682,2
6000,985.1,0.7501211999,2
6000,985.15,0.7501145362,2
6000,985.2,0.7501078769,2
6000,985.25,0.750101222,2
6000,985.3,0.7500945717,2
6000,985.35,0.7500879259,2
6000,985.4,0.7500812845,2
6000,985.45,0.7500746476,2
6000,985.5,0.7500680151,2
6000,985.55,0.7500613872,2
6000,985.6,0.7500547636,2
6000,985.65,0.7500481446,2
6000,985.7,0.75004153,2
6000,985.75,0.7500349199,2
6000,985.8,0.7500283142,2
6000,985.85,0.750021713,2
6000,985.9,0.7500151162,2
6000,985.95,0.7500085239,2
6000,986,0.750001936,2
6000,986.05,0.7499953526,2
6000,986.1,0.7499887736,2
6000,986.15,0.7499821991,2
6000,986.2,0.749975629,2
6000,986.25,0.7499690633,2
6000,986.3,0.749962502,2
6000,986.35,0.7499559452,2
6000,986.4,0.7499493928,2
6000,986.45,0.7499428449,2
6000,986.5,0.7499363013,2
6000,986.55,0.7499297622,2
6000,986.6,0.7499232275,2
6000,986.65,0.7499166972,2
6000,986.7,0.7499101713,2
6000,986.75,0.7499036498,2
6000,986.8,0.7498971328,2
6000,986.85,0.7498906201,2
6000,986.9,0.7498841118,2
6000,986.95,0.749877608,2
6000,987,0.7498711085,2
6000,987.05,0.7498646135,2
6000,987.1,0.7498581228,2
6000,987.15,0.7498516365,2
6000,987.2,0.7498451546,2
6000,987.25,0.7498386771,2
6000,987.3,0.749832204,2
6000,987.35,0.7498257353,2
6000,987.4,0.7498192709,2
6000,987.45,0.7498128109,2
6000,987.5,0.7498063553,2
6000,987.55,0.7497999041,2
6000,987.6,0.7497934572,2
6000,987.65,0.7497870147,2
6000,987.7,0.7497805766,2
6000,987.75,0.7497741428,2
6000,987.8,0.7497677134,2
6000,987.85,0.7497612883,2
6000,987.9,0.7497548676,2
6000,987.95,0.7497484513,2
6000,988,0.7497420393,2
6000,988.05,0.7497356316,2
6000,988.1,0.7497292283,2
6000,988.15,0.7497228294,2
6000,988.2,0.7497164347,2
6000,988.25,0.7497100444,2
6000,988.3,0.7497036585,2
6000,988.35,0.7496972769,2
6000,988.4,0.7496908996,2
6000,988.45,0.7496845267,2
6000,988.5,0.749678158,2
6000,988.55,0.7496717937,2
6000,988.6,0.7496654338,2
6000,988.65,0.7496590781,2
6000,988.7,0.7496527268,2
6000,988.75,0.7496463797,2
6000,988.8,0.749640037,2
6000,988.85,0.7496336986,2
6000,988.9,0.7496273645,2
6000,988.95,0.7496210347,2
6000,989,0.7496147092,2
6000,989.05,0.7496083881,2
6000,989.1,0.7496020712,2
6000,989.15,0.7495957586,2
6000,989.2,0.7495894503,2
6000,989.25,0.7495831463,2
6000,989.3,0.7495768465,2
6000,989.35,0.7495705511,2
6000,989.4,0.74956426,2
6000,989.45,0.7495579731,2
6000,989.5,0.7495516905,2
6000,989.55,0.7495454122,2
6000,989.6,0.7495391382,2
6000,989.65,0.7495328684,2
6000,989.7,0.7495266029,2
6000,989.75,0.7495203417,2
6000,989.8,0.7495140848,2
6000,989.85,0.7495078321,2
6000,989.9,0.7495015836,2
6000,989.95,0.7494953395,2
6000,990,0.7494890995,2
6000,990.05,0.7494828639,2
6000,990.1,0.7494766325,2
6000,990.15,0.7494704053,2
6000,990.2,0.7494641824,2
6000,990.25,0.7494579637,2
6000,990.3,0.7494517493,2
6000,990.35,0.7494455391,2
6000,990.4,0.7494393332,2
6000,990.45,0.7494331314,2
6000,990.5,0.749426934,2
6000,990.55,0.7494207407,2
6000,990.6,0.7494145517,2
6000,990.65,0.7494083669,2
6000,990.7,0.7494021863,2
6000,990.75,0.74939601,2
6000,990.8,0.7493898378,2
6000,990.85,0.7493836699,2
6000,990.9,0.7493775062,2
6000,990.95,0.7493713467,2
6000,991,0.7493651914,2
6000,991.05,0.7493590404,2
6000,991.1,0.7493528935,2
6000,991.15,0.7493467508,2
6000,991.2,0.7493406124,2
6000,991.25,0.7493344781,2
6000,991.3,0.749328348,2
6000,991.35,0.7493222221,2
6000,991.4,0.7493161004,2
6000,991.45,0.7493099829,2
6000,991.5,0.7493038696,2
6000,991.55,0.7492977605,2
6000,991.6,0.7492916556,2
6000,991.65,0.7492855548,2
6000,991.7,0.7492794582,2
6000,991.75,0.7492733658,2
6000,991.8,0.7492672775,2
6000,991.85,0.7492611935,2
6000,991.9,0.7492551136,2
6000,991.95,0.7492490378,2
6000,992,0.7492429663,2
6000,992.05,0.7492368988,2
6000,992.1,0.7492308356,2
6000,992.15,0.7492247765,2
6000,992.2,0.7492187215,2
6000,992.25,0.7492126708,2
6000,992.3,0.7492066241,2
6000,992.35,0.7492005816,2
6000,992.4,0.7491945433,2
6000,992.45,0.7491885091,2
6000,992.5,0.749182479,2
6000,992.55,0.7491764531,2
6000,992.6,0.7491704313,2
6000,992.65,0.7491644136,2
6000,992.7,0.7491584001,2
6000,992.75,0.7491523907,2
6000,992.8,0.7491463854,2
6000,992.85,0.7491403843,2
6000,992.9,0.7491343872,2
6000,992.95,0.7491283943,2
6000,993,0.7491224055,2
6000,993.05,0.7491164209,2
6000,993.1,0.7491104403,2
6000,993.15,0.7491044638,2
6000,993.2,0.7490984915,2
6000,993.25,0.7490925233,2
6000,993.3,0.7490865591,2
6000,993.35,0.7490805991,2
6000,993.4,0.7490746432,2
6000,993.45,0.7490686913,2
6000,993.5,0.7490627436,2
6000,993.55,0.7490567999,2
6000,993.6,0.7490508604,2
6000,993.65,0.7490449249,2
6000,993.7,0.7490389935,2
6000,993.75,0.7490330662,2
6000,993.8,0.749027143,2
6000,993.85,0.7490212239,2
6000,993.9,0.7490153088,2
6000,993.95,0.7490093978,2
6000,994,0.7490034909,2
6000,994.05,0.748997588,2
6000,994.1,0.7489916892,2
6000,994.15,0.7489857945,2
6000,994.2,0.7489799039,2
6000,994.25,0.7489740173,2
6000,994.3,0.7489681347,2
6000,994.35,0.7489622563,2
6000,994.4,0.7489563818,2
6000,994.45,0.7489505115,2
6000,994.5,0.7489446451,2
6000,994.55,0.7489387829,2
6000,994.6,0.7489329246,2
6000,994.65,0.7489270704,2
6000,994.7,0.7489212203,2
6000,994.75,0.7489153742,2
6000,994.8,0.7489095321,2
6000,994.85,0.748903694,2
6000,994.9,0.74889786,2
6000,994.95,0.74889203,2
6000,995,0.7488862041,2
6000,995.05,0.7488803821,2
6000,995.1,0.7488745642,2
6000,995.15,0.7488687503,2
6000,995.2,0.7488629405,2
6000,995.25,0.7488571346,2
6000,995.3,0.7488513327,2
6000,995.35,0.7488455349,2
6000,995.4,0.7488397411,2
6000,995.45,0.7488339513,2
6000,995.5,0.7488281654,2
6000,995.55,0.7488223836,2
6000,995.6,0.7488166058,2
6000,995.65,0.748810832,2
6000,995.7,0.7488050622,2
6000,995.75,0.7487992963,2
6000,995.8,0.7487935345,2
6000,995.85,0.7487877766,2
6000,995.9,0.7487820228,2
6000,995.95,0.7487762729,2
6000,996,0.748770527,2
6000,996.05,0.7487647851,2
6000,996.1,0.7487590471,2
6000,996.15,0.7487533131,2
6000,996.2,0.7487475831,2
6000,996.25,0.7487418571,2
6000,996.3,0.7487361351,2
6000,996.35,0.748730417,2
6000,996.4,0.7487247028,2
6000,996.45,0.7487189927,2
6000,996.5,0.7487132865,2
6000,996.55,0.7487075842,2
6000,996.6,0.7487018859,2
6000,996.65,0.7486961916,2
6000,996.7,0.7486905012,2
6000,996.75,0.7486848147,2
6000,996.8,0.7486791322,2
6000,996.85,0.7486734537,2
6000,996.9,0.7486677791,2
6000,996.95,0.7486621084,2
6000,997,0.7486564416,2
6000,997.05,0.7486507788,2
6000,997.1,0.74864512,2
6000,997.15,0.748639465,2
6000,997.2,0.748633814,2
6000,997.25,0.7486281669,2
6000,997.3,0.7486225238,2
6000,997.35,0.7486168845,2
6000,997.4,0.7486112492,2
6000,997.45,0.7486056178,2
6000,997.5,0.7485999903,2
6000,997.55,0.7485943667,2
6000,997.6,0.7485887471,2
6000,997.65,0.7485831313,2
6000,997.7,0.7485775194,2
6000,997.75,0.7485719115,2
6000,997.8,0.7485663074,2
6000,997.85,0.7485607073,2
6000,997.9,0.748555111,2
6000,997.95,0.7485495187,2
6000,998,0.7485439302,2
6000,998.05,0.7485383456,2
6000,998.1,0.7485327649,2
6000,998.15,0.7485271881,2
6000,998.2,0.7485216152,2
6000,998.25,0.7485160462,2
6000,998.3,0.748510481,2
6000,998.35,0.7485049198,2
6000,998.4,0.7484993624,2
6000,998.45,0.7484938088,2
6000,998.5,0.7484882592,2
6000,998.55,0.7484827134,2
6000,998.6,0.7484771714,2
6000,998.65,0.7484716334,2
6000,998.7,0.7484660992,2
6000,998.75,0.7484605688,2
6000,998.8,0.7484550424,2
6000,998.85,0.7484495197,2
6000,998.9,0.748444001,2
6000,998.95,0.748438486,2
6000,999,0.748432975,2
6000,999.05,0.7484274677,2
6000,999.1,0.7484219643,2
6000,999.15,0.7484164648,2
6000,999.2,0.7484109691,2
6000,999.25,0.7484054772,2
6000,999.3,0.7483999892,2
6000,999.35,0.748394505,2
6000,999.4,0.7483890247,2
6000,999.45,0.7483835481,2
6000,999.5,0.7483780754,2
6000,999.55,0.7483726065,2
6000,999.6,0.7483671415,2
6000,999.65,0.7483616802,2
6000,999.7,0.7483562228,2
6000,999.75,0.7483507692,2
6000,999.8,0.7483453194,2
6000,999.85,0.7483398734,2
6000,999.9,0.7483344312,2
6000,999.95,0.7483289929,2
6000,1000,0.7483235583,2
