# macdonald-rain-sup — MacDonald 1000 m channel, supercritical with rain
# SWASHES 3.3.2; Delestre et al. 2013, doi 10.1002/fld.3741
# Independent Python implementation (swasheslib/analytic.py); no SWASHES-tool output vendored.
# grid: 20001 stations (20x model resolution nx=1000)
t_s,x_m,h_m,q_m2_per_s
12000,0,0.7415144329,2.5
12000,0.05,0.7415144,2.50005
12000,0.1,0.7415143669,2.5001
12000,0.15,0.7415143338,2.50015
12000,0.2,0.7415143007,2.5002
12000,0.25,0.7415142675,2.50025
12000,0.3,0.7415142343,2.5003
12000,0.35,0.7415142009,2.50035
12000,0.4,0.7415141676,2.5004
12000,0.45,0.7415141342,2.50045
12000,0.5,0.7415141007,2.5005
12000,0.55,0.7415140671,2.50055
12000,0.6,0.7415140335,2.5006
12000,0.65,0.7415139999,2.50065
12000,0.7,0.7415139662,2.5007
12000,0.75,0.7415139324,2.50075
12000,0.8,0.7415138986,2.5008
12000,0.85,0.7415138647,2.50085
12000,0.9,0.7415138308,2.5009
12000,0.95,0.7415137968,2.50095
12000,1,0.7415137627,2.501
12000,1.05,0.7415137286,2.50105
12000,1.1,0.7415136944,2.5011
12000,1.15,0.7415136602,2.50115
12000,1.2,0.7415136259,2.5012
12000,1.25,0.7415135916,2.50125
12000,1.3,0.7415135572,2.5013
12000,1.35,0.7415135227,2.50135
12000,1.4,0.7415134882,2.5014
12000,1.45,0.7415134536,2.50145
12000,1.5,0.741513419,2.5015
12000,1.55,0.7415133843,2.50155
12000,1.6,0.7415133495,2.5016
12000,1.65,0.7415133147,2.50165
12000,1.7,0.7415132799,2.5017
12000,1.75,0.7415132449,2.50175
12000,1.8,0.7415132099,2.5018
12000,1.85,0.7415131749,2.50185
12000,1.9,0.7415131398,2.5019
12000,1.95,0.7415131046,2.50195
12000,2,0.7415130694,2.502
12000,2.05,0.7415130341,2.50205
12000,2.1,0.7415129988,2.5021
12000,2.15,0.7415129633,2.50215
12000,2.2,0.7415129279,2.5022
12000,2.25,0.7415128924,2.50225
12000,2.3,0.7415128568,2.5023
12000,2.35,0.7415128211,2.50235
12000,2.4,0.7415127854,2.5024
12000,2.45,0.7415127496,2.50245
12000,2.5,0.7415127138,2.5025
12000,2.55,0.7415126779,2.50255
12000,2.6,0.741512642,2.5026
12000,2.65,0.741512606,2.50265
12000,2.7,0.7415125699,2.5027
12000,2.75,0.7415125338,2.50275
12000,2.8,0.7415124976,2.5028
12000,2.85,0.7415124613,2.50285
12000,2.9,0.741512425,2.5029
12000,2.95,0.7415123886,2.50295
12000,3,0.7415123522,2.503
12000,3.05,0.7415123157,2.50305
12000,3.1,0.7415122791,2.5031
12000,3.15,0.7415122425,2.50315
12000,3.2,0.7415122058,2.5032
12000,3.25,0.7415121691,2.50325
12000,3.3,0.7415121323,2.5033
12000,3.35,0.7415120954,2.50335
12000,3.4,0.7415120584,2.5034
12000,3.45,0.7415120214,2.50345
12000,3.5,0.7415119844,2.5035
12000,3.55,0.7415119473,2.50355
12000,3.6,0.7415119101,2.5036
12000,3.65,0.7415118728,2.50365
12000,3.7,0.7415118355,2.5037
12000,3.75,0.7415117982,2.50375
12000,3.8,0.7415117607,2.5038
12000,3.85,0.7415117232,2.50385
12000,3.9,0.7415116857,2.5039
12000,3.95,0.741511648,2.50395
12000,4,0.7415116103,2.504
12000,4.05,0.7415115726,2.50405
12000,4.1,0.7415115348,2.5041
12000,4.15,0.7415114969,2.50415
12000,4.2,0.7415114589,2.5042
12000,4.25,0.7415114209,2.50425
12000,4.3,0.7415113829,2.5043
12000,4.35,0.7415113447,2.50435
12000,4.4,0.7415113065,2.5044
12000,4.45,0.7415112683,2.50445
12000,4.5,0.7415112299,2.5045
12000,4.55,0.7415111915,2.50455
12000,4.6,0.7415111531,2.5046
12000,4.65,0.7415111146,2.50465
12000,4.7,0.741511076,2.5047
12000,4.75,0.7415110373,2.50475
12000,4.8,0.7415109986,2.5048
12000,4.85,0.7415109598,2.50485
12000,4.9,0.741510921,2.5049
12000,4.95,0.7415108821,2.50495
12000,5,0.7415108431,2.505
12000,5.05,0.741510804,2.50505
12000,5.1,0.7415107649,2.5051
12000,5.15,0.7415107257,2.50515
12000,5.2,0.7415106865,2.5052
12000,5.25,0.7415106472,2.50525
12000,5.3,0.7415106078,2.5053
12000,5.35,0.7415105684,2.50535
12000,5.4,0.7415105289,2.5054
12000,5.45,0.7415104893,2.50545
12000,5.5,0.7415104497,2.5055
12000,5.55,0.74151041,2.50555
12000,5.6,0.7415103702,2.5056
12000,5.65,0.7415103303,2.50565
12000,5.7,0.7415102904,2.5057
12000,5.75,0.7415102505,2.50575
12000,5.8,0.7415102104,2.5058
12000,5.85,0.7415101703,2.50585
12000,5.9,0.7415101301,2.5059
12000,5.95,0.7415100899,2.50595
12000,6,0.7415100496,2.506
12000,6.05,0.7415100092,2.50605
12000,6.1,0.7415099688,2.5061
12000,6.15,0.7415099282,2.50615
12000,6.2,0.7415098877,2.5062
12000,6.25,0.741509847,2.50625
12000,6.3,0.7415098063,2.5063
12000,6.35,0.7415097655,2.50635
12000,6.4,0.7415097247,2.5064
12000,6.45,0.7415096837,2.50645
12000,6.5,0.7415096427,2.5065
12000,6.55,0.7415096017,2.50655
12000,6.6,0.7415095605,2.5066
12000,6.65,0.7415095193,2.50665
12000,6.7,0.7415094781,2.5067
12000,6.75,0.7415094367,2.50675
12000,6.8,0.7415093953,2.5068
12000,6.85,0.7415093539,2.50685
12000,6.9,0.7415093123,2.5069
12000,6.95,0.7415092707,2.50695
12000,7,0.741509229,2.507
12000,7.05,0.7415091873,2.50705
12000,7.1,0.7415091454,2.5071
12000,7.15,0.7415091035,2.50715
12000,7.2,0.7415090616,2.5072
12000,7.25,0.7415090195,2.50725
12000,7.3,0.7415089774,2.5073
12000,7.35,0.7415089353,2.50735
12000,7.4,0.741508893,2.5074
12000,7.45,0.7415088507,2.50745
12000,7.5,0.7415088083,2.5075
12000,7.55,0.7415087659,2.50755
12000,7.6,0.7415087233,2.5076
12000,7.65,0.7415086807,2.50765
12000,7.7,0.7415086381,2.5077
12000,7.75,0.7415085953,2.50775
12000,7.8,0.7415085525,2.5078
12000,7.85,0.7415085096,2.50785
12000,7.9,0.7415084667,2.5079
12000,7.95,0.7415084236,2.50795
12000,8,0.7415083805,2.508
12000,8.05,0.7415083374,2.50805
12000,8.1,0.7415082941,2.5081
12000,8.15,0.7415082508,2.50815
12000,8.2,0.7415082074,2.5082
12000,8.25,0.7415081639,2.50825
12000,8.3,0.7415081204,2.5083
12000,8.35,0.7415080768,2.50835
12000,8.4,0.7415080331,2.5084
12000,8.45,0.7415079894,2.50845
12000,8.5,0.7415079455,2.5085
12000,8.55,0.7415079016,2.50855
12000,8.6,0.7415078577,2.5086
12000,8.65,0.7415078136,2.50865
12000,8.7,0.7415077695,2.5087
12000,8.75,0.7415077253,2.50875
12000,8.8,0.741507681,2.5088
12000,8.85,0.7415076367,2.50885
12000,8.9,0.7415075923,2.5089
12000,8.95,0.7415075478,2.50895
12000,9,0.7415075032,2.509
12000,9.05,0.7415074586,2.50905
12000,9.1,0.7415074139,2.5091
12000,9.15,0.7415073691,2.50915
12000,9.2,0.7415073242,2.5092
12000,9.25,0.7415072793,2.50925
12000,9.3,0.7415072343,2.5093
12000,9.35,0.7415071892,2.50935
12000,9.4,0.741507144,2.5094
12000,9.45,0.7415070988,2.50945
12000,9.5,0.7415070535,2.5095
12000,9.55,0.7415070081,2.50955
12000,9.6,0.7415069626,2.5096
12000,9.65,0.7415069171,2.50965
12000,9.7,0.7415068715,2.5097
12000,9.75,0.7415068258,2.50975
12000,9.8,0.74150678,2.5098
12000,9.85,0.7415067342,2.50985
12000,9.9,0.7415066883,2.5099
12000,9.95,0.7415066423,2.50995
12000,10,0.7415065962,2.51
12000,10.05,0.7415065501,2.51005
12000,10.1,0.7415065038,2.5101
12000,10.15,0.7415064575,2.51015
12000,10.2,0.7415064111,2.5102
12000,10.25,0.7415063647,2.51025
12000,10.3,0.7415063182,2.5103
12000,10.35,0.7415062715,2.51035
12000,10.4,0.7415062249,2.5104
12000,10.45,0.7415061781,2.51045
12000,10.5,0.7415061313,2.5105
12000,10.55,0.7415060843,2.51055
12000,10.6,0.7415060373,2.5106
12000,10.65,0.7415059903,2.51065
12000,10.7,0.7415059431,2.5107
12000,10.75,0.7415058959,2.51075
12000,10.8,0.7415058486,2.5108
12000,10.85,0.7415058012,2.51085
12000,10.9,0.7415057537,2.5109
12000,10.95,0.7415057061,2.51095
12000,11,0.7415056585,2.511
12000,11.05,0.7415056108,2.51105
12000,11.1,0.741505563,2.5111
12000,11.15,0.7415055152,2.51115
12000,11.2,0.7415054672,2.5112
12000,11.25,0.7415054192,2.51125
12000,11.3,0.7415053711,2.5113
12000,11.35,0.7415053229,2.51135
12000,11.4,0.7415052747,2.5114
12000,11.45,0.7415052263,2.51145
12000,11.5,0.7415051779,2.5115
12000,11.55,0.7415051294,2.51155
12000,11.6,0.7415050808,2.5116
12000,11.65,0.7415050321,2.51165
12000,11.7,0.7415049834,2.5117
12000,11.75,0.7415049346,2.51175
12000,11.8,0.7415048857,2.5118
12000,11.85,0.7415048367,2.51185
12000,11.9,0.7415047876,2.5119
12000,11.95,0.7415047385,2.51195
12000,12,0.7415046892,2.512
12000,12.05,0.7415046399,2.51205
12000,12.1,0.7415045905,2.5121
12000,12.15,0.741504541,2.51215
12000,12.2,0.7415044915,2.5122
12000,12.25,0.7415044418,2.51225
12000,12.3,0.7415043921,2.5123
12000,12.35,0.7415043423,2.51235
12000,12.4,0.7415042924,2.5124
12000,12.45,0.7415042425,2.51245
12000,12.5,0.7415041924,2.5125
12000,12.55,0.7415041423,2.51255
12000,12.6,0.7415040921,2.5126
12000,12.65,0.7415040418,2.51265
12000,12.7,0.7415039914,2.5127
12000,12.75,0.7415039409,2.51275
12000,12.8,0.7415038904,2.5128
12000,12.85,0.7415038397,2.51285
12000,12.9,0.741503789,2.5129
12000,12.95,0.7415037382,2.51295
12000,13,0.7415036873,2.513
12000,13.05,0.7415036364,2.51305
12000,13.1,0.7415035853,2.5131
12000,13.15,0.7415035342,2.51315
12000,13.2,0.7415034829,2.5132
12000,13.25,0.7415034316,2.51325
12000,13.3,0.7415033802,2.5133
12000,13.35,0.7415033288,2.51335
12000,13.4,0.7415032772,2.5134
12000,13.45,0.7415032256,2.51345
12000,13.5,0.7415031738,2.5135
12000,13.55,0.741503122,2.51355
12000,13.6,0.7415030701,2.5136
12000,13.65,0.7415030181,2.51365
12000,13.7,0.7415029661,2.5137
12000,13.75,0.7415029139,2.51375
12000,13.8,0.7415028616,2.5138
12000,13.85,0.7415028093,2.51385
12000,13.9,0.7415027569,2.5139
12000,13.95,0.7415027044,2.51395
12000,14,0.7415026518,2.514
12000,14.05,0.7415025991,2.51405
12000,14.1,0.7415025464,2.5141
12000,14.15,0.7415024935,2.51415
12000,14.2,0.7415024406,2.5142
12000,14.25,0.7415023875,2.51425
12000,14.3,0.7415023344,2.5143
12000,14.35,0.7415022812,2.51435
12000,14.4,0.7415022279,2.5144
12000,14.45,0.7415021746,2.51445
12000,14.5,0.7415021211,2.5145
12000,14.55,0.7415020675,2.51455
12000,14.6,0.7415020139,2.5146
12000,14.65,0.7415019602,2.51465
12000,14.7,0.7415019064,2.5147
12000,14.75,0.7415018525,2.51475
12000,14.8,0.7415017985,2.5148
12000,14.85,0.7415017444,2.51485
12000,14.9,0.7415016902,2.5149
12000,14.95,0.741501636,2.51495
12000,15,0.7415015816,2.515
12000,15.05,0.7415015272,2.51505
12000,15.1,0.7415014726,2.5151
12000,15.15,0.741501418,2.51515
12000,15.2,0.7415013633,2.5152
12000,15.25,0.7415013085,2.51525
12000,15.3,0.7415012536,2.5153
12000,15.35,0.7415011986,2.51535
12000,15.4,0.7415011436,2.5154
12000,15.45,0.7415010884,2.51545
12000,15.5,0.7415010332,2.5155
12000,15.55,0.7415009778,2.51555
12000,15.6,0.7415009224,2.5156
12000,15.65,0.7415008669,2.51565
12000,15.7,0.7415008113,2.5157
12000,15.75,0.7415007556,2.51575
12000,15.8,0.7415006998,2.5158
12000,15.85,0.7415006439,2.51585
12000,15.9,0.7415005879,2.5159
12000,15.95,0.7415005318,2.51595
12000,16,0.7415004757,2.516
12000,16.05,0.7415004194,2.51605
12000,16.1,0.7415003631,2.5161
12000,16.15,0.7415003066,2.51615
12000,16.2,0.7415002501,2.5162
12000,16.25,0.7415001935,2.51625
12000,16.3,0.7415001367,2.5163
12000,16.35,0.7415000799,2.51635
12000,16.4,0.741500023,2.5164
12000,16.45,0.741499966,2.51645
12000,16.5,0.7414999089,2.5165
12000,16.55,0.7414998517,2.51655
12000,16.6,0.7414997945,2.5166
12000,16.65,0.7414997371,2.51665
12000,16.7,0.7414996796,2.5167
12000,16.75,0.7414996221,2.51675
12000,16.8,0.7414995644,2.5168
12000,16.85,0.7414995067,2.51685
12000,16.9,0.7414994488,2.5169
12000,16.95,0.7414993909,2.51695
12000,17,0.7414993329,2.517
12000,17.05,0.7414992747,2.51705
12000,17.1,0.7414992165,2.5171
12000,17.15,0.7414991582,2.51715
12000,17.2,0.7414990998,2.5172
12000,17.25,0.7414990413,2.51725
12000,17.3,0.7414989827,2.5173
12000,17.35,0.741498924,2.51735
12000,17.4,0.7414988652,2.5174
12000,17.45,0.7414988063,2.51745
12000,17.5,0.7414987473,2.5175
12000,17.55,0.7414986882,2.51755
12000,17.6,0.741498629,2.5176
12000,17.65,0.7414985697,2.51765
12000,17.7,0.7414985104,2.5177
12000,17.75,0.7414984509,2.51775
12000,17.8,0.7414983913,2.5178
12000,17.85,0.7414983316,2.51785
12000,17.9,0.7414982719,2.5179
12000,17.95,0.741498212,2.51795
12000,18,0.7414981521,2.518
12000,18.05,0.741498092,2.51805
12000,18.1,0.7414980318,2.5181
12000,18.15,0.7414979716,2.51815
12000,18.2,0.7414979112,2.5182
12000,18.25,0.7414978508,2.51825
12000,18.3,0.7414977902,2.5183
12000,18.35,0.7414977296,2.51835
12000,18.4,0.7414976688,2.5184
12000,18.45,0.741497608,2.51845
12000,18.5,0.741497547,2.5185
12000,18.55,0.741497486,2.51855
12000,18.6,0.7414974249,2.5186
12000,18.65,0.7414973636,2.51865
12000,18.7,0.7414973023,2.5187
12000,18.75,0.7414972408,2.51875
12000,18.8,0.7414971793,2.5188
12000,18.85,0.7414971176,2.51885
12000,18.9,0.7414970559,2.5189
12000,18.95,0.741496994,2.51895
12000,19,0.7414969321,2.519
12000,19.05,0.74149687,2.51905
12000,19.1,0.7414968079,2.5191
12000,19.15,0.7414967456,2.51915
12000,19.2,0.7414966833,2.5192
12000,19.25,0.7414966208,2.51925
12000,19.3,0.7414965583,2.5193
12000,19.35,0.7414964956,2.51935
12000,19.4,0.7414964329,2.5194
12000,19.45,0.74149637,2.51945
12000,19.5,0.7414963071,2.5195
12000,19.55,0.741496244,2.51955
12000,19.6,0.7414961808,2.5196
12000,19.65,0.7414961175,2.51965
12000,19.7,0.7414960542,2.5197
12000,19.75,0.7414959907,2.51975
12000,19.8,0.7414959271,2.5198
12000,19.85,0.7414958634,2.51985
12000,19.9,0.7414957997,2.5199
12000,19.95,0.7414957358,2.51995
12000,20,0.7414956718,2.52
12000,20.05,0.7414956077,2.52005
12000,20.1,0.7414955435,2.5201
12000,20.15,0.7414954792,2.52015
12000,20.2,0.7414954147,2.5202
12000,20.25,0.7414953502,2.52025
12000,20.3,0.7414952856,2.5203
12000,20.35,0.7414952209,2.52035
12000,20.4,0.7414951561,2.5204
12000,20.45,0.7414950911,2.52045
12000,20.5,0.7414950261,2.5205
12000,20.55,0.7414949609,2.52055
12000,20.6,0.7414948957,2.5206
12000,20.65,0.7414948303,2.52065
12000,20.7,0.7414947649,2.5207
12000,20.75,0.7414946993,2.52075
12000,20.8,0.7414946336,2.5208
12000,20.85,0.7414945678,2.52085
12000,20.9,0.7414945019,2.5209
12000,20.95,0.7414944359,2.52095
12000,21,0.7414943698,2.521
12000,21.05,0.7414943036,2.52105
12000,21.1,0.7414942373,2.5211
12000,21.15,0.7414941709,2.52115
12000,21.2,0.7414941043,2.5212
12000,21.25,0.7414940377,2.52125
12000,21.3,0.741493971,2.5213
12000,21.35,0.7414939041,2.52135
12000,21.4,0.7414938371,2.5214
12000,21.45,0.7414937701,2.52145
12000,21.5,0.7414937029,2.5215
12000,21.55,0.7414936356,2.52155
12000,21.6,0.7414935682,2.5216
12000,21.65,0.7414935007,2.52165
12000,21.7,0.7414934331,2.5217
12000,21.75,0.7414933653,2.52175
12000,21.8,0.7414932975,2.5218
12000,21.85,0.7414932295,2.52185
12000,21.9,0.7414931615,2.5219
12000,21.95,0.7414930933,2.52195
12000,22,0.741493025,2.522
12000,22.05,0.7414929566,2.52205
12000,22.1,0.7414928881,2.5221
12000,22.15,0.7414928195,2.52215
12000,22.2,0.7414927508,2.5222
12000,22.25,0.741492682,2.52225
12000,22.3,0.741492613,2.5223
12000,22.35,0.741492544,2.52235
12000,22.4,0.7414924748,2.5224
12000,22.45,0.7414924055,2.52245
12000,22.5,0.7414923361,2.5225
12000,22.55,0.7414922666,2.52255
12000,22.6,0.741492197,2.5226
12000,22.65,0.7414921273,2.52265
12000,22.7,0.7414920575,2.5227
12000,22.75,0.7414919875,2.52275
12000,22.8,0.7414919174,2.5228
12000,22.85,0.7414918473,2.52285
12000,22.9,0.741491777,2.5229
12000,22.95,0.7414917066,2.52295
12000,23,0.7414916361,2.523
12000,23.05,0.7414915654,2.52305
12000,23.1,0.7414914947,2.5231
12000,23.15,0.7414914238,2.52315
12000,23.2,0.7414913528,2.5232
12000,23.25,0.7414912817,2.52325
12000,23.3,0.7414912105,2.5233
12000,23.35,0.7414911392,2.52335
12000,23.4,0.7414910678,2.5234
12000,23.45,0.7414909962,2.52345
12000,23.5,0.7414909246,2.5235
12000,23.55,0.7414908528,2.52355
12000,23.6,0.7414907809,2.5236
12000,23.65,0.7414907089,2.52365
12000,23.7,0.7414906368,2.5237
12000,23.75,0.7414905645,2.52375
12000,23.8,0.7414904922,2.5238
12000,23.85,0.7414904197,2.52385
12000,23.9,0.7414903471,2.5239
12000,23.95,0.7414902744,2.52395
12000,24,0.7414902015,2.524
12000,24.05,0.7414901286,2.52405
12000,24.1,0.7414900555,2.5241
12000,24.15,0.7414899824,2.52415
12000,24.2,0.7414899091,2.5242
12000,24.25,0.7414898356,2.52425
12000,24.3,0.7414897621,2.5243
12000,24.35,0.7414896885,2.52435
12000,24.4,0.7414896147,2.5244
12000,24.45,0.7414895408,2.52445
12000,24.5,0.7414894668,2.5245
12000,24.55,0.7414893927,2.52455
12000,24.6,0.7414893184,2.5246
12000,24.65,0.7414892441,2.52465
12000,24.7,0.7414891696,2.5247
12000,24.75,0.741489095,2.52475
12000,24.8,0.7414890202,2.5248
12000,24.85,0.7414889454,2.52485
12000,24.9,0.7414888704,2.5249
12000,24.95,0.7414887953,2.52495
12000,25,0.7414887201,2.525
12000,25.05,0.7414886448,2.52505
12000,25.1,0.7414885694,2.5251
12000,25.15,0.7414884938,2.52515
12000,25.2,0.7414884181,2.5252
12000,25.25,0.7414883423,2.52525
12000,25.3,0.7414882664,2.5253
12000,25.35,0.7414881903,2.52535
12000,25.4,0.7414881141,2.5254
12000,25.45,0.7414880378,2.52545
12000,25.5,0.7414879614,2.5255
12000,25.55,0.7414878849,2.52555
12000,25.6,0.7414878082,2.5256
12000,25.65,0.7414877314,2.52565
12000,25.7,0.7414876545,2.5257
12000,25.75,0.7414875775,2.52575
12000,25.8,0.7414875003,2.5258
12000,25.85,0.741487423,2.52585
12000,25.9,0.7414873456,2.5259
12000,25.95,0.7414872681,2.52595
12000,26,0.7414871904,2.526
12000,26.05,0.7414871126,2.52605
12000,26.1,0.7414870347,2.5261
12000,26.15,0.7414869567,2.52615
12000,26.2,0.7414868786,2.5262
12000,26.25,0.7414868003,2.52625
12000,26.3,0.7414867219,2.5263
12000,26.35,0.7414866433,2.52635
12000,26.4,0.7414865647,2.5264
12000,26.45,0.7414864859,2.52645
12000,26.5,0.741486407,2.5265
12000,26.55,0.741486328,2.52655
12000,26.6,0.7414862488,2.5266
12000,26.65,0.7414861695,2.52665
12000,26.7,0.7414860901,2.5267
12000,26.75,0.7414860106,2.52675
12000,26.8,0.7414859309,2.5268
12000,26.85,0.7414858511,2.52685
12000,26.9,0.7414857712,2.5269
12000,26.95,0.7414856911,2.52695
12000,27,0.7414856109,2.527
12000,27.05,0.7414855306,2.52705
12000,27.1,0.7414854502,2.5271
12000,27.15,0.7414853696,2.52715
12000,27.2,0.7414852889,2.5272
12000,27.25,0.7414852081,2.52725
12000,27.3,0.7414851272,2.5273
12000,27.35,0.7414850461,2.52735
12000,27.4,0.7414849649,2.5274
12000,27.45,0.7414848835,2.52745
12000,27.5,0.7414848021,2.5275
12000,27.55,0.7414847205,2.52755
12000,27.6,0.7414846387,2.5276
12000,27.65,0.7414845569,2.52765
12000,27.7,0.7414844749,2.5277
12000,27.75,0.7414843928,2.52775
12000,27.8,0.7414843105,2.5278
12000,27.85,0.7414842281,2.52785
12000,27.9,0.7414841456,2.5279
12000,27.95,0.741484063,2.52795
12000,28,0.7414839802,2.528
12000,28.05,0.7414838973,2.52805
12000,28.1,0.7414838142,2.5281
12000,28.15,0.741483731,2.52815
12000,28.2,0.7414836477,2.5282
12000,28.25,0.7414835643,2.52825
12000,28.3,0.7414834807,2.5283
12000,28.35,0.741483397,2.52835
12000,28.4,0.7414833132,2.5284
12000,28.45,0.7414832292,2.52845
12000,28.5,0.7414831451,2.5285
12000,28.55,0.7414830609,2.52855
12000,28.6,0.7414829765,2.5286
12000,28.65,0.741482892,2.52865
12000,28.7,0.7414828073,2.5287
12000,28.75,0.7414827225,2.52875
12000,28.8,0.7414826376,2.5288
12000,28.85,0.7414825526,2.52885
12000,28.9,0.7414824674,2.5289
12000,28.95,0.7414823821,2.52895
12000,29,0.7414822966,2.529
12000,29.05,0.741482211,2.52905
12000,29.1,0.7414821253,2.5291
12000,29.15,0.7414820394,2.52915
12000,29.2,0.7414819534,2.5292
12000,29.25,0.7414818673,2.52925
12000,29.3,0.741481781,2.5293
12000,29.35,0.7414816946,2.52935
12000,29.4,0.7414816081,2.5294
12000,29.45,0.7414815214,2.52945
12000,29.5,0.7414814345,2.5295
12000,29.55,0.7414813476,2.52955
12000,29.6,0.7414812605,2.5296
12000,29.65,0.7414811732,2.52965
12000,29.7,0.7414810859,2.5297
12000,29.75,0.7414809984,2.52975
12000,29.8,0.7414809107,2.5298
12000,29.85,0.7414808229,2.52985
12000,29.9,0.741480735,2.5299
12000,29.95,0.7414806469,2.52995
12000,30,0.7414805587,2.53
12000,30.05,0.7414804703,2.53005
12000,30.1,0.7414803818,2.5301
12000,30.15,0.7414802932,2.53015
12000,30.2,0.7414802044,2.5302
12000,30.25,0.7414801155,2.53025
12000,30.3,0.7414800265,2.5303
12000,30.35,0.7414799373,2.53035
12000,30.4,0.7414798479,2.5304
12000,30.45,0.7414797584,2.53045
12000,30.5,0.7414796688,2.5305
12000,30.55,0.7414795791,2.53055
12000,30.6,0.7414794891,2.5306
12000,30.65,0.7414793991,2.53065
12000,30.7,0.7414793089,2.5307
12000,30.75,0.7414792186,2.53075
12000,30.8,0.7414791281,2.5308
12000,30.85,0.7414790375,2.53085
12000,30.9,0.7414789467,2.5309
12000,30.95,0.7414788558,2.53095
12000,31,0.7414787647,2.531
12000,31.05,0.7414786736,2.53105
12000,31.1,0.7414785822,2.5311
12000,31.15,0.7414784907,2.53115
12000,31.2,0.7414783991,2.5312
12000,31.25,0.7414783073,2.53125
12000,31.3,0.7414782154,2.5313
12000,31.35,0.7414781233,2.53135
12000,31.4,0.7414780311,2.5314
12000,31.45,0.7414779388,2.53145
12000,31.5,0.7414778463,2.5315
12000,31.55,0.7414777536,2.53155
12000,31.6,0.7414776608,2.5316
12000,31.65,0.7414775679,2.53165
12000,31.7,0.7414774748,2.5317
12000,31.75,0.7414773816,2.53175
12000,31.8,0.7414772882,2.5318
12000,31.85,0.7414771946,2.53185
12000,31.9,0.741477101,2.5319
12000,31.95,0.7414770071,2.53195
12000,32,0.7414769132,2.532
12000,32.05,0.741476819,2.53205
12000,32.1,0.7414767248,2.5321
12000,32.15,0.7414766303,2.53215
12000,32.2,0.7414765358,2.5322
12000,32.25,0.7414764411,2.53225
12000,32.3,0.7414763462,2.5323
12000,32.35,0.7414762512,2.53235
12000,32.4,0.741476156,2.5324
12000,32.45,0.7414760607,2.53245
12000,32.5,0.7414759652,2.5325
12000,32.55,0.7414758696,2.53255
12000,32.6,0.7414757738,2.5326
12000,32.65,0.7414756779,2.53265
12000,32.7,0.7414755818,2.5327
12000,32.75,0.7414754856,2.53275
12000,32.8,0.7414753892,2.5328
12000,32.85,0.7414752927,2.53285
12000,32.9,0.741475196,2.5329
12000,32.95,0.7414750992,2.53295
12000,33,0.7414750022,2.533
12000,33.05,0.7414749051,2.53305
12000,33.1,0.7414748078,2.5331
12000,33.15,0.7414747103,2.53315
12000,33.2,0.7414746127,2.5332
12000,33.25,0.741474515,2.53325
12000,33.3,0.7414744171,2.5333
12000,33.35,0.741474319,2.53335
12000,33.4,0.7414742208,2.5334
12000,33.45,0.7414741224,2.53345
12000,33.5,0.7414740239,2.5335
12000,33.55,0.7414739252,2.53355
12000,33.6,0.7414738264,2.5336
12000,33.65,0.7414737274,2.53365
12000,33.7,0.7414736283,2.5337
12000,33.75,0.741473529,2.53375
12000,33.8,0.7414734295,2.5338
12000,33.85,0.7414733299,2.53385
12000,33.9,0.7414732301,2.5339
12000,33.95,0.7414731302,2.53395
12000,34,0.7414730301,2.534
12000,34.05,0.7414729299,2.53405
12000,34.1,0.7414728295,2.5341
12000,34.15,0.7414727289,2.53415
12000,34.2,0.7414726282,2.5342
12000,34.25,0.7414725273,2.53425
12000,34.3,0.7414724263,2.5343
12000,34.35,0.7414723251,2.53435
12000,34.4,0.7414722238,2.5344
12000,34.45,0.7414721223,2.53445
12000,34.5,0.7414720206,2.5345
12000,34.55,0.7414719188,2.53455
12000,34.6,0.7414718168,2.5346
12000,34.65,0.7414717146,2.53465
12000,34.7,0.7414716123,2.5347
12000,34.75,0.7414715099,2.53475
12000,34.8,0.7414714072,2.5348
12000,34.85,0.7414713045,2.53485
12000,34.9,0.7414712015,2.5349
12000,34.95,0.7414710984,2.53495
12000,35,0.7414709951,2.535
12000,35.05,0.7414708917,2.53505
12000,35.1,0.7414707881,2.5351
12000,35.15,0.7414706843,2.53515
12000,35.2,0.7414705804,2.5352
12000,35.25,0.7414704763,2.53525
12000,35.3,0.7414703721,2.5353
12000,35.35,0.7414702677,2.53535
12000,35.4,0.7414701631,2.5354
12000,35.45,0.7414700584,2.53545
12000,35.5,0.7414699535,2.5355
12000,35.55,0.7414698484,2.53555
12000,35.6,0.7414697432,2.5356
12000,35.65,0.7414696378,2.53565
12000,35.7,0.7414695322,2.5357
12000,35.75,0.7414694265,2.53575
12000,35.8,0.7414693206,2.5358
12000,35.85,0.7414692145,2.53585
12000,35.9,0.7414691083,2.5359
12000,35.95,0.7414690019,2.53595
12000,36,0.7414688954,2.536
12000,36.05,0.7414687886,2.53605
12000,36.1,0.7414686818,2.5361
12000,36.15,0.7414685747,2.53615
12000,36.2,0.7414684675,2.5362
12000,36.25,0.7414683601,2.53625
12000,36.3,0.7414682525,2.5363
12000,36.35,0.7414681448,2.53635
12000,36.4,0.7414680369,2.5364
12000,36.45,0.7414679288,2.53645
12000,36.5,0.7414678206,2.5365
12000,36.55,0.7414677122,2.53655
12000,36.6,0.7414676036,2.5366
12000,36.65,0.7414674949,2.53665
12000,36.7,0.741467386,2.5367
12000,36.75,0.7414672769,2.53675
12000,36.8,0.7414671677,2.5368
12000,36.85,0.7414670582,2.53685
12000,36.9,0.7414669486,2.5369
12000,36.95,0.7414668389,2.53695
12000,37,0.741466729,2.537
12000,37.05,0.7414666188,2.53705
12000,37.1,0.7414665086,2.5371
12000,37.15,0.7414663981,2.53715
12000,37.2,0.7414662875,2.5372
12000,37.25,0.7414661767,2.53725
12000,37.3,0.7414660657,2.5373
12000,37.35,0.7414659546,2.53735
12000,37.4,0.7414658433,2.5374
12000,37.45,0.7414657318,2.53745
12000,37.5,0.7414656201,2.5375
12000,37.55,0.7414655083,2.53755
12000,37.6,0.7414653963,2.5376
12000,37.65,0.7414652841,2.53765
12000,37.7,0.7414651718,2.5377
12000,37.75,0.7414650592,2.53775
12000,37.8,0.7414649465,2.5378
12000,37.85,0.7414648336,2.53785
12000,37.9,0.7414647206,2.5379
12000,37.95,0.7414646073,2.53795
12000,38,0.7414644939,2.538
12000,38.05,0.7414643803,2.53805
12000,38.1,0.7414642666,2.5381
12000,38.15,0.7414641526,2.53815
12000,38.2,0.7414640385,2.5382
12000,38.25,0.7414639242,2.53825
12000,38.3,0.7414638097,2.5383
12000,38.35,0.7414636951,2.53835
12000,38.4,0.7414635803,2.5384
12000,38.45,0.7414634653,2.53845
12000,38.5,0.7414633501,2.5385
12000,38.55,0.7414632347,2.53855
12000,38.6,0.7414631192,2.5386
12000,38.65,0.7414630034,2.53865
12000,38.7,0.7414628875,2.5387
12000,38.75,0.7414627714,2.53875
12000,38.8,0.7414626552,2.5388
12000,38.85,0.7414625387,2.53885
12000,38.9,0.7414624221,2.5389
12000,38.95,0.7414623053,2.53895
12000,39,0.7414621883,2.539
12000,39.05,0.7414620711,2.53905
12000,39.1,0.7414619538,2.5391
12000,39.15,0.7414618362,2.53915
12000,39.2,0.7414617185,2.5392
12000,39.25,0.7414616006,2.53925
12000,39.3,0.7414614825,2.5393
12000,39.35,0.7414613643,2.53935
12000,39.4,0.7414612458,2.5394
12000,39.45,0.7414611272,2.53945
12000,39.5,0.7414610084,2.5395
12000,39.55,0.7414608894,2.53955
12000,39.6,0.7414607702,2.5396
12000,39.65,0.7414606508,2.53965
12000,39.7,0.7414605313,2.5397
12000,39.75,0.7414604115,2.53975
12000,39.8,0.7414602916,2.5398
12000,39.85,0.7414601715,2.53985
12000,39.9,0.7414600512,2.5399
12000,39.95,0.7414599307,2.53995
12000,40,0.74145981,2.54
12000,40.05,0.7414596892,2.54005
12000,40.1,0.7414595681,2.5401
12000,40.15,0.7414594469,2.54015
12000,40.2,0.7414593255,2.5402
12000,40.25,0.7414592039,2.54025
12000,40.3,0.7414590821,2.5403
12000,40.35,0.7414589601,2.54035
12000,40.4,0.7414588379,2.5404
12000,40.45,0.7414587156,2.54045
12000,40.5,0.741458593,2.5405
12000,40.55,0.7414584703,2.54055
12000,40.6,0.7414583473,2.5406
12000,40.65,0.7414582242,2.54065
12000,40.7,0.7414581009,2.5407
12000,40.75,0.7414579774,2.54075
12000,40.8,0.7414578537,2.5408
12000,40.85,0.7414577298,2.54085
12000,40.9,0.7414576057,2.5409
12000,40.95,0.7414574815,2.54095
12000,41,0.741457357,2.541
12000,41.05,0.7414572324,2.54105
12000,41.1,0.7414571075,2.5411
12000,41.15,0.7414569825,2.54115
12000,41.2,0.7414568573,2.5412
12000,41.25,0.7414567318,2.54125
12000,41.3,0.7414566062,2.5413
12000,41.35,0.7414564804,2.54135
12000,41.4,0.7414563544,2.5414
12000,41.45,0.7414562282,2.54145
12000,41.5,0.7414561018,2.5415
12000,41.55,0.7414559752,2.54155
12000,41.6,0.7414558484,2.5416
12000,41.65,0.7414557215,2.54165
12000,41.7,0.7414555943,2.5417
12000,41.75,0.7414554669,2.54175
12000,41.8,0.7414553393,2.5418
12000,41.85,0.7414552116,2.54185
12000,41.9,0.7414550836,2.5419
12000,41.95,0.7414549555,2.54195
12000,42,0.7414548271,2.542
12000,42.05,0.7414546985,2.54205
12000,42.1,0.7414545698,2.5421
12000,42.15,0.7414544408,2.54215
12000,42.2,0.7414543117,2.5422
12000,42.25,0.7414541823,2.54225
12000,42.3,0.7414540528,2.5423
12000,42.35,0.7414539231,2.54235
12000,42.4,0.7414537931,2.5424
12000,42.45,0.741453663,2.54245
12000,42.5,0.7414535326,2.5425
12000,42.55,0.7414534021,2.54255
12000,42.6,0.7414532713,2.5426
12000,42.65,0.7414531404,2.54265
12000,42.7,0.7414530092,2.5427
12000,42.75,0.7414528779,2.54275
12000,42.8,0.7414527463,2.5428
12000,42.85,0.7414526146,2.54285
12000,42.9,0.7414524826,2.5429
12000,42.95,0.7414523504,2.54295
12000,43,0.7414522181,2.543
12000,43.05,0.7414520855,2.54305
12000,43.1,0.7414519527,2.5431
12000,43.15,0.7414518197,2.54315
12000,43.2,0.7414516866,2.5432
12000,43.25,0.7414515532,2.54325
12000,43.3,0.7414514196,2.5433
12000,43.35,0.7414512858,2.54335
12000,43.4,0.7414511518,2.5434
12000,43.45,0.7414510176,2.54345
12000,43.5,0.7414508832,2.5435
12000,43.55,0.7414507486,2.54355
12000,43.6,0.7414506137,2.5436
12000,43.65,0.7414504787,2.54365
12000,43.7,0.7414503435,2.5437
12000,43.75,0.741450208,2.54375
12000,43.8,0.7414500724,2.5438
12000,43.85,0.7414499365,2.54385
12000,43.9,0.7414498004,2.5439
12000,43.95,0.7414496641,2.54395
12000,44,0.7414495277,2.544
12000,44.05,0.741449391,2.54405
12000,44.1,0.741449254,2.5441
12000,44.15,0.7414491169,2.54415
12000,44.2,0.7414489796,2.5442
12000,44.25,0.7414488421,2.54425
12000,44.3,0.7414487043,2.5443
12000,44.35,0.7414485663,2.54435
12000,44.4,0.7414484282,2.5444
12000,44.45,0.7414482898,2.54445
12000,44.5,0.7414481512,2.5445
12000,44.55,0.7414480124,2.54455
12000,44.6,0.7414478734,2.5446
12000,44.65,0.7414477341,2.54465
12000,44.7,0.7414475947,2.5447
12000,44.75,0.741447455,2.54475
12000,44.8,0.7414473152,2.5448
12000,44.85,0.7414471751,2.54485
12000,44.9,0.7414470348,2.5449
12000,44.95,0.7414468943,2.54495
12000,45,0.7414467535,2.545
12000,45.05,0.7414466126,2.54505
12000,45.1,0.7414464714,2.5451
12000,45.15,0.74144633,2.54515
12000,45.2,0.7414461884,2.5452
12000,45.25,0.7414460466,2.54525
12000,45.3,0.7414459046,2.5453
12000,45.35,0.7414457624,2.54535
12000,45.4,0.7414456199,2.5454
12000,45.45,0.7414454772,2.54545
12000,45.5,0.7414453343,2.5455
12000,45.55,0.7414451912,2.54555
12000,45.6,0.7414450479,2.5456
12000,45.65,0.7414449043,2.54565
12000,45.7,0.7414447606,2.5457
12000,45.75,0.7414446166,2.54575
12000,45.8,0.7414444724,2.5458
12000,45.85,0.7414443279,2.54585
12000,45.9,0.7414441833,2.5459
12000,45.95,0.7414440384,2.54595
12000,46,0.7414438933,2.546
12000,46.05,0.741443748,2.54605
12000,46.1,0.7414436025,2.5461
12000,46.15,0.7414434567,2.54615
12000,46.2,0.7414433107,2.5462
12000,46.25,0.7414431645,2.54625
12000,46.3,0.7414430181,2.5463
12000,46.35,0.7414428714,2.54635
12000,46.4,0.7414427246,2.5464
12000,46.45,0.7414425775,2.54645
12000,46.5,0.7414424302,2.5465
12000,46.55,0.7414422826,2.54655
12000,46.6,0.7414421348,2.5466
12000,46.65,0.7414419868,2.54665
12000,46.7,0.7414418386,2.5467
12000,46.75,0.7414416902,2.54675
12000,46.8,0.7414415415,2.5468
12000,46.85,0.7414413926,2.54685
12000,46.9,0.7414412435,2.5469
12000,46.95,0.7414410941,2.54695
12000,47,0.7414409446,2.547
12000,47.05,0.7414407948,2.54705
12000,47.1,0.7414406447,2.5471
12000,47.15,0.7414404945,2.54715
12000,47.2,0.741440344,2.5472
12000,47.25,0.7414401932,2.54725
12000,47.3,0.7414400423,2.5473
12000,47.35,0.7414398911,2.54735
12000,47.4,0.7414397397,2.5474
12000,47.45,0.7414395881,2.54745
12000,47.5,0.7414394362,2.5475
12000,47.55,0.7414392841,2.54755
12000,47.6,0.7414391318,2.5476
12000,47.65,0.7414389792,2.54765
12000,47.7,0.7414388264,2.5477
12000,47.75,0.7414386734,2.54775
12000,47.8,0.7414385201,2.5478
12000,47.85,0.7414383666,2.54785
12000,47.9,0.7414382129,2.5479
12000,47.95,0.741438059,2.54795
12000,48,0.7414379048,2.548
12000,48.05,0.7414377503,2.54805
12000,48.1,0.7414375957,2.5481
12000,48.15,0.7414374408,2.54815
12000,48.2,0.7414372857,2.5482
12000,48.25,0.7414371303,2.54825
12000,48.3,0.7414369747,2.5483
12000,48.35,0.7414368189,2.54835
12000,48.4,0.7414366628,2.5484
12000,48.45,0.7414365065,2.54845
12000,48.5,0.7414363499,2.5485
12000,48.55,0.7414361931,2.54855
12000,48.6,0.7414360361,2.5486
12000,48.65,0.7414358789,2.54865
12000,48.7,0.7414357214,2.5487
12000,48.75,0.7414355636,2.54875
12000,48.8,0.7414354057,2.5488
12000,48.85,0.7414352474,2.54885
12000,48.9,0.741435089,2.5489
12000,48.95,0.7414349303,2.54895
12000,49,0.7414347714,2.549
12000,49.05,0.7414346122,2.54905
12000,49.1,0.7414344528,2.5491
12000,49.15,0.7414342931,2.54915
12000,49.2,0.7414341332,2.5492
12000,49.25,0.7414339731,2.54925
12000,49.3,0.7414338127,2.5493
12000,49.35,0.7414336521,2.54935
12000,49.4,0.7414334912,2.5494
12000,49.45,0.7414333301,2.54945
12000,49.5,0.7414331687,2.5495
12000,49.55,0.7414330071,2.54955
12000,49.6,0.7414328453,2.5496
12000,49.65,0.7414326832,2.54965
12000,49.7,0.7414325209,2.5497
12000,49.75,0.7414323583,2.54975
12000,49.8,0.7414321955,2.5498
12000,49.85,0.7414320324,2.54985
12000,49.9,0.7414318691,2.5499
12000,49.95,0.7414317055,2.54995
12000,50,0.7414315417,2.55
12000,50.05,0.7414313776,2.55005
12000,50.1,0.7414312133,2.5501
12000,50.15,0.7414310488,2.55015
12000,50.2,0.741430884,2.5502
12000,50.25,0.7414307189,2.55025
12000,50.3,0.7414305536,2.5503
12000,50.35,0.7414303881,2.55035
12000,50.4,0.7414302223,2.5504
12000,50.45,0.7414300562,2.55045
12000,50.5,0.7414298899,2.5505
12000,50.55,0.7414297234,2.55055
12000,50.6,0.7414295566,2.5506
12000,50.65,0.7414293895,2.55065
12000,50.7,0.7414292222,2.5507
12000,50.75,0.7414290547,2.55075
12000,50.8,0.7414288869,2.5508
12000,50.85,0.7414287188,2.55085
12000,50.9,0.7414285505,2.5509
12000,50.95,0.7414283819,2.55095
12000,51,0.7414282131,2.551
12000,51.05,0.741428044,2.55105
12000,51.1,0.7414278747,2.5511
12000,51.15,0.7414277051,2.55115
12000,51.2,0.7414275353,2.5512
12000,51.25,0.7414273652,2.55125
12000,51.3,0.7414271948,2.5513
12000,51.35,0.7414270242,2.55135
12000,51.4,0.7414268533,2.5514
12000,51.45,0.7414266822,2.55145
12000,51.5,0.7414265108,2.5515
12000,51.55,0.7414263392,2.55155
12000,51.6,0.7414261673,2.5516
12000,51.65,0.7414259951,2.55165
12000,51.7,0.7414258227,2.5517
12000,51.75,0.74142565,2.55175
12000,51.8,0.7414254771,2.5518
12000,51.85,0.7414253039,2.55185
12000,51.9,0.7414251305,2.5519
12000,51.95,0.7414249567,2.55195
12000,52,0.7414247828,2.552
12000,52.05,0.7414246085,2.55205
12000,52.1,0.741424434,2.5521
12000,52.15,0.7414242593,2.55215
12000,52.2,0.7414240842,2.5522
12000,52.25,0.741423909,2.55225
12000,52.3,0.7414237334,2.5523
12000,52.35,0.7414235576,2.55235
12000,52.4,0.7414233815,2.5524
12000,52.45,0.7414232052,2.55245
12000,52.5,0.7414230286,2.5525
12000,52.55,0.7414228517,2.55255
12000,52.6,0.7414226746,2.5526
12000,52.65,0.7414224972,2.55265
12000,52.7,0.7414223195,2.5527
12000,52.75,0.7414221416,2.55275
12000,52.8,0.7414219634,2.5528
12000,52.85,0.7414217849,2.55285
12000,52.9,0.7414216062,2.5529
12000,52.95,0.7414214272,2.55295
12000,53,0.7414212479,2.553
12000,53.05,0.7414210684,2.55305
12000,53.1,0.7414208885,2.5531
12000,53.15,0.7414207085,2.55315
12000,53.2,0.7414205281,2.5532
12000,53.25,0.7414203475,2.55325
12000,53.3,0.7414201666,2.5533
12000,53.35,0.7414199855,2.55335
12000,53.4,0.741419804,2.5534
12000,53.45,0.7414196223,2.55345
12000,53.5,0.7414194403,2.5535
12000,53.55,0.7414192581,2.55355
12000,53.6,0.7414190756,2.5536
12000,53.65,0.7414188928,2.55365
12000,53.7,0.7414187097,2.5537
12000,53.75,0.7414185264,2.55375
12000,53.8,0.7414183428,2.5538
12000,53.85,0.7414181589,2.55385
12000,53.9,0.7414179747,2.5539
12000,53.95,0.7414177903,2.55395
12000,54,0.7414176056,2.554
12000,54.05,0.7414174206,2.55405
12000,54.1,0.7414172353,2.5541
12000,54.15,0.7414170498,2.55415
12000,54.2,0.7414168639,2.5542
12000,54.25,0.7414166778,2.55425
12000,54.3,0.7414164915,2.5543
12000,54.35,0.7414163048,2.55435
12000,54.4,0.7414161179,2.5544
12000,54.45,0.7414159307,2.55445
12000,54.5,0.7414157432,2.5545
12000,54.55,0.7414155554,2.55455
12000,54.6,0.7414153673,2.5546
12000,54.65,0.741415179,2.55465
12000,54.7,0.7414149904,2.5547
12000,54.75,0.7414148015,2.55475
12000,54.8,0.7414146123,2.5548
12000,54.85,0.7414144229,2.55485
12000,54.9,0.7414142331,2.5549
12000,54.95,0.7414140431,2.55495
12000,55,0.7414138528,2.555
12000,55.05,0.7414136622,2.55505
12000,55.1,0.7414134713,2.5551
12000,55.15,0.7414132802,2.55515
12000,55.2,0.7414130887,2.5552
12000,55.25,0.741412897,2.55525
12000,55.3,0.741412705,2.5553
12000,55.35,0.7414125127,2.55535
12000,55.4,0.7414123201,2.5554
12000,55.45,0.7414121272,2.55545
12000,55.5,0.741411934,2.5555
12000,55.55,0.7414117406,2.55555
12000,55.6,0.7414115469,2.5556
12000,55.65,0.7414113528,2.55565
12000,55.7,0.7414111585,2.5557
12000,55.75,0.7414109639,2.55575
12000,55.8,0.741410769,2.5558
12000,55.85,0.7414105738,2.55585
12000,55.9,0.7414103784,2.5559
12000,55.95,0.7414101826,2.55595
12000,56,0.7414099865,2.556
12000,56.05,0.7414097902,2.55605
12000,56.1,0.7414095935,2.5561
12000,56.15,0.7414093966,2.55615
12000,56.2,0.7414091994,2.5562
12000,56.25,0.7414090019,2.55625
12000,56.3,0.7414088041,2.5563
12000,56.35,0.741408606,2.55635
12000,56.4,0.7414084076,2.5564
12000,56.45,0.7414082089,2.55645
12000,56.5,0.7414080099,2.5565
12000,56.55,0.7414078106,2.55655
12000,56.6,0.741407611,2.5566
12000,56.65,0.7414074111,2.55665
12000,56.7,0.741407211,2.5567
12000,56.75,0.7414070105,2.55675
12000,56.8,0.7414068097,2.5568
12000,56.85,0.7414066087,2.55685
12000,56.9,0.7414064073,2.5569
12000,56.95,0.7414062056,2.55695
12000,57,0.7414060037,2.557
12000,57.05,0.7414058014,2.55705
12000,57.1,0.7414055988,2.5571
12000,57.15,0.741405396,2.55715
12000,57.2,0.7414051928,2.5572
12000,57.25,0.7414049894,2.55725
12000,57.3,0.7414047856,2.5573
12000,57.35,0.7414045815,2.55735
12000,57.4,0.7414043771,2.5574
12000,57.45,0.7414041725,2.55745
12000,57.5,0.7414039675,2.5575
12000,57.55,0.7414037622,2.55755
12000,57.6,0.7414035566,2.5576
12000,57.65,0.7414033508,2.55765
12000,57.7,0.7414031446,2.5577
12000,57.75,0.7414029381,2.55775
12000,57.8,0.7414027313,2.5578
12000,57.85,0.7414025241,2.55785
12000,57.9,0.7414023167,2.5579
12000,57.95,0.741402109,2.55795
12000,58,0.741401901,2.558
12000,58.05,0.7414016926,2.55805
12000,58.1,0.741401484,2.5581
12000,58.15,0.741401275,2.55815
12000,58.2,0.7414010658,2.5582
12000,58.25,0.7414008562,2.55825
12000,58.3,0.7414006463,2.5583
12000,58.35,0.7414004361,2.55835
12000,58.4,0.7414002256,2.5584
12000,58.45,0.7414000148,2.55845
12000,58.5,0.7413998037,2.5585
12000,58.55,0.7413995922,2.55855
12000,58.6,0.7413993805,2.5586
12000,58.65,0.7413991684,2.55865
12000,58.7,0.7413989561,2.5587
12000,58.75,0.7413987434,2.55875
12000,58.8,0.7413985304,2.5588
12000,58.85,0.7413983171,2.55885
12000,58.9,0.7413981034,2.5589
12000,58.95,0.7413978895,2.55895
12000,59,0.7413976752,2.559
12000,59.05,0.7413974606,2.55905
12000,59.1,0.7413972457,2.5591
12000,59.15,0.7413970305,2.55915
12000,59.2,0.741396815,2.5592
12000,59.25,0.7413965991,2.55925
12000,59.3,0.741396383,2.5593
12000,59.35,0.7413961665,2.55935
12000,59.4,0.7413959497,2.5594
12000,59.45,0.7413957326,2.55945
12000,59.5,0.7413955151,2.5595
12000,59.55,0.7413952973,2.55955
12000,59.6,0.7413950793,2.5596
12000,59.65,0.7413948609,2.55965
12000,59.7,0.7413946421,2.5597
12000,59.75,0.7413944231,2.55975
12000,59.8,0.7413942037,2.5598
12000,59.85,0.741393984,2.55985
12000,59.9,0.741393764,2.5599
12000,59.95,0.7413935437,2.55995
12000,60,0.741393323,2.56
12000,60.05,0.741393102,2.56005
12000,60.1,0.7413928807,2.5601
12000,60.15,0.741392659,2.56015
12000,60.2,0.7413924371,2.5602
12000,60.25,0.7413922148,2.56025
12000,60.3,0.7413919921,2.5603
12000,60.35,0.7413917692,2.56035
12000,60.4,0.7413915459,2.5604
12000,60.45,0.7413913223,2.56045
12000,60.5,0.7413910984,2.5605
12000,60.55,0.7413908741,2.56055
12000,60.6,0.7413906495,2.5606
12000,60.65,0.7413904246,2.56065
12000,60.7,0.7413901994,2.5607
12000,60.75,0.7413899738,2.56075
12000,60.8,0.7413897479,2.5608
12000,60.85,0.7413895216,2.56085
12000,60.9,0.741389295,2.5609
12000,60.95,0.7413890681,2.56095
12000,61,0.7413888409,2.561
12000,61.05,0.7413886133,2.56105
12000,61.1,0.7413883854,2.5611
12000,61.15,0.7413881571,2.56115
12000,61.2,0.7413879286,2.5612
12000,61.25,0.7413876996,2.56125
12000,61.3,0.7413874704,2.5613
12000,61.35,0.7413872408,2.56135
12000,61.4,0.7413870109,2.5614
12000,61.45,0.7413867806,2.56145
12000,61.5,0.74138655,2.5615
12000,61.55,0.7413863191,2.56155
12000,61.6,0.7413860878,2.5616
12000,61.65,0.7413858562,2.56165
12000,61.7,0.7413856242,2.5617
12000,61.75,0.7413853919,2.56175
12000,61.8,0.7413851593,2.5618
12000,61.85,0.7413849263,2.56185
12000,61.9,0.741384693,2.5619
12000,61.95,0.7413844594,2.56195
12000,62,0.7413842254,2.562
12000,62.05,0.741383991,2.56205
12000,62.1,0.7413837563,2.5621
12000,62.15,0.7413835213,2.56215
12000,62.2,0.7413832859,2.5622
12000,62.25,0.7413830502,2.56225
12000,62.3,0.7413828142,2.5623
12000,62.35,0.7413825777,2.56235
12000,62.4,0.741382341,2.5624
12000,62.45,0.7413821039,2.56245
12000,62.5,0.7413818665,2.5625
12000,62.55,0.7413816287,2.56255
12000,62.6,0.7413813905,2.5626
12000,62.65,0.741381152,2.56265
12000,62.7,0.7413809132,2.5627
12000,62.75,0.741380674,2.56275
12000,62.8,0.7413804345,2.5628
12000,62.85,0.7413801946,2.56285
12000,62.9,0.7413799544,2.5629
12000,62.95,0.7413797138,2.56295
12000,63,0.7413794728,2.563
12000,63.05,0.7413792315,2.56305
12000,63.1,0.7413789899,2.5631
12000,63.15,0.7413787479,2.56315
12000,63.2,0.7413785056,2.5632
12000,63.25,0.7413782629,2.56325
12000,63.3,0.7413780198,2.5633
12000,63.35,0.7413777764,2.56335
12000,63.4,0.7413775326,2.5634
12000,63.45,0.7413772885,2.56345
12000,63.5,0.741377044,2.5635
12000,63.55,0.7413767992,2.56355
12000,63.6,0.741376554,2.5636
12000,63.65,0.7413763085,2.56365
12000,63.7,0.7413760626,2.5637
12000,63.75,0.7413758163,2.56375
12000,63.8,0.7413755697,2.5638
12000,63.85,0.7413753227,2.56385
12000,63.9,0.7413750754,2.5639
12000,63.95,0.7413748277,2.56395
12000,64,0.7413745796,2.564
12000,64.05,0.7413743312,2.56405
12000,64.1,0.7413740824,2.5641
12000,64.15,0.7413738333,2.56415
12000,64.2,0.7413735837,2.5642
12000,64.25,0.7413733339,2.56425
12000,64.3,0.7413730836,2.5643
12000,64.35,0.741372833,2.56435
12000,64.4,0.7413725821,2.5644
12000,64.45,0.7413723307,2.56445
12000,64.5,0.7413720791,2.5645
12000,64.55,0.741371827,2.56455
12000,64.6,0.7413715746,2.5646
12000,64.65,0.7413713218,2.56465
12000,64.7,0.7413710686,2.5647
12000,64.75,0.7413708151,2.56475
12000,64.8,0.7413705612,2.5648
12000,64.85,0.7413703069,2.56485
12000,64.9,0.7413700523,2.5649
12000,64.95,0.7413697973,2.56495
12000,65,0.7413695419,2.565
12000,65.05,0.7413692862,2.56505
12000,65.1,0.74136903,2.5651
12000,65.15,0.7413687736,2.56515
12000,65.2,0.7413685167,2.5652
12000,65.25,0.7413682595,2.56525
12000,65.3,0.7413680018,2.5653
12000,65.35,0.7413677439,2.56535
12000,65.4,0.7413674855,2.5654
12000,65.45,0.7413672268,2.56545
12000,65.5,0.7413669677,2.5655
12000,65.55,0.7413667082,2.56555
12000,65.6,0.7413664483,2.5656
12000,65.65,0.7413661881,2.56565
12000,65.7,0.7413659275,2.5657
12000,65.75,0.7413656665,2.56575
12000,65.8,0.7413654051,2.5658
12000,65.85,0.7413651434,2.56585
12000,65.9,0.7413648813,2.5659
12000,65.95,0.7413646187,2.56595
12000,66,0.7413643559,2.566
12000,66.05,0.7413640926,2.56605
12000,66.1,0.7413638289,2.5661
12000,66.15,0.7413635649,2.56615
12000,66.2,0.7413633005,2.5662
12000,66.25,0.7413630357,2.56625
12000,66.3,0.7413627705,2.5663
12000,66.35,0.741362505,2.56635
12000,66.4,0.741362239,2.5664
12000,66.45,0.7413619727,2.56645
12000,66.5,0.741361706,2.5665
12000,66.55,0.7413614389,2.56655
12000,66.6,0.7413611714,2.5666
12000,66.65,0.7413609035,2.56665
12000,66.7,0.7413606353,2.5667
12000,66.75,0.7413603666,2.56675
12000,66.8,0.7413600976,2.5668
12000,66.85,0.7413598281,2.56685
12000,66.9,0.7413595583,2.5669
12000,66.95,0.7413592881,2.56695
12000,67,0.7413590175,2.567
12000,67.05,0.7413587465,2.56705
12000,67.1,0.7413584752,2.5671
12000,67.15,0.7413582034,2.56715
12000,67.2,0.7413579312,2.5672
12000,67.25,0.7413576587,2.56725
12000,67.3,0.7413573857,2.5673
12000,67.35,0.7413571124,2.56735
12000,67.4,0.7413568386,2.5674
12000,67.45,0.7413565645,2.56745
12000,67.5,0.74135629,2.5675
12000,67.55,0.7413560151,2.56755
12000,67.6,0.7413557397,2.5676
12000,67.65,0.741355464,2.56765
12000,67.7,0.7413551879,2.5677
12000,67.75,0.7413549114,2.56775
12000,67.8,0.7413546345,2.5678
12000,67.85,0.7413543572,2.56785
12000,67.9,0.7413540795,2.5679
12000,67.95,0.7413538014,2.56795
12000,68,0.7413535228,2.568
12000,68.05,0.7413532439,2.56805
12000,68.1,0.7413529646,2.5681
12000,68.15,0.7413526849,2.56815
12000,68.2,0.7413524048,2.5682
12000,68.25,0.7413521243,2.56825
12000,68.3,0.7413518433,2.5683
12000,68.35,0.741351562,2.56835
12000,68.4,0.7413512803,2.5684
12000,68.45,0.7413509981,2.56845
12000,68.5,0.7413507156,2.5685
12000,68.55,0.7413504326,2.56855
12000,68.6,0.7413501493,2.5686
12000,68.65,0.7413498655,2.56865
12000,68.7,0.7413495813,2.5687
12000,68.75,0.7413492967,2.56875
12000,68.8,0.7413490117,2.5688
12000,68.85,0.7413487263,2.56885
12000,68.9,0.7413484405,2.5689
12000,68.95,0.7413481543,2.56895
12000,69,0.7413478677,2.569
12000,69.05,0.7413475806,2.56905
12000,69.1,0.7413472932,2.5691
12000,69.15,0.7413470053,2.56915
12000,69.2,0.741346717,2.5692
12000,69.25,0.7413464283,2.56925
12000,69.3,0.7413461392,2.5693
12000,69.35,0.7413458497,2.56935
12000,69.4,0.7413455597,2.5694
12000,69.45,0.7413452694,2.56945
12000,69.5,0.7413449786,2.5695
12000,69.55,0.7413446874,2.56955
12000,69.6,0.7413443958,2.5696
12000,69.65,0.7413441037,2.56965
12000,69.7,0.7413438113,2.5697
12000,69.75,0.7413435184,2.56975
12000,69.8,0.7413432251,2.5698
12000,69.85,0.7413429314,2.56985
12000,69.9,0.7413426373,2.5699
12000,69.95,0.7413423428,2.56995
12000,70,0.7413420478,2.57
12000,70.05,0.7413417524,2.57005
12000,70.1,0.7413414566,2.5701
12000,70.15,0.7413411603,2.57015
12000,70.2,0.7413408637,2.5702
12000,70.25,0.7413405666,2.57025
12000,70.3,0.741340269,2.5703
12000,70.35,0.7413399711,2.57035
12000,70.4,0.7413396727,2.5704
12000,70.45,0.7413393739,2.57045
12000,70.5,0.7413390747,2.5705
12000,70.55,0.7413387751,2.57055
12000,70.6,0.741338475,2.5706
12000,70.65,0.7413381745,2.57065
12000,70.7,0.7413378735,2.5707
12000,70.75,0.7413375722,2.57075
12000,70.8,0.7413372704,2.5708
12000,70.85,0.7413369681,2.57085
12000,70.9,0.7413366655,2.5709
12000,70.95,0.7413363624,2.57095
12000,71,0.7413360588,2.571
12000,71.05,0.7413357549,2.57105
12000,71.1,0.7413354505,2.5711
12000,71.15,0.7413351456,2.57115
12000,71.2,0.7413348404,2.5712
12000,71.25,0.7413345347,2.57125
12000,71.3,0.7413342285,2.5713
12000,71.35,0.7413339219,2.57135
12000,71.4,0.7413336149,2.5714
12000,71.45,0.7413333075,2.57145
12000,71.5,0.7413329996,2.5715
12000,71.55,0.7413326912,2.57155
12000,71.6,0.7413323825,2.5716
12000,71.65,0.7413320733,2.57165
12000,71.7,0.7413317636,2.5717
12000,71.75,0.7413314535,2.57175
12000,71.8,0.741331143,2.5718
12000,71.85,0.741330832,2.57185
12000,71.9,0.7413305206,2.5719
12000,71.95,0.7413302087,2.57195
12000,72,0.7413298964,2.572
12000,72.05,0.7413295836,2.57205
12000,72.1,0.7413292704,2.5721
12000,72.15,0.7413289568,2.57215
12000,72.2,0.7413286427,2.5722
12000,72.25,0.7413283281,2.57225
12000,72.3,0.7413280132,2.5723
12000,72.35,0.7413276977,2.57235
12000,72.4,0.7413273818,2.5724
12000,72.45,0.7413270655,2.57245
12000,72.5,0.7413267487,2.5725
12000,72.55,0.7413264315,2.57255
12000,72.6,0.7413261138,2.5726
12000,72.65,0.7413257956,2.57265
12000,72.7,0.741325477,2.5727
12000,72.75,0.741325158,2.57275
12000,72.8,0.7413248385,2.5728
12000,72.85,0.7413245185,2.57285
12000,72.9,0.7413241981,2.5729
12000,72.95,0.7413238773,2.57295
12000,73,0.7413235559,2.573
12000,73.05,0.7413232341,2.57305
12000,73.1,0.7413229119,2.5731
12000,73.15,0.7413225892,2.57315
12000,73.2,0.7413222661,2.5732
12000,73.25,0.7413219425,2.57325
12000,73.3,0.7413216184,2.5733
12000,73.35,0.7413212939,2.57335
12000,73.4,0.7413209689,2.5734
12000,73.45,0.7413206434,2.57345
12000,73.5,0.7413203175,2.5735
12000,73.55,0.7413199911,2.57355
12000,73.6,0.7413196643,2.5736
12000,73.65,0.741319337,2.57365
12000,73.7,0.7413190092,2.5737
12000,73.75,0.741318681,2.57375
12000,73.8,0.7413183523,2.5738
12000,73.85,0.7413180231,2.57385
12000,73.9,0.7413176935,2.5739
12000,73.95,0.7413173634,2.57395
12000,74,0.7413170328,2.574
12000,74.05,0.7413167018,2.57405
12000,74.1,0.7413163703,2.5741
12000,74.15,0.7413160383,2.57415
12000,74.2,0.7413157058,2.5742
12000,74.25,0.7413153729,2.57425
12000,74.3,0.7413150395,2.5743
12000,74.35,0.7413147057,2.57435
12000,74.4,0.7413143713,2.5744
12000,74.45,0.7413140365,2.57445
12000,74.5,0.7413137013,2.5745
12000,74.55,0.7413133655,2.57455
12000,74.6,0.7413130293,2.5746
12000,74.65,0.7413126926,2.57465
12000,74.7,0.7413123554,2.5747
12000,74.75,0.7413120177,2.57475
12000,74.8,0.7413116796,2.5748
12000,74.85,0.741311341,2.57485
12000,74.9,0.7413110019,2.5749
12000,74.95,0.7413106623,2.57495
12000,75,0.7413103223,2.575
12000,75.05,0.7413099817,2.57505
12000,75.1,0.7413096407,2.5751
12000,75.15,0.7413092992,2.57515
12000,75.2,0.7413089572,2.5752
12000,75.25,0.7413086148,2.57525
12000,75.3,0.7413082718,2.5753
12000,75.35,0.7413079284,2.57535
12000,75.4,0.7413075845,2.5754
12000,75.45,0.7413072401,2.57545
12000,75.5,0.7413068952,2.5755
12000,75.55,0.7413065498,2.57555
12000,75.6,0.741306204,2.5756
12000,75.65,0.7413058576,2.57565
12000,75.7,0.7413055108,2.5757
12000,75.75,0.7413051635,2.57575
12000,75.8,0.7413048157,2.5758
12000,75.85,0.7413044673,2.57585
12000,75.9,0.7413041186,2.5759
12000,75.95,0.7413037693,2.57595
12000,76,0.7413034195,2.576
12000,76.05,0.7413030692,2.57605
12000,76.1,0.7413027184,2.5761
12000,76.15,0.7413023672,2.57615
12000,76.2,0.7413020154,2.5762
12000,76.25,0.7413016632,2.57625
12000,76.3,0.7413013104,2.5763
12000,76.35,0.7413009572,2.57635
12000,76.4,0.7413006034,2.5764
12000,76.45,0.7413002492,2.57645
12000,76.5,0.7412998944,2.5765
12000,76.55,0.7412995392,2.57655
12000,76.6,0.7412991835,2.5766
12000,76.65,0.7412988272,2.57665
12000,76.7,0.7412984705,2.5767
12000,76.75,0.7412981132,2.57675
12000,76.8,0.7412977555,2.5768
12000,76.85,0.7412973973,2.57685
12000,76.9,0.7412970385,2.5769
12000,76.95,0.7412966792,2.57695
12000,77,0.7412963195,2.577
12000,77.05,0.7412959592,2.57705
12000,77.1,0.7412955984,2.5771
12000,77.15,0.7412952372,2.57715
12000,77.2,0.7412948754,2.5772
12000,77.25,0.7412945131,2.57725
12000,77.3,0.7412941503,2.5773
12000,77.35,0.741293787,2.57735
12000,77.4,0.7412934231,2.5774
12000,77.45,0.7412930588,2.57745
12000,77.5,0.741292694,2.5775
12000,77.55,0.7412923286,2.57755
12000,77.6,0.7412919627,2.5776
12000,77.65,0.7412915963,2.57765
12000,77.7,0.7412912294,2.5777
12000,77.75,0.741290862,2.57775
12000,77.8,0.7412904941,2.5778
12000,77.85,0.7412901256,2.57785
12000,77.9,0.7412897567,2.5779
12000,77.95,0.7412893872,2.57795
12000,78,0.7412890172,2.578
12000,78.05,0.7412886467,2.57805
12000,78.1,0.7412882757,2.5781
12000,78.15,0.7412879041,2.57815
12000,78.2,0.741287532,2.5782
12000,78.25,0.7412871594,2.57825
12000,78.3,0.7412867863,2.5783
12000,78.35,0.7412864127,2.57835
12000,78.4,0.7412860385,2.5784
12000,78.45,0.7412856638,2.57845
12000,78.5,0.7412852886,2.5785
12000,78.55,0.7412849129,2.57855
12000,78.6,0.7412845366,2.5786
12000,78.65,0.7412841598,2.57865
12000,78.7,0.7412837825,2.5787
12000,78.75,0.7412834046,2.57875
12000,78.8,0.7412830263,2.5788
12000,78.85,0.7412826474,2.57885
12000,78.9,0.7412822679,2.5789
12000,78.95,0.741281888,2.57895
12000,79,0.7412815075,2.579
12000,79.05,0.7412811264,2.57905
12000,79.1,0.7412807449,2.5791
12000,79.15,0.7412803628,2.57915
12000,79.2,0.7412799802,2.5792
12000,79.25,0.741279597,2.57925
12000,79.3,0.7412792133,2.5793
12000,79.35,0.7412788291,2.57935
12000,79.4,0.7412784443,2.5794
12000,79.45,0.741278059,2.57945
12000,79.5,0.7412776732,2.5795
12000,79.55,0.7412772868,2.57955
12000,79.6,0.7412768999,2.5796
12000,79.65,0.7412765124,2.57965
12000,79.7,0.7412761244,2.5797
12000,79.75,0.7412757358,2.57975
12000,79.8,0.7412753468,2.5798
12000,79.85,0.7412749571,2.57985
12000,79.9,0.741274567,2.5799
12000,79.95,0.7412741762,2.57995
12000,80,0.741273785,2.58
12000,80.05,0.7412733932,2.58005
12000,80.1,0.7412730008,2.5801
12000,80.15,0.7412726079,2.58015
12000,80.2,0.7412722145,2.5802
12000,80.25,0.7412718205,2.58025
12000,80.3,0.7412714259,2.5803
12000,80.35,0.7412710308,2.58035
12000,80.4,0.7412706352,2.5804
12000,80.45,0.741270239,2.58045
12000,80.5,0.7412698423,2.5805
12000,80.55,0.741269445,2.58055
12000,80.6,0.7412690471,2.5806
12000,80.65,0.7412686487,2.58065
12000,80.7,0.7412682498,2.5807
12000,80.75,0.7412678502,2.58075
12000,80.8,0.7412674502,2.5808
12000,80.85,0.7412670495,2.58085
12000,80.9,0.7412666484,2.5809
12000,80.95,0.7412662466,2.58095
12000,81,0.7412658443,2.581
12000,81.05,0.7412654415,2.58105
12000,81.1,0.741265038,2.5811
12000,81.15,0.7412646341,2.58115
12000,81.2,0.7412642295,2.5812
12000,81.25,0.7412638244,2.58125
12000,81.3,0.7412634188,2.5813
12000,81.35,0.7412630125,2.58135
12000,81.4,0.7412626057,2.5814
12000,81.45,0.7412621984,2.58145
12000,81.5,0.7412617905,2.5815
12000,81.55,0.741261382,2.58155
12000,81.6,0.7412609729,2.5816
12000,81.65,0.7412605633,2.58165
12000,81.7,0.7412601531,2.5817
12000,81.75,0.7412597423,2.58175
12000,81.8,0.741259331,2.5818
12000,81.85,0.7412589191,2.58185
12000,81.9,0.7412585066,2.5819
12000,81.95,0.7412580936,2.58195
12000,82,0.74125768,2.582
12000,82.05,0.7412572658,2.58205
12000,82.1,0.741256851,2.5821
12000,82.15,0.7412564357,2.58215
12000,82.2,0.7412560198,2.5822
12000,82.25,0.7412556033,2.58225
12000,82.3,0.7412551862,2.5823
12000,82.35,0.7412547686,2.58235
12000,82.4,0.7412543503,2.5824
12000,82.45,0.7412539315,2.58245
12000,82.5,0.7412535122,2.5825
12000,82.55,0.7412530922,2.58255
12000,82.6,0.7412526716,2.5826
12000,82.65,0.7412522505,2.58265
12000,82.7,0.7412518288,2.5827
12000,82.75,0.7412514065,2.58275
12000,82.8,0.7412509836,2.5828
12000,82.85,0.7412505602,2.58285
12000,82.9,0.7412501361,2.5829
12000,82.95,0.7412497115,2.58295
12000,83,0.7412492863,2.583
12000,83.05,0.7412488605,2.58305
12000,83.1,0.7412484341,2.5831
12000,83.15,0.7412480071,2.58315
12000,83.2,0.7412475795,2.5832
12000,83.25,0.7412471514,2.58325
12000,83.3,0.7412467226,2.5833
12000,83.35,0.7412462932,2.58335
12000,83.4,0.7412458633,2.5834
12000,83.45,0.7412454328,2.58345
12000,83.5,0.7412450016,2.5835
12000,83.55,0.7412445699,2.58355
12000,83.6,0.7412441376,2.5836
12000,83.65,0.7412437047,2.58365
12000,83.7,0.7412432712,2.5837
12000,83.75,0.741242837,2.58375
12000,83.8,0.7412424023,2.5838
12000,83.85,0.741241967,2.58385
12000,83.9,0.7412415311,2.5839
12000,83.95,0.7412410946,2.58395
12000,84,0.7412406575,2.584
12000,84.05,0.7412402198,2.58405
12000,84.1,0.7412397814,2.5841
12000,84.15,0.7412393425,2.58415
12000,84.2,0.741238903,2.5842
12000,84.25,0.7412384629,2.58425
12000,84.3,0.7412380221,2.5843
12000,84.35,0.7412375808,2.58435
12000,84.4,0.7412371388,2.5844
12000,84.45,0.7412366962,2.58445
12000,84.5,0.7412362531,2.5845
12000,84.55,0.7412358093,2.58455
12000,84.6,0.7412353649,2.5846
12000,84.65,0.7412349199,2.58465
12000,84.7,0.7412344743,2.5847
12000,84.75,0.741234028,2.58475
12000,84.8,0.7412335812,2.5848
12000,84.85,0.7412331337,2.58485
12000,84.9,0.7412326857,2.5849
12000,84.95,0.741232237,2.58495
12000,85,0.7412317877,2.585
12000,85.05,0.7412313377,2.58505
12000,85.1,0.7412308872,2.5851
12000,85.15,0.741230436,2.58515
12000,85.2,0.7412299842,2.5852
12000,85.25,0.7412295318,2.58525
12000,85.3,0.7412290788,2.5853
12000,85.35,0.7412286252,2.58535
12000,85.4,0.7412281709,2.5854
12000,85.45,0.741227716,2.58545
12000,85.5,0.7412272605,2.5855
12000,85.55,0.7412268044,2.58555
12000,85.6,0.7412263476,2.5856
12000,85.65,0.7412258902,2.58565
12000,85.7,0.7412254322,2.5857
12000,85.75,0.7412249735,2.58575
12000,85.8,0.7412245142,2.5858
12000,85.85,0.7412240543,2.58585
12000,85.9,0.7412235938,2.5859
12000,85.95,0.7412231326,2.58595
12000,86,0.7412226708,2.586
12000,86.05,0.7412222084,2.58605
12000,86.1,0.7412217453,2.5861
12000,86.15,0.7412212816,2.58615
12000,86.2,0.7412208173,2.5862
12000,86.25,0.7412203523,2.58625
12000,86.3,0.7412198867,2.5863
12000,86.35,0.7412194204,2.58635
12000,86.4,0.7412189535,2.5864
12000,86.45,0.741218486,2.58645
12000,86.5,0.7412180178,2.5865
12000,86.55,0.741217549,2.58655
12000,86.6,0.7412170796,2.5866
12000,86.65,0.7412166095,2.58665
12000,86.7,0.7412161387,2.5867
12000,86.75,0.7412156674,2.58675
12000,86.8,0.7412151953,2.5868
12000,86.85,0.7412147227,2.58685
12000,86.9,0.7412142494,2.5869
12000,86.95,0.7412137754,2.58695
12000,87,0.7412133008,2.587
12000,87.05,0.7412128255,2.58705
12000,87.1,0.7412123496,2.5871
12000,87.15,0.741211873,2.58715
12000,87.2,0.7412113958,2.5872
12000,87.25,0.741210918,2.58725
12000,87.3,0.7412104395,2.5873
12000,87.35,0.7412099603,2.58735
12000,87.4,0.7412094805,2.5874
12000,87.45,0.741209,2.58745
12000,87.5,0.7412085189,2.5875
12000,87.55,0.7412080371,2.58755
12000,87.6,0.7412075546,2.5876
12000,87.65,0.7412070715,2.58765
12000,87.7,0.7412065878,2.5877
12000,87.75,0.7412061033,2.58775
12000,87.8,0.7412056182,2.5878
12000,87.85,0.7412051325,2.58785
12000,87.9,0.7412046461,2.5879
12000,87.95,0.741204159,2.58795
12000,88,0.7412036713,2.588
12000,88.05,0.7412031829,2.58805
12000,88.1,0.7412026938,2.5881
12000,88.15,0.7412022041,2.58815
12000,88.2,0.7412017137,2.5882
12000,88.25,0.7412012226,2.58825
12000,88.3,0.7412007309,2.5883
12000,88.35,0.7412002385,2.58835
12000,88.4,0.7411997454,2.5884
12000,88.45,0.7411992516,2.58845
12000,88.5,0.7411987572,2.5885
12000,88.55,0.7411982621,2.58855
12000,88.6,0.7411977664,2.5886
12000,88.65,0.7411972699,2.58865
12000,88.7,0.7411967728,2.5887
12000,88.75,0.741196275,2.58875
12000,88.8,0.7411957766,2.5888
12000,88.85,0.7411952774,2.58885
12000,88.9,0.7411947776,2.5889
12000,88.95,0.7411942771,2.58895
12000,89,0.7411937759,2.589
12000,89.05,0.741193274,2.58905
12000,89.1,0.7411927715,2.5891
12000,89.15,0.7411922683,2.58915
12000,89.2,0.7411917643,2.5892
12000,89.25,0.7411912597,2.58925
12000,89.3,0.7411907545,2.5893
12000,89.35,0.7411902485,2.58935
12000,89.4,0.7411897418,2.5894
12000,89.45,0.7411892345,2.58945
12000,89.5,0.7411887265,2.5895
12000,89.55,0.7411882177,2.58955
12000,89.6,0.7411877083,2.5896
12000,89.65,0.7411871982,2.58965
12000,89.7,0.7411866874,2.5897
12000,89.75,0.7411861759,2.58975
12000,89.8,0.7411856638,2.5898
12000,89.85,0.7411851509,2.58985
12000,89.9,0.7411846373,2.5899
12000,89.95,0.7411841231,2.58995
12000,90,0.7411836081,2.59
12000,90.05,0.7411830924,2.59005
12000,90.1,0.7411825761,2.5901
12000,90.15,0.741182059,2.59015
12000,90.2,0.7411815413,2.5902
12000,90.25,0.7411810228,2.59025
12000,90.3,0.7411805036,2.5903
12000,90.35,0.7411799838,2.59035
12000,90.4,0.7411794632,2.5904
12000,90.45,0.7411789419,2.59045
12000,90.5,0.7411784199,2.5905
12000,90.55,0.7411778973,2.59055
12000,90.6,0.7411773739,2.5906
12000,90.65,0.7411768498,2.59065
12000,90.7,0.741176325,2.5907
12000,90.75,0.7411757994,2.59075
12000,90.8,0.7411752732,2.5908
12000,90.85,0.7411747463,2.59085
12000,90.9,0.7411742186,2.5909
12000,90.95,0.7411736903,2.59095
12000,91,0.7411731612,2.591
12000,91.05,0.7411726314,2.59105
12000,91.1,0.7411721009,2.5911
12000,91.15,0.7411715696,2.59115
12000,91.2,0.7411710377,2.5912
12000,91.25,0.741170505,2.59125
12000,91.3,0.7411699717,2.5913
12000,91.35,0.7411694375,2.59135
12000,91.4,0.7411689027,2.5914
12000,91.45,0.7411683672,2.59145
12000,91.5,0.7411678309,2.5915
12000,91.55,0.7411672939,2.59155
12000,91.6,0.7411667562,2.5916
12000,91.65,0.7411662178,2.59165
12000,91.7,0.7411656786,2.5917
12000,91.75,0.7411651387,2.59175
12000,91.8,0.7411645981,2.5918
12000,91.85,0.7411640567,2.59185
12000,91.9,0.7411635147,2.5919
12000,91.95,0.7411629719,2.59195
12000,92,0.7411624283,2.592
12000,92.05,0.741161884,2.59205
12000,92.1,0.741161339,2.5921
12000,92.15,0.7411607933,2.59215
12000,92.2,0.7411602468,2.5922
12000,92.25,0.7411596996,2.59225
12000,92.3,0.7411591517,2.5923
12000,92.35,0.741158603,2.59235
12000,92.4,0.7411580535,2.5924
12000,92.45,0.7411575034,2.59245
12000,92.5,0.7411569525,2.5925
12000,92.55,0.7411564008,2.59255
12000,92.6,0.7411558485,2.5926
12000,92.65,0.7411552953,2.59265
12000,92.7,0.7411547414,2.5927
12000,92.75,0.7411541868,2.59275
12000,92.8,0.7411536315,2.5928
12000,92.85,0.7411530754,2.59285
12000,92.9,0.7411525185,2.5929
12000,92.95,0.7411519609,2.59295
12000,93,0.7411514025,2.593
12000,93.05,0.7411508434,2.59305
12000,93.1,0.7411502836,2.5931
12000,93.15,0.741149723,2.59315
12000,93.2,0.7411491616,2.5932
12000,93.25,0.7411485995,2.59325
12000,93.3,0.7411480366,2.5933
12000,93.35,0.741147473,2.59335
12000,93.4,0.7411469086,2.5934
12000,93.45,0.7411463435,2.59345
12000,93.5,0.7411457776,2.5935
12000,93.55,0.7411452109,2.59355
12000,93.6,0.7411446435,2.5936
12000,93.65,0.7411440754,2.59365
12000,93.7,0.7411435064,2.5937
12000,93.75,0.7411429367,2.59375
12000,93.8,0.7411423663,2.5938
12000,93.85,0.741141795,2.59385
12000,93.9,0.741141223,2.5939
12000,93.95,0.7411406503,2.59395
12000,94,0.7411400768,2.594
12000,94.05,0.7411395025,2.59405
12000,94.1,0.7411389274,2.5941
12000,94.15,0.7411383516,2.59415
12000,94.2,0.741137775,2.5942
12000,94.25,0.7411371976,2.59425
12000,94.3,0.7411366194,2.5943
12000,94.35,0.7411360405,2.59435
12000,94.4,0.7411354608,2.5944
12000,94.45,0.7411348803,2.59445
12000,94.5,0.7411342991,2.5945
12000,94.55,0.7411337171,2.59455
12000,94.6,0.7411331343,2.5946
12000,94.65,0.7411325507,2.59465
12000,94.7,0.7411319663,2.5947
12000,94.75,0.7411313812,2.59475
12000,94.8,0.7411307953,2.5948
12000,94.85,0.7411302085,2.59485
12000,94.9,0.741129621,2.5949
12000,94.95,0.7411290328,2.59495
12000,95,0.7411284437,2.595
12000,95.05,0.7411278539,2.59505
12000,95.1,0.7411272632,2.5951
12000,95.15,0.7411266718,2.59515
12000,95.2,0.7411260796,2.5952
12000,95.25,0.7411254866,2.59525
12000,95.3,0.7411248928,2.5953
12000,95.35,0.7411242982,2.59535
12000,95.4,0.7411237028,2.5954
12000,95.45,0.7411231066,2.59545
12000,95.5,0.7411225096,2.5955
12000,95.55,0.7411219119,2.59555
12000,95.6,0.7411213133,2.5956
12000,95.65,0.7411207139,2.59565
12000,95.7,0.7411201138,2.5957
12000,95.75,0.7411195128,2.59575
12000,95.8,0.7411189111,2.5958
12000,95.85,0.7411183085,2.59585
12000,95.9,0.7411177051,2.5959
12000,95.95,0.741117101,2.59595
12000,96,0.741116496,2.596
12000,96.05,0.7411158902,2.59605
12000,96.1,0.7411152836,2.5961
12000,96.15,0.7411146762,2.59615
12000,96.2,0.741114068,2.5962
12000,96.25,0.741113459,2.59625
12000,96.3,0.7411128492,2.5963
12000,96.35,0.7411122385,2.59635
12000,96.4,0.7411116271,2.5964
12000,96.45,0.7411110148,2.59645
12000,96.5,0.7411104018,2.5965
12000,96.55,0.7411097879,2.59655
12000,96.6,0.7411091732,2.5966
12000,96.65,0.7411085576,2.59665
12000,96.7,0.7411079413,2.5967
12000,96.75,0.7411073241,2.59675
12000,96.8,0.7411067062,2.5968
12000,96.85,0.7411060874,2.59685
12000,96.9,0.7411054677,2.5969
12000,96.95,0.7411048473,2.59695
12000,97,0.741104226,2.597
12000,97.05,0.7411036039,2.59705
12000,97.1,0.741102981,2.5971
12000,97.15,0.7411023573,2.59715
12000,97.2,0.7411017327,2.5972
12000,97.25,0.7411011073,2.59725
12000,97.3,0.741100481,2.5973
12000,97.35,0.741099854,2.59735
12000,97.4,0.7410992261,2.5974
12000,97.45,0.7410985974,2.59745
12000,97.5,0.7410979678,2.5975
12000,97.55,0.7410973374,2.59755
12000,97.6,0.7410967062,2.5976
12000,97.65,0.7410960741,2.59765
12000,97.7,0.7410954412,2.5977
12000,97.75,0.7410948075,2.59775
12000,97.8,0.7410941729,2.5978
12000,97.85,0.7410935374,2.59785
12000,97.9,0.7410929012,2.5979
12000,97.95,0.7410922641,2.59795
12000,98,0.7410916261,2.598
12000,98.05,0.7410909873,2.59805
12000,98.1,0.7410903477,2.5981
12000,98.15,0.7410897072,2.59815
12000,98.2,0.7410890659,2.5982
12000,98.25,0.7410884237,2.59825
12000,98.3,0.7410877806,2.5983
12000,98.35,0.7410871368,2.59835
12000,98.4,0.741086492,2.5984
12000,98.45,0.7410858464,2.59845
12000,98.5,0.7410852,2.5985
12000,98.55,0.7410845527,2.59855
12000,98.6,0.7410839046,2.5986
12000,98.65,0.7410832555,2.59865
12000,98.7,0.7410826057,2.5987
12000,98.75,0.741081955,2.59875
12000,98.8,0.7410813034,2.5988
12000,98.85,0.7410806509,2.59885
12000,98.9,0.7410799976,2.5989
12000,98.95,0.7410793435,2.59895
12000,99,0.7410786884,2.599
12000,99.05,0.7410780325,2.59905
12000,99.1,0.7410773758,2.5991
12000,99.15,0.7410767182,2.59915
12000,99.2,0.7410760597,2.5992
12000,99.25,0.7410754003,2.59925
12000,99.3,0.7410747401,2.5993
12000,99.35,0.741074079,2.59935
12000,99.4,0.741073417,2.5994
12000,99.45,0.7410727541,2.59945
12000,99.5,0.7410720904,2.5995
12000,99.55,0.7410714258,2.59955
12000,99.6,0.7410707604,2.5996
12000,99.65,0.741070094,2.59965
12000,99.7,0.7410694268,2.5997
12000,99.75,0.7410687587,2.59975
12000,99.8,0.7410680897,2.5998
12000,99.85,0.7410674198,2.59985
12000,99.9,0.7410667491,2.5999
12000,99.95,0.7410660774,2.59995
12000,100,0.7410654049,2.6
12000,100.05,0.7410647315,2.60005
12000,100.1,0.7410640573,2.6001
12000,100.15,0.7410633821,2.60015
12000,100.2,0.741062706,2.6002
12000,100.25,0.7410620291,2.60025
12000,100.3,0.7410613512,2.6003
12000,100.35,0.7410606725,2.60035
12000,100.4,0.7410599929,2.6004
12000,100.45,0.7410593124,2.60045
12000,100.5,0.741058631,2.6005
12000,100.55,0.7410579487,2.60055
12000,100.6,0.7410572655,2.6006
12000,100.65,0.7410565814,2.60065
12000,100.7,0.7410558964,2.6007
12000,100.75,0.7410552105,2.60075
12000,100.8,0.7410545237,2.6008
12000,100.85,0.741053836,2.60085
12000,100.9,0.7410531474,2.6009
12000,100.95,0.7410524579,2.60095
12000,101,0.7410517674,2.601
12000,101.05,0.7410510761,2.60105
12000,101.1,0.7410503839,2.6011
12000,101.15,0.7410496908,2.60115
12000,101.2,0.7410489967,2.6012
12000,101.25,0.7410483018,2.60125
12000,101.3,0.7410476059,2.6013
12000,101.35,0.7410469092,2.60135
12000,101.4,0.7410462115,2.6014
12000,101.45,0.7410455129,2.60145
12000,101.5,0.7410448134,2.6015
12000,101.55,0.7410441129,2.60155
12000,101.6,0.7410434116,2.6016
12000,101.65,0.7410427093,2.60165
12000,101.7,0.7410420061,2.6017
12000,101.75,0.741041302,2.60175
12000,101.8,0.741040597,2.6018
12000,101.85,0.741039891,2.60185
12000,101.9,0.7410391842,2.6019
12000,101.95,0.7410384764,2.60195
12000,102,0.7410377676,2.602
12000,102.05,0.741037058,2.60205
12000,102.1,0.7410363474,2.6021
12000,102.15,0.7410356359,2.60215
12000,102.2,0.7410349234,2.6022
12000,102.25,0.7410342101,2.60225
12000,102.3,0.7410334958,2.6023
12000,102.35,0.7410327805,2.60235
12000,102.4,0.7410320644,2.6024
12000,102.45,0.7410313472,2.60245
12000,102.5,0.7410306292,2.6025
12000,102.55,0.7410299102,2.60255
12000,102.6,0.7410291903,2.6026
12000,102.65,0.7410284694,2.60265
12000,102.7,0.7410277476,2.6027
12000,102.75,0.7410270249,2.60275
12000,102.8,0.7410263012,2.6028
12000,102.85,0.7410255766,2.60285
12000,102.9,0.741024851,2.6029
12000,102.95,0.7410241245,2.60295
12000,103,0.741023397,2.603
12000,103.05,0.7410226686,2.60305
12000,103.1,0.7410219392,2.6031
12000,103.15,0.7410212089,2.60315
12000,103.2,0.7410204776,2.6032
12000,103.25,0.7410197454,2.60325
12000,103.3,0.7410190122,2.6033
12000,103.35,0.7410182781,2.60335
12000,103.4,0.741017543,2.6034
12000,103.45,0.7410168069,2.60345
12000,103.5,0.7410160699,2.6035
12000,103.55,0.7410153319,2.60355
12000,103.6,0.741014593,2.6036
12000,103.65,0.7410138531,2.60365
12000,103.7,0.7410131123,2.6037
12000,103.75,0.7410123704,2.60375
12000,103.8,0.7410116277,2.6038
12000,103.85,0.7410108839,2.60385
12000,103.9,0.7410101392,2.6039
12000,103.95,0.7410093935,2.60395
12000,104,0.7410086469,2.604
12000,104.05,0.7410078992,2.60405
12000,104.1,0.7410071506,2.6041
12000,104.15,0.7410064011,2.60415
12000,104.2,0.7410056505,2.6042
12000,104.25,0.741004899,2.60425
12000,104.3,0.7410041465,2.6043
12000,104.35,0.741003393,2.60435
12000,104.4,0.7410026386,2.6044
12000,104.45,0.7410018831,2.60445
12000,104.5,0.7410011267,2.6045
12000,104.55,0.7410003693,2.60455
12000,104.6,0.740999611,2.6046
12000,104.65,0.7409988516,2.60465
12000,104.7,0.7409980912,2.6047
12000,104.75,0.7409973299,2.60475
12000,104.8,0.7409965676,2.6048
12000,104.85,0.7409958043,2.60485
12000,104.9,0.74099504,2.6049
12000,104.95,0.7409942747,2.60495
12000,105,0.7409935084,2.605
12000,105.05,0.7409927411,2.60505
12000,105.1,0.7409919728,2.6051
12000,105.15,0.7409912036,2.60515
12000,105.2,0.7409904333,2.6052
12000,105.25,0.740989662,2.60525
12000,105.3,0.7409888898,2.6053
12000,105.35,0.7409881165,2.60535
12000,105.4,0.7409873423,2.6054
12000,105.45,0.740986567,2.60545
12000,105.5,0.7409857907,2.6055
12000,105.55,0.7409850135,2.60555
12000,105.6,0.7409842352,2.6056
12000,105.65,0.7409834559,2.60565
12000,105.7,0.7409826756,2.6057
12000,105.75,0.7409818943,2.60575
12000,105.8,0.740981112,2.6058
12000,105.85,0.7409803287,2.60585
12000,105.9,0.7409795443,2.6059
12000,105.95,0.740978759,2.60595
12000,106,0.7409779726,2.606
12000,106.05,0.7409771852,2.60605
12000,106.1,0.7409763968,2.6061
12000,106.15,0.7409756074,2.60615
12000,106.2,0.7409748169,2.6062
12000,106.25,0.7409740255,2.60625
12000,106.3,0.740973233,2.6063
12000,106.35,0.7409724395,2.60635
12000,106.4,0.740971645,2.6064
12000,106.45,0.7409708494,2.60645
12000,106.5,0.7409700528,2.6065
12000,106.55,0.7409692552,2.60655
12000,106.6,0.7409684566,2.6066
12000,106.65,0.7409676569,2.60665
12000,106.7,0.7409668562,2.6067
12000,106.75,0.7409660545,2.60675
12000,106.8,0.7409652517,2.6068
12000,106.85,0.7409644479,2.60685
12000,106.9,0.7409636431,2.6069
12000,106.95,0.7409628372,2.60695
12000,107,0.7409620303,2.607
12000,107.05,0.7409612223,2.60705
12000,107.1,0.7409604133,2.6071
12000,107.15,0.7409596033,2.60715
12000,107.2,0.7409587922,2.6072
12000,107.25,0.7409579801,2.60725
12000,107.3,0.7409571669,2.6073
12000,107.35,0.7409563527,2.60735
12000,107.4,0.7409555374,2.6074
12000,107.45,0.7409547211,2.60745
12000,107.5,0.7409539038,2.6075
12000,107.55,0.7409530854,2.60755
12000,107.6,0.7409522659,2.6076
12000,107.65,0.7409514454,2.60765
12000,107.7,0.7409506238,2.6077
12000,107.75,0.7409498012,2.60775
12000,107.8,0.7409489775,2.6078
12000,107.85,0.7409481527,2.60785
12000,107.9,0.7409473269,2.6079
12000,107.95,0.7409465,2.60795
12000,108,0.7409456721,2.608
12000,108.05,0.7409448431,2.60805
12000,108.1,0.740944013,2.6081
12000,108.15,0.7409431819,2.60815
12000,108.2,0.7409423497,2.6082
12000,108.25,0.7409415165,2.60825
12000,108.3,0.7409406821,2.6083
12000,108.35,0.7409398467,2.60835
12000,108.4,0.7409390103,2.6084
12000,108.45,0.7409381727,2.60845
12000,108.5,0.7409373341,2.6085
12000,108.55,0.7409364944,2.60855
12000,108.6,0.7409356536,2.6086
12000,108.65,0.7409348118,2.60865
12000,108.7,0.7409339688,2.6087
12000,108.75,0.7409331248,2.60875
12000,108.8,0.7409322797,2.6088
12000,108.85,0.7409314336,2.60885
12000,108.9,0.7409305863,2.6089
12000,108.95,0.740929738,2.60895
12000,109,0.7409288885,2.609
12000,109.05,0.740928038,2.60905
12000,109.1,0.7409271864,2.6091
12000,109.15,0.7409263337,2.60915
12000,109.2,0.7409254799,2.6092
12000,109.25,0.740924625,2.60925
12000,109.3,0.7409237691,2.6093
12000,109.35,0.740922912,2.60935
12000,109.4,0.7409220538,2.6094
12000,109.45,0.7409211945,2.60945
12000,109.5,0.7409203342,2.6095
12000,109.55,0.7409194727,2.60955
12000,109.6,0.7409186102,2.6096
12000,109.65,0.7409177465,2.60965
12000,109.7,0.7409168817,2.6097
12000,109.75,0.7409160158,2.60975
12000,109.8,0.7409151489,2.6098
12000,109.85,0.7409142808,2.60985
12000,109.9,0.7409134116,2.6099
12000,109.95,0.7409125413,2.60995
12000,110,0.7409116698,2.61
12000,110.05,0.7409107973,2.61005
12000,110.1,0.7409099237,2.6101
12000,110.15,0.7409090489,2.61015
12000,110.2,0.740908173,2.6102
12000,110.25,0.740907296,2.61025
12000,110.3,0.7409064179,2.6103
12000,110.35,0.7409055387,2.61035
12000,110.4,0.7409046583,2.6104
12000,110.45,0.7409037768,2.61045
12000,110.5,0.7409028942,2.6105
12000,110.55,0.7409020105,2.61055
12000,110.6,0.7409011257,2.6106
12000,110.65,0.7409002397,2.61065
12000,110.7,0.7408993526,2.6107
12000,110.75,0.7408984643,2.61075
12000,110.8,0.740897575,2.6108
12000,110.85,0.7408966845,2.61085
12000,110.9,0.7408957928,2.6109
12000,110.95,0.7408949001,2.61095
12000,111,0.7408940062,2.611
12000,111.05,0.7408931111,2.61105
12000,111.1,0.7408922149,2.6111
12000,111.15,0.7408913176,2.61115
12000,111.2,0.7408904191,2.6112
12000,111.25,0.7408895195,2.61125
12000,111.3,0.7408886188,2.6113
12000,111.35,0.7408877169,2.61135
12000,111.4,0.7408868138,2.6114
12000,111.45,0.7408859096,2.61145
12000,111.5,0.7408850043,2.6115
12000,111.55,0.7408840978,2.61155
12000,111.6,0.7408831902,2.6116
12000,111.65,0.7408822814,2.61165
12000,111.7,0.7408813714,2.6117
12000,111.75,0.7408804603,2.61175
12000,111.8,0.740879548,2.6118
12000,111.85,0.7408786346,2.61185
12000,111.9,0.74087772,2.6119
12000,111.95,0.7408768043,2.61195
12000,112,0.7408758874,2.612
12000,112.05,0.7408749693,2.61205
12000,112.1,0.7408740501,2.6121
12000,112.15,0.7408731297,2.61215
12000,112.2,0.7408722081,2.6122
12000,112.25,0.7408712854,2.61225
12000,112.3,0.7408703615,2.6123
12000,112.35,0.7408694364,2.61235
12000,112.4,0.7408685102,2.6124
12000,112.45,0.7408675828,2.61245
12000,112.5,0.7408666542,2.6125
12000,112.55,0.7408657244,2.61255
12000,112.6,0.7408647934,2.6126
12000,112.65,0.7408638613,2.61265
12000,112.7,0.740862928,2.6127
12000,112.75,0.7408619935,2.61275
12000,112.8,0.7408610578,2.6128
12000,112.85,0.740860121,2.61285
12000,112.9,0.7408591829,2.6129
12000,112.95,0.7408582437,2.61295
12000,113,0.7408573033,2.613
12000,113.05,0.7408563617,2.61305
12000,113.1,0.7408554189,2.6131
12000,113.15,0.7408544749,2.61315
12000,113.2,0.7408535297,2.6132
12000,113.25,0.7408525833,2.61325
12000,113.3,0.7408516358,2.6133
12000,113.35,0.740850687,2.61335
12000,113.4,0.740849737,2.6134
12000,113.45,0.7408487858,2.61345
12000,113.5,0.7408478335,2.6135
12000,113.55,0.7408468799,2.61355
12000,113.6,0.7408459251,2.6136
12000,113.65,0.7408449691,2.61365
12000,113.7,0.7408440119,2.6137
12000,113.75,0.7408430536,2.61375
12000,113.8,0.7408420939,2.6138
12000,113.85,0.7408411331,2.61385
12000,113.9,0.7408401711,2.6139
12000,113.95,0.7408392079,2.61395
12000,114,0.7408382434,2.614
12000,114.05,0.7408372777,2.61405
12000,114.1,0.7408363108,2.6141
12000,114.15,0.7408353427,2.61415
12000,114.2,0.7408343734,2.6142
12000,114.25,0.7408334028,2.61425
12000,114.3,0.7408324311,2.6143
12000,114.35,0.7408314581,2.61435
12000,114.4,0.7408304838,2.6144
12000,114.45,0.7408295084,2.61445
12000,114.5,0.7408285317,2.6145
12000,114.55,0.7408275538,2.61455
12000,114.6,0.7408265747,2.6146
12000,114.65,0.7408255943,2.61465
12000,114.7,0.7408246127,2.6147
12000,114.75,0.7408236298,2.61475
12000,114.8,0.7408226458,2.6148
12000,114.85,0.7408216604,2.61485
12000,114.9,0.7408206739,2.6149
12000,114.95,0.7408196861,2.61495
12000,115,0.7408186971,2.615
12000,115.05,0.7408177068,2.61505
12000,115.1,0.7408167153,2.6151
12000,115.15,0.7408157225,2.61515
12000,115.2,0.7408147285,2.6152
12000,115.25,0.7408137332,2.61525
12000,115.3,0.7408127367,2.6153
12000,115.35,0.7408117389,2.61535
12000,115.4,0.7408107399,2.6154
12000,115.45,0.7408097396,2.61545
12000,115.5,0.7408087381,2.6155
12000,115.55,0.7408077353,2.61555
12000,115.6,0.7408067313,2.6156
12000,115.65,0.740805726,2.61565
12000,115.7,0.7408047194,2.6157
12000,115.75,0.7408037116,2.61575
12000,115.8,0.7408027025,2.6158
12000,115.85,0.7408016921,2.61585
12000,115.9,0.7408006805,2.6159
12000,115.95,0.7407996676,2.61595
12000,116,0.7407986535,2.616
12000,116.05,0.740797638,2.61605
12000,116.1,0.7407966213,2.6161
12000,116.15,0.7407956034,2.61615
12000,116.2,0.7407945841,2.6162
12000,116.25,0.7407935636,2.61625
12000,116.3,0.7407925418,2.6163
12000,116.35,0.7407915187,2.61635
12000,116.4,0.7407904943,2.6164
12000,116.45,0.7407894687,2.61645
12000,116.5,0.7407884417,2.6165
12000,116.55,0.7407874135,2.61655
12000,116.6,0.740786384,2.6166
12000,116.65,0.7407853532,2.61665
12000,116.7,0.7407843212,2.6167
12000,116.75,0.7407832878,2.61675
12000,116.8,0.7407822531,2.6168
12000,116.85,0.7407812172,2.61685
12000,116.9,0.7407801799,2.6169
12000,116.95,0.7407791414,2.61695
12000,117,0.7407781016,2.617
12000,117.05,0.7407770604,2.61705
12000,117.1,0.740776018,2.6171
12000,117.15,0.7407749742,2.61715
12000,117.2,0.7407739292,2.6172
12000,117.25,0.7407728828,2.61725
12000,117.3,0.7407718352,2.6173
12000,117.35,0.7407707862,2.61735
12000,117.4,0.740769736,2.6174
12000,117.45,0.7407686844,2.61745
12000,117.5,0.7407676315,2.6175
12000,117.55,0.7407665773,2.61755
12000,117.6,0.7407655218,2.6176
12000,117.65,0.7407644649,2.61765
12000,117.7,0.7407634068,2.6177
12000,117.75,0.7407623473,2.61775
12000,117.8,0.7407612865,2.6178
12000,117.85,0.7407602244,2.61785
12000,117.9,0.740759161,2.6179
12000,117.95,0.7407580962,2.61795
12000,118,0.7407570301,2.618
12000,118.05,0.7407559627,2.61805
12000,118.1,0.740754894,2.6181
12000,118.15,0.7407538239,2.61815
12000,118.2,0.7407527525,2.6182
12000,118.25,0.7407516797,2.61825
12000,118.3,0.7407506057,2.6183
12000,118.35,0.7407495303,2.61835
12000,118.4,0.7407484535,2.6184
12000,118.45,0.7407473754,2.61845
12000,118.5,0.740746296,2.6185
12000,118.55,0.7407452152,2.61855
12000,118.6,0.7407441331,2.6186
12000,118.65,0.7407430497,2.61865
12000,118.7,0.7407419649,2.6187
12000,118.75,0.7407408787,2.61875
12000,118.8,0.7407397912,2.6188
12000,118.85,0.7407387024,2.61885
12000,118.9,0.7407376122,2.6189
12000,118.95,0.7407365206,2.61895
12000,119,0.7407354277,2.619
12000,119.05,0.7407343335,2.61905
12000,119.1,0.7407332378,2.6191
12000,119.15,0.7407321408,2.61915
12000,119.2,0.7407310425,2.6192
12000,119.25,0.7407299428,2.61925
12000,119.3,0.7407288417,2.6193
12000,119.35,0.7407277393,2.61935
12000,119.4,0.7407266355,2.6194
12000,119.45,0.7407255303,2.61945
12000,119.5,0.7407244238,2.6195
12000,119.55,0.7407233159,2.61955
12000,119.6,0.7407222066,2.6196
12000,119.65,0.7407210959,2.61965
12000,119.7,0.7407199839,2.6197
12000,119.75,0.7407188705,2.61975
12000,119.8,0.7407177557,2.6198
12000,119.85,0.7407166395,2.61985
12000,119.9,0.740715522,2.6199
12000,119.95,0.740714403,2.61995
12000,120,0.7407132827,2.62
12000,120.05,0.740712161,2.62005
12000,120.1,0.7407110379,2.6201
12000,120.15,0.7407099134,2.62015
12000,120.2,0.7407087876,2.6202
12000,120.25,0.7407076603,2.62025
12000,120.3,0.7407065316,2.6203
12000,120.35,0.7407054016,2.62035
12000,120.4,0.7407042701,2.6204
12000,120.45,0.7407031373,2.62045
12000,120.5,0.7407020031,2.6205
12000,120.55,0.7407008674,2.62055
12000,120.6,0.7406997304,2.6206
12000,120.65,0.7406985919,2.62065
12000,120.7,0.740697452,2.6207
12000,120.75,0.7406963108,2.62075
12000,120.8,0.7406951681,2.6208
12000,120.85,0.740694024,2.62085
12000,120.9,0.7406928785,2.6209
12000,120.95,0.7406917316,2.62095
12000,121,0.7406905833,2.621
12000,121.05,0.7406894335,2.62105
12000,121.1,0.7406882824,2.6211
12000,121.15,0.7406871298,2.62115
12000,121.2,0.7406859758,2.6212
12000,121.25,0.7406848204,2.62125
12000,121.3,0.7406836635,2.6213
12000,121.35,0.7406825053,2.62135
12000,121.4,0.7406813456,2.6214
12000,121.45,0.7406801845,2.62145
12000,121.5,0.7406790219,2.6215
12000,121.55,0.7406778579,2.62155
12000,121.6,0.7406766925,2.6216
12000,121.65,0.7406755256,2.62165
12000,121.7,0.7406743574,2.6217
12000,121.75,0.7406731876,2.62175
12000,121.8,0.7406720165,2.6218
12000,121.85,0.7406708439,2.62185
12000,121.9,0.7406696698,2.6219
12000,121.95,0.7406684943,2.62195
12000,122,0.7406673174,2.622
12000,122.05,0.740666139,2.62205
12000,122.1,0.7406649592,2.6221
12000,122.15,0.7406637779,2.62215
12000,122.2,0.7406625951,2.6222
12000,122.25,0.740661411,2.62225
12000,122.3,0.7406602253,2.6223
12000,122.35,0.7406590382,2.62235
12000,122.4,0.7406578497,2.6224
12000,122.45,0.7406566596,2.62245
12000,122.5,0.7406554682,2.6225
12000,122.55,0.7406542752,2.62255
12000,122.6,0.7406530808,2.6226
12000,122.65,0.740651885,2.62265
12000,122.7,0.7406506876,2.6227
12000,122.75,0.7406494888,2.62275
12000,122.8,0.7406482886,2.6228
12000,122.85,0.7406470868,2.62285
12000,122.9,0.7406458836,2.6229
12000,122.95,0.7406446789,2.62295
12000,123,0.7406434727,2.623
12000,123.05,0.7406422651,2.62305
12000,123.1,0.740641056,2.6231
12000,123.15,0.7406398454,2.62315
12000,123.2,0.7406386333,2.6232
12000,123.25,0.7406374197,2.62325
12000,123.3,0.7406362046,2.6233
12000,123.35,0.7406349881,2.62335
12000,123.4,0.74063377,2.6234
12000,123.45,0.7406325505,2.62345
12000,123.5,0.7406313295,2.6235
12000,123.55,0.740630107,2.62355
12000,123.6,0.740628883,2.6236
12000,123.65,0.7406276575,2.62365
12000,123.7,0.7406264305,2.6237
12000,123.75,0.740625202,2.62375
12000,123.8,0.740623972,2.6238
12000,123.85,0.7406227405,2.62385
12000,123.9,0.7406215074,2.6239
12000,123.95,0.7406202729,2.62395
12000,124,0.7406190369,2.624
12000,124.05,0.7406177994,2.62405
12000,124.1,0.7406165603,2.6241
12000,124.15,0.7406153197,2.62415
12000,124.2,0.7406140777,2.6242
12000,124.25,0.7406128341,2.62425
12000,124.3,0.740611589,2.6243
12000,124.35,0.7406103423,2.62435
12000,124.4,0.7406090942,2.6244
12000,124.45,0.7406078445,2.62445
12000,124.5,0.7406065933,2.6245
12000,124.55,0.7406053406,2.62455
12000,124.6,0.7406040863,2.6246
12000,124.65,0.7406028306,2.62465
12000,124.7,0.7406015733,2.6247
12000,124.75,0.7406003144,2.62475
12000,124.8,0.740599054,2.6248
12000,124.85,0.7405977921,2.62485
12000,124.9,0.7405965287,2.6249
12000,124.95,0.7405952637,2.62495
12000,125,0.7405939972,2.625
12000,125.05,0.7405927291,2.62505
12000,125.1,0.7405914595,2.6251
12000,125.15,0.7405901883,2.62515
12000,125.2,0.7405889156,2.6252
12000,125.25,0.7405876414,2.62525
12000,125.3,0.7405863656,2.6253
12000,125.35,0.7405850882,2.62535
12000,125.4,0.7405838093,2.6254
12000,125.45,0.7405825289,2.62545
12000,125.5,0.7405812468,2.6255
12000,125.55,0.7405799633,2.62555
12000,125.6,0.7405786781,2.6256
12000,125.65,0.7405773914,2.62565
12000,125.7,0.7405761032,2.6257
12000,125.75,0.7405748133,2.62575
12000,125.8,0.740573522,2.6258
12000,125.85,0.740572229,2.62585
12000,125.9,0.7405709345,2.6259
12000,125.95,0.7405696384,2.62595
12000,126,0.7405683407,2.626
12000,126.05,0.7405670414,2.62605
12000,126.1,0.7405657406,2.6261
12000,126.15,0.7405644382,2.62615
12000,126.2,0.7405631342,2.6262
12000,126.25,0.7405618287,2.62625
12000,126.3,0.7405605215,2.6263
12000,126.35,0.7405592128,2.62635
12000,126.4,0.7405579025,2.6264
12000,126.45,0.7405565906,2.62645
12000,126.5,0.7405552771,2.6265
12000,126.55,0.740553962,2.62655
12000,126.6,0.7405526453,2.6266
12000,126.65,0.740551327,2.62665
12000,126.7,0.7405500072,2.6267
12000,126.75,0.7405486857,2.62675
12000,126.8,0.7405473626,2.6268
12000,126.85,0.740546038,2.62685
12000,126.9,0.7405447117,2.6269
12000,126.95,0.7405433838,2.62695
12000,127,0.7405420543,2.627
12000,127.05,0.7405407232,2.62705
12000,127.1,0.7405393905,2.6271
12000,127.15,0.7405380562,2.62715
12000,127.2,0.7405367203,2.6272
12000,127.25,0.7405353828,2.62725
12000,127.3,0.7405340436,2.6273
12000,127.35,0.7405327028,2.62735
12000,127.4,0.7405313604,2.6274
12000,127.45,0.7405300164,2.62745
12000,127.5,0.7405286708,2.6275
12000,127.55,0.7405273235,2.62755
12000,127.6,0.7405259746,2.6276
12000,127.65,0.7405246241,2.62765
12000,127.7,0.740523272,2.6277
12000,127.75,0.7405219182,2.62775
12000,127.8,0.7405205628,2.6278
12000,127.85,0.7405192057,2.62785
12000,127.9,0.740517847,2.6279
12000,127.95,0.7405164867,2.62795
12000,128,0.7405151247,2.628
12000,128.05,0.7405137611,2.62805
12000,128.1,0.7405123959,2.6281
12000,128.15,0.740511029,2.62815
12000,128.2,0.7405096605,2.6282
12000,128.25,0.7405082903,2.62825
12000,128.3,0.7405069184,2.6283
12000,128.35,0.7405055449,2.62835
12000,128.4,0.7405041698,2.6284
12000,128.45,0.740502793,2.62845
12000,128.5,0.7405014145,2.6285
12000,128.55,0.7405000344,2.62855
12000,128.6,0.7404986526,2.6286
12000,128.65,0.7404972692,2.62865
12000,128.7,0.7404958841,2.6287
12000,128.75,0.7404944973,2.62875
12000,128.8,0.7404931089,2.6288
12000,128.85,0.7404917188,2.62885
12000,128.9,0.740490327,2.6289
12000,128.95,0.7404889335,2.62895
12000,129,0.7404875384,2.629
12000,129.05,0.7404861416,2.62905
12000,129.1,0.7404847431,2.6291
12000,129.15,0.740483343,2.62915
12000,129.2,0.7404819411,2.6292
12000,129.25,0.7404805376,2.62925
12000,129.3,0.7404791324,2.6293
12000,129.35,0.7404777255,2.62935
12000,129.4,0.7404763169,2.6294
12000,129.45,0.7404749066,2.62945
12000,129.5,0.7404734946,2.6295
12000,129.55,0.740472081,2.62955
12000,129.6,0.7404706656,2.6296
12000,129.65,0.7404692486,2.62965
12000,129.7,0.7404678298,2.6297
12000,129.75,0.7404664094,2.62975
12000,129.8,0.7404649872,2.6298
12000,129.85,0.7404635633,2.62985
12000,129.9,0.7404621378,2.6299
12000,129.95,0.7404607105,2.62995
12000,130,0.7404592815,2.63
12000,130.05,0.7404578508,2.63005
12000,130.1,0.7404564184,2.6301
12000,130.15,0.7404549843,2.63015
12000,130.2,0.7404535484,2.6302
12000,130.25,0.7404521109,2.63025
12000,130.3,0.7404506716,2.6303
12000,130.35,0.7404492306,2.63035
12000,130.4,0.7404477879,2.6304
12000,130.45,0.7404463434,2.63045
12000,130.5,0.7404448972,2.6305
12000,130.55,0.7404434493,2.63055
12000,130.6,0.7404419997,2.6306
12000,130.65,0.7404405483,2.63065
12000,130.7,0.7404390952,2.6307
12000,130.75,0.7404376404,2.63075
12000,130.8,0.7404361838,2.6308
12000,130.85,0.7404347255,2.63085
12000,130.9,0.7404332654,2.6309
12000,130.95,0.7404318036,2.63095
12000,131,0.7404303401,2.631
12000,131.05,0.7404288748,2.63105
12000,131.1,0.7404274077,2.6311
12000,131.15,0.7404259389,2.63115
12000,131.2,0.7404244684,2.6312
12000,131.25,0.7404229961,2.63125
12000,131.3,0.740421522,2.6313
12000,131.35,0.7404200462,2.63135
12000,131.4,0.7404185686,2.6314
12000,131.45,0.7404170893,2.63145
12000,131.5,0.7404156082,2.6315
12000,131.55,0.7404141253,2.63155
12000,131.6,0.7404126407,2.6316
12000,131.65,0.7404111543,2.63165
12000,131.7,0.7404096661,2.6317
12000,131.75,0.7404081762,2.63175
12000,131.8,0.7404066845,2.6318
12000,131.85,0.740405191,2.63185
12000,131.9,0.7404036957,2.6319
12000,131.95,0.7404021987,2.63195
12000,132,0.7404006999,2.632
12000,132.05,0.7403991992,2.63205
12000,132.1,0.7403976968,2.6321
12000,132.15,0.7403961927,2.63215
12000,132.2,0.7403946867,2.6322
12000,132.25,0.7403931789,2.63225
12000,132.3,0.7403916694,2.6323
12000,132.35,0.740390158,2.63235
12000,132.4,0.7403886449,2.6324
12000,132.45,0.7403871299,2.63245
12000,132.5,0.7403856132,2.6325
12000,132.55,0.7403840946,2.63255
12000,132.6,0.7403825743,2.6326
12000,132.65,0.7403810521,2.63265
12000,132.7,0.7403795282,2.6327
12000,132.75,0.7403780024,2.63275
12000,132.8,0.7403764748,2.6328
12000,132.85,0.7403749454,2.63285
12000,132.9,0.7403734142,2.6329
12000,132.95,0.7403718812,2.63295
12000,133,0.7403703464,2.633
12000,133.05,0.7403688097,2.63305
12000,133.1,0.7403672712,2.6331
12000,133.15,0.7403657309,2.63315
12000,133.2,0.7403641888,2.6332
12000,133.25,0.7403626449,2.63325
12000,133.3,0.7403610991,2.6333
12000,133.35,0.7403595515,2.63335
12000,133.4,0.740358002,2.6334
12000,133.45,0.7403564507,2.63345
12000,133.5,0.7403548976,2.6335
12000,133.55,0.7403533426,2.63355
12000,133.6,0.7403517858,2.6336
12000,133.65,0.7403502272,2.63365
12000,133.7,0.7403486667,2.6337
12000,133.75,0.7403471044,2.63375
12000,133.8,0.7403455402,2.6338
12000,133.85,0.7403439742,2.63385
12000,133.9,0.7403424063,2.6339
12000,133.95,0.7403408366,2.63395
12000,134,0.740339265,2.634
12000,134.05,0.7403376915,2.63405
12000,134.1,0.7403361162,2.6341
12000,134.15,0.7403345391,2.63415
12000,134.2,0.74033296,2.6342
12000,134.25,0.7403313791,2.63425
12000,134.3,0.7403297964,2.6343
12000,134.35,0.7403282118,2.63435
12000,134.4,0.7403266253,2.6344
12000,134.45,0.7403250369,2.63445
12000,134.5,0.7403234466,2.6345
12000,134.55,0.7403218545,2.63455
12000,134.6,0.7403202605,2.6346
12000,134.65,0.7403186646,2.63465
12000,134.7,0.7403170669,2.6347
12000,134.75,0.7403154672,2.63475
12000,134.8,0.7403138657,2.6348
12000,134.85,0.7403122623,2.63485
12000,134.9,0.740310657,2.6349
12000,134.95,0.7403090498,2.63495
12000,135,0.7403074407,2.635
12000,135.05,0.7403058297,2.63505
12000,135.1,0.7403042168,2.6351
12000,135.15,0.7403026021,2.63515
12000,135.2,0.7403009854,2.6352
12000,135.25,0.7402993668,2.63525
12000,135.3,0.7402977463,2.6353
12000,135.35,0.7402961239,2.63535
12000,135.4,0.7402944996,2.6354
12000,135.45,0.7402928734,2.63545
12000,135.5,0.7402912453,2.6355
12000,135.55,0.7402896152,2.63555
12000,135.6,0.7402879833,2.6356
12000,135.65,0.7402863494,2.63565
12000,135.7,0.7402847136,2.6357
12000,135.75,0.7402830759,2.63575
12000,135.8,0.7402814362,2.6358
12000,135.85,0.7402797947,2.63585
12000,135.9,0.7402781512,2.6359
12000,135.95,0.7402765058,2.63595
12000,136,0.7402748584,2.636
12000,136.05,0.7402732091,2.63605
12000,136.1,0.7402715579,2.6361
12000,136.15,0.7402699047,2.63615
12000,136.2,0.7402682496,2.6362
12000,136.25,0.7402665926,2.63625
12000,136.3,0.7402649336,2.6363
12000,136.35,0.7402632727,2.63635
12000,136.4,0.7402616098,2.6364
12000,136.45,0.740259945,2.63645
12000,136.5,0.7402582782,2.6365
12000,136.55,0.7402566094,2.63655
12000,136.6,0.7402549388,2.6366
12000,136.65,0.7402532661,2.63665
12000,136.7,0.7402515915,2.6367
12000,136.75,0.7402499149,2.63675
12000,136.8,0.7402482364,2.6368
12000,136.85,0.7402465559,2.63685
12000,136.9,0.7402448735,2.6369
12000,136.95,0.740243189,2.63695
12000,137,0.7402415026,2.637
12000,137.05,0.7402398143,2.63705
12000,137.1,0.7402381239,2.6371
12000,137.15,0.7402364316,2.63715
12000,137.2,0.7402347373,2.6372
12000,137.25,0.740233041,2.63725
12000,137.3,0.7402313428,2.6373
12000,137.35,0.7402296425,2.63735
12000,137.4,0.7402279403,2.6374
12000,137.45,0.7402262361,2.63745
12000,137.5,0.7402245299,2.6375
12000,137.55,0.7402228217,2.63755
12000,137.6,0.7402211115,2.6376
12000,137.65,0.7402193993,2.63765
12000,137.7,0.7402176851,2.6377
12000,137.75,0.7402159689,2.63775
12000,137.8,0.7402142507,2.6378
12000,137.85,0.7402125305,2.63785
12000,137.9,0.7402108083,2.6379
12000,137.95,0.740209084,2.63795
12000,138,0.7402073578,2.638
12000,138.05,0.7402056296,2.63805
12000,138.1,0.7402038993,2.6381
12000,138.15,0.7402021671,2.63815
12000,138.2,0.7402004328,2.6382
12000,138.25,0.7401986965,2.63825
12000,138.3,0.7401969581,2.6383
12000,138.35,0.7401952178,2.63835
12000,138.4,0.7401934754,2.6384
12000,138.45,0.740191731,2.63845
12000,138.5,0.7401899845,2.6385
12000,138.55,0.7401882361,2.63855
12000,138.6,0.7401864856,2.6386
12000,138.65,0.740184733,2.63865
12000,138.7,0.7401829784,2.6387
12000,138.75,0.7401812218,2.63875
12000,138.8,0.7401794632,2.6388
12000,138.85,0.7401777024,2.63885
12000,138.9,0.7401759397,2.6389
12000,138.95,0.7401741749,2.63895
12000,139,0.740172408,2.639
12000,139.05,0.7401706391,2.63905
12000,139.1,0.7401688682,2.6391
12000,139.15,0.7401670951,2.63915
12000,139.2,0.7401653201,2.6392
12000,139.25,0.7401635429,2.63925
12000,139.3,0.7401617637,2.6393
12000,139.35,0.7401599825,2.63935
12000,139.4,0.7401581991,2.6394
12000,139.45,0.7401564137,2.63945
12000,139.5,0.7401546262,2.6395
12000,139.55,0.7401528367,2.63955
12000,139.6,0.7401510451,2.6396
12000,139.65,0.7401492514,2.63965
12000,139.7,0.7401474556,2.6397
12000,139.75,0.7401456577,2.63975
12000,139.8,0.7401438578,2.6398
12000,139.85,0.7401420558,2.63985
12000,139.9,0.7401402516,2.6399
12000,139.95,0.7401384454,2.63995
12000,140,0.7401366371,2.64
12000,140.05,0.7401348268,2.64005
12000,140.1,0.7401330143,2.6401
12000,140.15,0.7401311997,2.64015
12000,140.2,0.740129383,2.6402
12000,140.25,0.7401275642,2.64025
12000,140.3,0.7401257433,2.6403
12000,140.35,0.7401239203,2.64035
12000,140.4,0.7401220952,2.6404
12000,140.45,0.740120268,2.64045
12000,140.5,0.7401184387,2.6405
12000,140.55,0.7401166072,2.64055
12000,140.6,0.7401147737,2.6406
12000,140.65,0.740112938,2.64065
12000,140.7,0.7401111002,2.6407
12000,140.75,0.7401092603,2.64075
12000,140.8,0.7401074183,2.6408
12000,140.85,0.7401055741,2.64085
12000,140.9,0.7401037278,2.6409
12000,140.95,0.7401018794,2.64095
12000,141,0.7401000288,2.641
12000,141.05,0.7400981761,2.64105
12000,141.1,0.7400963213,2.6411
12000,141.15,0.7400944643,2.64115
12000,141.2,0.7400926052,2.6412
12000,141.25,0.7400907439,2.64125
12000,141.3,0.7400888805,2.6413
12000,141.35,0.740087015,2.64135
12000,141.4,0.7400851473,2.6414
12000,141.45,0.7400832774,2.64145
12000,141.5,0.7400814054,2.6415
12000,141.55,0.7400795312,2.64155
12000,141.6,0.7400776549,2.6416
12000,141.65,0.7400757764,2.64165
12000,141.7,0.7400738958,2.6417
12000,141.75,0.740072013,2.64175
12000,141.8,0.740070128,2.6418
12000,141.85,0.7400682408,2.64185
12000,141.9,0.7400663515,2.6419
12000,141.95,0.74006446,2.64195
12000,142,0.7400625664,2.642
12000,142.05,0.7400606705,2.64205
12000,142.1,0.7400587725,2.6421
12000,142.15,0.7400568723,2.64215
12000,142.2,0.7400549699,2.6422
12000,142.25,0.7400530653,2.64225
12000,142.3,0.7400511586,2.6423
12000,142.35,0.7400492496,2.64235
12000,142.4,0.7400473385,2.6424
12000,142.45,0.7400454251,2.64245
12000,142.5,0.7400435096,2.6425
12000,142.55,0.7400415919,2.64255
12000,142.6,0.7400396719,2.6426
12000,142.65,0.7400377498,2.64265
12000,142.7,0.7400358255,2.6427
12000,142.75,0.7400338989,2.64275
12000,142.8,0.7400319701,2.6428
12000,142.85,0.7400300392,2.64285
12000,142.9,0.740028106,2.6429
12000,142.95,0.7400261706,2.64295
12000,143,0.740024233,2.643
12000,143.05,0.7400222931,2.64305
12000,143.1,0.7400203511,2.6431
12000,143.15,0.7400184068,2.64315
12000,143.2,0.7400164603,2.6432
12000,143.25,0.7400145115,2.64325
12000,143.3,0.7400125606,2.6433
12000,143.35,0.7400106074,2.64335
12000,143.4,0.7400086519,2.6434
12000,143.45,0.7400066943,2.64345
12000,143.5,0.7400047343,2.6435
12000,143.55,0.7400027722,2.64355
12000,143.6,0.7400008078,2.6436
12000,143.65,0.7399988411,2.64365
12000,143.7,0.7399968722,2.6437
12000,143.75,0.7399949011,2.64375
12000,143.8,0.7399929277,2.6438
12000,143.85,0.739990952,2.64385
12000,143.9,0.7399889741,2.6439
12000,143.95,0.739986994,2.64395
12000,144,0.7399850115,2.644
12000,144.05,0.7399830268,2.64405
12000,144.1,0.7399810399,2.6441
12000,144.15,0.7399790506,2.64415
12000,144.2,0.7399770591,2.6442
12000,144.25,0.7399750654,2.64425
12000,144.3,0.7399730693,2.6443
12000,144.35,0.739971071,2.64435
12000,144.4,0.7399690704,2.6444
12000,144.45,0.7399670675,2.64445
12000,144.5,0.7399650624,2.6445
12000,144.55,0.7399630549,2.64455
12000,144.6,0.7399610452,2.6446
12000,144.65,0.7399590331,2.64465
12000,144.7,0.7399570188,2.6447
12000,144.75,0.7399550022,2.64475
12000,144.8,0.7399529833,2.6448
12000,144.85,0.7399509621,2.64485
12000,144.9,0.7399489386,2.6449
12000,144.95,0.7399469127,2.64495
12000,145,0.7399448846,2.645
12000,145.05,0.7399428542,2.64505
12000,145.1,0.7399408215,2.6451
12000,145.15,0.7399387864,2.64515
12000,145.2,0.7399367491,2.6452
12000,145.25,0.7399347094,2.64525
12000,145.3,0.7399326674,2.6453
12000,145.35,0.7399306231,2.64535
12000,145.4,0.7399285764,2.6454
12000,145.45,0.7399265274,2.64545
12000,145.5,0.7399244761,2.6455
12000,145.55,0.7399224225,2.64555
12000,145.6,0.7399203666,2.6456
12000,145.65,0.7399183083,2.64565
12000,145.7,0.7399162476,2.6457
12000,145.75,0.7399141847,2.64575
12000,145.8,0.7399121194,2.6458
12000,145.85,0.7399100517,2.64585
12000,145.9,0.7399079817,2.6459
12000,145.95,0.7399059094,2.64595
12000,146,0.7399038347,2.646
12000,146.05,0.7399017576,2.64605
12000,146.1,0.7398996782,2.6461
12000,146.15,0.7398975965,2.64615
12000,146.2,0.7398955123,2.6462
12000,146.25,0.7398934259,2.64625
12000,146.3,0.739891337,2.6463
12000,146.35,0.7398892458,2.64635
12000,146.4,0.7398871522,2.6464
12000,146.45,0.7398850563,2.64645
12000,146.5,0.739882958,2.6465
12000,146.55,0.7398808573,2.64655
12000,146.6,0.7398787542,2.6466
12000,146.65,0.7398766488,2.64665
12000,146.7,0.7398745409,2.6467
12000,146.75,0.7398724307,2.64675
12000,146.8,0.7398703181,2.6468
12000,146.85,0.7398682031,2.64685
12000,146.9,0.7398660857,2.6469
12000,146.95,0.739863966,2.64695
12000,147,0.7398618438,2.647
12000,147.05,0.7398597192,2.64705
12000,147.1,0.7398575922,2.6471
12000,147.15,0.7398554629,2.64715
12000,147.2,0.7398533311,2.6472
12000,147.25,0.7398511969,2.64725
12000,147.3,0.7398490603,2.6473
12000,147.35,0.7398469213,2.64735
12000,147.4,0.7398447799,2.6474
12000,147.45,0.7398426361,2.64745
12000,147.5,0.7398404898,2.6475
12000,147.55,0.7398383412,2.64755
12000,147.6,0.7398361901,2.6476
12000,147.65,0.7398340365,2.64765
12000,147.7,0.7398318806,2.6477
12000,147.75,0.7398297222,2.64775
12000,147.8,0.7398275614,2.6478
12000,147.85,0.7398253982,2.64785
12000,147.9,0.7398232325,2.6479
12000,147.95,0.7398210644,2.64795
12000,148,0.7398188938,2.648
12000,148.05,0.7398167208,2.64805
12000,148.1,0.7398145454,2.6481
12000,148.15,0.7398123675,2.64815
12000,148.2,0.7398101871,2.6482
12000,148.25,0.7398080043,2.64825
12000,148.3,0.7398058191,2.6483
12000,148.35,0.7398036314,2.64835
12000,148.4,0.7398014412,2.6484
12000,148.45,0.7397992486,2.64845
12000,148.5,0.7397970535,2.6485
12000,148.55,0.7397948559,2.64855
12000,148.6,0.7397926559,2.6486
12000,148.65,0.7397904534,2.64865
12000,148.7,0.7397882484,2.6487
12000,148.75,0.7397860409,2.64875
12000,148.8,0.739783831,2.6488
12000,148.85,0.7397816186,2.64885
12000,148.9,0.7397794037,2.6489
12000,148.95,0.7397771863,2.64895
12000,149,0.7397749664,2.649
12000,149.05,0.739772744,2.64905
12000,149.1,0.7397705192,2.6491
12000,149.15,0.7397682918,2.64915
12000,149.2,0.739766062,2.6492
12000,149.25,0.7397638296,2.64925
12000,149.3,0.7397615948,2.6493
12000,149.35,0.7397593574,2.64935
12000,149.4,0.7397571176,2.6494
12000,149.45,0.7397548752,2.64945
12000,149.5,0.7397526303,2.6495
12000,149.55,0.7397503829,2.64955
12000,149.6,0.739748133,2.6496
12000,149.65,0.7397458806,2.64965
12000,149.7,0.7397436257,2.6497
12000,149.75,0.7397413682,2.64975
12000,149.8,0.7397391082,2.6498
12000,149.85,0.7397368457,2.64985
12000,149.9,0.7397345806,2.6499
12000,149.95,0.739732313,2.64995
12000,150,0.7397300429,2.65
12000,150.05,0.7397277702,2.65005
12000,150.1,0.739725495,2.6501
12000,150.15,0.7397232173,2.65015
12000,150.2,0.739720937,2.6502
12000,150.25,0.7397186542,2.65025
12000,150.3,0.7397163688,2.6503
12000,150.35,0.7397140808,2.65035
12000,150.4,0.7397117903,2.6504
12000,150.45,0.7397094973,2.65045
12000,150.5,0.7397072017,2.6505
12000,150.55,0.7397049035,2.65055
12000,150.6,0.7397026028,2.6506
12000,150.65,0.7397002995,2.65065
12000,150.7,0.7396979936,2.6507
12000,150.75,0.7396956852,2.65075
12000,150.8,0.7396933742,2.6508
12000,150.85,0.7396910606,2.65085
12000,150.9,0.7396887444,2.6509
12000,150.95,0.7396864257,2.65095
12000,151,0.7396841044,2.651
12000,151.05,0.7396817804,2.65105
12000,151.1,0.7396794539,2.6511
12000,151.15,0.7396771249,2.65115
12000,151.2,0.7396747932,2.6512
12000,151.25,0.7396724589,2.65125
12000,151.3,0.739670122,2.6513
12000,151.35,0.7396677825,2.65135
12000,151.4,0.7396654405,2.6514
12000,151.45,0.7396630958,2.65145
12000,151.5,0.7396607485,2.6515
12000,151.55,0.7396583986,2.65155
12000,151.6,0.7396560461,2.6516
12000,151.65,0.7396536909,2.65165
12000,151.7,0.7396513332,2.6517
12000,151.75,0.7396489728,2.65175
12000,151.8,0.7396466099,2.6518
12000,151.85,0.7396442442,2.65185
12000,151.9,0.739641876,2.6519
12000,151.95,0.7396395051,2.65195
12000,152,0.7396371317,2.652
12000,152.05,0.7396347555,2.65205
12000,152.1,0.7396323768,2.6521
12000,152.15,0.7396299954,2.65215
12000,152.2,0.7396276113,2.6522
12000,152.25,0.7396252246,2.65225
12000,152.3,0.7396228353,2.6523
12000,152.35,0.7396204433,2.65235
12000,152.4,0.7396180487,2.6524
12000,152.45,0.7396156514,2.65245
12000,152.5,0.7396132514,2.6525
12000,152.55,0.7396108488,2.65255
12000,152.6,0.7396084436,2.6526
12000,152.65,0.7396060356,2.65265
12000,152.7,0.739603625,2.6527
12000,152.75,0.7396012118,2.65275
12000,152.8,0.7395987958,2.6528
12000,152.85,0.7395963772,2.65285
12000,152.9,0.7395939559,2.6529
12000,152.95,0.739591532,2.65295
12000,153,0.7395891053,2.653
12000,153.05,0.739586676,2.65305
12000,153.1,0.739584244,2.6531
12000,153.15,0.7395818093,2.65315
12000,153.2,0.7395793719,2.6532
12000,153.25,0.7395769318,2.65325
12000,153.3,0.7395744891,2.6533
12000,153.35,0.7395720436,2.65335
12000,153.4,0.7395695954,2.6534
12000,153.45,0.7395671445,2.65345
12000,153.5,0.7395646909,2.6535
12000,153.55,0.7395622347,2.65355
12000,153.6,0.7395597756,2.6536
12000,153.65,0.7395573139,2.65365
12000,153.7,0.7395548495,2.6537
12000,153.75,0.7395523823,2.65375
12000,153.8,0.7395499125,2.6538
12000,153.85,0.7395474399,2.65385
12000,153.9,0.7395449646,2.6539
12000,153.95,0.7395424865,2.65395
12000,154,0.7395400057,2.654
12000,154.05,0.7395375222,2.65405
12000,154.1,0.739535036,2.6541
12000,154.15,0.739532547,2.65415
12000,154.2,0.7395300553,2.6542
12000,154.25,0.7395275608,2.65425
12000,154.3,0.7395250636,2.6543
12000,154.35,0.7395225636,2.65435
12000,154.4,0.7395200609,2.6544
12000,154.45,0.7395175554,2.65445
12000,154.5,0.7395150472,2.6545
12000,154.55,0.7395125362,2.65455
12000,154.6,0.7395100225,2.6546
12000,154.65,0.739507506,2.65465
12000,154.7,0.7395049867,2.6547
12000,154.75,0.7395024647,2.65475
12000,154.8,0.7394999399,2.6548
12000,154.85,0.7394974123,2.65485
12000,154.9,0.7394948819,2.6549
12000,154.95,0.7394923488,2.65495
12000,155,0.7394898129,2.655
12000,155.05,0.7394872742,2.65505
12000,155.1,0.7394847327,2.6551
12000,155.15,0.7394821884,2.65515
12000,155.2,0.7394796413,2.6552
12000,155.25,0.7394770915,2.65525
12000,155.3,0.7394745388,2.6553
12000,155.35,0.7394719834,2.65535
12000,155.4,0.7394694251,2.6554
12000,155.45,0.7394668641,2.65545
12000,155.5,0.7394643002,2.6555
12000,155.55,0.7394617335,2.65555
12000,155.6,0.739459164,2.6556
12000,155.65,0.7394565917,2.65565
12000,155.7,0.7394540166,2.6557
12000,155.75,0.7394514386,2.65575
12000,155.8,0.7394488579,2.6558
12000,155.85,0.7394462743,2.65585
12000,155.9,0.7394436879,2.6559
12000,155.95,0.7394410986,2.65595
12000,156,0.7394385066,2.656
12000,156.05,0.7394359117,2.65605
12000,156.1,0.7394333139,2.6561
12000,156.15,0.7394307133,2.65615
12000,156.2,0.7394281099,2.6562
12000,156.25,0.7394255036,2.65625
12000,156.3,0.7394228945,2.6563
12000,156.35,0.7394202825,2.65635
12000,156.4,0.7394176677,2.6564
12000,156.45,0.73941505,2.65645
12000,156.5,0.7394124295,2.6565
12000,156.55,0.7394098061,2.65655
12000,156.6,0.7394071798,2.6566
12000,156.65,0.7394045507,2.65665
12000,156.7,0.7394019187,2.6567
12000,156.75,0.7393992838,2.65675
12000,156.8,0.7393966461,2.6568
12000,156.85,0.7393940054,2.65685
12000,156.9,0.7393913619,2.6569
12000,156.95,0.7393887156,2.65695
12000,157,0.7393860663,2.657
12000,157.05,0.7393834141,2.65705
12000,157.1,0.7393807591,2.6571
12000,157.15,0.7393781012,2.65715
12000,157.2,0.7393754403,2.6572
12000,157.25,0.7393727766,2.65725
12000,157.3,0.73937011,2.6573
12000,157.35,0.7393674405,2.65735
12000,157.4,0.739364768,2.6574
12000,157.45,0.7393620927,2.65745
12000,157.5,0.7393594145,2.6575
12000,157.55,0.7393567333,2.65755
12000,157.6,0.7393540492,2.6576
12000,157.65,0.7393513622,2.65765
12000,157.7,0.7393486723,2.6577
12000,157.75,0.7393459795,2.65775
12000,157.8,0.7393432837,2.6578
12000,157.85,0.739340585,2.65785
12000,157.9,0.7393378834,2.6579
12000,157.95,0.7393351788,2.65795
12000,158,0.7393324713,2.658
12000,158.05,0.7393297609,2.65805
12000,158.1,0.7393270475,2.6581
12000,158.15,0.7393243312,2.65815
12000,158.2,0.7393216119,2.6582
12000,158.25,0.7393188897,2.65825
12000,158.3,0.7393161645,2.6583
12000,158.35,0.7393134364,2.65835
12000,158.4,0.7393107053,2.6584
12000,158.45,0.7393079713,2.65845
12000,158.5,0.7393052343,2.6585
12000,158.55,0.7393024943,2.65855
12000,158.6,0.7392997514,2.6586
12000,158.65,0.7392970054,2.65865
12000,158.7,0.7392942566,2.6587
12000,158.75,0.7392915047,2.65875
12000,158.8,0.7392887498,2.6588
12000,158.85,0.739285992,2.65885
12000,158.9,0.7392832312,2.6589
12000,158.95,0.7392804674,2.65895
12000,159,0.7392777006,2.659
12000,159.05,0.7392749309,2.65905
12000,159.1,0.7392721581,2.6591
12000,159.15,0.7392693823,2.65915
12000,159.2,0.7392666035,2.6592
12000,159.25,0.7392638218,2.65925
12000,159.3,0.739261037,2.6593
12000,159.35,0.7392582492,2.65935
12000,159.4,0.7392554584,2.6594
12000,159.45,0.7392526646,2.65945
12000,159.5,0.7392498678,2.6595
12000,159.55,0.7392470679,2.65955
12000,159.6,0.739244265,2.6596
12000,159.65,0.7392414591,2.65965
12000,159.7,0.7392386502,2.6597
12000,159.75,0.7392358383,2.65975
12000,159.8,0.7392330233,2.6598
12000,159.85,0.7392302053,2.65985
12000,159.9,0.7392273842,2.6599
12000,159.95,0.7392245601,2.65995
12000,160,0.739221733,2.66
12000,160.05,0.7392189028,2.66005
12000,160.1,0.7392160695,2.6601
12000,160.15,0.7392132332,2.66015
12000,160.2,0.7392103939,2.6602
12000,160.25,0.7392075515,2.66025
12000,160.3,0.739204706,2.6603
12000,160.35,0.7392018575,2.66035
12000,160.4,0.7391990059,2.6604
12000,160.45,0.7391961512,2.66045
12000,160.5,0.7391932935,2.6605
12000,160.55,0.7391904327,2.66055
12000,160.6,0.7391875688,2.6606
12000,160.65,0.7391847019,2.66065
12000,160.7,0.7391818318,2.6607
12000,160.75,0.7391789587,2.66075
12000,160.8,0.7391760825,2.6608
12000,160.85,0.7391732032,2.66085
12000,160.9,0.7391703208,2.6609
12000,160.95,0.7391674353,2.66095
12000,161,0.7391645467,2.661
12000,161.05,0.739161655,2.66105
12000,161.1,0.7391587602,2.6611
12000,161.15,0.7391558624,2.66115
12000,161.2,0.7391529613,2.6612
12000,161.25,0.7391500572,2.66125
12000,161.3,0.73914715,2.6613
12000,161.35,0.7391442396,2.66135
12000,161.4,0.7391413262,2.6614
12000,161.45,0.7391384096,2.66145
12000,161.5,0.7391354899,2.6615
12000,161.55,0.739132567,2.66155
12000,161.6,0.739129641,2.6616
12000,161.65,0.7391267119,2.66165
12000,161.7,0.7391237797,2.6617
12000,161.75,0.7391208443,2.66175
12000,161.8,0.7391179057,2.6618
12000,161.85,0.7391149641,2.66185
12000,161.9,0.7391120192,2.6619
12000,161.95,0.7391090713,2.66195
12000,162,0.7391061201,2.662
12000,162.05,0.7391031659,2.66205
12000,162.1,0.7391002084,2.6621
12000,162.15,0.7390972478,2.66215
12000,162.2,0.739094284,2.6622
12000,162.25,0.7390913171,2.66225
12000,162.3,0.739088347,2.6623
12000,162.35,0.7390853737,2.66235
12000,162.4,0.7390823973,2.6624
12000,162.45,0.7390794176,2.66245
12000,162.5,0.7390764348,2.6625
12000,162.55,0.7390734488,2.66255
12000,162.6,0.7390704596,2.6626
12000,162.65,0.7390674673,2.66265
12000,162.7,0.7390644717,2.6627
12000,162.75,0.7390614729,2.66275
12000,162.8,0.739058471,2.6628
12000,162.85,0.7390554658,2.66285
12000,162.9,0.7390524575,2.6629
12000,162.95,0.7390494459,2.66295
12000,163,0.7390464311,2.663
12000,163.05,0.7390434131,2.66305
12000,163.1,0.7390403919,2.6631
12000,163.15,0.7390373675,2.66315
12000,163.2,0.7390343398,2.6632
12000,163.25,0.739031309,2.66325
12000,163.3,0.7390282749,2.6633
12000,163.35,0.7390252376,2.66335
12000,163.4,0.739022197,2.6634
12000,163.45,0.7390191532,2.66345
12000,163.5,0.7390161062,2.6635
12000,163.55,0.7390130559,2.66355
12000,163.6,0.7390100024,2.6636
12000,163.65,0.7390069457,2.66365
12000,163.7,0.7390038857,2.6637
12000,163.75,0.7390008224,2.66375
12000,163.8,0.7389977559,2.6638
12000,163.85,0.7389946861,2.66385
12000,163.9,0.7389916131,2.6639
12000,163.95,0.7389885368,2.66395
12000,164,0.7389854573,2.664
12000,164.05,0.7389823744,2.66405
12000,164.1,0.7389792884,2.6641
12000,164.15,0.738976199,2.66415
12000,164.2,0.7389731063,2.6642
12000,164.25,0.7389700104,2.66425
12000,164.3,0.7389669112,2.6643
12000,164.35,0.7389638087,2.66435
12000,164.4,0.7389607029,2.6644
12000,164.45,0.7389575939,2.66445
12000,164.5,0.7389544815,2.6645
12000,164.55,0.7389513658,2.66455
12000,164.6,0.7389482469,2.6646
12000,164.65,0.7389451246,2.66465
12000,164.7,0.738941999,2.6647
12000,164.75,0.7389388701,2.66475
12000,164.8,0.738935738,2.6648
12000,164.85,0.7389326024,2.66485
12000,164.9,0.7389294636,2.6649
12000,164.95,0.7389263215,2.66495
12000,165,0.738923176,2.665
12000,165.05,0.7389200272,2.66505
12000,165.1,0.7389168751,2.6651
12000,165.15,0.7389137196,2.66515
12000,165.2,0.7389105609,2.6652
12000,165.25,0.7389073987,2.66525
12000,165.3,0.7389042333,2.6653
12000,165.35,0.7389010645,2.66535
12000,165.4,0.7388978923,2.6654
12000,165.45,0.7388947168,2.66545
12000,165.5,0.738891538,2.6655
12000,165.55,0.7388883558,2.66555
12000,165.6,0.7388851702,2.6656
12000,165.65,0.7388819813,2.66565
12000,165.7,0.738878789,2.6657
12000,165.75,0.7388755933,2.66575
12000,165.8,0.7388723943,2.6658
12000,165.85,0.7388691919,2.66585
12000,165.9,0.7388659861,2.6659
12000,165.95,0.738862777,2.66595
12000,166,0.7388595644,2.666
12000,166.05,0.7388563485,2.66605
12000,166.1,0.7388531292,2.6661
12000,166.15,0.7388499065,2.66615
12000,166.2,0.7388466805,2.6662
12000,166.25,0.738843451,2.66625
12000,166.3,0.7388402181,2.6663
12000,166.35,0.7388369818,2.66635
12000,166.4,0.7388337422,2.6664
12000,166.45,0.7388304991,2.66645
12000,166.5,0.7388272526,2.6665
12000,166.55,0.7388240027,2.66655
12000,166.6,0.7388207493,2.6666
12000,166.65,0.7388174926,2.66665
12000,166.7,0.7388142324,2.6667
12000,166.75,0.7388109688,2.66675
12000,166.8,0.7388077018,2.6668
12000,166.85,0.7388044314,2.66685
12000,166.9,0.7388011575,2.6669
12000,166.95,0.7387978802,2.66695
12000,167,0.7387945994,2.667
12000,167.05,0.7387913152,2.66705
12000,167.1,0.7387880276,2.6671
12000,167.15,0.7387847365,2.66715
12000,167.2,0.7387814419,2.6672
12000,167.25,0.7387781439,2.66725
12000,167.3,0.7387748425,2.6673
12000,167.35,0.7387715376,2.66735
12000,167.4,0.7387682292,2.6674
12000,167.45,0.7387649174,2.66745
12000,167.5,0.738761602,2.6675
12000,167.55,0.7387582833,2.66755
12000,167.6,0.738754961,2.6676
12000,167.65,0.7387516353,2.66765
12000,167.7,0.7387483061,2.6677
12000,167.75,0.7387449734,2.66775
12000,167.8,0.7387416372,2.6678
12000,167.85,0.7387382975,2.66785
12000,167.9,0.7387349543,2.6679
12000,167.95,0.7387316077,2.66795
12000,168,0.7387282575,2.668
12000,168.05,0.7387249038,2.66805
12000,168.1,0.7387215467,2.6681
12000,168.15,0.738718186,2.66815
12000,168.2,0.7387148218,2.6682
12000,168.25,0.7387114541,2.66825
12000,168.3,0.7387080829,2.6683
12000,168.35,0.7387047082,2.66835
12000,168.4,0.7387013299,2.6684
12000,168.45,0.7386979481,2.66845
12000,168.5,0.7386945628,2.6685
12000,168.55,0.738691174,2.66855
12000,168.6,0.7386877816,2.6686
12000,168.65,0.7386843857,2.66865
12000,168.7,0.7386809862,2.6687
12000,168.75,0.7386775832,2.66875
12000,168.8,0.7386741767,2.6688
12000,168.85,0.7386707666,2.66885
12000,168.9,0.738667353,2.6689
12000,168.95,0.7386639358,2.66895
12000,169,0.738660515,2.669
12000,169.05,0.7386570907,2.66905
12000,169.1,0.7386536628,2.6691
12000,169.15,0.7386502313,2.66915
12000,169.2,0.7386467963,2.6692
12000,169.25,0.7386433577,2.66925
12000,169.3,0.7386399156,2.6693
12000,169.35,0.7386364698,2.66935
12000,169.4,0.7386330205,2.6694
12000,169.45,0.7386295676,2.66945
12000,169.5,0.7386261111,2.6695
12000,169.55,0.738622651,2.66955
12000,169.6,0.7386191873,2.6696
12000,169.65,0.73861572,2.66965
12000,169.7,0.7386122491,2.6697
12000,169.75,0.7386087746,2.66975
12000,169.8,0.7386052965,2.6698
12000,169.85,0.7386018148,2.66985
12000,169.9,0.7385983295,2.6699
12000,169.95,0.7385948405,2.66995
12000,170,0.738591348,2.67
12000,170.05,0.7385878518,2.67005
12000,170.1,0.738584352,2.6701
12000,170.15,0.7385808485,2.67015
12000,170.2,0.7385773415,2.6702
12000,170.25,0.7385738308,2.67025
12000,170.3,0.7385703164,2.6703
12000,170.35,0.7385667985,2.67035
12000,170.4,0.7385632768,2.6704
12000,170.45,0.7385597516,2.67045
12000,170.5,0.7385562227,2.6705
12000,170.55,0.7385526901,2.67055
12000,170.6,0.7385491539,2.6706
12000,170.65,0.738545614,2.67065
12000,170.7,0.7385420705,2.6707
12000,170.75,0.7385385233,2.67075
12000,170.8,0.7385349724,2.6708
12000,170.85,0.7385314178,2.67085
12000,170.9,0.7385278596,2.6709
12000,170.95,0.7385242977,2.67095
12000,171,0.7385207321,2.671
12000,171.05,0.7385171629,2.67105
12000,171.1,0.7385135899,2.6711
12000,171.15,0.7385100133,2.67115
12000,171.2,0.738506433,2.6712
12000,171.25,0.738502849,2.67125
12000,171.3,0.7384992612,2.6713
12000,171.35,0.7384956698,2.67135
12000,171.4,0.7384920747,2.6714
12000,171.45,0.7384884759,2.67145
12000,171.5,0.7384848733,2.6715
12000,171.55,0.7384812671,2.67155
12000,171.6,0.7384776571,2.6716
12000,171.65,0.7384740434,2.67165
12000,171.7,0.738470426,2.6717
12000,171.75,0.7384668048,2.67175
12000,171.8,0.7384631799,2.6718
12000,171.85,0.7384595513,2.67185
12000,171.9,0.738455919,2.6719
12000,171.95,0.7384522829,2.67195
12000,172,0.7384486431,2.672
12000,172.05,0.7384449995,2.67205
12000,172.1,0.7384413522,2.6721
12000,172.15,0.7384377011,2.67215
12000,172.2,0.7384340463,2.6722
12000,172.25,0.7384303877,2.67225
12000,172.3,0.7384267254,2.6723
12000,172.35,0.7384230593,2.67235
12000,172.4,0.7384193894,2.6724
12000,172.45,0.7384157158,2.67245
12000,172.5,0.7384120383,2.6725
12000,172.55,0.7384083572,2.67255
12000,172.6,0.7384046722,2.6726
12000,172.65,0.7384009834,2.67265
12000,172.7,0.7383972909,2.6727
12000,172.75,0.7383935946,2.67275
12000,172.8,0.7383898945,2.6728
12000,172.85,0.7383861905,2.67285
12000,172.9,0.7383824828,2.6729
12000,172.95,0.7383787713,2.67295
12000,173,0.738375056,2.673
12000,173.05,0.7383713369,2.67305
12000,173.1,0.7383676139,2.6731
12000,173.15,0.7383638872,2.67315
12000,173.2,0.7383601566,2.6732
12000,173.25,0.7383564222,2.67325
12000,173.3,0.738352684,2.6733
12000,173.35,0.738348942,2.67335
12000,173.4,0.7383451961,2.6734
12000,173.45,0.7383414464,2.67345
12000,173.5,0.7383376929,2.6735
12000,173.55,0.7383339355,2.67355
12000,173.6,0.7383301743,2.6736
12000,173.65,0.7383264092,2.67365
12000,173.7,0.7383226403,2.6737
12000,173.75,0.7383188676,2.67375
12000,173.8,0.738315091,2.6738
12000,173.85,0.7383113105,2.67385
12000,173.9,0.7383075262,2.6739
12000,173.95,0.738303738,2.67395
12000,174,0.7382999459,2.674
12000,174.05,0.7382961499,2.67405
12000,174.1,0.7382923501,2.6741
12000,174.15,0.7382885464,2.67415
12000,174.2,0.7382847389,2.6742
12000,174.25,0.7382809274,2.67425
12000,174.3,0.7382771121,2.6743
12000,174.35,0.7382732929,2.67435
12000,174.4,0.7382694697,2.6744
12000,174.45,0.7382656427,2.67445
12000,174.5,0.7382618118,2.6745
12000,174.55,0.738257977,2.67455
12000,174.6,0.7382541383,2.6746
12000,174.65,0.7382502956,2.67465
12000,174.7,0.7382464491,2.6747
12000,174.75,0.7382425986,2.67475
12000,174.8,0.7382387442,2.6748
12000,174.85,0.7382348859,2.67485
12000,174.9,0.7382310237,2.6749
12000,174.95,0.7382271575,2.67495
12000,175,0.7382232875,2.675
12000,175.05,0.7382194134,2.67505
12000,175.1,0.7382155355,2.6751
12000,175.15,0.7382116536,2.67515
12000,175.2,0.7382077677,2.6752
12000,175.25,0.7382038779,2.67525
12000,175.3,0.7381999842,2.6753
12000,175.35,0.7381960865,2.67535
12000,175.4,0.7381921848,2.6754
12000,175.45,0.7381882792,2.67545
12000,175.5,0.7381843696,2.6755
12000,175.55,0.7381804561,2.67555
12000,175.6,0.7381765386,2.6756
12000,175.65,0.7381726171,2.67565
12000,175.7,0.7381686916,2.6757
12000,175.75,0.7381647622,2.67575
12000,175.8,0.7381608288,2.6758
12000,175.85,0.7381568914,2.67585
12000,175.9,0.7381529499,2.6759
12000,175.95,0.7381490046,2.67595
12000,176,0.7381450552,2.676
12000,176.05,0.7381411018,2.67605
12000,176.1,0.7381371444,2.6761
12000,176.15,0.738133183,2.67615
12000,176.2,0.7381292176,2.6762
12000,176.25,0.7381252482,2.67625
12000,176.3,0.7381212747,2.6763
12000,176.35,0.7381172973,2.67635
12000,176.4,0.7381133158,2.6764
12000,176.45,0.7381093303,2.67645
12000,176.5,0.7381053408,2.6765
12000,176.55,0.7381013472,2.67655
12000,176.6,0.7380973496,2.6766
12000,176.65,0.738093348,2.67665
12000,176.7,0.7380893423,2.6767
12000,176.75,0.7380853326,2.67675
12000,176.8,0.7380813188,2.6768
12000,176.85,0.738077301,2.67685
12000,176.9,0.7380732791,2.6769
12000,176.95,0.7380692532,2.67695
12000,177,0.7380652232,2.677
12000,177.05,0.7380611891,2.67705
12000,177.1,0.738057151,2.6771
12000,177.15,0.7380531088,2.67715
12000,177.2,0.7380490626,2.6772
12000,177.25,0.7380450122,2.67725
12000,177.3,0.7380409578,2.6773
12000,177.35,0.7380368993,2.67735
12000,177.4,0.7380328367,2.6774
12000,177.45,0.73802877,2.67745
12000,177.5,0.7380246992,2.6775
12000,177.55,0.7380206243,2.67755
12000,177.6,0.7380165453,2.6776
12000,177.65,0.7380124623,2.67765
12000,177.7,0.7380083751,2.6777
12000,177.75,0.7380042838,2.67775
12000,177.8,0.7380001884,2.6778
12000,177.85,0.7379960888,2.67785
12000,177.9,0.7379919852,2.6779
12000,177.95,0.7379878774,2.67795
12000,178,0.7379837655,2.678
12000,178.05,0.7379796495,2.67805
12000,178.1,0.7379755293,2.6781
12000,178.15,0.737971405,2.67815
12000,178.2,0.7379672766,2.6782
12000,178.25,0.737963144,2.67825
12000,178.3,0.7379590072,2.6783
12000,178.35,0.7379548664,2.67835
12000,178.4,0.7379507213,2.6784
12000,178.45,0.7379465721,2.67845
12000,178.5,0.7379424188,2.6785
12000,178.55,0.7379382613,2.67855
12000,178.6,0.7379340996,2.6786
12000,178.65,0.7379299337,2.67865
12000,178.7,0.7379257637,2.6787
12000,178.75,0.7379215895,2.67875
12000,178.8,0.7379174111,2.6788
12000,178.85,0.7379132286,2.67885
12000,178.9,0.7379090418,2.6789
12000,178.95,0.7379048509,2.67895
12000,179,0.7379006557,2.679
12000,179.05,0.7378964564,2.67905
12000,179.1,0.7378922529,2.6791
12000,179.15,0.7378880452,2.67915
12000,179.2,0.7378838332,2.6792
12000,179.25,0.7378796171,2.67925
12000,179.3,0.7378753967,2.6793
12000,179.35,0.7378711721,2.67935
12000,179.4,0.7378669433,2.6794
12000,179.45,0.7378627103,2.67945
12000,179.5,0.737858473,2.6795
12000,179.55,0.7378542316,2.67955
12000,179.6,0.7378499859,2.6796
12000,179.65,0.7378457359,2.67965
12000,179.7,0.7378414817,2.6797
12000,179.75,0.7378372233,2.67975
12000,179.8,0.7378329606,2.6798
12000,179.85,0.7378286937,2.67985
12000,179.9,0.7378244225,2.6799
12000,179.95,0.7378201471,2.67995
12000,180,0.7378158674,2.68
12000,180.05,0.7378115834,2.68005
12000,180.1,0.7378072952,2.6801
12000,180.15,0.7378030027,2.68015
12000,180.2,0.7377987059,2.6802
12000,180.25,0.7377944048,2.68025
12000,180.3,0.7377900995,2.6803
12000,180.35,0.7377857899,2.68035
12000,180.4,0.737781476,2.6804
12000,180.45,0.7377771578,2.68045
12000,180.5,0.7377728353,2.6805
12000,180.55,0.7377685085,2.68055
12000,180.6,0.7377641774,2.6806
12000,180.65,0.737759842,2.68065
12000,180.7,0.7377555023,2.6807
12000,180.75,0.7377511583,2.68075
12000,180.8,0.73774681,2.6808
12000,180.85,0.7377424573,2.68085
12000,180.9,0.7377381004,2.6809
12000,180.95,0.7377337391,2.68095
12000,181,0.7377293735,2.681
12000,181.05,0.7377250035,2.68105
12000,181.1,0.7377206292,2.6811
12000,181.15,0.7377162506,2.68115
12000,181.2,0.7377118677,2.6812
12000,181.25,0.7377074804,2.68125
12000,181.3,0.7377030887,2.6813
12000,181.35,0.7376986927,2.68135
12000,181.4,0.7376942923,2.6814
12000,181.45,0.7376898876,2.68145
12000,181.5,0.7376854785,2.6815
12000,181.55,0.7376810651,2.68155
12000,181.6,0.7376766473,2.6816
12000,181.65,0.7376722251,2.68165
12000,181.7,0.7376677985,2.6817
12000,181.75,0.7376633676,2.68175
12000,181.8,0.7376589322,2.6818
12000,181.85,0.7376544925,2.68185
12000,181.9,0.7376500484,2.6819
12000,181.95,0.7376455999,2.68195
12000,182,0.737641147,2.682
12000,182.05,0.7376366898,2.68205
12000,182.1,0.7376322281,2.6821
12000,182.15,0.737627762,2.68215
12000,182.2,0.7376232914,2.6822
12000,182.25,0.7376188165,2.68225
12000,182.3,0.7376143372,2.6823
12000,182.35,0.7376098534,2.68235
12000,182.4,0.7376053652,2.6824
12000,182.45,0.7376008726,2.68245
12000,182.5,0.7375963756,2.6825
12000,182.55,0.7375918741,2.68255
12000,182.6,0.7375873682,2.6826
12000,182.65,0.7375828578,2.68265
12000,182.7,0.737578343,2.6827
12000,182.75,0.7375738238,2.68275
12000,182.8,0.7375693001,2.6828
12000,182.85,0.7375647719,2.68285
12000,182.9,0.7375602393,2.6829
12000,182.95,0.7375557022,2.68295
12000,183,0.7375511607,2.683
12000,183.05,0.7375466147,2.68305
12000,183.1,0.7375420642,2.6831
12000,183.15,0.7375375093,2.68315
12000,183.2,0.7375329498,2.6832
12000,183.25,0.7375283859,2.68325
12000,183.3,0.7375238175,2.6833
12000,183.35,0.7375192446,2.68335
12000,183.4,0.7375146672,2.6834
12000,183.45,0.7375100853,2.68345
12000,183.5,0.737505499,2.6835
12000,183.55,0.7375009081,2.68355
12000,183.6,0.7374963127,2.6836
12000,183.65,0.7374917128,2.68365
12000,183.7,0.7374871084,2.6837
12000,183.75,0.7374824994,2.68375
12000,183.8,0.737477886,2.6838
12000,183.85,0.737473268,2.68385
12000,183.9,0.7374686455,2.6839
12000,183.95,0.7374640185,2.68395
12000,184,0.7374593869,2.684
12000,184.05,0.7374547508,2.68405
12000,184.1,0.7374501101,2.6841
12000,184.15,0.7374454649,2.68415
12000,184.2,0.7374408152,2.6842
12000,184.25,0.7374361609,2.68425
12000,184.3,0.737431502,2.6843
12000,184.35,0.7374268386,2.68435
12000,184.4,0.7374221706,2.6844
12000,184.45,0.7374174981,2.68445
12000,184.5,0.737412821,2.6845
12000,184.55,0.7374081393,2.68455
12000,184.6,0.737403453,2.6846
12000,184.65,0.7373987622,2.68465
12000,184.7,0.7373940668,2.6847
12000,184.75,0.7373893667,2.68475
12000,184.8,0.7373846621,2.6848
12000,184.85,0.7373799529,2.68485
12000,184.9,0.7373752391,2.6849
12000,184.95,0.7373705207,2.68495
12000,185,0.7373657977,2.685
12000,185.05,0.7373610701,2.68505
12000,185.1,0.7373563379,2.6851
12000,185.15,0.7373516011,2.68515
12000,185.2,0.7373468596,2.6852
12000,185.25,0.7373421135,2.68525
12000,185.3,0.7373373628,2.6853
12000,185.35,0.7373326075,2.68535
12000,185.4,0.7373278475,2.6854
12000,185.45,0.7373230829,2.68545
12000,185.5,0.7373183137,2.6855
12000,185.55,0.7373135398,2.68555
12000,185.6,0.7373087612,2.6856
12000,185.65,0.737303978,2.68565
12000,185.7,0.7372991902,2.6857
12000,185.75,0.7372943977,2.68575
12000,185.8,0.7372896005,2.6858
12000,185.85,0.7372847987,2.68585
12000,185.9,0.7372799922,2.6859
12000,185.95,0.737275181,2.68595
12000,186,0.7372703652,2.686
12000,186.05,0.7372655447,2.68605
12000,186.1,0.7372607195,2.6861
12000,186.15,0.7372558896,2.68615
12000,186.2,0.737251055,2.6862
12000,186.25,0.7372462157,2.68625
12000,186.3,0.7372413717,2.6863
12000,186.35,0.7372365231,2.68635
12000,186.4,0.7372316697,2.6864
12000,186.45,0.7372268116,2.68645
12000,186.5,0.7372219488,2.6865
12000,186.55,0.7372170813,2.68655
12000,186.6,0.7372122091,2.6866
12000,186.65,0.7372073321,2.68665
12000,186.7,0.7372024504,2.6867
12000,186.75,0.737197564,2.68675
12000,186.8,0.7371926729,2.6868
12000,186.85,0.737187777,2.68685
12000,186.9,0.7371828764,2.6869
12000,186.95,0.737177971,2.68695
12000,187,0.7371730609,2.687
12000,187.05,0.7371681461,2.68705
12000,187.1,0.7371632265,2.6871
12000,187.15,0.7371583021,2.68715
12000,187.2,0.737153373,2.6872
12000,187.25,0.7371484391,2.68725
12000,187.3,0.7371435004,2.6873
12000,187.35,0.737138557,2.68735
12000,187.4,0.7371336088,2.6874
12000,187.45,0.7371286558,2.68745
12000,187.5,0.737123698,2.6875
12000,187.55,0.7371187354,2.68755
12000,187.6,0.7371137681,2.6876
12000,187.65,0.7371087959,2.68765
12000,187.7,0.737103819,2.6877
12000,187.75,0.7370988372,2.68775
12000,187.8,0.7370938507,2.6878
12000,187.85,0.7370888593,2.68785
12000,187.9,0.7370838632,2.6879
12000,187.95,0.7370788622,2.68795
12000,188,0.7370738564,2.688
12000,188.05,0.7370688458,2.68805
12000,188.1,0.7370638303,2.6881
12000,188.15,0.73705881,2.68815
12000,188.2,0.7370537849,2.6882
12000,188.25,0.737048755,2.68825
12000,188.3,0.7370437202,2.6883
12000,188.35,0.7370386805,2.68835
12000,188.4,0.737033636,2.6884
12000,188.45,0.7370285867,2.68845
12000,188.5,0.7370235325,2.6885
12000,188.55,0.7370184735,2.68855
12000,188.6,0.7370134096,2.6886
12000,188.65,0.7370083408,2.68865
12000,188.7,0.7370032671,2.6887
12000,188.75,0.7369981886,2.68875
12000,188.8,0.7369931052,2.6888
12000,188.85,0.7369880169,2.68885
12000,188.9,0.7369829238,2.6889
12000,188.95,0.7369778257,2.68895
12000,189,0.7369727228,2.689
12000,189.05,0.7369676149,2.68905
12000,189.1,0.7369625022,2.6891
12000,189.15,0.7369573846,2.68915
12000,189.2,0.736952262,2.6892
12000,189.25,0.7369471346,2.68925
12000,189.3,0.7369420022,2.6893
12000,189.35,0.7369368649,2.68935
12000,189.4,0.7369317227,2.6894
12000,189.45,0.7369265756,2.68945
12000,189.5,0.7369214235,2.6895
12000,189.55,0.7369162665,2.68955
12000,189.6,0.7369111046,2.6896
12000,189.65,0.7369059377,2.68965
12000,189.7,0.7369007659,2.6897
12000,189.75,0.7368955892,2.68975
12000,189.8,0.7368904075,2.6898
12000,189.85,0.7368852208,2.68985
12000,189.9,0.7368800292,2.6899
12000,189.95,0.7368748326,2.68995
12000,190,0.7368696311,2.69
12000,190.05,0.7368644246,2.69005
12000,190.1,0.7368592131,2.6901
12000,190.15,0.7368539966,2.69015
12000,190.2,0.7368487752,2.6902
12000,190.25,0.7368435488,2.69025
12000,190.3,0.7368383174,2.6903
12000,190.35,0.736833081,2.69035
12000,190.4,0.7368278396,2.6904
12000,190.45,0.7368225932,2.69045
12000,190.5,0.7368173418,2.6905
12000,190.55,0.7368120854,2.69055
12000,190.6,0.736806824,2.6906
12000,190.65,0.7368015576,2.69065
12000,190.7,0.7367962861,2.6907
12000,190.75,0.7367910097,2.69075
12000,190.8,0.7367857282,2.6908
12000,190.85,0.7367804417,2.69085
12000,190.9,0.7367751502,2.6909
12000,190.95,0.7367698536,2.69095
12000,191,0.736764552,2.691
12000,191.05,0.7367592454,2.69105
12000,191.1,0.7367539337,2.6911
12000,191.15,0.7367486169,2.69115
12000,191.2,0.7367432951,2.6912
12000,191.25,0.7367379683,2.69125
12000,191.3,0.7367326364,2.6913
12000,191.35,0.7367272994,2.69135
12000,191.4,0.7367219573,2.6914
12000,191.45,0.7367166102,2.69145
12000,191.5,0.736711258,2.6915
12000,191.55,0.7367059007,2.69155
12000,191.6,0.7367005384,2.6916
12000,191.65,0.7366951709,2.69165
12000,191.7,0.7366897984,2.6917
12000,191.75,0.7366844208,2.69175
12000,191.8,0.7366790381,2.6918
12000,191.85,0.7366736502,2.69185
12000,191.9,0.7366682573,2.6919
12000,191.95,0.7366628593,2.69195
12000,192,0.7366574561,2.692
12000,192.05,0.7366520478,2.69205
12000,192.1,0.7366466345,2.6921
12000,192.15,0.7366412159,2.69215
12000,192.2,0.7366357923,2.6922
12000,192.25,0.7366303635,2.69225
12000,192.3,0.7366249296,2.6923
12000,192.35,0.7366194906,2.69235
12000,192.4,0.7366140464,2.6924
12000,192.45,0.7366085971,2.69245
12000,192.5,0.7366031426,2.6925
12000,192.55,0.7365976829,2.69255
12000,192.6,0.7365922181,2.6926
12000,192.65,0.7365867482,2.69265
12000,192.7,0.7365812731,2.6927
12000,192.75,0.7365757928,2.69275
12000,192.8,0.7365703073,2.6928
12000,192.85,0.7365648167,2.69285
12000,192.9,0.7365593209,2.6929
12000,192.95,0.7365538199,2.69295
12000,193,0.7365483137,2.693
12000,193.05,0.7365428023,2.69305
12000,193.1,0.7365372857,2.6931
12000,193.15,0.736531764,2.69315
12000,193.2,0.736526237,2.6932
12000,193.25,0.7365207048,2.69325
12000,193.3,0.7365151674,2.6933
12000,193.35,0.7365096248,2.69335
12000,193.4,0.736504077,2.6934
12000,193.45,0.7364985239,2.69345
12000,193.5,0.7364929657,2.6935
12000,193.55,0.7364874022,2.69355
12000,193.6,0.7364818334,2.6936
12000,193.65,0.7364762595,2.69365
12000,193.7,0.7364706803,2.6937
12000,193.75,0.7364650958,2.69375
12000,193.8,0.7364595061,2.6938
12000,193.85,0.7364539112,2.69385
12000,193.9,0.736448311,2.6939
12000,193.95,0.7364427055,2.69395
12000,194,0.7364370948,2.694
12000,194.05,0.7364314788,2.69405
12000,194.1,0.7364258575,2.6941
12000,194.15,0.736420231,2.69415
12000,194.2,0.7364145992,2.6942
12000,194.25,0.7364089621,2.69425
12000,194.3,0.7364033197,2.6943
12000,194.35,0.736397672,2.69435
12000,194.4,0.7363920191,2.6944
12000,194.45,0.7363863608,2.69445
12000,194.5,0.7363806973,2.6945
12000,194.55,0.7363750284,2.69455
12000,194.6,0.7363693542,2.6946
12000,194.65,0.7363636747,2.69465
12000,194.7,0.7363579899,2.6947
12000,194.75,0.7363522998,2.69475
12000,194.8,0.7363466044,2.6948
12000,194.85,0.7363409036,2.69485
12000,194.9,0.7363351975,2.6949
12000,194.95,0.7363294861,2.69495
12000,195,0.7363237693,2.695
12000,195.05,0.7363180472,2.69505
12000,195.1,0.7363123197,2.6951
12000,195.15,0.7363065869,2.69515
12000,195.2,0.7363008487,2.6952
12000,195.25,0.7362951052,2.69525
12000,195.3,0.7362893563,2.6953
12000,195.35,0.7362836021,2.69535
12000,195.4,0.7362778425,2.6954
12000,195.45,0.7362720775,2.69545
12000,195.5,0.7362663071,2.6955
12000,195.55,0.7362605313,2.69555
12000,195.6,0.7362547502,2.6956
12000,195.65,0.7362489637,2.69565
12000,195.7,0.7362431718,2.6957
12000,195.75,0.7362373745,2.69575
12000,195.8,0.7362315718,2.6958
12000,195.85,0.7362257636,2.69585
12000,195.9,0.7362199501,2.6959
12000,195.95,0.7362141312,2.69595
12000,196,0.7362083068,2.696
12000,196.05,0.7362024771,2.69605
12000,196.1,0.7361966419,2.6961
12000,196.15,0.7361908013,2.69615
12000,196.2,0.7361849552,2.6962
12000,196.25,0.7361791038,2.69625
12000,196.3,0.7361732468,2.6963
12000,196.35,0.7361673845,2.69635
12000,196.4,0.7361615167,2.6964
12000,196.45,0.7361556434,2.69645
12000,196.5,0.7361497647,2.6965
12000,196.55,0.7361438806,2.69655
12000,196.6,0.7361379909,2.6966
12000,196.65,0.7361320958,2.69665
12000,196.7,0.7361261953,2.6967
12000,196.75,0.7361202893,2.69675
12000,196.8,0.7361143778,2.6968
12000,196.85,0.7361084608,2.69685
12000,196.9,0.7361025383,2.6969
12000,196.95,0.7360966103,2.69695
12000,197,0.7360906769,2.697
12000,197.05,0.7360847379,2.69705
12000,197.1,0.7360787935,2.6971
12000,197.15,0.7360728435,2.69715
12000,197.2,0.7360668881,2.6972
12000,197.25,0.7360609271,2.69725
12000,197.3,0.7360549606,2.6973
12000,197.35,0.7360489886,2.69735
12000,197.4,0.7360430111,2.6974
12000,197.45,0.7360370281,2.69745
12000,197.5,0.7360310395,2.6975
12000,197.55,0.7360250454,2.69755
12000,197.6,0.7360190457,2.6976
12000,197.65,0.7360130405,2.69765
12000,197.7,0.7360070298,2.6977
12000,197.75,0.7360010135,2.69775
12000,197.8,0.7359949916,2.6978
12000,197.85,0.7359889642,2.69785
12000,197.9,0.7359829313,2.6979
12000,197.95,0.7359768928,2.69795
12000,198,0.7359708487,2.698
12000,198.05,0.735964799,2.69805
12000,198.1,0.7359587437,2.6981
12000,198.15,0.7359526829,2.69815
12000,198.2,0.7359466165,2.6982
12000,198.25,0.7359405445,2.69825
12000,198.3,0.7359344669,2.6983
12000,198.35,0.7359283837,2.69835
12000,198.4,0.7359222949,2.6984
12000,198.45,0.7359162005,2.69845
12000,198.5,0.7359101005,2.6985
12000,198.55,0.7359039949,2.69855
12000,198.6,0.7358978837,2.6986
12000,198.65,0.7358917668,2.69865
12000,198.7,0.7358856444,2.6987
12000,198.75,0.7358795163,2.69875
12000,198.8,0.7358733825,2.6988
12000,198.85,0.7358672432,2.69885
12000,198.9,0.7358610981,2.6989
12000,198.95,0.7358549475,2.69895
12000,199,0.7358487912,2.699
12000,199.05,0.7358426293,2.69905
12000,199.1,0.7358364616,2.6991
12000,199.15,0.7358302884,2.69915
12000,199.2,0.7358241095,2.6992
12000,199.25,0.7358179249,2.69925
12000,199.3,0.7358117346,2.6993
12000,199.35,0.7358055387,2.69935
12000,199.4,0.7357993371,2.6994
12000,199.45,0.7357931298,2.69945
12000,199.5,0.7357869168,2.6995
12000,199.55,0.7357806981,2.69955
12000,199.6,0.7357744737,2.6996
12000,199.65,0.7357682437,2.69965
12000,199.7,0.7357620079,2.6997
12000,199.75,0.7357557664,2.69975
12000,199.8,0.7357495193,2.6998
12000,199.85,0.7357432664,2.69985
12000,199.9,0.7357370078,2.6999
12000,199.95,0.7357307434,2.69995
12000,200,0.7357244734,2.7
12000,200.05,0.7357181976,2.70005
12000,200.1,0.7357119161,2.7001
12000,200.15,0.7357056288,2.70015
12000,200.2,0.7356993358,2.7002
12000,200.25,0.7356930371,2.70025
12000,200.3,0.7356867326,2.7003
12000,200.35,0.7356804223,2.70035
12000,200.4,0.7356741063,2.7004
12000,200.45,0.7356677845,2.70045
12000,200.5,0.735661457,2.7005
12000,200.55,0.7356551237,2.70055
12000,200.6,0.7356487846,2.7006
12000,200.65,0.7356424398,2.70065
12000,200.7,0.7356360892,2.7007
12000,200.75,0.7356297328,2.70075
12000,200.8,0.7356233706,2.7008
12000,200.85,0.7356170026,2.70085
12000,200.9,0.7356106288,2.7009
12000,200.95,0.7356042492,2.70095
12000,201,0.7355978638,2.701
12000,201.05,0.7355914726,2.70105
12000,201.1,0.7355850756,2.7011
12000,201.15,0.7355786728,2.70115
12000,201.2,0.7355722641,2.7012
12000,201.25,0.7355658496,2.70125
12000,201.3,0.7355594293,2.7013
12000,201.35,0.7355530032,2.70135
12000,201.4,0.7355465712,2.7014
12000,201.45,0.7355401334,2.70145
12000,201.5,0.7355336898,2.7015
12000,201.55,0.7355272403,2.70155
12000,201.6,0.7355207849,2.7016
12000,201.65,0.7355143237,2.70165
12000,201.7,0.7355078567,2.7017
12000,201.75,0.7355013837,2.70175
12000,201.8,0.7354949049,2.7018
12000,201.85,0.7354884203,2.70185
12000,201.9,0.7354819297,2.7019
12000,201.95,0.7354754333,2.70195
12000,202,0.735468931,2.702
12000,202.05,0.7354624228,2.70205
12000,202.1,0.7354559087,2.7021
12000,202.15,0.7354493887,2.70215
12000,202.2,0.7354428629,2.7022
12000,202.25,0.7354363311,2.70225
12000,202.3,0.7354297934,2.7023
12000,202.35,0.7354232498,2.70235
12000,202.4,0.7354167003,2.7024
12000,202.45,0.7354101448,2.70245
12000,202.5,0.7354035835,2.7025
12000,202.55,0.7353970162,2.70255
12000,202.6,0.735390443,2.7026
12000,202.65,0.7353838638,2.70265
12000,202.7,0.7353772787,2.7027
12000,202.75,0.7353706877,2.70275
12000,202.8,0.7353640907,2.7028
12000,202.85,0.7353574878,2.70285
12000,202.9,0.7353508789,2.7029
12000,202.95,0.735344264,2.70295
12000,203,0.7353376432,2.703
12000,203.05,0.7353310165,2.70305
12000,203.1,0.7353243837,2.7031
12000,203.15,0.735317745,2.70315
12000,203.2,0.7353111003,2.7032
12000,203.25,0.7353044496,2.70325
12000,203.3,0.7352977929,2.7033
12000,203.35,0.7352911303,2.70335
12000,203.4,0.7352844616,2.7034
12000,203.45,0.7352777869,2.70345
12000,203.5,0.7352711063,2.7035
12000,203.55,0.7352644196,2.70355
12000,203.6,0.7352577269,2.7036
12000,203.65,0.7352510282,2.70365
12000,203.7,0.7352443235,2.7037
12000,203.75,0.7352376128,2.70375
12000,203.8,0.735230896,2.7038
12000,203.85,0.7352241732,2.70385
12000,203.9,0.7352174444,2.7039
12000,203.95,0.7352107095,2.70395
12000,204,0.7352039686,2.704
12000,204.05,0.7351972217,2.70405
12000,204.1,0.7351904687,2.7041
12000,204.15,0.7351837096,2.70415
12000,204.2,0.7351769445,2.7042
12000,204.25,0.7351701733,2.70425
12000,204.3,0.735163396,2.7043
12000,204.35,0.7351566127,2.70435
12000,204.4,0.7351498233,2.7044
12000,204.45,0.7351430278,2.70445
12000,204.5,0.7351362263,2.7045
12000,204.55,0.7351294186,2.70455
12000,204.6,0.7351226049,2.7046
12000,204.65,0.735115785,2.70465
12000,204.7,0.7351089591,2.7047
12000,204.75,0.7351021271,2.70475
12000,204.8,0.7350952889,2.7048
12000,204.85,0.7350884447,2.70485
12000,204.9,0.7350815943,2.7049
12000,204.95,0.7350747378,2.70495
12000,205,0.7350678752,2.705
12000,205.05,0.7350610064,2.70505
12000,205.1,0.7350541315,2.7051
12000,205.15,0.7350472505,2.70515
12000,205.2,0.7350403634,2.7052
12000,205.25,0.7350334701,2.70525
12000,205.3,0.7350265706,2.7053
12000,205.35,0.735019665,2.70535
12000,205.4,0.7350127533,2.7054
12000,205.45,0.7350058354,2.70545
12000,205.5,0.7349989113,2.7055
12000,205.55,0.734991981,2.70555
12000,205.6,0.7349850446,2.7056
12000,205.65,0.734978102,2.70565
12000,205.7,0.7349711533,2.7057
12000,205.75,0.7349641983,2.70575
12000,205.8,0.7349572372,2.7058
12000,205.85,0.7349502698,2.70585
12000,205.9,0.7349432963,2.7059
12000,205.95,0.7349363165,2.70595
12000,206,0.7349293306,2.706
12000,206.05,0.7349223385,2.70605
12000,206.1,0.7349153401,2.7061
12000,206.15,0.7349083355,2.70615
12000,206.2,0.7349013247,2.7062
12000,206.25,0.7348943077,2.70625
12000,206.3,0.7348872844,2.7063
12000,206.35,0.734880255,2.70635
12000,206.4,0.7348732192,2.7064
12000,206.45,0.7348661773,2.70645
12000,206.5,0.7348591291,2.7065
12000,206.55,0.7348520746,2.70655
12000,206.6,0.7348450139,2.7066
12000,206.65,0.7348379469,2.70665
12000,206.7,0.7348308737,2.7067
12000,206.75,0.7348237942,2.70675
12000,206.8,0.7348167084,2.7068
12000,206.85,0.7348096164,2.70685
12000,206.9,0.7348025181,2.7069
12000,206.95,0.7347954135,2.70695
12000,207,0.7347883026,2.707
12000,207.05,0.7347811854,2.70705
12000,207.1,0.734774062,2.7071
12000,207.15,0.7347669322,2.70715
12000,207.2,0.7347597961,2.7072
12000,207.25,0.7347526538,2.70725
12000,207.3,0.7347455051,2.7073
12000,207.35,0.7347383501,2.70735
12000,207.4,0.7347311888,2.7074
12000,207.45,0.7347240211,2.70745
12000,207.5,0.7347168472,2.7075
12000,207.55,0.7347096669,2.70755
12000,207.6,0.7347024802,2.7076
12000,207.65,0.7346952873,2.70765
12000,207.7,0.7346880879,2.7077
12000,207.75,0.7346808823,2.70775
12000,207.8,0.7346736703,2.7078
12000,207.85,0.7346664519,2.70785
12000,207.9,0.7346592272,2.7079
12000,207.95,0.7346519961,2.70795
12000,208,0.7346447586,2.708
12000,208.05,0.7346375148,2.70805
12000,208.1,0.7346302646,2.7081
12000,208.15,0.734623008,2.70815
12000,208.2,0.7346157451,2.7082
12000,208.25,0.7346084757,2.70825
12000,208.3,0.7346012,2.7083
12000,208.35,0.7345939178,2.70835
12000,208.4,0.7345866293,2.7084
12000,208.45,0.7345793343,2.70845
12000,208.5,0.734572033,2.7085
12000,208.55,0.7345647252,2.70855
12000,208.6,0.734557411,2.7086
12000,208.65,0.7345500904,2.70865
12000,208.7,0.7345427634,2.7087
12000,208.75,0.7345354299,2.70875
12000,208.8,0.73452809,2.7088
12000,208.85,0.7345207437,2.70885
12000,208.9,0.7345133909,2.7089
12000,208.95,0.7345060317,2.70895
12000,209,0.734498666,2.709
12000,209.05,0.7344912939,2.70905
12000,209.1,0.7344839154,2.7091
12000,209.15,0.7344765303,2.70915
12000,209.2,0.7344691388,2.7092
12000,209.25,0.7344617408,2.70925
12000,209.3,0.7344543364,2.7093
12000,209.35,0.7344469255,2.70935
12000,209.4,0.7344395081,2.7094
12000,209.45,0.7344320842,2.70945
12000,209.5,0.7344246538,2.7095
12000,209.55,0.7344172169,2.70955
12000,209.6,0.7344097735,2.7096
12000,209.65,0.7344023236,2.70965
12000,209.7,0.7343948672,2.7097
12000,209.75,0.7343874043,2.70975
12000,209.8,0.7343799349,2.7098
12000,209.85,0.734372459,2.70985
12000,209.9,0.7343649765,2.7099
12000,209.95,0.7343574876,2.70995
12000,210,0.734349992,2.71
12000,210.05,0.73434249,2.71005
12000,210.1,0.7343349814,2.7101
12000,210.15,0.7343274663,2.71015
12000,210.2,0.7343199446,2.7102
12000,210.25,0.7343124163,2.71025
12000,210.3,0.7343048815,2.7103
12000,210.35,0.7342973402,2.71035
12000,210.4,0.7342897923,2.7104
12000,210.45,0.7342822378,2.71045
12000,210.5,0.7342746767,2.7105
12000,210.55,0.7342671091,2.71055
12000,210.6,0.7342595349,2.7106
12000,210.65,0.7342519541,2.71065
12000,210.7,0.7342443667,2.7107
12000,210.75,0.7342367727,2.71075
12000,210.8,0.7342291721,2.7108
12000,210.85,0.7342215649,2.71085
12000,210.9,0.7342139511,2.7109
12000,210.95,0.7342063307,2.71095
12000,211,0.7341987037,2.711
12000,211.05,0.7341910701,2.71105
12000,211.1,0.7341834298,2.7111
12000,211.15,0.7341757829,2.71115
12000,211.2,0.7341681294,2.7112
12000,211.25,0.7341604692,2.71125
12000,211.3,0.7341528024,2.7113
12000,211.35,0.734145129,2.71135
12000,211.4,0.7341374489,2.7114
12000,211.45,0.7341297622,2.71145
12000,211.5,0.7341220688,2.7115
12000,211.55,0.7341143688,2.71155
12000,211.6,0.734106662,2.7116
12000,211.65,0.7340989487,2.71165
12000,211.7,0.7340912286,2.7117
12000,211.75,0.7340835019,2.71175
12000,211.8,0.7340757685,2.7118
12000,211.85,0.7340680284,2.71185
12000,211.9,0.7340602816,2.7119
12000,211.95,0.7340525281,2.71195
12000,212,0.7340447679,2.712
12000,212.05,0.7340370011,2.71205
12000,212.1,0.7340292275,2.7121
12000,212.15,0.7340214472,2.71215
12000,212.2,0.7340136602,2.7122
12000,212.25,0.7340058665,2.71225
12000,212.3,0.733998066,2.7123
12000,212.35,0.7339902588,2.71235
12000,212.4,0.7339824449,2.7124
12000,212.45,0.7339746243,2.71245
12000,212.5,0.7339667969,2.7125
12000,212.55,0.7339589628,2.71255
12000,212.6,0.7339511219,2.7126
12000,212.65,0.7339432743,2.71265
12000,212.7,0.73393542,2.7127
12000,212.75,0.7339275588,2.71275
12000,212.8,0.7339196909,2.7128
12000,212.85,0.7339118163,2.71285
12000,212.9,0.7339039348,2.7129
12000,212.95,0.7338960466,2.71295
12000,213,0.7338881516,2.713
12000,213.05,0.7338802498,2.71305
12000,213.1,0.7338723413,2.7131
12000,213.15,0.7338644259,2.71315
12000,213.2,0.7338565038,2.7132
12000,213.25,0.7338485748,2.71325
12000,213.3,0.733840639,2.7133
12000,213.35,0.7338326965,2.71335
12000,213.4,0.7338247471,2.7134
12000,213.45,0.7338167909,2.71345
12000,213.5,0.7338088279,2.7135
12000,213.55,0.733800858,2.71355
12000,213.6,0.7337928813,2.7136
12000,213.65,0.7337848978,2.71365
12000,213.7,0.7337769075,2.7137
12000,213.75,0.7337689103,2.71375
12000,213.8,0.7337609062,2.7138
12000,213.85,0.7337528953,2.71385
12000,213.9,0.7337448776,2.7139
12000,213.95,0.7337368529,2.71395
12000,214,0.7337288215,2.714
12000,214.05,0.7337207831,2.71405
12000,214.1,0.7337127379,2.7141
12000,214.15,0.7337046858,2.71415
12000,214.2,0.7336966268,2.7142
12000,214.25,0.733688561,2.71425
12000,214.3,0.7336804882,2.7143
12000,214.35,0.7336724086,2.71435
12000,214.4,0.7336643221,2.7144
12000,214.45,0.7336562286,2.71445
12000,214.5,0.7336481283,2.7145
12000,214.55,0.733640021,2.71455
12000,214.6,0.7336319068,2.7146
12000,214.65,0.7336237858,2.71465
12000,214.7,0.7336156578,2.7147
12000,214.75,0.7336075228,2.71475
12000,214.8,0.7335993809,2.7148
12000,214.85,0.7335912321,2.71485
12000,214.9,0.7335830764,2.7149
12000,214.95,0.7335749137,2.71495
12000,215,0.7335667441,2.715
12000,215.05,0.7335585675,2.71505
12000,215.1,0.733550384,2.7151
12000,215.15,0.7335421935,2.71515
12000,215.2,0.733533996,2.7152
12000,215.25,0.7335257916,2.71525
12000,215.3,0.7335175802,2.7153
12000,215.35,0.7335093618,2.71535
12000,215.4,0.7335011364,2.7154
12000,215.45,0.7334929041,2.71545
12000,215.5,0.7334846647,2.7155
12000,215.55,0.7334764184,2.71555
12000,215.6,0.7334681651,2.7156
12000,215.65,0.7334599047,2.71565
12000,215.7,0.7334516374,2.7157
12000,215.75,0.7334433631,2.71575
12000,215.8,0.7334350817,2.7158
12000,215.85,0.7334267933,2.71585
12000,215.9,0.7334184979,2.7159
12000,215.95,0.7334101955,2.71595
12000,216,0.733401886,2.716
12000,216.05,0.7333935695,2.71605
12000,216.1,0.733385246,2.7161
12000,216.15,0.7333769154,2.71615
12000,216.2,0.7333685778,2.7162
12000,216.25,0.7333602331,2.71625
12000,216.3,0.7333518813,2.7163
12000,216.35,0.7333435225,2.71635
12000,216.4,0.7333351567,2.7164
12000,216.45,0.7333267837,2.71645
12000,216.5,0.7333184037,2.7165
12000,216.55,0.7333100166,2.71655
12000,216.6,0.7333016225,2.7166
12000,216.65,0.7332932212,2.71665
12000,216.7,0.7332848129,2.7167
12000,216.75,0.7332763974,2.71675
12000,216.8,0.7332679749,2.7168
12000,216.85,0.7332595453,2.71685
12000,216.9,0.7332511085,2.7169
12000,216.95,0.7332426646,2.71695
12000,217,0.7332342137,2.717
12000,217.05,0.7332257556,2.71705
12000,217.1,0.7332172904,2.7171
12000,217.15,0.733208818,2.71715
12000,217.2,0.7332003385,2.7172
12000,217.25,0.7331918519,2.71725
12000,217.3,0.7331833582,2.7173
12000,217.35,0.7331748573,2.71735
12000,217.4,0.7331663492,2.7174
12000,217.45,0.733157834,2.71745
12000,217.5,0.7331493116,2.7175
12000,217.55,0.7331407821,2.71755
12000,217.6,0.7331322454,2.7176
12000,217.65,0.7331237016,2.71765
12000,217.7,0.7331151505,2.7177
12000,217.75,0.7331065923,2.71775
12000,217.8,0.7330980269,2.7178
12000,217.85,0.7330894543,2.71785
12000,217.9,0.7330808746,2.7179
12000,217.95,0.7330722876,2.71795
12000,218,0.7330636934,2.718
12000,218.05,0.7330550921,2.71805
12000,218.1,0.7330464835,2.7181
12000,218.15,0.7330378677,2.71815
12000,218.2,0.7330292447,2.7182
12000,218.25,0.7330206144,2.71825
12000,218.3,0.733011977,2.7183
12000,218.35,0.7330033323,2.71835
12000,218.4,0.7329946804,2.7184
12000,218.45,0.7329860212,2.71845
12000,218.5,0.7329773548,2.7185
12000,218.55,0.7329686812,2.71855
12000,218.6,0.7329600003,2.7186
12000,218.65,0.7329513121,2.71865
12000,218.7,0.7329426167,2.7187
12000,218.75,0.732933914,2.71875
12000,218.8,0.7329252041,2.7188
12000,218.85,0.7329164869,2.71885
12000,218.9,0.7329077624,2.7189
12000,218.95,0.7328990306,2.71895
12000,219,0.7328902916,2.719
12000,219.05,0.7328815452,2.71905
12000,219.1,0.7328727916,2.7191
12000,219.15,0.7328640307,2.71915
12000,219.2,0.7328552624,2.7192
12000,219.25,0.7328464869,2.71925
12000,219.3,0.732837704,2.7193
12000,219.35,0.7328289139,2.71935
12000,219.4,0.7328201164,2.7194
12000,219.45,0.7328113116,2.71945
12000,219.5,0.7328024995,2.7195
12000,219.55,0.73279368,2.71955
12000,219.6,0.7327848532,2.7196
12000,219.65,0.7327760191,2.71965
12000,219.7,0.7327671776,2.7197
12000,219.75,0.7327583288,2.71975
12000,219.8,0.7327494726,2.7198
12000,219.85,0.7327406091,2.71985
12000,219.9,0.7327317382,2.7199
12000,219.95,0.7327228599,2.71995
12000,220,0.7327139743,2.72
12000,220.05,0.7327050813,2.72005
12000,220.1,0.7326961809,2.7201
12000,220.15,0.7326872732,2.72015
12000,220.2,0.732678358,2.7202
12000,220.25,0.7326694355,2.72025
12000,220.3,0.7326605056,2.7203
12000,220.35,0.7326515683,2.72035
12000,220.4,0.7326426235,2.7204
12000,220.45,0.7326336714,2.72045
12000,220.5,0.7326247118,2.7205
12000,220.55,0.7326157449,2.72055
12000,220.6,0.7326067705,2.7206
12000,220.65,0.7325977887,2.72065
12000,220.7,0.7325887995,2.7207
12000,220.75,0.7325798028,2.72075
12000,220.8,0.7325707987,2.7208
12000,220.85,0.7325617871,2.72085
12000,220.9,0.7325527682,2.7209
12000,220.95,0.7325437417,2.72095
12000,221,0.7325347078,2.721
12000,221.05,0.7325256665,2.72105
12000,221.1,0.7325166177,2.7211
12000,221.15,0.7325075614,2.72115
12000,221.2,0.7324984977,2.7212
12000,221.25,0.7324894264,2.72125
12000,221.3,0.7324803477,2.7213
12000,221.35,0.7324712615,2.72135
12000,221.4,0.7324621679,2.7214
12000,221.45,0.7324530667,2.72145
12000,221.5,0.7324439581,2.7215
12000,221.55,0.7324348419,2.72155
12000,221.6,0.7324257182,2.7216
12000,221.65,0.7324165871,2.72165
12000,221.7,0.7324074484,2.7217
12000,221.75,0.7323983022,2.72175
12000,221.8,0.7323891484,2.7218
12000,221.85,0.7323799872,2.72185
12000,221.9,0.7323708184,2.7219
12000,221.95,0.7323616421,2.72195
12000,222,0.7323524583,2.722
12000,222.05,0.7323432669,2.72205
12000,222.1,0.7323340679,2.7221
12000,222.15,0.7323248614,2.72215
12000,222.2,0.7323156474,2.7222
12000,222.25,0.7323064258,2.72225
12000,222.3,0.7322971966,2.7223
12000,222.35,0.7322879599,2.72235
12000,222.4,0.7322787156,2.7224
12000,222.45,0.7322694637,2.72245
12000,222.5,0.7322602042,2.7225
12000,222.55,0.7322509372,2.72255
12000,222.6,0.7322416625,2.7226
12000,222.65,0.7322323803,2.72265
12000,222.7,0.7322230905,2.7227
12000,222.75,0.732213793,2.72275
12000,222.8,0.732204488,2.7228
12000,222.85,0.7321951753,2.72285
12000,222.9,0.7321858551,2.7229
12000,222.95,0.7321765272,2.72295
12000,223,0.7321671917,2.723
12000,223.05,0.7321578485,2.72305
12000,223.1,0.7321484978,2.7231
12000,223.15,0.7321391394,2.72315
12000,223.2,0.7321297733,2.7232
12000,223.25,0.7321203996,2.72325
12000,223.3,0.7321110183,2.7233
12000,223.35,0.7321016293,2.72335
12000,223.4,0.7320922327,2.7234
12000,223.45,0.7320828284,2.72345
12000,223.5,0.7320734164,2.7235
12000,223.55,0.7320639967,2.72355
12000,223.6,0.7320545694,2.7236
12000,223.65,0.7320451344,2.72365
12000,223.7,0.7320356918,2.7237
12000,223.75,0.7320262414,2.72375
12000,223.8,0.7320167833,2.7238
12000,223.85,0.7320073176,2.72385
12000,223.9,0.7319978441,2.7239
12000,223.95,0.731988363,2.72395
12000,224,0.7319788741,2.724
12000,224.05,0.7319693776,2.72405
12000,224.1,0.7319598733,2.7241
12000,224.15,0.7319503613,2.72415
12000,224.2,0.7319408415,2.7242
12000,224.25,0.7319313141,2.72425
12000,224.3,0.7319217789,2.7243
12000,224.35,0.7319122359,2.72435
12000,224.4,0.7319026852,2.7244
12000,224.45,0.7318931268,2.72445
12000,224.5,0.7318835606,2.7245
12000,224.55,0.7318739867,2.72455
12000,224.6,0.731864405,2.7246
12000,224.65,0.7318548156,2.72465
12000,224.7,0.7318452184,2.7247
12000,224.75,0.7318356134,2.72475
12000,224.8,0.7318260006,2.7248
12000,224.85,0.7318163801,2.72485
12000,224.9,0.7318067517,2.7249
12000,224.95,0.7317971156,2.72495
12000,225,0.7317874717,2.725
12000,225.05,0.73177782,2.72505
12000,225.1,0.7317681605,2.7251
12000,225.15,0.7317584931,2.72515
12000,225.2,0.731748818,2.7252
12000,225.25,0.7317391351,2.72525
12000,225.3,0.7317294443,2.7253
12000,225.35,0.7317197457,2.72535
12000,225.4,0.7317100393,2.7254
12000,225.45,0.7317003251,2.72545
12000,225.5,0.731690603,2.7255
12000,225.55,0.7316808731,2.72555
12000,225.6,0.7316711353,2.7256
12000,225.65,0.7316613897,2.72565
12000,225.7,0.7316516363,2.7257
12000,225.75,0.7316418749,2.72575
12000,225.8,0.7316321058,2.7258
12000,225.85,0.7316223287,2.72585
12000,225.9,0.7316125438,2.7259
12000,225.95,0.731602751,2.72595
12000,226,0.7315929504,2.726
12000,226.05,0.7315831418,2.72605
12000,226.1,0.7315733254,2.7261
12000,226.15,0.7315635011,2.72615
12000,226.2,0.7315536688,2.7262
12000,226.25,0.7315438287,2.72625
12000,226.3,0.7315339807,2.7263
12000,226.35,0.7315241248,2.72635
12000,226.4,0.7315142609,2.7264
12000,226.45,0.7315043892,2.72645
12000,226.5,0.7314945095,2.7265
12000,226.55,0.7314846219,2.72655
12000,226.6,0.7314747264,2.7266
12000,226.65,0.7314648229,2.72665
12000,226.7,0.7314549115,2.7267
12000,226.75,0.7314449922,2.72675
12000,226.8,0.7314350649,2.7268
12000,226.85,0.7314251297,2.72685
12000,226.9,0.7314151865,2.7269
12000,226.95,0.7314052353,2.72695
12000,227,0.7313952762,2.727
12000,227.05,0.7313853091,2.72705
12000,227.1,0.7313753341,2.7271
12000,227.15,0.7313653511,2.72715
12000,227.2,0.73135536,2.7272
12000,227.25,0.7313453611,2.72725
12000,227.3,0.7313353541,2.7273
12000,227.35,0.7313253391,2.72735
12000,227.4,0.7313153161,2.7274
12000,227.45,0.7313052852,2.72745
12000,227.5,0.7312952462,2.7275
12000,227.55,0.7312851992,2.72755
12000,227.6,0.7312751442,2.7276
12000,227.65,0.7312650812,2.72765
12000,227.7,0.7312550102,2.7277
12000,227.75,0.7312449311,2.72775
12000,227.8,0.731234844,2.7278
12000,227.85,0.7312247489,2.72785
12000,227.9,0.7312146457,2.7279
12000,227.95,0.7312045345,2.72795
12000,228,0.7311944153,2.728
12000,228.05,0.7311842879,2.72805
12000,228.1,0.7311741526,2.7281
12000,228.15,0.7311640092,2.72815
12000,228.2,0.7311538577,2.7282
12000,228.25,0.7311436981,2.72825
12000,228.3,0.7311335305,2.7283
12000,228.35,0.7311233548,2.72835
12000,228.4,0.731113171,2.7284
12000,228.45,0.7311029791,2.72845
12000,228.5,0.7310927791,2.7285
12000,228.55,0.7310825711,2.72855
12000,228.6,0.7310723549,2.7286
12000,228.65,0.7310621306,2.72865
12000,228.7,0.7310518983,2.7287
12000,228.75,0.7310416578,2.72875
12000,228.8,0.7310314092,2.7288
12000,228.85,0.7310211525,2.72885
12000,228.9,0.7310108876,2.7289
12000,228.95,0.7310006147,2.72895
12000,229,0.7309903336,2.729
12000,229.05,0.7309800443,2.72905
12000,229.1,0.730969747,2.7291
12000,229.15,0.7309594414,2.72915
12000,229.2,0.7309491278,2.7292
12000,229.25,0.7309388059,2.72925
12000,229.3,0.730928476,2.7293
12000,229.35,0.7309181378,2.72935
12000,229.4,0.7309077915,2.7294
12000,229.45,0.730897437,2.72945
12000,229.5,0.7308870744,2.7295
12000,229.55,0.7308767035,2.72955
12000,229.6,0.7308663245,2.7296
12000,229.65,0.7308559373,2.72965
12000,229.7,0.7308455419,2.7297
12000,229.75,0.7308351383,2.72975
12000,229.8,0.7308247265,2.7298
12000,229.85,0.7308143065,2.72985
12000,229.9,0.7308038783,2.7299
12000,229.95,0.7307934419,2.72995
12000,230,0.7307829973,2.73
12000,230.05,0.7307725444,2.73005
12000,230.1,0.7307620833,2.7301
12000,230.15,0.730751614,2.73015
12000,230.2,0.7307411365,2.7302
12000,230.25,0.7307306507,2.73025
12000,230.3,0.7307201567,2.7303
12000,230.35,0.7307096544,2.73035
12000,230.4,0.7306991439,2.7304
12000,230.45,0.7306886251,2.73045
12000,230.5,0.730678098,2.7305
12000,230.55,0.7306675627,2.73055
12000,230.6,0.7306570192,2.7306
12000,230.65,0.7306464673,2.73065
12000,230.7,0.7306359072,2.7307
12000,230.75,0.7306253388,2.73075
12000,230.8,0.7306147621,2.7308
12000,230.85,0.7306041772,2.73085
12000,230.9,0.7305935839,2.7309
12000,230.95,0.7305829823,2.73095
12000,231,0.7305723725,2.731
12000,231.05,0.7305617543,2.73105
12000,231.1,0.7305511278,2.7311
12000,231.15,0.730540493,2.73115
12000,231.2,0.7305298499,2.7312
12000,231.25,0.7305191985,2.73125
12000,231.3,0.7305085387,2.7313
12000,231.35,0.7304978706,2.73135
12000,231.4,0.7304871942,2.7314
12000,231.45,0.7304765094,2.73145
12000,231.5,0.7304658163,2.7315
12000,231.55,0.7304551149,2.73155
12000,231.6,0.7304444051,2.7316
12000,231.65,0.7304336869,2.73165
12000,231.7,0.7304229604,2.7317
12000,231.75,0.7304122255,2.73175
12000,231.8,0.7304014822,2.7318
12000,231.85,0.7303907306,2.73185
12000,231.9,0.7303799706,2.7319
12000,231.95,0.7303692022,2.73195
12000,232,0.7303584254,2.732
12000,232.05,0.7303476402,2.73205
12000,232.1,0.7303368467,2.7321
12000,232.15,0.7303260447,2.73215
12000,232.2,0.7303152343,2.7322
12000,232.25,0.7303044156,2.73225
12000,232.3,0.7302935884,2.7323
12000,232.35,0.7302827528,2.73235
12000,232.4,0.7302719088,2.7324
12000,232.45,0.7302610563,2.73245
12000,232.5,0.7302501954,2.7325
12000,232.55,0.7302393261,2.73255
12000,232.6,0.7302284484,2.7326
12000,232.65,0.7302175622,2.73265
12000,232.7,0.7302066676,2.7327
12000,232.75,0.7301957645,2.73275
12000,232.8,0.730184853,2.7328
12000,232.85,0.730173933,2.73285
12000,232.9,0.7301630046,2.7329
12000,232.95,0.7301520677,2.73295
12000,233,0.7301411223,2.733
12000,233.05,0.7301301684,2.73305
12000,233.1,0.7301192061,2.7331
12000,233.15,0.7301082353,2.73315
12000,233.2,0.730097256,2.7332
12000,233.25,0.7300862682,2.73325
12000,233.3,0.7300752719,2.7333
12000,233.35,0.7300642671,2.73335
12000,233.4,0.7300532538,2.7334
12000,233.45,0.730042232,2.73345
12000,233.5,0.7300312017,2.7335
12000,233.55,0.7300201628,2.73355
12000,233.6,0.7300091155,2.7336
12000,233.65,0.7299980596,2.73365
12000,233.7,0.7299869952,2.7337
12000,233.75,0.7299759223,2.73375
12000,233.8,0.7299648408,2.7338
12000,233.85,0.7299537508,2.73385
12000,233.9,0.7299426522,2.7339
12000,233.95,0.7299315451,2.73395
12000,234,0.7299204294,2.734
12000,234.05,0.7299093052,2.73405
12000,234.1,0.7298981724,2.7341
12000,234.15,0.7298870311,2.73415
12000,234.2,0.7298758812,2.7342
12000,234.25,0.7298647227,2.73425
12000,234.3,0.7298535556,2.7343
12000,234.35,0.7298423799,2.73435
12000,234.4,0.7298311957,2.7344
12000,234.45,0.7298200028,2.73445
12000,234.5,0.7298088014,2.7345
12000,234.55,0.7297975914,2.73455
12000,234.6,0.7297863727,2.7346
12000,234.65,0.7297751455,2.73465
12000,234.7,0.7297639096,2.7347
12000,234.75,0.7297526651,2.73475
12000,234.8,0.729741412,2.7348
12000,234.85,0.7297301503,2.73485
12000,234.9,0.7297188799,2.7349
12000,234.95,0.7297076009,2.73495
12000,235,0.7296963133,2.735
12000,235.05,0.7296850171,2.73505
12000,235.1,0.7296737121,2.7351
12000,235.15,0.7296623986,2.73515
12000,235.2,0.7296510764,2.7352
12000,235.25,0.7296397455,2.73525
12000,235.3,0.7296284059,2.7353
12000,235.35,0.7296170577,2.73535
12000,235.4,0.7296057008,2.7354
12000,235.45,0.7295943353,2.73545
12000,235.5,0.7295829611,2.7355
12000,235.55,0.7295715781,2.73555
12000,235.6,0.7295601865,2.7356
12000,235.65,0.7295487862,2.73565
12000,235.7,0.7295373772,2.7357
12000,235.75,0.7295259596,2.73575
12000,235.8,0.7295145332,2.7358
12000,235.85,0.729503098,2.73585
12000,235.9,0.7294916542,2.7359
12000,235.95,0.7294802017,2.73595
12000,236,0.7294687404,2.736
12000,236.05,0.7294572704,2.73605
12000,236.1,0.7294457917,2.7361
12000,236.15,0.7294343043,2.73615
12000,236.2,0.7294228081,2.7362
12000,236.25,0.7294113032,2.73625
12000,236.3,0.7293997895,2.7363
12000,236.35,0.7293882671,2.73635
12000,236.4,0.7293767359,2.7364
12000,236.45,0.729365196,2.73645
12000,236.5,0.7293536473,2.7365
12000,236.55,0.7293420898,2.73655
12000,236.6,0.7293305236,2.7366
12000,236.65,0.7293189485,2.73665
12000,236.7,0.7293073647,2.7367
12000,236.75,0.7292957722,2.73675
12000,236.8,0.7292841708,2.7368
12000,236.85,0.7292725606,2.73685
12000,236.9,0.7292609417,2.7369
12000,236.95,0.7292493139,2.73695
12000,237,0.7292376774,2.737
12000,237.05,0.729226032,2.73705
12000,237.1,0.7292143778,2.7371
12000,237.15,0.7292027148,2.73715
12000,237.2,0.729191043,2.7372
12000,237.25,0.7291793624,2.73725
12000,237.3,0.7291676729,2.7373
12000,237.35,0.7291559746,2.73735
12000,237.4,0.7291442675,2.7374
12000,237.45,0.7291325515,2.73745
12000,237.5,0.7291208267,2.7375
12000,237.55,0.729109093,2.73755
12000,237.6,0.7290973504,2.7376
12000,237.65,0.729085599,2.73765
12000,237.7,0.7290738388,2.7377
12000,237.75,0.7290620697,2.73775
12000,237.8,0.7290502917,2.7378
12000,237.85,0.7290385048,2.73785
12000,237.9,0.7290267091,2.7379
12000,237.95,0.7290149044,2.73795
12000,238,0.7290030909,2.738
12000,238.05,0.7289912685,2.73805
12000,238.1,0.7289794372,2.7381
12000,238.15,0.728967597,2.73815
12000,238.2,0.7289557479,2.7382
12000,238.25,0.7289438899,2.73825
12000,238.3,0.728932023,2.7383
12000,238.35,0.7289201471,2.73835
12000,238.4,0.7289082624,2.7384
12000,238.45,0.7288963687,2.73845
12000,238.5,0.7288844661,2.7385
12000,238.55,0.7288725545,2.73855
12000,238.6,0.728860634,2.7386
12000,238.65,0.7288487046,2.73865
12000,238.7,0.7288367662,2.7387
12000,238.75,0.7288248189,2.73875
12000,238.8,0.7288128626,2.7388
12000,238.85,0.7288008974,2.73885
12000,238.9,0.7287889232,2.7389
12000,238.95,0.7287769401,2.73895
12000,239,0.7287649479,2.739
12000,239.05,0.7287529468,2.73905
12000,239.1,0.7287409368,2.7391
12000,239.15,0.7287289177,2.73915
12000,239.2,0.7287168896,2.7392
12000,239.25,0.7287048526,2.73925
12000,239.3,0.7286928066,2.7393
12000,239.35,0.7286807516,2.73935
12000,239.4,0.7286686875,2.7394
12000,239.45,0.7286566145,2.73945
12000,239.5,0.7286445324,2.7395
12000,239.55,0.7286324414,2.73955
12000,239.6,0.7286203413,2.7396
12000,239.65,0.7286082322,2.73965
12000,239.7,0.728596114,2.7397
12000,239.75,0.7285839869,2.73975
12000,239.8,0.7285718507,2.7398
12000,239.85,0.7285597054,2.73985
12000,239.9,0.7285475511,2.7399
12000,239.95,0.7285353878,2.73995
12000,240,0.7285232154,2.74
12000,240.05,0.728511034,2.74005
12000,240.1,0.7284988435,2.7401
12000,240.15,0.7284866439,2.74015
12000,240.2,0.7284744353,2.7402
12000,240.25,0.7284622176,2.74025
12000,240.3,0.7284499908,2.7403
12000,240.35,0.728437755,2.74035
12000,240.4,0.72842551,2.7404
12000,240.45,0.728413256,2.74045
12000,240.5,0.7284009929,2.7405
12000,240.55,0.7283887206,2.74055
12000,240.6,0.7283764393,2.7406
12000,240.65,0.7283641489,2.74065
12000,240.7,0.7283518493,2.7407
12000,240.75,0.7283395407,2.74075
12000,240.8,0.7283272229,2.7408
12000,240.85,0.728314896,2.74085
12000,240.9,0.72830256,2.7409
12000,240.95,0.7282902149,2.74095
12000,241,0.7282778606,2.741
12000,241.05,0.7282654972,2.74105
12000,241.1,0.7282531246,2.7411
12000,241.15,0.7282407429,2.74115
12000,241.2,0.7282283521,2.7412
12000,241.25,0.7282159521,2.74125
12000,241.3,0.7282035429,2.7413
12000,241.35,0.7281911246,2.74135
12000,241.4,0.7281786971,2.7414
12000,241.45,0.7281662604,2.74145
12000,241.5,0.7281538146,2.7415
12000,241.55,0.7281413596,2.74155
12000,241.6,0.7281288954,2.7416
12000,241.65,0.728116422,2.74165
12000,241.7,0.7281039394,2.7417
12000,241.75,0.7280914477,2.74175
12000,241.8,0.7280789467,2.7418
12000,241.85,0.7280664365,2.74185
12000,241.9,0.7280539172,2.7419
12000,241.95,0.7280413886,2.74195
12000,242,0.7280288508,2.742
12000,242.05,0.7280163037,2.74205
12000,242.1,0.7280037475,2.7421
12000,242.15,0.727991182,2.74215
12000,242.2,0.7279786073,2.7422
12000,242.25,0.7279660234,2.74225
12000,242.3,0.7279534302,2.7423
12000,242.35,0.7279408278,2.74235
12000,242.4,0.7279282162,2.7424
12000,242.45,0.7279155952,2.74245
12000,242.5,0.7279029651,2.7425
12000,242.55,0.7278903257,2.74255
12000,242.6,0.727877677,2.7426
12000,242.65,0.727865019,2.74265
12000,242.7,0.7278523518,2.7427
12000,242.75,0.7278396753,2.74275
12000,242.8,0.7278269895,2.7428
12000,242.85,0.7278142944,2.74285
12000,242.9,0.7278015901,2.7429
12000,242.95,0.7277888764,2.74295
12000,243,0.7277761535,2.743
12000,243.05,0.7277634212,2.74305
12000,243.1,0.7277506797,2.7431
12000,243.15,0.7277379288,2.74315
12000,243.2,0.7277251687,2.7432
12000,243.25,0.7277123992,2.74325
12000,243.3,0.7276996204,2.7433
12000,243.35,0.7276868323,2.74335
12000,243.4,0.7276740348,2.7434
12000,243.45,0.7276612281,2.74345
12000,243.5,0.7276484119,2.7435
12000,243.55,0.7276355865,2.74355
12000,243.6,0.7276227517,2.7436
12000,243.65,0.7276099075,2.74365
12000,243.7,0.727597054,2.7437
12000,243.75,0.7275841912,2.74375
12000,243.8,0.727571319,2.7438
12000,243.85,0.7275584374,2.74385
12000,243.9,0.7275455465,2.7439
12000,243.95,0.7275326461,2.74395
12000,244,0.7275197365,2.744
12000,244.05,0.7275068174,2.74405
12000,244.1,0.7274938889,2.7441
12000,244.15,0.7274809511,2.74415
12000,244.2,0.7274680039,2.7442
12000,244.25,0.7274550472,2.74425
12000,244.3,0.7274420812,2.7443
12000,244.35,0.7274291058,2.74435
12000,244.4,0.7274161209,2.7444
12000,244.45,0.7274031267,2.74445
12000,244.5,0.727390123,2.7445
12000,244.55,0.7273771099,2.74455
12000,244.6,0.7273640874,2.7446
12000,244.65,0.7273510555,2.74465
12000,244.7,0.7273380141,2.7447
12000,244.75,0.7273249633,2.74475
12000,244.8,0.7273119031,2.7448
12000,244.85,0.7272988334,2.74485
12000,244.9,0.7272857543,2.7449
12000,244.95,0.7272726657,2.74495
12000,245,0.7272595676,2.745
12000,245.05,0.7272464601,2.74505
12000,245.1,0.7272333432,2.7451
12000,245.15,0.7272202167,2.74515
12000,245.2,0.7272070808,2.7452
12000,245.25,0.7271939355,2.74525
12000,245.3,0.7271807806,2.7453
12000,245.35,0.7271676163,2.74535
12000,245.4,0.7271544425,2.7454
12000,245.45,0.7271412591,2.74545
12000,245.5,0.7271280663,2.7455
12000,245.55,0.727114864,2.74555
12000,245.6,0.7271016522,2.7456
12000,245.65,0.7270884309,2.74565
12000,245.7,0.7270752001,2.7457
12000,245.75,0.7270619597,2.74575
12000,245.8,0.7270487099,2.7458
12000,245.85,0.7270354505,2.74585
12000,245.9,0.7270221816,2.7459
12000,245.95,0.7270089031,2.74595
12000,246,0.7269956152,2.746
12000,246.05,0.7269823176,2.74605
12000,246.1,0.7269690106,2.7461
12000,246.15,0.726955694,2.74615
12000,246.2,0.7269423678,2.7462
12000,246.25,0.7269290321,2.74625
12000,246.3,0.7269156869,2.7463
12000,246.35,0.7269023321,2.74635
12000,246.4,0.7268889677,2.7464
12000,246.45,0.7268755937,2.74645
12000,246.5,0.7268622102,2.7465
12000,246.55,0.7268488171,2.74655
12000,246.6,0.7268354144,2.7466
12000,246.65,0.7268220021,2.74665
12000,246.7,0.7268085802,2.7467
12000,246.75,0.7267951488,2.74675
12000,246.8,0.7267817077,2.7468
12000,246.85,0.726768257,2.74685
12000,246.9,0.7267547968,2.7469
12000,246.95,0.7267413269,2.74695
12000,247,0.7267278474,2.747
12000,247.05,0.7267143583,2.74705
12000,247.1,0.7267008596,2.7471
12000,247.15,0.7266873513,2.74715
12000,247.2,0.7266738333,2.7472
12000,247.25,0.7266603057,2.74725
12000,247.3,0.7266467684,2.7473
12000,247.35,0.7266332216,2.74735
12000,247.4,0.726619665,2.7474
12000,247.45,0.7266060989,2.74745
12000,247.5,0.726592523,2.7475
12000,247.55,0.7265789375,2.74755
12000,247.6,0.7265653424,2.7476
12000,247.65,0.7265517376,2.74765
12000,247.7,0.7265381231,2.7477
12000,247.75,0.726524499,2.74775
12000,247.8,0.7265108652,2.7478
12000,247.85,0.7264972217,2.74785
12000,247.9,0.7264835685,2.7479
12000,247.95,0.7264699056,2.74795
12000,248,0.7264562331,2.748
12000,248.05,0.7264425508,2.74805
12000,248.1,0.7264288589,2.7481
12000,248.15,0.7264151572,2.74815
12000,248.2,0.7264014459,2.7482
12000,248.25,0.7263877248,2.74825
12000,248.3,0.726373994,2.7483
12000,248.35,0.7263602535,2.74835
12000,248.4,0.7263465033,2.7484
12000,248.45,0.7263327434,2.74845
12000,248.5,0.7263189737,2.7485
12000,248.55,0.7263051943,2.74855
12000,248.6,0.7262914051,2.7486
12000,248.65,0.7262776062,2.74865
12000,248.7,0.7262637976,2.7487
12000,248.75,0.7262499792,2.74875
12000,248.8,0.7262361511,2.7488
12000,248.85,0.7262223132,2.74885
12000,248.9,0.7262084656,2.7489
12000,248.95,0.7261946082,2.74895
12000,249,0.726180741,2.749
12000,249.05,0.726166864,2.74905
12000,249.1,0.7261529773,2.7491
12000,249.15,0.7261390808,2.74915
12000,249.2,0.7261251745,2.7492
12000,249.25,0.7261112585,2.74925
12000,249.3,0.7260973326,2.7493
12000,249.35,0.7260833969,2.74935
12000,249.4,0.7260694515,2.7494
12000,249.45,0.7260554962,2.74945
12000,249.5,0.7260415312,2.7495
12000,249.55,0.7260275563,2.74955
12000,249.6,0.7260135716,2.7496
12000,249.65,0.7259995771,2.74965
12000,249.7,0.7259855728,2.7497
12000,249.75,0.7259715586,2.74975
12000,249.8,0.7259575346,2.7498
12000,249.85,0.7259435008,2.74985
12000,249.9,0.7259294572,2.7499
12000,249.95,0.7259154037,2.74995
12000,250,0.7259013404,2.75
12000,250.05,0.7258872672,2.75005
12000,250.1,0.7258731841,2.7501
12000,250.15,0.7258590913,2.75015
12000,250.2,0.7258449885,2.7502
12000,250.25,0.7258308759,2.75025
12000,250.3,0.7258167534,2.7503
12000,250.35,0.7258026211,2.75035
12000,250.4,0.7257884789,2.7504
12000,250.45,0.7257743268,2.75045
12000,250.5,0.7257601648,2.7505
12000,250.55,0.7257459929,2.75055
12000,250.6,0.7257318112,2.7506
12000,250.65,0.7257176195,2.75065
12000,250.7,0.725703418,2.7507
12000,250.75,0.7256892065,2.75075
12000,250.8,0.7256749852,2.7508
12000,250.85,0.7256607539,2.75085
12000,250.9,0.7256465127,2.7509
12000,250.95,0.7256322616,2.75095
12000,251,0.7256180006,2.751
12000,251.05,0.7256037297,2.75105
12000,251.1,0.7255894488,2.7511
12000,251.15,0.7255751581,2.75115
12000,251.2,0.7255608573,2.7512
12000,251.25,0.7255465467,2.75125
12000,251.3,0.7255322261,2.7513
12000,251.35,0.7255178955,2.75135
12000,251.4,0.725503555,2.7514
12000,251.45,0.7254892046,2.75145
12000,251.5,0.7254748442,2.7515
12000,251.55,0.7254604738,2.75155
12000,251.6,0.7254460935,2.7516
12000,251.65,0.7254317032,2.75165
12000,251.7,0.7254173029,2.7517
12000,251.75,0.7254028926,2.75175
12000,251.8,0.7253884724,2.7518
12000,251.85,0.7253740422,2.75185
12000,251.9,0.725359602,2.7519
12000,251.95,0.7253451518,2.75195
12000,252,0.7253306916,2.752
12000,252.05,0.7253162214,2.75205
12000,252.1,0.7253017412,2.7521
12000,252.15,0.725287251,2.75215
12000,252.2,0.7252727508,2.7522
12000,252.25,0.7252582406,2.75225
12000,252.3,0.7252437204,2.7523
12000,252.35,0.7252291901,2.75235
12000,252.4,0.7252146499,2.7524
12000,252.45,0.7252000996,2.75245
12000,252.5,0.7251855392,2.7525
12000,252.55,0.7251709689,2.75255
12000,252.6,0.7251563884,2.7526
12000,252.65,0.725141798,2.75265
12000,252.7,0.7251271975,2.7527
12000,252.75,0.7251125869,2.75275
12000,252.8,0.7250979663,2.7528
12000,252.85,0.7250833357,2.75285
12000,252.9,0.725068695,2.7529
12000,252.95,0.7250540442,2.75295
12000,253,0.7250393833,2.753
12000,253.05,0.7250247124,2.75305
12000,253.1,0.7250100314,2.7531
12000,253.15,0.7249953403,2.75315
12000,253.2,0.7249806392,2.7532
12000,253.25,0.7249659279,2.75325
12000,253.3,0.7249512066,2.7533
12000,253.35,0.7249364751,2.75335
12000,253.4,0.7249217336,2.7534
12000,253.45,0.724906982,2.75345
12000,253.5,0.7248922202,2.7535
12000,253.55,0.7248774484,2.75355
12000,253.6,0.7248626664,2.7536
12000,253.65,0.7248478743,2.75365
12000,253.7,0.7248330721,2.7537
12000,253.75,0.7248182598,2.75375
12000,253.8,0.7248034374,2.7538
12000,253.85,0.7247886048,2.75385
12000,253.9,0.7247737621,2.7539
12000,253.95,0.7247589092,2.75395
12000,254,0.7247440462,2.754
12000,254.05,0.7247291731,2.75405
12000,254.1,0.7247142898,2.7541
12000,254.15,0.7246993964,2.75415
12000,254.2,0.7246844928,2.7542
12000,254.25,0.724669579,2.75425
12000,254.3,0.7246546551,2.7543
12000,254.35,0.724639721,2.75435
12000,254.4,0.7246247768,2.7544
12000,254.45,0.7246098224,2.75445
12000,254.5,0.7245948578,2.7545
12000,254.55,0.724579883,2.75455
12000,254.6,0.724564898,2.7546
12000,254.65,0.7245499028,2.75465
12000,254.7,0.7245348975,2.7547
12000,254.75,0.7245198819,2.75475
12000,254.8,0.7245048562,2.7548
12000,254.85,0.7244898202,2.75485
12000,254.9,0.7244747741,2.7549
12000,254.95,0.7244597177,2.75495
12000,255,0.7244446511,2.755
12000,255.05,0.7244295743,2.75505
12000,255.1,0.7244144873,2.7551
12000,255.15,0.7243993901,2.75515
12000,255.2,0.7243842826,2.7552
12000,255.25,0.7243691649,2.75525
12000,255.3,0.7243540369,2.7553
12000,255.35,0.7243388988,2.75535
12000,255.4,0.7243237503,2.7554
12000,255.45,0.7243085917,2.75545
12000,255.5,0.7242934228,2.7555
12000,255.55,0.7242782436,2.75555
12000,255.6,0.7242630542,2.7556
12000,255.65,0.7242478545,2.75565
12000,255.7,0.7242326445,2.7557
12000,255.75,0.7242174243,2.75575
12000,255.8,0.7242021938,2.7558
12000,255.85,0.724186953,2.75585
12000,255.9,0.724171702,2.7559
12000,255.95,0.7241564407,2.75595
12000,256,0.7241411691,2.756
12000,256.05,0.7241258872,2.75605
12000,256.1,0.724110595,2.7561
12000,256.15,0.7240952925,2.75615
12000,256.2,0.7240799797,2.7562
12000,256.25,0.7240646566,2.75625
12000,256.3,0.7240493232,2.7563
12000,256.35,0.7240339795,2.75635
12000,256.4,0.7240186255,2.7564
12000,256.45,0.7240032612,2.75645
12000,256.5,0.7239878865,2.7565
12000,256.55,0.7239725016,2.75655
12000,256.6,0.7239571063,2.7566
12000,256.65,0.7239417006,2.75665
12000,256.7,0.7239262846,2.7567
12000,256.75,0.7239108583,2.75675
12000,256.8,0.7238954217,2.7568
12000,256.85,0.7238799747,2.75685
12000,256.9,0.7238645174,2.7569
12000,256.95,0.7238490497,2.75695
12000,257,0.7238335716,2.757
12000,257.05,0.7238180832,2.75705
12000,257.1,0.7238025844,2.7571
12000,257.15,0.7237870753,2.75715
12000,257.2,0.7237715558,2.7572
12000,257.25,0.7237560259,2.75725
12000,257.3,0.7237404857,2.7573
12000,257.35,0.723724935,2.75735
12000,257.4,0.723709374,2.7574
12000,257.45,0.7236938026,2.75745
12000,257.5,0.7236782208,2.7575
12000,257.55,0.7236626286,2.75755
12000,257.6,0.723647026,2.7576
12000,257.65,0.723631413,2.75765
12000,257.7,0.7236157897,2.7577
12000,257.75,0.7236001559,2.75775
12000,257.8,0.7235845116,2.7578
12000,257.85,0.723568857,2.75785
12000,257.9,0.723553192,2.7579
12000,257.95,0.7235375165,2.75795
12000,258,0.7235218306,2.758
12000,258.05,0.7235061343,2.75805
12000,258.1,0.7234904276,2.7581
12000,258.15,0.7234747104,2.75815
12000,258.2,0.7234589828,2.7582
12000,258.25,0.7234432447,2.75825
12000,258.3,0.7234274962,2.7583
12000,258.35,0.7234117372,2.75835
12000,258.4,0.7233959678,2.7584
12000,258.45,0.723380188,2.75845
12000,258.5,0.7233643977,2.7585
12000,258.55,0.7233485969,2.75855
12000,258.6,0.7233327856,2.7586
12000,258.65,0.7233169639,2.75865
12000,258.7,0.7233011317,2.7587
12000,258.75,0.723285289,2.75875
12000,258.8,0.7232694359,2.7588
12000,258.85,0.7232535723,2.75885
12000,258.9,0.7232376981,2.7589
12000,258.95,0.7232218135,2.75895
12000,259,0.7232059184,2.759
12000,259.05,0.7231900128,2.75905
12000,259.1,0.7231740967,2.7591
12000,259.15,0.7231581702,2.75915
12000,259.2,0.723142233,2.7592
12000,259.25,0.7231262854,2.75925
12000,259.3,0.7231103273,2.7593
12000,259.35,0.7230943587,2.75935
12000,259.4,0.7230783795,2.7594
12000,259.45,0.7230623898,2.75945
12000,259.5,0.7230463896,2.7595
12000,259.55,0.7230303789,2.75955
12000,259.6,0.7230143576,2.7596
12000,259.65,0.7229983258,2.75965
12000,259.7,0.7229822834,2.7597
12000,259.75,0.7229662305,2.75975
12000,259.8,0.7229501671,2.7598
12000,259.85,0.7229340931,2.75985
12000,259.9,0.7229180085,2.7599
12000,259.95,0.7229019134,2.75995
12000,260,0.7228858078,2.76
12000,260.05,0.7228696915,2.76005
12000,260.1,0.7228535647,2.7601
12000,260.15,0.7228374274,2.76015
12000,260.2,0.7228212794,2.7602
12000,260.25,0.7228051209,2.76025
12000,260.3,0.7227889518,2.7603
12000,260.35,0.7227727721,2.76035
12000,260.4,0.7227565819,2.7604
12000,260.45,0.722740381,2.76045
12000,260.5,0.7227241696,2.7605
12000,260.55,0.7227079475,2.76055
12000,260.6,0.7226917149,2.7606
12000,260.65,0.7226754716,2.76065
12000,260.7,0.7226592178,2.7607
12000,260.75,0.7226429533,2.76075
12000,260.8,0.7226266782,2.7608
12000,260.85,0.7226103926,2.76085
12000,260.9,0.7225940962,2.7609
12000,260.95,0.7225777893,2.76095
12000,261,0.7225614717,2.761
12000,261.05,0.7225451436,2.76105
12000,261.1,0.7225288047,2.7611
12000,261.15,0.7225124553,2.76115
12000,261.2,0.7224960952,2.7612
12000,261.25,0.7224797244,2.76125
12000,261.3,0.722463343,2.7613
12000,261.35,0.722446951,2.76135
12000,261.4,0.7224305483,2.7614
12000,261.45,0.722414135,2.76145
12000,261.5,0.722397711,2.7615
12000,261.55,0.7223812763,2.76155
12000,261.6,0.722364831,2.7616
12000,261.65,0.722348375,2.76165
12000,261.7,0.7223319083,2.7617
12000,261.75,0.722315431,2.76175
12000,261.8,0.722298943,2.7618
12000,261.85,0.7222824443,2.76185
12000,261.9,0.7222659349,2.7619
12000,261.95,0.7222494148,2.76195
12000,262,0.722232884,2.762
12000,262.05,0.7222163426,2.76205
12000,262.1,0.7221997904,2.7621
12000,262.15,0.7221832276,2.76215
12000,262.2,0.722166654,2.7622
12000,262.25,0.7221500697,2.76225
12000,262.3,0.7221334747,2.7623
12000,262.35,0.722116869,2.76235
12000,262.4,0.7221002526,2.7624
12000,262.45,0.7220836255,2.76245
12000,262.5,0.7220669877,2.7625
12000,262.55,0.7220503391,2.76255
12000,262.6,0.7220336798,2.7626
12000,262.65,0.7220170097,2.76265
12000,262.7,0.722000329,2.7627
12000,262.75,0.7219836374,2.76275
12000,262.8,0.7219669352,2.7628
12000,262.85,0.7219502222,2.76285
12000,262.9,0.7219334984,2.7629
12000,262.95,0.7219167639,2.76295
12000,263,0.7219000187,2.763
12000,263.05,0.7218832627,2.76305
12000,263.1,0.7218664959,2.7631
12000,263.15,0.7218497184,2.76315
12000,263.2,0.7218329301,2.7632
12000,263.25,0.721816131,2.76325
12000,263.3,0.7217993211,2.7633
12000,263.35,0.7217825005,2.76335
12000,263.4,0.7217656691,2.7634
12000,263.45,0.7217488269,2.76345
12000,263.5,0.7217319739,2.7635
12000,263.55,0.7217151102,2.76355
12000,263.6,0.7216982356,2.7636
12000,263.65,0.7216813503,2.76365
12000,263.7,0.7216644541,2.7637
12000,263.75,0.7216475472,2.76375
12000,263.8,0.7216306294,2.7638
12000,263.85,0.7216137008,2.76385
12000,263.9,0.7215967615,2.7639
12000,263.95,0.7215798113,2.76395
12000,264,0.7215628503,2.764
12000,264.05,0.7215458785,2.76405
12000,264.1,0.7215288958,2.7641
12000,264.15,0.7215119023,2.76415
12000,264.2,0.721494898,2.7642
12000,264.25,0.7214778829,2.76425
12000,264.3,0.7214608569,2.7643
12000,264.35,0.7214438201,2.76435
12000,264.4,0.7214267725,2.7644
12000,264.45,0.721409714,2.76445
12000,264.5,0.7213926446,2.7645
12000,264.55,0.7213755644,2.76455
12000,264.6,0.7213584734,2.7646
12000,264.65,0.7213413715,2.76465
12000,264.7,0.7213242587,2.7647
12000,264.75,0.7213071351,2.76475
12000,264.8,0.7212900006,2.7648
12000,264.85,0.7212728552,2.76485
12000,264.9,0.721255699,2.7649
12000,264.95,0.7212385319,2.76495
12000,265,0.7212213539,2.765
12000,265.05,0.721204165,2.76505
12000,265.1,0.7211869653,2.7651
12000,265.15,0.7211697546,2.76515
12000,265.2,0.7211525331,2.7652
12000,265.25,0.7211353007,2.76525
12000,265.3,0.7211180573,2.7653
12000,265.35,0.7211008031,2.76535
12000,265.4,0.721083538,2.7654
12000,265.45,0.721066262,2.76545
12000,265.5,0.721048975,2.7655
12000,265.55,0.7210316772,2.76555
12000,265.6,0.7210143684,2.7656
12000,265.65,0.7209970487,2.76565
12000,265.7,0.7209797182,2.7657
12000,265.75,0.7209623766,2.76575
12000,265.8,0.7209450242,2.7658
12000,265.85,0.7209276608,2.76585
12000,265.9,0.7209102865,2.7659
12000,265.95,0.7208929013,2.76595
12000,266,0.7208755051,2.766
12000,266.05,0.720858098,2.76605
12000,266.1,0.7208406799,2.7661
12000,266.15,0.7208232509,2.76615
12000,266.2,0.7208058109,2.7662
12000,266.25,0.72078836,2.76625
12000,266.3,0.7207708981,2.7663
12000,266.35,0.7207534253,2.76635
12000,266.4,0.7207359415,2.7664
12000,266.45,0.7207184468,2.76645
12000,266.5,0.720700941,2.7665
12000,266.55,0.7206834243,2.76655
12000,266.6,0.7206658967,2.7666
12000,266.65,0.720648358,2.76665
12000,266.7,0.7206308084,2.7667
12000,266.75,0.7206132478,2.76675
12000,266.8,0.7205956762,2.7668
12000,266.85,0.7205780937,2.76685
12000,266.9,0.7205605001,2.7669
12000,266.95,0.7205428955,2.76695
12000,267,0.72052528,2.767
12000,267.05,0.7205076534,2.76705
12000,267.1,0.7204900159,2.7671
12000,267.15,0.7204723673,2.76715
12000,267.2,0.7204547077,2.7672
12000,267.25,0.7204370372,2.76725
12000,267.3,0.7204193556,2.7673
12000,267.35,0.720401663,2.76735
12000,267.4,0.7203839593,2.7674
12000,267.45,0.7203662447,2.76745
12000,267.5,0.720348519,2.7675
12000,267.55,0.7203307823,2.76755
12000,267.6,0.7203130346,2.7676
12000,267.65,0.7202952758,2.76765
12000,267.7,0.720277506,2.7677
12000,267.75,0.7202597251,2.76775
12000,267.8,0.7202419333,2.7678
12000,267.85,0.7202241303,2.76785
12000,267.9,0.7202063164,2.7679
12000,267.95,0.7201884913,2.76795
12000,268,0.7201706552,2.768
12000,268.05,0.7201528081,2.76805
12000,268.1,0.7201349499,2.7681
12000,268.15,0.7201170806,2.76815
12000,268.2,0.7200992003,2.7682
12000,268.25,0.7200813089,2.76825
12000,268.3,0.7200634065,2.7683
12000,268.35,0.7200454929,2.76835
12000,268.4,0.7200275683,2.7684
12000,268.45,0.7200096326,2.76845
12000,268.5,0.7199916859,2.7685
12000,268.55,0.719973728,2.76855
12000,268.6,0.7199557591,2.7686
12000,268.65,0.7199377791,2.76865
12000,268.7,0.7199197879,2.7687
12000,268.75,0.7199017857,2.76875
12000,268.8,0.7198837724,2.7688
12000,268.85,0.719865748,2.76885
12000,268.9,0.7198477125,2.7689
12000,268.95,0.7198296658,2.76895
12000,269,0.7198116081,2.769
12000,269.05,0.7197935393,2.76905
12000,269.1,0.7197754593,2.7691
12000,269.15,0.7197573682,2.76915
12000,269.2,0.719739266,2.7692
12000,269.25,0.7197211527,2.76925
12000,269.3,0.7197030283,2.7693
12000,269.35,0.7196848927,2.76935
12000,269.4,0.719666746,2.7694
12000,269.45,0.7196485881,2.76945
12000,269.5,0.7196304192,2.7695
12000,269.55,0.7196122391,2.76955
12000,269.6,0.7195940478,2.7696
12000,269.65,0.7195758454,2.76965
12000,269.7,0.7195576319,2.7697
12000,269.75,0.7195394072,2.76975
12000,269.8,0.7195211713,2.7698
12000,269.85,0.7195029243,2.76985
12000,269.9,0.7194846662,2.7699
12000,269.95,0.7194663968,2.76995
12000,270,0.7194481164,2.77
12000,270.05,0.7194298247,2.77005
12000,270.1,0.7194115219,2.7701
12000,270.15,0.7193932079,2.77015
12000,270.2,0.7193748828,2.7702
12000,270.25,0.7193565464,2.77025
12000,270.3,0.7193381989,2.7703
12000,270.35,0.7193198402,2.77035
12000,270.4,0.7193014703,2.7704
12000,270.45,0.7192830893,2.77045
12000,270.5,0.719264697,2.7705
12000,270.55,0.7192462935,2.77055
12000,270.6,0.7192278789,2.7706
12000,270.65,0.7192094531,2.77065
12000,270.7,0.719191016,2.7707
12000,270.75,0.7191725678,2.77075
12000,270.8,0.7191541083,2.7708
12000,270.85,0.7191356377,2.77085
12000,270.9,0.7191171558,2.7709
12000,270.95,0.7190986627,2.77095
12000,271,0.7190801584,2.771
12000,271.05,0.7190616429,2.77105
12000,271.1,0.7190431162,2.7711
12000,271.15,0.7190245782,2.77115
12000,271.2,0.719006029,2.7712
12000,271.25,0.7189874686,2.77125
12000,271.3,0.718968897,2.7713
12000,271.35,0.7189503141,2.77135
12000,271.4,0.71893172,2.7714
12000,271.45,0.7189131146,2.77145
12000,271.5,0.718894498,2.7715
12000,271.55,0.7188758702,2.77155
12000,271.6,0.7188572311,2.7716
12000,271.65,0.7188385808,2.77165
12000,271.7,0.7188199192,2.7717
12000,271.75,0.7188012464,2.77175
12000,271.8,0.7187825623,2.7718
12000,271.85,0.7187638669,2.77185
12000,271.9,0.7187451603,2.7719
12000,271.95,0.7187264424,2.77195
12000,272,0.7187077133,2.772
12000,272.05,0.7186889729,2.77205
12000,272.1,0.7186702212,2.7721
12000,272.15,0.7186514582,2.77215
12000,272.2,0.718632684,2.7722
12000,272.25,0.7186138985,2.77225
12000,272.3,0.7185951017,2.7723
12000,272.35,0.7185762936,2.77235
12000,272.4,0.7185574742,2.7724
12000,272.45,0.7185386436,2.77245
12000,272.5,0.7185198016,2.7725
12000,272.55,0.7185009484,2.77255
12000,272.6,0.7184820839,2.7726
12000,272.65,0.718463208,2.77265
12000,272.7,0.7184443209,2.7727
12000,272.75,0.7184254225,2.77275
12000,272.8,0.7184065127,2.7728
12000,272.85,0.7183875917,2.77285
12000,272.9,0.7183686593,2.7729
12000,272.95,0.7183497156,2.77295
12000,273,0.7183307606,2.773
12000,273.05,0.7183117943,2.77305
12000,273.1,0.7182928167,2.7731
12000,273.15,0.7182738277,2.77315
12000,273.2,0.7182548274,2.7732
12000,273.25,0.7182358158,2.77325
12000,273.3,0.7182167929,2.7733
12000,273.35,0.7181977586,2.77335
12000,273.4,0.718178713,2.7734
12000,273.45,0.718159656,2.77345
12000,273.5,0.7181405878,2.7735
12000,273.55,0.7181215081,2.77355
12000,273.6,0.7181024172,2.7736
12000,273.65,0.7180833148,2.77365
12000,273.7,0.7180642012,2.7737
12000,273.75,0.7180450761,2.77375
12000,273.8,0.7180259398,2.7738
12000,273.85,0.718006792,2.77385
12000,273.9,0.7179876329,2.7739
12000,273.95,0.7179684625,2.77395
12000,274,0.7179492807,2.774
12000,274.05,0.7179300875,2.77405
12000,274.1,0.7179108829,2.7741
12000,274.15,0.717891667,2.77415
12000,274.2,0.7178724397,2.7742
12000,274.25,0.7178532011,2.77425
12000,274.3,0.717833951,2.7743
12000,274.35,0.7178146896,2.77435
12000,274.4,0.7177954168,2.7744
12000,274.45,0.7177761326,2.77445
12000,274.5,0.717756837,2.7745
12000,274.55,0.71773753,2.77455
12000,274.6,0.7177182117,2.7746
12000,274.65,0.7176988819,2.77465
12000,274.7,0.7176795408,2.7747
12000,274.75,0.7176601882,2.77475
12000,274.8,0.7176408243,2.7748
12000,274.85,0.7176214489,2.77485
12000,274.9,0.7176020622,2.7749
12000,274.95,0.717582664,2.77495
12000,275,0.7175632544,2.775
12000,275.05,0.7175438334,2.77505
12000,275.1,0.717524401,2.7751
12000,275.15,0.7175049572,2.77515
12000,275.2,0.717485502,2.7752
12000,275.25,0.7174660353,2.77525
12000,275.3,0.7174465573,2.7753
12000,275.35,0.7174270677,2.77535
12000,275.4,0.7174075668,2.7754
12000,275.45,0.7173880545,2.77545
12000,275.5,0.7173685307,2.7755
12000,275.55,0.7173489954,2.77555
12000,275.6,0.7173294488,2.7756
12000,275.65,0.7173098907,2.77565
12000,275.7,0.7172903211,2.7757
12000,275.75,0.7172707401,2.77575
12000,275.8,0.7172511477,2.7758
12000,275.85,0.7172315438,2.77585
12000,275.9,0.7172119285,2.7759
12000,275.95,0.7171923017,2.77595
12000,276,0.7171726635,2.776
12000,276.05,0.7171530138,2.77605
12000,276.1,0.7171333526,2.7761
12000,276.15,0.71711368,2.77615
12000,276.2,0.717093996,2.7762
12000,276.25,0.7170743004,2.77625
12000,276.3,0.7170545934,2.7763
12000,276.35,0.717034875,2.77635
12000,276.4,0.717015145,2.7764
12000,276.45,0.7169954036,2.77645
12000,276.5,0.7169756507,2.7765
12000,276.55,0.7169558863,2.77655
12000,276.6,0.7169361105,2.7766
12000,276.65,0.7169163232,2.77665
12000,276.7,0.7168965243,2.7767
12000,276.75,0.716876714,2.77675
12000,276.8,0.7168568922,2.7768
12000,276.85,0.716837059,2.77685
12000,276.9,0.7168172142,2.7769
12000,276.95,0.7167973579,2.77695
12000,277,0.7167774902,2.777
12000,277.05,0.7167576109,2.77705
12000,277.1,0.7167377201,2.7771
12000,277.15,0.7167178179,2.77715
12000,277.2,0.7166979041,2.7772
12000,277.25,0.7166779788,2.77725
12000,277.3,0.7166580421,2.7773
12000,277.35,0.7166380938,2.77735
12000,277.4,0.716618134,2.7774
12000,277.45,0.7165981626,2.77745
12000,277.5,0.7165781798,2.7775
12000,277.55,0.7165581854,2.77755
12000,277.6,0.7165381796,2.7776
12000,277.65,0.7165181621,2.77765
12000,277.7,0.7164981332,2.7777
12000,277.75,0.7164780928,2.77775
12000,277.8,0.7164580408,2.7778
12000,277.85,0.7164379773,2.77785
12000,277.9,0.7164179022,2.7779
12000,277.95,0.7163978156,2.77795
12000,278,0.7163777175,2.778
12000,278.05,0.7163576079,2.77805
12000,278.1,0.7163374866,2.7781
12000,278.15,0.7163173539,2.77815
12000,278.2,0.7162972096,2.7782
12000,278.25,0.7162770538,2.77825
12000,278.3,0.7162568864,2.7783
12000,278.35,0.7162367075,2.77835
12000,278.4,0.716216517,2.7784
12000,278.45,0.7161963149,2.77845
12000,278.5,0.7161761013,2.7785
12000,278.55,0.7161558762,2.77855
12000,278.6,0.7161356394,2.7786
12000,278.65,0.7161153912,2.77865
12000,278.7,0.7160951313,2.7787
12000,278.75,0.7160748599,2.77875
12000,278.8,0.7160545769,2.7788
12000,278.85,0.7160342824,2.77885
12000,278.9,0.7160139762,2.7789
12000,278.95,0.7159936585,2.77895
12000,279,0.7159733293,2.779
12000,279.05,0.7159529884,2.77905
12000,279.1,0.715932636,2.7791
12000,279.15,0.715912272,2.77915
12000,279.2,0.7158918964,2.7792
12000,279.25,0.7158715092,2.77925
12000,279.3,0.7158511104,2.7793
12000,279.35,0.7158307001,2.77935
12000,279.4,0.7158102781,2.7794
12000,279.45,0.7157898446,2.77945
12000,279.5,0.7157693994,2.7795
12000,279.55,0.7157489427,2.77955
12000,279.6,0.7157284744,2.7796
12000,279.65,0.7157079944,2.77965
12000,279.7,0.7156875029,2.7797
12000,279.75,0.7156669997,2.77975
12000,279.8,0.715646485,2.7798
12000,279.85,0.7156259586,2.77985
12000,279.9,0.7156054207,2.7799
12000,279.95,0.7155848711,2.77995
12000,280,0.7155643099,2.78
12000,280.05,0.7155437371,2.78005
12000,280.1,0.7155231527,2.7801
12000,280.15,0.7155025567,2.78015
12000,280.2,0.715481949,2.7802
12000,280.25,0.7154613297,2.78025
12000,280.3,0.7154406988,2.7803
12000,280.35,0.7154200563,2.78035
12000,280.4,0.7153994022,2.7804
12000,280.45,0.7153787364,2.78045
12000,280.5,0.715358059,2.7805
12000,280.55,0.7153373699,2.78055
12000,280.6,0.7153166692,2.7806
12000,280.65,0.7152959569,2.78065
12000,280.7,0.715275233,2.7807
12000,280.75,0.7152544974,2.78075
12000,280.8,0.7152337501,2.7808
12000,280.85,0.7152129913,2.78085
12000,280.9,0.7151922207,2.7809
12000,280.95,0.7151714386,2.78095
12000,281,0.7151506448,2.781
12000,281.05,0.7151298393,2.78105
12000,281.1,0.7151090222,2.7811
12000,281.15,0.7150881934,2.78115
12000,281.2,0.715067353,2.7812
12000,281.25,0.7150465009,2.78125
12000,281.3,0.7150256372,2.7813
12000,281.35,0.7150047618,2.78135
12000,281.4,0.7149838747,2.7814
12000,281.45,0.714962976,2.78145
12000,281.5,0.7149420656,2.7815
12000,281.55,0.7149211435,2.78155
12000,281.6,0.7149002098,2.7816
12000,281.65,0.7148792644,2.78165
12000,281.7,0.7148583074,2.7817
12000,281.75,0.7148373386,2.78175
12000,281.8,0.7148163582,2.7818
12000,281.85,0.7147953661,2.78185
12000,281.9,0.7147743624,2.7819
12000,281.95,0.7147533469,2.78195
12000,282,0.7147323198,2.782
12000,282.05,0.714711281,2.78205
12000,282.1,0.7146902305,2.7821
12000,282.15,0.7146691683,2.78215
12000,282.2,0.7146480944,2.7822
12000,282.25,0.7146270089,2.78225
12000,282.3,0.7146059117,2.7823
12000,282.35,0.7145848027,2.78235
12000,282.4,0.7145636821,2.7824
12000,282.45,0.7145425498,2.78245
12000,282.5,0.7145214057,2.7825
12000,282.55,0.71450025,2.78255
12000,282.6,0.7144790826,2.7826
12000,282.65,0.7144579035,2.78265
12000,282.7,0.7144367126,2.7827
12000,282.75,0.7144155101,2.78275
12000,282.8,0.7143942959,2.7828
12000,282.85,0.7143730699,2.78285
12000,282.9,0.7143518323,2.7829
12000,282.95,0.7143305829,2.78295
12000,283,0.7143093219,2.783
12000,283.05,0.7142880491,2.78305
12000,283.1,0.7142667646,2.7831
12000,283.15,0.7142454683,2.78315
12000,283.2,0.7142241604,2.7832
12000,283.25,0.7142028408,2.78325
12000,283.3,0.7141815094,2.7833
12000,283.35,0.7141601663,2.78335
12000,283.4,0.7141388114,2.7834
12000,283.45,0.7141174449,2.78345
12000,283.5,0.7140960666,2.7835
12000,283.55,0.7140746766,2.78355
12000,283.6,0.7140532749,2.7836
12000,283.65,0.7140318614,2.78365
12000,283.7,0.7140104362,2.7837
12000,283.75,0.7139889993,2.78375
12000,283.8,0.7139675506,2.7838
12000,283.85,0.7139460902,2.78385
12000,283.9,0.7139246181,2.7839
12000,283.95,0.7139031342,2.78395
12000,284,0.7138816386,2.784
12000,284.05,0.7138601312,2.78405
12000,284.1,0.7138386121,2.7841
12000,284.15,0.7138170813,2.78415
12000,284.2,0.7137955387,2.7842
12000,284.25,0.7137739843,2.78425
12000,284.3,0.7137524182,2.7843
12000,284.35,0.7137308404,2.78435
12000,284.4,0.7137092508,2.7844
12000,284.45,0.7136876494,2.78445
12000,284.5,0.7136660363,2.7845
12000,284.55,0.7136444114,2.78455
12000,284.6,0.7136227748,2.7846
12000,284.65,0.7136011264,2.78465
12000,284.7,0.7135794663,2.7847
12000,284.75,0.7135577944,2.78475
12000,284.8,0.7135361107,2.7848
12000,284.85,0.7135144153,2.78485
12000,284.9,0.7134927081,2.7849
12000,284.95,0.7134709892,2.78495
12000,285,0.7134492584,2.785
12000,285.05,0.7134275159,2.78505
12000,285.1,0.7134057617,2.7851
12000,285.15,0.7133839956,2.78515
12000,285.2,0.7133622178,2.7852
12000,285.25,0.7133404282,2.78525
12000,285.3,0.7133186269,2.7853
12000,285.35,0.7132968137,2.78535
12000,285.4,0.7132749888,2.7854
12000,285.45,0.7132531521,2.78545
12000,285.5,0.7132313037,2.7855
12000,285.55,0.7132094434,2.78555
12000,285.6,0.7131875714,2.7856
12000,285.65,0.7131656875,2.78565
12000,285.7,0.7131437919,2.7857
12000,285.75,0.7131218845,2.78575
12000,285.8,0.7130999653,2.7858
12000,285.85,0.7130780344,2.78585
12000,285.9,0.7130560916,2.7859
12000,285.95,0.7130341371,2.78595
12000,286,0.7130121707,2.786
12000,286.05,0.7129901926,2.78605
12000,286.1,0.7129682026,2.7861
12000,286.15,0.7129462009,2.78615
12000,286.2,0.7129241874,2.7862
12000,286.25,0.712902162,2.78625
12000,286.3,0.7128801249,2.7863
12000,286.35,0.712858076,2.78635
12000,286.4,0.7128360153,2.7864
12000,286.45,0.7128139427,2.78645
12000,286.5,0.7127918584,2.7865
12000,286.55,0.7127697623,2.78655
12000,286.6,0.7127476543,2.7866
12000,286.65,0.7127255346,2.78665
12000,286.7,0.712703403,2.7867
12000,286.75,0.7126812596,2.78675
12000,286.8,0.7126591044,2.7868
12000,286.85,0.7126369374,2.78685
12000,286.9,0.7126147586,2.7869
12000,286.95,0.712592568,2.78695
12000,287,0.7125703656,2.787
12000,287.05,0.7125481513,2.78705
12000,287.1,0.7125259252,2.7871
12000,287.15,0.7125036874,2.78715
12000,287.2,0.7124814377,2.7872
12000,287.25,0.7124591761,2.78725
12000,287.3,0.7124369028,2.7873
12000,287.35,0.7124146176,2.78735
12000,287.4,0.7123923206,2.7874
12000,287.45,0.7123700118,2.78745
12000,287.5,0.7123476911,2.7875
12000,287.55,0.7123253587,2.78755
12000,287.6,0.7123030144,2.7876
12000,287.65,0.7122806582,2.78765
12000,287.7,0.7122582903,2.7877
12000,287.75,0.7122359105,2.78775
12000,287.8,0.7122135189,2.7878
12000,287.85,0.7121911154,2.78785
12000,287.9,0.7121687001,2.7879
12000,287.95,0.712146273,2.78795
12000,288,0.7121238341,2.788
12000,288.05,0.7121013833,2.78805
12000,288.1,0.7120789206,2.7881
12000,288.15,0.7120564462,2.78815
12000,288.2,0.7120339599,2.7882
12000,288.25,0.7120114617,2.78825
12000,288.3,0.7119889517,2.7883
12000,288.35,0.7119664299,2.78835
12000,288.4,0.7119438962,2.7884
12000,288.45,0.7119213507,2.78845
12000,288.5,0.7118987934,2.7885
12000,288.55,0.7118762241,2.78855
12000,288.6,0.7118536431,2.7886
12000,288.65,0.7118310502,2.78865
12000,288.7,0.7118084454,2.7887
12000,288.75,0.7117858288,2.78875
12000,288.8,0.7117632004,2.7888
12000,288.85,0.7117405601,2.78885
12000,288.9,0.7117179079,2.7889
12000,288.95,0.7116952439,2.78895
12000,289,0.7116725681,2.789
12000,289.05,0.7116498804,2.78905
12000,289.1,0.7116271808,2.7891
12000,289.15,0.7116044694,2.78915
12000,289.2,0.7115817461,2.7892
12000,289.25,0.711559011,2.78925
12000,289.3,0.711536264,2.7893
12000,289.35,0.7115135051,2.78935
12000,289.4,0.7114907344,2.7894
12000,289.45,0.7114679518,2.78945
12000,289.5,0.7114451574,2.7895
12000,289.55,0.7114223511,2.78955
12000,289.6,0.711399533,2.7896
12000,289.65,0.7113767029,2.78965
12000,289.7,0.711353861,2.7897
12000,289.75,0.7113310073,2.78975
12000,289.8,0.7113081417,2.7898
12000,289.85,0.7112852642,2.78985
12000,289.9,0.7112623748,2.7899
12000,289.95,0.7112394736,2.78995
12000,290,0.7112165605,2.79
12000,290.05,0.7111936355,2.79005
12000,290.1,0.7111706987,2.7901
12000,290.15,0.71114775,2.79015
12000,290.2,0.7111247894,2.7902
12000,290.25,0.711101817,2.79025
12000,290.3,0.7110788326,2.7903
12000,290.35,0.7110558364,2.79035
12000,290.4,0.7110328284,2.7904
12000,290.45,0.7110098084,2.79045
12000,290.5,0.7109867766,2.7905
12000,290.55,0.7109637329,2.79055
12000,290.6,0.7109406773,2.7906
12000,290.65,0.7109176099,2.79065
12000,290.7,0.7108945305,2.7907
12000,290.75,0.7108714393,2.79075
12000,290.8,0.7108483362,2.7908
12000,290.85,0.7108252213,2.79085
12000,290.9,0.7108020944,2.7909
12000,290.95,0.7107789557,2.79095
12000,291,0.710755805,2.791
12000,291.05,0.7107326425,2.79105
12000,291.1,0.7107094681,2.7911
12000,291.15,0.7106862819,2.79115
12000,291.2,0.7106630837,2.7912
12000,291.25,0.7106398737,2.79125
12000,291.3,0.7106166517,2.7913
12000,291.35,0.7105934179,2.79135
12000,291.4,0.7105701722,2.7914
12000,291.45,0.7105469146,2.79145
12000,291.5,0.7105236452,2.7915
12000,291.55,0.7105003638,2.79155
12000,291.6,0.7104770705,2.7916
12000,291.65,0.7104537654,2.79165
12000,291.7,0.7104304483,2.7917
12000,291.75,0.7104071194,2.79175
12000,291.8,0.7103837786,2.7918
12000,291.85,0.7103604259,2.79185
12000,291.9,0.7103370613,2.7919
12000,291.95,0.7103136848,2.79195
12000,292,0.7102902964,2.792
12000,292.05,0.7102668961,2.79205
12000,292.1,0.7102434839,2.7921
12000,292.15,0.7102200598,2.79215
12000,292.2,0.7101966239,2.7922
12000,292.25,0.710173176,2.79225
12000,292.3,0.7101497162,2.7923
12000,292.35,0.7101262446,2.79235
12000,292.4,0.710102761,2.7924
12000,292.45,0.7100792656,2.79245
12000,292.5,0.7100557582,2.7925
12000,292.55,0.710032239,2.79255
12000,292.6,0.7100087078,2.7926
12000,292.65,0.7099851648,2.79265
12000,292.7,0.7099616098,2.7927
12000,292.75,0.709938043,2.79275
12000,292.8,0.7099144642,2.7928
12000,292.85,0.7098908736,2.79285
12000,292.9,0.709867271,2.7929
12000,292.95,0.7098436566,2.79295
12000,293,0.7098200302,2.793
12000,293.05,0.709796392,2.79305
12000,293.1,0.7097727418,2.7931
12000,293.15,0.7097490797,2.79315
12000,293.2,0.7097254058,2.7932
12000,293.25,0.7097017199,2.79325
12000,293.3,0.7096780221,2.7933
12000,293.35,0.7096543124,2.79335
12000,293.4,0.7096305908,2.7934
12000,293.45,0.7096068573,2.79345
12000,293.5,0.7095831119,2.7935
12000,293.55,0.7095593546,2.79355
12000,293.6,0.7095355854,2.7936
12000,293.65,0.7095118043,2.79365
12000,293.7,0.7094880113,2.7937
12000,293.75,0.7094642064,2.79375
12000,293.8,0.7094403895,2.7938
12000,293.85,0.7094165608,2.79385
12000,293.9,0.7093927201,2.7939
12000,293.95,0.7093688676,2.79395
12000,294,0.7093450031,2.794
12000,294.05,0.7093211267,2.79405
12000,294.1,0.7092972384,2.7941
12000,294.15,0.7092733383,2.79415
12000,294.2,0.7092494261,2.7942
12000,294.25,0.7092255021,2.79425
12000,294.3,0.7092015662,2.7943
12000,294.35,0.7091776184,2.79435
12000,294.4,0.7091536586,2.7944
12000,294.45,0.709129687,2.79445
12000,294.5,0.7091057034,2.7945
12000,294.55,0.7090817079,2.79455
12000,294.6,0.7090577006,2.7946
12000,294.65,0.7090336813,2.79465
12000,294.7,0.7090096501,2.7947
12000,294.75,0.7089856069,2.79475
12000,294.8,0.7089615519,2.7948
12000,294.85,0.708937485,2.79485
12000,294.9,0.7089134061,2.7949
12000,294.95,0.7088893154,2.79495
12000,295,0.7088652127,2.795
12000,295.05,0.7088410981,2.79505
12000,295.1,0.7088169716,2.7951
12000,295.15,0.7087928332,2.79515
12000,295.2,0.7087686829,2.7952
12000,295.25,0.7087445206,2.79525
12000,295.3,0.7087203465,2.7953
12000,295.35,0.7086961604,2.79535
12000,295.4,0.7086719624,2.7954
12000,295.45,0.7086477525,2.79545
12000,295.5,0.7086235307,2.7955
12000,295.55,0.708599297,2.79555
12000,295.6,0.7085750514,2.7956
12000,295.65,0.7085507939,2.79565
12000,295.7,0.7085265244,2.7957
12000,295.75,0.7085022431,2.79575
12000,295.8,0.7084779498,2.7958
12000,295.85,0.7084536446,2.79585
12000,295.9,0.7084293275,2.7959
12000,295.95,0.7084049985,2.79595
12000,296,0.7083806575,2.796
12000,296.05,0.7083563047,2.79605
12000,296.1,0.7083319399,2.7961
12000,296.15,0.7083075633,2.79615
12000,296.2,0.7082831747,2.7962
12000,296.25,0.7082587742,2.79625
12000,296.3,0.7082343618,2.7963
12000,296.35,0.7082099375,2.79635
12000,296.4,0.7081855012,2.7964
12000,296.45,0.7081610531,2.79645
12000,296.5,0.708136593,2.7965
12000,296.55,0.7081121211,2.79655
12000,296.6,0.7080876372,2.7966
12000,296.65,0.7080631414,2.79665
12000,296.7,0.7080386337,2.7967
12000,296.75,0.7080141141,2.79675
12000,296.8,0.7079895825,2.7968
12000,296.85,0.7079650391,2.79685
12000,296.9,0.7079404837,2.7969
12000,296.95,0.7079159165,2.79695
12000,297,0.7078913373,2.797
12000,297.05,0.7078667462,2.79705
12000,297.1,0.7078421432,2.7971
12000,297.15,0.7078175283,2.79715
12000,297.2,0.7077929015,2.7972
12000,297.25,0.7077682627,2.79725
12000,297.3,0.7077436121,2.7973
12000,297.35,0.7077189495,2.79735
12000,297.4,0.7076942751,2.7974
12000,297.45,0.7076695887,2.79745
12000,297.5,0.7076448904,2.7975
12000,297.55,0.7076201802,2.79755
12000,297.6,0.7075954581,2.7976
12000,297.65,0.7075707241,2.79765
12000,297.7,0.7075459782,2.7977
12000,297.75,0.7075212203,2.79775
12000,297.8,0.7074964506,2.7978
12000,297.85,0.707471669,2.79785
12000,297.9,0.7074468754,2.7979
12000,297.95,0.7074220699,2.79795
12000,298,0.7073972526,2.798
12000,298.05,0.7073724233,2.79805
12000,298.1,0.7073475821,2.7981
12000,298.15,0.707322729,2.79815
12000,298.2,0.707297864,2.7982
12000,298.25,0.7072729871,2.79825
12000,298.3,0.7072480983,2.7983
12000,298.35,0.7072231976,2.79835
12000,298.4,0.707198285,2.7984
12000,298.45,0.7071733605,2.79845
12000,298.5,0.707148424,2.7985
12000,298.55,0.7071234757,2.79855
12000,298.6,0.7070985155,2.7986
12000,298.65,0.7070735433,2.79865
12000,298.7,0.7070485593,2.7987
12000,298.75,0.7070235633,2.79875
12000,298.8,0.7069985555,2.7988
12000,298.85,0.7069735358,2.79885
12000,298.9,0.7069485041,2.7989
12000,298.95,0.7069234606,2.79895
12000,299,0.7068984051,2.799
12000,299.05,0.7068733378,2.79905
12000,299.1,0.7068482585,2.7991
12000,299.15,0.7068231673,2.79915
12000,299.2,0.7067980643,2.7992
12000,299.25,0.7067729494,2.79925
12000,299.3,0.7067478225,2.7993
12000,299.35,0.7067226838,2.79935
12000,299.4,0.7066975331,2.7994
12000,299.45,0.7066723706,2.79945
12000,299.5,0.7066471961,2.7995
12000,299.55,0.7066220098,2.79955
12000,299.6,0.7065968116,2.7996
12000,299.65,0.7065716015,2.79965
12000,299.7,0.7065463795,2.7997
12000,299.75,0.7065211455,2.79975
12000,299.8,0.7064958997,2.7998
12000,299.85,0.7064706421,2.79985
12000,299.9,0.7064453725,2.7999
12000,299.95,0.706420091,2.79995
12000,300,0.7063947976,2.8
12000,300.05,0.7063694924,2.80005
12000,300.1,0.7063441752,2.8001
12000,300.15,0.7063188462,2.80015
12000,300.2,0.7062935052,2.8002
12000,300.25,0.7062681524,2.80025
12000,300.3,0.7062427877,2.8003
12000,300.35,0.7062174111,2.80035
12000,300.4,0.7061920226,2.8004
12000,300.45,0.7061666223,2.80045
12000,300.5,0.70614121,2.8005
12000,300.55,0.7061157859,2.80055
12000,300.6,0.7060903499,2.8006
12000,300.65,0.706064902,2.80065
12000,300.7,0.7060394422,2.8007
12000,300.75,0.7060139705,2.80075
12000,300.8,0.705988487,2.8008
12000,300.85,0.7059629915,2.80085
12000,300.9,0.7059374842,2.8009
12000,300.95,0.705911965,2.80095
12000,301,0.705886434,2.801
12000,301.05,0.705860891,2.80105
12000,301.1,0.7058353362,2.8011
12000,301.15,0.7058097695,2.80115
12000,301.2,0.7057841909,2.8012
12000,301.25,0.7057586004,2.80125
12000,301.3,0.7057329981,2.8013
12000,301.35,0.7057073839,2.80135
12000,301.4,0.7056817578,2.8014
12000,301.45,0.7056561199,2.80145
12000,301.5,0.70563047,2.8015
12000,301.55,0.7056048084,2.80155
12000,301.6,0.7055791348,2.8016
12000,301.65,0.7055534494,2.80165
12000,301.7,0.705527752,2.8017
12000,301.75,0.7055020429,2.80175
12000,301.8,0.7054763218,2.8018
12000,301.85,0.7054505889,2.80185
12000,301.9,0.7054248442,2.8019
12000,301.95,0.7053990875,2.80195
12000,302,0.705373319,2.802
12000,302.05,0.7053475387,2.80205
12000,302.1,0.7053217464,2.8021
12000,302.15,0.7052959423,2.80215
12000,302.2,0.7052701264,2.8022
12000,302.25,0.7052442986,2.80225
12000,302.3,0.7052184589,2.8023
12000,302.35,0.7051926074,2.80235
12000,302.4,0.705166744,2.8024
12000,302.45,0.7051408688,2.80245
12000,302.5,0.7051149817,2.8025
12000,302.55,0.7050890827,2.80255
12000,302.6,0.7050631719,2.8026
12000,302.65,0.7050372493,2.80265
12000,302.7,0.7050113148,2.8027
12000,302.75,0.7049853684,2.80275
12000,302.8,0.7049594102,2.8028
12000,302.85,0.7049334401,2.80285
12000,302.9,0.7049074582,2.8029
12000,302.95,0.7048814645,2.80295
12000,303,0.7048554589,2.803
12000,303.05,0.7048294414,2.80305
12000,303.1,0.7048034121,2.8031
12000,303.15,0.704777371,2.80315
12000,303.2,0.704751318,2.8032
12000,303.25,0.7047252532,2.80325
12000,303.3,0.7046991765,2.8033
12000,303.35,0.704673088,2.80335
12000,303.4,0.7046469877,2.8034
12000,303.45,0.7046208755,2.80345
12000,303.5,0.7045947515,2.8035
12000,303.55,0.7045686157,2.80355
12000,303.6,0.704542468,2.8036
12000,303.65,0.7045163085,2.80365
12000,303.7,0.7044901371,2.8037
12000,303.75,0.7044639539,2.80375
12000,303.8,0.7044377589,2.8038
12000,303.85,0.7044115521,2.80385
12000,303.9,0.7043853334,2.8039
12000,303.95,0.7043591029,2.80395
12000,304,0.7043328606,2.804
12000,304.05,0.7043066065,2.80405
12000,304.1,0.7042803405,2.8041
12000,304.15,0.7042540627,2.80415
12000,304.2,0.7042277731,2.8042
12000,304.25,0.7042014717,2.80425
12000,304.3,0.7041751584,2.8043
12000,304.35,0.7041488333,2.80435
12000,304.4,0.7041224965,2.8044
12000,304.45,0.7040961478,2.80445
12000,304.5,0.7040697872,2.8045
12000,304.55,0.7040434149,2.80455
12000,304.6,0.7040170308,2.8046
12000,304.65,0.7039906348,2.80465
12000,304.7,0.7039642271,2.8047
12000,304.75,0.7039378075,2.80475
12000,304.8,0.7039113761,2.8048
12000,304.85,0.7038849329,2.80485
12000,304.9,0.7038584779,2.8049
12000,304.95,0.7038320111,2.80495
12000,305,0.7038055325,2.805
12000,305.05,0.7037790422,2.80505
12000,305.1,0.70375254,2.8051
12000,305.15,0.703726026,2.80515
12000,305.2,0.7036995002,2.8052
12000,305.25,0.7036729626,2.80525
12000,305.3,0.7036464132,2.8053
12000,305.35,0.703619852,2.80535
12000,305.4,0.703593279,2.8054
12000,305.45,0.7035666943,2.80545
12000,305.5,0.7035400977,2.8055
12000,305.55,0.7035134894,2.80555
12000,305.6,0.7034868693,2.8056
12000,305.65,0.7034602374,2.80565
12000,305.7,0.7034335937,2.8057
12000,305.75,0.7034069382,2.80575
12000,305.8,0.7033802709,2.8058
12000,305.85,0.7033535919,2.80585
12000,305.9,0.7033269011,2.8059
12000,305.95,0.7033001985,2.80595
12000,306,0.7032734841,2.806
12000,306.05,0.7032467579,2.80605
12000,306.1,0.70322002,2.8061
12000,306.15,0.7031932703,2.80615
12000,306.2,0.7031665089,2.8062
12000,306.25,0.7031397356,2.80625
12000,306.3,0.7031129506,2.8063
12000,306.35,0.7030861539,2.80635
12000,306.4,0.7030593453,2.8064
12000,306.45,0.703032525,2.80645
12000,306.5,0.703005693,2.8065
12000,306.55,0.7029788492,2.80655
12000,306.6,0.7029519936,2.8066
12000,306.65,0.7029251262,2.80665
12000,306.7,0.7028982472,2.8067
12000,306.75,0.7028713563,2.80675
12000,306.8,0.7028444537,2.8068
12000,306.85,0.7028175394,2.80685
12000,306.9,0.7027906133,2.8069
12000,306.95,0.7027636754,2.80695
12000,307,0.7027367258,2.807
12000,307.05,0.7027097645,2.80705
12000,307.1,0.7026827914,2.8071
12000,307.15,0.7026558066,2.80715
12000,307.2,0.70262881,2.8072
12000,307.25,0.7026018017,2.80725
12000,307.3,0.7025747817,2.8073
12000,307.35,0.7025477499,2.80735
12000,307.4,0.7025207064,2.8074
12000,307.45,0.7024936511,2.80745
12000,307.5,0.7024665841,2.8075
12000,307.55,0.7024395054,2.80755
12000,307.6,0.702412415,2.8076
12000,307.65,0.7023853128,2.80765
12000,307.7,0.702358199,2.8077
12000,307.75,0.7023310733,2.80775
12000,307.8,0.702303936,2.8078
12000,307.85,0.702276787,2.80785
12000,307.9,0.7022496262,2.8079
12000,307.95,0.7022224537,2.80795
12000,308,0.7021952695,2.808
12000,308.05,0.7021680736,2.80805
12000,308.1,0.702140866,2.8081
12000,308.15,0.7021136466,2.80815
12000,308.2,0.7020864156,2.8082
12000,308.25,0.7020591728,2.80825
12000,308.3,0.7020319184,2.8083
12000,308.35,0.7020046522,2.80835
12000,308.4,0.7019773744,2.8084
12000,308.45,0.7019500848,2.80845
12000,308.5,0.7019227836,2.8085
12000,308.55,0.7018954706,2.80855
12000,308.6,0.701868146,2.8086
12000,308.65,0.7018408097,2.80865
12000,308.7,0.7018134616,2.8087
12000,308.75,0.7017861019,2.80875
12000,308.8,0.7017587305,2.8088
12000,308.85,0.7017313474,2.80885
12000,308.9,0.7017039527,2.8089
12000,308.95,0.7016765462,2.80895
12000,309,0.7016491281,2.809
12000,309.05,0.7016216983,2.80905
12000,309.1,0.7015942568,2.8091
12000,309.15,0.7015668036,2.80915
12000,309.2,0.7015393388,2.8092
12000,309.25,0.7015118623,2.80925
12000,309.3,0.7014843741,2.8093
12000,309.35,0.7014568743,2.80935
12000,309.4,0.7014293628,2.8094
12000,309.45,0.7014018396,2.80945
12000,309.5,0.7013743048,2.8095
12000,309.55,0.7013467583,2.80955
12000,309.6,0.7013192002,2.8096
12000,309.65,0.7012916304,2.80965
12000,309.7,0.701264049,2.8097
12000,309.75,0.7012364559,2.80975
12000,309.8,0.7012088511,2.8098
12000,309.85,0.7011812347,2.80985
12000,309.9,0.7011536067,2.8099
12000,309.95,0.701125967,2.80995
12000,310,0.7010983157,2.81
12000,310.05,0.7010706527,2.81005
12000,310.1,0.7010429781,2.8101
12000,310.15,0.7010152919,2.81015
12000,310.2,0.700987594,2.8102
12000,310.25,0.7009598845,2.81025
12000,310.3,0.7009321634,2.8103
12000,310.35,0.7009044306,2.81035
12000,310.4,0.7008766863,2.8104
12000,310.45,0.7008489303,2.81045
12000,310.5,0.7008211626,2.8105
12000,310.55,0.7007933834,2.81055
12000,310.6,0.7007655925,2.8106
12000,310.65,0.70073779,2.81065
12000,310.7,0.700709976,2.8107
12000,310.75,0.7006821503,2.81075
12000,310.8,0.700654313,2.8108
12000,310.85,0.700626464,2.81085
12000,310.9,0.7005986035,2.8109
12000,310.95,0.7005707314,2.81095
12000,311,0.7005428477,2.811
12000,311.05,0.7005149524,2.81105
12000,311.1,0.7004870454,2.8111
12000,311.15,0.7004591269,2.81115
12000,311.2,0.7004311968,2.8112
12000,311.25,0.7004032552,2.81125
12000,311.3,0.7003753019,2.8113
12000,311.35,0.700347337,2.81135
12000,311.4,0.7003193606,2.8114
12000,311.45,0.7002913726,2.81145
12000,311.5,0.700263373,2.8115
12000,311.55,0.7002353618,2.81155
12000,311.6,0.700207339,2.8116
12000,311.65,0.7001793047,2.81165
12000,311.7,0.7001512588,2.8117
12000,311.75,0.7001232014,2.81175
12000,311.8,0.7000951323,2.8118
12000,311.85,0.7000670517,2.81185
12000,311.9,0.7000389596,2.8119
12000,311.95,0.7000108559,2.81195
12000,312,0.6999827406,2.812
12000,312.05,0.6999546138,2.81205
12000,312.1,0.6999264755,2.8121
12000,312.15,0.6998983255,2.81215
12000,312.2,0.6998701641,2.8122
12000,312.25,0.6998419911,2.81225
12000,312.3,0.6998138065,2.8123
12000,312.35,0.6997856105,2.81235
12000,312.4,0.6997574028,2.8124
12000,312.45,0.6997291837,2.81245
12000,312.5,0.699700953,2.8125
12000,312.55,0.6996727108,2.81255
12000,312.6,0.699644457,2.8126
12000,312.65,0.6996161918,2.81265
12000,312.7,0.699587915,2.8127
12000,312.75,0.6995596267,2.81275
12000,312.8,0.6995313268,2.8128
12000,312.85,0.6995030155,2.81285
12000,312.9,0.6994746926,2.8129
12000,312.95,0.6994463582,2.81295
12000,313,0.6994180124,2.813
12000,313.05,0.699389655,2.81305
12000,313.1,0.6993612861,2.8131
12000,313.15,0.6993329057,2.81315
12000,313.2,0.6993045138,2.8132
12000,313.25,0.6992761104,2.81325
12000,313.3,0.6992476956,2.8133
12000,313.35,0.6992192692,2.81335
12000,313.4,0.6991908313,2.8134
12000,313.45,0.699162382,2.81345
12000,313.5,0.6991339212,2.8135
12000,313.55,0.6991054489,2.81355
12000,313.6,0.6990769651,2.8136
12000,313.65,0.6990484698,2.81365
12000,313.7,0.6990199631,2.8137
12000,313.75,0.6989914449,2.81375
12000,313.8,0.6989629152,2.8138
12000,313.85,0.6989343741,2.81385
12000,313.9,0.6989058215,2.8139
12000,313.95,0.6988772574,2.81395
12000,314,0.6988486819,2.814
12000,314.05,0.698820095,2.81405
12000,314.1,0.6987914965,2.8141
12000,314.15,0.6987628867,2.81415
12000,314.2,0.6987342654,2.8142
12000,314.25,0.6987056326,2.81425
12000,314.3,0.6986769884,2.8143
12000,314.35,0.6986483327,2.81435
12000,314.4,0.6986196657,2.8144
12000,314.45,0.6985909872,2.81445
12000,314.5,0.6985622972,2.8145
12000,314.55,0.6985335958,2.81455
12000,314.6,0.698504883,2.8146
12000,314.65,0.6984761588,2.81465
12000,314.7,0.6984474232,2.8147
12000,314.75,0.6984186761,2.81475
12000,314.8,0.6983899176,2.8148
12000,314.85,0.6983611478,2.81485
12000,314.9,0.6983323665,2.8149
12000,314.95,0.6983035738,2.81495
12000,315,0.6982747697,2.815
12000,315.05,0.6982459542,2.81505
12000,315.1,0.6982171273,2.8151
12000,315.15,0.698188289,2.81515
12000,315.2,0.6981594393,2.8152
12000,315.25,0.6981305782,2.81525
12000,315.3,0.6981017057,2.8153
12000,315.35,0.6980728219,2.81535
12000,315.4,0.6980439266,2.8154
12000,315.45,0.69801502,2.81545
12000,315.5,0.697986102,2.8155
12000,315.55,0.6979571727,2.81555
12000,315.6,0.6979282319,2.8156
12000,315.65,0.6978992798,2.81565
12000,315.7,0.6978703164,2.8157
12000,315.75,0.6978413416,2.81575
12000,315.8,0.6978123554,2.8158
12000,315.85,0.6977833578,2.81585
12000,315.9,0.697754349,2.8159
12000,315.95,0.6977253287,2.81595
12000,316,0.6976962971,2.816
12000,316.05,0.6976672542,2.81605
12000,316.1,0.6976381999,2.8161
12000,316.15,0.6976091343,2.81615
12000,316.2,0.6975800574,2.8162
12000,316.25,0.6975509691,2.81625
12000,316.3,0.6975218695,2.8163
12000,316.35,0.6974927586,2.81635
12000,316.4,0.6974636363,2.8164
12000,316.45,0.6974345028,2.81645
12000,316.5,0.6974053579,2.8165
12000,316.55,0.6973762017,2.81655
12000,316.6,0.6973470342,2.8166
12000,316.65,0.6973178553,2.81665
12000,316.7,0.6972886652,2.8167
12000,316.75,0.6972594638,2.81675
12000,316.8,0.6972302511,2.8168
12000,316.85,0.697201027,2.81685
12000,316.9,0.6971717917,2.8169
12000,316.95,0.6971425451,2.81695
12000,317,0.6971132872,2.817
12000,317.05,0.6970840181,2.81705
12000,317.1,0.6970547376,2.8171
12000,317.15,0.6970254459,2.81715
12000,317.2,0.6969961429,2.8172
12000,317.25,0.6969668286,2.81725
12000,317.3,0.696937503,2.8173
12000,317.35,0.6969081662,2.81735
12000,317.4,0.6968788182,2.8174
12000,317.45,0.6968494588,2.81745
12000,317.5,0.6968200883,2.8175
12000,317.55,0.6967907064,2.81755
12000,317.6,0.6967613133,2.8176
12000,317.65,0.696731909,2.81765
12000,317.7,0.6967024934,2.8177
12000,317.75,0.6966730666,2.81775
12000,317.8,0.6966436286,2.8178
12000,317.85,0.6966141793,2.81785
12000,317.9,0.6965847188,2.8179
12000,317.95,0.6965552471,2.81795
12000,318,0.6965257641,2.818
12000,318.05,0.6964962699,2.81805
12000,318.1,0.6964667645,2.8181
12000,318.15,0.6964372479,2.81815
12000,318.2,0.6964077201,2.8182
12000,318.25,0.6963781811,2.81825
12000,318.3,0.6963486309,2.8183
12000,318.35,0.6963190694,2.81835
12000,318.4,0.6962894968,2.8184
12000,318.45,0.696259913,2.81845
12000,318.5,0.696230318,2.8185
12000,318.55,0.6962007118,2.81855
12000,318.6,0.6961710944,2.8186
12000,318.65,0.6961414659,2.81865
12000,318.7,0.6961118261,2.8187
12000,318.75,0.6960821752,2.81875
12000,318.8,0.6960525132,2.8188
12000,318.85,0.6960228399,2.81885
12000,318.9,0.6959931555,2.8189
12000,318.95,0.69596346,2.81895
12000,319,0.6959337532,2.819
12000,319.05,0.6959040354,2.81905
12000,319.1,0.6958743063,2.8191
12000,319.15,0.6958445662,2.81915
12000,319.2,0.6958148149,2.8192
12000,319.25,0.6957850524,2.81925
12000,319.3,0.6957552788,2.8193
12000,319.35,0.6957254941,2.81935
12000,319.4,0.6956956983,2.8194
12000,319.45,0.6956658913,2.81945
12000,319.5,0.6956360732,2.8195
12000,319.55,0.695606244,2.81955
12000,319.6,0.6955764037,2.8196
12000,319.65,0.6955465522,2.81965
12000,319.7,0.6955166897,2.8197
12000,319.75,0.695486816,2.81975
12000,319.8,0.6954569313,2.8198
12000,319.85,0.6954270355,2.81985
12000,319.9,0.6953971285,2.8199
12000,319.95,0.6953672105,2.81995
12000,320,0.6953372814,2.82
12000,320.05,0.6953073412,2.82005
12000,320.1,0.6952773899,2.8201
12000,320.15,0.6952474276,2.82015
12000,320.2,0.6952174541,2.8202
12000,320.25,0.6951874697,2.82025
12000,320.3,0.6951574741,2.8203
12000,320.35,0.6951274675,2.82035
12000,320.4,0.6950974498,2.8204
12000,320.45,0.6950674211,2.82045
12000,320.5,0.6950373813,2.8205
12000,320.55,0.6950073305,2.82055
12000,320.6,0.6949772686,2.8206
12000,320.65,0.6949471957,2.82065
12000,320.7,0.6949171118,2.8207
12000,320.75,0.6948870168,2.82075
12000,320.8,0.6948569108,2.8208
12000,320.85,0.6948267938,2.82085
12000,320.9,0.6947966658,2.8209
12000,320.95,0.6947665267,2.82095
12000,321,0.6947363767,2.821
12000,321.05,0.6947062156,2.82105
12000,321.1,0.6946760435,2.8211
12000,321.15,0.6946458604,2.82115
12000,321.2,0.6946156663,2.8212
12000,321.25,0.6945854612,2.82125
12000,321.3,0.6945552452,2.8213
12000,321.35,0.6945250181,2.82135
12000,321.4,0.6944947801,2.8214
12000,321.45,0.6944645311,2.82145
12000,321.5,0.6944342711,2.8215
12000,321.55,0.6944040001,2.82155
12000,321.6,0.6943737182,2.8216
12000,321.65,0.6943434253,2.82165
12000,321.7,0.6943131215,2.8217
12000,321.75,0.6942828067,2.82175
12000,321.8,0.6942524809,2.8218
12000,321.85,0.6942221442,2.82185
12000,321.9,0.6941917966,2.8219
12000,321.95,0.694161438,2.82195
12000,322,0.6941310685,2.822
12000,322.05,0.694100688,2.82205
12000,322.1,0.6940702966,2.8221
12000,322.15,0.6940398943,2.82215
12000,322.2,0.6940094811,2.8222
12000,322.25,0.693979057,2.82225
12000,322.3,0.6939486219,2.8223
12000,322.35,0.6939181759,2.82235
12000,322.4,0.6938877191,2.8224
12000,322.45,0.6938572513,2.82245
12000,322.5,0.6938267726,2.8225
12000,322.55,0.6937962831,2.82255
12000,322.6,0.6937657826,2.8226
12000,322.65,0.6937352713,2.82265
12000,322.7,0.6937047491,2.8227
12000,322.75,0.693674216,2.82275
12000,322.8,0.6936436721,2.8228
12000,322.85,0.6936131172,2.82285
12000,322.9,0.6935825516,2.8229
12000,322.95,0.693551975,2.82295
12000,323,0.6935213876,2.823
12000,323.05,0.6934907893,2.82305
12000,323.1,0.6934601802,2.8231
12000,323.15,0.6934295603,2.82315
12000,323.2,0.6933989295,2.8232
12000,323.25,0.6933682879,2.82325
12000,323.3,0.6933376354,2.8233
12000,323.35,0.6933069722,2.82335
12000,323.4,0.6932762981,2.8234
12000,323.45,0.6932456131,2.82345
12000,323.5,0.6932149174,2.8235
12000,323.55,0.6931842108,2.82355
12000,323.6,0.6931534935,2.8236
12000,323.65,0.6931227653,2.82365
12000,323.7,0.6930920264,2.8237
12000,323.75,0.6930612766,2.82375
12000,323.8,0.6930305161,2.8238
12000,323.85,0.6929997448,2.82385
12000,323.9,0.6929689627,2.8239
12000,323.95,0.6929381698,2.82395
12000,324,0.6929073662,2.824
12000,324.05,0.6928765517,2.82405
12000,324.1,0.6928457266,2.8241
12000,324.15,0.6928148906,2.82415
12000,324.2,0.6927840439,2.8242
12000,324.25,0.6927531865,2.82425
12000,324.3,0.6927223183,2.8243
12000,324.35,0.6926914394,2.82435
12000,324.4,0.6926605497,2.8244
12000,324.45,0.6926296493,2.82445
12000,324.5,0.6925987381,2.8245
12000,324.55,0.6925678163,2.82455
12000,324.6,0.6925368837,2.8246
12000,324.65,0.6925059404,2.82465
12000,324.7,0.6924749864,2.8247
12000,324.75,0.6924440217,2.82475
12000,324.8,0.6924130463,2.8248
12000,324.85,0.6923820601,2.82485
12000,324.9,0.6923510633,2.8249
12000,324.95,0.6923200558,2.82495
12000,325,0.6922890376,2.825
12000,325.05,0.6922580088,2.82505
12000,325.1,0.6922269692,2.8251
12000,325.15,0.692195919,2.82515
12000,325.2,0.6921648581,2.8252
12000,325.25,0.6921337866,2.82525
12000,325.3,0.6921027044,2.8253
12000,325.35,0.6920716115,2.82535
12000,325.4,0.692040508,2.8254
12000,325.45,0.6920093938,2.82545
12000,325.5,0.691978269,2.8255
12000,325.55,0.6919471336,2.82555
12000,325.6,0.6919159875,2.8256
12000,325.65,0.6918848308,2.82565
12000,325.7,0.6918536635,2.8257
12000,325.75,0.6918224856,2.82575
12000,325.8,0.691791297,2.8258
12000,325.85,0.6917600979,2.82585
12000,325.9,0.6917288881,2.8259
12000,325.95,0.6916976678,2.82595
12000,326,0.6916664368,2.826
12000,326.05,0.6916351953,2.82605
12000,326.1,0.6916039431,2.8261
12000,326.15,0.6915726804,2.82615
12000,326.2,0.6915414071,2.8262
12000,326.25,0.6915101233,2.82625
12000,326.3,0.6914788289,2.8263
12000,326.35,0.6914475239,2.82635
12000,326.4,0.6914162083,2.8264
12000,326.45,0.6913848822,2.82645
12000,326.5,0.6913535456,2.8265
12000,326.55,0.6913221984,2.82655
12000,326.6,0.6912908406,2.8266
12000,326.65,0.6912594724,2.82665
12000,326.7,0.6912280936,2.8267
12000,326.75,0.6911967043,2.82675
12000,326.8,0.6911653044,2.8268
12000,326.85,0.6911338941,2.82685
12000,326.9,0.6911024732,2.8269
12000,326.95,0.6910710418,2.82695
12000,327,0.6910395999,2.827
12000,327.05,0.6910081476,2.82705
12000,327.1,0.6909766847,2.8271
12000,327.15,0.6909452114,2.82715
12000,327.2,0.6909137275,2.8272
12000,327.25,0.6908822332,2.82725
12000,327.3,0.6908507284,2.8273
12000,327.35,0.6908192132,2.82735
12000,327.4,0.6907876875,2.8274
12000,327.45,0.6907561513,2.82745
12000,327.5,0.6907246047,2.8275
12000,327.55,0.6906930476,2.82755
12000,327.6,0.6906614801,2.8276
12000,327.65,0.6906299021,2.82765
12000,327.7,0.6905983137,2.8277
12000,327.75,0.6905667149,2.82775
12000,327.8,0.6905351057,2.8278
12000,327.85,0.690503486,2.82785
12000,327.9,0.690471856,2.8279
12000,327.95,0.6904402155,2.82795
12000,328,0.6904085646,2.828
12000,328.05,0.6903769033,2.82805
12000,328.1,0.6903452316,2.8281
12000,328.15,0.6903135496,2.82815
12000,328.2,0.6902818571,2.8282
12000,328.25,0.6902501543,2.82825
12000,328.3,0.6902184411,2.8283
12000,328.35,0.6901867175,2.82835
12000,328.4,0.6901549835,2.8284
12000,328.45,0.6901232392,2.82845
12000,328.5,0.6900914846,2.8285
12000,328.55,0.6900597196,2.82855
12000,328.6,0.6900279442,2.8286
12000,328.65,0.6899961586,2.82865
12000,328.7,0.6899643625,2.8287
12000,328.75,0.6899325562,2.82875
12000,328.8,0.6899007395,2.8288
12000,328.85,0.6898689125,2.82885
12000,328.9,0.6898370752,2.8289
12000,328.95,0.6898052276,2.82895
12000,329,0.6897733697,2.829
12000,329.05,0.6897415015,2.82905
12000,329.1,0.689709623,2.8291
12000,329.15,0.6896777342,2.82915
12000,329.2,0.6896458351,2.8292
12000,329.25,0.6896139258,2.82925
12000,329.3,0.6895820061,2.8293
12000,329.35,0.6895500762,2.82935
12000,329.4,0.6895181361,2.8294
12000,329.45,0.6894861857,2.82945
12000,329.5,0.689454225,2.8295
12000,329.55,0.6894222541,2.82955
12000,329.6,0.6893902729,2.8296
12000,329.65,0.6893582815,2.82965
12000,329.7,0.6893262799,2.8297
12000,329.75,0.6892942681,2.82975
12000,329.8,0.689262246,2.8298
12000,329.85,0.6892302137,2.82985
12000,329.9,0.6891981712,2.8299
12000,329.95,0.6891661185,2.82995
12000,330,0.6891340556,2.83
12000,330.05,0.6891019826,2.83005
12000,330.1,0.6890698993,2.8301
12000,330.15,0.6890378058,2.83015
12000,330.2,0.6890057022,2.8302
12000,330.25,0.6889735884,2.83025
12000,330.3,0.6889414644,2.8303
12000,330.35,0.6889093303,2.83035
12000,330.4,0.688877186,2.8304
12000,330.45,0.6888450315,2.83045
12000,330.5,0.6888128669,2.8305
12000,330.55,0.6887806922,2.83055
12000,330.6,0.6887485073,2.8306
12000,330.65,0.6887163123,2.83065
12000,330.7,0.6886841072,2.8307
12000,330.75,0.688651892,2.83075
12000,330.8,0.6886196666,2.8308
12000,330.85,0.6885874311,2.83085
12000,330.9,0.6885551856,2.8309
12000,330.95,0.6885229299,2.83095
12000,331,0.6884906642,2.831
12000,331.05,0.6884583883,2.83105
12000,331.1,0.6884261024,2.8311
12000,331.15,0.6883938064,2.83115
12000,331.2,0.6883615004,2.8312
12000,331.25,0.6883291842,2.83125
12000,331.3,0.688296858,2.8313
12000,331.35,0.6882645218,2.83135
12000,331.4,0.6882321755,2.8314
12000,331.45,0.6881998192,2.83145
12000,331.5,0.6881674528,2.8315
12000,331.55,0.6881350764,2.83155
12000,331.6,0.68810269,2.8316
12000,331.65,0.6880702936,2.83165
12000,331.7,0.6880378871,2.8317
12000,331.75,0.6880054707,2.83175
12000,331.8,0.6879730442,2.8318
12000,331.85,0.6879406077,2.83185
12000,331.9,0.6879081613,2.8319
12000,331.95,0.6878757048,2.83195
12000,332,0.6878432384,2.832
12000,332.05,0.687810762,2.83205
12000,332.1,0.6877782757,2.8321
12000,332.15,0.6877457793,2.83215
12000,332.2,0.6877132731,2.8322
12000,332.25,0.6876807568,2.83225
12000,332.3,0.6876482306,2.8323
12000,332.35,0.6876156945,2.83235
12000,332.4,0.6875831485,2.8324
12000,332.45,0.6875505925,2.83245
12000,332.5,0.6875180266,2.8325
12000,332.55,0.6874854507,2.83255
12000,332.6,0.687452865,2.8326
12000,332.65,0.6874202693,2.83265
12000,332.7,0.6873876638,2.8327
12000,332.75,0.6873550484,2.83275
12000,332.8,0.687322423,2.8328
12000,332.85,0.6872897878,2.83285
12000,332.9,0.6872571427,2.8329
12000,332.95,0.6872244878,2.83295
12000,333,0.6871918229,2.833
12000,333.05,0.6871591483,2.83305
12000,333.1,0.6871264637,2.8331
12000,333.15,0.6870937693,2.83315
12000,333.2,0.6870610651,2.8332
12000,333.25,0.687028351,2.83325
12000,333.3,0.6869956271,2.8333
12000,333.35,0.6869628934,2.83335
12000,333.4,0.6869301499,2.8334
12000,333.45,0.6868973965,2.83345
12000,333.5,0.6868646334,2.8335
12000,333.55,0.6868318604,2.83355
12000,333.6,0.6867990777,2.8336
12000,333.65,0.6867662851,2.83365
12000,333.7,0.6867334828,2.8337
12000,333.75,0.6867006707,2.83375
12000,333.8,0.6866678488,2.8338
12000,333.85,0.6866350172,2.83385
12000,333.9,0.6866021758,2.8339
12000,333.95,0.6865693246,2.83395
12000,334,0.6865364637,2.834
12000,334.05,0.6865035931,2.83405
12000,334.1,0.6864707127,2.8341
12000,334.15,0.6864378226,2.83415
12000,334.2,0.6864049228,2.8342
12000,334.25,0.6863720132,2.83425
12000,334.3,0.686339094,2.8343
12000,334.35,0.686306165,2.83435
12000,334.4,0.6862732263,2.8344
12000,334.45,0.686240278,2.83445
12000,334.5,0.6862073199,2.8345
12000,334.55,0.6861743522,2.83455
12000,334.6,0.6861413748,2.8346
12000,334.65,0.6861083878,2.83465
12000,334.7,0.686075391,2.8347
12000,334.75,0.6860423846,2.83475
12000,334.8,0.6860093686,2.8348
12000,334.85,0.6859763429,2.83485
12000,334.9,0.6859433076,2.8349
12000,334.95,0.6859102627,2.83495
12000,335,0.6858772081,2.835
12000,335.05,0.6858441439,2.83505
12000,335.1,0.6858110701,2.8351
12000,335.15,0.6857779867,2.83515
12000,335.2,0.6857448937,2.8352
12000,335.25,0.6857117911,2.83525
12000,335.3,0.6856786789,2.8353
12000,335.35,0.6856455571,2.83535
12000,335.4,0.6856124257,2.8354
12000,335.45,0.6855792848,2.83545
12000,335.5,0.6855461343,2.8355
12000,335.55,0.6855129743,2.83555
12000,335.6,0.6854798047,2.8356
12000,335.65,0.6854466256,2.83565
12000,335.7,0.6854134369,2.8357
12000,335.75,0.6853802387,2.83575
12000,335.8,0.6853470309,2.8358
12000,335.85,0.6853138137,2.83585
12000,335.9,0.6852805869,2.8359
12000,335.95,0.6852473507,2.83595
12000,336,0.6852141049,2.836
12000,336.05,0.6851808496,2.83605
12000,336.1,0.6851475849,2.8361
12000,336.15,0.6851143106,2.83615
12000,336.2,0.6850810269,2.8362
12000,336.25,0.6850477337,2.83625
12000,336.3,0.6850144311,2.8363
12000,336.35,0.684981119,2.83635
12000,336.4,0.6849477975,2.8364
12000,336.45,0.6849144665,2.83645
12000,336.5,0.6848811261,2.8365
12000,336.55,0.6848477762,2.83655
12000,336.6,0.6848144169,2.8366
12000,336.65,0.6847810482,2.83665
12000,336.7,0.6847476701,2.8367
12000,336.75,0.6847142826,2.83675
12000,336.8,0.6846808857,2.8368
12000,336.85,0.6846474794,2.83685
12000,336.9,0.6846140638,2.8369
12000,336.95,0.6845806387,2.83695
12000,337,0.6845472043,2.837
12000,337.05,0.6845137605,2.83705
12000,337.1,0.6844803073,2.8371
12000,337.15,0.6844468448,2.83715
12000,337.2,0.684413373,2.8372
12000,337.25,0.6843798918,2.83725
12000,337.3,0.6843464013,2.8373
12000,337.35,0.6843129015,2.83735
12000,337.4,0.6842793923,2.8374
12000,337.45,0.6842458738,2.83745
12000,337.5,0.6842123461,2.8375
12000,337.55,0.684178809,2.83755
12000,337.6,0.6841452626,2.8376
12000,337.65,0.684111707,2.83765
12000,337.7,0.684078142,2.8377
12000,337.75,0.6840445678,2.83775
12000,337.8,0.6840109843,2.8378
12000,337.85,0.6839773916,2.83785
12000,337.9,0.6839437896,2.8379
12000,337.95,0.6839101784,2.83795
12000,338,0.6838765579,2.838
12000,338.05,0.6838429282,2.83805
12000,338.1,0.6838092893,2.8381
12000,338.15,0.6837756412,2.83815
12000,338.2,0.6837419838,2.8382
12000,338.25,0.6837083173,2.83825
12000,338.3,0.6836746415,2.8383
12000,338.35,0.6836409566,2.83835
12000,338.4,0.6836072624,2.8384
12000,338.45,0.6835735591,2.83845
12000,338.5,0.6835398466,2.8385
12000,338.55,0.683506125,2.83855
12000,338.6,0.6834723942,2.8386
12000,338.65,0.6834386542,2.83865
12000,338.7,0.6834049051,2.8387
12000,338.75,0.6833711469,2.83875
12000,338.8,0.6833373795,2.8388
12000,338.85,0.683303603,2.83885
12000,338.9,0.6832698174,2.8389
12000,338.95,0.6832360227,2.83895
12000,339,0.6832022189,2.839
12000,339.05,0.683168406,2.83905
12000,339.1,0.683134584,2.8391
12000,339.15,0.6831007529,2.83915
12000,339.2,0.6830669127,2.8392
12000,339.25,0.6830330635,2.83925
12000,339.3,0.6829992052,2.8393
12000,339.35,0.6829653379,2.83935
12000,339.4,0.6829314615,2.8394
12000,339.45,0.6828975761,2.83945
12000,339.5,0.6828636816,2.8395
12000,339.55,0.6828297781,2.83955
12000,339.6,0.6827958656,2.8396
12000,339.65,0.6827619441,2.83965
12000,339.7,0.6827280135,2.8397
12000,339.75,0.682694074,2.83975
12000,339.8,0.6826601255,2.8398
12000,339.85,0.682626168,2.83985
12000,339.9,0.6825922015,2.8399
12000,339.95,0.6825582261,2.83995
12000,340,0.6825242416,2.84
12000,340.05,0.6824902483,2.84005
12000,340.1,0.682456246,2.8401
12000,340.15,0.6824222347,2.84015
12000,340.2,0.6823882145,2.8402
12000,340.25,0.6823541854,2.84025
12000,340.3,0.6823201473,2.8403
12000,340.35,0.6822861004,2.84035
12000,340.4,0.6822520445,2.8404
12000,340.45,0.6822179798,2.84045
12000,340.5,0.6821839061,2.8405
12000,340.55,0.6821498236,2.84055
12000,340.6,0.6821157321,2.8406
12000,340.65,0.6820816319,2.84065
12000,340.7,0.6820475227,2.8407
12000,340.75,0.6820134047,2.84075
12000,340.8,0.6819792778,2.8408
12000,340.85,0.6819451421,2.84085
12000,340.9,0.6819109976,2.8409
12000,340.95,0.6818768443,2.84095
12000,341,0.6818426821,2.841
12000,341.05,0.6818085111,2.84105
12000,341.1,0.6817743313,2.8411
12000,341.15,0.6817401427,2.84115
12000,341.2,0.6817059453,2.8412
12000,341.25,0.6816717391,2.84125
12000,341.3,0.6816375242,2.8413
12000,341.35,0.6816033005,2.84135
12000,341.4,0.681569068,2.8414
12000,341.45,0.6815348268,2.84145
12000,341.5,0.6815005768,2.8415
12000,341.55,0.6814663181,2.84155
12000,341.6,0.6814320506,2.8416
12000,341.65,0.6813977744,2.84165
12000,341.7,0.6813634896,2.8417
12000,341.75,0.6813291959,2.84175
12000,341.8,0.6812948936,2.8418
12000,341.85,0.6812605826,2.84185
12000,341.9,0.6812262629,2.8419
12000,341.95,0.6811919346,2.84195
12000,342,0.6811575975,2.842
12000,342.05,0.6811232518,2.84205
12000,342.1,0.6810888975,2.8421
12000,342.15,0.6810545344,2.84215
12000,342.2,0.6810201628,2.8422
12000,342.25,0.6809857825,2.84225
12000,342.3,0.6809513935,2.8423
12000,342.35,0.680916996,2.84235
12000,342.4,0.6808825898,2.8424
12000,342.45,0.6808481751,2.84245
12000,342.5,0.6808137517,2.8425
12000,342.55,0.6807793197,2.84255
12000,342.6,0.6807448792,2.8426
12000,342.65,0.6807104301,2.84265
12000,342.7,0.6806759724,2.8427
12000,342.75,0.6806415061,2.84275
12000,342.8,0.6806070313,2.8428
12000,342.85,0.680572548,2.84285
12000,342.9,0.6805380561,2.8429
12000,342.95,0.6805035557,2.84295
12000,343,0.6804690468,2.843
12000,343.05,0.6804345293,2.84305
12000,343.1,0.6804000034,2.8431
12000,343.15,0.6803654689,2.84315
12000,343.2,0.6803309259,2.8432
12000,343.25,0.6802963745,2.84325
12000,343.3,0.6802618146,2.8433
12000,343.35,0.6802272462,2.84335
12000,343.4,0.6801926693,2.8434
12000,343.45,0.680158084,2.84345
12000,343.5,0.6801234903,2.8435
12000,343.55,0.6800888881,2.84355
12000,343.6,0.6800542775,2.8436
12000,343.65,0.6800196585,2.84365
12000,343.7,0.679985031,2.8437
12000,343.75,0.6799503951,2.84375
12000,343.8,0.6799157509,2.8438
12000,343.85,0.6798810982,2.84385
12000,343.9,0.6798464372,2.8439
12000,343.95,0.6798117677,2.84395
12000,344,0.67977709,2.844
12000,344.05,0.6797424038,2.84405
12000,344.1,0.6797077093,2.8441
12000,344.15,0.6796730065,2.84415
12000,344.2,0.6796382953,2.8442
12000,344.25,0.6796035758,2.84425
12000,344.3,0.6795688479,2.8443
12000,344.35,0.6795341118,2.84435
12000,344.4,0.6794993673,2.8444
12000,344.45,0.6794646145,2.84445
12000,344.5,0.6794298535,2.8445
12000,344.55,0.6793950842,2.84455
12000,344.6,0.6793603065,2.8446
12000,344.65,0.6793255207,2.84465
12000,344.7,0.6792907265,2.8447
12000,344.75,0.6792559241,2.84475
12000,344.8,0.6792211135,2.8448
12000,344.85,0.6791862947,2.84485
12000,344.9,0.6791514676,2.8449
12000,344.95,0.6791166322,2.84495
12000,345,0.6790817887,2.845
12000,345.05,0.679046937,2.84505
12000,345.1,0.6790120771,2.8451
12000,345.15,0.678977209,2.84515
12000,345.2,0.6789423327,2.8452
12000,345.25,0.6789074482,2.84525
12000,345.3,0.6788725556,2.8453
12000,345.35,0.6788376548,2.84535
12000,345.4,0.6788027459,2.8454
12000,345.45,0.6787678288,2.84545
12000,345.5,0.6787329036,2.8455
12000,345.55,0.6786979703,2.84555
12000,345.6,0.6786630288,2.8456
12000,345.65,0.6786280793,2.84565
12000,345.7,0.6785931216,2.8457
12000,345.75,0.6785581559,2.84575
12000,345.8,0.678523182,2.8458
12000,345.85,0.6784882001,2.84585
12000,345.9,0.6784532102,2.8459
12000,345.95,0.6784182122,2.84595
12000,346,0.6783832061,2.846
12000,346.05,0.678348192,2.84605
12000,346.1,0.6783131698,2.8461
12000,346.15,0.6782781396,2.84615
12000,346.2,0.6782431014,2.8462
12000,346.25,0.6782080552,2.84625
12000,346.3,0.678173001,2.8463
12000,346.35,0.6781379388,2.84635
12000,346.4,0.6781028686,2.8464
12000,346.45,0.6780677904,2.84645
12000,346.5,0.6780327043,2.8465
12000,346.55,0.6779976102,2.84655
12000,346.6,0.6779625082,2.8466
12000,346.65,0.6779273982,2.84665
12000,346.7,0.6778922802,2.8467
12000,346.75,0.6778571544,2.84675
12000,346.8,0.6778220206,2.8468
12000,346.85,0.6777868789,2.84685
12000,346.9,0.6777517293,2.8469
12000,346.95,0.6777165718,2.84695
12000,347,0.6776814065,2.847
12000,347.05,0.6776462332,2.84705
12000,347.1,0.6776110521,2.8471
12000,347.15,0.6775758631,2.84715
12000,347.2,0.6775406663,2.8472
12000,347.25,0.6775054616,2.84725
12000,347.3,0.6774702491,2.8473
12000,347.35,0.6774350288,2.84735
12000,347.4,0.6773998006,2.8474
12000,347.45,0.6773645646,2.84745
12000,347.5,0.6773293208,2.8475
12000,347.55,0.6772940693,2.84755
12000,347.6,0.6772588099,2.8476
12000,347.65,0.6772235428,2.84765
12000,347.7,0.6771882679,2.8477
12000,347.75,0.6771529852,2.84775
12000,347.8,0.6771176948,2.8478
12000,347.85,0.6770823966,2.84785
12000,347.9,0.6770470907,2.8479
12000,347.95,0.6770117771,2.84795
12000,348,0.6769764558,2.848
12000,348.05,0.6769411267,2.84805
12000,348.1,0.67690579,2.8481
12000,348.15,0.6768704455,2.84815
12000,348.2,0.6768350934,2.8482
12000,348.25,0.6767997336,2.84825
12000,348.3,0.6767643661,2.8483
12000,348.35,0.676728991,2.84835
12000,348.4,0.6766936082,2.8484
12000,348.45,0.6766582178,2.84845
12000,348.5,0.6766228198,2.8485
12000,348.55,0.6765874141,2.84855
12000,348.6,0.6765520008,2.8486
12000,348.65,0.6765165799,2.84865
12000,348.7,0.6764811514,2.8487
12000,348.75,0.6764457153,2.84875
12000,348.8,0.6764102716,2.8488
12000,348.85,0.6763748204,2.84885
12000,348.9,0.6763393616,2.8489
12000,348.95,0.6763038952,2.84895
12000,349,0.6762684213,2.849
12000,349.05,0.6762329398,2.84905
12000,349.1,0.6761974509,2.8491
12000,349.15,0.6761619544,2.84915
12000,349.2,0.6761264504,2.8492
12000,349.25,0.6760909388,2.84925
12000,349.3,0.6760554198,2.8493
12000,349.35,0.6760198933,2.84935
12000,349.4,0.6759843594,2.8494
12000,349.45,0.6759488179,2.84945
12000,349.5,0.675913269,2.8495
12000,349.55,0.6758777127,2.84955
12000,349.6,0.6758421489,2.8496
12000,349.65,0.6758065777,2.84965
12000,349.7,0.675770999,2.8497
12000,349.75,0.6757354129,2.84975
12000,349.8,0.6756998195,2.8498
12000,349.85,0.6756642186,2.84985
12000,349.9,0.6756286103,2.8499
12000,349.95,0.6755929947,2.84995
12000,350,0.6755573717,2.85
12000,350.05,0.6755217413,2.85005
12000,350.1,0.6754861036,2.8501
12000,350.15,0.6754504585,2.85015
12000,350.2,0.6754148061,2.8502
12000,350.25,0.6753791463,2.85025
12000,350.3,0.6753434793,2.8503
12000,350.35,0.6753078049,2.85035
12000,350.4,0.6752721232,2.8504
12000,350.45,0.6752364343,2.85045
12000,350.5,0.675200738,2.8505
12000,350.55,0.6751650345,2.85055
12000,350.6,0.6751293237,2.8506
12000,350.65,0.6750936057,2.85065
12000,350.7,0.6750578804,2.8507
12000,350.75,0.6750221479,2.85075
12000,350.8,0.6749864081,2.8508
12000,350.85,0.6749506612,2.85085
12000,350.9,0.674914907,2.8509
12000,350.95,0.6748791456,2.85095
12000,351,0.674843377,2.851
12000,351.05,0.6748076013,2.85105
12000,351.1,0.6747718183,2.8511
12000,351.15,0.6747360282,2.85115
12000,351.2,0.674700231,2.8512
12000,351.25,0.6746644266,2.85125
12000,351.3,0.674628615,2.8513
12000,351.35,0.6745927963,2.85135
12000,351.4,0.6745569705,2.8514
12000,351.45,0.6745211376,2.85145
12000,351.5,0.6744852976,2.8515
12000,351.55,0.6744494505,2.85155
12000,351.6,0.6744135963,2.8516
12000,351.65,0.6743777351,2.85165
12000,351.7,0.6743418667,2.8517
12000,351.75,0.6743059913,2.85175
12000,351.8,0.6742701089,2.8518
12000,351.85,0.6742342194,2.85185
12000,351.9,0.6741983229,2.8519
12000,351.95,0.6741624194,2.85195
12000,352,0.6741265089,2.852
12000,352.05,0.6740905913,2.85205
12000,352.1,0.6740546668,2.8521
12000,352.15,0.6740187353,2.85215
12000,352.2,0.6739827968,2.8522
12000,352.25,0.6739468513,2.85225
12000,352.3,0.6739108989,2.8523
12000,352.35,0.6738749396,2.85235
12000,352.4,0.6738389733,2.8524
12000,352.45,0.6738030001,2.85245
12000,352.5,0.6737670199,2.8525
12000,352.55,0.6737310329,2.85255
12000,352.6,0.6736950389,2.8526
12000,352.65,0.6736590381,2.85265
12000,352.7,0.6736230304,2.8527
12000,352.75,0.6735870158,2.85275
12000,352.8,0.6735509943,2.8528
12000,352.85,0.673514966,2.85285
12000,352.9,0.6734789309,2.8529
12000,352.95,0.6734428889,2.85295
12000,353,0.6734068401,2.853
12000,353.05,0.6733707844,2.85305
12000,353.1,0.673334722,2.8531
12000,353.15,0.6732986528,2.85315
12000,353.2,0.6732625767,2.8532
12000,353.25,0.6732264939,2.85325
12000,353.3,0.6731904044,2.8533
12000,353.35,0.673154308,2.85335
12000,353.4,0.673118205,2.8534
12000,353.45,0.6730820951,2.85345
12000,353.5,0.6730459786,2.8535
12000,353.55,0.6730098553,2.85355
12000,353.6,0.6729737253,2.8536
12000,353.65,0.6729375886,2.85365
12000,353.7,0.6729014452,2.8537
12000,353.75,0.6728652952,2.85375
12000,353.8,0.6728291384,2.8538
12000,353.85,0.672792975,2.85385
12000,353.9,0.672756805,2.8539
12000,353.95,0.6727206282,2.85395
12000,354,0.6726844449,2.854
12000,354.05,0.6726482549,2.85405
12000,354.1,0.6726120583,2.8541
12000,354.15,0.6725758551,2.85415
12000,354.2,0.6725396453,2.8542
12000,354.25,0.672503429,2.85425
12000,354.3,0.672467206,2.8543
12000,354.35,0.6724309765,2.85435
12000,354.4,0.6723947404,2.8544
12000,354.45,0.6723584977,2.85445
12000,354.5,0.6723222485,2.8545
12000,354.55,0.6722859928,2.85455
12000,354.6,0.6722497306,2.8546
12000,354.65,0.6722134618,2.85465
12000,354.7,0.6721771866,2.8547
12000,354.75,0.6721409048,2.85475
12000,354.8,0.6721046166,2.8548
12000,354.85,0.6720683219,2.85485
12000,354.9,0.6720320207,2.8549
12000,354.95,0.6719957131,2.85495
12000,355,0.6719593991,2.855
12000,355.05,0.6719230786,2.85505
12000,355.1,0.6718867516,2.8551
12000,355.15,0.6718504183,2.85515
12000,355.2,0.6718140786,2.8552
12000,355.25,0.6717777324,2.85525
12000,355.3,0.6717413799,2.8553
12000,355.35,0.671705021,2.85535
12000,355.4,0.6716686557,2.8554
12000,355.45,0.6716322841,2.85545
12000,355.5,0.6715959061,2.8555
12000,355.55,0.6715595218,2.85555
12000,355.6,0.6715231312,2.8556
12000,355.65,0.6714867342,2.85565
12000,355.7,0.671450331,2.8557
12000,355.75,0.6714139214,2.85575
12000,355.8,0.6713775056,2.8558
12000,355.85,0.6713410835,2.85585
12000,355.9,0.6713046551,2.8559
12000,355.95,0.6712682204,2.85595
12000,356,0.6712317795,2.856
12000,356.05,0.6711953324,2.85605
12000,356.1,0.6711588791,2.8561
12000,356.15,0.6711224195,2.85615
12000,356.2,0.6710859537,2.8562
12000,356.25,0.6710494817,2.85625
12000,356.3,0.6710130035,2.8563
12000,356.35,0.6709765192,2.85635
12000,356.4,0.6709400286,2.8564
12000,356.45,0.670903532,2.85645
12000,356.5,0.6708670291,2.8565
12000,356.55,0.6708305201,2.85655
12000,356.6,0.670794005,2.8566
12000,356.65,0.6707574838,2.85665
12000,356.7,0.6707209565,2.8567
12000,356.75,0.6706844231,2.85675
12000,356.8,0.6706478836,2.8568
12000,356.85,0.670611338,2.85685
12000,356.9,0.6705747863,2.8569
12000,356.95,0.6705382286,2.85695
12000,357,0.6705016648,2.857
12000,357.05,0.670465095,2.85705
12000,357.1,0.6704285191,2.8571
12000,357.15,0.6703919373,2.85715
12000,357.2,0.6703553494,2.8572
12000,357.25,0.6703187555,2.85725
12000,357.3,0.6702821557,2.8573
12000,357.35,0.6702455498,2.85735
12000,357.4,0.670208938,2.8574
12000,357.45,0.6701723203,2.85745
12000,357.5,0.6701356966,2.8575
12000,357.55,0.6700990669,2.85755
12000,357.6,0.6700624313,2.8576
12000,357.65,0.6700257899,2.85765
12000,357.7,0.6699891425,2.8577
12000,357.75,0.6699524892,2.85775
12000,357.8,0.66991583,2.8578
12000,357.85,0.6698791649,2.85785
12000,357.9,0.669842494,2.8579
12000,357.95,0.6698058172,2.85795
12000,358,0.6697691346,2.858
12000,358.05,0.6697324461,2.85805
12000,358.1,0.6696957518,2.8581
12000,358.15,0.6696590517,2.85815
12000,358.2,0.6696223458,2.8582
12000,358.25,0.6695856341,2.85825
12000,358.3,0.6695489166,2.8583
12000,358.35,0.6695121933,2.85835
12000,358.4,0.6694754642,2.8584
12000,358.45,0.6694387295,2.85845
12000,358.5,0.6694019889,2.8585
12000,358.55,0.6693652427,2.85855
12000,358.6,0.6693284907,2.8586
12000,358.65,0.669291733,2.85865
12000,358.7,0.6692549696,2.8587
12000,358.75,0.6692182005,2.85875
12000,358.8,0.6691814257,2.8588
12000,358.85,0.6691446452,2.85885
12000,358.9,0.6691078591,2.8589
12000,358.95,0.6690710673,2.85895
12000,359,0.6690342699,2.859
12000,359.05,0.6689974669,2.85905
12000,359.1,0.6689606583,2.8591
12000,359.15,0.668923844,2.85915
12000,359.2,0.6688870241,2.8592
12000,359.25,0.6688501987,2.85925
12000,359.3,0.6688133677,2.8593
12000,359.35,0.6687765311,2.85935
12000,359.4,0.6687396889,2.8594
12000,359.45,0.6687028412,2.85945
12000,359.5,0.668665988,2.8595
12000,359.55,0.6686291292,2.85955
12000,359.6,0.6685922649,2.8596
12000,359.65,0.6685553951,2.85965
12000,359.7,0.6685185199,2.8597
12000,359.75,0.6684816391,2.85975
12000,359.8,0.6684447529,2.8598
12000,359.85,0.6684078612,2.85985
12000,359.9,0.668370964,2.8599
12000,359.95,0.6683340614,2.85995
12000,360,0.6682971534,2.86
12000,360.05,0.66826024,2.86005
12000,360.1,0.6682233211,2.8601
12000,360.15,0.6681863969,2.86015
12000,360.2,0.6681494672,2.8602
12000,360.25,0.6681125322,2.86025
12000,360.3,0.6680755918,2.8603
12000,360.35,0.6680386461,2.86035
12000,360.4,0.668001695,2.8604
12000,360.45,0.6679647386,2.86045
12000,360.5,0.6679277768,2.8605
12000,360.55,0.6678908098,2.86055
12000,360.6,0.6678538374,2.8606
12000,360.65,0.6678168597,2.86065
12000,360.7,0.6677798768,2.8607
12000,360.75,0.6677428886,2.86075
12000,360.8,0.6677058951,2.8608
12000,360.85,0.6676688963,2.86085
12000,360.9,0.6676318924,2.8609
12000,360.95,0.6675948832,2.86095
12000,361,0.6675578688,2.861
12000,361.05,0.6675208491,2.86105
12000,361.1,0.6674838243,2.8611
12000,361.15,0.6674467943,2.86115
12000,361.2,0.6674097591,2.8612
12000,361.25,0.6673727188,2.86125
12000,361.3,0.6673356733,2.8613
12000,361.35,0.6672986226,2.86135
12000,361.4,0.6672615668,2.8614
12000,361.45,0.6672245059,2.86145
12000,361.5,0.6671874399,2.8615
12000,361.55,0.6671503688,2.86155
12000,361.6,0.6671132926,2.8616
12000,361.65,0.6670762113,2.86165
12000,361.7,0.667039125,2.8617
12000,361.75,0.6670020336,2.86175
12000,361.8,0.6669649371,2.8618
12000,361.85,0.6669278356,2.86185
12000,361.9,0.6668907291,2.8619
12000,361.95,0.6668536176,2.86195
12000,362,0.6668165011,2.862
12000,362.05,0.6667793796,2.86205
12000,362.1,0.6667422531,2.8621
12000,362.15,0.6667051216,2.86215
12000,362.2,0.6666679852,2.8622
12000,362.25,0.6666308438,2.86225
12000,362.3,0.6665936975,2.8623
12000,362.35,0.6665565462,2.86235
12000,362.4,0.6665193901,2.8624
12000,362.45,0.666482229,2.86245
12000,362.5,0.666445063,2.8625
12000,362.55,0.6664078922,2.86255
12000,362.6,0.6663707165,2.8626
12000,362.65,0.6663335359,2.86265
12000,362.7,0.6662963505,2.8627
12000,362.75,0.6662591603,2.86275
12000,362.8,0.6662219652,2.8628
12000,362.85,0.6661847653,2.86285
12000,362.9,0.6661475606,2.8629
12000,362.95,0.6661103511,2.86295
12000,363,0.6660731368,2.863
12000,363.05,0.6660359177,2.86305
12000,363.1,0.6659986939,2.8631
12000,363.15,0.6659614653,2.86315
12000,363.2,0.665924232,2.8632
12000,363.25,0.665886994,2.86325
12000,363.3,0.6658497512,2.8633
12000,363.35,0.6658125038,2.86335
12000,363.4,0.6657752516,2.8634
12000,363.45,0.6657379948,2.86345
12000,363.5,0.6657007332,2.8635
12000,363.55,0.6656634671,2.86355
12000,363.6,0.6656261962,2.8636
12000,363.65,0.6655889208,2.86365
12000,363.7,0.6655516407,2.8637
12000,363.75,0.665514356,2.86375
12000,363.8,0.6654770667,2.8638
12000,363.85,0.6654397728,2.86385
12000,363.9,0.6654024743,2.8639
12000,363.95,0.6653651712,2.86395
12000,364,0.6653278636,2.864
12000,364.05,0.6652905514,2.86405
12000,364.1,0.6652532347,2.8641
12000,364.15,0.6652159134,2.86415
12000,364.2,0.6651785877,2.8642
12000,364.25,0.6651412574,2.86425
12000,364.3,0.6651039226,2.8643
12000,364.35,0.6650665834,2.86435
12000,364.4,0.6650292397,2.8644
12000,364.45,0.6649918915,2.86445
12000,364.5,0.6649545389,2.8645
12000,364.55,0.6649171818,2.86455
12000,364.6,0.6648798203,2.8646
12000,364.65,0.6648424544,2.86465
12000,364.7,0.6648050841,2.8647
12000,364.75,0.6647677094,2.86475
12000,364.8,0.6647303303,2.8648
12000,364.85,0.6646929469,2.86485
12000,364.9,0.6646555591,2.8649
12000,364.95,0.6646181669,2.86495
12000,365,0.6645807704,2.865
12000,365.05,0.6645433696,2.86505
12000,365.1,0.6645059645,2.8651
12000,365.15,0.6644685551,2.86515
12000,365.2,0.6644311413,2.8652
12000,365.25,0.6643937233,2.86525
12000,365.3,0.6643563011,2.8653
12000,365.35,0.6643188746,2.86535
12000,365.4,0.6642814438,2.8654
12000,365.45,0.6642440088,2.86545
12000,365.5,0.6642065696,2.8655
12000,365.55,0.6641691261,2.86555
12000,365.6,0.6641316785,2.8656
12000,365.65,0.6640942267,2.86565
12000,365.7,0.6640567707,2.8657
12000,365.75,0.6640193105,2.86575
12000,365.8,0.6639818462,2.8658
12000,365.85,0.6639443778,2.86585
12000,365.9,0.6639069052,2.8659
12000,365.95,0.6638694285,2.86595
12000,366,0.6638319477,2.866
12000,366.05,0.6637944628,2.86605
12000,366.1,0.6637569738,2.8661
12000,366.15,0.6637194807,2.86615
12000,366.2,0.6636819836,2.8662
12000,366.25,0.6636444824,2.86625
12000,366.3,0.6636069772,2.8663
12000,366.35,0.663569468,2.86635
12000,366.4,0.6635319547,2.8664
12000,366.45,0.6634944375,2.86645
12000,366.5,0.6634569162,2.8665
12000,366.55,0.663419391,2.86655
12000,366.6,0.6633818618,2.8666
12000,366.65,0.6633443286,2.86665
12000,366.7,0.6633067915,2.8667
12000,366.75,0.6632692505,2.86675
12000,366.8,0.6632317055,2.8668
12000,366.85,0.6631941567,2.86685
12000,366.9,0.6631566039,2.8669
12000,366.95,0.6631190473,2.86695
12000,367,0.6630814868,2.867
12000,367.05,0.6630439224,2.86705
12000,367.1,0.6630063541,2.8671
12000,367.15,0.662968782,2.86715
12000,367.2,0.6629312061,2.8672
12000,367.25,0.6628936264,2.86725
12000,367.3,0.6628560429,2.8673
12000,367.35,0.6628184556,2.86735
12000,367.4,0.6627808644,2.8674
12000,367.45,0.6627432696,2.86745
12000,367.5,0.6627056709,2.8675
12000,367.55,0.6626680686,2.86755
12000,367.6,0.6626304624,2.8676
12000,367.65,0.6625928526,2.86765
12000,367.7,0.6625552391,2.8677
12000,367.75,0.6625176218,2.86775
12000,367.8,0.6624800009,2.8678
12000,367.85,0.6624423763,2.86785
12000,367.9,0.662404748,2.8679
12000,367.95,0.662367116,2.86795
12000,368,0.6623294805,2.868
12000,368.05,0.6622918413,2.86805
12000,368.1,0.6622541985,2.8681
12000,368.15,0.662216552,2.86815
12000,368.2,0.662178902,2.8682
12000,368.25,0.6621412484,2.86825
12000,368.3,0.6621035913,2.8683
12000,368.35,0.6620659305,2.86835
12000,368.4,0.6620282663,2.8684
12000,368.45,0.6619905985,2.86845
12000,368.5,0.6619529271,2.8685
12000,368.55,0.6619152523,2.86855
12000,368.6,0.661877574,2.8686
12000,368.65,0.6618398922,2.86865
12000,368.7,0.6618022069,2.8687
12000,368.75,0.6617645181,2.86875
12000,368.8,0.6617268259,2.8688
12000,368.85,0.6616891303,2.86885
12000,368.9,0.6616514312,2.8689
12000,368.95,0.6616137287,2.86895
12000,369,0.6615760228,2.869
12000,369.05,0.6615383135,2.86905
12000,369.1,0.6615006009,2.8691
12000,369.15,0.6614628849,2.86915
12000,369.2,0.6614251655,2.8692
12000,369.25,0.6613874428,2.86925
12000,369.3,0.6613497167,2.8693
12000,369.35,0.6613119873,2.86935
12000,369.4,0.6612742547,2.8694
12000,369.45,0.6612365187,2.86945
12000,369.5,0.6611987794,2.8695
12000,369.55,0.6611610369,2.86955
12000,369.6,0.6611232911,2.8696
12000,369.65,0.6610855421,2.86965
12000,369.7,0.6610477898,2.8697
12000,369.75,0.6610100343,2.86975
12000,369.8,0.6609722756,2.8698
12000,369.85,0.6609345137,2.86985
12000,369.9,0.6608967487,2.8699
12000,369.95,0.6608589804,2.86995
12000,370,0.660821209,2.87
12000,370.05,0.6607834344,2.87005
12000,370.1,0.6607456567,2.8701
12000,370.15,0.6607078759,2.87015
12000,370.2,0.6606700919,2.8702
12000,370.25,0.6606323049,2.87025
12000,370.3,0.6605945148,2.8703
12000,370.35,0.6605567215,2.87035
12000,370.4,0.6605189253,2.8704
12000,370.45,0.6604811259,2.87045
12000,370.5,0.6604433236,2.8705
12000,370.55,0.6604055182,2.87055
12000,370.6,0.6603677098,2.8706
12000,370.65,0.6603298984,2.87065
12000,370.7,0.6602920839,2.8707
12000,370.75,0.6602542666,2.87075
12000,370.8,0.6602164462,2.8708
12000,370.85,0.6601786229,2.87085
12000,370.9,0.6601407967,2.8709
12000,370.95,0.6601029675,2.87095
12000,371,0.6600651354,2.871
12000,371.05,0.6600273004,2.87105
12000,371.1,0.6599894625,2.8711
12000,371.15,0.6599516217,2.87115
12000,371.2,0.659913778,2.8712
12000,371.25,0.6598759315,2.87125
12000,371.3,0.6598380822,2.8713
12000,371.35,0.65980023,2.87135
12000,371.4,0.659762375,2.8714
12000,371.45,0.6597245172,2.87145
12000,371.5,0.6596866566,2.8715
12000,371.55,0.6596487932,2.87155
12000,371.6,0.6596109271,2.8716
12000,371.65,0.6595730581,2.87165
12000,371.7,0.6595351865,2.8717
12000,371.75,0.6594973121,2.87175
12000,371.8,0.659459435,2.8718
12000,371.85,0.6594215552,2.87185
12000,371.9,0.6593836726,2.8719
12000,371.95,0.6593457874,2.87195
12000,372,0.6593078996,2.872
12000,372.05,0.659270009,2.87205
12000,372.1,0.6592321159,2.8721
12000,372.15,0.65919422,2.87215
12000,372.2,0.6591563216,2.8722
12000,372.25,0.6591184206,2.87225
12000,372.3,0.6590805169,2.8723
12000,372.35,0.6590426107,2.87235
12000,372.4,0.6590047019,2.8724
12000,372.45,0.6589667906,2.87245
12000,372.5,0.6589288766,2.8725
12000,372.55,0.6588909602,2.87255
12000,372.6,0.6588530413,2.8726
12000,372.65,0.6588151198,2.87265
12000,372.7,0.6587771958,2.8727
12000,372.75,0.6587392694,2.87275
12000,372.8,0.6587013405,2.8728
12000,372.85,0.6586634091,2.87285
12000,372.9,0.6586254752,2.8729
12000,372.95,0.658587539,2.87295
12000,373,0.6585496003,2.873
12000,373.05,0.6585116592,2.87305
12000,373.1,0.6584737157,2.8731
12000,373.15,0.6584357699,2.87315
12000,373.2,0.6583978216,2.8732
12000,373.25,0.658359871,2.87325
12000,373.3,0.6583219181,2.8733
12000,373.35,0.6582839628,2.87335
12000,373.4,0.6582460052,2.8734
12000,373.45,0.6582080453,2.87345
12000,373.5,0.658170083,2.8735
12000,373.55,0.6581321186,2.87355
12000,373.6,0.6580941518,2.8736
12000,373.65,0.6580561828,2.87365
12000,373.7,0.6580182115,2.8737
12000,373.75,0.657980238,2.87375
12000,373.8,0.6579422623,2.8738
12000,373.85,0.6579042844,2.87385
12000,373.9,0.6578663042,2.8739
12000,373.95,0.6578283219,2.87395
12000,374,0.6577903375,2.874
12000,374.05,0.6577523508,2.87405
12000,374.1,0.6577143621,2.8741
12000,374.15,0.6576763712,2.87415
12000,374.2,0.6576383782,2.8742
12000,374.25,0.657600383,2.87425
12000,374.3,0.6575623858,2.8743
12000,374.35,0.6575243865,2.87435
12000,374.4,0.6574863851,2.8744
12000,374.45,0.6574483817,2.87445
12000,374.5,0.6574103762,2.8745
12000,374.55,0.6573723688,2.87455
12000,374.6,0.6573343592,2.8746
12000,374.65,0.6572963477,2.87465
12000,374.7,0.6572583342,2.8747
12000,374.75,0.6572203187,2.87475
12000,374.8,0.6571823013,2.8748
12000,374.85,0.6571442819,2.87485
12000,374.9,0.6571062605,2.8749
12000,374.95,0.6570682373,2.87495
12000,375,0.6570302121,2.875
12000,375.05,0.656992185,2.87505
12000,375.1,0.656954156,2.8751
12000,375.15,0.6569161252,2.87515
12000,375.2,0.6568780925,2.8752
12000,375.25,0.6568400579,2.87525
12000,375.3,0.6568020215,2.8753
12000,375.35,0.6567639833,2.87535
12000,375.4,0.6567259433,2.8754
12000,375.45,0.6566879014,2.87545
12000,375.5,0.6566498578,2.8755
12000,375.55,0.6566118124,2.87555
12000,375.6,0.6565737653,2.8756
12000,375.65,0.6565357164,2.87565
12000,375.7,0.6564976657,2.8757
12000,375.75,0.6564596134,2.87575
12000,375.8,0.6564215593,2.8758
12000,375.85,0.6563835036,2.87585
12000,375.9,0.6563454461,2.8759
12000,375.95,0.656307387,2.87595
12000,376,0.6562693263,2.876
12000,376.05,0.6562312639,2.87605
12000,376.1,0.6561931998,2.8761
12000,376.15,0.6561551342,2.87615
12000,376.2,0.6561170669,2.8762
12000,376.25,0.6560789981,2.87625
12000,376.3,0.6560409277,2.8763
12000,376.35,0.6560028557,2.87635
12000,376.4,0.6559647821,2.8764
12000,376.45,0.655926707,2.87645
12000,376.5,0.6558886304,2.8765
12000,376.55,0.6558505523,2.87655
12000,376.6,0.6558124727,2.8766
12000,376.65,0.6557743916,2.87665
12000,376.7,0.655736309,2.8767
12000,376.75,0.6556982249,2.87675
12000,376.8,0.6556601394,2.8768
12000,376.85,0.6556220525,2.87685
12000,376.9,0.6555839642,2.8769
12000,376.95,0.6555458744,2.87695
12000,377,0.6555077832,2.877
12000,377.05,0.6554696907,2.87705
12000,377.1,0.6554315968,2.8771
12000,377.15,0.6553935015,2.87715
12000,377.2,0.6553554049,2.8772
12000,377.25,0.655317307,2.87725
12000,377.3,0.6552792077,2.8773
12000,377.35,0.6552411072,2.87735
12000,377.4,0.6552030053,2.8774
12000,377.45,0.6551649022,2.87745
12000,377.5,0.6551267978,2.8775
12000,377.55,0.6550886922,2.87755
12000,377.6,0.6550505853,2.8776
12000,377.65,0.6550124772,2.87765
12000,377.7,0.6549743679,2.8777
12000,377.75,0.6549362574,2.87775
12000,377.8,0.6548981457,2.8778
12000,377.85,0.6548600328,2.87785
12000,377.9,0.6548219187,2.8779
12000,377.95,0.6547838036,2.87795
12000,378,0.6547456873,2.878
12000,378.05,0.6547075698,2.87805
12000,378.1,0.6546694513,2.8781
12000,378.15,0.6546313317,2.87815
12000,378.2,0.654593211,2.8782
12000,378.25,0.6545550892,2.87825
12000,378.3,0.6545169664,2.8783
12000,378.35,0.6544788425,2.87835
12000,378.4,0.6544407176,2.8784
12000,378.45,0.6544025917,2.87845
12000,378.5,0.6543644648,2.8785
12000,378.55,0.6543263369,2.87855
12000,378.6,0.654288208,2.8786
12000,378.65,0.6542500782,2.87865
12000,378.7,0.6542119474,2.8787
12000,378.75,0.6541738157,2.87875
12000,378.8,0.6541356831,2.8788
12000,378.85,0.6540975496,2.87885
12000,378.9,0.6540594151,2.8789
12000,378.95,0.6540212798,2.87895
12000,379,0.6539831437,2.879
12000,379.05,0.6539450066,2.87905
12000,379.1,0.6539068688,2.8791
12000,379.15,0.6538687301,2.87915
12000,379.2,0.6538305906,2.8792
12000,379.25,0.6537924503,2.87925
12000,379.3,0.6537543092,2.8793
12000,379.35,0.6537161673,2.87935
12000,379.4,0.6536780247,2.8794
12000,379.45,0.6536398813,2.87945
12000,379.5,0.6536017372,2.8795
12000,379.55,0.6535635924,2.87955
12000,379.6,0.6535254468,2.8796
12000,379.65,0.6534873006,2.87965
12000,379.7,0.6534491537,2.8797
12000,379.75,0.6534110061,2.87975
12000,379.8,0.6533728579,2.8798
12000,379.85,0.6533347091,2.87985
12000,379.9,0.6532965596,2.8799
12000,379.95,0.6532584095,2.87995
12000,380,0.6532202588,2.88
12000,380.05,0.6531821075,2.88005
12000,380.1,0.6531439557,2.8801
12000,380.15,0.6531058033,2.88015
12000,380.2,0.6530676503,2.8802
12000,380.25,0.6530294968,2.88025
12000,380.3,0.6529913428,2.8803
12000,380.35,0.6529531883,2.88035
12000,380.4,0.6529150333,2.8804
12000,380.45,0.6528768778,2.88045
12000,380.5,0.6528387219,2.8805
12000,380.55,0.6528005655,2.88055
12000,380.6,0.6527624087,2.8806
12000,380.65,0.6527242514,2.88065
12000,380.7,0.6526860938,2.8807
12000,380.75,0.6526479357,2.88075
12000,380.8,0.6526097773,2.8808
12000,380.85,0.6525716185,2.88085
12000,380.9,0.6525334593,2.8809
12000,380.95,0.6524952998,2.88095
12000,381,0.65245714,2.881
12000,381.05,0.6524189799,2.88105
12000,381.1,0.6523808194,2.8811
12000,381.15,0.6523426587,2.88115
12000,381.2,0.6523044977,2.8812
12000,381.25,0.6522663364,2.88125
12000,381.3,0.6522281749,2.8813
12000,381.35,0.6521900132,2.88135
12000,381.4,0.6521518512,2.8814
12000,381.45,0.6521136891,2.88145
12000,381.5,0.6520755267,2.8815
12000,381.55,0.6520373642,2.88155
12000,381.6,0.6519992015,2.8816
12000,381.65,0.6519610387,2.88165
12000,381.7,0.6519228757,2.8817
12000,381.75,0.6518847126,2.88175
12000,381.8,0.6518465493,2.8818
12000,381.85,0.651808386,2.88185
12000,381.9,0.6517702226,2.8819
12000,381.95,0.6517320592,2.88195
12000,382,0.6516938957,2.882
12000,382.05,0.6516557321,2.88205
12000,382.1,0.6516175685,2.8821
12000,382.15,0.6515794049,2.88215
12000,382.2,0.6515412413,2.8822
12000,382.25,0.6515030777,2.88225
12000,382.3,0.6514649142,2.8823
12000,382.35,0.6514267507,2.88235
12000,382.4,0.6513885872,2.8824
12000,382.45,0.6513504238,2.88245
12000,382.5,0.6513122605,2.8825
12000,382.55,0.6512740973,2.88255
12000,382.6,0.6512359342,2.8826
12000,382.65,0.6511977712,2.88265
12000,382.7,0.6511596084,2.8827
12000,382.75,0.6511214457,2.88275
12000,382.8,0.6510832832,2.8828
12000,382.85,0.6510451208,2.88285
12000,382.9,0.6510069587,2.8829
12000,382.95,0.6509687968,2.88295
12000,383,0.650930635,2.883
12000,383.05,0.6508924736,2.88305
12000,383.1,0.6508543123,2.8831
12000,383.15,0.6508161513,2.88315
12000,383.2,0.6507779906,2.8832
12000,383.25,0.6507398302,2.88325
12000,383.3,0.6507016701,2.8833
12000,383.35,0.6506635103,2.88335
12000,383.4,0.6506253509,2.8834
12000,383.45,0.6505871918,2.88345
12000,383.5,0.650549033,2.8835
12000,383.55,0.6505108747,2.88355
12000,383.6,0.6504727167,2.8836
12000,383.65,0.6504345591,2.88365
12000,383.7,0.6503964019,2.8837
12000,383.75,0.6503582452,2.88375
12000,383.8,0.6503200889,2.8838
12000,383.85,0.650281933,2.88385
12000,383.9,0.6502437777,2.8839
12000,383.95,0.6502056228,2.88395
12000,384,0.6501674684,2.884
12000,384.05,0.6501293145,2.88405
12000,384.1,0.6500911611,2.8841
12000,384.15,0.6500530083,2.88415
12000,384.2,0.6500148561,2.8842
12000,384.25,0.6499767044,2.88425
12000,384.3,0.6499385533,2.8843
12000,384.35,0.6499004028,2.88435
12000,384.4,0.6498622529,2.8844
12000,384.45,0.6498241036,2.88445
12000,384.5,0.649785955,2.8845
12000,384.55,0.649747807,2.88455
12000,384.6,0.6497096597,2.8846
12000,384.65,0.649671513,2.88465
12000,384.7,0.6496333671,2.8847
12000,384.75,0.6495952219,2.88475
12000,384.8,0.6495570774,2.8848
12000,384.85,0.6495189336,2.88485
12000,384.9,0.6494807906,2.8849
12000,384.95,0.6494426483,2.88495
12000,385,0.6494045068,2.885
12000,385.05,0.6493663661,2.88505
12000,385.1,0.6493282262,2.8851
12000,385.15,0.6492900872,2.88515
12000,385.2,0.649251949,2.8852
12000,385.25,0.6492138116,2.88525
12000,385.3,0.6491756751,2.8853
12000,385.35,0.6491375394,2.88535
12000,385.4,0.6490994047,2.8854
12000,385.45,0.6490612709,2.88545
12000,385.5,0.6490231379,2.8855
12000,385.55,0.6489850059,2.88555
12000,385.6,0.6489468749,2.8856
12000,385.65,0.6489087448,2.88565
12000,385.7,0.6488706157,2.8857
12000,385.75,0.6488324876,2.88575
12000,385.8,0.6487943605,2.8858
12000,385.85,0.6487562344,2.88585
12000,385.9,0.6487181094,2.8859
12000,385.95,0.6486799853,2.88595
12000,386,0.6486418624,2.886
12000,386.05,0.6486037405,2.88605
12000,386.1,0.6485656197,2.8861
12000,386.15,0.6485275001,2.88615
12000,386.2,0.6484893815,2.8862
12000,386.25,0.6484512641,2.88625
12000,386.3,0.6484131478,2.8863
12000,386.35,0.6483750326,2.88635
12000,386.4,0.6483369187,2.8864
12000,386.45,0.6482988059,2.88645
12000,386.5,0.6482606944,2.8865
12000,386.55,0.648222584,2.88655
12000,386.6,0.6481844749,2.8866
12000,386.65,0.648146367,2.88665
12000,386.7,0.6481082604,2.8867
12000,386.75,0.6480701551,2.88675
12000,386.8,0.648032051,2.8868
12000,386.85,0.6479939483,2.88685
12000,386.9,0.6479558469,2.8869
12000,386.95,0.6479177468,2.88695
12000,387,0.647879648,2.887
12000,387.05,0.6478415506,2.88705
12000,387.1,0.6478034546,2.8871
12000,387.15,0.64776536,2.88715
12000,387.2,0.6477272667,2.8872
12000,387.25,0.6476891749,2.88725
12000,387.3,0.6476510845,2.8873
12000,387.35,0.6476129956,2.88735
12000,387.4,0.6475749081,2.8874
12000,387.45,0.6475368221,2.88745
12000,387.5,0.6474987376,2.8875
12000,387.55,0.6474606546,2.88755
12000,387.6,0.6474225731,2.8876
12000,387.65,0.6473844931,2.88765
12000,387.7,0.6473464147,2.8877
12000,387.75,0.6473083378,2.88775
12000,387.8,0.6472702625,2.8878
12000,387.85,0.6472321888,2.88785
12000,387.9,0.6471941167,2.8879
12000,387.95,0.6471560463,2.88795
12000,388,0.6471179774,2.888
12000,388.05,0.6470799102,2.88805
12000,388.1,0.6470418447,2.8881
12000,388.15,0.6470037808,2.88815
12000,388.2,0.6469657186,2.8882
12000,388.25,0.6469276581,2.88825
12000,388.3,0.6468895994,2.8883
12000,388.35,0.6468515423,2.88835
12000,388.4,0.6468134871,2.8884
12000,388.45,0.6467754335,2.88845
12000,388.5,0.6467373818,2.8885
12000,388.55,0.6466993318,2.88855
12000,388.6,0.6466612837,2.8886
12000,388.65,0.6466232373,2.88865
12000,388.7,0.6465851928,2.8887
12000,388.75,0.6465471502,2.88875
12000,388.8,0.6465091094,2.8888
12000,388.85,0.6464710705,2.88885
12000,388.9,0.6464330334,2.8889
12000,388.95,0.6463949983,2.88895
12000,389,0.6463569651,2.889
12000,389.05,0.6463189338,2.88905
12000,389.1,0.6462809045,2.8891
12000,389.15,0.6462428772,2.88915
12000,389.2,0.6462048518,2.8892
12000,389.25,0.6461668284,2.88925
12000,389.3,0.646128807,2.8893
12000,389.35,0.6460907877,2.88935
12000,389.4,0.6460527703,2.8894
12000,389.45,0.6460147551,2.88945
12000,389.5,0.6459767418,2.8895
12000,389.55,0.6459387307,2.88955
12000,389.6,0.6459007217,2.8896
12000,389.65,0.6458627147,2.88965
12000,389.7,0.6458247099,2.8897
12000,389.75,0.6457867073,2.88975
12000,389.8,0.6457487067,2.8898
12000,389.85,0.6457107084,2.88985
12000,389.9,0.6456727122,2.8899
12000,389.95,0.6456347182,2.88995
12000,390,0.6455967265,2.89
12000,390.05,0.6455587369,2.89005
12000,390.1,0.6455207496,2.8901
12000,390.15,0.6454827646,2.89015
12000,390.2,0.6454447818,2.8902
12000,390.25,0.6454068013,2.89025
12000,390.3,0.6453688231,2.8903
12000,390.35,0.6453308472,2.89035
12000,390.4,0.6452928736,2.8904
12000,390.45,0.6452549024,2.89045
12000,390.5,0.6452169335,2.8905
12000,390.55,0.645178967,2.89055
12000,390.6,0.6451410029,2.8906
12000,390.65,0.6451030412,2.89065
12000,390.7,0.6450650819,2.8907
12000,390.75,0.645027125,2.89075
12000,390.8,0.6449891706,2.8908
12000,390.85,0.6449512186,2.89085
12000,390.9,0.6449132691,2.8909
12000,390.95,0.6448753221,2.89095
12000,391,0.6448373776,2.891
12000,391.05,0.6447994356,2.89105
12000,391.1,0.6447614961,2.8911
12000,391.15,0.6447235592,2.89115
12000,391.2,0.6446856248,2.8912
12000,391.25,0.644647693,2.89125
12000,391.3,0.6446097638,2.8913
12000,391.35,0.6445718372,2.89135
12000,391.4,0.6445339133,2.8914
12000,391.45,0.6444959919,2.89145
12000,391.5,0.6444580732,2.8915
12000,391.55,0.6444201572,2.89155
12000,391.6,0.6443822438,2.8916
12000,391.65,0.6443443332,2.89165
12000,391.7,0.6443064252,2.8917
12000,391.75,0.64426852,2.89175
12000,391.8,0.6442306175,2.8918
12000,391.85,0.6441927178,2.89185
12000,391.9,0.6441548208,2.8919
12000,391.95,0.6441169266,2.89195
12000,392,0.6440790352,2.892
12000,392.05,0.6440411466,2.89205
12000,392.1,0.6440032608,2.8921
12000,392.15,0.6439653779,2.89215
12000,392.2,0.6439274978,2.8922
12000,392.25,0.6438896206,2.89225
12000,392.3,0.6438517463,2.8923
12000,392.35,0.6438138749,2.89235
12000,392.4,0.6437760064,2.8924
12000,392.45,0.6437381408,2.89245
12000,392.5,0.6437002782,2.8925
12000,392.55,0.6436624185,2.89255
12000,392.6,0.6436245618,2.8926
12000,392.65,0.6435867081,2.89265
12000,392.7,0.6435488573,2.8927
12000,392.75,0.6435110096,2.89275
12000,392.8,0.643473165,2.8928
12000,392.85,0.6434353233,2.89285
12000,392.9,0.6433974848,2.8929
12000,392.95,0.6433596493,2.89295
12000,393,0.6433218169,2.893
12000,393.05,0.6432839876,2.89305
12000,393.1,0.6432461614,2.8931
12000,393.15,0.6432083384,2.89315
12000,393.2,0.6431705185,2.8932
12000,393.25,0.6431327018,2.89325
12000,393.3,0.6430948883,2.8933
12000,393.35,0.6430570779,2.89335
12000,393.4,0.6430192708,2.8934
12000,393.45,0.6429814669,2.89345
12000,393.5,0.6429436662,2.8935
12000,393.55,0.6429058688,2.89355
12000,393.6,0.6428680746,2.8936
12000,393.65,0.6428302837,2.89365
12000,393.7,0.6427924962,2.8937
12000,393.75,0.6427547119,2.89375
12000,393.8,0.642716931,2.8938
12000,393.85,0.6426791534,2.89385
12000,393.9,0.6426413792,2.8939
12000,393.95,0.6426036083,2.89395
12000,394,0.6425658409,2.894
12000,394.05,0.6425280768,2.89405
12000,394.1,0.6424903162,2.8941
12000,394.15,0.6424525589,2.89415
12000,394.2,0.6424148052,2.8942
12000,394.25,0.6423770549,2.89425
12000,394.3,0.642339308,2.8943
12000,394.35,0.6423015647,2.89435
12000,394.4,0.6422638249,2.8944
12000,394.45,0.6422260886,2.89445
12000,394.5,0.6421883558,2.8945
12000,394.55,0.6421506266,2.89455
12000,394.6,0.6421129009,2.8946
12000,394.65,0.6420751789,2.89465
12000,394.7,0.6420374604,2.8947
12000,394.75,0.6419997455,2.89475
12000,394.8,0.6419620343,2.8948
12000,394.85,0.6419243267,2.89485
12000,394.9,0.6418866228,2.8949
12000,394.95,0.6418489225,2.89495
12000,395,0.6418112259,2.895
12000,395.05,0.6417735331,2.89505
12000,395.1,0.6417358439,2.8951
12000,395.15,0.6416981585,2.89515
12000,395.2,0.6416604768,2.8952
12000,395.25,0.6416227989,2.89525
12000,395.3,0.6415851247,2.8953
12000,395.35,0.6415474544,2.89535
12000,395.4,0.6415097878,2.8954
12000,395.45,0.6414721251,2.89545
12000,395.5,0.6414344662,2.8955
12000,395.55,0.6413968111,2.89555
12000,395.6,0.64135916,2.8956
12000,395.65,0.6413215127,2.89565
12000,395.7,0.6412838693,2.8957
12000,395.75,0.6412462298,2.89575
12000,395.8,0.6412085942,2.8958
12000,395.85,0.6411709626,2.89585
12000,395.9,0.641133335,2.8959
12000,395.95,0.6410957113,2.89595
12000,396,0.6410580916,2.896
12000,396.05,0.6410204759,2.89605
12000,396.1,0.6409828642,2.8961
12000,396.15,0.6409452565,2.89615
12000,396.2,0.6409076529,2.8962
12000,396.25,0.6408700534,2.89625
12000,396.3,0.6408324579,2.8963
12000,396.35,0.6407948665,2.89635
12000,396.4,0.6407572792,2.8964
12000,396.45,0.6407196961,2.89645
12000,396.5,0.6406821171,2.8965
12000,396.55,0.6406445422,2.89655
12000,396.6,0.6406069715,2.8966
12000,396.65,0.640569405,2.89665
12000,396.7,0.6405318427,2.8967
12000,396.75,0.6404942846,2.89675
12000,396.8,0.6404567307,2.8968
12000,396.85,0.6404191811,2.89685
12000,396.9,0.6403816357,2.8969
12000,396.95,0.6403440946,2.89695
12000,397,0.6403065578,2.897
12000,397.05,0.6402690253,2.89705
12000,397.1,0.6402314971,2.8971
12000,397.15,0.6401939732,2.89715
12000,397.2,0.6401564537,2.8972
12000,397.25,0.6401189385,2.89725
12000,397.3,0.6400814278,2.8973
12000,397.35,0.6400439214,2.89735
12000,397.4,0.6400064194,2.8974
12000,397.45,0.6399689219,2.89745
12000,397.5,0.6399314288,2.8975
12000,397.55,0.6398939401,2.89755
12000,397.6,0.6398564559,2.8976
12000,397.65,0.6398189762,2.89765
12000,397.7,0.639781501,2.8977
12000,397.75,0.6397440304,2.89775
12000,397.8,0.6397065642,2.8978
12000,397.85,0.6396691026,2.89785
12000,397.9,0.6396316455,2.8979
12000,397.95,0.6395941931,2.89795
12000,398,0.6395567452,2.898
12000,398.05,0.6395193019,2.89805
12000,398.1,0.6394818632,2.8981
12000,398.15,0.6394444292,2.89815
12000,398.2,0.6394069999,2.8982
12000,398.25,0.6393695751,2.89825
12000,398.3,0.6393321551,2.8983
12000,398.35,0.6392947398,2.89835
12000,398.4,0.6392573292,2.8984
12000,398.45,0.6392199233,2.89845
12000,398.5,0.6391825222,2.8985
12000,398.55,0.6391451258,2.89855
12000,398.6,0.6391077342,2.8986
12000,398.65,0.6390703473,2.89865
12000,398.7,0.6390329653,2.8987
12000,398.75,0.6389955881,2.89875
12000,398.8,0.6389582157,2.8988
12000,398.85,0.6389208482,2.89885
12000,398.9,0.6388834856,2.8989
12000,398.95,0.6388461278,2.89895
12000,399,0.6388087749,2.899
12000,399.05,0.6387714269,2.89905
12000,399.1,0.6387340839,2.8991
12000,399.15,0.6386967458,2.89915
12000,399.2,0.6386594126,2.8992
12000,399.25,0.6386220844,2.89925
12000,399.3,0.6385847612,2.8993
12000,399.35,0.638547443,2.89935
12000,399.4,0.6385101298,2.8994
12000,399.45,0.6384728217,2.89945
12000,399.5,0.6384355186,2.8995
12000,399.55,0.6383982206,2.89955
12000,399.6,0.6383609276,2.8996
12000,399.65,0.6383236397,2.89965
12000,399.7,0.638286357,2.8997
12000,399.75,0.6382490793,2.89975
12000,399.8,0.6382118068,2.8998
12000,399.85,0.6381745395,2.89985
12000,399.9,0.6381372773,2.8999
12000,399.95,0.6381000203,2.89995
12000,400,0.6380627685,2.9
12000,400.05,0.6380255219,2.90005
12000,400.1,0.6379882806,2.9001
12000,400.15,0.6379510445,2.90015
12000,400.2,0.6379138136,2.9002
12000,400.25,0.6378765881,2.90025
12000,400.3,0.6378393678,2.9003
12000,400.35,0.6378021528,2.90035
12000,400.4,0.6377649432,2.9004
12000,400.45,0.6377277389,2.90045
12000,400.5,0.6376905399,2.9005
12000,400.55,0.6376533463,2.90055
12000,400.6,0.6376161581,2.9006
12000,400.65,0.6375789753,2.90065
12000,400.7,0.6375417979,2.9007
12000,400.75,0.637504626,2.90075
12000,400.8,0.6374674595,2.9008
12000,400.85,0.6374302984,2.90085
12000,400.9,0.6373931428,2.9009
12000,400.95,0.6373559927,2.90095
12000,401,0.6373188481,2.901
12000,401.05,0.6372817091,2.90105
12000,401.1,0.6372445755,2.9011
12000,401.15,0.6372074476,2.90115
12000,401.2,0.6371703251,2.9012
12000,401.25,0.6371332083,2.90125
12000,401.3,0.6370960971,2.9013
12000,401.35,0.6370589915,2.90135
12000,401.4,0.6370218915,2.9014
12000,401.45,0.6369847971,2.90145
12000,401.5,0.6369477085,2.9015
12000,401.55,0.6369106254,2.90155
12000,401.6,0.6368735481,2.9016
12000,401.65,0.6368364765,2.90165
12000,401.7,0.6367994106,2.9017
12000,401.75,0.6367623505,2.90175
12000,401.8,0.636725296,2.9018
12000,401.85,0.6366882474,2.90185
12000,401.9,0.6366512045,2.9019
12000,401.95,0.6366141675,2.90195
12000,402,0.6365771362,2.902
12000,402.05,0.6365401108,2.90205
12000,402.1,0.6365030912,2.9021
12000,402.15,0.6364660775,2.90215
12000,402.2,0.6364290697,2.9022
12000,402.25,0.6363920677,2.90225
12000,402.3,0.6363550717,2.9023
12000,402.35,0.6363180816,2.90235
12000,402.4,0.6362810974,2.9024
12000,402.45,0.6362441191,2.90245
12000,402.5,0.6362071469,2.9025
12000,402.55,0.6361701806,2.90255
12000,402.6,0.6361332203,2.9026
12000,402.65,0.636096266,2.90265
12000,402.7,0.6360593178,2.9027
12000,402.75,0.6360223756,2.90275
12000,402.8,0.6359854394,2.9028
12000,402.85,0.6359485094,2.90285
12000,402.9,0.6359115854,2.9029
12000,402.95,0.6358746675,2.90295
12000,403,0.6358377557,2.903
12000,403.05,0.6358008501,2.90305
12000,403.1,0.6357639507,2.9031
12000,403.15,0.6357270574,2.90315
12000,403.2,0.6356901703,2.9032
12000,403.25,0.6356532893,2.90325
12000,403.3,0.6356164146,2.9033
12000,403.35,0.6355795462,2.90335
12000,403.4,0.6355426839,2.9034
12000,403.45,0.635505828,2.90345
12000,403.5,0.6354689783,2.9035
12000,403.55,0.6354321349,2.90355
12000,403.6,0.6353952978,2.9036
12000,403.65,0.635358467,2.90365
12000,403.7,0.6353216426,2.9037
12000,403.75,0.6352848245,2.90375
12000,403.8,0.6352480128,2.9038
12000,403.85,0.6352112074,2.90385
12000,403.9,0.6351744085,2.9039
12000,403.95,0.635137616,2.90395
12000,404,0.6351008299,2.904
12000,404.05,0.6350640503,2.90405
12000,404.1,0.6350272771,2.9041
12000,404.15,0.6349905104,2.90415
12000,404.2,0.6349537502,2.9042
12000,404.25,0.6349169965,2.90425
12000,404.3,0.6348802493,2.9043
12000,404.35,0.6348435086,2.90435
12000,404.4,0.6348067746,2.9044
12000,404.45,0.634770047,2.90445
12000,404.5,0.6347333261,2.9045
12000,404.55,0.6346966118,2.90455
12000,404.6,0.6346599041,2.9046
12000,404.65,0.634623203,2.90465
12000,404.7,0.6345865085,2.9047
12000,404.75,0.6345498207,2.90475
12000,404.8,0.6345131396,2.9048
12000,404.85,0.6344764652,2.90485
12000,404.9,0.6344397975,2.9049
12000,404.95,0.6344031366,2.90495
12000,405,0.6343664823,2.905
12000,405.05,0.6343298349,2.90505
12000,405.1,0.6342931941,2.9051
12000,405.15,0.6342565602,2.90515
12000,405.2,0.6342199331,2.9052
12000,405.25,0.6341833128,2.90525
12000,405.3,0.6341466993,2.9053
12000,405.35,0.6341100927,2.90535
12000,405.4,0.634073493,2.9054
12000,405.45,0.6340369001,2.90545
12000,405.5,0.6340003141,2.9055
12000,405.55,0.633963735,2.90555
12000,405.6,0.6339271629,2.9056
12000,405.65,0.6338905977,2.90565
12000,405.7,0.6338540394,2.9057
12000,405.75,0.6338174882,2.90575
12000,405.8,0.6337809439,2.9058
12000,405.85,0.6337444066,2.90585
12000,405.9,0.6337078763,2.9059
12000,405.95,0.6336713531,2.90595
12000,406,0.6336348369,2.906
12000,406.05,0.6335983278,2.90605
12000,406.1,0.6335618258,2.9061
12000,406.15,0.6335253308,2.90615
12000,406.2,0.633488843,2.9062
12000,406.25,0.6334523623,2.90625
12000,406.3,0.6334158888,2.9063
12000,406.35,0.6333794224,2.90635
12000,406.4,0.6333429632,2.9064
12000,406.45,0.6333065111,2.90645
12000,406.5,0.6332700663,2.9065
12000,406.55,0.6332336287,2.90655
12000,406.6,0.6331971983,2.9066
12000,406.65,0.6331607752,2.90665
12000,406.7,0.6331243594,2.9067
12000,406.75,0.6330879508,2.90675
12000,406.8,0.6330515496,2.9068
12000,406.85,0.6330151556,2.90685
12000,406.9,0.632978769,2.9069
12000,406.95,0.6329423897,2.90695
12000,407,0.6329060178,2.907
12000,407.05,0.6328696533,2.90705
12000,407.1,0.6328332961,2.9071
12000,407.15,0.6327969464,2.90715
12000,407.2,0.6327606041,2.9072
12000,407.25,0.6327242692,2.90725
12000,407.3,0.6326879418,2.9073
12000,407.35,0.6326516219,2.90735
12000,407.4,0.6326153094,2.9074
12000,407.45,0.6325790044,2.90745
12000,407.5,0.632542707,2.9075
12000,407.55,0.6325064171,2.90755
12000,407.6,0.6324701347,2.9076
12000,407.65,0.6324338599,2.90765
12000,407.7,0.6323975927,2.9077
12000,407.75,0.6323613331,2.90775
12000,407.8,0.6323250811,2.9078
12000,407.85,0.6322888367,2.90785
12000,407.9,0.6322525999,2.9079
12000,407.95,0.6322163708,2.90795
12000,408,0.6321801494,2.908
12000,408.05,0.6321439357,2.90805
12000,408.1,0.6321077297,2.9081
12000,408.15,0.6320715313,2.90815
12000,408.2,0.6320353408,2.9082
12000,408.25,0.631999158,2.90825
12000,408.3,0.6319629829,2.9083
12000,408.35,0.6319268156,2.90835
12000,408.4,0.6318906562,2.9084
12000,408.45,0.6318545045,2.90845
12000,408.5,0.6318183607,2.9085
12000,408.55,0.6317822247,2.90855
12000,408.6,0.6317460965,2.9086
12000,408.65,0.6317099763,2.90865
12000,408.7,0.6316738639,2.9087
12000,408.75,0.6316377595,2.90875
12000,408.8,0.6316016629,2.9088
12000,408.85,0.6315655743,2.90885
12000,408.9,0.6315294937,2.9089
12000,408.95,0.631493421,2.90895
12000,409,0.6314573563,2.909
12000,409.05,0.6314212996,2.90905
12000,409.1,0.6313852509,2.9091
12000,409.15,0.6313492103,2.90915
12000,409.2,0.6313131777,2.9092
12000,409.25,0.6312771532,2.90925
12000,409.3,0.6312411367,2.9093
12000,409.35,0.6312051283,2.90935
12000,409.4,0.6311691281,2.9094
12000,409.45,0.631133136,2.90945
12000,409.5,0.631097152,2.9095
12000,409.55,0.6310611761,2.90955
12000,409.6,0.6310252085,2.9096
12000,409.65,0.630989249,2.90965
12000,409.7,0.6309532977,2.9097
12000,409.75,0.6309173547,2.90975
12000,409.8,0.6308814199,2.9098
12000,409.85,0.6308454933,2.90985
12000,409.9,0.630809575,2.9099
12000,409.95,0.630773665,2.90995
12000,410,0.6307377632,2.91
12000,410.05,0.6307018698,2.91005
12000,410.1,0.6306659848,2.9101
12000,410.15,0.630630108,2.91015
12000,410.2,0.6305942396,2.9102
12000,410.25,0.6305583796,2.91025
12000,410.3,0.630522528,2.9103
12000,410.35,0.6304866848,2.91035
12000,410.4,0.63045085,2.9104
12000,410.45,0.6304150237,2.91045
12000,410.5,0.6303792058,2.9105
12000,410.55,0.6303433963,2.91055
12000,410.6,0.6303075954,2.9106
12000,410.65,0.6302718029,2.91065
12000,410.7,0.630236019,2.9107
12000,410.75,0.6302002436,2.91075
12000,410.8,0.6301644767,2.9108
12000,410.85,0.6301287185,2.91085
12000,410.9,0.6300929687,2.9109
12000,410.95,0.6300572276,2.91095
12000,411,0.6300214951,2.911
12000,411.05,0.6299857712,2.91105
12000,411.1,0.629950056,2.9111
12000,411.15,0.6299143494,2.91115
12000,411.2,0.6298786515,2.9112
12000,411.25,0.6298429622,2.91125
12000,411.3,0.6298072817,2.9113
12000,411.35,0.6297716099,2.91135
12000,411.4,0.6297359468,2.9114
12000,411.45,0.6297002925,2.91145
12000,411.5,0.6296646469,2.9115
12000,411.55,0.6296290102,2.91155
12000,411.6,0.6295933822,2.9116
12000,411.65,0.629557763,2.91165
12000,411.7,0.6295221527,2.9117
12000,411.75,0.6294865512,2.91175
12000,411.8,0.6294509585,2.9118
12000,411.85,0.6294153748,2.91185
12000,411.9,0.6293797999,2.9119
12000,411.95,0.6293442339,2.91195
12000,412,0.6293086769,2.912
12000,412.05,0.6292731287,2.91205
12000,412.1,0.6292375896,2.9121
12000,412.15,0.6292020594,2.91215
12000,412.2,0.6291665382,2.9122
12000,412.25,0.629131026,2.91225
12000,412.3,0.6290955228,2.9123
12000,412.35,0.6290600286,2.91235
12000,412.4,0.6290245435,2.9124
12000,412.45,0.6289890675,2.91245
12000,412.5,0.6289536005,2.9125
12000,412.55,0.6289181426,2.91255
12000,412.6,0.6288826939,2.9126
12000,412.65,0.6288472542,2.91265
12000,412.7,0.6288118237,2.9127
12000,412.75,0.6287764024,2.91275
12000,412.8,0.6287409902,2.9128
12000,412.85,0.6287055872,2.91285
12000,412.9,0.6286701934,2.9129
12000,412.95,0.6286348089,2.91295
12000,413,0.6285994335,2.913
12000,413.05,0.6285640674,2.91305
12000,413.1,0.6285287106,2.9131
12000,413.15,0.6284933631,2.91315
12000,413.2,0.6284580248,2.9132
12000,413.25,0.6284226959,2.91325
12000,413.3,0.6283873763,2.9133
12000,413.35,0.6283520661,2.91335
12000,413.4,0.6283167652,2.9134
12000,413.45,0.6282814736,2.91345
12000,413.5,0.6282461915,2.9135
12000,413.55,0.6282109188,2.91355
12000,413.6,0.6281756555,2.9136
12000,413.65,0.6281404016,2.91365
12000,413.7,0.6281051572,2.9137
12000,413.75,0.6280699223,2.91375
12000,413.8,0.6280346968,2.9138
12000,413.85,0.6279994809,2.91385
12000,413.9,0.6279642744,2.9139
12000,413.95,0.6279290775,2.91395
12000,414,0.6278938901,2.914
12000,414.05,0.6278587123,2.91405
12000,414.1,0.6278235441,2.9141
12000,414.15,0.6277883855,2.91415
12000,414.2,0.6277532365,2.9142
12000,414.25,0.6277180971,2.91425
12000,414.3,0.6276829673,2.9143
12000,414.35,0.6276478472,2.91435
12000,414.4,0.6276127368,2.9144
12000,414.45,0.627577636,2.91445
12000,414.5,0.627542545,2.9145
12000,414.55,0.6275074637,2.91455
12000,414.6,0.6274723921,2.9146
12000,414.65,0.6274373303,2.91465
12000,414.7,0.6274022782,2.9147
12000,414.75,0.6273672359,2.91475
12000,414.8,0.6273322034,2.9148
12000,414.85,0.6272971807,2.91485
12000,414.9,0.6272621679,2.9149
12000,414.95,0.6272271649,2.91495
12000,415,0.6271921717,2.915
12000,415.05,0.6271571885,2.91505
12000,415.1,0.6271222151,2.9151
12000,415.15,0.6270872516,2.91515
12000,415.2,0.627052298,2.9152
12000,415.25,0.6270173544,2.91525
12000,415.3,0.6269824208,2.9153
12000,415.35,0.6269474971,2.91535
12000,415.4,0.6269125834,2.9154
12000,415.45,0.6268776796,2.91545
12000,415.5,0.626842786,2.9155
12000,415.55,0.6268079023,2.91555
12000,415.6,0.6267730287,2.9156
12000,415.65,0.6267381651,2.91565
12000,415.7,0.6267033116,2.9157
12000,415.75,0.6266684683,2.91575
12000,415.8,0.626633635,2.9158
12000,415.85,0.6265988118,2.91585
12000,415.9,0.6265639988,2.9159
12000,415.95,0.626529196,2.91595
12000,416,0.6264944033,2.916
12000,416.05,0.6264596208,2.91605
12000,416.1,0.6264248485,2.9161
12000,416.15,0.6263900864,2.91615
12000,416.2,0.6263553346,2.9162
12000,416.25,0.626320593,2.91625
12000,416.3,0.6262858617,2.9163
12000,416.35,0.6262511406,2.91635
12000,416.4,0.6262164299,2.9164
12000,416.45,0.6261817294,2.91645
12000,416.5,0.6261470393,2.9165
12000,416.55,0.6261123596,2.91655
12000,416.6,0.6260776901,2.9166
12000,416.65,0.6260430311,2.91665
12000,416.7,0.6260083825,2.9167
12000,416.75,0.6259737442,2.91675
12000,416.8,0.6259391164,2.9168
12000,416.85,0.625904499,2.91685
12000,416.9,0.6258698921,2.9169
12000,416.95,0.6258352957,2.91695
12000,417,0.6258007097,2.917
12000,417.05,0.6257661342,2.91705
12000,417.1,0.6257315692,2.9171
12000,417.15,0.6256970148,2.91715
12000,417.2,0.6256624709,2.9172
12000,417.25,0.6256279376,2.91725
12000,417.3,0.6255934148,2.9173
12000,417.35,0.6255589027,2.91735
12000,417.4,0.6255244011,2.9174
12000,417.45,0.6254899102,2.91745
12000,417.5,0.6254554299,2.9175
12000,417.55,0.6254209603,2.91755
12000,417.6,0.6253865013,2.9176
12000,417.65,0.6253520531,2.91765
12000,417.7,0.6253176155,2.9177
12000,417.75,0.6252831886,2.91775
12000,417.8,0.6252487725,2.9178
12000,417.85,0.6252143671,2.91785
12000,417.9,0.6251799725,2.9179
12000,417.95,0.6251455887,2.91795
12000,418,0.6251112157,2.918
12000,418.05,0.6250768534,2.91805
12000,418.1,0.625042502,2.9181
12000,418.15,0.6250081615,2.91815
12000,418.2,0.6249738318,2.9182
12000,418.25,0.624939513,2.91825
12000,418.3,0.624905205,2.9183
12000,418.35,0.624870908,2.91835
12000,418.4,0.6248366219,2.9184
12000,418.45,0.6248023467,2.91845
12000,418.5,0.6247680825,2.9185
12000,418.55,0.6247338292,2.91855
12000,418.6,0.6246995869,2.9186
12000,418.65,0.6246653556,2.91865
12000,418.7,0.6246311354,2.9187
12000,418.75,0.6245969261,2.91875
12000,418.8,0.6245627279,2.9188
12000,418.85,0.6245285408,2.91885
12000,418.9,0.6244943647,2.9189
12000,418.95,0.6244601997,2.91895
12000,419,0.6244260459,2.919
12000,419.05,0.6243919031,2.91905
12000,419.1,0.6243577715,2.9191
12000,419.15,0.6243236511,2.91915
12000,419.2,0.6242895418,2.9192
12000,419.25,0.6242554437,2.91925
12000,419.3,0.6242213568,2.9193
12000,419.35,0.6241872811,2.91935
12000,419.4,0.6241532166,2.9194
12000,419.45,0.6241191634,2.91945
12000,419.5,0.6240851214,2.9195
12000,419.55,0.6240510908,2.91955
12000,419.6,0.6240170714,2.9196
12000,419.65,0.6239830633,2.91965
12000,419.7,0.6239490665,2.9197
12000,419.75,0.6239150811,2.91975
12000,419.8,0.6238811071,2.9198
12000,419.85,0.6238471444,2.91985
12000,419.9,0.6238131931,2.9199
12000,419.95,0.6237792532,2.91995
12000,420,0.6237453247,2.92
12000,420.05,0.6237114076,2.92005
12000,420.1,0.623677502,2.9201
12000,420.15,0.6236436079,2.92015
12000,420.2,0.6236097252,2.9202
12000,420.25,0.623575854,2.92025
12000,420.3,0.6235419944,2.9203
12000,420.35,0.6235081462,2.92035
12000,420.4,0.6234743096,2.9204
12000,420.45,0.6234404846,2.92045
12000,420.5,0.6234066711,2.9205
12000,420.55,0.6233728692,2.92055
12000,420.6,0.6233390789,2.9206
12000,420.65,0.6233053003,2.92065
12000,420.7,0.6232715333,2.9207
12000,420.75,0.6232377779,2.92075
12000,420.8,0.6232040342,2.9208
12000,420.85,0.6231703021,2.92085
12000,420.9,0.6231365818,2.9209
12000,420.95,0.6231028731,2.92095
12000,421,0.6230691762,2.921
12000,421.05,0.6230354911,2.92105
12000,421.1,0.6230018177,2.9211
12000,421.15,0.622968156,2.92115
12000,421.2,0.6229345062,2.9212
12000,421.25,0.6229008682,2.92125
12000,421.3,0.6228672419,2.9213
12000,421.35,0.6228336275,2.92135
12000,421.4,0.622800025,2.9214
12000,421.45,0.6227664343,2.92145
12000,421.5,0.6227328555,2.9215
12000,421.55,0.6226992887,2.92155
12000,421.6,0.6226657337,2.9216
12000,421.65,0.6226321906,2.92165
12000,421.7,0.6225986595,2.9217
12000,421.75,0.6225651403,2.92175
12000,421.8,0.6225316332,2.9218
12000,421.85,0.622498138,2.92185
12000,421.9,0.6224646548,2.9219
12000,421.95,0.6224311836,2.92195
12000,422,0.6223977245,2.922
12000,422.05,0.6223642774,2.92205
12000,422.1,0.6223308424,2.9221
12000,422.15,0.6222974194,2.92215
12000,422.2,0.6222640086,2.9222
12000,422.25,0.6222306099,2.92225
12000,422.3,0.6221972233,2.9223
12000,422.35,0.6221638488,2.92235
12000,422.4,0.6221304865,2.9224
12000,422.45,0.6220971364,2.92245
12000,422.5,0.6220637985,2.9225
12000,422.55,0.6220304727,2.92255
12000,422.6,0.6219971592,2.9226
12000,422.65,0.621963858,2.92265
12000,422.7,0.6219305689,2.9227
12000,422.75,0.6218972922,2.92275
12000,422.8,0.6218640277,2.9228
12000,422.85,0.6218307755,2.92285
12000,422.9,0.6217975357,2.9229
12000,422.95,0.6217643081,2.92295
12000,423,0.6217310929,2.923
12000,423.05,0.6216978901,2.92305
12000,423.1,0.6216646996,2.9231
12000,423.15,0.6216315216,2.92315
12000,423.2,0.6215983559,2.9232
12000,423.25,0.6215652027,2.92325
12000,423.3,0.6215320619,2.9233
12000,423.35,0.6214989335,2.92335
12000,423.4,0.6214658176,2.9234
12000,423.45,0.6214327142,2.92345
12000,423.5,0.6213996233,2.9235
12000,423.55,0.6213665449,2.92355
12000,423.6,0.621333479,2.9236
12000,423.65,0.6213004257,2.92365
12000,423.7,0.6212673849,2.9237
12000,423.75,0.6212343567,2.92375
12000,423.8,0.6212013411,2.9238
12000,423.85,0.6211683381,2.92385
12000,423.9,0.6211353477,2.9239
12000,423.95,0.62110237,2.92395
12000,424,0.6210694049,2.924
12000,424.05,0.6210364524,2.92405
12000,424.1,0.6210035127,2.9241
12000,424.15,0.6209705856,2.92415
12000,424.2,0.6209376713,2.9242
12000,424.25,0.6209047697,2.92425
12000,424.3,0.6208718808,2.9243
12000,424.35,0.6208390047,2.92435
12000,424.4,0.6208061414,2.9244
12000,424.45,0.6207732908,2.92445
12000,424.5,0.6207404531,2.9245
12000,424.55,0.6207076281,2.92455
12000,424.6,0.620674816,2.9246
12000,424.65,0.6206420168,2.92465
12000,424.7,0.6206092304,2.9247
12000,424.75,0.6205764569,2.92475
12000,424.8,0.6205436963,2.9248
12000,424.85,0.6205109486,2.92485
12000,424.9,0.6204782138,2.9249
12000,424.95,0.620445492,2.92495
12000,425,0.6204127831,2.925
12000,425.05,0.6203800872,2.92505
12000,425.1,0.6203474043,2.9251
12000,425.15,0.6203147344,2.92515
12000,425.2,0.6202820775,2.9252
12000,425.25,0.6202494337,2.92525
12000,425.3,0.6202168029,2.9253
12000,425.35,0.6201841851,2.92535
12000,425.4,0.6201515804,2.9254
12000,425.45,0.6201189889,2.92545
12000,425.5,0.6200864104,2.9255
12000,425.55,0.6200538451,2.92555
12000,425.6,0.6200212929,2.9256
12000,425.65,0.6199887538,2.92565
12000,425.7,0.6199562279,2.9257
12000,425.75,0.6199237153,2.92575
12000,425.8,0.6198912158,2.9258
12000,425.85,0.6198587295,2.92585
12000,425.9,0.6198262565,2.9259
12000,425.95,0.6197937967,2.92595
12000,426,0.6197613501,2.926
12000,426.05,0.6197289169,2.92605
12000,426.1,0.6196964969,2.9261
12000,426.15,0.6196640902,2.92615
12000,426.2,0.6196316969,2.9262
12000,426.25,0.6195993169,2.92625
12000,426.3,0.6195669503,2.9263
12000,426.35,0.619534597,2.92635
12000,426.4,0.6195022571,2.9264
12000,426.45,0.6194699306,2.92645
12000,426.5,0.6194376175,2.9265
12000,426.55,0.6194053179,2.92655
12000,426.6,0.6193730317,2.9266
12000,426.65,0.6193407589,2.92665
12000,426.7,0.6193084997,2.9267
12000,426.75,0.6192762539,2.92675
12000,426.8,0.6192440216,2.9268
12000,426.85,0.6192118028,2.92685
12000,426.9,0.6191795976,2.9269
12000,426.95,0.6191474059,2.92695
12000,427,0.6191152278,2.927
12000,427.05,0.6190830633,2.92705
12000,427.1,0.6190509124,2.9271
12000,427.15,0.619018775,2.92715
12000,427.2,0.6189866513,2.9272
12000,427.25,0.6189545413,2.92725
12000,427.3,0.6189224449,2.9273
12000,427.35,0.6188903622,2.92735
12000,427.4,0.6188582931,2.9274
12000,427.45,0.6188262378,2.92745
12000,427.5,0.6187941962,2.9275
12000,427.55,0.6187621683,2.92755
12000,427.6,0.6187301541,2.9276
12000,427.65,0.6186981537,2.92765
12000,427.7,0.6186661671,2.9277
12000,427.75,0.6186341943,2.92775
12000,427.8,0.6186022353,2.9278
12000,427.85,0.6185702901,2.92785
12000,427.9,0.6185383588,2.9279
12000,427.95,0.6185064413,2.92795
12000,428,0.6184745377,2.928
12000,428.05,0.6184426479,2.92805
12000,428.1,0.6184107721,2.9281
12000,428.15,0.6183789102,2.92815
12000,428.2,0.6183470622,2.9282
12000,428.25,0.6183152281,2.92825
12000,428.3,0.618283408,2.9283
12000,428.35,0.6182516019,2.92835
12000,428.4,0.6182198097,2.9284
12000,428.45,0.6181880316,2.92845
12000,428.5,0.6181562675,2.9285
12000,428.55,0.6181245174,2.92855
12000,428.6,0.6180927814,2.9286
12000,428.65,0.6180610594,2.92865
12000,428.7,0.6180293515,2.9287
12000,428.75,0.6179976577,2.92875
12000,428.8,0.617965978,2.9288
12000,428.85,0.6179343125,2.92885
12000,428.9,0.617902661,2.9289
12000,428.95,0.6178710238,2.92895
12000,429,0.6178394006,2.929
12000,429.05,0.6178077917,2.92905
12000,429.1,0.617776197,2.9291
12000,429.15,0.6177446165,2.92915
12000,429.2,0.6177130502,2.9292
12000,429.25,0.6176814982,2.92925
12000,429.3,0.6176499604,2.9293
12000,429.35,0.6176184369,2.92935
12000,429.4,0.6175869277,2.9294
12000,429.45,0.6175554328,2.92945
12000,429.5,0.6175239522,2.9295
12000,429.55,0.6174924859,2.92955
12000,429.6,0.617461034,2.9296
12000,429.65,0.6174295965,2.92965
12000,429.7,0.6173981733,2.9297
12000,429.75,0.6173667645,2.92975
12000,429.8,0.6173353701,2.9298
12000,429.85,0.6173039902,2.92985
12000,429.9,0.6172726247,2.9299
12000,429.95,0.6172412736,2.92995
12000,430,0.6172099371,2.93
12000,430.05,0.617178615,2.93005
12000,430.1,0.6171473073,2.9301
12000,430.15,0.6171160143,2.93015
12000,430.2,0.6170847357,2.9302
12000,430.25,0.6170534717,2.93025
12000,430.3,0.6170222222,2.9303
12000,430.35,0.6169909873,2.93035
12000,430.4,0.616959767,2.9304
12000,430.45,0.6169285613,2.93045
12000,430.5,0.6168973702,2.9305
12000,430.55,0.6168661938,2.93055
12000,430.6,0.616835032,2.9306
12000,430.65,0.6168038848,2.93065
12000,430.7,0.6167727524,2.9307
12000,430.75,0.6167416346,2.93075
12000,430.8,0.6167105315,2.9308
12000,430.85,0.6166794432,2.93085
12000,430.9,0.6166483696,2.9309
12000,430.95,0.6166173107,2.93095
12000,431,0.6165862666,2.931
12000,431.05,0.6165552373,2.93105
12000,431.1,0.6165242228,2.9311
12000,431.15,0.6164932231,2.93115
12000,431.2,0.6164622382,2.9312
12000,431.25,0.6164312682,2.93125
12000,431.3,0.616400313,2.9313
12000,431.35,0.6163693727,2.93135
12000,431.4,0.6163384473,2.9314
12000,431.45,0.6163075367,2.93145
12000,431.5,0.6162766411,2.9315
12000,431.55,0.6162457604,2.93155
12000,431.6,0.6162148947,2.9316
12000,431.65,0.6161840439,2.93165
12000,431.7,0.6161532081,2.9317
12000,431.75,0.6161223873,2.93175
12000,431.8,0.6160915815,2.9318
12000,431.85,0.6160607907,2.93185
12000,431.9,0.6160300149,2.9319
12000,431.95,0.6159992542,2.93195
12000,432,0.6159685085,2.932
12000,432.05,0.6159377779,2.93205
12000,432.1,0.6159070625,2.9321
12000,432.15,0.6158763621,2.93215
12000,432.2,0.6158456768,2.9322
12000,432.25,0.6158150067,2.93225
12000,432.3,0.6157843517,2.9323
12000,432.35,0.6157537119,2.93235
12000,432.4,0.6157230873,2.9324
12000,432.45,0.6156924778,2.93245
12000,432.5,0.6156618836,2.9325
12000,432.55,0.6156313046,2.93255
12000,432.6,0.6156007408,2.9326
12000,432.65,0.6155701923,2.93265
12000,432.7,0.6155396591,2.9327
12000,432.75,0.6155091411,2.93275
12000,432.8,0.6154786385,2.9328
12000,432.85,0.6154481511,2.93285
12000,432.9,0.6154176791,2.9329
12000,432.95,0.6153872224,2.93295
12000,433,0.6153567811,2.933
12000,433.05,0.6153263551,2.93305
12000,433.1,0.6152959446,2.9331
12000,433.15,0.6152655494,2.93315
12000,433.2,0.6152351697,2.9332
12000,433.25,0.6152048053,2.93325
12000,433.3,0.6151744565,2.9333
12000,433.35,0.615144123,2.93335
12000,433.4,0.6151138051,2.9334
12000,433.45,0.6150835026,2.93345
12000,433.5,0.6150532157,2.9335
12000,433.55,0.6150229442,2.93355
12000,433.6,0.6149926883,2.9336
12000,433.65,0.614962448,2.93365
12000,433.7,0.6149322232,2.9337
12000,433.75,0.614902014,2.93375
12000,433.8,0.6148718203,2.9338
12000,433.85,0.6148416423,2.93385
12000,433.9,0.6148114799,2.9339
12000,433.95,0.6147813331,2.93395
12000,434,0.614751202,2.934
12000,434.05,0.6147210866,2.93405
12000,434.1,0.6146909868,2.9341
12000,434.15,0.6146609027,2.93415
12000,434.2,0.6146308343,2.9342
12000,434.25,0.6146007817,2.93425
12000,434.3,0.6145707447,2.9343
12000,434.35,0.6145407236,2.93435
12000,434.4,0.6145107181,2.9344
12000,434.45,0.6144807285,2.93445
12000,434.5,0.6144507547,2.9345
12000,434.55,0.6144207967,2.93455
12000,434.6,0.6143908545,2.9346
12000,434.65,0.6143609281,2.93465
12000,434.7,0.6143310176,2.9347
12000,434.75,0.6143011229,2.93475
12000,434.8,0.6142712442,2.9348
12000,434.85,0.6142413813,2.93485
12000,434.9,0.6142115344,2.9349
12000,434.95,0.6141817033,2.93495
12000,435,0.6141518882,2.935
12000,435.05,0.6141220891,2.93505
12000,435.1,0.6140923059,2.9351
12000,435.15,0.6140625387,2.93515
12000,435.2,0.6140327875,2.9352
12000,435.25,0.6140030524,2.93525
12000,435.3,0.6139733332,2.9353
12000,435.35,0.6139436301,2.93535
12000,435.4,0.613913943,2.9354
12000,435.45,0.6138842721,2.93545
12000,435.5,0.6138546171,2.9355
12000,435.55,0.6138249783,2.93555
12000,435.6,0.6137953556,2.9356
12000,435.65,0.6137657491,2.93565
12000,435.7,0.6137361586,2.9357
12000,435.75,0.6137065844,2.93575
12000,435.8,0.6136770263,2.9358
12000,435.85,0.6136474844,2.93585
12000,435.9,0.6136179586,2.9359
12000,435.95,0.6135884491,2.93595
12000,436,0.6135589559,2.936
12000,436.05,0.6135294788,2.93605
12000,436.1,0.613500018,2.9361
12000,436.15,0.6134705735,2.93615
12000,436.2,0.6134411453,2.9362
12000,436.25,0.6134117334,2.93625
12000,436.3,0.6133823378,2.9363
12000,436.35,0.6133529585,2.93635
12000,436.4,0.6133235956,2.9364
12000,436.45,0.613294249,2.93645
12000,436.5,0.6132649188,2.9365
12000,436.55,0.6132356049,2.93655
12000,436.6,0.6132063075,2.9366
12000,436.65,0.6131770265,2.93665
12000,436.7,0.6131477619,2.9367
12000,436.75,0.6131185138,2.93675
12000,436.8,0.6130892821,2.9368
12000,436.85,0.6130600668,2.93685
12000,436.9,0.6130308681,2.9369
12000,436.95,0.6130016859,2.93695
12000,437,0.6129725202,2.937
12000,437.05,0.612943371,2.93705
12000,437.1,0.6129142383,2.9371
12000,437.15,0.6128851222,2.93715
12000,437.2,0.6128560227,2.9372
12000,437.25,0.6128269398,2.93725
12000,437.3,0.6127978734,2.9373
12000,437.35,0.6127688237,2.93735
12000,437.4,0.6127397906,2.9374
12000,437.45,0.6127107742,2.93745
12000,437.5,0.6126817744,2.9375
12000,437.55,0.6126527912,2.93755
12000,437.6,0.6126238248,2.9376
12000,437.65,0.612594875,2.93765
12000,437.7,0.612565942,2.9377
12000,437.75,0.6125370257,2.93775
12000,437.8,0.6125081261,2.9378
12000,437.85,0.6124792433,2.93785
12000,437.9,0.6124503773,2.9379
12000,437.95,0.612421528,2.93795
12000,438,0.6123926956,2.938
12000,438.05,0.6123638799,2.93805
12000,438.1,0.6123350811,2.9381
12000,438.15,0.6123062991,2.93815
12000,438.2,0.612277534,2.9382
12000,438.25,0.6122487857,2.93825
12000,438.3,0.6122200543,2.9383
12000,438.35,0.6121913399,2.93835
12000,438.4,0.6121626423,2.9384
12000,438.45,0.6121339616,2.93845
12000,438.5,0.6121052979,2.9385
12000,438.55,0.6120766512,2.93855
12000,438.6,0.6120480214,2.9386
12000,438.65,0.6120194086,2.93865
12000,438.7,0.6119908128,2.9387
12000,438.75,0.611962234,2.93875
12000,438.8,0.6119336722,2.9388
12000,438.85,0.6119051274,2.93885
12000,438.9,0.6118765997,2.9389
12000,438.95,0.6118480891,2.93895
12000,439,0.6118195956,2.939
12000,439.05,0.6117911191,2.93905
12000,439.1,0.6117626598,2.9391
12000,439.15,0.6117342175,2.93915
12000,439.2,0.6117057924,2.9392
12000,439.25,0.6116773845,2.93925
12000,439.3,0.6116489937,2.9393
12000,439.35,0.6116206201,2.93935
12000,439.4,0.6115922637,2.9394
12000,439.45,0.6115639245,2.93945
12000,439.5,0.6115356025,2.9395
12000,439.55,0.6115072977,2.93955
12000,439.6,0.6114790102,2.9396
12000,439.65,0.61145074,2.93965
12000,439.7,0.611422487,2.9397
12000,439.75,0.6113942513,2.93975
12000,439.8,0.6113660329,2.9398
12000,439.85,0.6113378319,2.93985
12000,439.9,0.6113096481,2.9399
12000,439.95,0.6112814817,2.93995
12000,440,0.6112533327,2.94
12000,440.05,0.611225201,2.94005
12000,440.1,0.6111970868,2.9401
12000,440.15,0.6111689899,2.94015
12000,440.2,0.6111409104,2.9402
12000,440.25,0.6111128484,2.94025
12000,440.3,0.6110848038,2.9403
12000,440.35,0.6110567767,2.94035
12000,440.4,0.611028767,2.9404
12000,440.45,0.6110007748,2.94045
12000,440.5,0.6109728001,2.9405
12000,440.55,0.6109448429,2.94055
12000,440.6,0.6109169033,2.9406
12000,440.65,0.6108889812,2.94065
12000,440.7,0.6108610766,2.9407
12000,440.75,0.6108331896,2.94075
12000,440.8,0.6108053202,2.9408
12000,440.85,0.6107774683,2.94085
12000,440.9,0.6107496341,2.9409
12000,440.95,0.6107218175,2.94095
12000,441,0.6106940185,2.941
12000,441.05,0.6106662372,2.94105
12000,441.1,0.6106384736,2.9411
12000,441.15,0.6106107276,2.94115
12000,441.2,0.6105829993,2.9412
12000,441.25,0.6105552887,2.94125
12000,441.3,0.6105275959,2.9413
12000,441.35,0.6104999207,2.94135
12000,441.4,0.6104722633,2.9414
12000,441.45,0.6104446237,2.94145
12000,441.5,0.6104170018,2.9415
12000,441.55,0.6103893977,2.94155
12000,441.6,0.6103618115,2.9416
12000,441.65,0.610334243,2.94165
12000,441.7,0.6103066924,2.9417
12000,441.75,0.6102791596,2.94175
12000,441.8,0.6102516446,2.9418
12000,441.85,0.6102241475,2.94185
12000,441.9,0.6101966683,2.9419
12000,441.95,0.610169207,2.94195
12000,442,0.6101417636,2.942
12000,442.05,0.6101143382,2.94205
12000,442.1,0.6100869306,2.9421
12000,442.15,0.610059541,2.94215
12000,442.2,0.6100321694,2.9422
12000,442.25,0.6100048158,2.94225
12000,442.3,0.6099774801,2.9423
12000,442.35,0.6099501625,2.94235
12000,442.4,0.6099228628,2.9424
12000,442.45,0.6098955812,2.94245
12000,442.5,0.6098683177,2.9425
12000,442.55,0.6098410722,2.94255
12000,442.6,0.6098138447,2.9426
12000,442.65,0.6097866354,2.94265
12000,442.7,0.6097594441,2.9427
12000,442.75,0.609732271,2.94275
12000,442.8,0.609705116,2.9428
12000,442.85,0.6096779791,2.94285
12000,442.9,0.6096508604,2.9429
12000,442.95,0.6096237598,2.94295
12000,443,0.6095966775,2.943
12000,443.05,0.6095696133,2.94305
12000,443.1,0.6095425673,2.9431
12000,443.15,0.6095155396,2.94315
12000,443.2,0.60948853,2.9432
12000,443.25,0.6094615388,2.94325
12000,443.3,0.6094345658,2.9433
12000,443.35,0.609407611,2.94335
12000,443.4,0.6093806746,2.9434
12000,443.45,0.6093537564,2.94345
12000,443.5,0.6093268566,2.9435
12000,443.55,0.6092999751,2.94355
12000,443.6,0.6092731119,2.9436
12000,443.65,0.6092462671,2.94365
12000,443.7,0.6092194406,2.9437
12000,443.75,0.6091926326,2.94375
12000,443.8,0.6091658429,2.9438
12000,443.85,0.6091390716,2.94385
12000,443.9,0.6091123188,2.9439
12000,443.95,0.6090855844,2.94395
12000,444,0.6090588684,2.944
12000,444.05,0.6090321709,2.94405
12000,444.1,0.6090054919,2.9441
12000,444.15,0.6089788314,2.94415
12000,444.2,0.6089521893,2.9442
12000,444.25,0.6089255658,2.94425
12000,444.3,0.6088989608,2.9443
12000,444.35,0.6088723744,2.94435
12000,444.4,0.6088458065,2.9444
12000,444.45,0.6088192571,2.94445
12000,444.5,0.6087927264,2.9445
12000,444.55,0.6087662142,2.94455
12000,444.6,0.6087397207,2.9446
12000,444.65,0.6087132458,2.94465
12000,444.7,0.6086867895,2.9447
12000,444.75,0.6086603518,2.94475
12000,444.8,0.6086339328,2.9448
12000,444.85,0.6086075325,2.94485
12000,444.9,0.6085811509,2.9449
12000,444.95,0.608554788,2.94495
12000,445,0.6085284438,2.945
12000,445.05,0.6085021183,2.94505
12000,445.1,0.6084758115,2.9451
12000,445.15,0.6084495235,2.94515
12000,445.2,0.6084232543,2.9452
12000,445.25,0.6083970039,2.94525
12000,445.3,0.6083707722,2.9453
12000,445.35,0.6083445594,2.94535
12000,445.4,0.6083183653,2.9454
12000,445.45,0.6082921901,2.94545
12000,445.5,0.6082660338,2.9455
12000,445.55,0.6082398963,2.94555
12000,445.6,0.6082137777,2.9456
12000,445.65,0.6081876779,2.94565
12000,445.7,0.6081615971,2.9457
12000,445.75,0.6081355352,2.94575
12000,445.8,0.6081094921,2.9458
12000,445.85,0.6080834681,2.94585
12000,445.9,0.6080574629,2.9459
12000,445.95,0.6080314768,2.94595
12000,446,0.6080055096,2.946
12000,446.05,0.6079795614,2.94605
12000,446.1,0.6079536322,2.9461
12000,446.15,0.607927722,2.94615
12000,446.2,0.6079018309,2.9462
12000,446.25,0.6078759588,2.94625
12000,446.3,0.6078501057,2.9463
12000,446.35,0.6078242717,2.94635
12000,446.4,0.6077984568,2.9464
12000,446.45,0.607772661,2.94645
12000,446.5,0.6077468843,2.9465
12000,446.55,0.6077211267,2.94655
12000,446.6,0.6076953882,2.9466
12000,446.65,0.6076696689,2.94665
12000,446.7,0.6076439687,2.9467
12000,446.75,0.6076182878,2.94675
12000,446.8,0.607592626,2.9468
12000,446.85,0.6075669833,2.94685
12000,446.9,0.6075413599,2.9469
12000,446.95,0.6075157558,2.94695
12000,447,0.6074901708,2.947
12000,447.05,0.6074646051,2.94705
12000,447.1,0.6074390587,2.9471
12000,447.15,0.6074135315,2.94715
12000,447.2,0.6073880237,2.9472
12000,447.25,0.6073625351,2.94725
12000,447.3,0.6073370658,2.9473
12000,447.35,0.6073116159,2.94735
12000,447.4,0.6072861853,2.9474
12000,447.45,0.607260774,2.94745
12000,447.5,0.6072353821,2.9475
12000,447.55,0.6072100096,2.94755
12000,447.6,0.6071846565,2.9476
12000,447.65,0.6071593228,2.94765
12000,447.7,0.6071340085,2.9477
12000,447.75,0.6071087136,2.94775
12000,447.8,0.6070834382,2.9478
12000,447.85,0.6070581822,2.94785
12000,447.9,0.6070329457,2.9479
12000,447.95,0.6070077286,2.94795
12000,448,0.6069825311,2.948
12000,448.05,0.606957353,2.94805
12000,448.1,0.6069321945,2.9481
12000,448.15,0.6069070555,2.94815
12000,448.2,0.6068819361,2.9482
12000,448.25,0.6068568362,2.94825
12000,448.3,0.6068317558,2.9483
12000,448.35,0.6068066951,2.94835
12000,448.4,0.6067816539,2.9484
12000,448.45,0.6067566324,2.94845
12000,448.5,0.6067316304,2.9485
12000,448.55,0.6067066481,2.94855
12000,448.6,0.6066816854,2.9486
12000,448.65,0.6066567424,2.94865
12000,448.7,0.6066318191,2.9487
12000,448.75,0.6066069154,2.94875
12000,448.8,0.6065820315,2.9488
12000,448.85,0.6065571672,2.94885
12000,448.9,0.6065323227,2.9489
12000,448.95,0.6065074979,2.94895
12000,449,0.6064826928,2.949
12000,449.05,0.6064579075,2.94905
12000,449.1,0.606433142,2.9491
12000,449.15,0.6064083962,2.94915
12000,449.2,0.6063836702,2.9492
12000,449.25,0.6063589641,2.94925
12000,449.3,0.6063342778,2.9493
12000,449.35,0.6063096112,2.94935
12000,449.4,0.6062849646,2.9494
12000,449.45,0.6062603378,2.94945
12000,449.5,0.6062357308,2.9495
12000,449.55,0.6062111438,2.94955
12000,449.6,0.6061865766,2.9496
12000,449.65,0.6061620294,2.94965
12000,449.7,0.6061375021,2.9497
12000,449.75,0.6061129947,2.94975
12000,449.8,0.6060885072,2.9498
12000,449.85,0.6060640397,2.94985
12000,449.9,0.6060395922,2.9499
12000,449.95,0.6060151646,2.94995
12000,450,0.6059907571,2.95
12000,450.05,0.6059663695,2.95005
12000,450.1,0.605942002,2.9501
12000,450.15,0.6059176545,2.95015
12000,450.2,0.605893327,2.9502
12000,450.25,0.6058690196,2.95025
12000,450.3,0.6058447323,2.9503
12000,450.35,0.605820465,2.95035
12000,450.4,0.6057962179,2.9504
12000,450.45,0.6057719908,2.95045
12000,450.5,0.6057477839,2.9505
12000,450.55,0.605723597,2.95055
12000,450.6,0.6056994304,2.9506
12000,450.65,0.6056752839,2.95065
12000,450.7,0.6056511575,2.9507
12000,450.75,0.6056270513,2.95075
12000,450.8,0.6056029654,2.9508
12000,450.85,0.6055788996,2.95085
12000,450.9,0.605554854,2.9509
12000,450.95,0.6055308287,2.95095
12000,451,0.6055068236,2.951
12000,451.05,0.6054828387,2.95105
12000,451.1,0.6054588742,2.9511
12000,451.15,0.6054349299,2.95115
12000,451.2,0.6054110059,2.9512
12000,451.25,0.6053871021,2.95125
12000,451.3,0.6053632187,2.9513
12000,451.35,0.6053393557,2.95135
12000,451.4,0.6053155129,2.9514
12000,451.45,0.6052916905,2.95145
12000,451.5,0.6052678885,2.9515
12000,451.55,0.6052441069,2.95155
12000,451.6,0.6052203456,2.9516
12000,451.65,0.6051966047,2.95165
12000,451.7,0.6051728843,2.9517
12000,451.75,0.6051491842,2.95175
12000,451.8,0.6051255046,2.9518
12000,451.85,0.6051018455,2.95185
12000,451.9,0.6050782068,2.9519
12000,451.95,0.6050545885,2.95195
12000,452,0.6050309908,2.952
12000,452.05,0.6050074135,2.95205
12000,452.1,0.6049838568,2.9521
12000,452.15,0.6049603206,2.95215
12000,452.2,0.6049368049,2.9522
12000,452.25,0.6049133097,2.95225
12000,452.3,0.6048898351,2.9523
12000,452.35,0.6048663811,2.95235
12000,452.4,0.6048429476,2.9524
12000,452.45,0.6048195348,2.95245
12000,452.5,0.6047961425,2.9525
12000,452.55,0.6047727708,2.95255
12000,452.6,0.6047494198,2.9526
12000,452.65,0.6047260894,2.95265
12000,452.7,0.6047027797,2.9527
12000,452.75,0.6046794906,2.95275
12000,452.8,0.6046562222,2.9528
12000,452.85,0.6046329745,2.95285
12000,452.9,0.6046097475,2.9529
12000,452.95,0.6045865412,2.95295
12000,453,0.6045633556,2.953
12000,453.05,0.6045401908,2.95305
12000,453.1,0.6045170467,2.9531
12000,453.15,0.6044939233,2.95315
12000,453.2,0.6044708207,2.9532
12000,453.25,0.6044477389,2.95325
12000,453.3,0.6044246779,2.9533
12000,453.35,0.6044016377,2.95335
12000,453.4,0.6043786183,2.9534
12000,453.45,0.6043556198,2.95345
12000,453.5,0.6043326421,2.9535
12000,453.55,0.6043096852,2.95355
12000,453.6,0.6042867492,2.9536
12000,453.65,0.6042638341,2.95365
12000,453.7,0.6042409398,2.9537
12000,453.75,0.6042180665,2.95375
12000,453.8,0.604195214,2.9538
12000,453.85,0.6041723825,2.95385
12000,453.9,0.6041495719,2.9539
12000,453.95,0.6041267823,2.95395
12000,454,0.6041040136,2.954
12000,454.05,0.6040812659,2.95405
12000,454.1,0.6040585392,2.9541
12000,454.15,0.6040358334,2.95415
12000,454.2,0.6040131487,2.9542
12000,454.25,0.603990485,2.95425
12000,454.3,0.6039678423,2.9543
12000,454.35,0.6039452206,2.95435
12000,454.4,0.60392262,2.9544
12000,454.45,0.6039000405,2.95445
12000,454.5,0.603877482,2.9545
12000,454.55,0.6038549446,2.95455
12000,454.6,0.6038324283,2.9546
12000,454.65,0.6038099332,2.95465
12000,454.7,0.6037874591,2.9547
12000,454.75,0.6037650062,2.95475
12000,454.8,0.6037425744,2.9548
12000,454.85,0.6037201637,2.95485
12000,454.9,0.6036977743,2.9549
12000,454.95,0.603675406,2.95495
12000,455,0.6036530589,2.955
12000,455.05,0.603630733,2.95505
12000,455.1,0.6036084283,2.9551
12000,455.15,0.6035861448,2.95515
12000,455.2,0.6035638826,2.9552
12000,455.25,0.6035416416,2.95525
12000,455.3,0.6035194218,2.9553
12000,455.35,0.6034972234,2.95535
12000,455.4,0.6034750462,2.9554
12000,455.45,0.6034528903,2.95545
12000,455.5,0.6034307557,2.9555
12000,455.55,0.6034086424,2.95555
12000,455.6,0.6033865505,2.9556
12000,455.65,0.6033644798,2.95565
12000,455.7,0.6033424306,2.9557
12000,455.75,0.6033204027,2.95575
12000,455.8,0.6032983961,2.9558
12000,455.85,0.603276411,2.95585
12000,455.9,0.6032544472,2.9559
12000,455.95,0.6032325049,2.95595
12000,456,0.6032105839,2.956
12000,456.05,0.6031886844,2.95605
12000,456.1,0.6031668063,2.9561
12000,456.15,0.6031449497,2.95615
12000,456.2,0.6031231145,2.9562
12000,456.25,0.6031013009,2.95625
12000,456.3,0.6030795086,2.9563
12000,456.35,0.6030577379,2.95635
12000,456.4,0.6030359887,2.9564
12000,456.45,0.603014261,2.95645
12000,456.5,0.6029925549,2.9565
12000,456.55,0.6029708703,2.95655
12000,456.6,0.6029492072,2.9566
12000,456.65,0.6029275657,2.95665
12000,456.7,0.6029059457,2.9567
12000,456.75,0.6028843474,2.95675
12000,456.8,0.6028627706,2.9568
12000,456.85,0.6028412155,2.95685
12000,456.9,0.602819682,2.9569
12000,456.95,0.6027981701,2.95695
12000,457,0.6027766798,2.957
12000,457.05,0.6027552112,2.95705
12000,457.1,0.6027337642,2.9571
12000,457.15,0.602712339,2.95715
12000,457.2,0.6026909354,2.9572
12000,457.25,0.6026695535,2.95725
12000,457.3,0.6026481933,2.9573
12000,457.35,0.6026268548,2.95735
12000,457.4,0.6026055381,2.9574
12000,457.45,0.6025842431,2.95745
12000,457.5,0.6025629698,2.9575
12000,457.55,0.6025417183,2.95755
12000,457.6,0.6025204886,2.9576
12000,457.65,0.6024992807,2.95765
12000,457.7,0.6024780945,2.9577
12000,457.75,0.6024569302,2.95775
12000,457.8,0.6024357877,2.9578
12000,457.85,0.602414667,2.95785
12000,457.9,0.6023935681,2.9579
12000,457.95,0.6023724911,2.95795
12000,458,0.602351436,2.958
12000,458.05,0.6023304027,2.95805
12000,458.1,0.6023093913,2.9581
12000,458.15,0.6022884018,2.95815
12000,458.2,0.6022674342,2.9582
12000,458.25,0.6022464885,2.95825
12000,458.3,0.6022255648,2.9583
12000,458.35,0.6022046629,2.95835
12000,458.4,0.6021837831,2.9584
12000,458.45,0.6021629252,2.95845
12000,458.5,0.6021420892,2.9585
12000,458.55,0.6021212752,2.95855
12000,458.6,0.6021004833,2.9586
12000,458.65,0.6020797133,2.95865
12000,458.7,0.6020589653,2.9587
12000,458.75,0.6020382394,2.95875
12000,458.8,0.6020175354,2.9588
12000,458.85,0.6019968536,2.95885
12000,458.9,0.6019761938,2.9589
12000,458.95,0.601955556,2.95895
12000,459,0.6019349403,2.959
12000,459.05,0.6019143467,2.95905
12000,459.1,0.6018937752,2.9591
12000,459.15,0.6018732259,2.95915
12000,459.2,0.6018526986,2.9592
12000,459.25,0.6018321935,2.95925
12000,459.3,0.6018117105,2.9593
12000,459.35,0.6017912496,2.95935
12000,459.4,0.6017708109,2.9594
12000,459.45,0.6017503944,2.95945
12000,459.5,0.6017300001,2.9595
12000,459.55,0.6017096279,2.95955
12000,459.6,0.601689278,2.9596
12000,459.65,0.6016689503,2.95965
12000,459.7,0.6016486448,2.9597
12000,459.75,0.6016283615,2.95975
12000,459.8,0.6016081005,2.9598
12000,459.85,0.6015878617,2.95985
12000,459.9,0.6015676452,2.9599
12000,459.95,0.601547451,2.95995
12000,460,0.6015272791,2.96
12000,460.05,0.6015071294,2.96005
12000,460.1,0.6014870021,2.9601
12000,460.15,0.6014668971,2.96015
12000,460.2,0.6014468144,2.9602
12000,460.25,0.6014267541,2.96025
12000,460.3,0.6014067161,2.9603
12000,460.35,0.6013867005,2.96035
12000,460.4,0.6013667072,2.9604
12000,460.45,0.6013467363,2.96045
12000,460.5,0.6013267878,2.9605
12000,460.55,0.6013068618,2.96055
12000,460.6,0.6012869581,2.9606
12000,460.65,0.6012670768,2.96065
12000,460.7,0.601247218,2.9607
12000,460.75,0.6012273817,2.96075
12000,460.8,0.6012075677,2.9608
12000,460.85,0.6011877763,2.96085
12000,460.9,0.6011680073,2.9609
12000,460.95,0.6011482608,2.96095
12000,461,0.6011285368,2.961
12000,461.05,0.6011088353,2.96105
12000,461.1,0.6010891563,2.9611
12000,461.15,0.6010694999,2.96115
12000,461.2,0.601049866,2.9612
12000,461.25,0.6010302546,2.96125
12000,461.3,0.6010106658,2.9613
12000,461.35,0.6009910995,2.96135
12000,461.4,0.6009715559,2.9614
12000,461.45,0.6009520348,2.96145
12000,461.5,0.6009325363,2.9615
12000,461.55,0.6009130604,2.96155
12000,461.6,0.6008936071,2.9616
12000,461.65,0.6008741765,2.96165
12000,461.7,0.6008547685,2.9617
12000,461.75,0.6008353831,2.96175
12000,461.8,0.6008160204,2.9618
12000,461.85,0.6007966804,2.96185
12000,461.9,0.6007773631,2.9619
12000,461.95,0.6007580684,2.96195
12000,462,0.6007387964,2.962
12000,462.05,0.6007195472,2.96205
12000,462.1,0.6007003207,2.9621
12000,462.15,0.6006811168,2.96215
12000,462.2,0.6006619358,2.9622
12000,462.25,0.6006427774,2.96225
12000,462.3,0.6006236419,2.9623
12000,462.35,0.6006045291,2.96235
12000,462.4,0.6005854391,2.9624
12000,462.45,0.6005663718,2.96245
12000,462.5,0.6005473274,2.9625
12000,462.55,0.6005283058,2.96255
12000,462.6,0.600509307,2.9626
12000,462.65,0.600490331,2.96265
12000,462.7,0.6004713779,2.9627
12000,462.75,0.6004524476,2.96275
12000,462.8,0.6004335401,2.9628
12000,462.85,0.6004146556,2.96285
12000,462.9,0.6003957939,2.9629
12000,462.95,0.6003769551,2.96295
12000,463,0.6003581392,2.963
12000,463.05,0.6003393462,2.96305
12000,463.1,0.6003205761,2.9631
12000,463.15,0.6003018289,2.96315
12000,463.2,0.6002831047,2.9632
12000,463.25,0.6002644034,2.96325
12000,463.3,0.6002457251,2.9633
12000,463.35,0.6002270697,2.96335
12000,463.4,0.6002084374,2.9634
12000,463.45,0.600189828,2.96345
12000,463.5,0.6001712416,2.9635
12000,463.55,0.6001526782,2.96355
12000,463.6,0.6001341378,2.9636
12000,463.65,0.6001156204,2.96365
12000,463.7,0.6000971261,2.9637
12000,463.75,0.6000786548,2.96375
12000,463.8,0.6000602066,2.9638
12000,463.85,0.6000417814,2.96385
12000,463.9,0.6000233793,2.9639
12000,463.95,0.6000050003,2.96395
12000,464,0.5999866444,2.964
12000,464.05,0.5999683116,2.96405
12000,464.1,0.5999500018,2.9641
12000,464.15,0.5999317153,2.96415
12000,464.2,0.5999134518,2.9642
12000,464.25,0.5998952115,2.96425
12000,464.3,0.5998769943,2.9643
12000,464.35,0.5998588003,2.96435
12000,464.4,0.5998406294,2.9644
12000,464.45,0.5998224818,2.96445
12000,464.5,0.5998043573,2.9645
12000,464.55,0.599786256,2.96455
12000,464.6,0.5997681779,2.9646
12000,464.65,0.5997501231,2.96465
12000,464.7,0.5997320914,2.9647
12000,464.75,0.599714083,2.96475
12000,464.8,0.5996960978,2.9648
12000,464.85,0.5996781359,2.96485
12000,464.9,0.5996601973,2.9649
12000,464.95,0.5996422819,2.96495
12000,465,0.5996243898,2.965
12000,465.05,0.599606521,2.96505
12000,465.1,0.5995886755,2.9651
12000,465.15,0.5995708533,2.96515
12000,465.2,0.5995530544,2.9652
12000,465.25,0.5995352789,2.96525
12000,465.3,0.5995175267,2.9653
12000,465.35,0.5994997978,2.96535
12000,465.4,0.5994820923,2.9654
12000,465.45,0.5994644101,2.96545
12000,465.5,0.5994467514,2.9655
12000,465.55,0.599429116,2.96555
12000,465.6,0.599411504,2.9656
12000,465.65,0.5993939154,2.96565
12000,465.7,0.5993763502,2.9657
12000,465.75,0.5993588085,2.96575
12000,465.8,0.5993412901,2.9658
12000,465.85,0.5993237953,2.96585
12000,465.9,0.5993063238,2.9659
12000,465.95,0.5992888758,2.96595
12000,466,0.5992714513,2.966
12000,466.05,0.5992540503,2.96605
12000,466.1,0.5992366727,2.9661
12000,466.15,0.5992193186,2.96615
12000,466.2,0.5992019881,2.9662
12000,466.25,0.599184681,2.96625
12000,466.3,0.5991673975,2.9663
12000,466.35,0.5991501375,2.96635
12000,466.4,0.5991329011,2.9664
12000,466.45,0.5991156882,2.96645
12000,466.5,0.5990984988,2.9665
12000,466.55,0.599081333,2.96655
12000,466.6,0.5990641908,2.9666
12000,466.65,0.5990470722,2.96665
12000,466.7,0.5990299772,2.9667
12000,466.75,0.5990129057,2.96675
12000,466.8,0.5989958579,2.9668
12000,466.85,0.5989788337,2.96685
12000,466.9,0.5989618331,2.9669
12000,466.95,0.5989448562,2.96695
12000,467,0.5989279029,2.967
12000,467.05,0.5989109733,2.96705
12000,467.1,0.5988940674,2.9671
12000,467.15,0.5988771851,2.96715
12000,467.2,0.5988603265,2.9672
12000,467.25,0.5988434916,2.96725
12000,467.3,0.5988266803,2.9673
12000,467.35,0.5988098928,2.96735
12000,467.4,0.5987931291,2.9674
12000,467.45,0.598776389,2.96745
12000,467.5,0.5987596727,2.9675
12000,467.55,0.5987429801,2.96755
12000,467.6,0.5987263113,2.9676
12000,467.65,0.5987096662,2.96765
12000,467.7,0.5986930449,2.9677
12000,467.75,0.5986764474,2.96775
12000,467.8,0.5986598737,2.9678
12000,467.85,0.5986433238,2.96785
12000,467.9,0.5986267977,2.9679
12000,467.95,0.5986102954,2.96795
12000,468,0.5985938169,2.968
12000,468.05,0.5985773623,2.96805
12000,468.1,0.5985609315,2.9681
12000,468.15,0.5985445245,2.96815
12000,468.2,0.5985281414,2.9682
12000,468.25,0.5985117822,2.96825
12000,468.3,0.5984954468,2.9683
12000,468.35,0.5984791353,2.96835
12000,468.4,0.5984628478,2.9684
12000,468.45,0.5984465841,2.96845
12000,468.5,0.5984303443,2.9685
12000,468.55,0.5984141285,2.96855
12000,468.6,0.5983979365,2.9686
12000,468.65,0.5983817686,2.96865
12000,468.7,0.5983656245,2.9687
12000,468.75,0.5983495044,2.96875
12000,468.8,0.5983334083,2.9688
12000,468.85,0.5983173361,2.96885
12000,468.9,0.5983012879,2.9689
12000,468.95,0.5982852637,2.96895
12000,469,0.5982692635,2.969
12000,469.05,0.5982532873,2.96905
12000,469.1,0.5982373351,2.9691
12000,469.15,0.598221407,2.96915
12000,469.2,0.5982055028,2.9692
12000,469.25,0.5981896227,2.96925
12000,469.3,0.5981737667,2.9693
12000,469.35,0.5981579347,2.96935
12000,469.4,0.5981421267,2.9694
12000,469.45,0.5981263429,2.96945
12000,469.5,0.5981105831,2.9695
12000,469.55,0.5980948473,2.96955
12000,469.6,0.5980791357,2.9696
12000,469.65,0.5980634482,2.96965
12000,469.7,0.5980477848,2.9697
12000,469.75,0.5980321456,2.96975
12000,469.8,0.5980165304,2.9698
12000,469.85,0.5980009394,2.96985
12000,469.9,0.5979853725,2.9699
12000,469.95,0.5979698298,2.96995
12000,470,0.5979543113,2.97
12000,470.05,0.5979388169,2.97005
12000,470.1,0.5979233467,2.9701
12000,470.15,0.5979079006,2.97015
12000,470.2,0.5978924788,2.9702
12000,470.25,0.5978770812,2.97025
12000,470.3,0.5978617078,2.9703
12000,470.35,0.5978463586,2.97035
12000,470.4,0.5978310336,2.9704
12000,470.45,0.5978157329,2.97045
12000,470.5,0.5978004564,2.9705
12000,470.55,0.5977852041,2.97055
12000,470.6,0.5977699762,2.9706
12000,470.65,0.5977547725,2.97065
12000,470.7,0.597739593,2.9707
12000,470.75,0.5977244379,2.97075
12000,470.8,0.597709307,2.9708
12000,470.85,0.5976942004,2.97085
12000,470.9,0.5976791182,2.9709
12000,470.95,0.5976640602,2.97095
12000,471,0.5976490266,2.971
12000,471.05,0.5976340173,2.97105
12000,471.1,0.5976190323,2.9711
12000,471.15,0.5976040717,2.97115
12000,471.2,0.5975891355,2.9712
12000,471.25,0.5975742236,2.97125
12000,471.3,0.5975593361,2.9713
12000,471.35,0.5975444729,2.97135
12000,471.4,0.5975296342,2.9714
12000,471.45,0.5975148198,2.97145
12000,471.5,0.5975000299,2.9715
12000,471.55,0.5974852643,2.97155
12000,471.6,0.5974705232,2.9716
12000,471.65,0.5974558065,2.97165
12000,471.7,0.5974411142,2.9717
12000,471.75,0.5974264464,2.97175
12000,471.8,0.597411803,2.9718
12000,471.85,0.5973971841,2.97185
12000,471.9,0.5973825896,2.9719
12000,471.95,0.5973680196,2.97195
12000,472,0.5973534741,2.972
12000,472.05,0.5973389531,2.97205
12000,472.1,0.5973244565,2.9721
12000,472.15,0.5973099845,2.97215
12000,472.2,0.597295537,2.9722
12000,472.25,0.597281114,2.97225
12000,472.3,0.5972667155,2.9723
12000,472.35,0.5972523416,2.97235
12000,472.4,0.5972379922,2.9724
12000,472.45,0.5972236673,2.97245
12000,472.5,0.597209367,2.9725
12000,472.55,0.5971950913,2.97255
12000,472.6,0.5971808401,2.9726
12000,472.65,0.5971666136,2.97265
12000,472.7,0.5971524116,2.9727
12000,472.75,0.5971382342,2.97275
12000,472.8,0.5971240814,2.9728
12000,472.85,0.5971099532,2.97285
12000,472.9,0.5970958496,2.9729
12000,472.95,0.5970817707,2.97295
12000,473,0.5970677163,2.973
12000,473.05,0.5970536867,2.97305
12000,473.1,0.5970396816,2.9731
12000,473.15,0.5970257012,2.97315
12000,473.2,0.5970117455,2.9732
12000,473.25,0.5969978145,2.97325
12000,473.3,0.5969839081,2.9733
12000,473.35,0.5969700264,2.97335
12000,473.4,0.5969561694,2.9734
12000,473.45,0.5969423371,2.97345
12000,473.5,0.5969285295,2.9735
12000,473.55,0.5969147466,2.97355
12000,473.6,0.5969009885,2.9736
12000,473.65,0.596887255,2.97365
12000,473.7,0.5968735463,2.9737
12000,473.75,0.5968598624,2.97375
12000,473.8,0.5968462032,2.9738
12000,473.85,0.5968325687,2.97385
12000,473.9,0.596818959,2.9739
12000,473.95,0.5968053741,2.97395
12000,474,0.596791814,2.974
12000,474.05,0.5967782786,2.97405
12000,474.1,0.596764768,2.9741
12000,474.15,0.5967512823,2.97415
12000,474.2,0.5967378213,2.9742
12000,474.25,0.5967243852,2.97425
12000,474.3,0.5967109738,2.9743
12000,474.35,0.5966975874,2.97435
12000,474.4,0.5966842257,2.9744
12000,474.45,0.5966708889,2.97445
12000,474.5,0.5966575769,2.9745
12000,474.55,0.5966442898,2.97455
12000,474.6,0.5966310276,2.9746
12000,474.65,0.5966177902,2.97465
12000,474.7,0.5966045777,2.9747
12000,474.75,0.5965913901,2.97475
12000,474.8,0.5965782273,2.9748
12000,474.85,0.5965650895,2.97485
12000,474.9,0.5965519766,2.9749
12000,474.95,0.5965388886,2.97495
12000,475,0.5965258255,2.975
12000,475.05,0.5965127874,2.97505
12000,475.1,0.5964997741,2.9751
12000,475.15,0.5964867859,2.97515
12000,475.2,0.5964738225,2.9752
12000,475.25,0.5964608841,2.97525
12000,475.3,0.5964479707,2.9753
12000,475.35,0.5964350823,2.97535
12000,475.4,0.5964222188,2.9754
12000,475.45,0.5964093803,2.97545
12000,475.5,0.5963965668,2.9755
12000,475.55,0.5963837783,2.97555
12000,475.6,0.5963710148,2.9756
12000,475.65,0.5963582763,2.97565
12000,475.7,0.5963455628,2.9757
12000,475.75,0.5963328743,2.97575
12000,475.8,0.5963202109,2.9758
12000,475.85,0.5963075725,2.97585
12000,475.9,0.5962949591,2.9759
12000,475.95,0.5962823708,2.97595
12000,476,0.5962698076,2.976
12000,476.05,0.5962572694,2.97605
12000,476.1,0.5962447563,2.9761
12000,476.15,0.5962322683,2.97615
12000,476.2,0.5962198053,2.9762
12000,476.25,0.5962073674,2.97625
12000,476.3,0.5961949547,2.9763
12000,476.35,0.596182567,2.97635
12000,476.4,0.5961702044,2.9764
12000,476.45,0.596157867,2.97645
12000,476.5,0.5961455547,2.9765
12000,476.55,0.5961332675,2.97655
12000,476.6,0.5961210054,2.9766
12000,476.65,0.5961087685,2.97665
12000,476.7,0.5960965568,2.9767
12000,476.75,0.5960843701,2.97675
12000,476.8,0.5960722087,2.9768
12000,476.85,0.5960600724,2.97685
12000,476.9,0.5960479613,2.9769
12000,476.95,0.5960358754,2.97695
12000,477,0.5960238147,2.977
12000,477.05,0.5960117791,2.97705
12000,477.1,0.5959997688,2.9771
12000,477.15,0.5959877837,2.97715
12000,477.2,0.5959758237,2.9772
12000,477.25,0.595963889,2.97725
12000,477.3,0.5959519796,2.9773
12000,477.35,0.5959400953,2.97735
12000,477.4,0.5959282363,2.9774
12000,477.45,0.5959164026,2.97745
12000,477.5,0.595904594,2.9775
12000,477.55,0.5958928108,2.97755
12000,477.6,0.5958810528,2.9776
12000,477.65,0.5958693201,2.97765
12000,477.7,0.5958576127,2.9777
12000,477.75,0.5958459305,2.97775
12000,477.8,0.5958342736,2.9778
12000,477.85,0.5958226421,2.97785
12000,477.9,0.5958110358,2.9779
12000,477.95,0.5957994548,2.97795
12000,478,0.5957878992,2.978
12000,478.05,0.5957763688,2.97805
12000,478.1,0.5957648638,2.9781
12000,478.15,0.5957533842,2.97815
12000,478.2,0.5957419298,2.9782
12000,478.25,0.5957305008,2.97825
12000,478.3,0.5957190972,2.9783
12000,478.35,0.5957077189,2.97835
12000,478.4,0.595696366,2.9784
12000,478.45,0.5956850385,2.97845
12000,478.5,0.5956737363,2.9785
12000,478.55,0.5956624595,2.97855
12000,478.6,0.5956512081,2.9786
12000,478.65,0.5956399821,2.97865
12000,478.7,0.5956287814,2.9787
12000,478.75,0.5956176062,2.97875
12000,478.8,0.5956064564,2.9788
12000,478.85,0.595595332,2.97885
12000,478.9,0.5955842331,2.9789
12000,478.95,0.5955731596,2.97895
12000,479,0.5955621115,2.979
12000,479.05,0.5955510888,2.97905
12000,479.1,0.5955400916,2.9791
12000,479.15,0.5955291198,2.97915
12000,479.2,0.5955181735,2.9792
12000,479.25,0.5955072527,2.97925
12000,479.3,0.5954963573,2.9793
12000,479.35,0.5954854874,2.97935
12000,479.4,0.595474643,2.9794
12000,479.45,0.5954638241,2.97945
12000,479.5,0.5954530307,2.9795
12000,479.55,0.5954422627,2.97955
12000,479.6,0.5954315203,2.9796
12000,479.65,0.5954208034,2.97965
12000,479.7,0.595410112,2.9797
12000,479.75,0.5953994461,2.97975
12000,479.8,0.5953888058,2.9798
12000,479.85,0.5953781909,2.97985
12000,479.9,0.5953676017,2.9799
12000,479.95,0.5953570379,2.97995
12000,480,0.5953464997,2.98
12000,480.05,0.5953359871,2.98005
12000,480.1,0.5953255,2.9801
12000,480.15,0.5953150385,2.98015
12000,480.2,0.5953046026,2.9802
12000,480.25,0.5952941922,2.98025
12000,480.3,0.5952838075,2.9803
12000,480.35,0.5952734483,2.98035
12000,480.4,0.5952631147,2.9804
12000,480.45,0.5952528067,2.98045
12000,480.5,0.5952425244,2.9805
12000,480.55,0.5952322676,2.98055
12000,480.6,0.5952220364,2.9806
12000,480.65,0.5952118309,2.98065
12000,480.7,0.595201651,2.9807
12000,480.75,0.5951914967,2.98075
12000,480.8,0.5951813681,2.9808
12000,480.85,0.5951712651,2.98085
12000,480.9,0.5951611878,2.9809
12000,480.95,0.5951511361,2.98095
12000,481,0.5951411101,2.981
12000,481.05,0.5951311098,2.98105
12000,481.1,0.5951211351,2.9811
12000,481.15,0.5951111861,2.98115
12000,481.2,0.5951012627,2.9812
12000,481.25,0.5950913651,2.98125
12000,481.3,0.5950814932,2.9813
12000,481.35,0.5950716469,2.98135
12000,481.4,0.5950618264,2.9814
12000,481.45,0.5950520315,2.98145
12000,481.5,0.5950422624,2.9815
12000,481.55,0.595032519,2.98155
12000,481.6,0.5950228013,2.9816
12000,481.65,0.5950131094,2.98165
12000,481.7,0.5950034431,2.9817
12000,481.75,0.5949938027,2.98175
12000,481.8,0.5949841879,2.9818
12000,481.85,0.5949745989,2.98185
12000,481.9,0.5949650357,2.9819
12000,481.95,0.5949554982,2.98195
12000,482,0.5949459865,2.982
12000,482.05,0.5949365006,2.98205
12000,482.1,0.5949270404,2.9821
12000,482.15,0.5949176061,2.98215
12000,482.2,0.5949081975,2.9822
12000,482.25,0.5948988147,2.98225
12000,482.3,0.5948894577,2.9823
12000,482.35,0.5948801264,2.98235
12000,482.4,0.594870821,2.9824
12000,482.45,0.5948615414,2.98245
12000,482.5,0.5948522877,2.9825
12000,482.55,0.5948430597,2.98255
12000,482.6,0.5948338576,2.9826
12000,482.65,0.5948246813,2.98265
12000,482.7,0.5948155308,2.9827
12000,482.75,0.5948064062,2.98275
12000,482.8,0.5947973074,2.9828
12000,482.85,0.5947882345,2.98285
12000,482.9,0.5947791874,2.9829
12000,482.95,0.5947701662,2.98295
12000,483,0.5947611708,2.983
12000,483.05,0.5947522013,2.98305
12000,483.1,0.5947432577,2.9831
12000,483.15,0.59473434,2.98315
12000,483.2,0.5947254481,2.9832
12000,483.25,0.5947165822,2.98325
12000,483.3,0.5947077421,2.9833
12000,483.35,0.594698928,2.98335
12000,483.4,0.5946901397,2.9834
12000,483.45,0.5946813773,2.98345
12000,483.5,0.5946726409,2.9835
12000,483.55,0.5946639304,2.98355
12000,483.6,0.5946552457,2.9836
12000,483.65,0.5946465871,2.98365
12000,483.7,0.5946379543,2.9837
12000,483.75,0.5946293475,2.98375
12000,483.8,0.5946207666,2.9838
12000,483.85,0.5946122117,2.98385
12000,483.9,0.5946036827,2.9839
12000,483.95,0.5945951797,2.98395
12000,484,0.5945867026,2.984
12000,484.05,0.5945782515,2.98405
12000,484.1,0.5945698263,2.9841
12000,484.15,0.5945614272,2.98415
12000,484.2,0.594553054,2.9842
12000,484.25,0.5945447068,2.98425
12000,484.3,0.5945363855,2.9843
12000,484.35,0.5945280903,2.98435
12000,484.4,0.5945198211,2.9844
12000,484.45,0.5945115778,2.98445
12000,484.5,0.5945033606,2.9845
12000,484.55,0.5944951693,2.98455
12000,484.6,0.5944870041,2.9846
12000,484.65,0.5944788649,2.98465
12000,484.7,0.5944707517,2.9847
12000,484.75,0.5944626646,2.98475
12000,484.8,0.5944546034,2.9848
12000,484.85,0.5944465683,2.98485
12000,484.9,0.5944385593,2.9849
12000,484.95,0.5944305762,2.98495
12000,485,0.5944226193,2.985
12000,485.05,0.5944146884,2.98505
12000,485.1,0.5944067835,2.9851
12000,485.15,0.5943989047,2.98515
12000,485.2,0.5943910519,2.9852
12000,485.25,0.5943832253,2.98525
12000,485.3,0.5943754247,2.9853
12000,485.35,0.5943676501,2.98535
12000,485.4,0.5943599017,2.9854
12000,485.45,0.5943521793,2.98545
12000,485.5,0.5943444831,2.9855
12000,485.55,0.5943368129,2.98555
12000,485.6,0.5943291688,2.9856
12000,485.65,0.5943215508,2.98565
12000,485.7,0.5943139589,2.9857
12000,485.75,0.5943063932,2.98575
12000,485.8,0.5942988535,2.9858
12000,485.85,0.59429134,2.98585
12000,485.9,0.5942838526,2.9859
12000,485.95,0.5942763913,2.98595
12000,486,0.5942689561,2.986
12000,486.05,0.5942615471,2.98605
12000,486.1,0.5942541642,2.9861
12000,486.15,0.5942468075,2.98615
12000,486.2,0.5942394768,2.9862
12000,486.25,0.5942321724,2.98625
12000,486.3,0.5942248941,2.9863
12000,486.35,0.594217642,2.98635
12000,486.4,0.594210416,2.9864
12000,486.45,0.5942032162,2.98645
12000,486.5,0.5941960425,2.9865
12000,486.55,0.594188895,2.98655
12000,486.6,0.5941817737,2.9866
12000,486.65,0.5941746786,2.98665
12000,486.7,0.5941676097,2.9867
12000,486.75,0.5941605669,2.98675
12000,486.8,0.5941535504,2.9868
12000,486.85,0.59414656,2.98685
12000,486.9,0.5941395958,2.9869
12000,486.95,0.5941326579,2.98695
12000,487,0.5941257461,2.987
12000,487.05,0.5941188606,2.98705
12000,487.1,0.5941120013,2.9871
12000,487.15,0.5941051682,2.98715
12000,487.2,0.5940983613,2.9872
12000,487.25,0.5940915806,2.98725
12000,487.3,0.5940848262,2.9873
12000,487.35,0.594078098,2.98735
12000,487.4,0.594071396,2.9874
12000,487.45,0.5940647203,2.98745
12000,487.5,0.5940580708,2.9875
12000,487.55,0.5940514476,2.98755
12000,487.6,0.5940448506,2.9876
12000,487.65,0.5940382798,2.98765
12000,487.7,0.5940317354,2.9877
12000,487.75,0.5940252172,2.98775
12000,487.8,0.5940187252,2.9878
12000,487.85,0.5940122595,2.98785
12000,487.9,0.5940058201,2.9879
12000,487.95,0.593999407,2.98795
12000,488,0.5939930201,2.988
12000,488.05,0.5939866596,2.98805
12000,488.1,0.5939803253,2.9881
12000,488.15,0.5939740173,2.98815
12000,488.2,0.5939677356,2.9882
12000,488.25,0.5939614801,2.98825
12000,488.3,0.593955251,2.9883
12000,488.35,0.5939490482,2.98835
12000,488.4,0.5939428717,2.9884
12000,488.45,0.5939367215,2.98845
12000,488.5,0.5939305976,2.9885
12000,488.55,0.5939245001,2.98855
12000,488.6,0.5939184288,2.9886
12000,488.65,0.5939123839,2.98865
12000,488.7,0.5939063653,2.9887
12000,488.75,0.593900373,2.98875
12000,488.8,0.593894407,2.9888
12000,488.85,0.5938884674,2.98885
12000,488.9,0.5938825542,2.9889
12000,488.95,0.5938766672,2.98895
12000,489,0.5938708067,2.989
12000,489.05,0.5938649724,2.98905
12000,489.1,0.5938591645,2.9891
12000,489.15,0.593853383,2.98915
12000,489.2,0.5938476278,2.9892
12000,489.25,0.593841899,2.98925
12000,489.3,0.5938361965,2.9893
12000,489.35,0.5938305205,2.98935
12000,489.4,0.5938248707,2.9894
12000,489.45,0.5938192474,2.98945
12000,489.5,0.5938136504,2.9895
12000,489.55,0.5938080798,2.98955
12000,489.6,0.5938025356,2.9896
12000,489.65,0.5937970178,2.98965
12000,489.7,0.5937915264,2.9897
12000,489.75,0.5937860613,2.98975
12000,489.8,0.5937806227,2.9898
12000,489.85,0.5937752104,2.98985
12000,489.9,0.5937698245,2.9899
12000,489.95,0.5937644651,2.98995
12000,490,0.593759132,2.99
12000,490.05,0.5937538254,2.99005
12000,490.1,0.5937485451,2.9901
12000,490.15,0.5937432913,2.99015
12000,490.2,0.5937380639,2.9902
12000,490.25,0.5937328629,2.99025
12000,490.3,0.5937276884,2.9903
12000,490.35,0.5937225402,2.99035
12000,490.4,0.5937174185,2.9904
12000,490.45,0.5937123232,2.99045
12000,490.5,0.5937072544,2.9905
12000,490.55,0.593702212,2.99055
12000,490.6,0.593697196,2.9906
12000,490.65,0.5936922065,2.99065
12000,490.7,0.5936872434,2.9907
12000,490.75,0.5936823067,2.99075
12000,490.8,0.5936773965,2.9908
12000,490.85,0.5936725128,2.99085
12000,490.9,0.5936676555,2.9909
12000,490.95,0.5936628247,2.99095
12000,491,0.5936580203,2.991
12000,491.05,0.5936532424,2.99105
12000,491.1,0.593648491,2.9911
12000,491.15,0.593643766,2.99115
12000,491.2,0.5936390675,2.9912
12000,491.25,0.5936343954,2.99125
12000,491.3,0.5936297499,2.9913
12000,491.35,0.5936251308,2.99135
12000,491.4,0.5936205382,2.9914
12000,491.45,0.5936159721,2.99145
12000,491.5,0.5936114324,2.9915
12000,491.55,0.5936069193,2.99155
12000,491.6,0.5936024326,2.9916
12000,491.65,0.5935979725,2.99165
12000,491.7,0.5935935388,2.9917
12000,491.75,0.5935891316,2.99175
12000,491.8,0.5935847509,2.9918
12000,491.85,0.5935803968,2.99185
12000,491.9,0.5935760691,2.9919
12000,491.95,0.5935717679,2.99195
12000,492,0.5935674933,2.992
12000,492.05,0.5935632451,2.99205
12000,492.1,0.5935590235,2.9921
12000,492.15,0.5935548284,2.99215
12000,492.2,0.5935506598,2.9922
12000,492.25,0.5935465177,2.99225
12000,492.3,0.5935424022,2.9923
12000,492.35,0.5935383131,2.99235
12000,492.4,0.5935342506,2.9924
12000,492.45,0.5935302147,2.99245
12000,492.5,0.5935262052,2.9925
12000,492.55,0.5935222223,2.99255
12000,492.6,0.5935182659,2.9926
12000,492.65,0.5935143361,2.99265
12000,492.7,0.5935104328,2.9927
12000,492.75,0.593506556,2.99275
12000,492.8,0.5935027058,2.9928
12000,492.85,0.5934988822,2.99285
12000,492.9,0.5934950851,2.9929
12000,492.95,0.5934913145,2.99295
12000,493,0.5934875705,2.993
12000,493.05,0.593483853,2.99305
12000,493.1,0.5934801621,2.9931
12000,493.15,0.5934764978,2.99315
12000,493.2,0.59347286,2.9932
12000,493.25,0.5934692488,2.99325
12000,493.3,0.5934656641,2.9933
12000,493.35,0.593462106,2.99335
12000,493.4,0.5934585745,2.9934
12000,493.45,0.5934550695,2.99345
12000,493.5,0.5934515911,2.9935
12000,493.55,0.5934481393,2.99355
12000,493.6,0.5934447141,2.9936
12000,493.65,0.5934413154,2.99365
12000,493.7,0.5934379433,2.9937
12000,493.75,0.5934345978,2.99375
12000,493.8,0.5934312789,2.9938
12000,493.85,0.5934279866,2.99385
12000,493.9,0.5934247208,2.9939
12000,493.95,0.5934214817,2.99395
12000,494,0.5934182691,2.994
12000,494.05,0.5934150831,2.99405
12000,494.1,0.5934119238,2.9941
12000,494.15,0.593408791,2.99415
12000,494.2,0.5934056848,2.9942
12000,494.25,0.5934026052,2.99425
12000,494.3,0.5933995522,2.9943
12000,494.35,0.5933965258,2.99435
12000,494.4,0.593393526,2.9944
12000,494.45,0.5933905528,2.99445
12000,494.5,0.5933876063,2.9945
12000,494.55,0.5933846863,2.99455
12000,494.6,0.5933817929,2.9946
12000,494.65,0.5933789262,2.99465
12000,494.7,0.593376086,2.9947
12000,494.75,0.5933732725,2.99475
12000,494.8,0.5933704856,2.9948
12000,494.85,0.5933677253,2.99485
12000,494.9,0.5933649917,2.9949
12000,494.95,0.5933622846,2.99495
12000,495,0.5933596042,2.995
12000,495.05,0.5933569504,2.99505
12000,495.1,0.5933543232,2.9951
12000,495.15,0.5933517226,2.99515
12000,495.2,0.5933491487,2.9952
12000,495.25,0.5933466014,2.99525
12000,495.3,0.5933440807,2.9953
12000,495.35,0.5933415867,2.99535
12000,495.4,0.5933391193,2.9954
12000,495.45,0.5933366785,2.99545
12000,495.5,0.5933342644,2.9955
12000,495.55,0.5933318769,2.99555
12000,495.6,0.5933295161,2.9956
12000,495.65,0.5933271818,2.99565
12000,495.7,0.5933248743,2.9957
12000,495.75,0.5933225933,2.99575
12000,495.8,0.593320339,2.9958
12000,495.85,0.5933181114,2.99585
12000,495.9,0.5933159104,2.9959
12000,495.95,0.593313736,2.99595
12000,496,0.5933115883,2.996
12000,496.05,0.5933094672,2.99605
12000,496.1,0.5933073728,2.9961
12000,496.15,0.5933053051,2.99615
12000,496.2,0.593303264,2.9962
12000,496.25,0.5933012495,2.99625
12000,496.3,0.5932992617,2.9963
12000,496.35,0.5932973006,2.99635
12000,496.4,0.5932953661,2.9964
12000,496.45,0.5932934583,2.99645
12000,496.5,0.5932915771,2.9965
12000,496.55,0.5932897226,2.99655
12000,496.6,0.5932878947,2.9966
12000,496.65,0.5932860936,2.99665
12000,496.7,0.593284319,2.9967
12000,496.75,0.5932825712,2.99675
12000,496.8,0.59328085,2.9968
12000,496.85,0.5932791555,2.99685
12000,496.9,0.5932774876,2.9969
12000,496.95,0.5932758464,2.99695
12000,497,0.5932742319,2.997
12000,497.05,0.593272644,2.99705
12000,497.1,0.5932710828,2.9971
12000,497.15,0.5932695483,2.99715
12000,497.2,0.5932680405,2.9972
12000,497.25,0.5932665593,2.99725
12000,497.3,0.5932651048,2.9973
12000,497.35,0.593263677,2.99735
12000,497.4,0.5932622758,2.9974
12000,497.45,0.5932609013,2.99745
12000,497.5,0.5932595536,2.9975
12000,497.55,0.5932582324,2.99755
12000,497.6,0.593256938,2.9976
12000,497.65,0.5932556702,2.99765
12000,497.7,0.5932544291,2.9977
12000,497.75,0.5932532147,2.99775
12000,497.8,0.593252027,2.9978
12000,497.85,0.593250866,2.99785
12000,497.9,0.5932497316,2.9979
12000,497.95,0.5932486239,2.99795
12000,498,0.5932475429,2.998
12000,498.05,0.5932464886,2.99805
12000,498.1,0.593245461,2.9981
12000,498.15,0.5932444601,2.99815
12000,498.2,0.5932434858,2.9982
12000,498.25,0.5932425382,2.99825
12000,498.3,0.5932416173,2.9983
12000,498.35,0.5932407231,2.99835
12000,498.4,0.5932398556,2.9984
12000,498.45,0.5932390148,2.99845
12000,498.5,0.5932382007,2.9985
12000,498.55,0.5932374132,2.99855
12000,498.6,0.5932366525,2.9986
12000,498.65,0.5932359184,2.99865
12000,498.7,0.593235211,2.9987
12000,498.75,0.5932345303,2.99875
12000,498.8,0.5932338763,2.9988
12000,498.85,0.593233249,2.99885
12000,498.9,0.5932326484,2.9989
12000,498.95,0.5932320745,2.99895
12000,499,0.5932315273,2.999
12000,499.05,0.5932310067,2.99905
12000,499.1,0.5932305129,2.9991
12000,499.15,0.5932300457,2.99915
12000,499.2,0.5932296053,2.9992
12000,499.25,0.5932291915,2.99925
12000,499.3,0.5932288044,2.9993
12000,499.35,0.5932284441,2.99935
12000,499.4,0.5932281104,2.9994
12000,499.45,0.5932278034,2.99945
12000,499.5,0.5932275231,2.9995
12000,499.55,0.5932272695,2.99955
12000,499.6,0.5932270426,2.9996
12000,499.65,0.5932268424,2.99965
12000,499.7,0.5932266688,2.9997
12000,499.75,0.593226522,2.99975
12000,499.8,0.5932264019,2.9998
12000,499.85,0.5932263085,2.99985
12000,499.9,0.5932262417,2.9999
12000,499.95,0.5932262017,2.99995
12000,500,0.5932261883,3
12000,500.05,0.5932262017,3.00005
12000,500.1,0.5932262417,3.0001
12000,500.15,0.5932263085,3.00015
12000,500.2,0.5932264019,3.0002
12000,500.25,0.593226522,3.00025
12000,500.3,0.5932266688,3.0003
12000,500.35,0.5932268424,3.00035
12000,500.4,0.5932270426,3.0004
12000,500.45,0.5932272695,3.00045
12000,500.5,0.5932275231,3.0005
12000,500.55,0.5932278034,3.00055
12000,500.6,0.5932281104,3.0006
12000,500.65,0.5932284441,3.00065
12000,500.7,0.5932288044,3.0007
12000,500.75,0.5932291915,3.00075
12000,500.8,0.5932296053,3.0008
12000,500.85,0.5932300457,3.00085
12000,500.9,0.5932305129,3.0009
12000,500.95,0.5932310067,3.00095
12000,501,0.5932315273,3.001
12000,501.05,0.5932320745,3.00105
12000,501.1,0.5932326484,3.0011
12000,501.15,0.593233249,3.00115
12000,501.2,0.5932338763,3.0012
12000,501.25,0.5932345303,3.00125
12000,501.3,0.593235211,3.0013
12000,501.35,0.5932359184,3.00135
12000,501.4,0.5932366525,3.0014
12000,501.45,0.5932374132,3.00145
12000,501.5,0.5932382007,3.0015
12000,501.55,0.5932390148,3.00155
12000,501.6,0.5932398556,3.0016
12000,501.65,0.5932407231,3.00165
12000,501.7,0.5932416173,3.0017
12000,501.75,0.5932425382,3.00175
12000,501.8,0.5932434858,3.0018
12000,501.85,0.5932444601,3.00185
12000,501.9,0.593245461,3.0019
12000,501.95,0.5932464886,3.00195
12000,502,0.5932475429,3.002
12000,502.05,0.5932486239,3.00205
12000,502.1,0.5932497316,3.0021
12000,502.15,0.593250866,3.00215
12000,502.2,0.593252027,3.0022
12000,502.25,0.5932532147,3.00225
12000,502.3,0.5932544291,3.0023
12000,502.35,0.5932556702,3.00235
12000,502.4,0.593256938,3.0024
12000,502.45,0.5932582324,3.00245
12000,502.5,0.5932595536,3.0025
12000,502.55,0.5932609013,3.00255
12000,502.6,0.5932622758,3.0026
12000,502.65,0.593263677,3.00265
12000,502.7,0.5932651048,3.0027
12000,502.75,0.5932665593,3.00275
12000,502.8,0.5932680405,3.0028
12000,502.85,0.5932695483,3.00285
12000,502.9,0.5932710828,3.0029
12000,502.95,0.593272644,3.00295
12000,503,0.5932742319,3.003
12000,503.05,0.5932758464,3.00305
12000,503.1,0.5932774876,3.0031
12000,503.15,0.5932791555,3.00315
12000,503.2,0.59328085,3.0032
12000,503.25,0.5932825712,3.00325
12000,503.3,0.593284319,3.0033
12000,503.35,0.5932860936,3.00335
12000,503.4,0.5932878947,3.0034
12000,503.45,0.5932897226,3.00345
12000,503.5,0.5932915771,3.0035
12000,503.55,0.5932934583,3.00355
12000,503.6,0.5932953661,3.0036
12000,503.65,0.5932973006,3.00365
12000,503.7,0.5932992617,3.0037
12000,503.75,0.5933012495,3.00375
12000,503.8,0.593303264,3.0038
12000,503.85,0.5933053051,3.00385
12000,503.9,0.5933073728,3.0039
12000,503.95,0.5933094672,3.00395
12000,504,0.5933115883,3.004
12000,504.05,0.593313736,3.00405
12000,504.1,0.5933159104,3.0041
12000,504.15,0.5933181114,3.00415
12000,504.2,0.593320339,3.0042
12000,504.25,0.5933225933,3.00425
12000,504.3,0.5933248743,3.0043
12000,504.35,0.5933271818,3.00435
12000,504.4,0.5933295161,3.0044
12000,504.45,0.5933318769,3.00445
12000,504.5,0.5933342644,3.0045
12000,504.55,0.5933366785,3.00455
12000,504.6,0.5933391193,3.0046
12000,504.65,0.5933415867,3.00465
12000,504.7,0.5933440807,3.0047
12000,504.75,0.5933466014,3.00475
12000,504.8,0.5933491487,3.0048
12000,504.85,0.5933517226,3.00485
12000,504.9,0.5933543232,3.0049
12000,504.95,0.5933569504,3.00495
12000,505,0.5933596042,3.005
12000,505.05,0.5933622846,3.00505
12000,505.1,0.5933649917,3.0051
12000,505.15,0.5933677253,3.00515
12000,505.2,0.5933704856,3.0052
12000,505.25,0.5933732725,3.00525
12000,505.3,0.593376086,3.0053
12000,505.35,0.5933789262,3.00535
12000,505.4,0.5933817929,3.0054
12000,505.45,0.5933846863,3.00545
12000,505.5,0.5933876063,3.0055
12000,505.55,0.5933905528,3.00555
12000,505.6,0.593393526,3.0056
12000,505.65,0.5933965258,3.00565
12000,505.7,0.5933995522,3.0057
12000,505.75,0.5934026052,3.00575
12000,505.8,0.5934056848,3.0058
12000,505.85,0.593408791,3.00585
12000,505.9,0.5934119238,3.0059
12000,505.95,0.5934150831,3.00595
12000,506,0.5934182691,3.006
12000,506.05,0.5934214817,3.00605
12000,506.1,0.5934247208,3.0061
12000,506.15,0.5934279866,3.00615
12000,506.2,0.5934312789,3.0062
12000,506.25,0.5934345978,3.00625
12000,506.3,0.5934379433,3.0063
12000,506.35,0.5934413154,3.00635
12000,506.4,0.5934447141,3.0064
12000,506.45,0.5934481393,3.00645
12000,506.5,0.5934515911,3.0065
12000,506.55,0.5934550695,3.00655
12000,506.6,0.5934585745,3.0066
12000,506.65,0.593462106,3.00665
12000,506.7,0.5934656641,3.0067
12000,506.75,0.5934692488,3.00675
12000,506.8,0.59347286,3.0068
12000,506.85,0.5934764978,3.00685
12000,506.9,0.5934801621,3.0069
12000,506.95,0.593483853,3.00695
12000,507,0.5934875705,3.007
12000,507.05,0.5934913145,3.00705
12000,507.1,0.5934950851,3.0071
12000,507.15,0.5934988822,3.00715
12000,507.2,0.5935027058,3.0072
12000,507.25,0.593506556,3.00725
12000,507.3,0.5935104328,3.0073
12000,507.35,0.5935143361,3.00735
12000,507.4,0.5935182659,3.0074
12000,507.45,0.5935222223,3.00745
12000,507.5,0.5935262052,3.0075
12000,507.55,0.5935302147,3.00755
12000,507.6,0.5935342506,3.0076
12000,507.65,0.5935383131,3.00765
12000,507.7,0.5935424022,3.0077
12000,507.75,0.5935465177,3.00775
12000,507.8,0.5935506598,3.0078
12000,507.85,0.5935548284,3.00785
12000,507.9,0.5935590235,3.0079
12000,507.95,0.5935632451,3.00795
12000,508,0.5935674933,3.008
12000,508.05,0.5935717679,3.00805
12000,508.1,0.5935760691,3.0081
12000,508.15,0.5935803968,3.00815
12000,508.2,0.5935847509,3.0082
12000,508.25,0.5935891316,3.00825
12000,508.3,0.5935935388,3.0083
12000,508.35,0.5935979725,3.00835
12000,508.4,0.5936024326,3.0084
12000,508.45,0.5936069193,3.00845
12000,508.5,0.5936114324,3.0085
12000,508.55,0.5936159721,3.00855
12000,508.6,0.5936205382,3.0086
12000,508.65,0.5936251308,3.00865
12000,508.7,0.5936297499,3.0087
12000,508.75,0.5936343954,3.00875
12000,508.8,0.5936390675,3.0088
12000,508.85,0.593643766,3.00885
12000,508.9,0.593648491,3.0089
12000,508.95,0.5936532424,3.00895
12000,509,0.5936580203,3.009
12000,509.05,0.5936628247,3.00905
12000,509.1,0.5936676555,3.0091
12000,509.15,0.5936725128,3.00915
12000,509.2,0.5936773965,3.0092
12000,509.25,0.5936823067,3.00925
12000,509.3,0.5936872434,3.0093
12000,509.35,0.5936922065,3.00935
12000,509.4,0.593697196,3.0094
12000,509.45,0.593702212,3.00945
12000,509.5,0.5937072544,3.0095
12000,509.55,0.5937123232,3.00955
12000,509.6,0.5937174185,3.0096
12000,509.65,0.5937225402,3.00965
12000,509.7,0.5937276884,3.0097
12000,509.75,0.5937328629,3.00975
12000,509.8,0.5937380639,3.0098
12000,509.85,0.5937432913,3.00985
12000,509.9,0.5937485451,3.0099
12000,509.95,0.5937538254,3.00995
12000,510,0.593759132,3.01
12000,510.05,0.5937644651,3.01005
12000,510.1,0.5937698245,3.0101
12000,510.15,0.5937752104,3.01015
12000,510.2,0.5937806227,3.0102
12000,510.25,0.5937860613,3.01025
12000,510.3,0.5937915264,3.0103
12000,510.35,0.5937970178,3.01035
12000,510.4,0.5938025356,3.0104
12000,510.45,0.5938080798,3.01045
12000,510.5,0.5938136504,3.0105
12000,510.55,0.5938192474,3.01055
12000,510.6,0.5938248707,3.0106
12000,510.65,0.5938305205,3.01065
12000,510.7,0.5938361965,3.0107
12000,510.75,0.593841899,3.01075
12000,510.8,0.5938476278,3.0108
12000,510.85,0.593853383,3.01085
12000,510.9,0.5938591645,3.0109
12000,510.95,0.5938649724,3.01095
12000,511,0.5938708067,3.011
12000,511.05,0.5938766672,3.01105
12000,511.1,0.5938825542,3.0111
12000,511.15,0.5938884674,3.01115
12000,511.2,0.593894407,3.0112
12000,511.25,0.593900373,3.01125
12000,511.3,0.5939063653,3.0113
12000,511.35,0.5939123839,3.01135
12000,511.4,0.5939184288,3.0114
12000,511.45,0.5939245001,3.01145
12000,511.5,0.5939305976,3.0115
12000,511.55,0.5939367215,3.01155
12000,511.6,0.5939428717,3.0116
12000,511.65,0.5939490482,3.01165
12000,511.7,0.593955251,3.0117
12000,511.75,0.5939614801,3.01175
12000,511.8,0.5939677356,3.0118
12000,511.85,0.5939740173,3.01185
12000,511.9,0.5939803253,3.0119
12000,511.95,0.5939866596,3.01195
12000,512,0.5939930201,3.012
12000,512.05,0.593999407,3.01205
12000,512.1,0.5940058201,3.0121
12000,512.15,0.5940122595,3.01215
12000,512.2,0.5940187252,3.0122
12000,512.25,0.5940252172,3.01225
12000,512.3,0.5940317354,3.0123
12000,512.35,0.5940382798,3.01235
12000,512.4,0.5940448506,3.0124
12000,512.45,0.5940514476,3.01245
12000,512.5,0.5940580708,3.0125
12000,512.55,0.5940647203,3.01255
12000,512.6,0.594071396,3.0126
12000,512.65,0.594078098,3.01265
12000,512.7,0.5940848262,3.0127
12000,512.75,0.5940915806,3.01275
12000,512.8,0.5940983613,3.0128
12000,512.85,0.5941051682,3.01285
12000,512.9,0.5941120013,3.0129
12000,512.95,0.5941188606,3.01295
12000,513,0.5941257461,3.013
12000,513.05,0.5941326579,3.01305
12000,513.1,0.5941395958,3.0131
12000,513.15,0.59414656,3.01315
12000,513.2,0.5941535504,3.0132
12000,513.25,0.5941605669,3.01325
12000,513.3,0.5941676097,3.0133
12000,513.35,0.5941746786,3.01335
12000,513.4,0.5941817737,3.0134
12000,513.45,0.594188895,3.01345
12000,513.5,0.5941960425,3.0135
12000,513.55,0.5942032162,3.01355
12000,513.6,0.594210416,3.0136
12000,513.65,0.594217642,3.01365
12000,513.7,0.5942248941,3.0137
12000,513.75,0.5942321724,3.01375
12000,513.8,0.5942394768,3.0138
12000,513.85,0.5942468075,3.01385
12000,513.9,0.5942541642,3.0139
12000,513.95,0.5942615471,3.01395
12000,514,0.5942689561,3.014
12000,514.05,0.5942763913,3.01405
12000,514.1,0.5942838526,3.0141
12000,514.15,0.59429134,3.01415
12000,514.2,0.5942988535,3.0142
12000,514.25,0.5943063932,3.01425
12000,514.3,0.5943139589,3.0143
12000,514.35,0.5943215508,3.01435
12000,514.4,0.5943291688,3.0144
12000,514.45,0.5943368129,3.01445
12000,514.5,0.5943444831,3.0145
12000,514.55,0.5943521793,3.01455
12000,514.6,0.5943599017,3.0146
12000,514.65,0.5943676501,3.01465
12000,514.7,0.5943754247,3.0147
12000,514.75,0.5943832253,3.01475
12000,514.8,0.5943910519,3.0148
12000,514.85,0.5943989047,3.01485
12000,514.9,0.5944067835,3.0149
12000,514.95,0.5944146884,3.01495
12000,515,0.5944226193,3.015
12000,515.05,0.5944305762,3.01505
12000,515.1,0.5944385593,3.0151
12000,515.15,0.5944465683,3.01515
12000,515.2,0.5944546034,3.0152
12000,515.25,0.5944626646,3.01525
12000,515.3,0.5944707517,3.0153
12000,515.35,0.5944788649,3.01535
12000,515.4,0.5944870041,3.0154
12000,515.45,0.5944951693,3.01545
12000,515.5,0.5945033606,3.0155
12000,515.55,0.5945115778,3.01555
12000,515.6,0.5945198211,3.0156
12000,515.65,0.5945280903,3.01565
12000,515.7,0.5945363855,3.0157
12000,515.75,0.5945447068,3.01575
12000,515.8,0.594553054,3.0158
12000,515.85,0.5945614272,3.01585
12000,515.9,0.5945698263,3.0159
12000,515.95,0.5945782515,3.01595
12000,516,0.5945867026,3.016
12000,516.05,0.5945951797,3.01605
12000,516.1,0.5946036827,3.0161
12000,516.15,0.5946122117,3.01615
12000,516.2,0.5946207666,3.0162
12000,516.25,0.5946293475,3.01625
12000,516.3,0.5946379543,3.0163
12000,516.35,0.5946465871,3.01635
12000,516.4,0.5946552457,3.0164
12000,516.45,0.5946639304,3.01645
12000,516.5,0.5946726409,3.0165
12000,516.55,0.5946813773,3.01655
12000,516.6,0.5946901397,3.0166
12000,516.65,0.594698928,3.01665
12000,516.7,0.5947077421,3.0167
12000,516.75,0.5947165822,3.01675
12000,516.8,0.5947254481,3.0168
12000,516.85,0.59473434,3.01685
12000,516.9,0.5947432577,3.0169
12000,516.95,0.5947522013,3.01695
12000,517,0.5947611708,3.017
12000,517.05,0.5947701662,3.01705
12000,517.1,0.5947791874,3.0171
12000,517.15,0.5947882345,3.01715
12000,517.2,0.5947973074,3.0172
12000,517.25,0.5948064062,3.01725
12000,517.3,0.5948155308,3.0173
12000,517.35,0.5948246813,3.01735
12000,517.4,0.5948338576,3.0174
12000,517.45,0.5948430597,3.01745
12000,517.5,0.5948522877,3.0175
12000,517.55,0.5948615414,3.01755
12000,517.6,0.594870821,3.0176
12000,517.65,0.5948801264,3.01765
12000,517.7,0.5948894577,3.0177
12000,517.75,0.5948988147,3.01775
12000,517.8,0.5949081975,3.0178
12000,517.85,0.5949176061,3.01785
12000,517.9,0.5949270404,3.0179
12000,517.95,0.5949365006,3.01795
12000,518,0.5949459865,3.018
12000,518.05,0.5949554982,3.01805
12000,518.1,0.5949650357,3.0181
12000,518.15,0.5949745989,3.01815
12000,518.2,0.5949841879,3.0182
12000,518.25,0.5949938027,3.01825
12000,518.3,0.5950034431,3.0183
12000,518.35,0.5950131094,3.01835
12000,518.4,0.5950228013,3.0184
12000,518.45,0.595032519,3.01845
12000,518.5,0.5950422624,3.0185
12000,518.55,0.5950520315,3.01855
12000,518.6,0.5950618264,3.0186
12000,518.65,0.5950716469,3.01865
12000,518.7,0.5950814932,3.0187
12000,518.75,0.5950913651,3.01875
12000,518.8,0.5951012627,3.0188
12000,518.85,0.5951111861,3.01885
12000,518.9,0.5951211351,3.0189
12000,518.95,0.5951311098,3.01895
12000,519,0.5951411101,3.019
12000,519.05,0.5951511361,3.01905
12000,519.1,0.5951611878,3.0191
12000,519.15,0.5951712651,3.01915
12000,519.2,0.5951813681,3.0192
12000,519.25,0.5951914967,3.01925
12000,519.3,0.595201651,3.0193
12000,519.35,0.5952118309,3.01935
12000,519.4,0.5952220364,3.0194
12000,519.45,0.5952322676,3.01945
12000,519.5,0.5952425244,3.0195
12000,519.55,0.5952528067,3.01955
12000,519.6,0.5952631147,3.0196
12000,519.65,0.5952734483,3.01965
12000,519.7,0.5952838075,3.0197
12000,519.75,0.5952941922,3.01975
12000,519.8,0.5953046026,3.0198
12000,519.85,0.5953150385,3.01985
12000,519.9,0.5953255,3.0199
12000,519.95,0.5953359871,3.01995
12000,520,0.5953464997,3.02
12000,520.05,0.5953570379,3.02005
12000,520.1,0.5953676017,3.0201
12000,520.15,0.5953781909,3.02015
12000,520.2,0.5953888058,3.0202
12000,520.25,0.5953994461,3.02025
12000,520.3,0.595410112,3.0203
12000,520.35,0.5954208034,3.02035
12000,520.4,0.5954315203,3.0204
12000,520.45,0.5954422627,3.02045
12000,520.5,0.5954530307,3.0205
12000,520.55,0.5954638241,3.02055
12000,520.6,0.595474643,3.0206
12000,520.65,0.5954854874,3.02065
12000,520.7,0.5954963573,3.0207
12000,520.75,0.5955072527,3.02075
12000,520.8,0.5955181735,3.0208
12000,520.85,0.5955291198,3.02085
12000,520.9,0.5955400916,3.0209
12000,520.95,0.5955510888,3.02095
12000,521,0.5955621115,3.021
12000,521.05,0.5955731596,3.02105
12000,521.1,0.5955842331,3.0211
12000,521.15,0.595595332,3.02115
12000,521.2,0.5956064564,3.0212
12000,521.25,0.5956176062,3.02125
12000,521.3,0.5956287814,3.0213
12000,521.35,0.5956399821,3.02135
12000,521.4,0.5956512081,3.0214
12000,521.45,0.5956624595,3.02145
12000,521.5,0.5956737363,3.0215
12000,521.55,0.5956850385,3.02155
12000,521.6,0.595696366,3.0216
12000,521.65,0.5957077189,3.02165
12000,521.7,0.5957190972,3.0217
12000,521.75,0.5957305008,3.02175
12000,521.8,0.5957419298,3.0218
12000,521.85,0.5957533842,3.02185
12000,521.9,0.5957648638,3.0219
12000,521.95,0.5957763688,3.02195
12000,522,0.5957878992,3.022
12000,522.05,0.5957994548,3.02205
12000,522.1,0.5958110358,3.0221
12000,522.15,0.5958226421,3.02215
12000,522.2,0.5958342736,3.0222
12000,522.25,0.5958459305,3.02225
12000,522.3,0.5958576127,3.0223
12000,522.35,0.5958693201,3.02235
12000,522.4,0.5958810528,3.0224
12000,522.45,0.5958928108,3.02245
12000,522.5,0.595904594,3.0225
12000,522.55,0.5959164026,3.02255
12000,522.6,0.5959282363,3.0226
12000,522.65,0.5959400953,3.02265
12000,522.7,0.5959519796,3.0227
12000,522.75,0.595963889,3.02275
12000,522.8,0.5959758237,3.0228
12000,522.85,0.5959877837,3.02285
12000,522.9,0.5959997688,3.0229
12000,522.95,0.5960117791,3.02295
12000,523,0.5960238147,3.023
12000,523.05,0.5960358754,3.02305
12000,523.1,0.5960479613,3.0231
12000,523.15,0.5960600724,3.02315
12000,523.2,0.5960722087,3.0232
12000,523.25,0.5960843701,3.02325
12000,523.3,0.5960965568,3.0233
12000,523.35,0.5961087685,3.02335
12000,523.4,0.5961210054,3.0234
12000,523.45,0.5961332675,3.02345
12000,523.5,0.5961455547,3.0235
12000,523.55,0.596157867,3.02355
12000,523.6,0.5961702044,3.0236
12000,523.65,0.596182567,3.02365
12000,523.7,0.5961949547,3.0237
12000,523.75,0.5962073674,3.02375
12000,523.8,0.5962198053,3.0238
12000,523.85,0.5962322683,3.02385
12000,523.9,0.5962447563,3.0239
12000,523.95,0.5962572694,3.02395
12000,524,0.5962698076,3.024
12000,524.05,0.5962823708,3.02405
12000,524.1,0.5962949591,3.0241
12000,524.15,0.5963075725,3.02415
12000,524.2,0.5963202109,3.0242
12000,524.25,0.5963328743,3.02425
12000,524.3,0.5963455628,3.0243
12000,524.35,0.5963582763,3.02435
12000,524.4,0.5963710148,3.0244
12000,524.45,0.5963837783,3.02445
12000,524.5,0.5963965668,3.0245
12000,524.55,0.5964093803,3.02455
12000,524.6,0.5964222188,3.0246
12000,524.65,0.5964350823,3.02465
12000,524.7,0.5964479707,3.0247
12000,524.75,0.5964608841,3.02475
12000,524.8,0.5964738225,3.0248
12000,524.85,0.5964867859,3.02485
12000,524.9,0.5964997741,3.0249
12000,524.95,0.5965127874,3.02495
12000,525,0.5965258255,3.025
12000,525.05,0.5965388886,3.02505
12000,525.1,0.5965519766,3.0251
12000,525.15,0.5965650895,3.02515
12000,525.2,0.5965782273,3.0252
12000,525.25,0.5965913901,3.02525
12000,525.3,0.5966045777,3.0253
12000,525.35,0.5966177902,3.02535
12000,525.4,0.5966310276,3.0254
12000,525.45,0.5966442898,3.02545
12000,525.5,0.5966575769,3.0255
12000,525.55,0.5966708889,3.02555
12000,525.6,0.5966842257,3.0256
12000,525.65,0.5966975874,3.02565
12000,525.7,0.5967109738,3.0257
12000,525.75,0.5967243852,3.02575
12000,525.8,0.5967378213,3.0258
12000,525.85,0.5967512823,3.02585
12000,525.9,0.596764768,3.0259
12000,525.95,0.5967782786,3.02595
12000,526,0.596791814,3.026
12000,526.05,0.5968053741,3.02605
12000,526.1,0.596818959,3.0261
12000,526.15,0.5968325687,3.02615
12000,526.2,0.5968462032,3.0262
12000,526.25,0.5968598624,3.02625
12000,526.3,0.5968735463,3.0263
12000,526.35,0.596887255,3.02635
12000,526.4,0.5969009885,3.0264
12000,526.45,0.5969147466,3.02645
12000,526.5,0.5969285295,3.0265
12000,526.55,0.5969423371,3.02655
12000,526.6,0.5969561694,3.0266
12000,526.65,0.5969700264,3.02665
12000,526.7,0.5969839081,3.0267
12000,526.75,0.5969978145,3.02675
12000,526.8,0.5970117455,3.0268
12000,526.85,0.5970257012,3.02685
12000,526.9,0.5970396816,3.0269
12000,526.95,0.5970536867,3.02695
12000,527,0.5970677163,3.027
12000,527.05,0.5970817707,3.02705
12000,527.1,0.5970958496,3.0271
12000,527.15,0.5971099532,3.02715
12000,527.2,0.5971240814,3.0272
12000,527.25,0.5971382342,3.02725
12000,527.3,0.5971524116,3.0273
12000,527.35,0.5971666136,3.02735
12000,527.4,0.5971808401,3.0274
12000,527.45,0.5971950913,3.02745
12000,527.5,0.597209367,3.0275
12000,527.55,0.5972236673,3.02755
12000,527.6,0.5972379922,3.0276
12000,527.65,0.5972523416,3.02765
12000,527.7,0.5972667155,3.0277
12000,527.75,0.597281114,3.02775
12000,527.8,0.597295537,3.0278
12000,527.85,0.5973099845,3.02785
12000,527.9,0.5973244565,3.0279
12000,527.95,0.5973389531,3.02795
12000,528,0.5973534741,3.028
12000,528.05,0.5973680196,3.02805
12000,528.1,0.5973825896,3.0281
12000,528.15,0.5973971841,3.02815
12000,528.2,0.597411803,3.0282
12000,528.25,0.5974264464,3.02825
12000,528.3,0.5974411142,3.0283
12000,528.35,0.5974558065,3.02835
12000,528.4,0.5974705232,3.0284
12000,528.45,0.5974852643,3.02845
12000,528.5,0.5975000299,3.0285
12000,528.55,0.5975148198,3.02855
12000,528.6,0.5975296342,3.0286
12000,528.65,0.5975444729,3.02865
12000,528.7,0.5975593361,3.0287
12000,528.75,0.5975742236,3.02875
12000,528.8,0.5975891355,3.0288
12000,528.85,0.5976040717,3.02885
12000,528.9,0.5976190323,3.0289
12000,528.95,0.5976340173,3.02895
12000,529,0.5976490266,3.029
12000,529.05,0.5976640602,3.02905
12000,529.1,0.5976791182,3.0291
12000,529.15,0.5976942004,3.02915
12000,529.2,0.597709307,3.0292
12000,529.25,0.5977244379,3.02925
12000,529.3,0.597739593,3.0293
12000,529.35,0.5977547725,3.02935
12000,529.4,0.5977699762,3.0294
12000,529.45,0.5977852041,3.02945
12000,529.5,0.5978004564,3.0295
12000,529.55,0.5978157329,3.02955
12000,529.6,0.5978310336,3.0296
12000,529.65,0.5978463586,3.02965
12000,529.7,0.5978617078,3.0297
12000,529.75,0.5978770812,3.02975
12000,529.8,0.5978924788,3.0298
12000,529.85,0.5979079006,3.02985
12000,529.9,0.5979233467,3.0299
12000,529.95,0.5979388169,3.02995
12000,530,0.5979543113,3.03
12000,530.05,0.5979698298,3.03005
12000,530.1,0.5979853725,3.0301
12000,530.15,0.5980009394,3.03015
12000,530.2,0.5980165304,3.0302
12000,530.25,0.5980321456,3.03025
12000,530.3,0.5980477848,3.0303
12000,530.35,0.5980634482,3.03035
12000,530.4,0.5980791357,3.0304
12000,530.45,0.5980948473,3.03045
12000,530.5,0.5981105831,3.0305
12000,530.55,0.5981263429,3.03055
12000,530.6,0.5981421267,3.0306
12000,530.65,0.5981579347,3.03065
12000,530.7,0.5981737667,3.0307
12000,530.75,0.5981896227,3.03075
12000,530.8,0.5982055028,3.0308
12000,530.85,0.598221407,3.03085
12000,530.9,0.5982373351,3.0309
12000,530.95,0.5982532873,3.03095
12000,531,0.5982692635,3.031
12000,531.05,0.5982852637,3.03105
12000,531.1,0.5983012879,3.0311
12000,531.15,0.5983173361,3.03115
12000,531.2,0.5983334083,3.0312
12000,531.25,0.5983495044,3.03125
12000,531.3,0.5983656245,3.0313
12000,531.35,0.5983817686,3.03135
12000,531.4,0.5983979365,3.0314
12000,531.45,0.5984141285,3.03145
12000,531.5,0.5984303443,3.0315
12000,531.55,0.5984465841,3.03155
12000,531.6,0.5984628478,3.0316
12000,531.65,0.5984791353,3.03165
12000,531.7,0.5984954468,3.0317
12000,531.75,0.5985117822,3.03175
12000,531.8,0.5985281414,3.0318
12000,531.85,0.5985445245,3.03185
12000,531.9,0.5985609315,3.0319
12000,531.95,0.5985773623,3.03195
12000,532,0.5985938169,3.032
12000,532.05,0.5986102954,3.03205
12000,532.1,0.5986267977,3.0321
12000,532.15,0.5986433238,3.03215
12000,532.2,0.5986598737,3.0322
12000,532.25,0.5986764474,3.03225
12000,532.3,0.5986930449,3.0323
12000,532.35,0.5987096662,3.03235
12000,532.4,0.5987263113,3.0324
12000,532.45,0.5987429801,3.03245
12000,532.5,0.5987596727,3.0325
12000,532.55,0.598776389,3.03255
12000,532.6,0.5987931291,3.0326
12000,532.65,0.5988098928,3.03265
12000,532.7,0.5988266803,3.0327
12000,532.75,0.5988434916,3.03275
12000,532.8,0.5988603265,3.0328
12000,532.85,0.5988771851,3.03285
12000,532.9,0.5988940674,3.0329
12000,532.95,0.5989109733,3.03295
12000,533,0.5989279029,3.033
12000,533.05,0.5989448562,3.03305
12000,533.1,0.5989618331,3.0331
12000,533.15,0.5989788337,3.03315
12000,533.2,0.5989958579,3.0332
12000,533.25,0.5990129057,3.03325
12000,533.3,0.5990299772,3.0333
12000,533.35,0.5990470722,3.03335
12000,533.4,0.5990641908,3.0334
12000,533.45,0.599081333,3.03345
12000,533.5,0.5990984988,3.0335
12000,533.55,0.5991156882,3.03355
12000,533.6,0.5991329011,3.0336
12000,533.65,0.5991501375,3.03365
12000,533.7,0.5991673975,3.0337
12000,533.75,0.599184681,3.03375
12000,533.8,0.5992019881,3.0338
12000,533.85,0.5992193186,3.03385
12000,533.9,0.5992366727,3.0339
12000,533.95,0.5992540503,3.03395
12000,534,0.5992714513,3.034
12000,534.05,0.5992888758,3.03405
12000,534.1,0.5993063238,3.0341
12000,534.15,0.5993237953,3.03415
12000,534.2,0.5993412901,3.0342
12000,534.25,0.5993588085,3.03425
12000,534.3,0.5993763502,3.0343
12000,534.35,0.5993939154,3.03435
12000,534.4,0.599411504,3.0344
12000,534.45,0.599429116,3.03445
12000,534.5,0.5994467514,3.0345
12000,534.55,0.5994644101,3.03455
12000,534.6,0.5994820923,3.0346
12000,534.65,0.5994997978,3.03465
12000,534.7,0.5995175267,3.0347
12000,534.75,0.5995352789,3.03475
12000,534.8,0.5995530544,3.0348
12000,534.85,0.5995708533,3.03485
12000,534.9,0.5995886755,3.0349
12000,534.95,0.599606521,3.03495
12000,535,0.5996243898,3.035
12000,535.05,0.5996422819,3.03505
12000,535.1,0.5996601973,3.0351
12000,535.15,0.5996781359,3.03515
12000,535.2,0.5996960978,3.0352
12000,535.25,0.599714083,3.03525
12000,535.3,0.5997320914,3.0353
12000,535.35,0.5997501231,3.03535
12000,535.4,0.5997681779,3.0354
12000,535.45,0.599786256,3.03545
12000,535.5,0.5998043573,3.0355
12000,535.55,0.5998224818,3.03555
12000,535.6,0.5998406294,3.0356
12000,535.65,0.5998588003,3.03565
12000,535.7,0.5998769943,3.0357
12000,535.75,0.5998952115,3.03575
12000,535.8,0.5999134518,3.0358
12000,535.85,0.5999317153,3.03585
12000,535.9,0.5999500018,3.0359
12000,535.95,0.5999683116,3.03595
12000,536,0.5999866444,3.036
12000,536.05,0.6000050003,3.03605
12000,536.1,0.6000233793,3.0361
12000,536.15,0.6000417814,3.03615
12000,536.2,0.6000602066,3.0362
12000,536.25,0.6000786548,3.03625
12000,536.3,0.6000971261,3.0363
12000,536.35,0.6001156204,3.03635
12000,536.4,0.6001341378,3.0364
12000,536.45,0.6001526782,3.03645
12000,536.5,0.6001712416,3.0365
12000,536.55,0.600189828,3.03655
12000,536.6,0.6002084374,3.0366
12000,536.65,0.6002270697,3.03665
12000,536.7,0.6002457251,3.0367
12000,536.75,0.6002644034,3.03675
12000,536.8,0.6002831047,3.0368
12000,536.85,0.6003018289,3.03685
12000,536.9,0.6003205761,3.0369
12000,536.95,0.6003393462,3.03695
12000,537,0.6003581392,3.037
12000,537.05,0.6003769551,3.03705
12000,537.1,0.6003957939,3.0371
12000,537.15,0.6004146556,3.03715
12000,537.2,0.6004335401,3.0372
12000,537.25,0.6004524476,3.03725
12000,537.3,0.6004713779,3.0373
12000,537.35,0.600490331,3.03735
12000,537.4,0.600509307,3.0374
12000,537.45,0.6005283058,3.03745
12000,537.5,0.6005473274,3.0375
12000,537.55,0.6005663718,3.03755
12000,537.6,0.6005854391,3.0376
12000,537.65,0.6006045291,3.03765
12000,537.7,0.6006236419,3.0377
12000,537.75,0.6006427774,3.03775
12000,537.8,0.6006619358,3.0378
12000,537.85,0.6006811168,3.03785
12000,537.9,0.6007003207,3.0379
12000,537.95,0.6007195472,3.03795
12000,538,0.6007387964,3.038
12000,538.05,0.6007580684,3.03805
12000,538.1,0.6007773631,3.0381
12000,538.15,0.6007966804,3.03815
12000,538.2,0.6008160204,3.0382
12000,538.25,0.6008353831,3.03825
12000,538.3,0.6008547685,3.0383
12000,538.35,0.6008741765,3.03835
12000,538.4,0.6008936071,3.0384
12000,538.45,0.6009130604,3.03845
12000,538.5,0.6009325363,3.0385
12000,538.55,0.6009520348,3.03855
12000,538.6,0.6009715559,3.0386
12000,538.65,0.6009910995,3.03865
12000,538.7,0.6010106658,3.0387
12000,538.75,0.6010302546,3.03875
12000,538.8,0.601049866,3.0388
12000,538.85,0.6010694999,3.03885
12000,538.9,0.6010891563,3.0389
12000,538.95,0.6011088353,3.03895
12000,539,0.6011285368,3.039
12000,539.05,0.6011482608,3.03905
12000,539.1,0.6011680073,3.0391
12000,539.15,0.6011877763,3.03915
12000,539.2,0.6012075677,3.0392
12000,539.25,0.6012273817,3.03925
12000,539.3,0.601247218,3.0393
12000,539.35,0.6012670768,3.03935
12000,539.4,0.6012869581,3.0394
12000,539.45,0.6013068618,3.03945
12000,539.5,0.6013267878,3.0395
12000,539.55,0.6013467363,3.03955
12000,539.6,0.6013667072,3.0396
12000,539.65,0.6013867005,3.03965
12000,539.7,0.6014067161,3.0397
12000,539.75,0.6014267541,3.03975
12000,539.8,0.6014468144,3.0398
12000,539.85,0.6014668971,3.03985
12000,539.9,0.6014870021,3.0399
12000,539.95,0.6015071294,3.03995
12000,540,0.6015272791,3.04
12000,540.05,0.601547451,3.04005
12000,540.1,0.6015676452,3.0401
12000,540.15,0.6015878617,3.04015
12000,540.2,0.6016081005,3.0402
12000,540.25,0.6016283615,3.04025
12000,540.3,0.6016486448,3.0403
12000,540.35,0.6016689503,3.04035
12000,540.4,0.601689278,3.0404
12000,540.45,0.6017096279,3.04045
12000,540.5,0.6017300001,3.0405
12000,540.55,0.6017503944,3.04055
12000,540.6,0.6017708109,3.0406
12000,540.65,0.6017912496,3.04065
12000,540.7,0.6018117105,3.0407
12000,540.75,0.6018321935,3.04075
12000,540.8,0.6018526986,3.0408
12000,540.85,0.6018732259,3.04085
12000,540.9,0.6018937752,3.0409
12000,540.95,0.6019143467,3.04095
12000,541,0.6019349403,3.041
12000,541.05,0.601955556,3.04105
12000,541.1,0.6019761938,3.0411
12000,541.15,0.6019968536,3.04115
12000,541.2,0.6020175354,3.0412
12000,541.25,0.6020382394,3.04125
12000,541.3,0.6020589653,3.0413
12000,541.35,0.6020797133,3.04135
12000,541.4,0.6021004833,3.0414
12000,541.45,0.6021212752,3.04145
12000,541.5,0.6021420892,3.0415
12000,541.55,0.6021629252,3.04155
12000,541.6,0.6021837831,3.0416
12000,541.65,0.6022046629,3.04165
12000,541.7,0.6022255648,3.0417
12000,541.75,0.6022464885,3.04175
12000,541.8,0.6022674342,3.0418
12000,541.85,0.6022884018,3.04185
12000,541.9,0.6023093913,3.0419
12000,541.95,0.6023304027,3.04195
12000,542,0.602351436,3.042
12000,542.05,0.6023724911,3.04205
12000,542.1,0.6023935681,3.0421
12000,542.15,0.602414667,3.04215
12000,542.2,0.6024357877,3.0422
12000,542.25,0.6024569302,3.04225
12000,542.3,0.6024780945,3.0423
12000,542.35,0.6024992807,3.04235
12000,542.4,0.6025204886,3.0424
12000,542.45,0.6025417183,3.04245
12000,542.5,0.6025629698,3.0425
12000,542.55,0.6025842431,3.04255
12000,542.6,0.6026055381,3.0426
12000,542.65,0.6026268548,3.04265
12000,542.7,0.6026481933,3.0427
12000,542.75,0.6026695535,3.04275
12000,542.8,0.6026909354,3.0428
12000,542.85,0.602712339,3.04285
12000,542.9,0.6027337642,3.0429
12000,542.95,0.6027552112,3.04295
12000,543,0.6027766798,3.043
12000,543.05,0.6027981701,3.04305
12000,543.1,0.602819682,3.0431
12000,543.15,0.6028412155,3.04315
12000,543.2,0.6028627706,3.0432
12000,543.25,0.6028843474,3.04325
12000,543.3,0.6029059457,3.0433
12000,543.35,0.6029275657,3.04335
12000,543.4,0.6029492072,3.0434
12000,543.45,0.6029708703,3.04345
12000,543.5,0.6029925549,3.0435
12000,543.55,0.603014261,3.04355
12000,543.6,0.6030359887,3.0436
12000,543.65,0.6030577379,3.04365
12000,543.7,0.6030795086,3.0437
12000,543.75,0.6031013009,3.04375
12000,543.8,0.6031231145,3.0438
12000,543.85,0.6031449497,3.04385
12000,543.9,0.6031668063,3.0439
12000,543.95,0.6031886844,3.04395
12000,544,0.6032105839,3.044
12000,544.05,0.6032325049,3.04405
12000,544.1,0.6032544472,3.0441
12000,544.15,0.603276411,3.04415
12000,544.2,0.6032983961,3.0442
12000,544.25,0.6033204027,3.04425
12000,544.3,0.6033424306,3.0443
12000,544.35,0.6033644798,3.04435
12000,544.4,0.6033865505,3.0444
12000,544.45,0.6034086424,3.04445
12000,544.5,0.6034307557,3.0445
12000,544.55,0.6034528903,3.04455
12000,544.6,0.6034750462,3.0446
12000,544.65,0.6034972234,3.04465
12000,544.7,0.6035194218,3.0447
12000,544.75,0.6035416416,3.04475
12000,544.8,0.6035638826,3.0448
12000,544.85,0.6035861448,3.04485
12000,544.9,0.6036084283,3.0449
12000,544.95,0.603630733,3.04495
12000,545,0.6036530589,3.045
12000,545.05,0.603675406,3.04505
12000,545.1,0.6036977743,3.0451
12000,545.15,0.6037201637,3.04515
12000,545.2,0.6037425744,3.0452
12000,545.25,0.6037650062,3.04525
12000,545.3,0.6037874591,3.0453
12000,545.35,0.6038099332,3.04535
12000,545.4,0.6038324283,3.0454
12000,545.45,0.6038549446,3.04545
12000,545.5,0.603877482,3.0455
12000,545.55,0.6039000405,3.04555
12000,545.6,0.60392262,3.0456
12000,545.65,0.6039452206,3.04565
12000,545.7,0.6039678423,3.0457
12000,545.75,0.603990485,3.04575
12000,545.8,0.6040131487,3.0458
12000,545.85,0.6040358334,3.04585
12000,545.9,0.6040585392,3.0459
12000,545.95,0.6040812659,3.04595
12000,546,0.6041040136,3.046
12000,546.05,0.6041267823,3.04605
12000,546.1,0.6041495719,3.0461
12000,546.15,0.6041723825,3.04615
12000,546.2,0.604195214,3.0462
12000,546.25,0.6042180665,3.04625
12000,546.3,0.6042409398,3.0463
12000,546.35,0.6042638341,3.04635
12000,546.4,0.6042867492,3.0464
12000,546.45,0.6043096852,3.04645
12000,546.5,0.6043326421,3.0465
12000,546.55,0.6043556198,3.04655
12000,546.6,0.6043786183,3.0466
12000,546.65,0.6044016377,3.04665
12000,546.7,0.6044246779,3.0467
12000,546.75,0.6044477389,3.04675
12000,546.8,0.6044708207,3.0468
12000,546.85,0.6044939233,3.04685
12000,546.9,0.6045170467,3.0469
12000,546.95,0.6045401908,3.04695
12000,547,0.6045633556,3.047
12000,547.05,0.6045865412,3.04705
12000,547.1,0.6046097475,3.0471
12000,547.15,0.6046329745,3.04715
12000,547.2,0.6046562222,3.0472
12000,547.25,0.6046794906,3.04725
12000,547.3,0.6047027797,3.0473
12000,547.35,0.6047260894,3.04735
12000,547.4,0.6047494198,3.0474
12000,547.45,0.6047727708,3.04745
12000,547.5,0.6047961425,3.0475
12000,547.55,0.6048195348,3.04755
12000,547.6,0.6048429476,3.0476
12000,547.65,0.6048663811,3.04765
12000,547.7,0.6048898351,3.0477
12000,547.75,0.6049133097,3.04775
12000,547.8,0.6049368049,3.0478
12000,547.85,0.6049603206,3.04785
12000,547.9,0.6049838568,3.0479
12000,547.95,0.6050074135,3.04795
12000,548,0.6050309908,3.048
12000,548.05,0.6050545885,3.04805
12000,548.1,0.6050782068,3.0481
12000,548.15,0.6051018455,3.04815
12000,548.2,0.6051255046,3.0482
12000,548.25,0.6051491842,3.04825
12000,548.3,0.6051728843,3.0483
12000,548.35,0.6051966047,3.04835
12000,548.4,0.6052203456,3.0484
12000,548.45,0.6052441069,3.04845
12000,548.5,0.6052678885,3.0485
12000,548.55,0.6052916905,3.04855
12000,548.6,0.6053155129,3.0486
12000,548.65,0.6053393557,3.04865
12000,548.7,0.6053632187,3.0487
12000,548.75,0.6053871021,3.04875
12000,548.8,0.6054110059,3.0488
12000,548.85,0.6054349299,3.04885
12000,548.9,0.6054588742,3.0489
12000,548.95,0.6054828387,3.04895
12000,549,0.6055068236,3.049
12000,549.05,0.6055308287,3.04905
12000,549.1,0.605554854,3.0491
12000,549.15,0.6055788996,3.04915
12000,549.2,0.6056029654,3.0492
12000,549.25,0.6056270513,3.04925
12000,549.3,0.6056511575,3.0493
12000,549.35,0.6056752839,3.04935
12000,549.4,0.6056994304,3.0494
12000,549.45,0.605723597,3.04945
12000,549.5,0.6057477839,3.0495
12000,549.55,0.6057719908,3.04955
12000,549.6,0.6057962179,3.0496
12000,549.65,0.605820465,3.04965
12000,549.7,0.6058447323,3.0497
12000,549.75,0.6058690196,3.04975
12000,549.8,0.605893327,3.0498
12000,549.85,0.6059176545,3.04985
12000,549.9,0.605942002,3.0499
12000,549.95,0.6059663695,3.04995
12000,550,0.6059907571,3.05
12000,550.05,0.6060151646,3.05005
12000,550.1,0.6060395922,3.0501
12000,550.15,0.6060640397,3.05015
12000,550.2,0.6060885072,3.0502
12000,550.25,0.6061129947,3.05025
12000,550.3,0.6061375021,3.0503
12000,550.35,0.6061620294,3.05035
12000,550.4,0.6061865766,3.0504
12000,550.45,0.6062111438,3.05045
12000,550.5,0.6062357308,3.0505
12000,550.55,0.6062603378,3.05055
12000,550.6,0.6062849646,3.0506
12000,550.65,0.6063096112,3.05065
12000,550.7,0.6063342778,3.0507
12000,550.75,0.6063589641,3.05075
12000,550.8,0.6063836702,3.0508
12000,550.85,0.6064083962,3.05085
12000,550.9,0.606433142,3.0509
12000,550.95,0.6064579075,3.05095
12000,551,0.6064826928,3.051
12000,551.05,0.6065074979,3.05105
12000,551.1,0.6065323227,3.0511
12000,551.15,0.6065571672,3.05115
12000,551.2,0.6065820315,3.0512
12000,551.25,0.6066069154,3.05125
12000,551.3,0.6066318191,3.0513
12000,551.35,0.6066567424,3.05135
12000,551.4,0.6066816854,3.0514
12000,551.45,0.6067066481,3.05145
12000,551.5,0.6067316304,3.0515
12000,551.55,0.6067566324,3.05155
12000,551.6,0.6067816539,3.0516
12000,551.65,0.6068066951,3.05165
12000,551.7,0.6068317558,3.0517
12000,551.75,0.6068568362,3.05175
12000,551.8,0.6068819361,3.0518
12000,551.85,0.6069070555,3.05185
12000,551.9,0.6069321945,3.0519
12000,551.95,0.606957353,3.05195
12000,552,0.6069825311,3.052
12000,552.05,0.6070077286,3.05205
12000,552.1,0.6070329457,3.0521
12000,552.15,0.6070581822,3.05215
12000,552.2,0.6070834382,3.0522
12000,552.25,0.6071087136,3.05225
12000,552.3,0.6071340085,3.0523
12000,552.35,0.6071593228,3.05235
12000,552.4,0.6071846565,3.0524
12000,552.45,0.6072100096,3.05245
12000,552.5,0.6072353821,3.0525
12000,552.55,0.607260774,3.05255
12000,552.6,0.6072861853,3.0526
12000,552.65,0.6073116159,3.05265
12000,552.7,0.6073370658,3.0527
12000,552.75,0.6073625351,3.05275
12000,552.8,0.6073880237,3.0528
12000,552.85,0.6074135315,3.05285
12000,552.9,0.6074390587,3.0529
12000,552.95,0.6074646051,3.05295
12000,553,0.6074901708,3.053
12000,553.05,0.6075157558,3.05305
12000,553.1,0.6075413599,3.0531
12000,553.15,0.6075669833,3.05315
12000,553.2,0.607592626,3.0532
12000,553.25,0.6076182878,3.05325
12000,553.3,0.6076439687,3.0533
12000,553.35,0.6076696689,3.05335
12000,553.4,0.6076953882,3.0534
12000,553.45,0.6077211267,3.05345
12000,553.5,0.6077468843,3.0535
12000,553.55,0.607772661,3.05355
12000,553.6,0.6077984568,3.0536
12000,553.65,0.6078242717,3.05365
12000,553.7,0.6078501057,3.0537
12000,553.75,0.6078759588,3.05375
12000,553.8,0.6079018309,3.0538
12000,553.85,0.607927722,3.05385
12000,553.9,0.6079536322,3.0539
12000,553.95,0.6079795614,3.05395
12000,554,0.6080055096,3.054
12000,554.05,0.6080314768,3.05405
12000,554.1,0.6080574629,3.0541
12000,554.15,0.6080834681,3.05415
12000,554.2,0.6081094921,3.0542
12000,554.25,0.6081355352,3.05425
12000,554.3,0.6081615971,3.0543
12000,554.35,0.6081876779,3.05435
12000,554.4,0.6082137777,3.0544
12000,554.45,0.6082398963,3.05445
12000,554.5,0.6082660338,3.0545
12000,554.55,0.6082921901,3.05455
12000,554.6,0.6083183653,3.0546
12000,554.65,0.6083445594,3.05465
12000,554.7,0.6083707722,3.0547
12000,554.75,0.6083970039,3.05475
12000,554.8,0.6084232543,3.0548
12000,554.85,0.6084495235,3.05485
12000,554.9,0.6084758115,3.0549
12000,554.95,0.6085021183,3.05495
12000,555,0.6085284438,3.055
12000,555.05,0.608554788,3.05505
12000,555.1,0.6085811509,3.0551
12000,555.15,0.6086075325,3.05515
12000,555.2,0.6086339328,3.0552
12000,555.25,0.6086603518,3.05525
12000,555.3,0.6086867895,3.0553
12000,555.35,0.6087132458,3.05535
12000,555.4,0.6087397207,3.0554
12000,555.45,0.6087662142,3.05545
12000,555.5,0.6087927264,3.0555
12000,555.55,0.6088192571,3.05555
12000,555.6,0.6088458065,3.0556
12000,555.65,0.6088723744,3.05565
12000,555.7,0.6088989608,3.0557
12000,555.75,0.6089255658,3.05575
12000,555.8,0.6089521893,3.0558
12000,555.85,0.6089788314,3.05585
12000,555.9,0.6090054919,3.0559
12000,555.95,0.6090321709,3.05595
12000,556,0.6090588684,3.056
12000,556.05,0.6090855844,3.05605
12000,556.1,0.6091123188,3.0561
12000,556.15,0.6091390716,3.05615
12000,556.2,0.6091658429,3.0562
12000,556.25,0.6091926326,3.05625
12000,556.3,0.6092194406,3.0563
12000,556.35,0.6092462671,3.05635
12000,556.4,0.6092731119,3.0564
12000,556.45,0.6092999751,3.05645
12000,556.5,0.6093268566,3.0565
12000,556.55,0.6093537564,3.05655
12000,556.6,0.6093806746,3.0566
12000,556.65,0.609407611,3.05665
12000,556.7,0.6094345658,3.0567
12000,556.75,0.6094615388,3.05675
12000,556.8,0.60948853,3.0568
12000,556.85,0.6095155396,3.05685
12000,556.9,0.6095425673,3.0569
12000,556.95,0.6095696133,3.05695
12000,557,0.6095966775,3.057
12000,557.05,0.6096237598,3.05705
12000,557.1,0.6096508604,3.0571
12000,557.15,0.6096779791,3.05715
12000,557.2,0.609705116,3.0572
12000,557.25,0.609732271,3.05725
12000,557.3,0.6097594441,3.0573
12000,557.35,0.6097866354,3.05735
12000,557.4,0.6098138447,3.0574
12000,557.45,0.6098410722,3.05745
12000,557.5,0.6098683177,3.0575
12000,557.55,0.6098955812,3.05755
12000,557.6,0.6099228628,3.0576
12000,557.65,0.6099501625,3.05765
12000,557.7,0.6099774801,3.0577
12000,557.75,0.6100048158,3.05775
12000,557.8,0.6100321694,3.0578
12000,557.85,0.610059541,3.05785
12000,557.9,0.6100869306,3.0579
12000,557.95,0.6101143382,3.05795
12000,558,0.6101417636,3.058
12000,558.05,0.610169207,3.05805
12000,558.1,0.6101966683,3.0581
12000,558.15,0.6102241475,3.05815
12000,558.2,0.6102516446,3.0582
12000,558.25,0.6102791596,3.05825
12000,558.3,0.6103066924,3.0583
12000,558.35,0.610334243,3.05835
12000,558.4,0.6103618115,3.0584
12000,558.45,0.6103893977,3.05845
12000,558.5,0.6104170018,3.0585
12000,558.55,0.6104446237,3.05855
12000,558.6,0.6104722633,3.0586
12000,558.65,0.6104999207,3.05865
12000,558.7,0.6105275959,3.0587
12000,558.75,0.6105552887,3.05875
12000,558.8,0.6105829993,3.0588
12000,558.85,0.6106107276,3.05885
12000,558.9,0.6106384736,3.0589
12000,558.95,0.6106662372,3.05895
12000,559,0.6106940185,3.059
12000,559.05,0.6107218175,3.05905
12000,559.1,0.6107496341,3.0591
12000,559.15,0.6107774683,3.05915
12000,559.2,0.6108053202,3.0592
12000,559.25,0.6108331896,3.05925
12000,559.3,0.6108610766,3.0593
12000,559.35,0.6108889812,3.05935
12000,559.4,0.6109169033,3.0594
12000,559.45,0.6109448429,3.05945
12000,559.5,0.6109728001,3.0595
12000,559.55,0.6110007748,3.05955
12000,559.6,0.611028767,3.0596
12000,559.65,0.6110567767,3.05965
12000,559.7,0.6110848038,3.0597
12000,559.75,0.6111128484,3.05975
12000,559.8,0.6111409104,3.0598
12000,559.85,0.6111689899,3.05985
12000,559.9,0.6111970868,3.0599
12000,559.95,0.611225201,3.05995
12000,560,0.6112533327,3.06
12000,560.05,0.6112814817,3.06005
12000,560.1,0.6113096481,3.0601
12000,560.15,0.6113378319,3.06015
12000,560.2,0.6113660329,3.0602
12000,560.25,0.6113942513,3.06025
12000,560.3,0.611422487,3.0603
12000,560.35,0.61145074,3.06035
12000,560.4,0.6114790102,3.0604
12000,560.45,0.6115072977,3.06045
12000,560.5,0.6115356025,3.0605
12000,560.55,0.6115639245,3.06055
12000,560.6,0.6115922637,3.0606
12000,560.65,0.6116206201,3.06065
12000,560.7,0.6116489937,3.0607
12000,560.75,0.6116773845,3.06075
12000,560.8,0.6117057924,3.0608
12000,560.85,0.6117342175,3.06085
12000,560.9,0.6117626598,3.0609
12000,560.95,0.6117911191,3.06095
12000,561,0.6118195956,3.061
12000,561.05,0.6118480891,3.06105
12000,561.1,0.6118765997,3.0611
12000,561.15,0.6119051274,3.06115
12000,561.2,0.6119336722,3.0612
12000,561.25,0.611962234,3.06125
12000,561.3,0.6119908128,3.0613
12000,561.35,0.6120194086,3.06135
12000,561.4,0.6120480214,3.0614
12000,561.45,0.6120766512,3.06145
12000,561.5,0.6121052979,3.0615
12000,561.55,0.6121339616,3.06155
12000,561.6,0.6121626423,3.0616
12000,561.65,0.6121913399,3.06165
12000,561.7,0.6122200543,3.0617
12000,561.75,0.6122487857,3.06175
12000,561.8,0.612277534,3.0618
12000,561.85,0.6123062991,3.06185
12000,561.9,0.6123350811,3.0619
12000,561.95,0.6123638799,3.06195
12000,562,0.6123926956,3.062
12000,562.05,0.612421528,3.06205
12000,562.1,0.6124503773,3.0621
12000,562.15,0.6124792433,3.06215
12000,562.2,0.6125081261,3.0622
12000,562.25,0.6125370257,3.06225
12000,562.3,0.612565942,3.0623
12000,562.35,0.612594875,3.06235
12000,562.4,0.6126238248,3.0624
12000,562.45,0.6126527912,3.06245
12000,562.5,0.6126817744,3.0625
12000,562.55,0.6127107742,3.06255
12000,562.6,0.6127397906,3.0626
12000,562.65,0.6127688237,3.06265
12000,562.7,0.6127978734,3.0627
12000,562.75,0.6128269398,3.06275
12000,562.8,0.6128560227,3.0628
12000,562.85,0.6128851222,3.06285
12000,562.9,0.6129142383,3.0629
12000,562.95,0.612943371,3.06295
12000,563,0.6129725202,3.063
12000,563.05,0.6130016859,3.06305
12000,563.1,0.6130308681,3.0631
12000,563.15,0.6130600668,3.06315
12000,563.2,0.6130892821,3.0632
12000,563.25,0.6131185138,3.06325
12000,563.3,0.6131477619,3.0633
12000,563.35,0.6131770265,3.06335
12000,563.4,0.6132063075,3.0634
12000,563.45,0.6132356049,3.06345
12000,563.5,0.6132649188,3.0635
12000,563.55,0.613294249,3.06355
12000,563.6,0.6133235956,3.0636
12000,563.65,0.6133529585,3.06365
12000,563.7,0.6133823378,3.0637
12000,563.75,0.6134117334,3.06375
12000,563.8,0.6134411453,3.0638
12000,563.85,0.6134705735,3.06385
12000,563.9,0.613500018,3.0639
12000,563.95,0.6135294788,3.06395
12000,564,0.6135589559,3.064
12000,564.05,0.6135884491,3.06405
12000,564.1,0.6136179586,3.0641
12000,564.15,0.6136474844,3.06415
12000,564.2,0.6136770263,3.0642
12000,564.25,0.6137065844,3.06425
12000,564.3,0.6137361586,3.0643
12000,564.35,0.6137657491,3.06435
12000,564.4,0.6137953556,3.0644
12000,564.45,0.6138249783,3.06445
12000,564.5,0.6138546171,3.0645
12000,564.55,0.6138842721,3.06455
12000,564.6,0.613913943,3.0646
12000,564.65,0.6139436301,3.06465
12000,564.7,0.6139733332,3.0647
12000,564.75,0.6140030524,3.06475
12000,564.8,0.6140327875,3.0648
12000,564.85,0.6140625387,3.06485
12000,564.9,0.6140923059,3.0649
12000,564.95,0.6141220891,3.06495
12000,565,0.6141518882,3.065
12000,565.05,0.6141817033,3.06505
12000,565.1,0.6142115344,3.0651
12000,565.15,0.6142413813,3.06515
12000,565.2,0.6142712442,3.0652
12000,565.25,0.6143011229,3.06525
12000,565.3,0.6143310176,3.0653
12000,565.35,0.6143609281,3.06535
12000,565.4,0.6143908545,3.0654
12000,565.45,0.6144207967,3.06545
12000,565.5,0.6144507547,3.0655
12000,565.55,0.6144807285,3.06555
12000,565.6,0.6145107181,3.0656
12000,565.65,0.6145407236,3.06565
12000,565.7,0.6145707447,3.0657
12000,565.75,0.6146007817,3.06575
12000,565.8,0.6146308343,3.0658
12000,565.85,0.6146609027,3.06585
12000,565.9,0.6146909868,3.0659
12000,565.95,0.6147210866,3.06595
12000,566,0.614751202,3.066
12000,566.05,0.6147813331,3.06605
12000,566.1,0.6148114799,3.0661
12000,566.15,0.6148416423,3.06615
12000,566.2,0.6148718203,3.0662
12000,566.25,0.614902014,3.06625
12000,566.3,0.6149322232,3.0663
12000,566.35,0.614962448,3.06635
12000,566.4,0.6149926883,3.0664
12000,566.45,0.6150229442,3.06645
12000,566.5,0.6150532157,3.0665
12000,566.55,0.6150835026,3.06655
12000,566.6,0.6151138051,3.0666
12000,566.65,0.615144123,3.06665
12000,566.7,0.6151744565,3.0667
12000,566.75,0.6152048053,3.06675
12000,566.8,0.6152351697,3.0668
12000,566.85,0.6152655494,3.06685
12000,566.9,0.6152959446,3.0669
12000,566.95,0.6153263551,3.06695
12000,567,0.6153567811,3.067
12000,567.05,0.6153872224,3.06705
12000,567.1,0.6154176791,3.0671
12000,567.15,0.6154481511,3.06715
12000,567.2,0.6154786385,3.0672
12000,567.25,0.6155091411,3.06725
12000,567.3,0.6155396591,3.0673
12000,567.35,0.6155701923,3.06735
12000,567.4,0.6156007408,3.0674
12000,567.45,0.6156313046,3.06745
12000,567.5,0.6156618836,3.0675
12000,567.55,0.6156924778,3.06755
12000,567.6,0.6157230873,3.0676
12000,567.65,0.6157537119,3.06765
12000,567.7,0.6157843517,3.0677
12000,567.75,0.6158150067,3.06775
12000,567.8,0.6158456768,3.0678
12000,567.85,0.6158763621,3.06785
12000,567.9,0.6159070625,3.0679
12000,567.95,0.6159377779,3.06795
12000,568,0.6159685085,3.068
12000,568.05,0.6159992542,3.06805
12000,568.1,0.6160300149,3.0681
12000,568.15,0.6160607907,3.06815
12000,568.2,0.6160915815,3.0682
12000,568.25,0.6161223873,3.06825
12000,568.3,0.6161532081,3.0683
12000,568.35,0.6161840439,3.06835
12000,568.4,0.6162148947,3.0684
12000,568.45,0.6162457604,3.06845
12000,568.5,0.6162766411,3.0685
12000,568.55,0.6163075367,3.06855
12000,568.6,0.6163384473,3.0686
12000,568.65,0.6163693727,3.06865
12000,568.7,0.616400313,3.0687
12000,568.75,0.6164312682,3.06875
12000,568.8,0.6164622382,3.0688
12000,568.85,0.6164932231,3.06885
12000,568.9,0.6165242228,3.0689
12000,568.95,0.6165552373,3.06895
12000,569,0.6165862666,3.069
12000,569.05,0.6166173107,3.06905
12000,569.1,0.6166483696,3.0691
12000,569.15,0.6166794432,3.06915
12000,569.2,0.6167105315,3.0692
12000,569.25,0.6167416346,3.06925
12000,569.3,0.6167727524,3.0693
12000,569.35,0.6168038848,3.06935
12000,569.4,0.616835032,3.0694
12000,569.45,0.6168661938,3.06945
12000,569.5,0.6168973702,3.0695
12000,569.55,0.6169285613,3.06955
12000,569.6,0.616959767,3.0696
12000,569.65,0.6169909873,3.06965
12000,569.7,0.6170222222,3.0697
12000,569.75,0.6170534717,3.06975
12000,569.8,0.6170847357,3.0698
12000,569.85,0.6171160143,3.06985
12000,569.9,0.6171473073,3.0699
12000,569.95,0.617178615,3.06995
12000,570,0.6172099371,3.07
12000,570.05,0.6172412736,3.07005
12000,570.1,0.6172726247,3.0701
12000,570.15,0.6173039902,3.07015
12000,570.2,0.6173353701,3.0702
12000,570.25,0.6173667645,3.07025
12000,570.3,0.6173981733,3.0703
12000,570.35,0.6174295965,3.07035
12000,570.4,0.617461034,3.0704
12000,570.45,0.6174924859,3.07045
12000,570.5,0.6175239522,3.0705
12000,570.55,0.6175554328,3.07055
12000,570.6,0.6175869277,3.0706
12000,570.65,0.6176184369,3.07065
12000,570.7,0.6176499604,3.0707
12000,570.75,0.6176814982,3.07075
12000,570.8,0.6177130502,3.0708
12000,570.85,0.6177446165,3.07085
12000,570.9,0.617776197,3.0709
12000,570.95,0.6178077917,3.07095
12000,571,0.6178394006,3.071
12000,571.05,0.6178710238,3.07105
12000,571.1,0.617902661,3.0711
12000,571.15,0.6179343125,3.07115
12000,571.2,0.617965978,3.0712
12000,571.25,0.6179976577,3.07125
12000,571.3,0.6180293515,3.0713
12000,571.35,0.6180610594,3.07135
12000,571.4,0.6180927814,3.0714
12000,571.45,0.6181245174,3.07145
12000,571.5,0.6181562675,3.0715
12000,571.55,0.6181880316,3.07155
12000,571.6,0.6182198097,3.0716
12000,571.65,0.6182516019,3.07165
12000,571.7,0.618283408,3.0717
12000,571.75,0.6183152281,3.07175
12000,571.8,0.6183470622,3.0718
12000,571.85,0.6183789102,3.07185
12000,571.9,0.6184107721,3.0719
12000,571.95,0.6184426479,3.07195
12000,572,0.6184745377,3.072
12000,572.05,0.6185064413,3.07205
12000,572.1,0.6185383588,3.0721
12000,572.15,0.6185702901,3.07215
12000,572.2,0.6186022353,3.0722
12000,572.25,0.6186341943,3.07225
12000,572.3,0.6186661671,3.0723
12000,572.35,0.6186981537,3.07235
12000,572.4,0.6187301541,3.0724
12000,572.45,0.6187621683,3.07245
12000,572.5,0.6187941962,3.0725
12000,572.55,0.6188262378,3.07255
12000,572.6,0.6188582931,3.0726
12000,572.65,0.6188903622,3.07265
12000,572.7,0.6189224449,3.0727
12000,572.75,0.6189545413,3.07275
12000,572.8,0.6189866513,3.0728
12000,572.85,0.619018775,3.07285
12000,572.9,0.6190509124,3.0729
12000,572.95,0.6190830633,3.07295
12000,573,0.6191152278,3.073
12000,573.05,0.6191474059,3.07305
12000,573.1,0.6191795976,3.0731
12000,573.15,0.6192118028,3.07315
12000,573.2,0.6192440216,3.0732
12000,573.25,0.6192762539,3.07325
12000,573.3,0.6193084997,3.0733
12000,573.35,0.6193407589,3.07335
12000,573.4,0.6193730317,3.0734
12000,573.45,0.6194053179,3.07345
12000,573.5,0.6194376175,3.0735
12000,573.55,0.6194699306,3.07355
12000,573.6,0.6195022571,3.0736
12000,573.65,0.619534597,3.07365
12000,573.7,0.6195669503,3.0737
12000,573.75,0.6195993169,3.07375
12000,573.8,0.6196316969,3.0738
12000,573.85,0.6196640902,3.07385
12000,573.9,0.6196964969,3.0739
12000,573.95,0.6197289169,3.07395
12000,574,0.6197613501,3.074
12000,574.05,0.6197937967,3.07405
12000,574.1,0.6198262565,3.0741
12000,574.15,0.6198587295,3.07415
12000,574.2,0.6198912158,3.0742
12000,574.25,0.6199237153,3.07425
12000,574.3,0.6199562279,3.0743
12000,574.35,0.6199887538,3.07435
12000,574.4,0.6200212929,3.0744
12000,574.45,0.6200538451,3.07445
12000,574.5,0.6200864104,3.0745
12000,574.55,0.6201189889,3.07455
12000,574.6,0.6201515804,3.0746
12000,574.65,0.6201841851,3.07465
12000,574.7,0.6202168029,3.0747
12000,574.75,0.6202494337,3.07475
12000,574.8,0.6202820775,3.0748
12000,574.85,0.6203147344,3.07485
12000,574.9,0.6203474043,3.0749
12000,574.95,0.6203800872,3.07495
12000,575,0.6204127831,3.075
12000,575.05,0.620445492,3.07505
12000,575.1,0.6204782138,3.0751
12000,575.15,0.6205109486,3.07515
12000,575.2,0.6205436963,3.0752
12000,575.25,0.6205764569,3.07525
12000,575.3,0.6206092304,3.0753
12000,575.35,0.6206420168,3.07535
12000,575.4,0.620674816,3.0754
12000,575.45,0.6207076281,3.07545
12000,575.5,0.6207404531,3.0755
12000,575.55,0.6207732908,3.07555
12000,575.6,0.6208061414,3.0756
12000,575.65,0.6208390047,3.07565
12000,575.7,0.6208718808,3.0757
12000,575.75,0.6209047697,3.07575
12000,575.8,0.6209376713,3.0758
12000,575.85,0.6209705856,3.07585
12000,575.9,0.6210035127,3.0759
12000,575.95,0.6210364524,3.07595
12000,576,0.6210694049,3.076
12000,576.05,0.62110237,3.07605
12000,576.1,0.6211353477,3.0761
12000,576.15,0.6211683381,3.07615
12000,576.2,0.6212013411,3.0762
12000,576.25,0.6212343567,3.07625
12000,576.3,0.6212673849,3.0763
12000,576.35,0.6213004257,3.07635
12000,576.4,0.621333479,3.0764
12000,576.45,0.6213665449,3.07645
12000,576.5,0.6213996233,3.0765
12000,576.55,0.6214327142,3.07655
12000,576.6,0.6214658176,3.0766
12000,576.65,0.6214989335,3.07665
12000,576.7,0.6215320619,3.0767
12000,576.75,0.6215652027,3.07675
12000,576.8,0.6215983559,3.0768
12000,576.85,0.6216315216,3.07685
12000,576.9,0.6216646996,3.0769
12000,576.95,0.6216978901,3.07695
12000,577,0.6217310929,3.077
12000,577.05,0.6217643081,3.07705
12000,577.1,0.6217975357,3.0771
12000,577.15,0.6218307755,3.07715
12000,577.2,0.6218640277,3.0772
12000,577.25,0.6218972922,3.07725
12000,577.3,0.6219305689,3.0773
12000,577.35,0.621963858,3.07735
12000,577.4,0.6219971592,3.0774
12000,577.45,0.6220304727,3.07745
12000,577.5,0.6220637985,3.0775
12000,577.55,0.6220971364,3.07755
12000,577.6,0.6221304865,3.0776
12000,577.65,0.6221638488,3.07765
12000,577.7,0.6221972233,3.0777
12000,577.75,0.6222306099,3.07775
12000,577.8,0.6222640086,3.0778
12000,577.85,0.6222974194,3.07785
12000,577.9,0.6223308424,3.0779
12000,577.95,0.6223642774,3.07795
12000,578,0.6223977245,3.078
12000,578.05,0.6224311836,3.07805
12000,578.1,0.6224646548,3.0781
12000,578.15,0.622498138,3.07815
12000,578.2,0.6225316332,3.0782
12000,578.25,0.6225651403,3.07825
12000,578.3,0.6225986595,3.0783
12000,578.35,0.6226321906,3.07835
12000,578.4,0.6226657337,3.0784
12000,578.45,0.6226992887,3.07845
12000,578.5,0.6227328555,3.0785
12000,578.55,0.6227664343,3.07855
12000,578.6,0.622800025,3.0786
12000,578.65,0.6228336275,3.07865
12000,578.7,0.6228672419,3.0787
12000,578.75,0.6229008682,3.07875
12000,578.8,0.6229345062,3.0788
12000,578.85,0.622968156,3.07885
12000,578.9,0.6230018177,3.0789
12000,578.95,0.6230354911,3.07895
12000,579,0.6230691762,3.079
12000,579.05,0.6231028731,3.07905
12000,579.1,0.6231365818,3.0791
12000,579.15,0.6231703021,3.07915
12000,579.2,0.6232040342,3.0792
12000,579.25,0.6232377779,3.07925
12000,579.3,0.6232715333,3.0793
12000,579.35,0.6233053003,3.07935
12000,579.4,0.6233390789,3.0794
12000,579.45,0.6233728692,3.07945
12000,579.5,0.6234066711,3.0795
12000,579.55,0.6234404846,3.07955
12000,579.6,0.6234743096,3.0796
12000,579.65,0.6235081462,3.07965
12000,579.7,0.6235419944,3.0797
12000,579.75,0.623575854,3.07975
12000,579.8,0.6236097252,3.0798
12000,579.85,0.6236436079,3.07985
12000,579.9,0.623677502,3.0799
12000,579.95,0.6237114076,3.07995
12000,580,0.6237453247,3.08
12000,580.05,0.6237792532,3.08005
12000,580.1,0.6238131931,3.0801
12000,580.15,0.6238471444,3.08015
12000,580.2,0.6238811071,3.0802
12000,580.25,0.6239150811,3.08025
12000,580.3,0.6239490665,3.0803
12000,580.35,0.6239830633,3.08035
12000,580.4,0.6240170714,3.0804
12000,580.45,0.6240510908,3.08045
12000,580.5,0.6240851214,3.0805
12000,580.55,0.6241191634,3.08055
12000,580.6,0.6241532166,3.0806
12000,580.65,0.6241872811,3.08065
12000,580.7,0.6242213568,3.0807
12000,580.75,0.6242554437,3.08075
12000,580.8,0.6242895418,3.0808
12000,580.85,0.6243236511,3.08085
12000,580.9,0.6243577715,3.0809
12000,580.95,0.6243919031,3.08095
12000,581,0.6244260459,3.081
12000,581.05,0.6244601997,3.08105
12000,581.1,0.6244943647,3.0811
12000,581.15,0.6245285408,3.08115
12000,581.2,0.6245627279,3.0812
12000,581.25,0.6245969261,3.08125
12000,581.3,0.6246311354,3.0813
12000,581.35,0.6246653556,3.08135
12000,581.4,0.6246995869,3.0814
12000,581.45,0.6247338292,3.08145
12000,581.5,0.6247680825,3.0815
12000,581.55,0.6248023467,3.08155
12000,581.6,0.6248366219,3.0816
12000,581.65,0.624870908,3.08165
12000,581.7,0.624905205,3.0817
12000,581.75,0.624939513,3.08175
12000,581.8,0.6249738318,3.0818
12000,581.85,0.6250081615,3.08185
12000,581.9,0.625042502,3.0819
12000,581.95,0.6250768534,3.08195
12000,582,0.6251112157,3.082
12000,582.05,0.6251455887,3.08205
12000,582.1,0.6251799725,3.0821
12000,582.15,0.6252143671,3.08215
12000,582.2,0.6252487725,3.0822
12000,582.25,0.6252831886,3.08225
12000,582.3,0.6253176155,3.0823
12000,582.35,0.6253520531,3.08235
12000,582.4,0.6253865013,3.0824
12000,582.45,0.6254209603,3.08245
12000,582.5,0.6254554299,3.0825
12000,582.55,0.6254899102,3.08255
12000,582.6,0.6255244011,3.0826
12000,582.65,0.6255589027,3.08265
12000,582.7,0.6255934148,3.0827
12000,582.75,0.6256279376,3.08275
12000,582.8,0.6256624709,3.0828
12000,582.85,0.6256970148,3.08285
12000,582.9,0.6257315692,3.0829
12000,582.95,0.6257661342,3.08295
12000,583,0.6258007097,3.083
12000,583.05,0.6258352957,3.08305
12000,583.1,0.6258698921,3.0831
12000,583.15,0.625904499,3.08315
12000,583.2,0.6259391164,3.0832
12000,583.25,0.6259737442,3.08325
12000,583.3,0.6260083825,3.0833
12000,583.35,0.6260430311,3.08335
12000,583.4,0.6260776901,3.0834
12000,583.45,0.6261123596,3.08345
12000,583.5,0.6261470393,3.0835
12000,583.55,0.6261817294,3.08355
12000,583.6,0.6262164299,3.0836
12000,583.65,0.6262511406,3.08365
12000,583.7,0.6262858617,3.0837
12000,583.75,0.626320593,3.08375
12000,583.8,0.6263553346,3.0838
12000,583.85,0.6263900864,3.08385
12000,583.9,0.6264248485,3.0839
12000,583.95,0.6264596208,3.08395
12000,584,0.6264944033,3.084
12000,584.05,0.626529196,3.08405
12000,584.1,0.6265639988,3.0841
12000,584.15,0.6265988118,3.08415
12000,584.2,0.626633635,3.0842
12000,584.25,0.6266684683,3.08425
12000,584.3,0.6267033116,3.0843
12000,584.35,0.6267381651,3.08435
12000,584.4,0.6267730287,3.0844
12000,584.45,0.6268079023,3.08445
12000,584.5,0.626842786,3.0845
12000,584.55,0.6268776796,3.08455
12000,584.6,0.6269125834,3.0846
12000,584.65,0.6269474971,3.08465
12000,584.7,0.6269824208,3.0847
12000,584.75,0.6270173544,3.08475
12000,584.8,0.627052298,3.0848
12000,584.85,0.6270872516,3.08485
12000,584.9,0.6271222151,3.0849
12000,584.95,0.6271571885,3.08495
12000,585,0.6271921717,3.085
12000,585.05,0.6272271649,3.08505
12000,585.1,0.6272621679,3.0851
12000,585.15,0.6272971807,3.08515
12000,585.2,0.6273322034,3.0852
12000,585.25,0.6273672359,3.08525
12000,585.3,0.6274022782,3.0853
12000,585.35,0.6274373303,3.08535
12000,585.4,0.6274723921,3.0854
12000,585.45,0.6275074637,3.08545
12000,585.5,0.627542545,3.0855
12000,585.55,0.627577636,3.08555
12000,585.6,0.6276127368,3.0856
12000,585.65,0.6276478472,3.08565
12000,585.7,0.6276829673,3.0857
12000,585.75,0.6277180971,3.08575
12000,585.8,0.6277532365,3.0858
12000,585.85,0.6277883855,3.08585
12000,585.9,0.6278235441,3.0859
12000,585.95,0.6278587123,3.08595
12000,586,0.6278938901,3.086
12000,586.05,0.6279290775,3.08605
12000,586.1,0.6279642744,3.0861
12000,586.15,0.6279994809,3.08615
12000,586.2,0.6280346968,3.0862
12000,586.25,0.6280699223,3.08625
12000,586.3,0.6281051572,3.0863
12000,586.35,0.6281404016,3.08635
12000,586.4,0.6281756555,3.0864
12000,586.45,0.6282109188,3.08645
12000,586.5,0.6282461915,3.0865
12000,586.55,0.6282814736,3.08655
12000,586.6,0.6283167652,3.0866
12000,586.65,0.6283520661,3.08665
12000,586.7,0.6283873763,3.0867
12000,586.75,0.6284226959,3.08675
12000,586.8,0.6284580248,3.0868
12000,586.85,0.6284933631,3.08685
12000,586.9,0.6285287106,3.0869
12000,586.95,0.6285640674,3.08695
12000,587,0.6285994335,3.087
12000,587.05,0.6286348089,3.08705
12000,587.1,0.6286701934,3.0871
12000,587.15,0.6287055872,3.08715
12000,587.2,0.6287409902,3.0872
12000,587.25,0.6287764024,3.08725
12000,587.3,0.6288118237,3.0873
12000,587.35,0.6288472542,3.08735
12000,587.4,0.6288826939,3.0874
12000,587.45,0.6289181426,3.08745
12000,587.5,0.6289536005,3.0875
12000,587.55,0.6289890675,3.08755
12000,587.6,0.6290245435,3.0876
12000,587.65,0.6290600286,3.08765
12000,587.7,0.6290955228,3.0877
12000,587.75,0.629131026,3.08775
12000,587.8,0.6291665382,3.0878
12000,587.85,0.6292020594,3.08785
12000,587.9,0.6292375896,3.0879
12000,587.95,0.6292731287,3.08795
12000,588,0.6293086769,3.088
12000,588.05,0.6293442339,3.08805
12000,588.1,0.6293797999,3.0881
12000,588.15,0.6294153748,3.08815
12000,588.2,0.6294509585,3.0882
12000,588.25,0.6294865512,3.08825
12000,588.3,0.6295221527,3.0883
12000,588.35,0.629557763,3.08835
12000,588.4,0.6295933822,3.0884
12000,588.45,0.6296290102,3.08845
12000,588.5,0.6296646469,3.0885
12000,588.55,0.6297002925,3.08855
12000,588.6,0.6297359468,3.0886
12000,588.65,0.6297716099,3.08865
12000,588.7,0.6298072817,3.0887
12000,588.75,0.6298429622,3.08875
12000,588.8,0.6298786515,3.0888
12000,588.85,0.6299143494,3.08885
12000,588.9,0.629950056,3.0889
12000,588.95,0.6299857712,3.08895
12000,589,0.6300214951,3.089
12000,589.05,0.6300572276,3.08905
12000,589.1,0.6300929687,3.0891
12000,589.15,0.6301287185,3.08915
12000,589.2,0.6301644767,3.0892
12000,589.25,0.6302002436,3.08925
12000,589.3,0.630236019,3.0893
12000,589.35,0.6302718029,3.08935
12000,589.4,0.6303075954,3.0894
12000,589.45,0.6303433963,3.08945
12000,589.5,0.6303792058,3.0895
12000,589.55,0.6304150237,3.08955
12000,589.6,0.63045085,3.0896
12000,589.65,0.6304866848,3.08965
12000,589.7,0.630522528,3.0897
12000,589.75,0.6305583796,3.08975
12000,589.8,0.6305942396,3.0898
12000,589.85,0.630630108,3.08985
12000,589.9,0.6306659848,3.0899
12000,589.95,0.6307018698,3.08995
12000,590,0.6307377632,3.09
12000,590.05,0.630773665,3.09005
12000,590.1,0.630809575,3.0901
12000,590.15,0.6308454933,3.09015
12000,590.2,0.6308814199,3.0902
12000,590.25,0.6309173547,3.09025
12000,590.3,0.6309532977,3.0903
12000,590.35,0.630989249,3.09035
12000,590.4,0.6310252085,3.0904
12000,590.45,0.6310611761,3.09045
12000,590.5,0.631097152,3.0905
12000,590.55,0.631133136,3.09055
12000,590.6,0.6311691281,3.0906
12000,590.65,0.6312051283,3.09065
12000,590.7,0.6312411367,3.0907
12000,590.75,0.6312771532,3.09075
12000,590.8,0.6313131777,3.0908
12000,590.85,0.6313492103,3.09085
12000,590.9,0.6313852509,3.0909
12000,590.95,0.6314212996,3.09095
12000,591,0.6314573563,3.091
12000,591.05,0.631493421,3.09105
12000,591.1,0.6315294937,3.0911
12000,591.15,0.6315655743,3.09115
12000,591.2,0.6316016629,3.0912
12000,591.25,0.6316377595,3.09125
12000,591.3,0.6316738639,3.0913
12000,591.35,0.6317099763,3.09135
12000,591.4,0.6317460965,3.0914
12000,591.45,0.6317822247,3.09145
12000,591.5,0.6318183607,3.0915
12000,591.55,0.6318545045,3.09155
12000,591.6,0.6318906562,3.0916
12000,591.65,0.6319268156,3.09165
12000,591.7,0.6319629829,3.0917
12000,591.75,0.631999158,3.09175
12000,591.8,0.6320353408,3.0918
12000,591.85,0.6320715313,3.09185
12000,591.9,0.6321077297,3.0919
12000,591.95,0.6321439357,3.09195
12000,592,0.6321801494,3.092
12000,592.05,0.6322163708,3.09205
12000,592.1,0.6322525999,3.0921
12000,592.15,0.6322888367,3.09215
12000,592.2,0.6323250811,3.0922
12000,592.25,0.6323613331,3.09225
12000,592.3,0.6323975927,3.0923
12000,592.35,0.6324338599,3.09235
12000,592.4,0.6324701347,3.0924
12000,592.45,0.6325064171,3.09245
12000,592.5,0.632542707,3.0925
12000,592.55,0.6325790044,3.09255
12000,592.6,0.6326153094,3.0926
12000,592.65,0.6326516219,3.09265
12000,592.7,0.6326879418,3.0927
12000,592.75,0.6327242692,3.09275
12000,592.8,0.6327606041,3.0928
12000,592.85,0.6327969464,3.09285
12000,592.9,0.6328332961,3.0929
12000,592.95,0.6328696533,3.09295
12000,593,0.6329060178,3.093
12000,593.05,0.6329423897,3.09305
12000,593.1,0.632978769,3.0931
12000,593.15,0.6330151556,3.09315
12000,593.2,0.6330515496,3.0932
12000,593.25,0.6330879508,3.09325
12000,593.3,0.6331243594,3.0933
12000,593.35,0.6331607752,3.09335
12000,593.4,0.6331971983,3.0934
12000,593.45,0.6332336287,3.09345
12000,593.5,0.6332700663,3.0935
12000,593.55,0.6333065111,3.09355
12000,593.6,0.6333429632,3.0936
12000,593.65,0.6333794224,3.09365
12000,593.7,0.6334158888,3.0937
12000,593.75,0.6334523623,3.09375
12000,593.8,0.633488843,3.0938
12000,593.85,0.6335253308,3.09385
12000,593.9,0.6335618258,3.0939
12000,593.95,0.6335983278,3.09395
12000,594,0.6336348369,3.094
12000,594.05,0.6336713531,3.09405
12000,594.1,0.6337078763,3.0941
12000,594.15,0.6337444066,3.09415
12000,594.2,0.6337809439,3.0942
12000,594.25,0.6338174882,3.09425
12000,594.3,0.6338540394,3.0943
12000,594.35,0.6338905977,3.09435
12000,594.4,0.6339271629,3.0944
12000,594.45,0.633963735,3.09445
12000,594.5,0.6340003141,3.0945
12000,594.55,0.6340369001,3.09455
12000,594.6,0.634073493,3.0946
12000,594.65,0.6341100927,3.09465
12000,594.7,0.6341466993,3.0947
12000,594.75,0.6341833128,3.09475
12000,594.8,0.6342199331,3.0948
12000,594.85,0.6342565602,3.09485
12000,594.9,0.6342931941,3.0949
12000,594.95,0.6343298349,3.09495
12000,595,0.6343664823,3.095
12000,595.05,0.6344031366,3.09505
12000,595.1,0.6344397975,3.0951
12000,595.15,0.6344764652,3.09515
12000,595.2,0.6345131396,3.0952
12000,595.25,0.6345498207,3.09525
12000,595.3,0.6345865085,3.0953
12000,595.35,0.634623203,3.09535
12000,595.4,0.6346599041,3.0954
12000,595.45,0.6346966118,3.09545
12000,595.5,0.6347333261,3.0955
12000,595.55,0.634770047,3.09555
12000,595.6,0.6348067746,3.0956
12000,595.65,0.6348435086,3.09565
12000,595.7,0.6348802493,3.0957
12000,595.75,0.6349169965,3.09575
12000,595.8,0.6349537502,3.0958
12000,595.85,0.6349905104,3.09585
12000,595.9,0.6350272771,3.0959
12000,595.95,0.6350640503,3.09595
12000,596,0.6351008299,3.096
12000,596.05,0.635137616,3.09605
12000,596.1,0.6351744085,3.0961
12000,596.15,0.6352112074,3.09615
12000,596.2,0.6352480128,3.0962
12000,596.25,0.6352848245,3.09625
12000,596.3,0.6353216426,3.0963
12000,596.35,0.635358467,3.09635
12000,596.4,0.6353952978,3.0964
12000,596.45,0.6354321349,3.09645
12000,596.5,0.6354689783,3.0965
12000,596.55,0.635505828,3.09655
12000,596.6,0.6355426839,3.0966
12000,596.65,0.6355795462,3.09665
12000,596.7,0.6356164146,3.0967
12000,596.75,0.6356532893,3.09675
12000,596.8,0.6356901703,3.0968
12000,596.85,0.6357270574,3.09685
12000,596.9,0.6357639507,3.0969
12000,596.95,0.6358008501,3.09695
12000,597,0.6358377557,3.097
12000,597.05,0.6358746675,3.09705
12000,597.1,0.6359115854,3.0971
12000,597.15,0.6359485094,3.09715
12000,597.2,0.6359854394,3.0972
12000,597.25,0.6360223756,3.09725
12000,597.3,0.6360593178,3.0973
12000,597.35,0.636096266,3.09735
12000,597.4,0.6361332203,3.0974
12000,597.45,0.6361701806,3.09745
12000,597.5,0.6362071469,3.0975
12000,597.55,0.6362441191,3.09755
12000,597.6,0.6362810974,3.0976
12000,597.65,0.6363180816,3.09765
12000,597.7,0.6363550717,3.0977
12000,597.75,0.6363920677,3.09775
12000,597.8,0.6364290697,3.0978
12000,597.85,0.6364660775,3.09785
12000,597.9,0.6365030912,3.0979
12000,597.95,0.6365401108,3.09795
12000,598,0.6365771362,3.098
12000,598.05,0.6366141675,3.09805
12000,598.1,0.6366512045,3.0981
12000,598.15,0.6366882474,3.09815
12000,598.2,0.636725296,3.0982
12000,598.25,0.6367623505,3.09825
12000,598.3,0.6367994106,3.0983
12000,598.35,0.6368364765,3.09835
12000,598.4,0.6368735481,3.0984
12000,598.45,0.6369106254,3.09845
12000,598.5,0.6369477085,3.0985
12000,598.55,0.6369847971,3.09855
12000,598.6,0.6370218915,3.0986
12000,598.65,0.6370589915,3.09865
12000,598.7,0.6370960971,3.0987
12000,598.75,0.6371332083,3.09875
12000,598.8,0.6371703251,3.0988
12000,598.85,0.6372074476,3.09885
12000,598.9,0.6372445755,3.0989
12000,598.95,0.6372817091,3.09895
12000,599,0.6373188481,3.099
12000,599.05,0.6373559927,3.09905
12000,599.1,0.6373931428,3.0991
12000,599.15,0.6374302984,3.09915
12000,599.2,0.6374674595,3.0992
12000,599.25,0.637504626,3.09925
12000,599.3,0.6375417979,3.0993
12000,599.35,0.6375789753,3.09935
12000,599.4,0.6376161581,3.0994
12000,599.45,0.6376533463,3.09945
12000,599.5,0.6376905399,3.0995
12000,599.55,0.6377277389,3.09955
12000,599.6,0.6377649432,3.0996
12000,599.65,0.6378021528,3.09965
12000,599.7,0.6378393678,3.0997
12000,599.75,0.6378765881,3.09975
12000,599.8,0.6379138136,3.0998
12000,599.85,0.6379510445,3.09985
12000,599.9,0.6379882806,3.0999
12000,599.95,0.6380255219,3.09995
12000,600,0.6380627685,3.1
12000,600.05,0.6381000203,3.10005
12000,600.1,0.6381372773,3.1001
12000,600.15,0.6381745395,3.10015
12000,600.2,0.6382118068,3.1002
12000,600.25,0.6382490793,3.10025
12000,600.3,0.638286357,3.1003
12000,600.35,0.6383236397,3.10035
12000,600.4,0.6383609276,3.1004
12000,600.45,0.6383982206,3.10045
12000,600.5,0.6384355186,3.1005
12000,600.55,0.6384728217,3.10055
12000,600.6,0.6385101298,3.1006
12000,600.65,0.638547443,3.10065
12000,600.7,0.6385847612,3.1007
12000,600.75,0.6386220844,3.10075
12000,600.8,0.6386594126,3.1008
12000,600.85,0.6386967458,3.10085
12000,600.9,0.6387340839,3.1009
12000,600.95,0.6387714269,3.10095
12000,601,0.6388087749,3.101
12000,601.05,0.6388461278,3.10105
12000,601.1,0.6388834856,3.1011
12000,601.15,0.6389208482,3.10115
12000,601.2,0.6389582157,3.1012
12000,601.25,0.6389955881,3.10125
12000,601.3,0.6390329653,3.1013
12000,601.35,0.6390703473,3.10135
12000,601.4,0.6391077342,3.1014
12000,601.45,0.6391451258,3.10145
12000,601.5,0.6391825222,3.1015
12000,601.55,0.6392199233,3.10155
12000,601.6,0.6392573292,3.1016
12000,601.65,0.6392947398,3.10165
12000,601.7,0.6393321551,3.1017
12000,601.75,0.6393695751,3.10175
12000,601.8,0.6394069999,3.1018
12000,601.85,0.6394444292,3.10185
12000,601.9,0.6394818632,3.1019
12000,601.95,0.6395193019,3.10195
12000,602,0.6395567452,3.102
12000,602.05,0.6395941931,3.10205
12000,602.1,0.6396316455,3.1021
12000,602.15,0.6396691026,3.10215
12000,602.2,0.6397065642,3.1022
12000,602.25,0.6397440304,3.10225
12000,602.3,0.639781501,3.1023
12000,602.35,0.6398189762,3.10235
12000,602.4,0.6398564559,3.1024
12000,602.45,0.6398939401,3.10245
12000,602.5,0.6399314288,3.1025
12000,602.55,0.6399689219,3.10255
12000,602.6,0.6400064194,3.1026
12000,602.65,0.6400439214,3.10265
12000,602.7,0.6400814278,3.1027
12000,602.75,0.6401189385,3.10275
12000,602.8,0.6401564537,3.1028
12000,602.85,0.6401939732,3.10285
12000,602.9,0.6402314971,3.1029
12000,602.95,0.6402690253,3.10295
12000,603,0.6403065578,3.103
12000,603.05,0.6403440946,3.10305
12000,603.1,0.6403816357,3.1031
12000,603.15,0.6404191811,3.10315
12000,603.2,0.6404567307,3.1032
12000,603.25,0.6404942846,3.10325
12000,603.3,0.6405318427,3.1033
12000,603.35,0.640569405,3.10335
12000,603.4,0.6406069715,3.1034
12000,603.45,0.6406445422,3.10345
12000,603.5,0.6406821171,3.1035
12000,603.55,0.6407196961,3.10355
12000,603.6,0.6407572792,3.1036
12000,603.65,0.6407948665,3.10365
12000,603.7,0.6408324579,3.1037
12000,603.75,0.6408700534,3.10375
12000,603.8,0.6409076529,3.1038
12000,603.85,0.6409452565,3.10385
12000,603.9,0.6409828642,3.1039
12000,603.95,0.6410204759,3.10395
12000,604,0.6410580916,3.104
12000,604.05,0.6410957113,3.10405
12000,604.1,0.641133335,3.1041
12000,604.15,0.6411709626,3.10415
12000,604.2,0.6412085942,3.1042
12000,604.25,0.6412462298,3.10425
12000,604.3,0.6412838693,3.1043
12000,604.35,0.6413215127,3.10435
12000,604.4,0.64135916,3.1044
12000,604.45,0.6413968111,3.10445
12000,604.5,0.6414344662,3.1045
12000,604.55,0.6414721251,3.10455
12000,604.6,0.6415097878,3.1046
12000,604.65,0.6415474544,3.10465
12000,604.7,0.6415851247,3.1047
12000,604.75,0.6416227989,3.10475
12000,604.8,0.6416604768,3.1048
12000,604.85,0.6416981585,3.10485
12000,604.9,0.6417358439,3.1049
12000,604.95,0.6417735331,3.10495
12000,605,0.6418112259,3.105
12000,605.05,0.6418489225,3.10505
12000,605.1,0.6418866228,3.1051
12000,605.15,0.6419243267,3.10515
12000,605.2,0.6419620343,3.1052
12000,605.25,0.6419997455,3.10525
12000,605.3,0.6420374604,3.1053
12000,605.35,0.6420751789,3.10535
12000,605.4,0.6421129009,3.1054
12000,605.45,0.6421506266,3.10545
12000,605.5,0.6421883558,3.1055
12000,605.55,0.6422260886,3.10555
12000,605.6,0.6422638249,3.1056
12000,605.65,0.6423015647,3.10565
12000,605.7,0.642339308,3.1057
12000,605.75,0.6423770549,3.10575
12000,605.8,0.6424148052,3.1058
12000,605.85,0.6424525589,3.10585
12000,605.9,0.6424903162,3.1059
12000,605.95,0.6425280768,3.10595
12000,606,0.6425658409,3.106
12000,606.05,0.6426036083,3.10605
12000,606.1,0.6426413792,3.1061
12000,606.15,0.6426791534,3.10615
12000,606.2,0.642716931,3.1062
12000,606.25,0.6427547119,3.10625
12000,606.3,0.6427924962,3.1063
12000,606.35,0.6428302837,3.10635
12000,606.4,0.6428680746,3.1064
12000,606.45,0.6429058688,3.10645
12000,606.5,0.6429436662,3.1065
12000,606.55,0.6429814669,3.10655
12000,606.6,0.6430192708,3.1066
12000,606.65,0.6430570779,3.10665
12000,606.7,0.6430948883,3.1067
12000,606.75,0.6431327018,3.10675
12000,606.8,0.6431705185,3.1068
12000,606.85,0.6432083384,3.10685
12000,606.9,0.6432461614,3.1069
12000,606.95,0.6432839876,3.10695
12000,607,0.6433218169,3.107
12000,607.05,0.6433596493,3.10705
12000,607.1,0.6433974848,3.1071
12000,607.15,0.6434353233,3.10715
12000,607.2,0.643473165,3.1072
12000,607.25,0.6435110096,3.10725
12000,607.3,0.6435488573,3.1073
12000,607.35,0.6435867081,3.10735
12000,607.4,0.6436245618,3.1074
12000,607.45,0.6436624185,3.10745
12000,607.5,0.6437002782,3.1075
12000,607.55,0.6437381408,3.10755
12000,607.6,0.6437760064,3.1076
12000,607.65,0.6438138749,3.10765
12000,607.7,0.6438517463,3.1077
12000,607.75,0.6438896206,3.10775
12000,607.8,0.6439274978,3.1078
12000,607.85,0.6439653779,3.10785
12000,607.9,0.6440032608,3.1079
12000,607.95,0.6440411466,3.10795
12000,608,0.6440790352,3.108
12000,608.05,0.6441169266,3.10805
12000,608.1,0.6441548208,3.1081
12000,608.15,0.6441927178,3.10815
12000,608.2,0.6442306175,3.1082
12000,608.25,0.64426852,3.10825
12000,608.3,0.6443064252,3.1083
12000,608.35,0.6443443332,3.10835
12000,608.4,0.6443822438,3.1084
12000,608.45,0.6444201572,3.10845
12000,608.5,0.6444580732,3.1085
12000,608.55,0.6444959919,3.10855
12000,608.6,0.6445339133,3.1086
12000,608.65,0.6445718372,3.10865
12000,608.7,0.6446097638,3.1087
12000,608.75,0.644647693,3.10875
12000,608.8,0.6446856248,3.1088
12000,608.85,0.6447235592,3.10885
12000,608.9,0.6447614961,3.1089
12000,608.95,0.6447994356,3.10895
12000,609,0.6448373776,3.109
12000,609.05,0.6448753221,3.10905
12000,609.1,0.6449132691,3.1091
12000,609.15,0.6449512186,3.10915
12000,609.2,0.6449891706,3.1092
12000,609.25,0.645027125,3.10925
12000,609.3,0.6450650819,3.1093
12000,609.35,0.6451030412,3.10935
12000,609.4,0.6451410029,3.1094
12000,609.45,0.645178967,3.10945
12000,609.5,0.6452169335,3.1095
12000,609.55,0.6452549024,3.10955
12000,609.6,0.6452928736,3.1096
12000,609.65,0.6453308472,3.10965
12000,609.7,0.6453688231,3.1097
12000,609.75,0.6454068013,3.10975
12000,609.8,0.6454447818,3.1098
12000,609.85,0.6454827646,3.10985
12000,609.9,0.6455207496,3.1099
12000,609.95,0.6455587369,3.10995
12000,610,0.6455967265,3.11
12000,610.05,0.6456347182,3.11005
12000,610.1,0.6456727122,3.1101
12000,610.15,0.6457107084,3.11015
12000,610.2,0.6457487067,3.1102
12000,610.25,0.6457867073,3.11025
12000,610.3,0.6458247099,3.1103
12000,610.35,0.6458627147,3.11035
12000,610.4,0.6459007217,3.1104
12000,610.45,0.6459387307,3.11045
12000,610.5,0.6459767418,3.1105
12000,610.55,0.6460147551,3.11055
12000,610.6,0.6460527703,3.1106
12000,610.65,0.6460907877,3.11065
12000,610.7,0.646128807,3.1107
12000,610.75,0.6461668284,3.11075
12000,610.8,0.6462048518,3.1108
12000,610.85,0.6462428772,3.11085
12000,610.9,0.6462809045,3.1109
12000,610.95,0.6463189338,3.11095
12000,611,0.6463569651,3.111
12000,611.05,0.6463949983,3.11105
12000,611.1,0.6464330334,3.1111
12000,611.15,0.6464710705,3.11115
12000,611.2,0.6465091094,3.1112
12000,611.25,0.6465471502,3.11125
12000,611.3,0.6465851928,3.1113
12000,611.35,0.6466232373,3.11135
12000,611.4,0.6466612837,3.1114
12000,611.45,0.6466993318,3.11145
12000,611.5,0.6467373818,3.1115
12000,611.55,0.6467754335,3.11155
12000,611.6,0.6468134871,3.1116
12000,611.65,0.6468515423,3.11165
12000,611.7,0.6468895994,3.1117
12000,611.75,0.6469276581,3.11175
12000,611.8,0.6469657186,3.1118
12000,611.85,0.6470037808,3.11185
12000,611.9,0.6470418447,3.1119
12000,611.95,0.6470799102,3.11195
12000,612,0.6471179774,3.112
12000,612.05,0.6471560463,3.11205
12000,612.1,0.6471941167,3.1121
12000,612.15,0.6472321888,3.11215
12000,612.2,0.6472702625,3.1122
12000,612.25,0.6473083378,3.11225
12000,612.3,0.6473464147,3.1123
12000,612.35,0.6473844931,3.11235
12000,612.4,0.6474225731,3.1124
12000,612.45,0.6474606546,3.11245
12000,612.5,0.6474987376,3.1125
12000,612.55,0.6475368221,3.11255
12000,612.6,0.6475749081,3.1126
12000,612.65,0.6476129956,3.11265
12000,612.7,0.6476510845,3.1127
12000,612.75,0.6476891749,3.11275
12000,612.8,0.6477272667,3.1128
12000,612.85,0.64776536,3.11285
12000,612.9,0.6478034546,3.1129
12000,612.95,0.6478415506,3.11295
12000,613,0.647879648,3.113
12000,613.05,0.6479177468,3.11305
12000,613.1,0.6479558469,3.1131
12000,613.15,0.6479939483,3.11315
12000,613.2,0.648032051,3.1132
12000,613.25,0.6480701551,3.11325
12000,613.3,0.6481082604,3.1133
12000,613.35,0.648146367,3.11335
12000,613.4,0.6481844749,3.1134
12000,613.45,0.648222584,3.11345
12000,613.5,0.6482606944,3.1135
12000,613.55,0.6482988059,3.11355
12000,613.6,0.6483369187,3.1136
12000,613.65,0.6483750326,3.11365
12000,613.7,0.6484131478,3.1137
12000,613.75,0.6484512641,3.11375
12000,613.8,0.6484893815,3.1138
12000,613.85,0.6485275001,3.11385
12000,613.9,0.6485656197,3.1139
12000,613.95,0.6486037405,3.11395
12000,614,0.6486418624,3.114
12000,614.05,0.6486799853,3.11405
12000,614.1,0.6487181094,3.1141
12000,614.15,0.6487562344,3.11415
12000,614.2,0.6487943605,3.1142
12000,614.25,0.6488324876,3.11425
12000,614.3,0.6488706157,3.1143
12000,614.35,0.6489087448,3.11435
12000,614.4,0.6489468749,3.1144
12000,614.45,0.6489850059,3.11445
12000,614.5,0.6490231379,3.1145
12000,614.55,0.6490612709,3.11455
12000,614.6,0.6490994047,3.1146
12000,614.65,0.6491375394,3.11465
12000,614.7,0.6491756751,3.1147
12000,614.75,0.6492138116,3.11475
12000,614.8,0.649251949,3.1148
12000,614.85,0.6492900872,3.11485
12000,614.9,0.6493282262,3.1149
12000,614.95,0.6493663661,3.11495
12000,615,0.6494045068,3.115
12000,615.05,0.6494426483,3.11505
12000,615.1,0.6494807906,3.1151
12000,615.15,0.6495189336,3.11515
12000,615.2,0.6495570774,3.1152
12000,615.25,0.6495952219,3.11525
12000,615.3,0.6496333671,3.1153
12000,615.35,0.649671513,3.11535
12000,615.4,0.6497096597,3.1154
12000,615.45,0.649747807,3.11545
12000,615.5,0.649785955,3.1155
12000,615.55,0.6498241036,3.11555
12000,615.6,0.6498622529,3.1156
12000,615.65,0.6499004028,3.11565
12000,615.7,0.6499385533,3.1157
12000,615.75,0.6499767044,3.11575
12000,615.8,0.6500148561,3.1158
12000,615.85,0.6500530083,3.11585
12000,615.9,0.6500911611,3.1159
12000,615.95,0.6501293145,3.11595
12000,616,0.6501674684,3.116
12000,616.05,0.6502056228,3.11605
12000,616.1,0.6502437777,3.1161
12000,616.15,0.650281933,3.11615
12000,616.2,0.6503200889,3.1162
12000,616.25,0.6503582452,3.11625
12000,616.3,0.6503964019,3.1163
12000,616.35,0.6504345591,3.11635
12000,616.4,0.6504727167,3.1164
12000,616.45,0.6505108747,3.11645
12000,616.5,0.650549033,3.1165
12000,616.55,0.6505871918,3.11655
12000,616.6,0.6506253509,3.1166
12000,616.65,0.6506635103,3.11665
12000,616.7,0.6507016701,3.1167
12000,616.75,0.6507398302,3.11675
12000,616.8,0.6507779906,3.1168
12000,616.85,0.6508161513,3.11685
12000,616.9,0.6508543123,3.1169
12000,616.95,0.6508924736,3.11695
12000,617,0.650930635,3.117
12000,617.05,0.6509687968,3.11705
12000,617.1,0.6510069587,3.1171
12000,617.15,0.6510451208,3.11715
12000,617.2,0.6510832832,3.1172
12000,617.25,0.6511214457,3.11725
12000,617.3,0.6511596084,3.1173
12000,617.35,0.6511977712,3.11735
12000,617.4,0.6512359342,3.1174
12000,617.45,0.6512740973,3.11745
12000,617.5,0.6513122605,3.1175
12000,617.55,0.6513504238,3.11755
12000,617.6,0.6513885872,3.1176
12000,617.65,0.6514267507,3.11765
12000,617.7,0.6514649142,3.1177
12000,617.75,0.6515030777,3.11775
12000,617.8,0.6515412413,3.1178
12000,617.85,0.6515794049,3.11785
12000,617.9,0.6516175685,3.1179
12000,617.95,0.6516557321,3.11795
12000,618,0.6516938957,3.118
12000,618.05,0.6517320592,3.11805
12000,618.1,0.6517702226,3.1181
12000,618.15,0.651808386,3.11815
12000,618.2,0.6518465493,3.1182
12000,618.25,0.6518847126,3.11825
12000,618.3,0.6519228757,3.1183
12000,618.35,0.6519610387,3.11835
12000,618.4,0.6519992015,3.1184
12000,618.45,0.6520373642,3.11845
12000,618.5,0.6520755267,3.1185
12000,618.55,0.6521136891,3.11855
12000,618.6,0.6521518512,3.1186
12000,618.65,0.6521900132,3.11865
12000,618.7,0.6522281749,3.1187
12000,618.75,0.6522663364,3.11875
12000,618.8,0.6523044977,3.1188
12000,618.85,0.6523426587,3.11885
12000,618.9,0.6523808194,3.1189
12000,618.95,0.6524189799,3.11895
12000,619,0.65245714,3.119
12000,619.05,0.6524952998,3.11905
12000,619.1,0.6525334593,3.1191
12000,619.15,0.6525716185,3.11915
12000,619.2,0.6526097773,3.1192
12000,619.25,0.6526479357,3.11925
12000,619.3,0.6526860938,3.1193
12000,619.35,0.6527242514,3.11935
12000,619.4,0.6527624087,3.1194
12000,619.45,0.6528005655,3.11945
12000,619.5,0.6528387219,3.1195
12000,619.55,0.6528768778,3.11955
12000,619.6,0.6529150333,3.1196
12000,619.65,0.6529531883,3.11965
12000,619.7,0.6529913428,3.1197
12000,619.75,0.6530294968,3.11975
12000,619.8,0.6530676503,3.1198
12000,619.85,0.6531058033,3.11985
12000,619.9,0.6531439557,3.1199
12000,619.95,0.6531821075,3.11995
12000,620,0.6532202588,3.12
12000,620.05,0.6532584095,3.12005
12000,620.1,0.6532965596,3.1201
12000,620.15,0.6533347091,3.12015
12000,620.2,0.6533728579,3.1202
12000,620.25,0.6534110061,3.12025
12000,620.3,0.6534491537,3.1203
12000,620.35,0.6534873006,3.12035
12000,620.4,0.6535254468,3.1204
12000,620.45,0.6535635924,3.12045
12000,620.5,0.6536017372,3.1205
12000,620.55,0.6536398813,3.12055
12000,620.6,0.6536780247,3.1206
12000,620.65,0.6537161673,3.12065
12000,620.7,0.6537543092,3.1207
12000,620.75,0.6537924503,3.12075
12000,620.8,0.6538305906,3.1208
12000,620.85,0.6538687301,3.12085
12000,620.9,0.6539068688,3.1209
12000,620.95,0.6539450066,3.12095
12000,621,0.6539831437,3.121
12000,621.05,0.6540212798,3.12105
12000,621.1,0.6540594151,3.1211
12000,621.15,0.6540975496,3.12115
12000,621.2,0.6541356831,3.1212
12000,621.25,0.6541738157,3.12125
12000,621.3,0.6542119474,3.1213
12000,621.35,0.6542500782,3.12135
12000,621.4,0.654288208,3.1214
12000,621.45,0.6543263369,3.12145
12000,621.5,0.6543644648,3.1215
12000,621.55,0.6544025917,3.12155
12000,621.6,0.6544407176,3.1216
12000,621.65,0.6544788425,3.12165
12000,621.7,0.6545169664,3.1217
12000,621.75,0.6545550892,3.12175
12000,621.8,0.654593211,3.1218
12000,621.85,0.6546313317,3.12185
12000,621.9,0.6546694513,3.1219
12000,621.95,0.6547075698,3.12195
12000,622,0.6547456873,3.122
12000,622.05,0.6547838036,3.12205
12000,622.1,0.6548219187,3.1221
12000,622.15,0.6548600328,3.12215
12000,622.2,0.6548981457,3.1222
12000,622.25,0.6549362574,3.12225
12000,622.3,0.6549743679,3.1223
12000,622.35,0.6550124772,3.12235
12000,622.4,0.6550505853,3.1224
12000,622.45,0.6550886922,3.12245
12000,622.5,0.6551267978,3.1225
12000,622.55,0.6551649022,3.12255
12000,622.6,0.6552030053,3.1226
12000,622.65,0.6552411072,3.12265
12000,622.7,0.6552792077,3.1227
12000,622.75,0.655317307,3.12275
12000,622.8,0.6553554049,3.1228
12000,622.85,0.6553935015,3.12285
12000,622.9,0.6554315968,3.1229
12000,622.95,0.6554696907,3.12295
12000,623,0.6555077832,3.123
12000,623.05,0.6555458744,3.12305
12000,623.1,0.6555839642,3.1231
12000,623.15,0.6556220525,3.12315
12000,623.2,0.6556601394,3.1232
12000,623.25,0.6556982249,3.12325
12000,623.3,0.655736309,3.1233
12000,623.35,0.6557743916,3.12335
12000,623.4,0.6558124727,3.1234
12000,623.45,0.6558505523,3.12345
12000,623.5,0.6558886304,3.1235
12000,623.55,0.655926707,3.12355
12000,623.6,0.6559647821,3.1236
12000,623.65,0.6560028557,3.12365
12000,623.7,0.6560409277,3.1237
12000,623.75,0.6560789981,3.12375
12000,623.8,0.6561170669,3.1238
12000,623.85,0.6561551342,3.12385
12000,623.9,0.6561931998,3.1239
12000,623.95,0.6562312639,3.12395
12000,624,0.6562693263,3.124
12000,624.05,0.656307387,3.12405
12000,624.1,0.6563454461,3.1241
12000,624.15,0.6563835036,3.12415
12000,624.2,0.6564215593,3.1242
12000,624.25,0.6564596134,3.12425
12000,624.3,0.6564976657,3.1243
12000,624.35,0.6565357164,3.12435
12000,624.4,0.6565737653,3.1244
12000,624.45,0.6566118124,3.12445
12000,624.5,0.6566498578,3.1245
12000,624.55,0.6566879014,3.12455
12000,624.6,0.6567259433,3.1246
12000,624.65,0.6567639833,3.12465
12000,624.7,0.6568020215,3.1247
12000,624.75,0.6568400579,3.12475
12000,624.8,0.6568780925,3.1248
12000,624.85,0.6569161252,3.12485
12000,624.9,0.656954156,3.1249
12000,624.95,0.656992185,3.12495
12000,625,0.6570302121,3.125
12000,625.05,0.6570682373,3.12505
12000,625.1,0.6571062605,3.1251
12000,625.15,0.6571442819,3.12515
12000,625.2,0.6571823013,3.1252
12000,625.25,0.6572203187,3.12525
12000,625.3,0.6572583342,3.1253
12000,625.35,0.6572963477,3.12535
12000,625.4,0.6573343592,3.1254
12000,625.45,0.6573723688,3.12545
12000,625.5,0.6574103762,3.1255
12000,625.55,0.6574483817,3.12555
12000,625.6,0.6574863851,3.1256
12000,625.65,0.6575243865,3.12565
12000,625.7,0.6575623858,3.1257
12000,625.75,0.657600383,3.12575
12000,625.8,0.6576383782,3.1258
12000,625.85,0.6576763712,3.12585
12000,625.9,0.6577143621,3.1259
12000,625.95,0.6577523508,3.12595
12000,626,0.6577903375,3.126
12000,626.05,0.6578283219,3.12605
12000,626.1,0.6578663042,3.1261
12000,626.15,0.6579042844,3.12615
12000,626.2,0.6579422623,3.1262
12000,626.25,0.657980238,3.12625
12000,626.3,0.6580182115,3.1263
12000,626.35,0.6580561828,3.12635
12000,626.4,0.6580941518,3.1264
12000,626.45,0.6581321186,3.12645
12000,626.5,0.658170083,3.1265
12000,626.55,0.6582080453,3.12655
12000,626.6,0.6582460052,3.1266
12000,626.65,0.6582839628,3.12665
12000,626.7,0.6583219181,3.1267
12000,626.75,0.658359871,3.12675
12000,626.8,0.6583978216,3.1268
12000,626.85,0.6584357699,3.12685
12000,626.9,0.6584737157,3.1269
12000,626.95,0.6585116592,3.12695
12000,627,0.6585496003,3.127
12000,627.05,0.658587539,3.12705
12000,627.1,0.6586254752,3.1271
12000,627.15,0.6586634091,3.12715
12000,627.2,0.6587013405,3.1272
12000,627.25,0.6587392694,3.12725
12000,627.3,0.6587771958,3.1273
12000,627.35,0.6588151198,3.12735
12000,627.4,0.6588530413,3.1274
12000,627.45,0.6588909602,3.12745
12000,627.5,0.6589288766,3.1275
12000,627.55,0.6589667906,3.12755
12000,627.6,0.6590047019,3.1276
12000,627.65,0.6590426107,3.12765
12000,627.7,0.6590805169,3.1277
12000,627.75,0.6591184206,3.12775
12000,627.8,0.6591563216,3.1278
12000,627.85,0.65919422,3.12785
12000,627.9,0.6592321159,3.1279
12000,627.95,0.659270009,3.12795
12000,628,0.6593078996,3.128
12000,628.05,0.6593457874,3.12805
12000,628.1,0.6593836726,3.1281
12000,628.15,0.6594215552,3.12815
12000,628.2,0.659459435,3.1282
12000,628.25,0.6594973121,3.12825
12000,628.3,0.6595351865,3.1283
12000,628.35,0.6595730581,3.12835
12000,628.4,0.6596109271,3.1284
12000,628.45,0.6596487932,3.12845
12000,628.5,0.6596866566,3.1285
12000,628.55,0.6597245172,3.12855
12000,628.6,0.659762375,3.1286
12000,628.65,0.65980023,3.12865
12000,628.7,0.6598380822,3.1287
12000,628.75,0.6598759315,3.12875
12000,628.8,0.659913778,3.1288
12000,628.85,0.6599516217,3.12885
12000,628.9,0.6599894625,3.1289
12000,628.95,0.6600273004,3.12895
12000,629,0.6600651354,3.129
12000,629.05,0.6601029675,3.12905
12000,629.1,0.6601407967,3.1291
12000,629.15,0.6601786229,3.12915
12000,629.2,0.6602164462,3.1292
12000,629.25,0.6602542666,3.12925
12000,629.3,0.6602920839,3.1293
12000,629.35,0.6603298984,3.12935
12000,629.4,0.6603677098,3.1294
12000,629.45,0.6604055182,3.12945
12000,629.5,0.6604433236,3.1295
12000,629.55,0.6604811259,3.12955
12000,629.6,0.6605189253,3.1296
12000,629.65,0.6605567215,3.12965
12000,629.7,0.6605945148,3.1297
12000,629.75,0.6606323049,3.12975
12000,629.8,0.6606700919,3.1298
12000,629.85,0.6607078759,3.12985
12000,629.9,0.6607456567,3.1299
12000,629.95,0.6607834344,3.12995
12000,630,0.660821209,3.13
12000,630.05,0.6608589804,3.13005
12000,630.1,0.6608967487,3.1301
12000,630.15,0.6609345137,3.13015
12000,630.2,0.6609722756,3.1302
12000,630.25,0.6610100343,3.13025
12000,630.3,0.6610477898,3.1303
12000,630.35,0.6610855421,3.13035
12000,630.4,0.6611232911,3.1304
12000,630.45,0.6611610369,3.13045
12000,630.5,0.6611987794,3.1305
12000,630.55,0.6612365187,3.13055
12000,630.6,0.6612742547,3.1306
12000,630.65,0.6613119873,3.13065
12000,630.7,0.6613497167,3.1307
12000,630.75,0.6613874428,3.13075
12000,630.8,0.6614251655,3.1308
12000,630.85,0.6614628849,3.13085
12000,630.9,0.6615006009,3.1309
12000,630.95,0.6615383135,3.13095
12000,631,0.6615760228,3.131
12000,631.05,0.6616137287,3.13105
12000,631.1,0.6616514312,3.1311
12000,631.15,0.6616891303,3.13115
12000,631.2,0.6617268259,3.1312
12000,631.25,0.6617645181,3.13125
12000,631.3,0.6618022069,3.1313
12000,631.35,0.6618398922,3.13135
12000,631.4,0.661877574,3.1314
12000,631.45,0.6619152523,3.13145
12000,631.5,0.6619529271,3.1315
12000,631.55,0.6619905985,3.13155
12000,631.6,0.6620282663,3.1316
12000,631.65,0.6620659305,3.13165
12000,631.7,0.6621035913,3.1317
12000,631.75,0.6621412484,3.13175
12000,631.8,0.662178902,3.1318
12000,631.85,0.662216552,3.13185
12000,631.9,0.6622541985,3.1319
12000,631.95,0.6622918413,3.13195
12000,632,0.6623294805,3.132
12000,632.05,0.662367116,3.13205
12000,632.1,0.662404748,3.1321
12000,632.15,0.6624423763,3.13215
12000,632.2,0.6624800009,3.1322
12000,632.25,0.6625176218,3.13225
12000,632.3,0.6625552391,3.1323
12000,632.35,0.6625928526,3.13235
12000,632.4,0.6626304624,3.1324
12000,632.45,0.6626680686,3.13245
12000,632.5,0.6627056709,3.1325
12000,632.55,0.6627432696,3.13255
12000,632.6,0.6627808644,3.1326
12000,632.65,0.6628184556,3.13265
12000,632.7,0.6628560429,3.1327
12000,632.75,0.6628936264,3.13275
12000,632.8,0.6629312061,3.1328
12000,632.85,0.662968782,3.13285
12000,632.9,0.6630063541,3.1329
12000,632.95,0.6630439224,3.13295
12000,633,0.6630814868,3.133
12000,633.05,0.6631190473,3.13305
12000,633.1,0.6631566039,3.1331
12000,633.15,0.6631941567,3.13315
12000,633.2,0.6632317055,3.1332
12000,633.25,0.6632692505,3.13325
12000,633.3,0.6633067915,3.1333
12000,633.35,0.6633443286,3.13335
12000,633.4,0.6633818618,3.1334
12000,633.45,0.663419391,3.13345
12000,633.5,0.6634569162,3.1335
12000,633.55,0.6634944375,3.13355
12000,633.6,0.6635319547,3.1336
12000,633.65,0.663569468,3.13365
12000,633.7,0.6636069772,3.1337
12000,633.75,0.6636444824,3.13375
12000,633.8,0.6636819836,3.1338
12000,633.85,0.6637194807,3.13385
12000,633.9,0.6637569738,3.1339
12000,633.95,0.6637944628,3.13395
12000,634,0.6638319477,3.134
12000,634.05,0.6638694285,3.13405
12000,634.1,0.6639069052,3.1341
12000,634.15,0.6639443778,3.13415
12000,634.2,0.6639818462,3.1342
12000,634.25,0.6640193105,3.13425
12000,634.3,0.6640567707,3.1343
12000,634.35,0.6640942267,3.13435
12000,634.4,0.6641316785,3.1344
12000,634.45,0.6641691261,3.13445
12000,634.5,0.6642065696,3.1345
12000,634.55,0.6642440088,3.13455
12000,634.6,0.6642814438,3.1346
12000,634.65,0.6643188746,3.13465
12000,634.7,0.6643563011,3.1347
12000,634.75,0.6643937233,3.13475
12000,634.8,0.6644311413,3.1348
12000,634.85,0.6644685551,3.13485
12000,634.9,0.6645059645,3.1349
12000,634.95,0.6645433696,3.13495
12000,635,0.6645807704,3.135
12000,635.05,0.6646181669,3.13505
12000,635.1,0.6646555591,3.1351
12000,635.15,0.6646929469,3.13515
12000,635.2,0.6647303303,3.1352
12000,635.25,0.6647677094,3.13525
12000,635.3,0.6648050841,3.1353
12000,635.35,0.6648424544,3.13535
12000,635.4,0.6648798203,3.1354
12000,635.45,0.6649171818,3.13545
12000,635.5,0.6649545389,3.1355
12000,635.55,0.6649918915,3.13555
12000,635.6,0.6650292397,3.1356
12000,635.65,0.6650665834,3.13565
12000,635.7,0.6651039226,3.1357
12000,635.75,0.6651412574,3.13575
12000,635.8,0.6651785877,3.1358
12000,635.85,0.6652159134,3.13585
12000,635.9,0.6652532347,3.1359
12000,635.95,0.6652905514,3.13595
12000,636,0.6653278636,3.136
12000,636.05,0.6653651712,3.13605
12000,636.1,0.6654024743,3.1361
12000,636.15,0.6654397728,3.13615
12000,636.2,0.6654770667,3.1362
12000,636.25,0.665514356,3.13625
12000,636.3,0.6655516407,3.1363
12000,636.35,0.6655889208,3.13635
12000,636.4,0.6656261962,3.1364
12000,636.45,0.6656634671,3.13645
12000,636.5,0.6657007332,3.1365
12000,636.55,0.6657379948,3.13655
12000,636.6,0.6657752516,3.1366
12000,636.65,0.6658125038,3.13665
12000,636.7,0.6658497512,3.1367
12000,636.75,0.665886994,3.13675
12000,636.8,0.665924232,3.1368
12000,636.85,0.6659614653,3.13685
12000,636.9,0.6659986939,3.1369
12000,636.95,0.6660359177,3.13695
12000,637,0.6660731368,3.137
12000,637.05,0.6661103511,3.13705
12000,637.1,0.6661475606,3.1371
12000,637.15,0.6661847653,3.13715
12000,637.2,0.6662219652,3.1372
12000,637.25,0.6662591603,3.13725
12000,637.3,0.6662963505,3.1373
12000,637.35,0.6663335359,3.13735
12000,637.4,0.6663707165,3.1374
12000,637.45,0.6664078922,3.13745
12000,637.5,0.666445063,3.1375
12000,637.55,0.666482229,3.13755
12000,637.6,0.6665193901,3.1376
12000,637.65,0.6665565462,3.13765
12000,637.7,0.6665936975,3.1377
12000,637.75,0.6666308438,3.13775
12000,637.8,0.6666679852,3.1378
12000,637.85,0.6667051216,3.13785
12000,637.9,0.6667422531,3.1379
12000,637.95,0.6667793796,3.13795
12000,638,0.6668165011,3.138
12000,638.05,0.6668536176,3.13805
12000,638.1,0.6668907291,3.1381
12000,638.15,0.6669278356,3.13815
12000,638.2,0.6669649371,3.1382
12000,638.25,0.6670020336,3.13825
12000,638.3,0.667039125,3.1383
12000,638.35,0.6670762113,3.13835
12000,638.4,0.6671132926,3.1384
12000,638.45,0.6671503688,3.13845
12000,638.5,0.6671874399,3.1385
12000,638.55,0.6672245059,3.13855
12000,638.6,0.6672615668,3.1386
12000,638.65,0.6672986226,3.13865
12000,638.7,0.6673356733,3.1387
12000,638.75,0.6673727188,3.13875
12000,638.8,0.6674097591,3.1388
12000,638.85,0.6674467943,3.13885
12000,638.9,0.6674838243,3.1389
12000,638.95,0.6675208491,3.13895
12000,639,0.6675578688,3.139
12000,639.05,0.6675948832,3.13905
12000,639.1,0.6676318924,3.1391
12000,639.15,0.6676688963,3.13915
12000,639.2,0.6677058951,3.1392
12000,639.25,0.6677428886,3.13925
12000,639.3,0.6677798768,3.1393
12000,639.35,0.6678168597,3.13935
12000,639.4,0.6678538374,3.1394
12000,639.45,0.6678908098,3.13945
12000,639.5,0.6679277768,3.1395
12000,639.55,0.6679647386,3.13955
12000,639.6,0.668001695,3.1396
12000,639.65,0.6680386461,3.13965
12000,639.7,0.6680755918,3.1397
12000,639.75,0.6681125322,3.13975
12000,639.8,0.6681494672,3.1398
12000,639.85,0.6681863969,3.13985
12000,639.9,0.6682233211,3.1399
12000,639.95,0.66826024,3.13995
12000,640,0.6682971534,3.14
12000,640.05,0.6683340614,3.14005
12000,640.1,0.668370964,3.1401
12000,640.15,0.6684078612,3.14015
12000,640.2,0.6684447529,3.1402
12000,640.25,0.6684816391,3.14025
12000,640.3,0.6685185199,3.1403
12000,640.35,0.6685553951,3.14035
12000,640.4,0.6685922649,3.1404
12000,640.45,0.6686291292,3.14045
12000,640.5,0.668665988,3.1405
12000,640.55,0.6687028412,3.14055
12000,640.6,0.6687396889,3.1406
12000,640.65,0.6687765311,3.14065
12000,640.7,0.6688133677,3.1407
12000,640.75,0.6688501987,3.14075
12000,640.8,0.6688870241,3.1408
12000,640.85,0.668923844,3.14085
12000,640.9,0.6689606583,3.1409
12000,640.95,0.6689974669,3.14095
12000,641,0.6690342699,3.141
12000,641.05,0.6690710673,3.14105
12000,641.1,0.6691078591,3.1411
12000,641.15,0.6691446452,3.14115
12000,641.2,0.6691814257,3.1412
12000,641.25,0.6692182005,3.14125
12000,641.3,0.6692549696,3.1413
12000,641.35,0.669291733,3.14135
12000,641.4,0.6693284907,3.1414
12000,641.45,0.6693652427,3.14145
12000,641.5,0.6694019889,3.1415
12000,641.55,0.6694387295,3.14155
12000,641.6,0.6694754642,3.1416
12000,641.65,0.6695121933,3.14165
12000,641.7,0.6695489166,3.1417
12000,641.75,0.6695856341,3.14175
12000,641.8,0.6696223458,3.1418
12000,641.85,0.6696590517,3.14185
12000,641.9,0.6696957518,3.1419
12000,641.95,0.6697324461,3.14195
12000,642,0.6697691346,3.142
12000,642.05,0.6698058172,3.14205
12000,642.1,0.669842494,3.1421
12000,642.15,0.6698791649,3.14215
12000,642.2,0.66991583,3.1422
12000,642.25,0.6699524892,3.14225
12000,642.3,0.6699891425,3.1423
12000,642.35,0.6700257899,3.14235
12000,642.4,0.6700624313,3.1424
12000,642.45,0.6700990669,3.14245
12000,642.5,0.6701356966,3.1425
12000,642.55,0.6701723203,3.14255
12000,642.6,0.670208938,3.1426
12000,642.65,0.6702455498,3.14265
12000,642.7,0.6702821557,3.1427
12000,642.75,0.6703187555,3.14275
12000,642.8,0.6703553494,3.1428
12000,642.85,0.6703919373,3.14285
12000,642.9,0.6704285191,3.1429
12000,642.95,0.670465095,3.14295
12000,643,0.6705016648,3.143
12000,643.05,0.6705382286,3.14305
12000,643.1,0.6705747863,3.1431
12000,643.15,0.670611338,3.14315
12000,643.2,0.6706478836,3.1432
12000,643.25,0.6706844231,3.14325
12000,643.3,0.6707209565,3.1433
12000,643.35,0.6707574838,3.14335
12000,643.4,0.670794005,3.1434
12000,643.45,0.6708305201,3.14345
12000,643.5,0.6708670291,3.1435
12000,643.55,0.670903532,3.14355
12000,643.6,0.6709400286,3.1436
12000,643.65,0.6709765192,3.14365
12000,643.7,0.6710130035,3.1437
12000,643.75,0.6710494817,3.14375
12000,643.8,0.6710859537,3.1438
12000,643.85,0.6711224195,3.14385
12000,643.9,0.6711588791,3.1439
12000,643.95,0.6711953324,3.14395
12000,644,0.6712317795,3.144
12000,644.05,0.6712682204,3.14405
12000,644.1,0.6713046551,3.1441
12000,644.15,0.6713410835,3.14415
12000,644.2,0.6713775056,3.1442
12000,644.25,0.6714139214,3.14425
12000,644.3,0.671450331,3.1443
12000,644.35,0.6714867342,3.14435
12000,644.4,0.6715231312,3.1444
12000,644.45,0.6715595218,3.14445
12000,644.5,0.6715959061,3.1445
12000,644.55,0.6716322841,3.14455
12000,644.6,0.6716686557,3.1446
12000,644.65,0.671705021,3.14465
12000,644.7,0.6717413799,3.1447
12000,644.75,0.6717777324,3.14475
12000,644.8,0.6718140786,3.1448
12000,644.85,0.6718504183,3.14485
12000,644.9,0.6718867516,3.1449
12000,644.95,0.6719230786,3.14495
12000,645,0.6719593991,3.145
12000,645.05,0.6719957131,3.14505
12000,645.1,0.6720320207,3.1451
12000,645.15,0.6720683219,3.14515
12000,645.2,0.6721046166,3.1452
12000,645.25,0.6721409048,3.14525
12000,645.3,0.6721771866,3.1453
12000,645.35,0.6722134618,3.14535
12000,645.4,0.6722497306,3.1454
12000,645.45,0.6722859928,3.14545
12000,645.5,0.6723222485,3.1455
12000,645.55,0.6723584977,3.14555
12000,645.6,0.6723947404,3.1456
12000,645.65,0.6724309765,3.14565
12000,645.7,0.672467206,3.1457
12000,645.75,0.672503429,3.14575
12000,645.8,0.6725396453,3.1458
12000,645.85,0.6725758551,3.14585
12000,645.9,0.6726120583,3.1459
12000,645.95,0.6726482549,3.14595
12000,646,0.6726844449,3.146
12000,646.05,0.6727206282,3.14605
12000,646.1,0.672756805,3.1461
12000,646.15,0.672792975,3.14615
12000,646.2,0.6728291384,3.1462
12000,646.25,0.6728652952,3.14625
12000,646.3,0.6729014452,3.1463
12000,646.35,0.6729375886,3.14635
12000,646.4,0.6729737253,3.1464
12000,646.45,0.6730098553,3.14645
12000,646.5,0.6730459786,3.1465
12000,646.55,0.6730820951,3.14655
12000,646.6,0.673118205,3.1466
12000,646.65,0.673154308,3.14665
12000,646.7,0.6731904044,3.1467
12000,646.75,0.6732264939,3.14675
12000,646.8,0.6732625767,3.1468
12000,646.85,0.6732986528,3.14685
12000,646.9,0.673334722,3.1469
12000,646.95,0.6733707844,3.14695
12000,647,0.6734068401,3.147
12000,647.05,0.6734428889,3.14705
12000,647.1,0.6734789309,3.1471
12000,647.15,0.673514966,3.14715
12000,647.2,0.6735509943,3.1472
12000,647.25,0.6735870158,3.14725
12000,647.3,0.6736230304,3.1473
12000,647.35,0.6736590381,3.14735
12000,647.4,0.6736950389,3.1474
12000,647.45,0.6737310329,3.14745
12000,647.5,0.6737670199,3.1475
12000,647.55,0.6738030001,3.14755
12000,647.6,0.6738389733,3.1476
12000,647.65,0.6738749396,3.14765
12000,647.7,0.6739108989,3.1477
12000,647.75,0.6739468513,3.14775
12000,647.8,0.6739827968,3.1478
12000,647.85,0.6740187353,3.14785
12000,647.9,0.6740546668,3.1479
12000,647.95,0.6740905913,3.14795
12000,648,0.6741265089,3.148
12000,648.05,0.6741624194,3.14805
12000,648.1,0.6741983229,3.1481
12000,648.15,0.6742342194,3.14815
12000,648.2,0.6742701089,3.1482
12000,648.25,0.6743059913,3.14825
12000,648.3,0.6743418667,3.1483
12000,648.35,0.6743777351,3.14835
12000,648.4,0.6744135963,3.1484
12000,648.45,0.6744494505,3.14845
12000,648.5,0.6744852976,3.1485
12000,648.55,0.6745211376,3.14855
12000,648.6,0.6745569705,3.1486
12000,648.65,0.6745927963,3.14865
12000,648.7,0.674628615,3.1487
12000,648.75,0.6746644266,3.14875
12000,648.8,0.674700231,3.1488
12000,648.85,0.6747360282,3.14885
12000,648.9,0.6747718183,3.1489
12000,648.95,0.6748076013,3.14895
12000,649,0.674843377,3.149
12000,649.05,0.6748791456,3.14905
12000,649.1,0.674914907,3.1491
12000,649.15,0.6749506612,3.14915
12000,649.2,0.6749864081,3.1492
12000,649.25,0.6750221479,3.14925
12000,649.3,0.6750578804,3.1493
12000,649.35,0.6750936057,3.14935
12000,649.4,0.6751293237,3.1494
12000,649.45,0.6751650345,3.14945
12000,649.5,0.675200738,3.1495
12000,649.55,0.6752364343,3.14955
12000,649.6,0.6752721232,3.1496
12000,649.65,0.6753078049,3.14965
12000,649.7,0.6753434793,3.1497
12000,649.75,0.6753791463,3.14975
12000,649.8,0.6754148061,3.1498
12000,649.85,0.6754504585,3.14985
12000,649.9,0.6754861036,3.1499
12000,649.95,0.6755217413,3.14995
12000,650,0.6755573717,3.15
12000,650.05,0.6755929947,3.15005
12000,650.1,0.6756286103,3.1501
12000,650.15,0.6756642186,3.15015
12000,650.2,0.6756998195,3.1502
12000,650.25,0.6757354129,3.15025
12000,650.3,0.675770999,3.1503
12000,650.35,0.6758065777,3.15035
12000,650.4,0.6758421489,3.1504
12000,650.45,0.6758777127,3.15045
12000,650.5,0.675913269,3.1505
12000,650.55,0.6759488179,3.15055
12000,650.6,0.6759843594,3.1506
12000,650.65,0.6760198933,3.15065
12000,650.7,0.6760554198,3.1507
12000,650.75,0.6760909388,3.15075
12000,650.8,0.6761264504,3.1508
12000,650.85,0.6761619544,3.15085
12000,650.9,0.6761974509,3.1509
12000,650.95,0.6762329398,3.15095
12000,651,0.6762684213,3.151
12000,651.05,0.6763038952,3.15105
12000,651.1,0.6763393616,3.1511
12000,651.15,0.6763748204,3.15115
12000,651.2,0.6764102716,3.1512
12000,651.25,0.6764457153,3.15125
12000,651.3,0.6764811514,3.1513
12000,651.35,0.6765165799,3.15135
12000,651.4,0.6765520008,3.1514
12000,651.45,0.6765874141,3.15145
12000,651.5,0.6766228198,3.1515
12000,651.55,0.6766582178,3.15155
12000,651.6,0.6766936082,3.1516
12000,651.65,0.676728991,3.15165
12000,651.7,0.6767643661,3.1517
12000,651.75,0.6767997336,3.15175
12000,651.8,0.6768350934,3.1518
12000,651.85,0.6768704455,3.15185
12000,651.9,0.67690579,3.1519
12000,651.95,0.6769411267,3.15195
12000,652,0.6769764558,3.152
12000,652.05,0.6770117771,3.15205
12000,652.1,0.6770470907,3.1521
12000,652.15,0.6770823966,3.15215
12000,652.2,0.6771176948,3.1522
12000,652.25,0.6771529852,3.15225
12000,652.3,0.6771882679,3.1523
12000,652.35,0.6772235428,3.15235
12000,652.4,0.6772588099,3.1524
12000,652.45,0.6772940693,3.15245
12000,652.5,0.6773293208,3.1525
12000,652.55,0.6773645646,3.15255
12000,652.6,0.6773998006,3.1526
12000,652.65,0.6774350288,3.15265
12000,652.7,0.6774702491,3.1527
12000,652.75,0.6775054616,3.15275
12000,652.8,0.6775406663,3.1528
12000,652.85,0.6775758631,3.15285
12000,652.9,0.6776110521,3.1529
12000,652.95,0.6776462332,3.15295
12000,653,0.6776814065,3.153
12000,653.05,0.6777165718,3.15305
12000,653.1,0.6777517293,3.1531
12000,653.15,0.6777868789,3.15315
12000,653.2,0.6778220206,3.1532
12000,653.25,0.6778571544,3.15325
12000,653.3,0.6778922802,3.1533
12000,653.35,0.6779273982,3.15335
12000,653.4,0.6779625082,3.1534
12000,653.45,0.6779976102,3.15345
12000,653.5,0.6780327043,3.1535
12000,653.55,0.6780677904,3.15355
12000,653.6,0.6781028686,3.1536
12000,653.65,0.6781379388,3.15365
12000,653.7,0.678173001,3.1537
12000,653.75,0.6782080552,3.15375
12000,653.8,0.6782431014,3.1538
12000,653.85,0.6782781396,3.15385
12000,653.9,0.6783131698,3.1539
12000,653.95,0.678348192,3.15395
12000,654,0.6783832061,3.154
12000,654.05,0.6784182122,3.15405
12000,654.1,0.6784532102,3.1541
12000,654.15,0.6784882001,3.15415
12000,654.2,0.678523182,3.1542
12000,654.25,0.6785581559,3.15425
12000,654.3,0.6785931216,3.1543
12000,654.35,0.6786280793,3.15435
12000,654.4,0.6786630288,3.1544
12000,654.45,0.6786979703,3.15445
12000,654.5,0.6787329036,3.1545
12000,654.55,0.6787678288,3.15455
12000,654.6,0.6788027459,3.1546
12000,654.65,0.6788376548,3.15465
12000,654.7,0.6788725556,3.1547
12000,654.75,0.6789074482,3.15475
12000,654.8,0.6789423327,3.1548
12000,654.85,0.678977209,3.15485
12000,654.9,0.6790120771,3.1549
12000,654.95,0.679046937,3.15495
12000,655,0.6790817887,3.155
12000,655.05,0.6791166322,3.15505
12000,655.1,0.6791514676,3.1551
12000,655.15,0.6791862947,3.15515
12000,655.2,0.6792211135,3.1552
12000,655.25,0.6792559241,3.15525
12000,655.3,0.6792907265,3.1553
12000,655.35,0.6793255207,3.15535
12000,655.4,0.6793603065,3.1554
12000,655.45,0.6793950842,3.15545
12000,655.5,0.6794298535,3.1555
12000,655.55,0.6794646145,3.15555
12000,655.6,0.6794993673,3.1556
12000,655.65,0.6795341118,3.15565
12000,655.7,0.6795688479,3.1557
12000,655.75,0.6796035758,3.15575
12000,655.8,0.6796382953,3.1558
12000,655.85,0.6796730065,3.15585
12000,655.9,0.6797077093,3.1559
12000,655.95,0.6797424038,3.15595
12000,656,0.67977709,3.156
12000,656.05,0.6798117677,3.15605
12000,656.1,0.6798464372,3.1561
12000,656.15,0.6798810982,3.15615
12000,656.2,0.6799157509,3.1562
12000,656.25,0.6799503951,3.15625
12000,656.3,0.679985031,3.1563
12000,656.35,0.6800196585,3.15635
12000,656.4,0.6800542775,3.1564
12000,656.45,0.6800888881,3.15645
12000,656.5,0.6801234903,3.1565
12000,656.55,0.680158084,3.15655
12000,656.6,0.6801926693,3.1566
12000,656.65,0.6802272462,3.15665
12000,656.7,0.6802618146,3.1567
12000,656.75,0.6802963745,3.15675
12000,656.8,0.6803309259,3.1568
12000,656.85,0.6803654689,3.15685
12000,656.9,0.6804000034,3.1569
12000,656.95,0.6804345293,3.15695
12000,657,0.6804690468,3.157
12000,657.05,0.6805035557,3.15705
12000,657.1,0.6805380561,3.1571
12000,657.15,0.680572548,3.15715
12000,657.2,0.6806070313,3.1572
12000,657.25,0.6806415061,3.15725
12000,657.3,0.6806759724,3.1573
12000,657.35,0.6807104301,3.15735
12000,657.4,0.6807448792,3.1574
12000,657.45,0.6807793197,3.15745
12000,657.5,0.6808137517,3.1575
12000,657.55,0.6808481751,3.15755
12000,657.6,0.6808825898,3.1576
12000,657.65,0.680916996,3.15765
12000,657.7,0.6809513935,3.1577
12000,657.75,0.6809857825,3.15775
12000,657.8,0.6810201628,3.1578
12000,657.85,0.6810545344,3.15785
12000,657.9,0.6810888975,3.1579
12000,657.95,0.6811232518,3.15795
12000,658,0.6811575975,3.158
12000,658.05,0.6811919346,3.15805
12000,658.1,0.6812262629,3.1581
12000,658.15,0.6812605826,3.15815
12000,658.2,0.6812948936,3.1582
12000,658.25,0.6813291959,3.15825
12000,658.3,0.6813634896,3.1583
12000,658.35,0.6813977744,3.15835
12000,658.4,0.6814320506,3.1584
12000,658.45,0.6814663181,3.15845
12000,658.5,0.6815005768,3.1585
12000,658.55,0.6815348268,3.15855
12000,658.6,0.681569068,3.1586
12000,658.65,0.6816033005,3.15865
12000,658.7,0.6816375242,3.1587
12000,658.75,0.6816717391,3.15875
12000,658.8,0.6817059453,3.1588
12000,658.85,0.6817401427,3.15885
12000,658.9,0.6817743313,3.1589
12000,658.95,0.6818085111,3.15895
12000,659,0.6818426821,3.159
12000,659.05,0.6818768443,3.15905
12000,659.1,0.6819109976,3.1591
12000,659.15,0.6819451421,3.15915
12000,659.2,0.6819792778,3.1592
12000,659.25,0.6820134047,3.15925
12000,659.3,0.6820475227,3.1593
12000,659.35,0.6820816319,3.15935
12000,659.4,0.6821157321,3.1594
12000,659.45,0.6821498236,3.15945
12000,659.5,0.6821839061,3.1595
12000,659.55,0.6822179798,3.15955
12000,659.6,0.6822520445,3.1596
12000,659.65,0.6822861004,3.15965
12000,659.7,0.6823201473,3.1597
12000,659.75,0.6823541854,3.15975
12000,659.8,0.6823882145,3.1598
12000,659.85,0.6824222347,3.15985
12000,659.9,0.682456246,3.1599
12000,659.95,0.6824902483,3.15995
12000,660,0.6825242416,3.16
12000,660.05,0.6825582261,3.16005
12000,660.1,0.6825922015,3.1601
12000,660.15,0.682626168,3.16015
12000,660.2,0.6826601255,3.1602
12000,660.25,0.682694074,3.16025
12000,660.3,0.6827280135,3.1603
12000,660.35,0.6827619441,3.16035
12000,660.4,0.6827958656,3.1604
12000,660.45,0.6828297781,3.16045
12000,660.5,0.6828636816,3.1605
12000,660.55,0.6828975761,3.16055
12000,660.6,0.6829314615,3.1606
12000,660.65,0.6829653379,3.16065
12000,660.7,0.6829992052,3.1607
12000,660.75,0.6830330635,3.16075
12000,660.8,0.6830669127,3.1608
12000,660.85,0.6831007529,3.16085
12000,660.9,0.683134584,3.1609
12000,660.95,0.683168406,3.16095
12000,661,0.6832022189,3.161
12000,661.05,0.6832360227,3.16105
12000,661.1,0.6832698174,3.1611
12000,661.15,0.683303603,3.16115
12000,661.2,0.6833373795,3.1612
12000,661.25,0.6833711469,3.16125
12000,661.3,0.6834049051,3.1613
12000,661.35,0.6834386542,3.16135
12000,661.4,0.6834723942,3.1614
12000,661.45,0.683506125,3.16145
12000,661.5,0.6835398466,3.1615
12000,661.55,0.6835735591,3.16155
12000,661.6,0.6836072624,3.1616
12000,661.65,0.6836409566,3.16165
12000,661.7,0.6836746415,3.1617
12000,661.75,0.6837083173,3.16175
12000,661.8,0.6837419838,3.1618
12000,661.85,0.6837756412,3.16185
12000,661.9,0.6838092893,3.1619
12000,661.95,0.6838429282,3.16195
12000,662,0.6838765579,3.162
12000,662.05,0.6839101784,3.16205
12000,662.1,0.6839437896,3.1621
12000,662.15,0.6839773916,3.16215
12000,662.2,0.6840109843,3.1622
12000,662.25,0.6840445678,3.16225
12000,662.3,0.684078142,3.1623
12000,662.35,0.684111707,3.16235
12000,662.4,0.6841452626,3.1624
12000,662.45,0.684178809,3.16245
12000,662.5,0.6842123461,3.1625
12000,662.55,0.6842458738,3.16255
12000,662.6,0.6842793923,3.1626
12000,662.65,0.6843129015,3.16265
12000,662.7,0.6843464013,3.1627
12000,662.75,0.6843798918,3.16275
12000,662.8,0.684413373,3.1628
12000,662.85,0.6844468448,3.16285
12000,662.9,0.6844803073,3.1629
12000,662.95,0.6845137605,3.16295
12000,663,0.6845472043,3.163
12000,663.05,0.6845806387,3.16305
12000,663.1,0.6846140638,3.1631
12000,663.15,0.6846474794,3.16315
12000,663.2,0.6846808857,3.1632
12000,663.25,0.6847142826,3.16325
12000,663.3,0.6847476701,3.1633
12000,663.35,0.6847810482,3.16335
12000,663.4,0.6848144169,3.1634
12000,663.45,0.6848477762,3.16345
12000,663.5,0.6848811261,3.1635
12000,663.55,0.6849144665,3.16355
12000,663.6,0.6849477975,3.1636
12000,663.65,0.684981119,3.16365
12000,663.7,0.6850144311,3.1637
12000,663.75,0.6850477337,3.16375
12000,663.8,0.6850810269,3.1638
12000,663.85,0.6851143106,3.16385
12000,663.9,0.6851475849,3.1639
12000,663.95,0.6851808496,3.16395
12000,664,0.6852141049,3.164
12000,664.05,0.6852473507,3.16405
12000,664.1,0.6852805869,3.1641
12000,664.15,0.6853138137,3.16415
12000,664.2,0.6853470309,3.1642
12000,664.25,0.6853802387,3.16425
12000,664.3,0.6854134369,3.1643
12000,664.35,0.6854466256,3.16435
12000,664.4,0.6854798047,3.1644
12000,664.45,0.6855129743,3.16445
12000,664.5,0.6855461343,3.1645
12000,664.55,0.6855792848,3.16455
12000,664.6,0.6856124257,3.1646
12000,664.65,0.6856455571,3.16465
12000,664.7,0.6856786789,3.1647
12000,664.75,0.6857117911,3.16475
12000,664.8,0.6857448937,3.1648
12000,664.85,0.6857779867,3.16485
12000,664.9,0.6858110701,3.1649
12000,664.95,0.6858441439,3.16495
12000,665,0.6858772081,3.165
12000,665.05,0.6859102627,3.16505
12000,665.1,0.6859433076,3.1651
12000,665.15,0.6859763429,3.16515
12000,665.2,0.6860093686,3.1652
12000,665.25,0.6860423846,3.16525
12000,665.3,0.686075391,3.1653
12000,665.35,0.6861083878,3.16535
12000,665.4,0.6861413748,3.1654
12000,665.45,0.6861743522,3.16545
12000,665.5,0.6862073199,3.1655
12000,665.55,0.686240278,3.16555
12000,665.6,0.6862732263,3.1656
12000,665.65,0.686306165,3.16565
12000,665.7,0.686339094,3.1657
12000,665.75,0.6863720132,3.16575
12000,665.8,0.6864049228,3.1658
12000,665.85,0.6864378226,3.16585
12000,665.9,0.6864707127,3.1659
12000,665.95,0.6865035931,3.16595
12000,666,0.6865364637,3.166
12000,666.05,0.6865693246,3.16605
12000,666.1,0.6866021758,3.1661
12000,666.15,0.6866350172,3.16615
12000,666.2,0.6866678488,3.1662
12000,666.25,0.6867006707,3.16625
12000,666.3,0.6867334828,3.1663
12000,666.35,0.6867662851,3.16635
12000,666.4,0.6867990777,3.1664
12000,666.45,0.6868318604,3.16645
12000,666.5,0.6868646334,3.1665
12000,666.55,0.6868973965,3.16655
12000,666.6,0.6869301499,3.1666
12000,666.65,0.6869628934,3.16665
12000,666.7,0.6869956271,3.1667
12000,666.75,0.687028351,3.16675
12000,666.8,0.6870610651,3.1668
12000,666.85,0.6870937693,3.16685
12000,666.9,0.6871264637,3.1669
12000,666.95,0.6871591483,3.16695
12000,667,0.6871918229,3.167
12000,667.05,0.6872244878,3.16705
12000,667.1,0.6872571427,3.1671
12000,667.15,0.6872897878,3.16715
12000,667.2,0.687322423,3.1672
12000,667.25,0.6873550484,3.16725
12000,667.3,0.6873876638,3.1673
12000,667.35,0.6874202693,3.16735
12000,667.4,0.687452865,3.1674
12000,667.45,0.6874854507,3.16745
12000,667.5,0.6875180266,3.1675
12000,667.55,0.6875505925,3.16755
12000,667.6,0.6875831485,3.1676
12000,667.65,0.6876156945,3.16765
12000,667.7,0.6876482306,3.1677
12000,667.75,0.6876807568,3.16775
12000,667.8,0.6877132731,3.1678
12000,667.85,0.6877457793,3.16785
12000,667.9,0.6877782757,3.1679
12000,667.95,0.687810762,3.16795
12000,668,0.6878432384,3.168
12000,668.05,0.6878757048,3.16805
12000,668.1,0.6879081613,3.1681
12000,668.15,0.6879406077,3.16815
12000,668.2,0.6879730442,3.1682
12000,668.25,0.6880054707,3.16825
12000,668.3,0.6880378871,3.1683
12000,668.35,0.6880702936,3.16835
12000,668.4,0.68810269,3.1684
12000,668.45,0.6881350764,3.16845
12000,668.5,0.6881674528,3.1685
12000,668.55,0.6881998192,3.16855
12000,668.6,0.6882321755,3.1686
12000,668.65,0.6882645218,3.16865
12000,668.7,0.688296858,3.1687
12000,668.75,0.6883291842,3.16875
12000,668.8,0.6883615004,3.1688
12000,668.85,0.6883938064,3.16885
12000,668.9,0.6884261024,3.1689
12000,668.95,0.6884583883,3.16895
12000,669,0.6884906642,3.169
12000,669.05,0.6885229299,3.16905
12000,669.1,0.6885551856,3.1691
12000,669.15,0.6885874311,3.16915
12000,669.2,0.6886196666,3.1692
12000,669.25,0.688651892,3.16925
12000,669.3,0.6886841072,3.1693
12000,669.35,0.6887163123,3.16935
12000,669.4,0.6887485073,3.1694
12000,669.45,0.6887806922,3.16945
12000,669.5,0.6888128669,3.1695
12000,669.55,0.6888450315,3.16955
12000,669.6,0.688877186,3.1696
12000,669.65,0.6889093303,3.16965
12000,669.7,0.6889414644,3.1697
12000,669.75,0.6889735884,3.16975
12000,669.8,0.6890057022,3.1698
12000,669.85,0.6890378058,3.16985
12000,669.9,0.6890698993,3.1699
12000,669.95,0.6891019826,3.16995
12000,670,0.6891340556,3.17
12000,670.05,0.6891661185,3.17005
12000,670.1,0.6891981712,3.1701
12000,670.15,0.6892302137,3.17015
12000,670.2,0.689262246,3.1702
12000,670.25,0.6892942681,3.17025
12000,670.3,0.6893262799,3.1703
12000,670.35,0.6893582815,3.17035
12000,670.4,0.6893902729,3.1704
12000,670.45,0.6894222541,3.17045
12000,670.5,0.689454225,3.1705
12000,670.55,0.6894861857,3.17055
12000,670.6,0.6895181361,3.1706
12000,670.65,0.6895500762,3.17065
12000,670.7,0.6895820061,3.1707
12000,670.75,0.6896139258,3.17075
12000,670.8,0.6896458351,3.1708
12000,670.85,0.6896777342,3.17085
12000,670.9,0.689709623,3.1709
12000,670.95,0.6897415015,3.17095
12000,671,0.6897733697,3.171
12000,671.05,0.6898052276,3.17105
12000,671.1,0.6898370752,3.1711
12000,671.15,0.6898689125,3.17115
12000,671.2,0.6899007395,3.1712
12000,671.25,0.6899325562,3.17125
12000,671.3,0.6899643625,3.1713
12000,671.35,0.6899961586,3.17135
12000,671.4,0.6900279442,3.1714
12000,671.45,0.6900597196,3.17145
12000,671.5,0.6900914846,3.1715
12000,671.55,0.6901232392,3.17155
12000,671.6,0.6901549835,3.1716
12000,671.65,0.6901867175,3.17165
12000,671.7,0.6902184411,3.1717
12000,671.75,0.6902501543,3.17175
12000,671.8,0.6902818571,3.1718
12000,671.85,0.6903135496,3.17185
12000,671.9,0.6903452316,3.1719
12000,671.95,0.6903769033,3.17195
12000,672,0.6904085646,3.172
12000,672.05,0.6904402155,3.17205
12000,672.1,0.690471856,3.1721
12000,672.15,0.690503486,3.17215
12000,672.2,0.6905351057,3.1722
12000,672.25,0.6905667149,3.17225
12000,672.3,0.6905983137,3.1723
12000,672.35,0.6906299021,3.17235
12000,672.4,0.6906614801,3.1724
12000,672.45,0.6906930476,3.17245
12000,672.5,0.6907246047,3.1725
12000,672.55,0.6907561513,3.17255
12000,672.6,0.6907876875,3.1726
12000,672.65,0.6908192132,3.17265
12000,672.7,0.6908507284,3.1727
12000,672.75,0.6908822332,3.17275
12000,672.8,0.6909137275,3.1728
12000,672.85,0.6909452114,3.17285
12000,672.9,0.6909766847,3.1729
12000,672.95,0.6910081476,3.17295
12000,673,0.6910395999,3.173
12000,673.05,0.6910710418,3.17305
12000,673.1,0.6911024732,3.1731
12000,673.15,0.6911338941,3.17315
12000,673.2,0.6911653044,3.1732
12000,673.25,0.6911967043,3.17325
12000,673.3,0.6912280936,3.1733
12000,673.35,0.6912594724,3.17335
12000,673.4,0.6912908406,3.1734
12000,673.45,0.6913221984,3.17345
12000,673.5,0.6913535456,3.1735
12000,673.55,0.6913848822,3.17355
12000,673.6,0.6914162083,3.1736
12000,673.65,0.6914475239,3.17365
12000,673.7,0.6914788289,3.1737
12000,673.75,0.6915101233,3.17375
12000,673.8,0.6915414071,3.1738
12000,673.85,0.6915726804,3.17385
12000,673.9,0.6916039431,3.1739
12000,673.95,0.6916351953,3.17395
12000,674,0.6916664368,3.174
12000,674.05,0.6916976678,3.17405
12000,674.1,0.6917288881,3.1741
12000,674.15,0.6917600979,3.17415
12000,674.2,0.691791297,3.1742
12000,674.25,0.6918224856,3.17425
12000,674.3,0.6918536635,3.1743
12000,674.35,0.6918848308,3.17435
12000,674.4,0.6919159875,3.1744
12000,674.45,0.6919471336,3.17445
12000,674.5,0.691978269,3.1745
12000,674.55,0.6920093938,3.17455
12000,674.6,0.692040508,3.1746
12000,674.65,0.6920716115,3.17465
12000,674.7,0.6921027044,3.1747
12000,674.75,0.6921337866,3.17475
12000,674.8,0.6921648581,3.1748
12000,674.85,0.692195919,3.17485
12000,674.9,0.6922269692,3.1749
12000,674.95,0.6922580088,3.17495
12000,675,0.6922890376,3.175
12000,675.05,0.6923200558,3.17505
12000,675.1,0.6923510633,3.1751
12000,675.15,0.6923820601,3.17515
12000,675.2,0.6924130463,3.1752
12000,675.25,0.6924440217,3.17525
12000,675.3,0.6924749864,3.1753
12000,675.35,0.6925059404,3.17535
12000,675.4,0.6925368837,3.1754
12000,675.45,0.6925678163,3.17545
12000,675.5,0.6925987381,3.1755
12000,675.55,0.6926296493,3.17555
12000,675.6,0.6926605497,3.1756
12000,675.65,0.6926914394,3.17565
12000,675.7,0.6927223183,3.1757
12000,675.75,0.6927531865,3.17575
12000,675.8,0.6927840439,3.1758
12000,675.85,0.6928148906,3.17585
12000,675.9,0.6928457266,3.1759
12000,675.95,0.6928765517,3.17595
12000,676,0.6929073662,3.176
12000,676.05,0.6929381698,3.17605
12000,676.1,0.6929689627,3.1761
12000,676.15,0.6929997448,3.17615
12000,676.2,0.6930305161,3.1762
12000,676.25,0.6930612766,3.17625
12000,676.3,0.6930920264,3.1763
12000,676.35,0.6931227653,3.17635
12000,676.4,0.6931534935,3.1764
12000,676.45,0.6931842108,3.17645
12000,676.5,0.6932149174,3.1765
12000,676.55,0.6932456131,3.17655
12000,676.6,0.6932762981,3.1766
12000,676.65,0.6933069722,3.17665
12000,676.7,0.6933376354,3.1767
12000,676.75,0.6933682879,3.17675
12000,676.8,0.6933989295,3.1768
12000,676.85,0.6934295603,3.17685
12000,676.9,0.6934601802,3.1769
12000,676.95,0.6934907893,3.17695
12000,677,0.6935213876,3.177
12000,677.05,0.693551975,3.17705
12000,677.1,0.6935825516,3.1771
12000,677.15,0.6936131172,3.17715
12000,677.2,0.6936436721,3.1772
12000,677.25,0.693674216,3.17725
12000,677.3,0.6937047491,3.1773
12000,677.35,0.6937352713,3.17735
12000,677.4,0.6937657826,3.1774
12000,677.45,0.6937962831,3.17745
12000,677.5,0.6938267726,3.1775
12000,677.55,0.6938572513,3.17755
12000,677.6,0.6938877191,3.1776
12000,677.65,0.6939181759,3.17765
12000,677.7,0.6939486219,3.1777
12000,677.75,0.693979057,3.17775
12000,677.8,0.6940094811,3.1778
12000,677.85,0.6940398943,3.17785
12000,677.9,0.6940702966,3.1779
12000,677.95,0.694100688,3.17795
12000,678,0.6941310685,3.178
12000,678.05,0.694161438,3.17805
12000,678.1,0.6941917966,3.1781
12000,678.15,0.6942221442,3.17815
12000,678.2,0.6942524809,3.1782
12000,678.25,0.6942828067,3.17825
12000,678.3,0.6943131215,3.1783
12000,678.35,0.6943434253,3.17835
12000,678.4,0.6943737182,3.1784
12000,678.45,0.6944040001,3.17845
12000,678.5,0.6944342711,3.1785
12000,678.55,0.6944645311,3.17855
12000,678.6,0.6944947801,3.1786
12000,678.65,0.6945250181,3.17865
12000,678.7,0.6945552452,3.1787
12000,678.75,0.6945854612,3.17875
12000,678.8,0.6946156663,3.1788
12000,678.85,0.6946458604,3.17885
12000,678.9,0.6946760435,3.1789
12000,678.95,0.6947062156,3.17895
12000,679,0.6947363767,3.179
12000,679.05,0.6947665267,3.17905
12000,679.1,0.6947966658,3.1791
12000,679.15,0.6948267938,3.17915
12000,679.2,0.6948569108,3.1792
12000,679.25,0.6948870168,3.17925
12000,679.3,0.6949171118,3.1793
12000,679.35,0.6949471957,3.17935
12000,679.4,0.6949772686,3.1794
12000,679.45,0.6950073305,3.17945
12000,679.5,0.6950373813,3.1795
12000,679.55,0.6950674211,3.17955
12000,679.6,0.6950974498,3.1796
12000,679.65,0.6951274675,3.17965
12000,679.7,0.6951574741,3.1797
12000,679.75,0.6951874697,3.17975
12000,679.8,0.6952174541,3.1798
12000,679.85,0.6952474276,3.17985
12000,679.9,0.6952773899,3.1799
12000,679.95,0.6953073412,3.17995
12000,680,0.6953372814,3.18
12000,680.05,0.6953672105,3.18005
12000,680.1,0.6953971285,3.1801
12000,680.15,0.6954270355,3.18015
12000,680.2,0.6954569313,3.1802
12000,680.25,0.695486816,3.18025
12000,680.3,0.6955166897,3.1803
12000,680.35,0.6955465522,3.18035
12000,680.4,0.6955764037,3.1804
12000,680.45,0.695606244,3.18045
12000,680.5,0.6956360732,3.1805
12000,680.55,0.6956658913,3.18055
12000,680.6,0.6956956983,3.1806
12000,680.65,0.6957254941,3.18065
12000,680.7,0.6957552788,3.1807
12000,680.75,0.6957850524,3.18075
12000,680.8,0.6958148149,3.1808
12000,680.85,0.6958445662,3.18085
12000,680.9,0.6958743063,3.1809
12000,680.95,0.6959040354,3.18095
12000,681,0.6959337532,3.181
12000,681.05,0.69596346,3.18105
12000,681.1,0.6959931555,3.1811
12000,681.15,0.6960228399,3.18115
12000,681.2,0.6960525132,3.1812
12000,681.25,0.6960821752,3.18125
12000,681.3,0.6961118261,3.1813
12000,681.35,0.6961414659,3.18135
12000,681.4,0.6961710944,3.1814
12000,681.45,0.6962007118,3.18145
12000,681.5,0.696230318,3.1815
12000,681.55,0.696259913,3.18155
12000,681.6,0.6962894968,3.1816
12000,681.65,0.6963190694,3.18165
12000,681.7,0.6963486309,3.1817
12000,681.75,0.6963781811,3.18175
12000,681.8,0.6964077201,3.1818
12000,681.85,0.6964372479,3.18185
12000,681.9,0.6964667645,3.1819
12000,681.95,0.6964962699,3.18195
12000,682,0.6965257641,3.182
12000,682.05,0.6965552471,3.18205
12000,682.1,0.6965847188,3.1821
12000,682.15,0.6966141793,3.18215
12000,682.2,0.6966436286,3.1822
12000,682.25,0.6966730666,3.18225
12000,682.3,0.6967024934,3.1823
12000,682.35,0.696731909,3.18235
12000,682.4,0.6967613133,3.1824
12000,682.45,0.6967907064,3.18245
12000,682.5,0.6968200883,3.1825
12000,682.55,0.6968494588,3.18255
12000,682.6,0.6968788182,3.1826
12000,682.65,0.6969081662,3.18265
12000,682.7,0.696937503,3.1827
12000,682.75,0.6969668286,3.18275
12000,682.8,0.6969961429,3.1828
12000,682.85,0.6970254459,3.18285
12000,682.9,0.6970547376,3.1829
12000,682.95,0.6970840181,3.18295
12000,683,0.6971132872,3.183
12000,683.05,0.6971425451,3.18305
12000,683.1,0.6971717917,3.1831
12000,683.15,0.697201027,3.18315
12000,683.2,0.6972302511,3.1832
12000,683.25,0.6972594638,3.18325
12000,683.3,0.6972886652,3.1833
12000,683.35,0.6973178553,3.18335
12000,683.4,0.6973470342,3.1834
12000,683.45,0.6973762017,3.18345
12000,683.5,0.6974053579,3.1835
12000,683.55,0.6974345028,3.18355
12000,683.6,0.6974636363,3.1836
12000,683.65,0.6974927586,3.18365
12000,683.7,0.6975218695,3.1837
12000,683.75,0.6975509691,3.18375
12000,683.8,0.6975800574,3.1838
12000,683.85,0.6976091343,3.18385
12000,683.9,0.6976381999,3.1839
12000,683.95,0.6976672542,3.18395
12000,684,0.6976962971,3.184
12000,684.05,0.6977253287,3.18405
12000,684.1,0.697754349,3.1841
12000,684.15,0.6977833578,3.18415
12000,684.2,0.6978123554,3.1842
12000,684.25,0.6978413416,3.18425
12000,684.3,0.6978703164,3.1843
12000,684.35,0.6978992798,3.18435
12000,684.4,0.6979282319,3.1844
12000,684.45,0.6979571727,3.18445
12000,684.5,0.697986102,3.1845
12000,684.55,0.69801502,3.18455
12000,684.6,0.6980439266,3.1846
12000,684.65,0.6980728219,3.18465
12000,684.7,0.6981017057,3.1847
12000,684.75,0.6981305782,3.18475
12000,684.8,0.6981594393,3.1848
12000,684.85,0.698188289,3.18485
12000,684.9,0.6982171273,3.1849
12000,684.95,0.6982459542,3.18495
12000,685,0.6982747697,3.185
12000,685.05,0.6983035738,3.18505
12000,685.1,0.6983323665,3.1851
12000,685.15,0.6983611478,3.18515
12000,685.2,0.6983899176,3.1852
12000,685.25,0.6984186761,3.18525
12000,685.3,0.6984474232,3.1853
12000,685.35,0.6984761588,3.18535
12000,685.4,0.698504883,3.1854
12000,685.45,0.6985335958,3.18545
12000,685.5,0.6985622972,3.1855
12000,685.55,0.6985909872,3.18555
12000,685.6,0.6986196657,3.1856
12000,685.65,0.6986483327,3.18565
12000,685.7,0.6986769884,3.1857
12000,685.75,0.6987056326,3.18575
12000,685.8,0.6987342654,3.1858
12000,685.85,0.6987628867,3.18585
12000,685.9,0.6987914965,3.1859
12000,685.95,0.698820095,3.18595
12000,686,0.6988486819,3.186
12000,686.05,0.6988772574,3.18605
12000,686.1,0.6989058215,3.1861
12000,686.15,0.6989343741,3.18615
12000,686.2,0.6989629152,3.1862
12000,686.25,0.6989914449,3.18625
12000,686.3,0.6990199631,3.1863
12000,686.35,0.6990484698,3.18635
12000,686.4,0.6990769651,3.1864
12000,686.45,0.6991054489,3.18645
12000,686.5,0.6991339212,3.1865
12000,686.55,0.699162382,3.18655
12000,686.6,0.6991908313,3.1866
12000,686.65,0.6992192692,3.18665
12000,686.7,0.6992476956,3.1867
12000,686.75,0.6992761104,3.18675
12000,686.8,0.6993045138,3.1868
12000,686.85,0.6993329057,3.18685
12000,686.9,0.6993612861,3.1869
12000,686.95,0.699389655,3.18695
12000,687,0.6994180124,3.187
12000,687.05,0.6994463582,3.18705
12000,687.1,0.6994746926,3.1871
12000,687.15,0.6995030155,3.18715
12000,687.2,0.6995313268,3.1872
12000,687.25,0.6995596267,3.18725
12000,687.3,0.699587915,3.1873
12000,687.35,0.6996161918,3.18735
12000,687.4,0.699644457,3.1874
12000,687.45,0.6996727108,3.18745
12000,687.5,0.699700953,3.1875
12000,687.55,0.6997291837,3.18755
12000,687.6,0.6997574028,3.1876
12000,687.65,0.6997856105,3.18765
12000,687.7,0.6998138065,3.1877
12000,687.75,0.6998419911,3.18775
12000,687.8,0.6998701641,3.1878
12000,687.85,0.6998983255,3.18785
12000,687.9,0.6999264755,3.1879
12000,687.95,0.6999546138,3.18795
12000,688,0.6999827406,3.188
12000,688.05,0.7000108559,3.18805
12000,688.1,0.7000389596,3.1881
12000,688.15,0.7000670517,3.18815
12000,688.2,0.7000951323,3.1882
12000,688.25,0.7001232014,3.18825
12000,688.3,0.7001512588,3.1883
12000,688.35,0.7001793047,3.18835
12000,688.4,0.700207339,3.1884
12000,688.45,0.7002353618,3.18845
12000,688.5,0.700263373,3.1885
12000,688.55,0.7002913726,3.18855
12000,688.6,0.7003193606,3.1886
12000,688.65,0.700347337,3.18865
12000,688.7,0.7003753019,3.1887
12000,688.75,0.7004032552,3.18875
12000,688.8,0.7004311968,3.1888
12000,688.85,0.7004591269,3.18885
12000,688.9,0.7004870454,3.1889
12000,688.95,0.7005149524,3.18895
12000,689,0.7005428477,3.189
12000,689.05,0.7005707314,3.18905
12000,689.1,0.7005986035,3.1891
12000,689.15,0.700626464,3.18915
12000,689.2,0.700654313,3.1892
12000,689.25,0.7006821503,3.18925
12000,689.3,0.700709976,3.1893
12000,689.35,0.70073779,3.18935
12000,689.4,0.7007655925,3.1894
12000,689.45,0.7007933834,3.18945
12000,689.5,0.7008211626,3.1895
12000,689.55,0.7008489303,3.18955
12000,689.6,0.7008766863,3.1896
12000,689.65,0.7009044306,3.18965
12000,689.7,0.7009321634,3.1897
12000,689.75,0.7009598845,3.18975
12000,689.8,0.700987594,3.1898
12000,689.85,0.7010152919,3.18985
12000,689.9,0.7010429781,3.1899
12000,689.95,0.7010706527,3.18995
12000,690,0.7010983157,3.19
12000,690.05,0.701125967,3.19005
12000,690.1,0.7011536067,3.1901
12000,690.15,0.7011812347,3.19015
12000,690.2,0.7012088511,3.1902
12000,690.25,0.7012364559,3.19025
12000,690.3,0.701264049,3.1903
12000,690.35,0.7012916304,3.19035
12000,690.4,0.7013192002,3.1904
12000,690.45,0.7013467583,3.19045
12000,690.5,0.7013743048,3.1905
12000,690.55,0.7014018396,3.19055
12000,690.6,0.7014293628,3.1906
12000,690.65,0.7014568743,3.19065
12000,690.7,0.7014843741,3.1907
12000,690.75,0.7015118623,3.19075
12000,690.8,0.7015393388,3.1908
12000,690.85,0.7015668036,3.19085
12000,690.9,0.7015942568,3.1909
12000,690.95,0.7016216983,3.19095
12000,691,0.7016491281,3.191
12000,691.05,0.7016765462,3.19105
12000,691.1,0.7017039527,3.1911
12000,691.15,0.7017313474,3.19115
12000,691.2,0.7017587305,3.1912
12000,691.25,0.7017861019,3.19125
12000,691.3,0.7018134616,3.1913
12000,691.35,0.7018408097,3.19135
12000,691.4,0.701868146,3.1914
12000,691.45,0.7018954706,3.19145
12000,691.5,0.7019227836,3.1915
12000,691.55,0.7019500848,3.19155
12000,691.6,0.7019773744,3.1916
12000,691.65,0.7020046522,3.19165
12000,691.7,0.7020319184,3.1917
12000,691.75,0.7020591728,3.19175
12000,691.8,0.7020864156,3.1918
12000,691.85,0.7021136466,3.19185
12000,691.9,0.702140866,3.1919
12000,691.95,0.7021680736,3.19195
12000,692,0.7021952695,3.192
12000,692.05,0.7022224537,3.19205
12000,692.1,0.7022496262,3.1921
12000,692.15,0.702276787,3.19215
12000,692.2,0.702303936,3.1922
12000,692.25,0.7023310733,3.19225
12000,692.3,0.702358199,3.1923
12000,692.35,0.7023853128,3.19235
12000,692.4,0.702412415,3.1924
12000,692.45,0.7024395054,3.19245
12000,692.5,0.7024665841,3.1925
12000,692.55,0.7024936511,3.19255
12000,692.6,0.7025207064,3.1926
12000,692.65,0.7025477499,3.19265
12000,692.7,0.7025747817,3.1927
12000,692.75,0.7026018017,3.19275
12000,692.8,0.70262881,3.1928
12000,692.85,0.7026558066,3.19285
12000,692.9,0.7026827914,3.1929
12000,692.95,0.7027097645,3.19295
12000,693,0.7027367258,3.193
12000,693.05,0.7027636754,3.19305
12000,693.1,0.7027906133,3.1931
12000,693.15,0.7028175394,3.19315
12000,693.2,0.7028444537,3.1932
12000,693.25,0.7028713563,3.19325
12000,693.3,0.7028982472,3.1933
12000,693.35,0.7029251262,3.19335
12000,693.4,0.7029519936,3.1934
12000,693.45,0.7029788492,3.19345
12000,693.5,0.703005693,3.1935
12000,693.55,0.703032525,3.19355
12000,693.6,0.7030593453,3.1936
12000,693.65,0.7030861539,3.19365
12000,693.7,0.7031129506,3.1937
12000,693.75,0.7031397356,3.19375
12000,693.8,0.7031665089,3.1938
12000,693.85,0.7031932703,3.19385
12000,693.9,0.70322002,3.1939
12000,693.95,0.7032467579,3.19395
12000,694,0.7032734841,3.194
12000,694.05,0.7033001985,3.19405
12000,694.1,0.7033269011,3.1941
12000,694.15,0.7033535919,3.19415
12000,694.2,0.7033802709,3.1942
12000,694.25,0.7034069382,3.19425
12000,694.3,0.7034335937,3.1943
12000,694.35,0.7034602374,3.19435
12000,694.4,0.7034868693,3.1944
12000,694.45,0.7035134894,3.19445
12000,694.5,0.7035400977,3.1945
12000,694.55,0.7035666943,3.19455
12000,694.6,0.703593279,3.1946
12000,694.65,0.703619852,3.19465
12000,694.7,0.7036464132,3.1947
12000,694.75,0.7036729626,3.19475
12000,694.8,0.7036995002,3.1948
12000,694.85,0.703726026,3.19485
12000,694.9,0.70375254,3.1949
12000,694.95,0.7037790422,3.19495
12000,695,0.7038055325,3.195
12000,695.05,0.7038320111,3.19505
12000,695.1,0.7038584779,3.1951
12000,695.15,0.7038849329,3.19515
12000,695.2,0.7039113761,3.1952
12000,695.25,0.7039378075,3.19525
12000,695.3,0.7039642271,3.1953
12000,695.35,0.7039906348,3.19535
12000,695.4,0.7040170308,3.1954
12000,695.45,0.7040434149,3.19545
12000,695.5,0.7040697872,3.1955
12000,695.55,0.7040961478,3.19555
12000,695.6,0.7041224965,3.1956
12000,695.65,0.7041488333,3.19565
12000,695.7,0.7041751584,3.1957
12000,695.75,0.7042014717,3.19575
12000,695.8,0.7042277731,3.1958
12000,695.85,0.7042540627,3.19585
12000,695.9,0.7042803405,3.1959
12000,695.95,0.7043066065,3.19595
12000,696,0.7043328606,3.196
12000,696.05,0.7043591029,3.19605
12000,696.1,0.7043853334,3.1961
12000,696.15,0.7044115521,3.19615
12000,696.2,0.7044377589,3.1962
12000,696.25,0.7044639539,3.19625
12000,696.3,0.7044901371,3.1963
12000,696.35,0.7045163085,3.19635
12000,696.4,0.704542468,3.1964
12000,696.45,0.7045686157,3.19645
12000,696.5,0.7045947515,3.1965
12000,696.55,0.7046208755,3.19655
12000,696.6,0.7046469877,3.1966
12000,696.65,0.704673088,3.19665
12000,696.7,0.7046991765,3.1967
12000,696.75,0.7047252532,3.19675
12000,696.8,0.704751318,3.1968
12000,696.85,0.704777371,3.19685
12000,696.9,0.7048034121,3.1969
12000,696.95,0.7048294414,3.19695
12000,697,0.7048554589,3.197
12000,697.05,0.7048814645,3.19705
12000,697.1,0.7049074582,3.1971
12000,697.15,0.7049334401,3.19715
12000,697.2,0.7049594102,3.1972
12000,697.25,0.7049853684,3.19725
12000,697.3,0.7050113148,3.1973
12000,697.35,0.7050372493,3.19735
12000,697.4,0.7050631719,3.1974
12000,697.45,0.7050890827,3.19745
12000,697.5,0.7051149817,3.1975
12000,697.55,0.7051408688,3.19755
12000,697.6,0.705166744,3.1976
12000,697.65,0.7051926074,3.19765
12000,697.7,0.7052184589,3.1977
12000,697.75,0.7052442986,3.19775
12000,697.8,0.7052701264,3.1978
12000,697.85,0.7052959423,3.19785
12000,697.9,0.7053217464,3.1979
12000,697.95,0.7053475387,3.19795
12000,698,0.705373319,3.198
12000,698.05,0.7053990875,3.19805
12000,698.1,0.7054248442,3.1981
12000,698.15,0.7054505889,3.19815
12000,698.2,0.7054763218,3.1982
12000,698.25,0.7055020429,3.19825
12000,698.3,0.705527752,3.1983
12000,698.35,0.7055534494,3.19835
12000,698.4,0.7055791348,3.1984
12000,698.45,0.7056048084,3.19845
12000,698.5,0.70563047,3.1985
12000,698.55,0.7056561199,3.19855
12000,698.6,0.7056817578,3.1986
12000,698.65,0.7057073839,3.19865
12000,698.7,0.7057329981,3.1987
12000,698.75,0.7057586004,3.19875
12000,698.8,0.7057841909,3.1988
12000,698.85,0.7058097695,3.19885
12000,698.9,0.7058353362,3.1989
12000,698.95,0.705860891,3.19895
12000,699,0.705886434,3.199
12000,699.05,0.705911965,3.19905
12000,699.1,0.7059374842,3.1991
12000,699.15,0.7059629915,3.19915
12000,699.2,0.705988487,3.1992
12000,699.25,0.7060139705,3.19925
12000,699.3,0.7060394422,3.1993
12000,699.35,0.706064902,3.19935
12000,699.4,0.7060903499,3.1994
12000,699.45,0.7061157859,3.19945
12000,699.5,0.70614121,3.1995
12000,699.55,0.7061666223,3.19955
12000,699.6,0.7061920226,3.1996
12000,699.65,0.7062174111,3.19965
12000,699.7,0.7062427877,3.1997
12000,699.75,0.7062681524,3.19975
12000,699.8,0.7062935052,3.1998
12000,699.85,0.7063188462,3.19985
12000,699.9,0.7063441752,3.1999
12000,699.95,0.7063694924,3.19995
12000,700,0.7063947976,3.2
12000,700.05,0.706420091,3.20005
12000,700.1,0.7064453725,3.2001
12000,700.15,0.7064706421,3.20015
12000,700.2,0.7064958997,3.2002
12000,700.25,0.7065211455,3.20025
12000,700.3,0.7065463795,3.2003
12000,700.35,0.7065716015,3.20035
12000,700.4,0.7065968116,3.2004
12000,700.45,0.7066220098,3.20045
12000,700.5,0.7066471961,3.2005
12000,700.55,0.7066723706,3.20055
12000,700.6,0.7066975331,3.2006
12000,700.65,0.7067226838,3.20065
12000,700.7,0.7067478225,3.2007
12000,700.75,0.7067729494,3.20075
12000,700.8,0.7067980643,3.2008
12000,700.85,0.7068231673,3.20085
12000,700.9,0.7068482585,3.2009
12000,700.95,0.7068733378,3.20095
12000,701,0.7068984051,3.201
12000,701.05,0.7069234606,3.20105
12000,701.1,0.7069485041,3.2011
12000,701.15,0.7069735358,3.20115
12000,701.2,0.7069985555,3.2012
12000,701.25,0.7070235633,3.20125
12000,701.3,0.7070485593,3.2013
12000,701.35,0.7070735433,3.20135
12000,701.4,0.7070985155,3.2014
12000,701.45,0.7071234757,3.20145
12000,701.5,0.707148424,3.2015
12000,701.55,0.7071733605,3.20155
12000,701.6,0.707198285,3.2016
12000,701.65,0.7072231976,3.20165
12000,701.7,0.7072480983,3.2017
12000,701.75,0.7072729871,3.20175
12000,701.8,0.707297864,3.2018
12000,701.85,0.707322729,3.20185
12000,701.9,0.7073475821,3.2019
12000,701.95,0.7073724233,3.20195
12000,702,0.7073972526,3.202
12000,702.05,0.7074220699,3.20205
12000,702.1,0.7074468754,3.2021
12000,702.15,0.707471669,3.20215
12000,702.2,0.7074964506,3.2022
12000,702.25,0.7075212203,3.20225
12000,702.3,0.7075459782,3.2023
12000,702.35,0.7075707241,3.20235
12000,702.4,0.7075954581,3.2024
12000,702.45,0.7076201802,3.20245
12000,702.5,0.7076448904,3.2025
12000,702.55,0.7076695887,3.20255
12000,702.6,0.7076942751,3.2026
12000,702.65,0.7077189495,3.20265
12000,702.7,0.7077436121,3.2027
12000,702.75,0.7077682627,3.20275
12000,702.8,0.7077929015,3.2028
12000,702.85,0.7078175283,3.20285
12000,702.9,0.7078421432,3.2029
12000,702.95,0.7078667462,3.20295
12000,703,0.7078913373,3.203
12000,703.05,0.7079159165,3.20305
12000,703.1,0.7079404837,3.2031
12000,703.15,0.7079650391,3.20315
12000,703.2,0.7079895825,3.2032
12000,703.25,0.7080141141,3.20325
12000,703.3,0.7080386337,3.2033
12000,703.35,0.7080631414,3.20335
12000,703.4,0.7080876372,3.2034
12000,703.45,0.7081121211,3.20345
12000,703.5,0.708136593,3.2035
12000,703.55,0.7081610531,3.20355
12000,703.6,0.7081855012,3.2036
12000,703.65,0.7082099375,3.20365
12000,703.7,0.7082343618,3.2037
12000,703.75,0.7082587742,3.20375
12000,703.8,0.7082831747,3.2038
12000,703.85,0.7083075633,3.20385
12000,703.9,0.7083319399,3.2039
12000,703.95,0.7083563047,3.20395
12000,704,0.7083806575,3.204
12000,704.05,0.7084049985,3.20405
12000,704.1,0.7084293275,3.2041
12000,704.15,0.7084536446,3.20415
12000,704.2,0.7084779498,3.2042
12000,704.25,0.7085022431,3.20425
12000,704.3,0.7085265244,3.2043
12000,704.35,0.7085507939,3.20435
12000,704.4,0.7085750514,3.2044
12000,704.45,0.708599297,3.20445
12000,704.5,0.7086235307,3.2045
12000,704.55,0.7086477525,3.20455
12000,704.6,0.7086719624,3.2046
12000,704.65,0.7086961604,3.20465
12000,704.7,0.7087203465,3.2047
12000,704.75,0.7087445206,3.20475
12000,704.8,0.7087686829,3.2048
12000,704.85,0.7087928332,3.20485
12000,704.9,0.7088169716,3.2049
12000,704.95,0.7088410981,3.20495
12000,705,0.7088652127,3.205
12000,705.05,0.7088893154,3.20505
12000,705.1,0.7089134061,3.2051
12000,705.15,0.708937485,3.20515
12000,705.2,0.7089615519,3.2052
12000,705.25,0.7089856069,3.20525
12000,705.3,0.7090096501,3.2053
12000,705.35,0.7090336813,3.20535
12000,705.4,0.7090577006,3.2054
12000,705.45,0.7090817079,3.20545
12000,705.5,0.7091057034,3.2055
12000,705.55,0.709129687,3.20555
12000,705.6,0.7091536586,3.2056
12000,705.65,0.7091776184,3.20565
12000,705.7,0.7092015662,3.2057
12000,705.75,0.7092255021,3.20575
12000,705.8,0.7092494261,3.2058
12000,705.85,0.7092733383,3.20585
12000,705.9,0.7092972384,3.2059
12000,705.95,0.7093211267,3.20595
12000,706,0.7093450031,3.206
12000,706.05,0.7093688676,3.20605
12000,706.1,0.7093927201,3.2061
12000,706.15,0.7094165608,3.20615
12000,706.2,0.7094403895,3.2062
12000,706.25,0.7094642064,3.20625
12000,706.3,0.7094880113,3.2063
12000,706.35,0.7095118043,3.20635
12000,706.4,0.7095355854,3.2064
12000,706.45,0.7095593546,3.20645
12000,706.5,0.7095831119,3.2065
12000,706.55,0.7096068573,3.20655
12000,706.6,0.7096305908,3.2066
12000,706.65,0.7096543124,3.20665
12000,706.7,0.7096780221,3.2067
12000,706.75,0.7097017199,3.20675
12000,706.8,0.7097254058,3.2068
12000,706.85,0.7097490797,3.20685
12000,706.9,0.7097727418,3.2069
12000,706.95,0.709796392,3.20695
12000,707,0.7098200302,3.207
12000,707.05,0.7098436566,3.20705
12000,707.1,0.709867271,3.2071
12000,707.15,0.7098908736,3.20715
12000,707.2,0.7099144642,3.2072
12000,707.25,0.709938043,3.20725
12000,707.3,0.7099616098,3.2073
12000,707.35,0.7099851648,3.20735
12000,707.4,0.7100087078,3.2074
12000,707.45,0.710032239,3.20745
12000,707.5,0.7100557582,3.2075
12000,707.55,0.7100792656,3.20755
12000,707.6,0.710102761,3.2076
12000,707.65,0.7101262446,3.20765
12000,707.7,0.7101497162,3.2077
12000,707.75,0.710173176,3.20775
12000,707.8,0.7101966239,3.2078
12000,707.85,0.7102200598,3.20785
12000,707.9,0.7102434839,3.2079
12000,707.95,0.7102668961,3.20795
12000,708,0.7102902964,3.208
12000,708.05,0.7103136848,3.20805
12000,708.1,0.7103370613,3.2081
12000,708.15,0.7103604259,3.20815
12000,708.2,0.7103837786,3.2082
12000,708.25,0.7104071194,3.20825
12000,708.3,0.7104304483,3.2083
12000,708.35,0.7104537654,3.20835
12000,708.4,0.7104770705,3.2084
12000,708.45,0.7105003638,3.20845
12000,708.5,0.7105236452,3.2085
12000,708.55,0.7105469146,3.20855
12000,708.6,0.7105701722,3.2086
12000,708.65,0.7105934179,3.20865
12000,708.7,0.7106166517,3.2087
12000,708.75,0.7106398737,3.20875
12000,708.8,0.7106630837,3.2088
12000,708.85,0.7106862819,3.20885
12000,708.9,0.7107094681,3.2089
12000,708.95,0.7107326425,3.20895
12000,709,0.710755805,3.209
12000,709.05,0.7107789557,3.20905
12000,709.1,0.7108020944,3.2091
12000,709.15,0.7108252213,3.20915
12000,709.2,0.7108483362,3.2092
12000,709.25,0.7108714393,3.20925
12000,709.3,0.7108945305,3.2093
12000,709.35,0.7109176099,3.20935
12000,709.4,0.7109406773,3.2094
12000,709.45,0.7109637329,3.20945
12000,709.5,0.7109867766,3.2095
12000,709.55,0.7110098084,3.20955
12000,709.6,0.7110328284,3.2096
12000,709.65,0.7110558364,3.20965
12000,709.7,0.7110788326,3.2097
12000,709.75,0.711101817,3.20975
12000,709.8,0.7111247894,3.2098
12000,709.85,0.71114775,3.20985
12000,709.9,0.7111706987,3.2099
12000,709.95,0.7111936355,3.20995
12000,710,0.7112165605,3.21
12000,710.05,0.7112394736,3.21005
12000,710.1,0.7112623748,3.2101
12000,710.15,0.7112852642,3.21015
12000,710.2,0.7113081417,3.2102
12000,710.25,0.7113310073,3.21025
12000,710.3,0.711353861,3.2103
12000,710.35,0.7113767029,3.21035
12000,710.4,0.711399533,3.2104
12000,710.45,0.7114223511,3.21045
12000,710.5,0.7114451574,3.2105
12000,710.55,0.7114679518,3.21055
12000,710.6,0.7114907344,3.2106
12000,710.65,0.7115135051,3.21065
12000,710.7,0.711536264,3.2107
12000,710.75,0.711559011,3.21075
12000,710.8,0.7115817461,3.2108
12000,710.85,0.7116044694,3.21085
12000,710.9,0.7116271808,3.2109
12000,710.95,0.7116498804,3.21095
12000,711,0.7116725681,3.211
12000,711.05,0.7116952439,3.21105
12000,711.1,0.7117179079,3.2111
12000,711.15,0.7117405601,3.21115
12000,711.2,0.7117632004,3.2112
12000,711.25,0.7117858288,3.21125
12000,711.3,0.7118084454,3.2113
12000,711.35,0.7118310502,3.21135
12000,711.4,0.7118536431,3.2114
12000,711.45,0.7118762241,3.21145
12000,711.5,0.7118987934,3.2115
12000,711.55,0.7119213507,3.21155
12000,711.6,0.7119438962,3.2116
12000,711.65,0.7119664299,3.21165
12000,711.7,0.7119889517,3.2117
12000,711.75,0.7120114617,3.21175
12000,711.8,0.7120339599,3.2118
12000,711.85,0.7120564462,3.21185
12000,711.9,0.7120789206,3.2119
12000,711.95,0.7121013833,3.21195
12000,712,0.7121238341,3.212
12000,712.05,0.712146273,3.21205
12000,712.1,0.7121687001,3.2121
12000,712.15,0.7121911154,3.21215
12000,712.2,0.7122135189,3.2122
12000,712.25,0.7122359105,3.21225
12000,712.3,0.7122582903,3.2123
12000,712.35,0.7122806582,3.21235
12000,712.4,0.7123030144,3.2124
12000,712.45,0.7123253587,3.21245
12000,712.5,0.7123476911,3.2125
12000,712.55,0.7123700118,3.21255
12000,712.6,0.7123923206,3.2126
12000,712.65,0.7124146176,3.21265
12000,712.7,0.7124369028,3.2127
12000,712.75,0.7124591761,3.21275
12000,712.8,0.7124814377,3.2128
12000,712.85,0.7125036874,3.21285
12000,712.9,0.7125259252,3.2129
12000,712.95,0.7125481513,3.21295
12000,713,0.7125703656,3.213
12000,713.05,0.712592568,3.21305
12000,713.1,0.7126147586,3.2131
12000,713.15,0.7126369374,3.21315
12000,713.2,0.7126591044,3.2132
12000,713.25,0.7126812596,3.21325
12000,713.3,0.712703403,3.2133
12000,713.35,0.7127255346,3.21335
12000,713.4,0.7127476543,3.2134
12000,713.45,0.7127697623,3.21345
12000,713.5,0.7127918584,3.2135
12000,713.55,0.7128139427,3.21355
12000,713.6,0.7128360153,3.2136
12000,713.65,0.712858076,3.21365
12000,713.7,0.7128801249,3.2137
12000,713.75,0.712902162,3.21375
12000,713.8,0.7129241874,3.2138
12000,713.85,0.7129462009,3.21385
12000,713.9,0.7129682026,3.2139
12000,713.95,0.7129901926,3.21395
12000,714,0.7130121707,3.214
12000,714.05,0.7130341371,3.21405
12000,714.1,0.7130560916,3.2141
12000,714.15,0.7130780344,3.21415
12000,714.2,0.7130999653,3.2142
12000,714.25,0.7131218845,3.21425
12000,714.3,0.7131437919,3.2143
12000,714.35,0.7131656875,3.21435
12000,714.4,0.7131875714,3.2144
12000,714.45,0.7132094434,3.21445
12000,714.5,0.7132313037,3.2145
12000,714.55,0.7132531521,3.21455
12000,714.6,0.7132749888,3.2146
12000,714.65,0.7132968137,3.21465
12000,714.7,0.7133186269,3.2147
12000,714.75,0.7133404282,3.21475
12000,714.8,0.7133622178,3.2148
12000,714.85,0.7133839956,3.21485
12000,714.9,0.7134057617,3.2149
12000,714.95,0.7134275159,3.21495
12000,715,0.7134492584,3.215
12000,715.05,0.7134709892,3.21505
12000,715.1,0.7134927081,3.2151
12000,715.15,0.7135144153,3.21515
12000,715.2,0.7135361107,3.2152
12000,715.25,0.7135577944,3.21525
12000,715.3,0.7135794663,3.2153
12000,715.35,0.7136011264,3.21535
12000,715.4,0.7136227748,3.2154
12000,715.45,0.7136444114,3.21545
12000,715.5,0.7136660363,3.2155
12000,715.55,0.7136876494,3.21555
12000,715.6,0.7137092508,3.2156
12000,715.65,0.7137308404,3.21565
12000,715.7,0.7137524182,3.2157
12000,715.75,0.7137739843,3.21575
12000,715.8,0.7137955387,3.2158
12000,715.85,0.7138170813,3.21585
12000,715.9,0.7138386121,3.2159
12000,715.95,0.7138601312,3.21595
12000,716,0.7138816386,3.216
12000,716.05,0.7139031342,3.21605
12000,716.1,0.7139246181,3.2161
12000,716.15,0.7139460902,3.21615
12000,716.2,0.7139675506,3.2162
12000,716.25,0.7139889993,3.21625
12000,716.3,0.7140104362,3.2163
12000,716.35,0.7140318614,3.21635
12000,716.4,0.7140532749,3.2164
12000,716.45,0.7140746766,3.21645
12000,716.5,0.7140960666,3.2165
12000,716.55,0.7141174449,3.21655
12000,716.6,0.7141388114,3.2166
12000,716.65,0.7141601663,3.21665
12000,716.7,0.7141815094,3.2167
12000,716.75,0.7142028408,3.21675
12000,716.8,0.7142241604,3.2168
12000,716.85,0.7142454683,3.21685
12000,716.9,0.7142667646,3.2169
12000,716.95,0.7142880491,3.21695
12000,717,0.7143093219,3.217
12000,717.05,0.7143305829,3.21705
12000,717.1,0.7143518323,3.2171
12000,717.15,0.7143730699,3.21715
12000,717.2,0.7143942959,3.2172
12000,717.25,0.7144155101,3.21725
12000,717.3,0.7144367126,3.2173
12000,717.35,0.7144579035,3.21735
12000,717.4,0.7144790826,3.2174
12000,717.45,0.71450025,3.21745
12000,717.5,0.7145214057,3.2175
12000,717.55,0.7145425498,3.21755
12000,717.6,0.7145636821,3.2176
12000,717.65,0.7145848027,3.21765
12000,717.7,0.7146059117,3.2177
12000,717.75,0.7146270089,3.21775
12000,717.8,0.7146480944,3.2178
12000,717.85,0.7146691683,3.21785
12000,717.9,0.7146902305,3.2179
12000,717.95,0.714711281,3.21795
12000,718,0.7147323198,3.218
12000,718.05,0.7147533469,3.21805
12000,718.1,0.7147743624,3.2181
12000,718.15,0.7147953661,3.21815
12000,718.2,0.7148163582,3.2182
12000,718.25,0.7148373386,3.21825
12000,718.3,0.7148583074,3.2183
12000,718.35,0.7148792644,3.21835
12000,718.4,0.7149002098,3.2184
12000,718.45,0.7149211435,3.21845
12000,718.5,0.7149420656,3.2185
12000,718.55,0.714962976,3.21855
12000,718.6,0.7149838747,3.2186
12000,718.65,0.7150047618,3.21865
12000,718.7,0.7150256372,3.2187
12000,718.75,0.7150465009,3.21875
12000,718.8,0.715067353,3.2188
12000,718.85,0.7150881934,3.21885
12000,718.9,0.7151090222,3.2189
12000,718.95,0.7151298393,3.21895
12000,719,0.7151506448,3.219
12000,719.05,0.7151714386,3.21905
12000,719.1,0.7151922207,3.2191
12000,719.15,0.7152129913,3.21915
12000,719.2,0.7152337501,3.2192
12000,719.25,0.7152544974,3.21925
12000,719.3,0.715275233,3.2193
12000,719.35,0.7152959569,3.21935
12000,719.4,0.7153166692,3.2194
12000,719.45,0.7153373699,3.21945
12000,719.5,0.715358059,3.2195
12000,719.55,0.7153787364,3.21955
12000,719.6,0.7153994022,3.2196
12000,719.65,0.7154200563,3.21965
12000,719.7,0.7154406988,3.2197
12000,719.75,0.7154613297,3.21975
12000,719.8,0.715481949,3.2198
12000,719.85,0.7155025567,3.21985
12000,719.9,0.7155231527,3.2199
12000,719.95,0.7155437371,3.21995
12000,720,0.7155643099,3.22
12000,720.05,0.7155848711,3.22005
12000,720.1,0.7156054207,3.2201
12000,720.15,0.7156259586,3.22015
12000,720.2,0.715646485,3.2202
12000,720.25,0.7156669997,3.22025
12000,720.3,0.7156875029,3.2203
12000,720.35,0.7157079944,3.22035
12000,720.4,0.7157284744,3.2204
12000,720.45,0.7157489427,3.22045
12000,720.5,0.7157693994,3.2205
12000,720.55,0.7157898446,3.22055
12000,720.6,0.7158102781,3.2206
12000,720.65,0.7158307001,3.22065
12000,720.7,0.7158511104,3.2207
12000,720.75,0.7158715092,3.22075
12000,720.8,0.7158918964,3.2208
12000,720.85,0.715912272,3.22085
12000,720.9,0.715932636,3.2209
12000,720.95,0.7159529884,3.22095
12000,721,0.7159733293,3.221
12000,721.05,0.7159936585,3.22105
12000,721.1,0.7160139762,3.2211
12000,721.15,0.7160342824,3.22115
12000,721.2,0.7160545769,3.2212
12000,721.25,0.7160748599,3.22125
12000,721.3,0.7160951313,3.2213
12000,721.35,0.7161153912,3.22135
12000,721.4,0.7161356394,3.2214
12000,721.45,0.7161558762,3.22145
12000,721.5,0.7161761013,3.2215
12000,721.55,0.7161963149,3.22155
12000,721.6,0.716216517,3.2216
12000,721.65,0.7162367075,3.22165
12000,721.7,0.7162568864,3.2217
12000,721.75,0.7162770538,3.22175
12000,721.8,0.7162972096,3.2218
12000,721.85,0.7163173539,3.22185
12000,721.9,0.7163374866,3.2219
12000,721.95,0.7163576079,3.22195
12000,722,0.7163777175,3.222
12000,722.05,0.7163978156,3.22205
12000,722.1,0.7164179022,3.2221
12000,722.15,0.7164379773,3.22215
12000,722.2,0.7164580408,3.2222
12000,722.25,0.7164780928,3.22225
12000,722.3,0.7164981332,3.2223
12000,722.35,0.7165181621,3.22235
12000,722.4,0.7165381796,3.2224
12000,722.45,0.7165581854,3.22245
12000,722.5,0.7165781798,3.2225
12000,722.55,0.7165981626,3.22255
12000,722.6,0.716618134,3.2226
12000,722.65,0.7166380938,3.22265
12000,722.7,0.7166580421,3.2227
12000,722.75,0.7166779788,3.22275
12000,722.8,0.7166979041,3.2228
12000,722.85,0.7167178179,3.22285
12000,722.9,0.7167377201,3.2229
12000,722.95,0.7167576109,3.22295
12000,723,0.7167774902,3.223
12000,723.05,0.7167973579,3.22305
12000,723.1,0.7168172142,3.2231
12000,723.15,0.716837059,3.22315
12000,723.2,0.7168568922,3.2232
12000,723.25,0.716876714,3.22325
12000,723.3,0.7168965243,3.2233
12000,723.35,0.7169163232,3.22335
12000,723.4,0.7169361105,3.2234
12000,723.45,0.7169558863,3.22345
12000,723.5,0.7169756507,3.2235
12000,723.55,0.7169954036,3.22355
12000,723.6,0.717015145,3.2236
12000,723.65,0.717034875,3.22365
12000,723.7,0.7170545934,3.2237
12000,723.75,0.7170743004,3.22375
12000,723.8,0.717093996,3.2238
12000,723.85,0.71711368,3.22385
12000,723.9,0.7171333526,3.2239
12000,723.95,0.7171530138,3.22395
12000,724,0.7171726635,3.224
12000,724.05,0.7171923017,3.22405
12000,724.1,0.7172119285,3.2241
12000,724.15,0.7172315438,3.22415
12000,724.2,0.7172511477,3.2242
12000,724.25,0.7172707401,3.22425
12000,724.3,0.7172903211,3.2243
12000,724.35,0.7173098907,3.22435
12000,724.4,0.7173294488,3.2244
12000,724.45,0.7173489954,3.22445
12000,724.5,0.7173685307,3.2245
12000,724.55,0.7173880545,3.22455
12000,724.6,0.7174075668,3.2246
12000,724.65,0.7174270677,3.22465
12000,724.7,0.7174465573,3.2247
12000,724.75,0.7174660353,3.22475
12000,724.8,0.717485502,3.2248
12000,724.85,0.7175049572,3.22485
12000,724.9,0.717524401,3.2249
12000,724.95,0.7175438334,3.22495
12000,725,0.7175632544,3.225
12000,725.05,0.717582664,3.22505
12000,725.1,0.7176020622,3.2251
12000,725.15,0.7176214489,3.22515
12000,725.2,0.7176408243,3.2252
12000,725.25,0.7176601882,3.22525
12000,725.3,0.7176795408,3.2253
12000,725.35,0.7176988819,3.22535
12000,725.4,0.7177182117,3.2254
12000,725.45,0.71773753,3.22545
12000,725.5,0.717756837,3.2255
12000,725.55,0.7177761326,3.22555
12000,725.6,0.7177954168,3.2256
12000,725.65,0.7178146896,3.22565
12000,725.7,0.717833951,3.2257
12000,725.75,0.7178532011,3.22575
12000,725.8,0.7178724397,3.2258
12000,725.85,0.717891667,3.22585
12000,725.9,0.7179108829,3.2259
12000,725.95,0.7179300875,3.22595
12000,726,0.7179492807,3.226
12000,726.05,0.7179684625,3.22605
12000,726.1,0.7179876329,3.2261
12000,726.15,0.718006792,3.22615
12000,726.2,0.7180259398,3.2262
12000,726.25,0.7180450761,3.22625
12000,726.3,0.7180642012,3.2263
12000,726.35,0.7180833148,3.22635
12000,726.4,0.7181024172,3.2264
12000,726.45,0.7181215081,3.22645
12000,726.5,0.7181405878,3.2265
12000,726.55,0.718159656,3.22655
12000,726.6,0.718178713,3.2266
12000,726.65,0.7181977586,3.22665
12000,726.7,0.7182167929,3.2267
12000,726.75,0.7182358158,3.22675
12000,726.8,0.7182548274,3.2268
12000,726.85,0.7182738277,3.22685
12000,726.9,0.7182928167,3.2269
12000,726.95,0.7183117943,3.22695
12000,727,0.7183307606,3.227
12000,727.05,0.7183497156,3.22705
12000,727.1,0.7183686593,3.2271
12000,727.15,0.7183875917,3.22715
12000,727.2,0.7184065127,3.2272
12000,727.25,0.7184254225,3.22725
12000,727.3,0.7184443209,3.2273
12000,727.35,0.718463208,3.22735
12000,727.4,0.7184820839,3.2274
12000,727.45,0.7185009484,3.22745
12000,727.5,0.7185198016,3.2275
12000,727.55,0.7185386436,3.22755
12000,727.6,0.7185574742,3.2276
12000,727.65,0.7185762936,3.22765
12000,727.7,0.7185951017,3.2277
12000,727.75,0.7186138985,3.22775
12000,727.8,0.718632684,3.2278
12000,727.85,0.7186514582,3.22785
12000,727.9,0.7186702212,3.2279
12000,727.95,0.7186889729,3.22795
12000,728,0.7187077133,3.228
12000,728.05,0.7187264424,3.22805
12000,728.1,0.7187451603,3.2281
12000,728.15,0.7187638669,3.22815
12000,728.2,0.7187825623,3.2282
12000,728.25,0.7188012464,3.22825
12000,728.3,0.7188199192,3.2283
12000,728.35,0.7188385808,3.22835
12000,728.4,0.7188572311,3.2284
12000,728.45,0.7188758702,3.22845
12000,728.5,0.718894498,3.2285
12000,728.55,0.7189131146,3.22855
12000,728.6,0.71893172,3.2286
12000,728.65,0.7189503141,3.22865
12000,728.7,0.718968897,3.2287
12000,728.75,0.7189874686,3.22875
12000,728.8,0.719006029,3.2288
12000,728.85,0.7190245782,3.22885
12000,728.9,0.7190431162,3.2289
12000,728.95,0.7190616429,3.22895
12000,729,0.7190801584,3.229
12000,729.05,0.7190986627,3.22905
12000,729.1,0.7191171558,3.2291
12000,729.15,0.7191356377,3.22915
12000,729.2,0.7191541083,3.2292
12000,729.25,0.7191725678,3.22925
12000,729.3,0.719191016,3.2293
12000,729.35,0.7192094531,3.22935
12000,729.4,0.7192278789,3.2294
12000,729.45,0.7192462935,3.22945
12000,729.5,0.719264697,3.2295
12000,729.55,0.7192830893,3.22955
12000,729.6,0.7193014703,3.2296
12000,729.65,0.7193198402,3.22965
12000,729.7,0.7193381989,3.2297
12000,729.75,0.7193565464,3.22975
12000,729.8,0.7193748828,3.2298
12000,729.85,0.7193932079,3.22985
12000,729.9,0.7194115219,3.2299
12000,729.95,0.7194298247,3.22995
12000,730,0.7194481164,3.23
12000,730.05,0.7194663968,3.23005
12000,730.1,0.7194846662,3.2301
12000,730.15,0.7195029243,3.23015
12000,730.2,0.7195211713,3.2302
12000,730.25,0.7195394072,3.23025
12000,730.3,0.7195576319,3.2303
12000,730.35,0.7195758454,3.23035
12000,730.4,0.7195940478,3.2304
12000,730.45,0.7196122391,3.23045
12000,730.5,0.7196304192,3.2305
12000,730.55,0.7196485881,3.23055
12000,730.6,0.719666746,3.2306
12000,730.65,0.7196848927,3.23065
12000,730.7,0.7197030283,3.2307
12000,730.75,0.7197211527,3.23075
12000,730.8,0.719739266,3.2308
12000,730.85,0.7197573682,3.23085
12000,730.9,0.7197754593,3.2309
12000,730.95,0.7197935393,3.23095
12000,731,0.7198116081,3.231
12000,731.05,0.7198296658,3.23105
12000,731.1,0.7198477125,3.2311
12000,731.15,0.719865748,3.23115
12000,731.2,0.7198837724,3.2312
12000,731.25,0.7199017857,3.23125
12000,731.3,0.7199197879,3.2313
12000,731.35,0.7199377791,3.23135
12000,731.4,0.7199557591,3.2314
12000,731.45,0.719973728,3.23145
12000,731.5,0.7199916859,3.2315
12000,731.55,0.7200096326,3.23155
12000,731.6,0.7200275683,3.2316
12000,731.65,0.7200454929,3.23165
12000,731.7,0.7200634065,3.2317
12000,731.75,0.7200813089,3.23175
12000,731.8,0.7200992003,3.2318
12000,731.85,0.7201170806,3.23185
12000,731.9,0.7201349499,3.2319
12000,731.95,0.7201528081,3.23195
12000,732,0.7201706552,3.232
12000,732.05,0.7201884913,3.23205
12000,732.1,0.7202063164,3.2321
12000,732.15,0.7202241303,3.23215
12000,732.2,0.7202419333,3.2322
12000,732.25,0.7202597251,3.23225
12000,732.3,0.720277506,3.2323
12000,732.35,0.7202952758,3.23235
12000,732.4,0.7203130346,3.2324
12000,732.45,0.7203307823,3.23245
12000,732.5,0.720348519,3.2325
12000,732.55,0.7203662447,3.23255
12000,732.6,0.7203839593,3.2326
12000,732.65,0.720401663,3.23265
12000,732.7,0.7204193556,3.2327
12000,732.75,0.7204370372,3.23275
12000,732.8,0.7204547077,3.2328
12000,732.85,0.7204723673,3.23285
12000,732.9,0.7204900159,3.2329
12000,732.95,0.7205076534,3.23295
12000,733,0.72052528,3.233
12000,733.05,0.7205428955,3.23305
12000,733.1,0.7205605001,3.2331
12000,733.15,0.7205780937,3.23315
12000,733.2,0.7205956762,3.2332
12000,733.25,0.7206132478,3.23325
12000,733.3,0.7206308084,3.2333
12000,733.35,0.720648358,3.23335
12000,733.4,0.7206658967,3.2334
12000,733.45,0.7206834243,3.23345
12000,733.5,0.720700941,3.2335
12000,733.55,0.7207184468,3.23355
12000,733.6,0.7207359415,3.2336
12000,733.65,0.7207534253,3.23365
12000,733.7,0.7207708981,3.2337
12000,733.75,0.72078836,3.23375
12000,733.8,0.7208058109,3.2338
12000,733.85,0.7208232509,3.23385
12000,733.9,0.7208406799,3.2339
12000,733.95,0.720858098,3.23395
12000,734,0.7208755051,3.234
12000,734.05,0.7208929013,3.23405
12000,734.1,0.7209102865,3.2341
12000,734.15,0.7209276608,3.23415
12000,734.2,0.7209450242,3.2342
12000,734.25,0.7209623766,3.23425
12000,734.3,0.7209797182,3.2343
12000,734.35,0.7209970487,3.23435
12000,734.4,0.7210143684,3.2344
12000,734.45,0.7210316772,3.23445
12000,734.5,0.721048975,3.2345
12000,734.55,0.721066262,3.23455
12000,734.6,0.721083538,3.2346
12000,734.65,0.7211008031,3.23465
12000,734.7,0.7211180573,3.2347
12000,734.75,0.7211353007,3.23475
12000,734.8,0.7211525331,3.2348
12000,734.85,0.7211697546,3.23485
12000,734.9,0.7211869653,3.2349
12000,734.95,0.721204165,3.23495
12000,735,0.7212213539,3.235
12000,735.05,0.7212385319,3.23505
12000,735.1,0.721255699,3.2351
12000,735.15,0.7212728552,3.23515
12000,735.2,0.7212900006,3.2352
12000,735.25,0.7213071351,3.23525
12000,735.3,0.7213242587,3.2353
12000,735.35,0.7213413715,3.23535
12000,735.4,0.7213584734,3.2354
12000,735.45,0.7213755644,3.23545
12000,735.5,0.7213926446,3.2355
12000,735.55,0.721409714,3.23555
12000,735.6,0.7214267725,3.2356
12000,735.65,0.7214438201,3.23565
12000,735.7,0.7214608569,3.2357
12000,735.75,0.7214778829,3.23575
12000,735.8,0.721494898,3.2358
12000,735.85,0.7215119023,3.23585
12000,735.9,0.7215288958,3.2359
12000,735.95,0.7215458785,3.23595
12000,736,0.7215628503,3.236
12000,736.05,0.7215798113,3.23605
12000,736.1,0.7215967615,3.2361
12000,736.15,0.7216137008,3.23615
12000,736.2,0.7216306294,3.2362
12000,736.25,0.7216475472,3.23625
12000,736.3,0.7216644541,3.2363
12000,736.35,0.7216813503,3.23635
12000,736.4,0.7216982356,3.2364
12000,736.45,0.7217151102,3.23645
12000,736.5,0.7217319739,3.2365
12000,736.55,0.7217488269,3.23655
12000,736.6,0.7217656691,3.2366
12000,736.65,0.7217825005,3.23665
12000,736.7,0.7217993211,3.2367
12000,736.75,0.721816131,3.23675
12000,736.8,0.7218329301,3.2368
12000,736.85,0.7218497184,3.23685
12000,736.9,0.7218664959,3.2369
12000,736.95,0.7218832627,3.23695
12000,737,0.7219000187,3.237
12000,737.05,0.7219167639,3.23705
12000,737.1,0.7219334984,3.2371
12000,737.15,0.7219502222,3.23715
12000,737.2,0.7219669352,3.2372
12000,737.25,0.7219836374,3.23725
12000,737.3,0.722000329,3.2373
12000,737.35,0.7220170097,3.23735
12000,737.4,0.7220336798,3.2374
12000,737.45,0.7220503391,3.23745
12000,737.5,0.7220669877,3.2375
12000,737.55,0.7220836255,3.23755
12000,737.6,0.7221002526,3.2376
12000,737.65,0.722116869,3.23765
12000,737.7,0.7221334747,3.2377
12000,737.75,0.7221500697,3.23775
12000,737.8,0.722166654,3.2378
12000,737.85,0.7221832276,3.23785
12000,737.9,0.7221997904,3.2379
12000,737.95,0.7222163426,3.23795
12000,738,0.722232884,3.238
12000,738.05,0.7222494148,3.23805
12000,738.1,0.7222659349,3.2381
12000,738.15,0.7222824443,3.23815
12000,738.2,0.722298943,3.2382
12000,738.25,0.722315431,3.23825
12000,738.3,0.7223319083,3.2383
12000,738.35,0.722348375,3.23835
12000,738.4,0.722364831,3.2384
12000,738.45,0.7223812763,3.23845
12000,738.5,0.722397711,3.2385
12000,738.55,0.722414135,3.23855
12000,738.6,0.7224305483,3.2386
12000,738.65,0.722446951,3.23865
12000,738.7,0.722463343,3.2387
12000,738.75,0.7224797244,3.23875
12000,738.8,0.7224960952,3.2388
12000,738.85,0.7225124553,3.23885
12000,738.9,0.7225288047,3.2389
12000,738.95,0.7225451436,3.23895
12000,739,0.7225614717,3.239
12000,739.05,0.7225777893,3.23905
12000,739.1,0.7225940962,3.2391
12000,739.15,0.7226103926,3.23915
12000,739.2,0.7226266782,3.2392
12000,739.25,0.7226429533,3.23925
12000,739.3,0.7226592178,3.2393
12000,739.35,0.7226754716,3.23935
12000,739.4,0.7226917149,3.2394
12000,739.45,0.7227079475,3.23945
12000,739.5,0.7227241696,3.2395
12000,739.55,0.722740381,3.23955
12000,739.6,0.7227565819,3.2396
12000,739.65,0.7227727721,3.23965
12000,739.7,0.7227889518,3.2397
12000,739.75,0.7228051209,3.23975
12000,739.8,0.7228212794,3.2398
12000,739.85,0.7228374274,3.23985
12000,739.9,0.7228535647,3.2399
12000,739.95,0.7228696915,3.23995
12000,740,0.7228858078,3.24
12000,740.05,0.7229019134,3.24005
12000,740.1,0.7229180085,3.2401
12000,740.15,0.7229340931,3.24015
12000,740.2,0.7229501671,3.2402
12000,740.25,0.7229662305,3.24025
12000,740.3,0.7229822834,3.2403
12000,740.35,0.7229983258,3.24035
12000,740.4,0.7230143576,3.2404
12000,740.45,0.7230303789,3.24045
12000,740.5,0.7230463896,3.2405
12000,740.55,0.7230623898,3.24055
12000,740.6,0.7230783795,3.2406
12000,740.65,0.7230943587,3.24065
12000,740.7,0.7231103273,3.2407
12000,740.75,0.7231262854,3.24075
12000,740.8,0.723142233,3.2408
12000,740.85,0.7231581702,3.24085
12000,740.9,0.7231740967,3.2409
12000,740.95,0.7231900128,3.24095
12000,741,0.7232059184,3.241
12000,741.05,0.7232218135,3.24105
12000,741.1,0.7232376981,3.2411
12000,741.15,0.7232535723,3.24115
12000,741.2,0.7232694359,3.2412
12000,741.25,0.723285289,3.24125
12000,741.3,0.7233011317,3.2413
12000,741.35,0.7233169639,3.24135
12000,741.4,0.7233327856,3.2414
12000,741.45,0.7233485969,3.24145
12000,741.5,0.7233643977,3.2415
12000,741.55,0.723380188,3.24155
12000,741.6,0.7233959678,3.2416
12000,741.65,0.7234117372,3.24165
12000,741.7,0.7234274962,3.2417
12000,741.75,0.7234432447,3.24175
12000,741.8,0.7234589828,3.2418
12000,741.85,0.7234747104,3.24185
12000,741.9,0.7234904276,3.2419
12000,741.95,0.7235061343,3.24195
12000,742,0.7235218306,3.242
12000,742.05,0.7235375165,3.24205
12000,742.1,0.723553192,3.2421
12000,742.15,0.723568857,3.24215
12000,742.2,0.7235845116,3.2422
12000,742.25,0.7236001559,3.24225
12000,742.3,0.7236157897,3.2423
12000,742.35,0.723631413,3.24235
12000,742.4,0.723647026,3.2424
12000,742.45,0.7236626286,3.24245
12000,742.5,0.7236782208,3.2425
12000,742.55,0.7236938026,3.24255
12000,742.6,0.723709374,3.2426
12000,742.65,0.723724935,3.24265
12000,742.7,0.7237404857,3.2427
12000,742.75,0.7237560259,3.24275
12000,742.8,0.7237715558,3.2428
12000,742.85,0.7237870753,3.24285
12000,742.9,0.7238025844,3.2429
12000,742.95,0.7238180832,3.24295
12000,743,0.7238335716,3.243
12000,743.05,0.7238490497,3.24305
12000,743.1,0.7238645174,3.2431
12000,743.15,0.7238799747,3.24315
12000,743.2,0.7238954217,3.2432
12000,743.25,0.7239108583,3.24325
12000,743.3,0.7239262846,3.2433
12000,743.35,0.7239417006,3.24335
12000,743.4,0.7239571063,3.2434
12000,743.45,0.7239725016,3.24345
12000,743.5,0.7239878865,3.2435
12000,743.55,0.7240032612,3.24355
12000,743.6,0.7240186255,3.2436
12000,743.65,0.7240339795,3.24365
12000,743.7,0.7240493232,3.2437
12000,743.75,0.7240646566,3.24375
12000,743.8,0.7240799797,3.2438
12000,743.85,0.7240952925,3.24385
12000,743.9,0.724110595,3.2439
12000,743.95,0.7241258872,3.24395
12000,744,0.7241411691,3.244
12000,744.05,0.7241564407,3.24405
12000,744.1,0.724171702,3.2441
12000,744.15,0.724186953,3.24415
12000,744.2,0.7242021938,3.2442
12000,744.25,0.7242174243,3.24425
12000,744.3,0.7242326445,3.2443
12000,744.35,0.7242478545,3.24435
12000,744.4,0.7242630542,3.2444
12000,744.45,0.7242782436,3.24445
12000,744.5,0.7242934228,3.2445
12000,744.55,0.7243085917,3.24455
12000,744.6,0.7243237503,3.2446
12000,744.65,0.7243388988,3.24465
12000,744.7,0.7243540369,3.2447
12000,744.75,0.7243691649,3.24475
12000,744.8,0.7243842826,3.2448
12000,744.85,0.7243993901,3.24485
12000,744.9,0.7244144873,3.2449
12000,744.95,0.7244295743,3.24495
12000,745,0.7244446511,3.245
12000,745.05,0.7244597177,3.24505
12000,745.1,0.7244747741,3.2451
12000,745.15,0.7244898202,3.24515
12000,745.2,0.7245048562,3.2452
12000,745.25,0.7245198819,3.24525
12000,745.3,0.7245348975,3.2453
12000,745.35,0.7245499028,3.24535
12000,745.4,0.724564898,3.2454
12000,745.45,0.724579883,3.24545
12000,745.5,0.7245948578,3.2455
12000,745.55,0.7246098224,3.24555
12000,745.6,0.7246247768,3.2456
12000,745.65,0.724639721,3.24565
12000,745.7,0.7246546551,3.2457
12000,745.75,0.724669579,3.24575
12000,745.8,0.7246844928,3.2458
12000,745.85,0.7246993964,3.24585
12000,745.9,0.7247142898,3.2459
12000,745.95,0.7247291731,3.24595
12000,746,0.7247440462,3.246
12000,746.05,0.7247589092,3.24605
12000,746.1,0.7247737621,3.2461
12000,746.15,0.7247886048,3.24615
12000,746.2,0.7248034374,3.2462
12000,746.25,0.7248182598,3.24625
12000,746.3,0.7248330721,3.2463
12000,746.35,0.7248478743,3.24635
12000,746.4,0.7248626664,3.2464
12000,746.45,0.7248774484,3.24645
12000,746.5,0.7248922202,3.2465
12000,746.55,0.724906982,3.24655
12000,746.6,0.7249217336,3.2466
12000,746.65,0.7249364751,3.24665
12000,746.7,0.7249512066,3.2467
12000,746.75,0.7249659279,3.24675
12000,746.8,0.7249806392,3.2468
12000,746.85,0.7249953403,3.24685
12000,746.9,0.7250100314,3.2469
12000,746.95,0.7250247124,3.24695
12000,747,0.7250393833,3.247
12000,747.05,0.7250540442,3.24705
12000,747.1,0.725068695,3.2471
12000,747.15,0.7250833357,3.24715
12000,747.2,0.7250979663,3.2472
12000,747.25,0.7251125869,3.24725
12000,747.3,0.7251271975,3.2473
12000,747.35,0.725141798,3.24735
12000,747.4,0.7251563884,3.2474
12000,747.45,0.7251709689,3.24745
12000,747.5,0.7251855392,3.2475
12000,747.55,0.7252000996,3.24755
12000,747.6,0.7252146499,3.2476
12000,747.65,0.7252291901,3.24765
12000,747.7,0.7252437204,3.2477
12000,747.75,0.7252582406,3.24775
12000,747.8,0.7252727508,3.2478
12000,747.85,0.725287251,3.24785
12000,747.9,0.7253017412,3.2479
12000,747.95,0.7253162214,3.24795
12000,748,0.7253306916,3.248
12000,748.05,0.7253451518,3.24805
12000,748.1,0.725359602,3.2481
12000,748.15,0.7253740422,3.24815
12000,748.2,0.7253884724,3.2482
12000,748.25,0.7254028926,3.24825
12000,748.3,0.7254173029,3.2483
12000,748.35,0.7254317032,3.24835
12000,748.4,0.7254460935,3.2484
12000,748.45,0.7254604738,3.24845
12000,748.5,0.7254748442,3.2485
12000,748.55,0.7254892046,3.24855
12000,748.6,0.725503555,3.2486
12000,748.65,0.7255178955,3.24865
12000,748.7,0.7255322261,3.2487
12000,748.75,0.7255465467,3.24875
12000,748.8,0.7255608573,3.2488
12000,748.85,0.7255751581,3.24885
12000,748.9,0.7255894488,3.2489
12000,748.95,0.7256037297,3.24895
12000,749,0.7256180006,3.249
12000,749.05,0.7256322616,3.24905
12000,749.1,0.7256465127,3.2491
12000,749.15,0.7256607539,3.24915
12000,749.2,0.7256749852,3.2492
12000,749.25,0.7256892065,3.24925
12000,749.3,0.725703418,3.2493
12000,749.35,0.7257176195,3.24935
12000,749.4,0.7257318112,3.2494
12000,749.45,0.7257459929,3.24945
12000,749.5,0.7257601648,3.2495
12000,749.55,0.7257743268,3.24955
12000,749.6,0.7257884789,3.2496
12000,749.65,0.7258026211,3.24965
12000,749.7,0.7258167534,3.2497
12000,749.75,0.7258308759,3.24975
12000,749.8,0.7258449885,3.2498
12000,749.85,0.7258590913,3.24985
12000,749.9,0.7258731841,3.2499
12000,749.95,0.7258872672,3.24995
12000,750,0.7259013404,3.25
12000,750.05,0.7259154037,3.25005
12000,750.1,0.7259294572,3.2501
12000,750.15,0.7259435008,3.25015
12000,750.2,0.7259575346,3.2502
12000,750.25,0.7259715586,3.25025
12000,750.3,0.7259855728,3.2503
12000,750.35,0.7259995771,3.25035
12000,750.4,0.7260135716,3.2504
12000,750.45,0.7260275563,3.25045
12000,750.5,0.7260415312,3.2505
12000,750.55,0.7260554962,3.25055
12000,750.6,0.7260694515,3.2506
12000,750.65,0.7260833969,3.25065
12000,750.7,0.7260973326,3.2507
12000,750.75,0.7261112585,3.25075
12000,750.8,0.7261251745,3.2508
12000,750.85,0.7261390808,3.25085
12000,750.9,0.7261529773,3.2509
12000,750.95,0.726166864,3.25095
12000,751,0.726180741,3.251
12000,751.05,0.7261946082,3.25105
12000,751.1,0.7262084656,3.2511
12000,751.15,0.7262223132,3.25115
12000,751.2,0.7262361511,3.2512
12000,751.25,0.7262499792,3.25125
12000,751.3,0.7262637976,3.2513
12000,751.35,0.7262776062,3.25135
12000,751.4,0.7262914051,3.2514
12000,751.45,0.7263051943,3.25145
12000,751.5,0.7263189737,3.2515
12000,751.55,0.7263327434,3.25155
12000,751.6,0.7263465033,3.2516
12000,751.65,0.7263602535,3.25165
12000,751.7,0.726373994,3.2517
12000,751.75,0.7263877248,3.25175
12000,751.8,0.7264014459,3.2518
12000,751.85,0.7264151572,3.25185
12000,751.9,0.7264288589,3.2519
12000,751.95,0.7264425508,3.25195
12000,752,0.7264562331,3.252
12000,752.05,0.7264699056,3.25205
12000,752.1,0.7264835685,3.2521
12000,752.15,0.7264972217,3.25215
12000,752.2,0.7265108652,3.2522
12000,752.25,0.726524499,3.25225
12000,752.3,0.7265381231,3.2523
12000,752.35,0.7265517376,3.25235
12000,752.4,0.7265653424,3.2524
12000,752.45,0.7265789375,3.25245
12000,752.5,0.726592523,3.2525
12000,752.55,0.7266060989,3.25255
12000,752.6,0.726619665,3.2526
12000,752.65,0.7266332216,3.25265
12000,752.7,0.7266467684,3.2527
12000,752.75,0.7266603057,3.25275
12000,752.8,0.7266738333,3.2528
12000,752.85,0.7266873513,3.25285
12000,752.9,0.7267008596,3.2529
12000,752.95,0.7267143583,3.25295
12000,753,0.7267278474,3.253
12000,753.05,0.7267413269,3.25305
12000,753.1,0.7267547968,3.2531
12000,753.15,0.726768257,3.25315
12000,753.2,0.7267817077,3.2532
12000,753.25,0.7267951488,3.25325
12000,753.3,0.7268085802,3.2533
12000,753.35,0.7268220021,3.25335
12000,753.4,0.7268354144,3.2534
12000,753.45,0.7268488171,3.25345
12000,753.5,0.7268622102,3.2535
12000,753.55,0.7268755937,3.25355
12000,753.6,0.7268889677,3.2536
12000,753.65,0.7269023321,3.25365
12000,753.7,0.7269156869,3.2537
12000,753.75,0.7269290321,3.25375
12000,753.8,0.7269423678,3.2538
12000,753.85,0.726955694,3.25385
12000,753.9,0.7269690106,3.2539
12000,753.95,0.7269823176,3.25395
12000,754,0.7269956152,3.254
12000,754.05,0.7270089031,3.25405
12000,754.1,0.7270221816,3.2541
12000,754.15,0.7270354505,3.25415
12000,754.2,0.7270487099,3.2542
12000,754.25,0.7270619597,3.25425
12000,754.3,0.7270752001,3.2543
12000,754.35,0.7270884309,3.25435
12000,754.4,0.7271016522,3.2544
12000,754.45,0.727114864,3.25445
12000,754.5,0.7271280663,3.2545
12000,754.55,0.7271412591,3.25455
12000,754.6,0.7271544425,3.2546
12000,754.65,0.7271676163,3.25465
12000,754.7,0.7271807806,3.2547
12000,754.75,0.7271939355,3.25475
12000,754.8,0.7272070808,3.2548
12000,754.85,0.7272202167,3.25485
12000,754.9,0.7272333432,3.2549
12000,754.95,0.7272464601,3.25495
12000,755,0.7272595676,3.255
12000,755.05,0.7272726657,3.25505
12000,755.1,0.7272857543,3.2551
12000,755.15,0.7272988334,3.25515
12000,755.2,0.7273119031,3.2552
12000,755.25,0.7273249633,3.25525
12000,755.3,0.7273380141,3.2553
12000,755.35,0.7273510555,3.25535
12000,755.4,0.7273640874,3.2554
12000,755.45,0.7273771099,3.25545
12000,755.5,0.727390123,3.2555
12000,755.55,0.7274031267,3.25555
12000,755.6,0.7274161209,3.2556
12000,755.65,0.7274291058,3.25565
12000,755.7,0.7274420812,3.2557
12000,755.75,0.7274550472,3.25575
12000,755.8,0.7274680039,3.2558
12000,755.85,0.7274809511,3.25585
12000,755.9,0.7274938889,3.2559
12000,755.95,0.7275068174,3.25595
12000,756,0.7275197365,3.256
12000,756.05,0.7275326461,3.25605
12000,756.1,0.7275455465,3.2561
12000,756.15,0.7275584374,3.25615
12000,756.2,0.727571319,3.2562
12000,756.25,0.7275841912,3.25625
12000,756.3,0.727597054,3.2563
12000,756.35,0.7276099075,3.25635
12000,756.4,0.7276227517,3.2564
12000,756.45,0.7276355865,3.25645
12000,756.5,0.7276484119,3.2565
12000,756.55,0.7276612281,3.25655
12000,756.6,0.7276740348,3.2566
12000,756.65,0.7276868323,3.25665
12000,756.7,0.7276996204,3.2567
12000,756.75,0.7277123992,3.25675
12000,756.8,0.7277251687,3.2568
12000,756.85,0.7277379288,3.25685
12000,756.9,0.7277506797,3.2569
12000,756.95,0.7277634212,3.25695
12000,757,0.7277761535,3.257
12000,757.05,0.7277888764,3.25705
12000,757.1,0.7278015901,3.2571
12000,757.15,0.7278142944,3.25715
12000,757.2,0.7278269895,3.2572
12000,757.25,0.7278396753,3.25725
12000,757.3,0.7278523518,3.2573
12000,757.35,0.727865019,3.25735
12000,757.4,0.727877677,3.2574
12000,757.45,0.7278903257,3.25745
12000,757.5,0.7279029651,3.2575
12000,757.55,0.7279155952,3.25755
12000,757.6,0.7279282162,3.2576
12000,757.65,0.7279408278,3.25765
12000,757.7,0.7279534302,3.2577
12000,757.75,0.7279660234,3.25775
12000,757.8,0.7279786073,3.2578
12000,757.85,0.727991182,3.25785
12000,757.9,0.7280037475,3.2579
12000,757.95,0.7280163037,3.25795
12000,758,0.7280288508,3.258
12000,758.05,0.7280413886,3.25805
12000,758.1,0.7280539172,3.2581
12000,758.15,0.7280664365,3.25815
12000,758.2,0.7280789467,3.2582
12000,758.25,0.7280914477,3.25825
12000,758.3,0.7281039394,3.2583
12000,758.35,0.728116422,3.25835
12000,758.4,0.7281288954,3.2584
12000,758.45,0.7281413596,3.25845
12000,758.5,0.7281538146,3.2585
12000,758.55,0.7281662604,3.25855
12000,758.6,0.7281786971,3.2586
12000,758.65,0.7281911246,3.25865
12000,758.7,0.7282035429,3.2587
12000,758.75,0.7282159521,3.25875
12000,758.8,0.7282283521,3.2588
12000,758.85,0.7282407429,3.25885
12000,758.9,0.7282531246,3.2589
12000,758.95,0.7282654972,3.25895
12000,759,0.7282778606,3.259
12000,759.05,0.7282902149,3.25905
12000,759.1,0.72830256,3.2591
12000,759.15,0.728314896,3.25915
12000,759.2,0.7283272229,3.2592
12000,759.25,0.7283395407,3.25925
12000,759.3,0.7283518493,3.2593
12000,759.35,0.7283641489,3.25935
12000,759.4,0.7283764393,3.2594
12000,759.45,0.7283887206,3.25945
12000,759.5,0.7284009929,3.2595
12000,759.55,0.728413256,3.25955
12000,759.6,0.72842551,3.2596
12000,759.65,0.728437755,3.25965
12000,759.7,0.7284499908,3.2597
12000,759.75,0.7284622176,3.25975
12000,759.8,0.7284744353,3.2598
12000,759.85,0.7284866439,3.25985
12000,759.9,0.7284988435,3.2599
12000,759.95,0.728511034,3.25995
12000,760,0.7285232154,3.26
12000,760.05,0.7285353878,3.26005
12000,760.1,0.7285475511,3.2601
12000,760.15,0.7285597054,3.26015
12000,760.2,0.7285718507,3.2602
12000,760.25,0.7285839869,3.26025
12000,760.3,0.728596114,3.2603
12000,760.35,0.7286082322,3.26035
12000,760.4,0.7286203413,3.2604
12000,760.45,0.7286324414,3.26045
12000,760.5,0.7286445324,3.2605
12000,760.55,0.7286566145,3.26055
12000,760.6,0.7286686875,3.2606
12000,760.65,0.7286807516,3.26065
12000,760.7,0.7286928066,3.2607
12000,760.75,0.7287048526,3.26075
12000,760.8,0.7287168896,3.2608
12000,760.85,0.7287289177,3.26085
12000,760.9,0.7287409368,3.2609
12000,760.95,0.7287529468,3.26095
12000,761,0.7287649479,3.261
12000,761.05,0.7287769401,3.26105
12000,761.1,0.7287889232,3.2611
12000,761.15,0.7288008974,3.26115
12000,761.2,0.7288128626,3.2612
12000,761.25,0.7288248189,3.26125
12000,761.3,0.7288367662,3.2613
12000,761.35,0.7288487046,3.26135
12000,761.4,0.728860634,3.2614
12000,761.45,0.7288725545,3.26145
12000,761.5,0.7288844661,3.2615
12000,761.55,0.7288963687,3.26155
12000,761.6,0.7289082624,3.2616
12000,761.65,0.7289201471,3.26165
12000,761.7,0.728932023,3.2617
12000,761.75,0.7289438899,3.26175
12000,761.8,0.7289557479,3.2618
12000,761.85,0.728967597,3.26185
12000,761.9,0.7289794372,3.2619
12000,761.95,0.7289912685,3.26195
12000,762,0.7290030909,3.262
12000,762.05,0.7290149044,3.26205
12000,762.1,0.7290267091,3.2621
12000,762.15,0.7290385048,3.26215
12000,762.2,0.7290502917,3.2622
12000,762.25,0.7290620697,3.26225
12000,762.3,0.7290738388,3.2623
12000,762.35,0.729085599,3.26235
12000,762.4,0.7290973504,3.2624
12000,762.45,0.729109093,3.26245
12000,762.5,0.7291208267,3.2625
12000,762.55,0.7291325515,3.26255
12000,762.6,0.7291442675,3.2626
12000,762.65,0.7291559746,3.26265
12000,762.7,0.7291676729,3.2627
12000,762.75,0.7291793624,3.26275
12000,762.8,0.729191043,3.2628
12000,762.85,0.7292027148,3.26285
12000,762.9,0.7292143778,3.2629
12000,762.95,0.729226032,3.26295
12000,763,0.7292376774,3.263
12000,763.05,0.7292493139,3.26305
12000,763.1,0.7292609417,3.2631
12000,763.15,0.7292725606,3.26315
12000,763.2,0.7292841708,3.2632
12000,763.25,0.7292957722,3.26325
12000,763.3,0.7293073647,3.2633
12000,763.35,0.7293189485,3.26335
12000,763.4,0.7293305236,3.2634
12000,763.45,0.7293420898,3.26345
12000,763.5,0.7293536473,3.2635
12000,763.55,0.729365196,3.26355
12000,763.6,0.7293767359,3.2636
12000,763.65,0.7293882671,3.26365
12000,763.7,0.7293997895,3.2637
12000,763.75,0.7294113032,3.26375
12000,763.8,0.7294228081,3.2638
12000,763.85,0.7294343043,3.26385
12000,763.9,0.7294457917,3.2639
12000,763.95,0.7294572704,3.26395
12000,764,0.7294687404,3.264
12000,764.05,0.7294802017,3.26405
12000,764.1,0.7294916542,3.2641
12000,764.15,0.729503098,3.26415
12000,764.2,0.7295145332,3.2642
12000,764.25,0.7295259596,3.26425
12000,764.3,0.7295373772,3.2643
12000,764.35,0.7295487862,3.26435
12000,764.4,0.7295601865,3.2644
12000,764.45,0.7295715781,3.26445
12000,764.5,0.7295829611,3.2645
12000,764.55,0.7295943353,3.26455
12000,764.6,0.7296057008,3.2646
12000,764.65,0.7296170577,3.26465
12000,764.7,0.7296284059,3.2647
12000,764.75,0.7296397455,3.26475
12000,764.8,0.7296510764,3.2648
12000,764.85,0.7296623986,3.26485
12000,764.9,0.7296737121,3.2649
12000,764.95,0.7296850171,3.26495
12000,765,0.7296963133,3.265
12000,765.05,0.7297076009,3.26505
12000,765.1,0.7297188799,3.2651
12000,765.15,0.7297301503,3.26515
12000,765.2,0.729741412,3.2652
12000,765.25,0.7297526651,3.26525
12000,765.3,0.7297639096,3.2653
12000,765.35,0.7297751455,3.26535
12000,765.4,0.7297863727,3.2654
12000,765.45,0.7297975914,3.26545
12000,765.5,0.7298088014,3.2655
12000,765.55,0.7298200028,3.26555
12000,765.6,0.7298311957,3.2656
12000,765.65,0.7298423799,3.26565
12000,765.7,0.7298535556,3.2657
12000,765.75,0.7298647227,3.26575
12000,765.8,0.7298758812,3.2658
12000,765.85,0.7298870311,3.26585
12000,765.9,0.7298981724,3.2659
12000,765.95,0.7299093052,3.26595
12000,766,0.7299204294,3.266
12000,766.05,0.7299315451,3.26605
12000,766.1,0.7299426522,3.2661
12000,766.15,0.7299537508,3.26615
12000,766.2,0.7299648408,3.2662
12000,766.25,0.7299759223,3.26625
12000,766.3,0.7299869952,3.2663
12000,766.35,0.7299980596,3.26635
12000,766.4,0.7300091155,3.2664
12000,766.45,0.7300201628,3.26645
12000,766.5,0.7300312017,3.2665
12000,766.55,0.730042232,3.26655
12000,766.6,0.7300532538,3.2666
12000,766.65,0.7300642671,3.26665
12000,766.7,0.7300752719,3.2667
12000,766.75,0.7300862682,3.26675
12000,766.8,0.730097256,3.2668
12000,766.85,0.7301082353,3.26685
12000,766.9,0.7301192061,3.2669
12000,766.95,0.7301301684,3.26695
12000,767,0.7301411223,3.267
12000,767.05,0.7301520677,3.26705
12000,767.1,0.7301630046,3.2671
12000,767.15,0.730173933,3.26715
12000,767.2,0.730184853,3.2672
12000,767.25,0.7301957645,3.26725
12000,767.3,0.7302066676,3.2673
12000,767.35,0.7302175622,3.26735
12000,767.4,0.7302284484,3.2674
12000,767.45,0.7302393261,3.26745
12000,767.5,0.7302501954,3.2675
12000,767.55,0.7302610563,3.26755
12000,767.6,0.7302719088,3.2676
12000,767.65,0.7302827528,3.26765
12000,767.7,0.7302935884,3.2677
12000,767.75,0.7303044156,3.26775
12000,767.8,0.7303152343,3.2678
12000,767.85,0.7303260447,3.26785
12000,767.9,0.7303368467,3.2679
12000,767.95,0.7303476402,3.26795
12000,768,0.7303584254,3.268
12000,768.05,0.7303692022,3.26805
12000,768.1,0.7303799706,3.2681
12000,768.15,0.7303907306,3.26815
12000,768.2,0.7304014822,3.2682
12000,768.25,0.7304122255,3.26825
12000,768.3,0.7304229604,3.2683
12000,768.35,0.7304336869,3.26835
12000,768.4,0.7304444051,3.2684
12000,768.45,0.7304551149,3.26845
12000,768.5,0.7304658163,3.2685
12000,768.55,0.7304765094,3.26855
12000,768.6,0.7304871942,3.2686
12000,768.65,0.7304978706,3.26865
12000,768.7,0.7305085387,3.2687
12000,768.75,0.7305191985,3.26875
12000,768.8,0.7305298499,3.2688
12000,768.85,0.730540493,3.26885
12000,768.9,0.7305511278,3.2689
12000,768.95,0.7305617543,3.26895
12000,769,0.7305723725,3.269
12000,769.05,0.7305829823,3.26905
12000,769.1,0.7305935839,3.2691
12000,769.15,0.7306041772,3.26915
12000,769.2,0.7306147621,3.2692
12000,769.25,0.7306253388,3.26925
12000,769.3,0.7306359072,3.2693
12000,769.35,0.7306464673,3.26935
12000,769.4,0.7306570192,3.2694
12000,769.45,0.7306675627,3.26945
12000,769.5,0.730678098,3.2695
12000,769.55,0.7306886251,3.26955
12000,769.6,0.7306991439,3.2696
12000,769.65,0.7307096544,3.26965
12000,769.7,0.7307201567,3.2697
12000,769.75,0.7307306507,3.26975
12000,769.8,0.7307411365,3.2698
12000,769.85,0.730751614,3.26985
12000,769.9,0.7307620833,3.2699
12000,769.95,0.7307725444,3.26995
12000,770,0.7307829973,3.27
12000,770.05,0.7307934419,3.27005
12000,770.1,0.7308038783,3.2701
12000,770.15,0.7308143065,3.27015
12000,770.2,0.7308247265,3.2702
12000,770.25,0.7308351383,3.27025
12000,770.3,0.7308455419,3.2703
12000,770.35,0.7308559373,3.27035
12000,770.4,0.7308663245,3.2704
12000,770.45,0.7308767035,3.27045
12000,770.5,0.7308870744,3.2705
12000,770.55,0.730897437,3.27055
12000,770.6,0.7309077915,3.2706
12000,770.65,0.7309181378,3.27065
12000,770.7,0.730928476,3.2707
12000,770.75,0.7309388059,3.27075
12000,770.8,0.7309491278,3.2708
12000,770.85,0.7309594414,3.27085
12000,770.9,0.730969747,3.2709
12000,770.95,0.7309800443,3.27095
12000,771,0.7309903336,3.271
12000,771.05,0.7310006147,3.27105
12000,771.1,0.7310108876,3.2711
12000,771.15,0.7310211525,3.27115
12000,771.2,0.7310314092,3.2712
12000,771.25,0.7310416578,3.27125
12000,771.3,0.7310518983,3.2713
12000,771.35,0.7310621306,3.27135
12000,771.4,0.7310723549,3.2714
12000,771.45,0.7310825711,3.27145
12000,771.5,0.7310927791,3.2715
12000,771.55,0.7311029791,3.27155
12000,771.6,0.731113171,3.2716
12000,771.65,0.7311233548,3.27165
12000,771.7,0.7311335305,3.2717
12000,771.75,0.7311436981,3.27175
12000,771.8,0.7311538577,3.2718
12000,771.85,0.7311640092,3.27185
12000,771.9,0.7311741526,3.2719
12000,771.95,0.7311842879,3.27195
12000,772,0.7311944153,3.272
12000,772.05,0.7312045345,3.27205
12000,772.1,0.7312146457,3.2721
12000,772.15,0.7312247489,3.27215
12000,772.2,0.731234844,3.2722
12000,772.25,0.7312449311,3.27225
12000,772.3,0.7312550102,3.2723
12000,772.35,0.7312650812,3.27235
12000,772.4,0.7312751442,3.2724
12000,772.45,0.7312851992,3.27245
12000,772.5,0.7312952462,3.2725
12000,772.55,0.7313052852,3.27255
12000,772.6,0.7313153161,3.2726
12000,772.65,0.7313253391,3.27265
12000,772.7,0.7313353541,3.2727
12000,772.75,0.7313453611,3.27275
12000,772.8,0.73135536,3.2728
12000,772.85,0.7313653511,3.27285
12000,772.9,0.7313753341,3.2729
12000,772.95,0.7313853091,3.27295
12000,773,0.7313952762,3.273
12000,773.05,0.7314052353,3.27305
12000,773.1,0.7314151865,3.2731
12000,773.15,0.7314251297,3.27315
12000,773.2,0.7314350649,3.2732
12000,773.25,0.7314449922,3.27325
12000,773.3,0.7314549115,3.2733
12000,773.35,0.7314648229,3.27335
12000,773.4,0.7314747264,3.2734
12000,773.45,0.7314846219,3.27345
12000,773.5,0.7314945095,3.2735
12000,773.55,0.7315043892,3.27355
12000,773.6,0.7315142609,3.2736
12000,773.65,0.7315241248,3.27365
12000,773.7,0.7315339807,3.2737
12000,773.75,0.7315438287,3.27375
12000,773.8,0.7315536688,3.2738
12000,773.85,0.7315635011,3.27385
12000,773.9,0.7315733254,3.2739
12000,773.95,0.7315831418,3.27395
12000,774,0.7315929504,3.274
12000,774.05,0.731602751,3.27405
12000,774.1,0.7316125438,3.2741
12000,774.15,0.7316223287,3.27415
12000,774.2,0.7316321058,3.2742
12000,774.25,0.7316418749,3.27425
12000,774.3,0.7316516363,3.2743
12000,774.35,0.7316613897,3.27435
12000,774.4,0.7316711353,3.2744
12000,774.45,0.7316808731,3.27445
12000,774.5,0.731690603,3.2745
12000,774.55,0.7317003251,3.27455
12000,774.6,0.7317100393,3.2746
12000,774.65,0.7317197457,3.27465
12000,774.7,0.7317294443,3.2747
12000,774.75,0.7317391351,3.27475
12000,774.8,0.731748818,3.2748
12000,774.85,0.7317584931,3.27485
12000,774.9,0.7317681605,3.2749
12000,774.95,0.73177782,3.27495
12000,775,0.7317874717,3.275
12000,775.05,0.7317971156,3.27505
12000,775.1,0.7318067517,3.2751
12000,775.15,0.7318163801,3.27515
12000,775.2,0.7318260006,3.2752
12000,775.25,0.7318356134,3.27525
12000,775.3,0.7318452184,3.2753
12000,775.35,0.7318548156,3.27535
12000,775.4,0.731864405,3.2754
12000,775.45,0.7318739867,3.27545
12000,775.5,0.7318835606,3.2755
12000,775.55,0.7318931268,3.27555
12000,775.6,0.7319026852,3.2756
12000,775.65,0.7319122359,3.27565
12000,775.7,0.7319217789,3.2757
12000,775.75,0.7319313141,3.27575
12000,775.8,0.7319408415,3.2758
12000,775.85,0.7319503613,3.27585
12000,775.9,0.7319598733,3.2759
12000,775.95,0.7319693776,3.27595
12000,776,0.7319788741,3.276
12000,776.05,0.731988363,3.27605
12000,776.1,0.7319978441,3.2761
12000,776.15,0.7320073176,3.27615
12000,776.2,0.7320167833,3.2762
12000,776.25,0.7320262414,3.27625
12000,776.3,0.7320356918,3.2763
12000,776.35,0.7320451344,3.27635
12000,776.4,0.7320545694,3.2764
12000,776.45,0.7320639967,3.27645
12000,776.5,0.7320734164,3.2765
12000,776.55,0.7320828284,3.27655
12000,776.6,0.7320922327,3.2766
12000,776.65,0.7321016293,3.27665
12000,776.7,0.7321110183,3.2767
12000,776.75,0.7321203996,3.27675
12000,776.8,0.7321297733,3.2768
12000,776.85,0.7321391394,3.27685
12000,776.9,0.7321484978,3.2769
12000,776.95,0.7321578485,3.27695
12000,777,0.7321671917,3.277
12000,777.05,0.7321765272,3.27705
12000,777.1,0.7321858551,3.2771
12000,777.15,0.7321951753,3.27715
12000,777.2,0.732204488,3.2772
12000,777.25,0.732213793,3.27725
12000,777.3,0.7322230905,3.2773
12000,777.35,0.7322323803,3.27735
12000,777.4,0.7322416625,3.2774
12000,777.45,0.7322509372,3.27745
12000,777.5,0.7322602042,3.2775
12000,777.55,0.7322694637,3.27755
12000,777.6,0.7322787156,3.2776
12000,777.65,0.7322879599,3.27765
12000,777.7,0.7322971966,3.2777
12000,777.75,0.7323064258,3.27775
12000,777.8,0.7323156474,3.2778
12000,777.85,0.7323248614,3.27785
12000,777.9,0.7323340679,3.2779
12000,777.95,0.7323432669,3.27795
12000,778,0.7323524583,3.278
12000,778.05,0.7323616421,3.27805
12000,778.1,0.7323708184,3.2781
12000,778.15,0.7323799872,3.27815
12000,778.2,0.7323891484,3.2782
12000,778.25,0.7323983022,3.27825
12000,778.3,0.7324074484,3.2783
12000,778.35,0.7324165871,3.27835
12000,778.4,0.7324257182,3.2784
12000,778.45,0.7324348419,3.27845
12000,778.5,0.7324439581,3.2785
12000,778.55,0.7324530667,3.27855
12000,778.6,0.7324621679,3.2786
12000,778.65,0.7324712615,3.27865
12000,778.7,0.7324803477,3.2787
12000,778.75,0.7324894264,3.27875
12000,778.8,0.7324984977,3.2788
12000,778.85,0.7325075614,3.27885
12000,778.9,0.7325166177,3.2789
12000,778.95,0.7325256665,3.27895
12000,779,0.7325347078,3.279
12000,779.05,0.7325437417,3.27905
12000,779.1,0.7325527682,3.2791
12000,779.15,0.7325617871,3.27915
12000,779.2,0.7325707987,3.2792
12000,779.25,0.7325798028,3.27925
12000,779.3,0.7325887995,3.2793
12000,779.35,0.7325977887,3.27935
12000,779.4,0.7326067705,3.2794
12000,779.45,0.7326157449,3.27945
12000,779.5,0.7326247118,3.2795
12000,779.55,0.7326336714,3.27955
12000,779.6,0.7326426235,3.2796
12000,779.65,0.7326515683,3.27965
12000,779.7,0.7326605056,3.2797
12000,779.75,0.7326694355,3.27975
12000,779.8,0.732678358,3.2798
12000,779.85,0.7326872732,3.27985
12000,779.9,0.7326961809,3.2799
12000,779.95,0.7327050813,3.27995
12000,780,0.7327139743,3.28
12000,780.05,0.7327228599,3.28005
12000,780.1,0.7327317382,3.2801
12000,780.15,0.7327406091,3.28015
12000,780.2,0.7327494726,3.2802
12000,780.25,0.7327583288,3.28025
12000,780.3,0.7327671776,3.2803
12000,780.35,0.7327760191,3.28035
12000,780.4,0.7327848532,3.2804
12000,780.45,0.73279368,3.28045
12000,780.5,0.7328024995,3.2805
12000,780.55,0.7328113116,3.28055
12000,780.6,0.7328201164,3.2806
12000,780.65,0.7328289139,3.28065
12000,780.7,0.732837704,3.2807
12000,780.75,0.7328464869,3.28075
12000,780.8,0.7328552624,3.2808
12000,780.85,0.7328640307,3.28085
12000,780.9,0.7328727916,3.2809
12000,780.95,0.7328815452,3.28095
12000,781,0.7328902916,3.281
12000,781.05,0.7328990306,3.28105
12000,781.1,0.7329077624,3.2811
12000,781.15,0.7329164869,3.28115
12000,781.2,0.7329252041,3.2812
12000,781.25,0.732933914,3.28125
12000,781.3,0.7329426167,3.2813
12000,781.35,0.7329513121,3.28135
12000,781.4,0.7329600003,3.2814
12000,781.45,0.7329686812,3.28145
12000,781.5,0.7329773548,3.2815
12000,781.55,0.7329860212,3.28155
12000,781.6,0.7329946804,3.2816
12000,781.65,0.7330033323,3.28165
12000,781.7,0.733011977,3.2817
12000,781.75,0.7330206144,3.28175
12000,781.8,0.7330292447,3.2818
12000,781.85,0.7330378677,3.28185
12000,781.9,0.7330464835,3.2819
12000,781.95,0.7330550921,3.28195
12000,782,0.7330636934,3.282
12000,782.05,0.7330722876,3.28205
12000,782.1,0.7330808746,3.2821
12000,782.15,0.7330894543,3.28215
12000,782.2,0.7330980269,3.2822
12000,782.25,0.7331065923,3.28225
12000,782.3,0.7331151505,3.2823
12000,782.35,0.7331237016,3.28235
12000,782.4,0.7331322454,3.2824
12000,782.45,0.7331407821,3.28245
12000,782.5,0.7331493116,3.2825
12000,782.55,0.733157834,3.28255
12000,782.6,0.7331663492,3.2826
12000,782.65,0.7331748573,3.28265
12000,782.7,0.7331833582,3.2827
12000,782.75,0.7331918519,3.28275
12000,782.8,0.7332003385,3.2828
12000,782.85,0.733208818,3.28285
12000,782.9,0.7332172904,3.2829
12000,782.95,0.7332257556,3.28295
12000,783,0.7332342137,3.283
12000,783.05,0.7332426646,3.28305
12000,783.1,0.7332511085,3.2831
12000,783.15,0.7332595453,3.28315
12000,783.2,0.7332679749,3.2832
12000,783.25,0.7332763974,3.28325
12000,783.3,0.7332848129,3.2833
12000,783.35,0.7332932212,3.28335
12000,783.4,0.7333016225,3.2834
12000,783.45,0.7333100166,3.28345
12000,783.5,0.7333184037,3.2835
12000,783.55,0.7333267837,3.28355
12000,783.6,0.7333351567,3.2836
12000,783.65,0.7333435225,3.28365
12000,783.7,0.7333518813,3.2837
12000,783.75,0.7333602331,3.28375
12000,783.8,0.7333685778,3.2838
12000,783.85,0.7333769154,3.28385
12000,783.9,0.733385246,3.2839
12000,783.95,0.7333935695,3.28395
12000,784,0.733401886,3.284
12000,784.05,0.7334101955,3.28405
12000,784.1,0.7334184979,3.2841
12000,784.15,0.7334267933,3.28415
12000,784.2,0.7334350817,3.2842
12000,784.25,0.7334433631,3.28425
12000,784.3,0.7334516374,3.2843
12000,784.35,0.7334599047,3.28435
12000,784.4,0.7334681651,3.2844
12000,784.45,0.7334764184,3.28445
12000,784.5,0.7334846647,3.2845
12000,784.55,0.7334929041,3.28455
12000,784.6,0.7335011364,3.2846
12000,784.65,0.7335093618,3.28465
12000,784.7,0.7335175802,3.2847
12000,784.75,0.7335257916,3.28475
12000,784.8,0.733533996,3.2848
12000,784.85,0.7335421935,3.28485
12000,784.9,0.733550384,3.2849
12000,784.95,0.7335585675,3.28495
12000,785,0.7335667441,3.285
12000,785.05,0.7335749137,3.28505
12000,785.1,0.7335830764,3.2851
12000,785.15,0.7335912321,3.28515
12000,785.2,0.7335993809,3.2852
12000,785.25,0.7336075228,3.28525
12000,785.3,0.7336156578,3.2853
12000,785.35,0.7336237858,3.28535
12000,785.4,0.7336319068,3.2854
12000,785.45,0.733640021,3.28545
12000,785.5,0.7336481283,3.2855
12000,785.55,0.7336562286,3.28555
12000,785.6,0.7336643221,3.2856
12000,785.65,0.7336724086,3.28565
12000,785.7,0.7336804882,3.2857
12000,785.75,0.733688561,3.28575
12000,785.8,0.7336966268,3.2858
12000,785.85,0.7337046858,3.28585
12000,785.9,0.7337127379,3.2859
12000,785.95,0.7337207831,3.28595
12000,786,0.7337288215,3.286
12000,786.05,0.7337368529,3.28605
12000,786.1,0.7337448776,3.2861
12000,786.15,0.7337528953,3.28615
12000,786.2,0.7337609062,3.2862
12000,786.25,0.7337689103,3.28625
12000,786.3,0.7337769075,3.2863
12000,786.35,0.7337848978,3.28635
12000,786.4,0.7337928813,3.2864
12000,786.45,0.733800858,3.28645
12000,786.5,0.7338088279,3.2865
12000,786.55,0.7338167909,3.28655
12000,786.6,0.7338247471,3.2866
12000,786.65,0.7338326965,3.28665
12000,786.7,0.733840639,3.2867
12000,786.75,0.7338485748,3.28675
12000,786.8,0.7338565038,3.2868
12000,786.85,0.7338644259,3.28685
12000,786.9,0.7338723413,3.2869
12000,786.95,0.7338802498,3.28695
12000,787,0.7338881516,3.287
12000,787.05,0.7338960466,3.28705
12000,787.1,0.7339039348,3.2871
12000,787.15,0.7339118163,3.28715
12000,787.2,0.7339196909,3.2872
12000,787.25,0.7339275588,3.28725
12000,787.3,0.73393542,3.2873
12000,787.35,0.7339432743,3.28735
12000,787.4,0.7339511219,3.2874
12000,787.45,0.7339589628,3.28745
12000,787.5,0.7339667969,3.2875
12000,787.55,0.7339746243,3.28755
12000,787.6,0.7339824449,3.2876
12000,787.65,0.7339902588,3.28765
12000,787.7,0.733998066,3.2877
12000,787.75,0.7340058665,3.28775
12000,787.8,0.7340136602,3.2878
12000,787.85,0.7340214472,3.28785
12000,787.9,0.7340292275,3.2879
12000,787.95,0.7340370011,3.28795
12000,788,0.7340447679,3.288
12000,788.05,0.7340525281,3.28805
12000,788.1,0.7340602816,3.2881
12000,788.15,0.7340680284,3.28815
12000,788.2,0.7340757685,3.2882
12000,788.25,0.7340835019,3.28825
12000,788.3,0.7340912286,3.2883
12000,788.35,0.7340989487,3.28835
12000,788.4,0.734106662,3.2884
12000,788.45,0.7341143688,3.28845
12000,788.5,0.7341220688,3.2885
12000,788.55,0.7341297622,3.28855
12000,788.6,0.7341374489,3.2886
12000,788.65,0.734145129,3.28865
12000,788.7,0.7341528024,3.2887
12000,788.75,0.7341604692,3.28875
12000,788.8,0.7341681294,3.2888
12000,788.85,0.7341757829,3.28885
12000,788.9,0.7341834298,3.2889
12000,788.95,0.7341910701,3.28895
12000,789,0.7341987037,3.289
12000,789.05,0.7342063307,3.28905
12000,789.1,0.7342139511,3.2891
12000,789.15,0.7342215649,3.28915
12000,789.2,0.7342291721,3.2892
12000,789.25,0.7342367727,3.28925
12000,789.3,0.7342443667,3.2893
12000,789.35,0.7342519541,3.28935
12000,789.4,0.7342595349,3.2894
12000,789.45,0.7342671091,3.28945
12000,789.5,0.7342746767,3.2895
12000,789.55,0.7342822378,3.28955
12000,789.6,0.7342897923,3.2896
12000,789.65,0.7342973402,3.28965
12000,789.7,0.7343048815,3.2897
12000,789.75,0.7343124163,3.28975
12000,789.8,0.7343199446,3.2898
12000,789.85,0.7343274663,3.28985
12000,789.9,0.7343349814,3.2899
12000,789.95,0.73434249,3.28995
12000,790,0.734349992,3.29
12000,790.05,0.7343574876,3.29005
12000,790.1,0.7343649765,3.2901
12000,790.15,0.734372459,3.29015
12000,790.2,0.7343799349,3.2902
12000,790.25,0.7343874043,3.29025
12000,790.3,0.7343948672,3.2903
12000,790.35,0.7344023236,3.29035
12000,790.4,0.7344097735,3.2904
12000,790.45,0.7344172169,3.29045
12000,790.5,0.7344246538,3.2905
12000,790.55,0.7344320842,3.29055
12000,790.6,0.7344395081,3.2906
12000,790.65,0.7344469255,3.29065
12000,790.7,0.7344543364,3.2907
12000,790.75,0.7344617408,3.29075
12000,790.8,0.7344691388,3.2908
12000,790.85,0.7344765303,3.29085
12000,790.9,0.7344839154,3.2909
12000,790.95,0.7344912939,3.29095
12000,791,0.734498666,3.291
12000,791.05,0.7345060317,3.29105
12000,791.1,0.7345133909,3.2911
12000,791.15,0.7345207437,3.29115
12000,791.2,0.73452809,3.2912
12000,791.25,0.7345354299,3.29125
12000,791.3,0.7345427634,3.2913
12000,791.35,0.7345500904,3.29135
12000,791.4,0.734557411,3.2914
12000,791.45,0.7345647252,3.29145
12000,791.5,0.734572033,3.2915
12000,791.55,0.7345793343,3.29155
12000,791.6,0.7345866293,3.2916
12000,791.65,0.7345939178,3.29165
12000,791.7,0.7346012,3.2917
12000,791.75,0.7346084757,3.29175
12000,791.8,0.7346157451,3.2918
12000,791.85,0.734623008,3.29185
12000,791.9,0.7346302646,3.2919
12000,791.95,0.7346375148,3.29195
12000,792,0.7346447586,3.292
12000,792.05,0.7346519961,3.29205
12000,792.1,0.7346592272,3.2921
12000,792.15,0.7346664519,3.29215
12000,792.2,0.7346736703,3.2922
12000,792.25,0.7346808823,3.29225
12000,792.3,0.7346880879,3.2923
12000,792.35,0.7346952873,3.29235
12000,792.4,0.7347024802,3.2924
12000,792.45,0.7347096669,3.29245
12000,792.5,0.7347168472,3.2925
12000,792.55,0.7347240211,3.29255
12000,792.6,0.7347311888,3.2926
12000,792.65,0.7347383501,3.29265
12000,792.7,0.7347455051,3.2927
12000,792.75,0.7347526538,3.29275
12000,792.8,0.7347597961,3.2928
12000,792.85,0.7347669322,3.29285
12000,792.9,0.734774062,3.2929
12000,792.95,0.7347811854,3.29295
12000,793,0.7347883026,3.293
12000,793.05,0.7347954135,3.29305
12000,793.1,0.7348025181,3.2931
12000,793.15,0.7348096164,3.29315
12000,793.2,0.7348167084,3.2932
12000,793.25,0.7348237942,3.29325
12000,793.3,0.7348308737,3.2933
12000,793.35,0.7348379469,3.29335
12000,793.4,0.7348450139,3.2934
12000,793.45,0.7348520746,3.29345
12000,793.5,0.7348591291,3.2935
12000,793.55,0.7348661773,3.29355
12000,793.6,0.7348732192,3.2936
12000,793.65,0.734880255,3.29365
12000,793.7,0.7348872844,3.2937
12000,793.75,0.7348943077,3.29375
12000,793.8,0.7349013247,3.2938
12000,793.85,0.7349083355,3.29385
12000,793.9,0.7349153401,3.2939
12000,793.95,0.7349223385,3.29395
12000,794,0.7349293306,3.294
12000,794.05,0.7349363165,3.29405
12000,794.1,0.7349432963,3.2941
12000,794.15,0.7349502698,3.29415
12000,794.2,0.7349572372,3.2942
12000,794.25,0.7349641983,3.29425
12000,794.3,0.7349711533,3.2943
12000,794.35,0.734978102,3.29435
12000,794.4,0.7349850446,3.2944
12000,794.45,0.734991981,3.29445
12000,794.5,0.7349989113,3.2945
12000,794.55,0.7350058354,3.29455
12000,794.6,0.7350127533,3.2946
12000,794.65,0.735019665,3.29465
12000,794.7,0.7350265706,3.2947
12000,794.75,0.7350334701,3.29475
12000,794.8,0.7350403634,3.2948
12000,794.85,0.7350472505,3.29485
12000,794.9,0.7350541315,3.2949
12000,794.95,0.7350610064,3.29495
12000,795,0.7350678752,3.295
12000,795.05,0.7350747378,3.29505
12000,795.1,0.7350815943,3.2951
12000,795.15,0.7350884447,3.29515
12000,795.2,0.7350952889,3.2952
12000,795.25,0.7351021271,3.29525
12000,795.3,0.7351089591,3.2953
12000,795.35,0.735115785,3.29535
12000,795.4,0.7351226049,3.2954
12000,795.45,0.7351294186,3.29545
12000,795.5,0.7351362263,3.2955
12000,795.55,0.7351430278,3.29555
12000,795.6,0.7351498233,3.2956
12000,795.65,0.7351566127,3.29565
12000,795.7,0.735163396,3.2957
12000,795.75,0.7351701733,3.29575
12000,795.8,0.7351769445,3.2958
12000,795.85,0.7351837096,3.29585
12000,795.9,0.7351904687,3.2959
12000,795.95,0.7351972217,3.29595
12000,796,0.7352039686,3.296
12000,796.05,0.7352107095,3.29605
12000,796.1,0.7352174444,3.2961
12000,796.15,0.7352241732,3.29615
12000,796.2,0.735230896,3.2962
12000,796.25,0.7352376128,3.29625
12000,796.3,0.7352443235,3.2963
12000,796.35,0.7352510282,3.29635
12000,796.4,0.7352577269,3.2964
12000,796.45,0.7352644196,3.29645
12000,796.5,0.7352711063,3.2965
12000,796.55,0.7352777869,3.29655
12000,796.6,0.7352844616,3.2966
12000,796.65,0.7352911303,3.29665
12000,796.7,0.7352977929,3.2967
12000,796.75,0.7353044496,3.29675
12000,796.8,0.7353111003,3.2968
12000,796.85,0.735317745,3.29685
12000,796.9,0.7353243837,3.2969
12000,796.95,0.7353310165,3.29695
12000,797,0.7353376432,3.297
12000,797.05,0.735344264,3.29705
12000,797.1,0.7353508789,3.2971
12000,797.15,0.7353574878,3.29715
12000,797.2,0.7353640907,3.2972
12000,797.25,0.7353706877,3.29725
12000,797.3,0.7353772787,3.2973
12000,797.35,0.7353838638,3.29735
12000,797.4,0.735390443,3.2974
12000,797.45,0.7353970162,3.29745
12000,797.5,0.7354035835,3.2975
12000,797.55,0.7354101448,3.29755
12000,797.6,0.7354167003,3.2976
12000,797.65,0.7354232498,3.29765
12000,797.7,0.7354297934,3.2977
12000,797.75,0.7354363311,3.29775
12000,797.8,0.7354428629,3.2978
12000,797.85,0.7354493887,3.29785
12000,797.9,0.7354559087,3.2979
12000,797.95,0.7354624228,3.29795
12000,798,0.735468931,3.298
12000,798.05,0.7354754333,3.29805
12000,798.1,0.7354819297,3.2981
12000,798.15,0.7354884203,3.29815
12000,798.2,0.7354949049,3.2982
12000,798.25,0.7355013837,3.29825
12000,798.3,0.7355078567,3.2983
12000,798.35,0.7355143237,3.29835
12000,798.4,0.7355207849,3.2984
12000,798.45,0.7355272403,3.29845
12000,798.5,0.7355336898,3.2985
12000,798.55,0.7355401334,3.29855
12000,798.6,0.7355465712,3.2986
12000,798.65,0.7355530032,3.29865
12000,798.7,0.7355594293,3.2987
12000,798.75,0.7355658496,3.29875
12000,798.8,0.7355722641,3.2988
12000,798.85,0.7355786728,3.29885
12000,798.9,0.7355850756,3.2989
12000,798.95,0.7355914726,3.29895
12000,799,0.7355978638,3.299
12000,799.05,0.7356042492,3.29905
12000,799.1,0.7356106288,3.2991
12000,799.15,0.7356170026,3.29915
12000,799.2,0.7356233706,3.2992
12000,799.25,0.7356297328,3.29925
12000,799.3,0.7356360892,3.2993
12000,799.35,0.7356424398,3.29935
12000,799.4,0.7356487846,3.2994
12000,799.45,0.7356551237,3.29945
12000,799.5,0.735661457,3.2995
12000,799.55,0.7356677845,3.29955
12000,799.6,0.7356741063,3.2996
12000,799.65,0.7356804223,3.29965
12000,799.7,0.7356867326,3.2997
12000,799.75,0.7356930371,3.29975
12000,799.8,0.7356993358,3.2998
12000,799.85,0.7357056288,3.29985
12000,799.9,0.7357119161,3.2999
12000,799.95,0.7357181976,3.29995
12000,800,0.7357244734,3.3
12000,800.05,0.7357307434,3.30005
12000,800.1,0.7357370078,3.3001
12000,800.15,0.7357432664,3.30015
12000,800.2,0.7357495193,3.3002
12000,800.25,0.7357557664,3.30025
12000,800.3,0.7357620079,3.3003
12000,800.35,0.7357682437,3.30035
12000,800.4,0.7357744737,3.3004
12000,800.45,0.7357806981,3.30045
12000,800.5,0.7357869168,3.3005
12000,800.55,0.7357931298,3.30055
12000,800.6,0.7357993371,3.3006
12000,800.65,0.7358055387,3.30065
12000,800.7,0.7358117346,3.3007
12000,800.75,0.7358179249,3.30075
12000,800.8,0.7358241095,3.3008
12000,800.85,0.7358302884,3.30085
12000,800.9,0.7358364616,3.3009
12000,800.95,0.7358426293,3.30095
12000,801,0.7358487912,3.301
12000,801.05,0.7358549475,3.30105
12000,801.1,0.7358610981,3.3011
12000,801.15,0.7358672432,3.30115
12000,801.2,0.7358733825,3.3012
12000,801.25,0.7358795163,3.30125
12000,801.3,0.7358856444,3.3013
12000,801.35,0.7358917668,3.30135
12000,801.4,0.7358978837,3.3014
12000,801.45,0.7359039949,3.30145
12000,801.5,0.7359101005,3.3015
12000,801.55,0.7359162005,3.30155
12000,801.6,0.7359222949,3.3016
12000,801.65,0.7359283837,3.30165
12000,801.7,0.7359344669,3.3017
12000,801.75,0.7359405445,3.30175
12000,801.8,0.7359466165,3.3018
12000,801.85,0.7359526829,3.30185
12000,801.9,0.7359587437,3.3019
12000,801.95,0.735964799,3.30195
12000,802,0.7359708487,3.302
12000,802.05,0.7359768928,3.30205
12000,802.1,0.7359829313,3.3021
12000,802.15,0.7359889642,3.30215
12000,802.2,0.7359949916,3.3022
12000,802.25,0.7360010135,3.30225
12000,802.3,0.7360070298,3.3023
12000,802.35,0.7360130405,3.30235
12000,802.4,0.7360190457,3.3024
12000,802.45,0.7360250454,3.30245
12000,802.5,0.7360310395,3.3025
12000,802.55,0.7360370281,3.30255
12000,802.6,0.7360430111,3.3026
12000,802.65,0.7360489886,3.30265
12000,802.7,0.7360549606,3.3027
12000,802.75,0.7360609271,3.30275
12000,802.8,0.7360668881,3.3028
12000,802.85,0.7360728435,3.30285
12000,802.9,0.7360787935,3.3029
12000,802.95,0.7360847379,3.30295
12000,803,0.7360906769,3.303
12000,803.05,0.7360966103,3.30305
12000,803.1,0.7361025383,3.3031
12000,803.15,0.7361084608,3.30315
12000,803.2,0.7361143778,3.3032
12000,803.25,0.7361202893,3.30325
12000,803.3,0.7361261953,3.3033
12000,803.35,0.7361320958,3.30335
12000,803.4,0.7361379909,3.3034
12000,803.45,0.7361438806,3.30345
12000,803.5,0.7361497647,3.3035
12000,803.55,0.7361556434,3.30355
12000,803.6,0.7361615167,3.3036
12000,803.65,0.7361673845,3.30365
12000,803.7,0.7361732468,3.3037
12000,803.75,0.7361791038,3.30375
12000,803.8,0.7361849552,3.3038
12000,803.85,0.7361908013,3.30385
12000,803.9,0.7361966419,3.3039
12000,803.95,0.7362024771,3.30395
12000,804,0.7362083068,3.304
12000,804.05,0.7362141312,3.30405
12000,804.1,0.7362199501,3.3041
12000,804.15,0.7362257636,3.30415
12000,804.2,0.7362315718,3.3042
12000,804.25,0.7362373745,3.30425
12000,804.3,0.7362431718,3.3043
12000,804.35,0.7362489637,3.30435
12000,804.4,0.7362547502,3.3044
12000,804.45,0.7362605313,3.30445
12000,804.5,0.7362663071,3.3045
12000,804.55,0.7362720775,3.30455
12000,804.6,0.7362778425,3.3046
12000,804.65,0.7362836021,3.30465
12000,804.7,0.7362893563,3.3047
12000,804.75,0.7362951052,3.30475
12000,804.8,0.7363008487,3.3048
12000,804.85,0.7363065869,3.30485
12000,804.9,0.7363123197,3.3049
12000,804.95,0.7363180472,3.30495
12000,805,0.7363237693,3.305
12000,805.05,0.7363294861,3.30505
12000,805.1,0.7363351975,3.3051
12000,805.15,0.7363409036,3.30515
12000,805.2,0.7363466044,3.3052
12000,805.25,0.7363522998,3.30525
12000,805.3,0.7363579899,3.3053
12000,805.35,0.7363636747,3.30535
12000,805.4,0.7363693542,3.3054
12000,805.45,0.7363750284,3.30545
12000,805.5,0.7363806973,3.3055
12000,805.55,0.7363863608,3.30555
12000,805.6,0.7363920191,3.3056
12000,805.65,0.736397672,3.30565
12000,805.7,0.7364033197,3.3057
12000,805.75,0.7364089621,3.30575
12000,805.8,0.7364145992,3.3058
12000,805.85,0.736420231,3.30585
12000,805.9,0.7364258575,3.3059
12000,805.95,0.7364314788,3.30595
12000,806,0.7364370948,3.306
12000,806.05,0.7364427055,3.30605
12000,806.1,0.736448311,3.3061
12000,806.15,0.7364539112,3.30615
12000,806.2,0.7364595061,3.3062
12000,806.25,0.7364650958,3.30625
12000,806.3,0.7364706803,3.3063
12000,806.35,0.7364762595,3.30635
12000,806.4,0.7364818334,3.3064
12000,806.45,0.7364874022,3.30645
12000,806.5,0.7364929657,3.3065
12000,806.55,0.7364985239,3.30655
12000,806.6,0.736504077,3.3066
12000,806.65,0.7365096248,3.30665
12000,806.7,0.7365151674,3.3067
12000,806.75,0.7365207048,3.30675
12000,806.8,0.736526237,3.3068
12000,806.85,0.736531764,3.30685
12000,806.9,0.7365372857,3.3069
12000,806.95,0.7365428023,3.30695
12000,807,0.7365483137,3.307
12000,807.05,0.7365538199,3.30705
12000,807.1,0.7365593209,3.3071
12000,807.15,0.7365648167,3.30715
12000,807.2,0.7365703073,3.3072
12000,807.25,0.7365757928,3.30725
12000,807.3,0.7365812731,3.3073
12000,807.35,0.7365867482,3.30735
12000,807.4,0.7365922181,3.3074
12000,807.45,0.7365976829,3.30745
12000,807.5,0.7366031426,3.3075
12000,807.55,0.7366085971,3.30755
12000,807.6,0.7366140464,3.3076
12000,807.65,0.7366194906,3.30765
12000,807.7,0.7366249296,3.3077
12000,807.75,0.7366303635,3.30775
12000,807.8,0.7366357923,3.3078
12000,807.85,0.7366412159,3.30785
12000,807.9,0.7366466345,3.3079
12000,807.95,0.7366520478,3.30795
12000,808,0.7366574561,3.308
12000,808.05,0.7366628593,3.30805
12000,808.1,0.7366682573,3.3081
12000,808.15,0.7366736502,3.30815
12000,808.2,0.7366790381,3.3082
12000,808.25,0.7366844208,3.30825
12000,808.3,0.7366897984,3.3083
12000,808.35,0.7366951709,3.30835
12000,808.4,0.7367005384,3.3084
12000,808.45,0.7367059007,3.30845
12000,808.5,0.736711258,3.3085
12000,808.55,0.7367166102,3.30855
12000,808.6,0.7367219573,3.3086
12000,808.65,0.7367272994,3.30865
12000,808.7,0.7367326364,3.3087
12000,808.75,0.7367379683,3.30875
12000,808.8,0.7367432951,3.3088
12000,808.85,0.7367486169,3.30885
12000,808.9,0.7367539337,3.3089
12000,808.95,0.7367592454,3.30895
12000,809,0.736764552,3.309
12000,809.05,0.7367698536,3.30905
12000,809.1,0.7367751502,3.3091
12000,809.15,0.7367804417,3.30915
12000,809.2,0.7367857282,3.3092
12000,809.25,0.7367910097,3.30925
12000,809.3,0.7367962861,3.3093
12000,809.35,0.7368015576,3.30935
12000,809.4,0.736806824,3.3094
12000,809.45,0.7368120854,3.30945
12000,809.5,0.7368173418,3.3095
12000,809.55,0.7368225932,3.30955
12000,809.6,0.7368278396,3.3096
12000,809.65,0.736833081,3.30965
12000,809.7,0.7368383174,3.3097
12000,809.75,0.7368435488,3.30975
12000,809.8,0.7368487752,3.3098
12000,809.85,0.7368539966,3.30985
12000,809.9,0.7368592131,3.3099
12000,809.95,0.7368644246,3.30995
12000,810,0.7368696311,3.31
12000,810.05,0.7368748326,3.31005
12000,810.1,0.7368800292,3.3101
12000,810.15,0.7368852208,3.31015
12000,810.2,0.7368904075,3.3102
12000,810.25,0.7368955892,3.31025
12000,810.3,0.7369007659,3.3103
12000,810.35,0.7369059377,3.31035
12000,810.4,0.7369111046,3.3104
12000,810.45,0.7369162665,3.31045
12000,810.5,0.7369214235,3.3105
12000,810.55,0.7369265756,3.31055
12000,810.6,0.7369317227,3.3106
12000,810.65,0.7369368649,3.31065
12000,810.7,0.7369420022,3.3107
12000,810.75,0.7369471346,3.31075
12000,810.8,0.736952262,3.3108
12000,810.85,0.7369573846,3.31085
12000,810.9,0.7369625022,3.3109
12000,810.95,0.7369676149,3.31095
12000,811,0.7369727228,3.311
12000,811.05,0.7369778257,3.31105
12000,811.1,0.7369829238,3.3111
12000,811.15,0.7369880169,3.31115
12000,811.2,0.7369931052,3.3112
12000,811.25,0.7369981886,3.31125
12000,811.3,0.7370032671,3.3113
12000,811.35,0.7370083408,3.31135
12000,811.4,0.7370134096,3.3114
12000,811.45,0.7370184735,3.31145
12000,811.5,0.7370235325,3.3115
12000,811.55,0.7370285867,3.31155
12000,811.6,0.737033636,3.3116
12000,811.65,0.7370386805,3.31165
12000,811.7,0.7370437202,3.3117
12000,811.75,0.737048755,3.31175
12000,811.8,0.7370537849,3.3118
12000,811.85,0.73705881,3.31185
12000,811.9,0.7370638303,3.3119
12000,811.95,0.7370688458,3.31195
12000,812,0.7370738564,3.312
12000,812.05,0.7370788622,3.31205
12000,812.1,0.7370838632,3.3121
12000,812.15,0.7370888593,3.31215
12000,812.2,0.7370938507,3.3122
12000,812.25,0.7370988372,3.31225
12000,812.3,0.737103819,3.3123
12000,812.35,0.7371087959,3.31235
12000,812.4,0.7371137681,3.3124
12000,812.45,0.7371187354,3.31245
12000,812.5,0.737123698,3.3125
12000,812.55,0.7371286558,3.31255
12000,812.6,0.7371336088,3.3126
12000,812.65,0.737138557,3.31265
12000,812.7,0.7371435004,3.3127
12000,812.75,0.7371484391,3.31275
12000,812.8,0.737153373,3.3128
12000,812.85,0.7371583021,3.31285
12000,812.9,0.7371632265,3.3129
12000,812.95,0.7371681461,3.31295
12000,813,0.7371730609,3.313
12000,813.05,0.737177971,3.31305
12000,813.1,0.7371828764,3.3131
12000,813.15,0.737187777,3.31315
12000,813.2,0.7371926729,3.3132
12000,813.25,0.737197564,3.31325
12000,813.3,0.7372024504,3.3133
12000,813.35,0.7372073321,3.31335
12000,813.4,0.7372122091,3.3134
12000,813.45,0.7372170813,3.31345
12000,813.5,0.7372219488,3.3135
12000,813.55,0.7372268116,3.31355
12000,813.6,0.7372316697,3.3136
12000,813.65,0.7372365231,3.31365
12000,813.7,0.7372413717,3.3137
12000,813.75,0.7372462157,3.31375
12000,813.8,0.737251055,3.3138
12000,813.85,0.7372558896,3.31385
12000,813.9,0.7372607195,3.3139
12000,813.95,0.7372655447,3.31395
12000,814,0.7372703652,3.314
12000,814.05,0.737275181,3.31405
12000,814.1,0.7372799922,3.3141
12000,814.15,0.7372847987,3.31415
12000,814.2,0.7372896005,3.3142
12000,814.25,0.7372943977,3.31425
12000,814.3,0.7372991902,3.3143
12000,814.35,0.737303978,3.31435
12000,814.4,0.7373087612,3.3144
12000,814.45,0.7373135398,3.31445
12000,814.5,0.7373183137,3.3145
12000,814.55,0.7373230829,3.31455
12000,814.6,0.7373278475,3.3146
12000,814.65,0.7373326075,3.31465
12000,814.7,0.7373373628,3.3147
12000,814.75,0.7373421135,3.31475
12000,814.8,0.7373468596,3.3148
12000,814.85,0.7373516011,3.31485
12000,814.9,0.7373563379,3.3149
12000,814.95,0.7373610701,3.31495
12000,815,0.7373657977,3.315
12000,815.05,0.7373705207,3.31505
12000,815.1,0.7373752391,3.3151
12000,815.15,0.7373799529,3.31515
12000,815.2,0.7373846621,3.3152
12000,815.25,0.7373893667,3.31525
12000,815.3,0.7373940668,3.3153
12000,815.35,0.7373987622,3.31535
12000,815.4,0.737403453,3.3154
12000,815.45,0.7374081393,3.31545
12000,815.5,0.737412821,3.3155
12000,815.55,0.7374174981,3.31555
12000,815.6,0.7374221706,3.3156
12000,815.65,0.7374268386,3.31565
12000,815.7,0.737431502,3.3157
12000,815.75,0.7374361609,3.31575
12000,815.8,0.7374408152,3.3158
12000,815.85,0.7374454649,3.31585
12000,815.9,0.7374501101,3.3159
12000,815.95,0.7374547508,3.31595
12000,816,0.7374593869,3.316
12000,816.05,0.7374640185,3.31605
12000,816.1,0.7374686455,3.3161
12000,816.15,0.737473268,3.31615
12000,816.2,0.737477886,3.3162
12000,816.25,0.7374824994,3.31625
12000,816.3,0.7374871084,3.3163
12000,816.35,0.7374917128,3.31635
12000,816.4,0.7374963127,3.3164
12000,816.45,0.7375009081,3.31645
12000,816.5,0.737505499,3.3165
12000,816.55,0.7375100853,3.31655
12000,816.6,0.7375146672,3.3166
12000,816.65,0.7375192446,3.31665
12000,816.7,0.7375238175,3.3167
12000,816.75,0.7375283859,3.31675
12000,816.8,0.7375329498,3.3168
12000,816.85,0.7375375093,3.31685
12000,816.9,0.7375420642,3.3169
12000,816.95,0.7375466147,3.31695
12000,817,0.7375511607,3.317
12000,817.05,0.7375557022,3.31705
12000,817.1,0.7375602393,3.3171
12000,817.15,0.7375647719,3.31715
12000,817.2,0.7375693001,3.3172
12000,817.25,0.7375738238,3.31725
12000,817.3,0.737578343,3.3173
12000,817.35,0.7375828578,3.31735
12000,817.4,0.7375873682,3.3174
12000,817.45,0.7375918741,3.31745
12000,817.5,0.7375963756,3.3175
12000,817.55,0.7376008726,3.31755
12000,817.6,0.7376053652,3.3176
12000,817.65,0.7376098534,3.31765
12000,817.7,0.7376143372,3.3177
12000,817.75,0.7376188165,3.31775
12000,817.8,0.7376232914,3.3178
12000,817.85,0.737627762,3.31785
12000,817.9,0.7376322281,3.3179
12000,817.95,0.7376366898,3.31795
12000,818,0.737641147,3.318
12000,818.05,0.7376455999,3.31805
12000,818.1,0.7376500484,3.3181
12000,818.15,0.7376544925,3.31815
12000,818.2,0.7376589322,3.3182
12000,818.25,0.7376633676,3.31825
12000,818.3,0.7376677985,3.3183
12000,818.35,0.7376722251,3.31835
12000,818.4,0.7376766473,3.3184
12000,818.45,0.7376810651,3.31845
12000,818.5,0.7376854785,3.3185
12000,818.55,0.7376898876,3.31855
12000,818.6,0.7376942923,3.3186
12000,818.65,0.7376986927,3.31865
12000,818.7,0.7377030887,3.3187
12000,818.75,0.7377074804,3.31875
12000,818.8,0.7377118677,3.3188
12000,818.85,0.7377162506,3.31885
12000,818.9,0.7377206292,3.3189
12000,818.95,0.7377250035,3.31895
12000,819,0.7377293735,3.319
12000,819.05,0.7377337391,3.31905
12000,819.1,0.7377381004,3.3191
12000,819.15,0.7377424573,3.31915
12000,819.2,0.73774681,3.3192
12000,819.25,0.7377511583,3.31925
12000,819.3,0.7377555023,3.3193
12000,819.35,0.737759842,3.31935
12000,819.4,0.7377641774,3.3194
12000,819.45,0.7377685085,3.31945
12000,819.5,0.7377728353,3.3195
12000,819.55,0.7377771578,3.31955
12000,819.6,0.737781476,3.3196
12000,819.65,0.7377857899,3.31965
12000,819.7,0.7377900995,3.3197
12000,819.75,0.7377944048,3.31975
12000,819.8,0.7377987059,3.3198
12000,819.85,0.7378030027,3.31985
12000,819.9,0.7378072952,3.3199
12000,819.95,0.7378115834,3.31995
12000,820,0.7378158674,3.32
12000,820.05,0.7378201471,3.32005
12000,820.1,0.7378244225,3.3201
12000,820.15,0.7378286937,3.32015
12000,820.2,0.7378329606,3.3202
12000,820.25,0.7378372233,3.32025
12000,820.3,0.7378414817,3.3203
12000,820.35,0.7378457359,3.32035
12000,820.4,0.7378499859,3.3204
12000,820.45,0.7378542316,3.32045
12000,820.5,0.737858473,3.3205
12000,820.55,0.7378627103,3.32055
12000,820.6,0.7378669433,3.3206
12000,820.65,0.7378711721,3.32065
12000,820.7,0.7378753967,3.3207
12000,820.75,0.7378796171,3.32075
12000,820.8,0.7378838332,3.3208
12000,820.85,0.7378880452,3.32085
12000,820.9,0.7378922529,3.3209
12000,820.95,0.7378964564,3.32095
12000,821,0.7379006557,3.321
12000,821.05,0.7379048509,3.32105
12000,821.1,0.7379090418,3.3211
12000,821.15,0.7379132286,3.32115
12000,821.2,0.7379174111,3.3212
12000,821.25,0.7379215895,3.32125
12000,821.3,0.7379257637,3.3213
12000,821.35,0.7379299337,3.32135
12000,821.4,0.7379340996,3.3214
12000,821.45,0.7379382613,3.32145
12000,821.5,0.7379424188,3.3215
12000,821.55,0.7379465721,3.32155
12000,821.6,0.7379507213,3.3216
12000,821.65,0.7379548664,3.32165
12000,821.7,0.7379590072,3.3217
12000,821.75,0.737963144,3.32175
12000,821.8,0.7379672766,3.3218
12000,821.85,0.737971405,3.32185
12000,821.9,0.7379755293,3.3219
12000,821.95,0.7379796495,3.32195
12000,822,0.7379837655,3.322
12000,822.05,0.7379878774,3.32205
12000,822.1,0.7379919852,3.3221
12000,822.15,0.7379960888,3.32215
12000,822.2,0.7380001884,3.3222
12000,822.25,0.7380042838,3.32225
12000,822.3,0.7380083751,3.3223
12000,822.35,0.7380124623,3.32235
12000,822.4,0.7380165453,3.3224
12000,822.45,0.7380206243,3.32245
12000,822.5,0.7380246992,3.3225
12000,822.55,0.73802877,3.32255
12000,822.6,0.7380328367,3.3226
12000,822.65,0.7380368993,3.32265
12000,822.7,0.7380409578,3.3227
12000,822.75,0.7380450122,3.32275
12000,822.8,0.7380490626,3.3228
12000,822.85,0.7380531088,3.32285
12000,822.9,0.738057151,3.3229
12000,822.95,0.7380611891,3.32295
12000,823,0.7380652232,3.323
12000,823.05,0.7380692532,3.32305
12000,823.1,0.7380732791,3.3231
12000,823.15,0.738077301,3.32315
12000,823.2,0.7380813188,3.3232
12000,823.25,0.7380853326,3.32325
12000,823.3,0.7380893423,3.3233
12000,823.35,0.738093348,3.32335
12000,823.4,0.7380973496,3.3234
12000,823.45,0.7381013472,3.32345
12000,823.5,0.7381053408,3.3235
12000,823.55,0.7381093303,3.32355
12000,823.6,0.7381133158,3.3236
12000,823.65,0.7381172973,3.32365
12000,823.7,0.7381212747,3.3237
12000,823.75,0.7381252482,3.32375
12000,823.8,0.7381292176,3.3238
12000,823.85,0.738133183,3.32385
12000,823.9,0.7381371444,3.3239
12000,823.95,0.7381411018,3.32395
12000,824,0.7381450552,3.324
12000,824.05,0.7381490046,3.32405
12000,824.1,0.7381529499,3.3241
12000,824.15,0.7381568914,3.32415
12000,824.2,0.7381608288,3.3242
12000,824.25,0.7381647622,3.32425
12000,824.3,0.7381686916,3.3243
12000,824.35,0.7381726171,3.32435
12000,824.4,0.7381765386,3.3244
12000,824.45,0.7381804561,3.32445
12000,824.5,0.7381843696,3.3245
12000,824.55,0.7381882792,3.32455
12000,824.6,0.7381921848,3.3246
12000,824.65,0.7381960865,3.32465
12000,824.7,0.7381999842,3.3247
12000,824.75,0.7382038779,3.32475
12000,824.8,0.7382077677,3.3248
12000,824.85,0.7382116536,3.32485
12000,824.9,0.7382155355,3.3249
12000,824.95,0.7382194134,3.32495
12000,825,0.7382232875,3.325
12000,825.05,0.7382271575,3.32505
12000,825.1,0.7382310237,3.3251
12000,825.15,0.7382348859,3.32515
12000,825.2,0.7382387442,3.3252
12000,825.25,0.7382425986,3.32525
12000,825.3,0.7382464491,3.3253
12000,825.35,0.7382502956,3.32535
12000,825.4,0.7382541383,3.3254
12000,825.45,0.738257977,3.32545
12000,825.5,0.7382618118,3.3255
12000,825.55,0.7382656427,3.32555
12000,825.6,0.7382694697,3.3256
12000,825.65,0.7382732929,3.32565
12000,825.7,0.7382771121,3.3257
12000,825.75,0.7382809274,3.32575
12000,825.8,0.7382847389,3.3258
12000,825.85,0.7382885464,3.32585
12000,825.9,0.7382923501,3.3259
12000,825.95,0.7382961499,3.32595
12000,826,0.7382999459,3.326
12000,826.05,0.738303738,3.32605
12000,826.1,0.7383075262,3.3261
12000,826.15,0.7383113105,3.32615
12000,826.2,0.738315091,3.3262
12000,826.25,0.7383188676,3.32625
12000,826.3,0.7383226403,3.3263
12000,826.35,0.7383264092,3.32635
12000,826.4,0.7383301743,3.3264
12000,826.45,0.7383339355,3.32645
12000,826.5,0.7383376929,3.3265
12000,826.55,0.7383414464,3.32655
12000,826.6,0.7383451961,3.3266
12000,826.65,0.738348942,3.32665
12000,826.7,0.738352684,3.3267
12000,826.75,0.7383564222,3.32675
12000,826.8,0.7383601566,3.3268
12000,826.85,0.7383638872,3.32685
12000,826.9,0.7383676139,3.3269
12000,826.95,0.7383713369,3.32695
12000,827,0.738375056,3.327
12000,827.05,0.7383787713,3.32705
12000,827.1,0.7383824828,3.3271
12000,827.15,0.7383861905,3.32715
12000,827.2,0.7383898945,3.3272
12000,827.25,0.7383935946,3.32725
12000,827.3,0.7383972909,3.3273
12000,827.35,0.7384009834,3.32735
12000,827.4,0.7384046722,3.3274
12000,827.45,0.7384083572,3.32745
12000,827.5,0.7384120383,3.3275
12000,827.55,0.7384157158,3.32755
12000,827.6,0.7384193894,3.3276
12000,827.65,0.7384230593,3.32765
12000,827.7,0.7384267254,3.3277
12000,827.75,0.7384303877,3.32775
12000,827.8,0.7384340463,3.3278
12000,827.85,0.7384377011,3.32785
12000,827.9,0.7384413522,3.3279
12000,827.95,0.7384449995,3.32795
12000,828,0.7384486431,3.328
12000,828.05,0.7384522829,3.32805
12000,828.1,0.738455919,3.3281
12000,828.15,0.7384595513,3.32815
12000,828.2,0.7384631799,3.3282
12000,828.25,0.7384668048,3.32825
12000,828.3,0.738470426,3.3283
12000,828.35,0.7384740434,3.32835
12000,828.4,0.7384776571,3.3284
12000,828.45,0.7384812671,3.32845
12000,828.5,0.7384848733,3.3285
12000,828.55,0.7384884759,3.32855
12000,828.6,0.7384920747,3.3286
12000,828.65,0.7384956698,3.32865
12000,828.7,0.7384992612,3.3287
12000,828.75,0.738502849,3.32875
12000,828.8,0.738506433,3.3288
12000,828.85,0.7385100133,3.32885
12000,828.9,0.7385135899,3.3289
12000,828.95,0.7385171629,3.32895
12000,829,0.7385207321,3.329
12000,829.05,0.7385242977,3.32905
12000,829.1,0.7385278596,3.3291
12000,829.15,0.7385314178,3.32915
12000,829.2,0.7385349724,3.3292
12000,829.25,0.7385385233,3.32925
12000,829.3,0.7385420705,3.3293
12000,829.35,0.738545614,3.32935
12000,829.4,0.7385491539,3.3294
12000,829.45,0.7385526901,3.32945
12000,829.5,0.7385562227,3.3295
12000,829.55,0.7385597516,3.32955
12000,829.6,0.7385632768,3.3296
12000,829.65,0.7385667985,3.32965
12000,829.7,0.7385703164,3.3297
12000,829.75,0.7385738308,3.32975
12000,829.8,0.7385773415,3.3298
12000,829.85,0.7385808485,3.32985
12000,829.9,0.738584352,3.3299
12000,829.95,0.7385878518,3.32995
12000,830,0.738591348,3.33
12000,830.05,0.7385948405,3.33005
12000,830.1,0.7385983295,3.3301
12000,830.15,0.7386018148,3.33015
12000,830.2,0.7386052965,3.3302
12000,830.25,0.7386087746,3.33025
12000,830.3,0.7386122491,3.3303
12000,830.35,0.73861572,3.33035
12000,830.4,0.7386191873,3.3304
12000,830.45,0.738622651,3.33045
12000,830.5,0.7386261111,3.3305
12000,830.55,0.7386295676,3.33055
12000,830.6,0.7386330205,3.3306
12000,830.65,0.7386364698,3.33065
12000,830.7,0.7386399156,3.3307
12000,830.75,0.7386433577,3.33075
12000,830.8,0.7386467963,3.3308
12000,830.85,0.7386502313,3.33085
12000,830.9,0.7386536628,3.3309
12000,830.95,0.7386570907,3.33095
12000,831,0.738660515,3.331
12000,831.05,0.7386639358,3.33105
12000,831.1,0.738667353,3.3311
12000,831.15,0.7386707666,3.33115
12000,831.2,0.7386741767,3.3312
12000,831.25,0.7386775832,3.33125
12000,831.3,0.7386809862,3.3313
12000,831.35,0.7386843857,3.33135
12000,831.4,0.7386877816,3.3314
12000,831.45,0.738691174,3.33145
12000,831.5,0.7386945628,3.3315
12000,831.55,0.7386979481,3.33155
12000,831.6,0.7387013299,3.3316
12000,831.65,0.7387047082,3.33165
12000,831.7,0.7387080829,3.3317
12000,831.75,0.7387114541,3.33175
12000,831.8,0.7387148218,3.3318
12000,831.85,0.738718186,3.33185
12000,831.9,0.7387215467,3.3319
12000,831.95,0.7387249038,3.33195
12000,832,0.7387282575,3.332
12000,832.05,0.7387316077,3.33205
12000,832.1,0.7387349543,3.3321
12000,832.15,0.7387382975,3.33215
12000,832.2,0.7387416372,3.3322
12000,832.25,0.7387449734,3.33225
12000,832.3,0.7387483061,3.3323
12000,832.35,0.7387516353,3.33235
12000,832.4,0.738754961,3.3324
12000,832.45,0.7387582833,3.33245
12000,832.5,0.738761602,3.3325
12000,832.55,0.7387649174,3.33255
12000,832.6,0.7387682292,3.3326
12000,832.65,0.7387715376,3.33265
12000,832.7,0.7387748425,3.3327
12000,832.75,0.7387781439,3.33275
12000,832.8,0.7387814419,3.3328
12000,832.85,0.7387847365,3.33285
12000,832.9,0.7387880276,3.3329
12000,832.95,0.7387913152,3.33295
12000,833,0.7387945994,3.333
12000,833.05,0.7387978802,3.33305
12000,833.1,0.7388011575,3.3331
12000,833.15,0.7388044314,3.33315
12000,833.2,0.7388077018,3.3332
12000,833.25,0.7388109688,3.33325
12000,833.3,0.7388142324,3.3333
12000,833.35,0.7388174926,3.33335
12000,833.4,0.7388207493,3.3334
12000,833.45,0.7388240027,3.33345
12000,833.5,0.7388272526,3.3335
12000,833.55,0.7388304991,3.33355
12000,833.6,0.7388337422,3.3336
12000,833.65,0.7388369818,3.33365
12000,833.7,0.7388402181,3.3337
12000,833.75,0.738843451,3.33375
12000,833.8,0.7388466805,3.3338
12000,833.85,0.7388499065,3.33385
12000,833.9,0.7388531292,3.3339
12000,833.95,0.7388563485,3.33395
12000,834,0.7388595644,3.334
12000,834.05,0.738862777,3.33405
12000,834.1,0.7388659861,3.3341
12000,834.15,0.7388691919,3.33415
12000,834.2,0.7388723943,3.3342
12000,834.25,0.7388755933,3.33425
12000,834.3,0.738878789,3.3343
12000,834.35,0.7388819813,3.33435
12000,834.4,0.7388851702,3.3344
12000,834.45,0.7388883558,3.33445
12000,834.5,0.738891538,3.3345
12000,834.55,0.7388947168,3.33455
12000,834.6,0.7388978923,3.3346
12000,834.65,0.7389010645,3.33465
12000,834.7,0.7389042333,3.3347
12000,834.75,0.7389073987,3.33475
12000,834.8,0.7389105609,3.3348
12000,834.85,0.7389137196,3.33485
12000,834.9,0.7389168751,3.3349
12000,834.95,0.7389200272,3.33495
12000,835,0.738923176,3.335
12000,835.05,0.7389263215,3.33505
12000,835.1,0.7389294636,3.3351
12000,835.15,0.7389326024,3.33515
12000,835.2,0.738935738,3.3352
12000,835.25,0.7389388701,3.33525
12000,835.3,0.738941999,3.3353
12000,835.35,0.7389451246,3.33535
12000,835.4,0.7389482469,3.3354
12000,835.45,0.7389513658,3.33545
12000,835.5,0.7389544815,3.3355
12000,835.55,0.7389575939,3.33555
12000,835.6,0.7389607029,3.3356
12000,835.65,0.7389638087,3.33565
12000,835.7,0.7389669112,3.3357
12000,835.75,0.7389700104,3.33575
12000,835.8,0.7389731063,3.3358
12000,835.85,0.738976199,3.33585
12000,835.9,0.7389792884,3.3359
12000,835.95,0.7389823744,3.33595
12000,836,0.7389854573,3.336
12000,836.05,0.7389885368,3.33605
12000,836.1,0.7389916131,3.3361
12000,836.15,0.7389946861,3.33615
12000,836.2,0.7389977559,3.3362
12000,836.25,0.7390008224,3.33625
12000,836.3,0.7390038857,3.3363
12000,836.35,0.7390069457,3.33635
12000,836.4,0.7390100024,3.3364
12000,836.45,0.7390130559,3.33645
12000,836.5,0.7390161062,3.3365
12000,836.55,0.7390191532,3.33655
12000,836.6,0.739022197,3.3366
12000,836.65,0.7390252376,3.33665
12000,836.7,0.7390282749,3.3367
12000,836.75,0.739031309,3.33675
12000,836.8,0.7390343398,3.3368
12000,836.85,0.7390373675,3.33685
12000,836.9,0.7390403919,3.3369
12000,836.95,0.7390434131,3.33695
12000,837,0.7390464311,3.337
12000,837.05,0.7390494459,3.33705
12000,837.1,0.7390524575,3.3371
12000,837.15,0.7390554658,3.33715
12000,837.2,0.739058471,3.3372
12000,837.25,0.7390614729,3.33725
12000,837.3,0.7390644717,3.3373
12000,837.35,0.7390674673,3.33735
12000,837.4,0.7390704596,3.3374
12000,837.45,0.7390734488,3.33745
12000,837.5,0.7390764348,3.3375
12000,837.55,0.7390794176,3.33755
12000,837.6,0.7390823973,3.3376
12000,837.65,0.7390853737,3.33765
12000,837.7,0.739088347,3.3377
12000,837.75,0.7390913171,3.33775
12000,837.8,0.739094284,3.3378
12000,837.85,0.7390972478,3.33785
12000,837.9,0.7391002084,3.3379
12000,837.95,0.7391031659,3.33795
12000,838,0.7391061201,3.338
12000,838.05,0.7391090713,3.33805
12000,838.1,0.7391120192,3.3381
12000,838.15,0.7391149641,3.33815
12000,838.2,0.7391179057,3.3382
12000,838.25,0.7391208443,3.33825
12000,838.3,0.7391237797,3.3383
12000,838.35,0.7391267119,3.33835
12000,838.4,0.739129641,3.3384
12000,838.45,0.739132567,3.33845
12000,838.5,0.7391354899,3.3385
12000,838.55,0.7391384096,3.33855
12000,838.6,0.7391413262,3.3386
12000,838.65,0.7391442396,3.33865
12000,838.7,0.73914715,3.3387
12000,838.75,0.7391500572,3.33875
12000,838.8,0.7391529613,3.3388
12000,838.85,0.7391558624,3.33885
12000,838.9,0.7391587602,3.3389
12000,838.95,0.739161655,3.33895
12000,839,0.7391645467,3.339
12000,839.05,0.7391674353,3.33905
12000,839.1,0.7391703208,3.3391
12000,839.15,0.7391732032,3.33915
12000,839.2,0.7391760825,3.3392
12000,839.25,0.7391789587,3.33925
12000,839.3,0.7391818318,3.3393
12000,839.35,0.7391847019,3.33935
12000,839.4,0.7391875688,3.3394
12000,839.45,0.7391904327,3.33945
12000,839.5,0.7391932935,3.3395
12000,839.55,0.7391961512,3.33955
12000,839.6,0.7391990059,3.3396
12000,839.65,0.7392018575,3.33965
12000,839.7,0.739204706,3.3397
12000,839.75,0.7392075515,3.33975
12000,839.8,0.7392103939,3.3398
12000,839.85,0.7392132332,3.33985
12000,839.9,0.7392160695,3.3399
12000,839.95,0.7392189028,3.33995
12000,840,0.739221733,3.34
12000,840.05,0.7392245601,3.34005
12000,840.1,0.7392273842,3.3401
12000,840.15,0.7392302053,3.34015
12000,840.2,0.7392330233,3.3402
12000,840.25,0.7392358383,3.34025
12000,840.3,0.7392386502,3.3403
12000,840.35,0.7392414591,3.34035
12000,840.4,0.739244265,3.3404
12000,840.45,0.7392470679,3.34045
12000,840.5,0.7392498678,3.3405
12000,840.55,0.7392526646,3.34055
12000,840.6,0.7392554584,3.3406
12000,840.65,0.7392582492,3.34065
12000,840.7,0.739261037,3.3407
12000,840.75,0.7392638218,3.34075
12000,840.8,0.7392666035,3.3408
12000,840.85,0.7392693823,3.34085
12000,840.9,0.7392721581,3.3409
12000,840.95,0.7392749309,3.34095
12000,841,0.7392777006,3.341
12000,841.05,0.7392804674,3.34105
12000,841.1,0.7392832312,3.3411
12000,841.15,0.739285992,3.34115
12000,841.2,0.7392887498,3.3412
12000,841.25,0.7392915047,3.34125
12000,841.3,0.7392942566,3.3413
12000,841.35,0.7392970054,3.34135
12000,841.4,0.7392997514,3.3414
12000,841.45,0.7393024943,3.34145
12000,841.5,0.7393052343,3.3415
12000,841.55,0.7393079713,3.34155
12000,841.6,0.7393107053,3.3416
12000,841.65,0.7393134364,3.34165
12000,841.7,0.7393161645,3.3417
12000,841.75,0.7393188897,3.34175
12000,841.8,0.7393216119,3.3418
12000,841.85,0.7393243312,3.34185
12000,841.9,0.7393270475,3.3419
12000,841.95,0.7393297609,3.34195
12000,842,0.7393324713,3.342
12000,842.05,0.7393351788,3.34205
12000,842.1,0.7393378834,3.3421
12000,842.15,0.739340585,3.34215
12000,842.2,0.7393432837,3.3422
12000,842.25,0.7393459795,3.34225
12000,842.3,0.7393486723,3.3423
12000,842.35,0.7393513622,3.34235
12000,842.4,0.7393540492,3.3424
12000,842.45,0.7393567333,3.34245
12000,842.5,0.7393594145,3.3425
12000,842.55,0.7393620927,3.34255
12000,842.6,0.739364768,3.3426
12000,842.65,0.7393674405,3.34265
12000,842.7,0.73937011,3.3427
12000,842.75,0.7393727766,3.34275
12000,842.8,0.7393754403,3.3428
12000,842.85,0.7393781012,3.34285
12000,842.9,0.7393807591,3.3429
12000,842.95,0.7393834141,3.34295
12000,843,0.7393860663,3.343
12000,843.05,0.7393887156,3.34305
12000,843.1,0.7393913619,3.3431
12000,843.15,0.7393940054,3.34315
12000,843.2,0.7393966461,3.3432
12000,843.25,0.7393992838,3.34325
12000,843.3,0.7394019187,3.3433
12000,843.35,0.7394045507,3.34335
12000,843.4,0.7394071798,3.3434
12000,843.45,0.7394098061,3.34345
12000,843.5,0.7394124295,3.3435
12000,843.55,0.73941505,3.34355
12000,843.6,0.7394176677,3.3436
12000,843.65,0.7394202825,3.34365
12000,843.7,0.7394228945,3.3437
12000,843.75,0.7394255036,3.34375
12000,843.8,0.7394281099,3.3438
12000,843.85,0.7394307133,3.34385
12000,843.9,0.7394333139,3.3439
12000,843.95,0.7394359117,3.34395
12000,844,0.7394385066,3.344
12000,844.05,0.7394410986,3.34405
12000,844.1,0.7394436879,3.3441
12000,844.15,0.7394462743,3.34415
12000,844.2,0.7394488579,3.3442
12000,844.25,0.7394514386,3.34425
12000,844.3,0.7394540166,3.3443
12000,844.35,0.7394565917,3.34435
12000,844.4,0.739459164,3.3444
12000,844.45,0.7394617335,3.34445
12000,844.5,0.7394643002,3.3445
12000,844.55,0.7394668641,3.34455
12000,844.6,0.7394694251,3.3446
12000,844.65,0.7394719834,3.34465
12000,844.7,0.7394745388,3.3447
12000,844.75,0.7394770915,3.34475
12000,844.8,0.7394796413,3.3448
12000,844.85,0.7394821884,3.34485
12000,844.9,0.7394847327,3.3449
12000,844.95,0.7394872742,3.34495
12000,845,0.7394898129,3.345
12000,845.05,0.7394923488,3.34505
12000,845.1,0.7394948819,3.3451
12000,845.15,0.7394974123,3.34515
12000,845.2,0.7394999399,3.3452
12000,845.25,0.7395024647,3.34525
12000,845.3,0.7395049867,3.3453
12000,845.35,0.739507506,3.34535
12000,845.4,0.7395100225,3.3454
12000,845.45,0.7395125362,3.34545
12000,845.5,0.7395150472,3.3455
12000,845.55,0.7395175554,3.34555
12000,845.6,0.7395200609,3.3456
12000,845.65,0.7395225636,3.34565
12000,845.7,0.7395250636,3.3457
12000,845.75,0.7395275608,3.34575
12000,845.8,0.7395300553,3.3458
12000,845.85,0.739532547,3.34585
12000,845.9,0.739535036,3.3459
12000,845.95,0.7395375222,3.34595
12000,846,0.7395400057,3.346
12000,846.05,0.7395424865,3.34605
12000,846.1,0.7395449646,3.3461
12000,846.15,0.7395474399,3.34615
12000,846.2,0.7395499125,3.3462
12000,846.25,0.7395523823,3.34625
12000,846.3,0.7395548495,3.3463
12000,846.35,0.7395573139,3.34635
12000,846.4,0.7395597756,3.3464
12000,846.45,0.7395622347,3.34645
12000,846.5,0.7395646909,3.3465
12000,846.55,0.7395671445,3.34655
12000,846.6,0.7395695954,3.3466
12000,846.65,0.7395720436,3.34665
12000,846.7,0.7395744891,3.3467
12000,846.75,0.7395769318,3.34675
12000,846.8,0.7395793719,3.3468
12000,846.85,0.7395818093,3.34685
12000,846.9,0.739584244,3.3469
12000,846.95,0.739586676,3.34695
12000,847,0.7395891053,3.347
12000,847.05,0.739591532,3.34705
12000,847.1,0.7395939559,3.3471
12000,847.15,0.7395963772,3.34715
12000,847.2,0.7395987958,3.3472
12000,847.25,0.7396012118,3.34725
12000,847.3,0.739603625,3.3473
12000,847.35,0.7396060356,3.34735
12000,847.4,0.7396084436,3.3474
12000,847.45,0.7396108488,3.34745
12000,847.5,0.7396132514,3.3475
12000,847.55,0.7396156514,3.34755
12000,847.6,0.7396180487,3.3476
12000,847.65,0.7396204433,3.34765
12000,847.7,0.7396228353,3.3477
12000,847.75,0.7396252246,3.34775
12000,847.8,0.7396276113,3.3478
12000,847.85,0.7396299954,3.34785
12000,847.9,0.7396323768,3.3479
12000,847.95,0.7396347555,3.34795
12000,848,0.7396371317,3.348
12000,848.05,0.7396395051,3.34805
12000,848.1,0.739641876,3.3481
12000,848.15,0.7396442442,3.34815
12000,848.2,0.7396466099,3.3482
12000,848.25,0.7396489728,3.34825
12000,848.3,0.7396513332,3.3483
12000,848.35,0.7396536909,3.34835
12000,848.4,0.7396560461,3.3484
12000,848.45,0.7396583986,3.34845
12000,848.5,0.7396607485,3.3485
12000,848.55,0.7396630958,3.34855
12000,848.6,0.7396654405,3.3486
12000,848.65,0.7396677825,3.34865
12000,848.7,0.739670122,3.3487
12000,848.75,0.7396724589,3.34875
12000,848.8,0.7396747932,3.3488
12000,848.85,0.7396771249,3.34885
12000,848.9,0.7396794539,3.3489
12000,848.95,0.7396817804,3.34895
12000,849,0.7396841044,3.349
12000,849.05,0.7396864257,3.34905
12000,849.1,0.7396887444,3.3491
12000,849.15,0.7396910606,3.34915
12000,849.2,0.7396933742,3.3492
12000,849.25,0.7396956852,3.34925
12000,849.3,0.7396979936,3.3493
12000,849.35,0.7397002995,3.34935
12000,849.4,0.7397026028,3.3494
12000,849.45,0.7397049035,3.34945
12000,849.5,0.7397072017,3.3495
12000,849.55,0.7397094973,3.34955
12000,849.6,0.7397117903,3.3496
12000,849.65,0.7397140808,3.34965
12000,849.7,0.7397163688,3.3497
12000,849.75,0.7397186542,3.34975
12000,849.8,0.739720937,3.3498
12000,849.85,0.7397232173,3.34985
12000,849.9,0.739725495,3.3499
12000,849.95,0.7397277702,3.34995
12000,850,0.7397300429,3.35
12000,850.05,0.739732313,3.35005
12000,850.1,0.7397345806,3.3501
12000,850.15,0.7397368457,3.35015
12000,850.2,0.7397391082,3.3502
12000,850.25,0.7397413682,3.35025
12000,850.3,0.7397436257,3.3503
12000,850.35,0.7397458806,3.35035
12000,850.4,0.739748133,3.3504
12000,850.45,0.7397503829,3.35045
12000,850.5,0.7397526303,3.3505
12000,850.55,0.7397548752,3.35055
12000,850.6,0.7397571176,3.3506
12000,850.65,0.7397593574,3.35065
12000,850.7,0.7397615948,3.3507
12000,850.75,0.7397638296,3.35075
12000,850.8,0.739766062,3.3508
12000,850.85,0.7397682918,3.35085
12000,850.9,0.7397705192,3.3509
12000,850.95,0.739772744,3.35095
12000,851,0.7397749664,3.351
12000,851.05,0.7397771863,3.35105
12000,851.1,0.7397794037,3.3511
12000,851.15,0.7397816186,3.35115
12000,851.2,0.739783831,3.3512
12000,851.25,0.7397860409,3.35125
12000,851.3,0.7397882484,3.3513
12000,851.35,0.7397904534,3.35135
12000,851.4,0.7397926559,3.3514
12000,851.45,0.7397948559,3.35145
12000,851.5,0.7397970535,3.3515
12000,851.55,0.7397992486,3.35155
12000,851.6,0.7398014412,3.3516
12000,851.65,0.7398036314,3.35165
12000,851.7,0.7398058191,3.3517
12000,851.75,0.7398080043,3.35175
12000,851.8,0.7398101871,3.3518
12000,851.85,0.7398123675,3.35185
12000,851.9,0.7398145454,3.3519
12000,851.95,0.7398167208,3.35195
12000,852,0.7398188938,3.352
12000,852.05,0.7398210644,3.35205
12000,852.1,0.7398232325,3.3521
12000,852.15,0.7398253982,3.35215
12000,852.2,0.7398275614,3.3522
12000,852.25,0.7398297222,3.35225
12000,852.3,0.7398318806,3.3523
12000,852.35,0.7398340365,3.35235
12000,852.4,0.7398361901,3.3524
12000,852.45,0.7398383412,3.35245
12000,852.5,0.7398404898,3.3525
12000,852.55,0.7398426361,3.35255
12000,852.6,0.7398447799,3.3526
12000,852.65,0.7398469213,3.35265
12000,852.7,0.7398490603,3.3527
12000,852.75,0.7398511969,3.35275
12000,852.8,0.7398533311,3.3528
12000,852.85,0.7398554629,3.35285
12000,852.9,0.7398575922,3.3529
12000,852.95,0.7398597192,3.35295
12000,853,0.7398618438,3.353
12000,853.05,0.739863966,3.35305
12000,853.1,0.7398660857,3.3531
12000,853.15,0.7398682031,3.35315
12000,853.2,0.7398703181,3.3532
12000,853.25,0.7398724307,3.35325
12000,853.3,0.7398745409,3.3533
12000,853.35,0.7398766488,3.35335
12000,853.4,0.7398787542,3.3534
12000,853.45,0.7398808573,3.35345
12000,853.5,0.739882958,3.3535
12000,853.55,0.7398850563,3.35355
12000,853.6,0.7398871522,3.3536
12000,853.65,0.7398892458,3.35365
12000,853.7,0.739891337,3.3537
12000,853.75,0.7398934259,3.35375
12000,853.8,0.7398955123,3.3538
12000,853.85,0.7398975965,3.35385
12000,853.9,0.7398996782,3.3539
12000,853.95,0.7399017576,3.35395
12000,854,0.7399038347,3.354
12000,854.05,0.7399059094,3.35405
12000,854.1,0.7399079817,3.3541
12000,854.15,0.7399100517,3.35415
12000,854.2,0.7399121194,3.3542
12000,854.25,0.7399141847,3.35425
12000,854.3,0.7399162476,3.3543
12000,854.35,0.7399183083,3.35435
12000,854.4,0.7399203666,3.3544
12000,854.45,0.7399224225,3.35445
12000,854.5,0.7399244761,3.3545
12000,854.55,0.7399265274,3.35455
12000,854.6,0.7399285764,3.3546
12000,854.65,0.7399306231,3.35465
12000,854.7,0.7399326674,3.3547
12000,854.75,0.7399347094,3.35475
12000,854.8,0.7399367491,3.3548
12000,854.85,0.7399387864,3.35485
12000,854.9,0.7399408215,3.3549
12000,854.95,0.7399428542,3.35495
12000,855,0.7399448846,3.355
12000,855.05,0.7399469127,3.35505
12000,855.1,0.7399489386,3.3551
12000,855.15,0.7399509621,3.35515
12000,855.2,0.7399529833,3.3552
12000,855.25,0.7399550022,3.35525
12000,855.3,0.7399570188,3.3553
12000,855.35,0.7399590331,3.35535
12000,855.4,0.7399610452,3.3554
12000,855.45,0.7399630549,3.35545
12000,855.5,0.7399650624,3.3555
12000,855.55,0.7399670675,3.35555
12000,855.6,0.7399690704,3.3556
12000,855.65,0.739971071,3.35565
12000,855.7,0.7399730693,3.3557
12000,855.75,0.7399750654,3.35575
12000,855.8,0.7399770591,3.3558
12000,855.85,0.7399790506,3.35585
12000,855.9,0.7399810399,3.3559
12000,855.95,0.7399830268,3.35595
12000,856,0.7399850115,3.356
12000,856.05,0.739986994,3.35605
12000,856.1,0.7399889741,3.3561
12000,856.15,0.739990952,3.35615
12000,856.2,0.7399929277,3.3562
12000,856.25,0.7399949011,3.35625
12000,856.3,0.7399968722,3.3563
12000,856.35,0.7399988411,3.35635
12000,856.4,0.7400008078,3.3564
12000,856.45,0.7400027722,3.35645
12000,856.5,0.7400047343,3.3565
12000,856.55,0.7400066943,3.35655
12000,856.6,0.7400086519,3.3566
12000,856.65,0.7400106074,3.35665
12000,856.7,0.7400125606,3.3567
12000,856.75,0.7400145115,3.35675
12000,856.8,0.7400164603,3.3568
12000,856.85,0.7400184068,3.35685
12000,856.9,0.7400203511,3.3569
12000,856.95,0.7400222931,3.35695
12000,857,0.740024233,3.357
12000,857.05,0.7400261706,3.35705
12000,857.1,0.740028106,3.3571
12000,857.15,0.7400300392,3.35715
12000,857.2,0.7400319701,3.3572
12000,857.25,0.7400338989,3.35725
12000,857.3,0.7400358255,3.3573
12000,857.35,0.7400377498,3.35735
12000,857.4,0.7400396719,3.3574
12000,857.45,0.7400415919,3.35745
12000,857.5,0.7400435096,3.3575
12000,857.55,0.7400454251,3.35755
12000,857.6,0.7400473385,3.3576
12000,857.65,0.7400492496,3.35765
12000,857.7,0.7400511586,3.3577
12000,857.75,0.7400530653,3.35775
12000,857.8,0.7400549699,3.3578
12000,857.85,0.7400568723,3.35785
12000,857.9,0.7400587725,3.3579
12000,857.95,0.7400606705,3.35795
12000,858,0.7400625664,3.358
12000,858.05,0.74006446,3.35805
12000,858.1,0.7400663515,3.3581
12000,858.15,0.7400682408,3.35815
12000,858.2,0.740070128,3.3582
12000,858.25,0.740072013,3.35825
12000,858.3,0.7400738958,3.3583
12000,858.35,0.7400757764,3.35835
12000,858.4,0.7400776549,3.3584
12000,858.45,0.7400795312,3.35845
12000,858.5,0.7400814054,3.3585
12000,858.55,0.7400832774,3.35855
12000,858.6,0.7400851473,3.3586
12000,858.65,0.740087015,3.35865
12000,858.7,0.7400888805,3.3587
12000,858.75,0.7400907439,3.35875
12000,858.8,0.7400926052,3.3588
12000,858.85,0.7400944643,3.35885
12000,858.9,0.7400963213,3.3589
12000,858.95,0.7400981761,3.35895
12000,859,0.7401000288,3.359
12000,859.05,0.7401018794,3.35905
12000,859.1,0.7401037278,3.3591
12000,859.15,0.7401055741,3.35915
12000,859.2,0.7401074183,3.3592
12000,859.25,0.7401092603,3.35925
12000,859.3,0.7401111002,3.3593
12000,859.35,0.740112938,3.35935
12000,859.4,0.7401147737,3.3594
12000,859.45,0.7401166072,3.35945
12000,859.5,0.7401184387,3.3595
12000,859.55,0.740120268,3.35955
12000,859.6,0.7401220952,3.3596
12000,859.65,0.7401239203,3.35965
12000,859.7,0.7401257433,3.3597
12000,859.75,0.7401275642,3.35975
12000,859.8,0.740129383,3.3598
12000,859.85,0.7401311997,3.35985
12000,859.9,0.7401330143,3.3599
12000,859.95,0.7401348268,3.35995
12000,860,0.7401366371,3.36
12000,860.05,0.7401384454,3.36005
12000,860.1,0.7401402516,3.3601
12000,860.15,0.7401420558,3.36015
12000,860.2,0.7401438578,3.3602
12000,860.25,0.7401456577,3.36025
12000,860.3,0.7401474556,3.3603
12000,860.35,0.7401492514,3.36035
12000,860.4,0.7401510451,3.3604
12000,860.45,0.7401528367,3.36045
12000,860.5,0.7401546262,3.3605
12000,860.55,0.7401564137,3.36055
12000,860.6,0.7401581991,3.3606
12000,860.65,0.7401599825,3.36065
12000,860.7,0.7401617637,3.3607
12000,860.75,0.7401635429,3.36075
12000,860.8,0.7401653201,3.3608
12000,860.85,0.7401670951,3.36085
12000,860.9,0.7401688682,3.3609
12000,860.95,0.7401706391,3.36095
12000,861,0.740172408,3.361
12000,861.05,0.7401741749,3.36105
12000,861.1,0.7401759397,3.3611
12000,861.15,0.7401777024,3.36115
12000,861.2,0.7401794632,3.3612
12000,861.25,0.7401812218,3.36125
12000,861.3,0.7401829784,3.3613
12000,861.35,0.740184733,3.36135
12000,861.4,0.7401864856,3.3614
12000,861.45,0.7401882361,3.36145
12000,861.5,0.7401899845,3.3615
12000,861.55,0.740191731,3.36155
12000,861.6,0.7401934754,3.3616
12000,861.65,0.7401952178,3.36165
12000,861.7,0.7401969581,3.3617
12000,861.75,0.7401986965,3.36175
12000,861.8,0.7402004328,3.3618
12000,861.85,0.7402021671,3.36185
12000,861.9,0.7402038993,3.3619
12000,861.95,0.7402056296,3.36195
12000,862,0.7402073578,3.362
12000,862.05,0.740209084,3.36205
12000,862.1,0.7402108083,3.3621
12000,862.15,0.7402125305,3.36215
12000,862.2,0.7402142507,3.3622
12000,862.25,0.7402159689,3.36225
12000,862.3,0.7402176851,3.3623
12000,862.35,0.7402193993,3.36235
12000,862.4,0.7402211115,3.3624
12000,862.45,0.7402228217,3.36245
12000,862.5,0.7402245299,3.3625
12000,862.55,0.7402262361,3.36255
12000,862.6,0.7402279403,3.3626
12000,862.65,0.7402296425,3.36265
12000,862.7,0.7402313428,3.3627
12000,862.75,0.740233041,3.36275
12000,862.8,0.7402347373,3.3628
12000,862.85,0.7402364316,3.36285
12000,862.9,0.7402381239,3.3629
12000,862.95,0.7402398143,3.36295
12000,863,0.7402415026,3.363
12000,863.05,0.740243189,3.36305
12000,863.1,0.7402448735,3.3631
12000,863.15,0.7402465559,3.36315
12000,863.2,0.7402482364,3.3632
12000,863.25,0.7402499149,3.36325
12000,863.3,0.7402515915,3.3633
12000,863.35,0.7402532661,3.36335
12000,863.4,0.7402549388,3.3634
12000,863.45,0.7402566094,3.36345
12000,863.5,0.7402582782,3.3635
12000,863.55,0.740259945,3.36355
12000,863.6,0.7402616098,3.3636
12000,863.65,0.7402632727,3.36365
12000,863.7,0.7402649336,3.3637
12000,863.75,0.7402665926,3.36375
12000,863.8,0.7402682496,3.3638
12000,863.85,0.7402699047,3.36385
12000,863.9,0.7402715579,3.3639
12000,863.95,0.7402732091,3.36395
12000,864,0.7402748584,3.364
12000,864.05,0.7402765058,3.36405
12000,864.1,0.7402781512,3.3641
12000,864.15,0.7402797947,3.36415
12000,864.2,0.7402814362,3.3642
12000,864.25,0.7402830759,3.36425
12000,864.3,0.7402847136,3.3643
12000,864.35,0.7402863494,3.36435
12000,864.4,0.7402879833,3.3644
12000,864.45,0.7402896152,3.36445
12000,864.5,0.7402912453,3.3645
12000,864.55,0.7402928734,3.36455
12000,864.6,0.7402944996,3.3646
12000,864.65,0.7402961239,3.36465
12000,864.7,0.7402977463,3.3647
12000,864.75,0.7402993668,3.36475
12000,864.8,0.7403009854,3.3648
12000,864.85,0.7403026021,3.36485
12000,864.9,0.7403042168,3.3649
12000,864.95,0.7403058297,3.36495
12000,865,0.7403074407,3.365
12000,865.05,0.7403090498,3.36505
12000,865.1,0.740310657,3.3651
12000,865.15,0.7403122623,3.36515
12000,865.2,0.7403138657,3.3652
12000,865.25,0.7403154672,3.36525
12000,865.3,0.7403170669,3.3653
12000,865.35,0.7403186646,3.36535
12000,865.4,0.7403202605,3.3654
12000,865.45,0.7403218545,3.36545
12000,865.5,0.7403234466,3.3655
12000,865.55,0.7403250369,3.36555
12000,865.6,0.7403266253,3.3656
12000,865.65,0.7403282118,3.36565
12000,865.7,0.7403297964,3.3657
12000,865.75,0.7403313791,3.36575
12000,865.8,0.74033296,3.3658
12000,865.85,0.7403345391,3.36585
12000,865.9,0.7403361162,3.3659
12000,865.95,0.7403376915,3.36595
12000,866,0.740339265,3.366
12000,866.05,0.7403408366,3.36605
12000,866.1,0.7403424063,3.3661
12000,866.15,0.7403439742,3.36615
12000,866.2,0.7403455402,3.3662
12000,866.25,0.7403471044,3.36625
12000,866.3,0.7403486667,3.3663
12000,866.35,0.7403502272,3.36635
12000,866.4,0.7403517858,3.3664
12000,866.45,0.7403533426,3.36645
12000,866.5,0.7403548976,3.3665
12000,866.55,0.7403564507,3.36655
12000,866.6,0.740358002,3.3666
12000,866.65,0.7403595515,3.36665
12000,866.7,0.7403610991,3.3667
12000,866.75,0.7403626449,3.36675
12000,866.8,0.7403641888,3.3668
12000,866.85,0.7403657309,3.36685
12000,866.9,0.7403672712,3.3669
12000,866.95,0.7403688097,3.36695
12000,867,0.7403703464,3.367
12000,867.05,0.7403718812,3.36705
12000,867.1,0.7403734142,3.3671
12000,867.15,0.7403749454,3.36715
12000,867.2,0.7403764748,3.3672
12000,867.25,0.7403780024,3.36725
12000,867.3,0.7403795282,3.3673
12000,867.35,0.7403810521,3.36735
12000,867.4,0.7403825743,3.3674
12000,867.45,0.7403840946,3.36745
12000,867.5,0.7403856132,3.3675
12000,867.55,0.7403871299,3.36755
12000,867.6,0.7403886449,3.3676
12000,867.65,0.740390158,3.36765
12000,867.7,0.7403916694,3.3677
12000,867.75,0.7403931789,3.36775
12000,867.8,0.7403946867,3.3678
12000,867.85,0.7403961927,3.36785
12000,867.9,0.7403976968,3.3679
12000,867.95,0.7403991992,3.36795
12000,868,0.7404006999,3.368
12000,868.05,0.7404021987,3.36805
12000,868.1,0.7404036957,3.3681
12000,868.15,0.740405191,3.36815
12000,868.2,0.7404066845,3.3682
12000,868.25,0.7404081762,3.36825
12000,868.3,0.7404096661,3.3683
12000,868.35,0.7404111543,3.36835
12000,868.4,0.7404126407,3.3684
12000,868.45,0.7404141253,3.36845
12000,868.5,0.7404156082,3.3685
12000,868.55,0.7404170893,3.36855
12000,868.6,0.7404185686,3.3686
12000,868.65,0.7404200462,3.36865
12000,868.7,0.740421522,3.3687
12000,868.75,0.7404229961,3.36875
12000,868.8,0.7404244684,3.3688
12000,868.85,0.7404259389,3.36885
12000,868.9,0.7404274077,3.3689
12000,868.95,0.7404288748,3.36895
12000,869,0.7404303401,3.369
12000,869.05,0.7404318036,3.36905
12000,869.1,0.7404332654,3.3691
12000,869.15,0.7404347255,3.36915
12000,869.2,0.7404361838,3.3692
12000,869.25,0.7404376404,3.36925
12000,869.3,0.7404390952,3.3693
12000,869.35,0.7404405483,3.36935
12000,869.4,0.7404419997,3.3694
12000,869.45,0.7404434493,3.36945
12000,869.5,0.7404448972,3.3695
12000,869.55,0.7404463434,3.36955
12000,869.6,0.7404477879,3.3696
12000,869.65,0.7404492306,3.36965
12000,869.7,0.7404506716,3.3697
12000,869.75,0.7404521109,3.36975
12000,869.8,0.7404535484,3.3698
12000,869.85,0.7404549843,3.36985
12000,869.9,0.7404564184,3.3699
12000,869.95,0.7404578508,3.36995
12000,870,0.7404592815,3.37
12000,870.05,0.7404607105,3.37005
12000,870.1,0.7404621378,3.3701
12000,870.15,0.7404635633,3.37015
12000,870.2,0.7404649872,3.3702
12000,870.25,0.7404664094,3.37025
12000,870.3,0.7404678298,3.3703
12000,870.35,0.7404692486,3.37035
12000,870.4,0.7404706656,3.3704
12000,870.45,0.740472081,3.37045
12000,870.5,0.7404734946,3.3705
12000,870.55,0.7404749066,3.37055
12000,870.6,0.7404763169,3.3706
12000,870.65,0.7404777255,3.37065
12000,870.7,0.7404791324,3.3707
12000,870.75,0.7404805376,3.37075
12000,870.8,0.7404819411,3.3708
12000,870.85,0.740483343,3.37085
12000,870.9,0.7404847431,3.3709
12000,870.95,0.7404861416,3.37095
12000,871,0.7404875384,3.371
12000,871.05,0.7404889335,3.37105
12000,871.1,0.740490327,3.3711
12000,871.15,0.7404917188,3.37115
12000,871.2,0.7404931089,3.3712
12000,871.25,0.7404944973,3.37125
12000,871.3,0.7404958841,3.3713
12000,871.35,0.7404972692,3.37135
12000,871.4,0.7404986526,3.3714
12000,871.45,0.7405000344,3.37145
12000,871.5,0.7405014145,3.3715
12000,871.55,0.740502793,3.37155
12000,871.6,0.7405041698,3.3716
12000,871.65,0.7405055449,3.37165
12000,871.7,0.7405069184,3.3717
12000,871.75,0.7405082903,3.37175
12000,871.8,0.7405096605,3.3718
12000,871.85,0.740511029,3.37185
12000,871.9,0.7405123959,3.3719
12000,871.95,0.7405137611,3.37195
12000,872,0.7405151247,3.372
12000,872.05,0.7405164867,3.37205
12000,872.1,0.740517847,3.3721
12000,872.15,0.7405192057,3.37215
12000,872.2,0.7405205628,3.3722
12000,872.25,0.7405219182,3.37225
12000,872.3,0.740523272,3.3723
12000,872.35,0.7405246241,3.37235
12000,872.4,0.7405259746,3.3724
12000,872.45,0.7405273235,3.37245
12000,872.5,0.7405286708,3.3725
12000,872.55,0.7405300164,3.37255
12000,872.6,0.7405313604,3.3726
12000,872.65,0.7405327028,3.37265
12000,872.7,0.7405340436,3.3727
12000,872.75,0.7405353828,3.37275
12000,872.8,0.7405367203,3.3728
12000,872.85,0.7405380562,3.37285
12000,872.9,0.7405393905,3.3729
12000,872.95,0.7405407232,3.37295
12000,873,0.7405420543,3.373
12000,873.05,0.7405433838,3.37305
12000,873.1,0.7405447117,3.3731
12000,873.15,0.740546038,3.37315
12000,873.2,0.7405473626,3.3732
12000,873.25,0.7405486857,3.37325
12000,873.3,0.7405500072,3.3733
12000,873.35,0.740551327,3.37335
12000,873.4,0.7405526453,3.3734
12000,873.45,0.740553962,3.37345
12000,873.5,0.7405552771,3.3735
12000,873.55,0.7405565906,3.37355
12000,873.6,0.7405579025,3.3736
12000,873.65,0.7405592128,3.37365
12000,873.7,0.7405605215,3.3737
12000,873.75,0.7405618287,3.37375
12000,873.8,0.7405631342,3.3738
12000,873.85,0.7405644382,3.37385
12000,873.9,0.7405657406,3.3739
12000,873.95,0.7405670414,3.37395
12000,874,0.7405683407,3.374
12000,874.05,0.7405696384,3.37405
12000,874.1,0.7405709345,3.3741
12000,874.15,0.740572229,3.37415
12000,874.2,0.740573522,3.3742
12000,874.25,0.7405748133,3.37425
12000,874.3,0.7405761032,3.3743
12000,874.35,0.7405773914,3.37435
12000,874.4,0.7405786781,3.3744
12000,874.45,0.7405799633,3.37445
12000,874.5,0.7405812468,3.3745
12000,874.55,0.7405825289,3.37455
12000,874.6,0.7405838093,3.3746
12000,874.65,0.7405850882,3.37465
12000,874.7,0.7405863656,3.3747
12000,874.75,0.7405876414,3.37475
12000,874.8,0.7405889156,3.3748
12000,874.85,0.7405901883,3.37485
12000,874.9,0.7405914595,3.3749
12000,874.95,0.7405927291,3.37495
12000,875,0.7405939972,3.375
12000,875.05,0.7405952637,3.37505
12000,875.1,0.7405965287,3.3751
12000,875.15,0.7405977921,3.37515
12000,875.2,0.740599054,3.3752
12000,875.25,0.7406003144,3.37525
12000,875.3,0.7406015733,3.3753
12000,875.35,0.7406028306,3.37535
12000,875.4,0.7406040863,3.3754
12000,875.45,0.7406053406,3.37545
12000,875.5,0.7406065933,3.3755
12000,875.55,0.7406078445,3.37555
12000,875.6,0.7406090942,3.3756
12000,875.65,0.7406103423,3.37565
12000,875.7,0.740611589,3.3757
12000,875.75,0.7406128341,3.37575
12000,875.8,0.7406140777,3.3758
12000,875.85,0.7406153197,3.37585
12000,875.9,0.7406165603,3.3759
12000,875.95,0.7406177994,3.37595
12000,876,0.7406190369,3.376
12000,876.05,0.7406202729,3.37605
12000,876.1,0.7406215074,3.3761
12000,876.15,0.7406227405,3.37615
12000,876.2,0.740623972,3.3762
12000,876.25,0.740625202,3.37625
12000,876.3,0.7406264305,3.3763
12000,876.35,0.7406276575,3.37635
12000,876.4,0.740628883,3.3764
12000,876.45,0.740630107,3.37645
12000,876.5,0.7406313295,3.3765
12000,876.55,0.7406325505,3.37655
12000,876.6,0.74063377,3.3766
12000,876.65,0.7406349881,3.37665
12000,876.7,0.7406362046,3.3767
12000,876.75,0.7406374197,3.37675
12000,876.8,0.7406386333,3.3768
12000,876.85,0.7406398454,3.37685
12000,876.9,0.740641056,3.3769
12000,876.95,0.7406422651,3.37695
12000,877,0.7406434727,3.377
12000,877.05,0.7406446789,3.37705
12000,877.1,0.7406458836,3.3771
12000,877.15,0.7406470868,3.37715
12000,877.2,0.7406482886,3.3772
12000,877.25,0.7406494888,3.37725
12000,877.3,0.7406506876,3.3773
12000,877.35,0.740651885,3.37735
12000,877.4,0.7406530808,3.3774
12000,877.45,0.7406542752,3.37745
12000,877.5,0.7406554682,3.3775
12000,877.55,0.7406566596,3.37755
12000,877.6,0.7406578497,3.3776
12000,877.65,0.7406590382,3.37765
12000,877.7,0.7406602253,3.3777
12000,877.75,0.740661411,3.37775
12000,877.8,0.7406625951,3.3778
12000,877.85,0.7406637779,3.37785
12000,877.9,0.7406649592,3.3779
12000,877.95,0.740666139,3.37795
12000,878,0.7406673174,3.378
12000,878.05,0.7406684943,3.37805
12000,878.1,0.7406696698,3.3781
12000,878.15,0.7406708439,3.37815
12000,878.2,0.7406720165,3.3782
12000,878.25,0.7406731876,3.37825
12000,878.3,0.7406743574,3.3783
12000,878.35,0.7406755256,3.37835
12000,878.4,0.7406766925,3.3784
12000,878.45,0.7406778579,3.37845
12000,878.5,0.7406790219,3.3785
12000,878.55,0.7406801845,3.37855
12000,878.6,0.7406813456,3.3786
12000,878.65,0.7406825053,3.37865
12000,878.7,0.7406836635,3.3787
12000,878.75,0.7406848204,3.37875
12000,878.8,0.7406859758,3.3788
12000,878.85,0.7406871298,3.37885
12000,878.9,0.7406882824,3.3789
12000,878.95,0.7406894335,3.37895
12000,879,0.7406905833,3.379
12000,879.05,0.7406917316,3.37905
12000,879.1,0.7406928785,3.3791
12000,879.15,0.740694024,3.37915
12000,879.2,0.7406951681,3.3792
12000,879.25,0.7406963108,3.37925
12000,879.3,0.740697452,3.3793
12000,879.35,0.7406985919,3.37935
12000,879.4,0.7406997304,3.3794
12000,879.45,0.7407008674,3.37945
12000,879.5,0.7407020031,3.3795
12000,879.55,0.7407031373,3.37955
12000,879.6,0.7407042701,3.3796
12000,879.65,0.7407054016,3.37965
12000,879.7,0.7407065316,3.3797
12000,879.75,0.7407076603,3.37975
12000,879.8,0.7407087876,3.3798
12000,879.85,0.7407099134,3.37985
12000,879.9,0.7407110379,3.3799
12000,879.95,0.740712161,3.37995
12000,880,0.7407132827,3.38
12000,880.05,0.740714403,3.38005
12000,880.1,0.740715522,3.3801
12000,880.15,0.7407166395,3.38015
12000,880.2,0.7407177557,3.3802
12000,880.25,0.7407188705,3.38025
12000,880.3,0.7407199839,3.3803
12000,880.35,0.7407210959,3.38035
12000,880.4,0.7407222066,3.3804
12000,880.45,0.7407233159,3.38045
12000,880.5,0.7407244238,3.3805
12000,880.55,0.7407255303,3.38055
12000,880.6,0.7407266355,3.3806
12000,880.65,0.7407277393,3.38065
12000,880.7,0.7407288417,3.3807
12000,880.75,0.7407299428,3.38075
12000,880.8,0.7407310425,3.3808
12000,880.85,0.7407321408,3.38085
12000,880.9,0.7407332378,3.3809
12000,880.95,0.7407343335,3.38095
12000,881,0.7407354277,3.381
12000,881.05,0.7407365206,3.38105
12000,881.1,0.7407376122,3.3811
12000,881.15,0.7407387024,3.38115
12000,881.2,0.7407397912,3.3812
12000,881.25,0.7407408787,3.38125
12000,881.3,0.7407419649,3.3813
12000,881.35,0.7407430497,3.38135
12000,881.4,0.7407441331,3.3814
12000,881.45,0.7407452152,3.38145
12000,881.5,0.740746296,3.3815
12000,881.55,0.7407473754,3.38155
12000,881.6,0.7407484535,3.3816
12000,881.65,0.7407495303,3.38165
12000,881.7,0.7407506057,3.3817
12000,881.75,0.7407516797,3.38175
12000,881.8,0.7407527525,3.3818
12000,881.85,0.7407538239,3.38185
12000,881.9,0.740754894,3.3819
12000,881.95,0.7407559627,3.38195
12000,882,0.7407570301,3.382
12000,882.05,0.7407580962,3.38205
12000,882.1,0.740759161,3.3821
12000,882.15,0.7407602244,3.38215
12000,882.2,0.7407612865,3.3822
12000,882.25,0.7407623473,3.38225
12000,882.3,0.7407634068,3.3823
12000,882.35,0.7407644649,3.38235
12000,882.4,0.7407655218,3.3824
12000,882.45,0.7407665773,3.38245
12000,882.5,0.7407676315,3.3825
12000,882.55,0.7407686844,3.38255
12000,882.6,0.740769736,3.3826
12000,882.65,0.7407707862,3.38265
12000,882.7,0.7407718352,3.3827
12000,882.75,0.7407728828,3.38275
12000,882.8,0.7407739292,3.3828
12000,882.85,0.7407749742,3.38285
12000,882.9,0.740776018,3.3829
12000,882.95,0.7407770604,3.38295
12000,883,0.7407781016,3.383
12000,883.05,0.7407791414,3.38305
12000,883.1,0.7407801799,3.3831
12000,883.15,0.7407812172,3.38315
12000,883.2,0.7407822531,3.3832
12000,883.25,0.7407832878,3.38325
12000,883.3,0.7407843212,3.3833
12000,883.35,0.7407853532,3.38335
12000,883.4,0.740786384,3.3834
12000,883.45,0.7407874135,3.38345
12000,883.5,0.7407884417,3.3835
12000,883.55,0.7407894687,3.38355
12000,883.6,0.7407904943,3.3836
12000,883.65,0.7407915187,3.38365
12000,883.7,0.7407925418,3.3837
12000,883.75,0.7407935636,3.38375
12000,883.8,0.7407945841,3.3838
12000,883.85,0.7407956034,3.38385
12000,883.9,0.7407966213,3.3839
12000,883.95,0.740797638,3.38395
12000,884,0.7407986535,3.384
12000,884.05,0.7407996676,3.38405
12000,884.1,0.7408006805,3.3841
12000,884.15,0.7408016921,3.38415
12000,884.2,0.7408027025,3.3842
12000,884.25,0.7408037116,3.38425
12000,884.3,0.7408047194,3.3843
12000,884.35,0.740805726,3.38435
12000,884.4,0.7408067313,3.3844
12000,884.45,0.7408077353,3.38445
12000,884.5,0.7408087381,3.3845
12000,884.55,0.7408097396,3.38455
12000,884.6,0.7408107399,3.3846
12000,884.65,0.7408117389,3.38465
12000,884.7,0.7408127367,3.3847
12000,884.75,0.7408137332,3.38475
12000,884.8,0.7408147285,3.3848
12000,884.85,0.7408157225,3.38485
12000,884.9,0.7408167153,3.3849
12000,884.95,0.7408177068,3.38495
12000,885,0.7408186971,3.385
12000,885.05,0.7408196861,3.38505
12000,885.1,0.7408206739,3.3851
12000,885.15,0.7408216604,3.38515
12000,885.2,0.7408226458,3.3852
12000,885.25,0.7408236298,3.38525
12000,885.3,0.7408246127,3.3853
12000,885.35,0.7408255943,3.38535
12000,885.4,0.7408265747,3.3854
12000,885.45,0.7408275538,3.38545
12000,885.5,0.7408285317,3.3855
12000,885.55,0.7408295084,3.38555
12000,885.6,0.7408304838,3.3856
12000,885.65,0.7408314581,3.38565
12000,885.7,0.7408324311,3.3857
12000,885.75,0.7408334028,3.38575
12000,885.8,0.7408343734,3.3858
12000,885.85,0.7408353427,3.38585
12000,885.9,0.7408363108,3.3859
12000,885.95,0.7408372777,3.38595
12000,886,0.7408382434,3.386
12000,886.05,0.7408392079,3.38605
12000,886.1,0.7408401711,3.3861
12000,886.15,0.7408411331,3.38615
12000,886.2,0.7408420939,3.3862
12000,886.25,0.7408430536,3.38625
12000,886.3,0.7408440119,3.3863
12000,886.35,0.7408449691,3.38635
12000,886.4,0.7408459251,3.3864
12000,886.45,0.7408468799,3.38645
12000,886.5,0.7408478335,3.3865
12000,886.55,0.7408487858,3.38655
12000,886.6,0.740849737,3.3866
12000,886.65,0.740850687,3.38665
12000,886.7,0.7408516358,3.3867
12000,886.75,0.7408525833,3.38675
12000,886.8,0.7408535297,3.3868
12000,886.85,0.7408544749,3.38685
12000,886.9,0.7408554189,3.3869
12000,886.95,0.7408563617,3.38695
12000,887,0.7408573033,3.387
12000,887.05,0.7408582437,3.38705
12000,887.1,0.7408591829,3.3871
12000,887.15,0.740860121,3.38715
12000,887.2,0.7408610578,3.3872
12000,887.25,0.7408619935,3.38725
12000,887.3,0.740862928,3.3873
12000,887.35,0.7408638613,3.38735
12000,887.4,0.7408647934,3.3874
12000,887.45,0.7408657244,3.38745
12000,887.5,0.7408666542,3.3875
12000,887.55,0.7408675828,3.38755
12000,887.6,0.7408685102,3.3876
12000,887.65,0.7408694364,3.38765
12000,887.7,0.7408703615,3.3877
12000,887.75,0.7408712854,3.38775
12000,887.8,0.7408722081,3.3878
12000,887.85,0.7408731297,3.38785
12000,887.9,0.7408740501,3.3879
12000,887.95,0.7408749693,3.38795
12000,888,0.7408758874,3.388
12000,888.05,0.7408768043,3.38805
12000,888.1,0.74087772,3.3881
12000,888.15,0.7408786346,3.38815
12000,888.2,0.740879548,3.3882
12000,888.25,0.7408804603,3.38825
12000,888.3,0.7408813714,3.3883
12000,888.35,0.7408822814,3.38835
12000,888.4,0.7408831902,3.3884
12000,888.45,0.7408840978,3.38845
12000,888.5,0.7408850043,3.3885
12000,888.55,0.7408859096,3.38855
12000,888.6,0.7408868138,3.3886
12000,888.65,0.7408877169,3.38865
12000,888.7,0.7408886188,3.3887
12000,888.75,0.7408895195,3.38875
12000,888.8,0.7408904191,3.3888
12000,888.85,0.7408913176,3.38885
12000,888.9,0.7408922149,3.3889
12000,888.95,0.7408931111,3.38895
12000,889,0.7408940062,3.389
12000,889.05,0.7408949001,3.38905
12000,889.1,0.7408957928,3.3891
12000,889.15,0.7408966845,3.38915
12000,889.2,0.740897575,3.3892
12000,889.25,0.7408984643,3.38925
12000,889.3,0.7408993526,3.3893
12000,889.35,0.7409002397,3.38935
12000,889.4,0.7409011257,3.3894
12000,889.45,0.7409020105,3.38945
12000,889.5,0.7409028942,3.3895
12000,889.55,0.7409037768,3.38955
12000,889.6,0.7409046583,3.3896
12000,889.65,0.7409055387,3.38965
12000,889.7,0.7409064179,3.3897
12000,889.75,0.740907296,3.38975
12000,889.8,0.740908173,3.3898
12000,889.85,0.7409090489,3.38985
12000,889.9,0.7409099237,3.3899
12000,889.95,0.7409107973,3.38995
12000,890,0.7409116698,3.39
12000,890.05,0.7409125413,3.39005
12000,890.1,0.7409134116,3.3901
12000,890.15,0.7409142808,3.39015
12000,890.2,0.7409151489,3.3902
12000,890.25,0.7409160158,3.39025
12000,890.3,0.7409168817,3.3903
12000,890.35,0.7409177465,3.39035
12000,890.4,0.7409186102,3.3904
12000,890.45,0.7409194727,3.39045
12000,890.5,0.7409203342,3.3905
12000,890.55,0.7409211945,3.39055
12000,890.6,0.7409220538,3.3906
12000,890.65,0.740922912,3.39065
12000,890.7,0.7409237691,3.3907
12000,890.75,0.740924625,3.39075
12000,890.8,0.7409254799,3.3908
12000,890.85,0.7409263337,3.39085
12000,890.9,0.7409271864,3.3909
12000,890.95,0.740928038,3.39095
12000,891,0.7409288885,3.391
12000,891.05,0.740929738,3.39105
12000,891.1,0.7409305863,3.3911
12000,891.15,0.7409314336,3.39115
12000,891.2,0.7409322797,3.3912
12000,891.25,0.7409331248,3.39125
12000,891.3,0.7409339688,3.3913
12000,891.35,0.7409348118,3.39135
12000,891.4,0.7409356536,3.3914
12000,891.45,0.7409364944,3.39145
12000,891.5,0.7409373341,3.3915
12000,891.55,0.7409381727,3.39155
12000,891.6,0.7409390103,3.3916
12000,891.65,0.7409398467,3.39165
12000,891.7,0.7409406821,3.3917
12000,891.75,0.7409415165,3.39175
12000,891.8,0.7409423497,3.3918
12000,891.85,0.7409431819,3.39185
12000,891.9,0.740944013,3.3919
12000,891.95,0.7409448431,3.39195
12000,892,0.7409456721,3.392
12000,892.05,0.7409465,3.39205
12000,892.1,0.7409473269,3.3921
12000,892.15,0.7409481527,3.39215
12000,892.2,0.7409489775,3.3922
12000,892.25,0.7409498012,3.39225
12000,892.3,0.7409506238,3.3923
12000,892.35,0.7409514454,3.39235
12000,892.4,0.7409522659,3.3924
12000,892.45,0.7409530854,3.39245
12000,892.5,0.7409539038,3.3925
12000,892.55,0.7409547211,3.39255
12000,892.6,0.7409555374,3.3926
12000,892.65,0.7409563527,3.39265
12000,892.7,0.7409571669,3.3927
12000,892.75,0.7409579801,3.39275
12000,892.8,0.7409587922,3.3928
12000,892.85,0.7409596033,3.39285
12000,892.9,0.7409604133,3.3929
12000,892.95,0.7409612223,3.39295
12000,893,0.7409620303,3.393
12000,893.05,0.7409628372,3.39305
12000,893.1,0.7409636431,3.3931
12000,893.15,0.7409644479,3.39315
12000,893.2,0.7409652517,3.3932
12000,893.25,0.7409660545,3.39325
12000,893.3,0.7409668562,3.3933
12000,893.35,0.7409676569,3.39335
12000,893.4,0.7409684566,3.3934
12000,893.45,0.7409692552,3.39345
12000,893.5,0.7409700528,3.3935
12000,893.55,0.7409708494,3.39355
12000,893.6,0.740971645,3.3936
12000,893.65,0.7409724395,3.39365
12000,893.7,0.740973233,3.3937
12000,893.75,0.7409740255,3.39375
12000,893.8,0.7409748169,3.3938
12000,893.85,0.7409756074,3.39385
12000,893.9,0.7409763968,3.3939
12000,893.95,0.7409771852,3.39395
12000,894,0.7409779726,3.394
12000,894.05,0.740978759,3.39405
12000,894.1,0.7409795443,3.3941
12000,894.15,0.7409803287,3.39415
12000,894.2,0.740981112,3.3942
12000,894.25,0.7409818943,3.39425
12000,894.3,0.7409826756,3.3943
12000,894.35,0.7409834559,3.39435
12000,894.4,0.7409842352,3.3944
12000,894.45,0.7409850135,3.39445
12000,894.5,0.7409857907,3.3945
12000,894.55,0.740986567,3.39455
12000,894.6,0.7409873423,3.3946
12000,894.65,0.7409881165,3.39465
12000,894.7,0.7409888898,3.3947
12000,894.75,0.740989662,3.39475
12000,894.8,0.7409904333,3.3948
12000,894.85,0.7409912036,3.39485
12000,894.9,0.7409919728,3.3949
12000,894.95,0.7409927411,3.39495
12000,895,0.7409935084,3.395
12000,895.05,0.7409942747,3.39505
12000,895.1,0.74099504,3.3951
12000,895.15,0.7409958043,3.39515
12000,895.2,0.7409965676,3.3952
12000,895.25,0.7409973299,3.39525
12000,895.3,0.7409980912,3.3953
12000,895.35,0.7409988516,3.39535
12000,895.4,0.740999611,3.3954
12000,895.45,0.7410003693,3.39545
12000,895.5,0.7410011267,3.3955
12000,895.55,0.7410018831,3.39555
12000,895.6,0.7410026386,3.3956
12000,895.65,0.741003393,3.39565
12000,895.7,0.7410041465,3.3957
12000,895.75,0.741004899,3.39575
12000,895.8,0.7410056505,3.3958
12000,895.85,0.7410064011,3.39585
12000,895.9,0.7410071506,3.3959
12000,895.95,0.7410078992,3.39595
12000,896,0.7410086469,3.396
12000,896.05,0.7410093935,3.39605
12000,896.1,0.7410101392,3.3961
12000,896.15,0.7410108839,3.39615
12000,896.2,0.7410116277,3.3962
12000,896.25,0.7410123704,3.39625
12000,896.3,0.7410131123,3.3963
12000,896.35,0.7410138531,3.39635
12000,896.4,0.741014593,3.3964
12000,896.45,0.7410153319,3.39645
12000,896.5,0.7410160699,3.3965
12000,896.55,0.7410168069,3.39655
12000,896.6,0.741017543,3.3966
12000,896.65,0.7410182781,3.39665
12000,896.7,0.7410190122,3.3967
12000,896.75,0.7410197454,3.39675
12000,896.8,0.7410204776,3.3968
12000,896.85,0.7410212089,3.39685
12000,896.9,0.7410219392,3.3969
12000,896.95,0.7410226686,3.39695
12000,897,0.741023397,3.397
12000,897.05,0.7410241245,3.39705
12000,897.1,0.741024851,3.3971
12000,897.15,0.7410255766,3.39715
12000,897.2,0.7410263012,3.3972
12000,897.25,0.7410270249,3.39725
12000,897.3,0.7410277476,3.3973
12000,897.35,0.7410284694,3.39735
12000,897.4,0.7410291903,3.3974
12000,897.45,0.7410299102,3.39745
12000,897.5,0.7410306292,3.3975
12000,897.55,0.7410313472,3.39755
12000,897.6,0.7410320644,3.3976
12000,897.65,0.7410327805,3.39765
12000,897.7,0.7410334958,3.3977
12000,897.75,0.7410342101,3.39775
12000,897.8,0.7410349234,3.3978
12000,897.85,0.7410356359,3.39785
12000,897.9,0.7410363474,3.3979
12000,897.95,0.741037058,3.39795
12000,898,0.7410377676,3.398
12000,898.05,0.7410384764,3.39805
12000,898.1,0.7410391842,3.3981
12000,898.15,0.741039891,3.39815
12000,898.2,0.741040597,3.3982
12000,898.25,0.741041302,3.39825
12000,898.3,0.7410420061,3.3983
12000,898.35,0.7410427093,3.39835
12000,898.4,0.7410434116,3.3984
12000,898.45,0.7410441129,3.39845
12000,898.5,0.7410448134,3.3985
12000,898.55,0.7410455129,3.39855
12000,898.6,0.7410462115,3.3986
12000,898.65,0.7410469092,3.39865
12000,898.7,0.7410476059,3.3987
12000,898.75,0.7410483018,3.39875
12000,898.8,0.7410489967,3.3988
12000,898.85,0.7410496908,3.39885
12000,898.9,0.7410503839,3.3989
12000,898.95,0.7410510761,3.39895
12000,899,0.7410517674,3.399
12000,899.05,0.7410524579,3.39905
12000,899.1,0.7410531474,3.3991
12000,899.15,0.741053836,3.39915
12000,899.2,0.7410545237,3.3992
12000,899.25,0.7410552105,3.39925
12000,899.3,0.7410558964,3.3993
12000,899.35,0.7410565814,3.39935
12000,899.4,0.7410572655,3.3994
12000,899.45,0.7410579487,3.39945
12000,899.5,0.741058631,3.3995
12000,899.55,0.7410593124,3.39955
12000,899.6,0.7410599929,3.3996
12000,899.65,0.7410606725,3.39965
12000,899.7,0.7410613512,3.3997
12000,899.75,0.7410620291,3.39975
12000,899.8,0.741062706,3.3998
12000,899.85,0.7410633821,3.39985
12000,899.9,0.7410640573,3.3999
12000,899.95,0.7410647315,3.39995
12000,900,0.7410654049,3.4
12000,900.05,0.7410660774,3.40005
12000,900.1,0.7410667491,3.4001
12000,900.15,0.7410674198,3.40015
12000,900.2,0.7410680897,3.4002
12000,900.25,0.7410687587,3.40025
12000,900.3,0.7410694268,3.4003
12000,900.35,0.741070094,3.40035
12000,900.4,0.7410707604,3.4004
12000,900.45,0.7410714258,3.40045
12000,900.5,0.7410720904,3.4005
12000,900.55,0.7410727541,3.40055
12000,900.6,0.741073417,3.4006
12000,900.65,0.741074079,3.40065
12000,900.7,0.7410747401,3.4007
12000,900.75,0.7410754003,3.40075
12000,900.8,0.7410760597,3.4008
12000,900.85,0.7410767182,3.40085
12000,900.9,0.7410773758,3.4009
12000,900.95,0.7410780325,3.40095
12000,901,0.7410786884,3.401
12000,901.05,0.7410793435,3.40105
12000,901.1,0.7410799976,3.4011
12000,901.15,0.7410806509,3.40115
12000,901.2,0.7410813034,3.4012
12000,901.25,0.741081955,3.40125
12000,901.3,0.7410826057,3.4013
12000,901.35,0.7410832555,3.40135
12000,901.4,0.7410839046,3.4014
12000,901.45,0.7410845527,3.40145
12000,901.5,0.7410852,3.4015
12000,901.55,0.7410858464,3.40155
12000,901.6,0.741086492,3.4016
12000,901.65,0.7410871368,3.40165
12000,901.7,0.7410877806,3.4017
12000,901.75,0.7410884237,3.40175
12000,901.8,0.7410890659,3.4018
12000,901.85,0.7410897072,3.40185
12000,901.9,0.7410903477,3.4019
12000,901.95,0.7410909873,3.40195
12000,902,0.7410916261,3.402
12000,902.05,0.7410922641,3.40205
12000,902.1,0.7410929012,3.4021
12000,902.15,0.7410935374,3.40215
12000,902.2,0.7410941729,3.4022
12000,902.25,0.7410948075,3.40225
12000,902.3,0.7410954412,3.4023
12000,902.35,0.7410960741,3.40235
12000,902.4,0.7410967062,3.4024
12000,902.45,0.7410973374,3.40245
12000,902.5,0.7410979678,3.4025
12000,902.55,0.7410985974,3.40255
12000,902.6,0.7410992261,3.4026
12000,902.65,0.741099854,3.40265
12000,902.7,0.741100481,3.4027
12000,902.75,0.7411011073,3.40275
12000,902.8,0.7411017327,3.4028
12000,902.85,0.7411023573,3.40285
12000,902.9,0.741102981,3.4029
12000,902.95,0.7411036039,3.40295
12000,903,0.741104226,3.403
12000,903.05,0.7411048473,3.40305
12000,903.1,0.7411054677,3.4031
12000,903.15,0.7411060874,3.40315
12000,903.2,0.7411067062,3.4032
12000,903.25,0.7411073241,3.40325
12000,903.3,0.7411079413,3.4033
12000,903.35,0.7411085576,3.40335
12000,903.4,0.7411091732,3.4034
12000,903.45,0.7411097879,3.40345
12000,903.5,0.7411104018,3.4035
12000,903.55,0.7411110148,3.40355
12000,903.6,0.7411116271,3.4036
12000,903.65,0.7411122385,3.40365
12000,903.7,0.7411128492,3.4037
12000,903.75,0.741113459,3.40375
12000,903.8,0.741114068,3.4038
12000,903.85,0.7411146762,3.40385
12000,903.9,0.7411152836,3.4039
12000,903.95,0.7411158902,3.40395
12000,904,0.741116496,3.404
12000,904.05,0.741117101,3.40405
12000,904.1,0.7411177051,3.4041
12000,904.15,0.7411183085,3.40415
12000,904.2,0.7411189111,3.4042
12000,904.25,0.7411195128,3.40425
12000,904.3,0.7411201138,3.4043
12000,904.35,0.7411207139,3.40435
12000,904.4,0.7411213133,3.4044
12000,904.45,0.7411219119,3.40445
12000,904.5,0.7411225096,3.4045
12000,904.55,0.7411231066,3.40455
12000,904.6,0.7411237028,3.4046
12000,904.65,0.7411242982,3.40465
12000,904.7,0.7411248928,3.4047
12000,904.75,0.7411254866,3.40475
12000,904.8,0.7411260796,3.4048
12000,904.85,0.7411266718,3.40485
12000,904.9,0.7411272632,3.4049
12000,904.95,0.7411278539,3.40495
12000,905,0.7411284437,3.405
12000,905.05,0.7411290328,3.40505
12000,905.1,0.741129621,3.4051
12000,905.15,0.7411302085,3.40515
12000,905.2,0.7411307953,3.4052
12000,905.25,0.7411313812,3.40525
12000,905.3,0.7411319663,3.4053
12000,905.35,0.7411325507,3.40535
12000,905.4,0.7411331343,3.4054
12000,905.45,0.7411337171,3.40545
12000,905.5,0.7411342991,3.4055
12000,905.55,0.7411348803,3.40555
12000,905.6,0.7411354608,3.4056
12000,905.65,0.7411360405,3.40565
12000,905.7,0.7411366194,3.4057
12000,905.75,0.7411371976,3.40575
12000,905.8,0.741137775,3.4058
12000,905.85,0.7411383516,3.40585
12000,905.9,0.7411389274,3.4059
12000,905.95,0.7411395025,3.40595
12000,906,0.7411400768,3.406
12000,906.05,0.7411406503,3.40605
12000,906.1,0.741141223,3.4061
12000,906.15,0.741141795,3.40615
12000,906.2,0.7411423663,3.4062
12000,906.25,0.7411429367,3.40625
12000,906.3,0.7411435064,3.4063
12000,906.35,0.7411440754,3.40635
12000,906.4,0.7411446435,3.4064
12000,906.45,0.7411452109,3.40645
12000,906.5,0.7411457776,3.4065
12000,906.55,0.7411463435,3.40655
12000,906.6,0.7411469086,3.4066
12000,906.65,0.741147473,3.40665
12000,906.7,0.7411480366,3.4067
12000,906.75,0.7411485995,3.40675
12000,906.8,0.7411491616,3.4068
12000,906.85,0.741149723,3.40685
12000,906.9,0.7411502836,3.4069
12000,906.95,0.7411508434,3.40695
12000,907,0.7411514025,3.407
12000,907.05,0.7411519609,3.40705
12000,907.1,0.7411525185,3.4071
12000,907.15,0.7411530754,3.40715
12000,907.2,0.7411536315,3.4072
12000,907.25,0.7411541868,3.40725
12000,907.3,0.7411547414,3.4073
12000,907.35,0.7411552953,3.40735
12000,907.4,0.7411558485,3.4074
12000,907.45,0.7411564008,3.40745
12000,907.5,0.7411569525,3.4075
12000,907.55,0.7411575034,3.40755
12000,907.6,0.7411580535,3.4076
12000,907.65,0.741158603,3.40765
12000,907.7,0.7411591517,3.4077
12000,907.75,0.7411596996,3.40775
12000,907.8,0.7411602468,3.4078
12000,907.85,0.7411607933,3.40785
12000,907.9,0.741161339,3.4079
12000,907.95,0.741161884,3.40795
12000,908,0.7411624283,3.408
12000,908.05,0.7411629719,3.40805
12000,908.1,0.7411635147,3.4081
12000,908.15,0.7411640567,3.40815
12000,908.2,0.7411645981,3.4082
12000,908.25,0.7411651387,3.40825
12000,908.3,0.7411656786,3.4083
12000,908.35,0.7411662178,3.40835
12000,908.4,0.7411667562,3.4084
12000,908.45,0.7411672939,3.40845
12000,908.5,0.7411678309,3.4085
12000,908.55,0.7411683672,3.40855
12000,908.6,0.7411689027,3.4086
12000,908.65,0.7411694375,3.40865
12000,908.7,0.7411699717,3.4087
12000,908.75,0.741170505,3.40875
12000,908.8,0.7411710377,3.4088
12000,908.85,0.7411715696,3.40885
12000,908.9,0.7411721009,3.4089
12000,908.95,0.7411726314,3.40895
12000,909,0.7411731612,3.409
12000,909.05,0.7411736903,3.40905
12000,909.1,0.7411742186,3.4091
12000,909.15,0.7411747463,3.40915
12000,909.2,0.7411752732,3.4092
12000,909.25,0.7411757994,3.40925
12000,909.3,0.741176325,3.4093
12000,909.35,0.7411768498,3.40935
12000,909.4,0.7411773739,3.4094
12000,909.45,0.7411778973,3.40945
12000,909.5,0.7411784199,3.4095
12000,909.55,0.7411789419,3.40955
12000,909.6,0.7411794632,3.4096
12000,909.65,0.7411799838,3.40965
12000,909.7,0.7411805036,3.4097
12000,909.75,0.7411810228,3.40975
12000,909.8,0.7411815413,3.4098
12000,909.85,0.741182059,3.40985
12000,909.9,0.7411825761,3.4099
12000,909.95,0.7411830924,3.40995
12000,910,0.7411836081,3.41
12000,910.05,0.7411841231,3.41005
12000,910.1,0.7411846373,3.4101
12000,910.15,0.7411851509,3.41015
12000,910.2,0.7411856638,3.4102
12000,910.25,0.7411861759,3.41025
12000,910.3,0.7411866874,3.4103
12000,910.35,0.7411871982,3.41035
12000,910.4,0.7411877083,3.4104
12000,910.45,0.7411882177,3.41045
12000,910.5,0.7411887265,3.4105
12000,910.55,0.7411892345,3.41055
12000,910.6,0.7411897418,3.4106
12000,910.65,0.7411902485,3.41065
12000,910.7,0.7411907545,3.4107
12000,910.75,0.7411912597,3.41075
12000,910.8,0.7411917643,3.4108
12000,910.85,0.7411922683,3.41085
12000,910.9,0.7411927715,3.4109
12000,910.95,0.741193274,3.41095
12000,911,0.7411937759,3.411
12000,911.05,0.7411942771,3.41105
12000,911.1,0.7411947776,3.4111
12000,911.15,0.7411952774,3.41115
12000,911.2,0.7411957766,3.4112
12000,911.25,0.741196275,3.41125
12000,911.3,0.7411967728,3.4113
12000,911.35,0.7411972699,3.41135
12000,911.4,0.7411977664,3.4114
12000,911.45,0.7411982621,3.41145
12000,911.5,0.7411987572,3.4115
12000,911.55,0.7411992516,3.41155
12000,911.6,0.7411997454,3.4116
12000,911.65,0.7412002385,3.41165
12000,911.7,0.7412007309,3.4117
12000,911.75,0.7412012226,3.41175
12000,911.8,0.7412017137,3.4118
12000,911.85,0.7412022041,3.41185
12000,911.9,0.7412026938,3.4119
12000,911.95,0.7412031829,3.41195
12000,912,0.7412036713,3.412
12000,912.05,0.741204159,3.41205
12000,912.1,0.7412046461,3.4121
12000,912.15,0.7412051325,3.41215
12000,912.2,0.7412056182,3.4122
12000,912.25,0.7412061033,3.41225
12000,912.3,0.7412065878,3.4123
12000,912.35,0.7412070715,3.41235
12000,912.4,0.7412075546,3.4124
12000,912.45,0.7412080371,3.41245
12000,912.5,0.7412085189,3.4125
12000,912.55,0.741209,3.41255
12000,912.6,0.7412094805,3.4126
12000,912.65,0.7412099603,3.41265
12000,912.7,0.7412104395,3.4127
12000,912.75,0.741210918,3.41275
12000,912.8,0.7412113958,3.4128
12000,912.85,0.741211873,3.41285
12000,912.9,0.7412123496,3.4129
12000,912.95,0.7412128255,3.41295
12000,913,0.7412133008,3.413
12000,913.05,0.7412137754,3.41305
12000,913.1,0.7412142494,3.4131
12000,913.15,0.7412147227,3.41315
12000,913.2,0.7412151953,3.4132
12000,913.25,0.7412156674,3.41325
12000,913.3,0.7412161387,3.4133
12000,913.35,0.7412166095,3.41335
12000,913.4,0.7412170796,3.4134
12000,913.45,0.741217549,3.41345
12000,913.5,0.7412180178,3.4135
12000,913.55,0.741218486,3.41355
12000,913.6,0.7412189535,3.4136
12000,913.65,0.7412194204,3.41365
12000,913.7,0.7412198867,3.4137
12000,913.75,0.7412203523,3.41375
12000,913.8,0.7412208173,3.4138
12000,913.85,0.7412212816,3.41385
12000,913.9,0.7412217453,3.4139
12000,913.95,0.7412222084,3.41395
12000,914,0.7412226708,3.414
12000,914.05,0.7412231326,3.41405
12000,914.1,0.7412235938,3.4141
12000,914.15,0.7412240543,3.41415
12000,914.2,0.7412245142,3.4142
12000,914.25,0.7412249735,3.41425
12000,914.3,0.7412254322,3.4143
12000,914.35,0.7412258902,3.41435
12000,914.4,0.7412263476,3.4144
12000,914.45,0.7412268044,3.41445
12000,914.5,0.7412272605,3.4145
12000,914.55,0.741227716,3.41455
12000,914.6,0.7412281709,3.4146
12000,914.65,0.7412286252,3.41465
12000,914.7,0.7412290788,3.4147
12000,914.75,0.7412295318,3.41475
12000,914.8,0.7412299842,3.4148
12000,914.85,0.741230436,3.41485
12000,914.9,0.7412308872,3.4149
12000,914.95,0.7412313377,3.41495
12000,915,0.7412317877,3.415
12000,915.05,0.741232237,3.41505
12000,915.1,0.7412326857,3.4151
12000,915.15,0.7412331337,3.41515
12000,915.2,0.7412335812,3.4152
12000,915.25,0.741234028,3.41525
12000,915.3,0.7412344743,3.4153
12000,915.35,0.7412349199,3.41535
12000,915.4,0.7412353649,3.4154
12000,915.45,0.7412358093,3.41545
12000,915.5,0.7412362531,3.4155
12000,915.55,0.7412366962,3.41555
12000,915.6,0.7412371388,3.4156
12000,915.65,0.7412375808,3.41565
12000,915.7,0.7412380221,3.4157
12000,915.75,0.7412384629,3.41575
12000,915.8,0.741238903,3.4158
12000,915.85,0.7412393425,3.41585
12000,915.9,0.7412397814,3.4159
12000,915.95,0.7412402198,3.41595
12000,916,0.7412406575,3.416
12000,916.05,0.7412410946,3.41605
12000,916.1,0.7412415311,3.4161
12000,916.15,0.741241967,3.41615
12000,916.2,0.7412424023,3.4162
12000,916.25,0.741242837,3.41625
12000,916.3,0.7412432712,3.4163
12000,916.35,0.7412437047,3.41635
12000,916.4,0.7412441376,3.4164
12000,916.45,0.7412445699,3.41645
12000,916.5,0.7412450016,3.4165
12000,916.55,0.7412454328,3.41655
12000,916.6,0.7412458633,3.4166
12000,916.65,0.7412462932,3.41665
12000,916.7,0.7412467226,3.4167
12000,916.75,0.7412471514,3.41675
12000,916.8,0.7412475795,3.4168
12000,916.85,0.7412480071,3.41685
12000,916.9,0.7412484341,3.4169
12000,916.95,0.7412488605,3.41695
12000,917,0.7412492863,3.417
12000,917.05,0.7412497115,3.41705
12000,917.1,0.7412501361,3.4171
12000,917.15,0.7412505602,3.41715
12000,917.2,0.7412509836,3.4172
12000,917.25,0.7412514065,3.41725
12000,917.3,0.7412518288,3.4173
12000,917.35,0.7412522505,3.41735
12000,917.4,0.7412526716,3.4174
12000,917.45,0.7412530922,3.41745
12000,917.5,0.7412535122,3.4175
12000,917.55,0.7412539315,3.41755
12000,917.6,0.7412543503,3.4176
12000,917.65,0.7412547686,3.41765
12000,917.7,0.7412551862,3.4177
12000,917.75,0.7412556033,3.41775
12000,917.8,0.7412560198,3.4178
12000,917.85,0.7412564357,3.41785
12000,917.9,0.741256851,3.4179
12000,917.95,0.7412572658,3.41795
12000,918,0.74125768,3.418
12000,918.05,0.7412580936,3.41805
12000,918.1,0.7412585066,3.4181
12000,918.15,0.7412589191,3.41815
12000,918.2,0.741259331,3.4182
12000,918.25,0.7412597423,3.41825
12000,918.3,0.7412601531,3.4183
12000,918.35,0.7412605633,3.41835
12000,918.4,0.7412609729,3.4184
12000,918.45,0.741261382,3.41845
12000,918.5,0.7412617905,3.4185
12000,918.55,0.7412621984,3.41855
12000,918.6,0.7412626057,3.4186
12000,918.65,0.7412630125,3.41865
12000,918.7,0.7412634188,3.4187
12000,918.75,0.7412638244,3.41875
12000,918.8,0.7412642295,3.4188
12000,918.85,0.7412646341,3.41885
12000,918.9,0.741265038,3.4189
12000,918.95,0.7412654415,3.41895
12000,919,0.7412658443,3.419
12000,919.05,0.7412662466,3.41905
12000,919.1,0.7412666484,3.4191
12000,919.15,0.7412670495,3.41915
12000,919.2,0.7412674502,3.4192
12000,919.25,0.7412678502,3.41925
12000,919.3,0.7412682498,3.4193
12000,919.35,0.7412686487,3.41935
12000,919.4,0.7412690471,3.4194
12000,919.45,0.741269445,3.41945
12000,919.5,0.7412698423,3.4195
12000,919.55,0.741270239,3.41955
12000,919.6,0.7412706352,3.4196
12000,919.65,0.7412710308,3.41965
12000,919.7,0.7412714259,3.4197
12000,919.75,0.7412718205,3.41975
12000,919.8,0.7412722145,3.4198
12000,919.85,0.7412726079,3.41985
12000,919.9,0.7412730008,3.4199
12000,919.95,0.7412733932,3.41995
12000,920,0.741273785,3.42
12000,920.05,0.7412741762,3.42005
12000,920.1,0.741274567,3.4201
12000,920.15,0.7412749571,3.42015
12000,920.2,0.7412753468,3.4202
12000,920.25,0.7412757358,3.42025
12000,920.3,0.7412761244,3.4203
12000,920.35,0.7412765124,3.42035
12000,920.4,0.7412768999,3.4204
12000,920.45,0.7412772868,3.42045
12000,920.5,0.7412776732,3.4205
12000,920.55,0.741278059,3.42055
12000,920.6,0.7412784443,3.4206
12000,920.65,0.7412788291,3.42065
12000,920.7,0.7412792133,3.4207
12000,920.75,0.741279597,3.42075
12000,920.8,0.7412799802,3.4208
12000,920.85,0.7412803628,3.42085
12000,920.9,0.7412807449,3.4209
12000,920.95,0.7412811264,3.42095
12000,921,0.7412815075,3.421
12000,921.05,0.741281888,3.42105
12000,921.1,0.7412822679,3.4211
12000,921.15,0.7412826474,3.42115
12000,921.2,0.7412830263,3.4212
12000,921.25,0.7412834046,3.42125
12000,921.3,0.7412837825,3.4213
12000,921.35,0.7412841598,3.42135
12000,921.4,0.7412845366,3.4214
12000,921.45,0.7412849129,3.42145
12000,921.5,0.7412852886,3.4215
12000,921.55,0.7412856638,3.42155
12000,921.6,0.7412860385,3.4216
12000,921.65,0.7412864127,3.42165
12000,921.7,0.7412867863,3.4217
12000,921.75,0.7412871594,3.42175
12000,921.8,0.741287532,3.4218
12000,921.85,0.7412879041,3.42185
12000,921.9,0.7412882757,3.4219
12000,921.95,0.7412886467,3.42195
12000,922,0.7412890172,3.422
12000,922.05,0.7412893872,3.42205
12000,922.1,0.7412897567,3.4221
12000,922.15,0.7412901256,3.42215
12000,922.2,0.7412904941,3.4222
12000,922.25,0.741290862,3.42225
12000,922.3,0.7412912294,3.4223
12000,922.35,0.7412915963,3.42235
12000,922.4,0.7412919627,3.4224
12000,922.45,0.7412923286,3.42245
12000,922.5,0.741292694,3.4225
12000,922.55,0.7412930588,3.42255
12000,922.6,0.7412934231,3.4226
12000,922.65,0.741293787,3.42265
12000,922.7,0.7412941503,3.4227
12000,922.75,0.7412945131,3.42275
12000,922.8,0.7412948754,3.4228
12000,922.85,0.7412952372,3.42285
12000,922.9,0.7412955984,3.4229
12000,922.95,0.7412959592,3.42295
12000,923,0.7412963195,3.423
12000,923.05,0.7412966792,3.42305
12000,923.1,0.7412970385,3.4231
12000,923.15,0.7412973973,3.42315
12000,923.2,0.7412977555,3.4232
12000,923.25,0.7412981132,3.42325
12000,923.3,0.7412984705,3.4233
12000,923.35,0.7412988272,3.42335
12000,923.4,0.7412991835,3.4234
12000,923.45,0.7412995392,3.42345
12000,923.5,0.7412998944,3.4235
12000,923.55,0.7413002492,3.42355
12000,923.6,0.7413006034,3.4236
12000,923.65,0.7413009572,3.42365
12000,923.7,0.7413013104,3.4237
12000,923.75,0.7413016632,3.42375
12000,923.8,0.7413020154,3.4238
12000,923.85,0.7413023672,3.42385
12000,923.9,0.7413027184,3.4239
12000,923.95,0.7413030692,3.42395
12000,924,0.7413034195,3.424
12000,924.05,0.7413037693,3.42405
12000,924.1,0.7413041186,3.4241
12000,924.15,0.7413044673,3.42415
12000,924.2,0.7413048157,3.4242
12000,924.25,0.7413051635,3.42425
12000,924.3,0.7413055108,3.4243
12000,924.35,0.7413058576,3.42435
12000,924.4,0.741306204,3.4244
12000,924.45,0.7413065498,3.42445
12000,924.5,0.7413068952,3.4245
12000,924.55,0.7413072401,3.42455
12000,924.6,0.7413075845,3.4246
12000,924.65,0.7413079284,3.42465
12000,924.7,0.7413082718,3.4247
12000,924.75,0.7413086148,3.42475
12000,924.8,0.7413089572,3.4248
12000,924.85,0.7413092992,3.42485
12000,924.9,0.7413096407,3.4249
12000,924.95,0.7413099817,3.42495
12000,925,0.7413103223,3.425
12000,925.05,0.7413106623,3.42505
12000,925.1,0.7413110019,3.4251
12000,925.15,0.741311341,3.42515
12000,925.2,0.7413116796,3.4252
12000,925.25,0.7413120177,3.42525
12000,925.3,0.7413123554,3.4253
12000,925.35,0.7413126926,3.42535
12000,925.4,0.7413130293,3.4254
12000,925.45,0.7413133655,3.42545
12000,925.5,0.7413137013,3.4255
12000,925.55,0.7413140365,3.42555
12000,925.6,0.7413143713,3.4256
12000,925.65,0.7413147057,3.42565
12000,925.7,0.7413150395,3.4257
12000,925.75,0.7413153729,3.42575
12000,925.8,0.7413157058,3.4258
12000,925.85,0.7413160383,3.42585
12000,925.9,0.7413163703,3.4259
12000,925.95,0.7413167018,3.42595
12000,926,0.7413170328,3.426
12000,926.05,0.7413173634,3.42605
12000,926.1,0.7413176935,3.4261
12000,926.15,0.7413180231,3.42615
12000,926.2,0.7413183523,3.4262
12000,926.25,0.741318681,3.42625
12000,926.3,0.7413190092,3.4263
12000,926.35,0.741319337,3.42635
12000,926.4,0.7413196643,3.4264
12000,926.45,0.7413199911,3.42645
12000,926.5,0.7413203175,3.4265
12000,926.55,0.7413206434,3.42655
12000,926.6,0.7413209689,3.4266
12000,926.65,0.7413212939,3.42665
12000,926.7,0.7413216184,3.4267
12000,926.75,0.7413219425,3.42675
12000,926.8,0.7413222661,3.4268
12000,926.85,0.7413225892,3.42685
12000,926.9,0.7413229119,3.4269
12000,926.95,0.7413232341,3.42695
12000,927,0.7413235559,3.427
12000,927.05,0.7413238773,3.42705
12000,927.1,0.7413241981,3.4271
12000,927.15,0.7413245185,3.42715
12000,927.2,0.7413248385,3.4272
12000,927.25,0.741325158,3.42725
12000,927.3,0.741325477,3.4273
12000,927.35,0.7413257956,3.42735
12000,927.4,0.7413261138,3.4274
12000,927.45,0.7413264315,3.42745
12000,927.5,0.7413267487,3.4275
12000,927.55,0.7413270655,3.42755
12000,927.6,0.7413273818,3.4276
12000,927.65,0.7413276977,3.42765
12000,927.7,0.7413280132,3.4277
12000,927.75,0.7413283281,3.42775
12000,927.8,0.7413286427,3.4278
12000,927.85,0.7413289568,3.42785
12000,927.9,0.7413292704,3.4279
12000,927.95,0.7413295836,3.42795
12000,928,0.7413298964,3.428
12000,928.05,0.7413302087,3.42805
12000,928.1,0.7413305206,3.4281
12000,928.15,0.741330832,3.42815
12000,928.2,0.741331143,3.4282
12000,928.25,0.7413314535,3.42825
12000,928.3,0.7413317636,3.4283
12000,928.35,0.7413320733,3.42835
12000,928.4,0.7413323825,3.4284
12000,928.45,0.7413326912,3.42845
12000,928.5,0.7413329996,3.4285
12000,928.55,0.7413333075,3.42855
12000,928.6,0.7413336149,3.4286
12000,928.65,0.7413339219,3.42865
12000,928.7,0.7413342285,3.4287
12000,928.75,0.7413345347,3.42875
12000,928.8,0.7413348404,3.4288
12000,928.85,0.7413351456,3.42885
12000,928.9,0.7413354505,3.4289
12000,928.95,0.7413357549,3.42895
12000,929,0.7413360588,3.429
12000,929.05,0.7413363624,3.42905
12000,929.1,0.7413366655,3.4291
12000,929.15,0.7413369681,3.42915
12000,929.2,0.7413372704,3.4292
12000,929.25,0.7413375722,3.42925
12000,929.3,0.7413378735,3.4293
12000,929.35,0.7413381745,3.42935
12000,929.4,0.741338475,3.4294
12000,929.45,0.7413387751,3.42945
12000,929.5,0.7413390747,3.4295
12000,929.55,0.7413393739,3.42955
12000,929.6,0.7413396727,3.4296
12000,929.65,0.7413399711,3.42965
12000,929.7,0.741340269,3.4297
12000,929.75,0.7413405666,3.42975
12000,929.8,0.7413408637,3.4298
12000,929.85,0.7413411603,3.42985
12000,929.9,0.7413414566,3.4299
12000,929.95,0.7413417524,3.42995
12000,930,0.7413420478,3.43
12000,930.05,0.7413423428,3.43005
12000,930.1,0.7413426373,3.4301
12000,930.15,0.7413429314,3.43015
12000,930.2,0.7413432251,3.4302
12000,930.25,0.7413435184,3.43025
12000,930.3,0.7413438113,3.4303
12000,930.35,0.7413441037,3.43035
12000,930.4,0.7413443958,3.4304
12000,930.45,0.7413446874,3.43045
12000,930.5,0.7413449786,3.4305
12000,930.55,0.7413452694,3.43055
12000,930.6,0.7413455597,3.4306
12000,930.65,0.7413458497,3.43065
12000,930.7,0.7413461392,3.4307
12000,930.75,0.7413464283,3.43075
12000,930.8,0.741346717,3.4308
12000,930.85,0.7413470053,3.43085
12000,930.9,0.7413472932,3.4309
12000,930.95,0.7413475806,3.43095
12000,931,0.7413478677,3.431
12000,931.05,0.7413481543,3.43105
12000,931.1,0.7413484405,3.4311
12000,931.15,0.7413487263,3.43115
12000,931.2,0.7413490117,3.4312
12000,931.25,0.7413492967,3.43125
12000,931.3,0.7413495813,3.4313
12000,931.35,0.7413498655,3.43135
12000,931.4,0.7413501493,3.4314
12000,931.45,0.7413504326,3.43145
12000,931.5,0.7413507156,3.4315
12000,931.55,0.7413509981,3.43155
12000,931.6,0.7413512803,3.4316
12000,931.65,0.741351562,3.43165
12000,931.7,0.7413518433,3.4317
12000,931.75,0.7413521243,3.43175
12000,931.8,0.7413524048,3.4318
12000,931.85,0.7413526849,3.43185
12000,931.9,0.7413529646,3.4319
12000,931.95,0.7413532439,3.43195
12000,932,0.7413535228,3.432
12000,932.05,0.7413538014,3.43205
12000,932.1,0.7413540795,3.4321
12000,932.15,0.7413543572,3.43215
12000,932.2,0.7413546345,3.4322
12000,932.25,0.7413549114,3.43225
12000,932.3,0.7413551879,3.4323
12000,932.35,0.741355464,3.43235
12000,932.4,0.7413557397,3.4324
12000,932.45,0.7413560151,3.43245
12000,932.5,0.74135629,3.4325
12000,932.55,0.7413565645,3.43255
12000,932.6,0.7413568386,3.4326
12000,932.65,0.7413571124,3.43265
12000,932.7,0.7413573857,3.4327
12000,932.75,0.7413576587,3.43275
12000,932.8,0.7413579312,3.4328
12000,932.85,0.7413582034,3.43285
12000,932.9,0.7413584752,3.4329
12000,932.95,0.7413587465,3.43295
12000,933,0.7413590175,3.433
12000,933.05,0.7413592881,3.43305
12000,933.1,0.7413595583,3.4331
12000,933.15,0.7413598281,3.43315
12000,933.2,0.7413600976,3.4332
12000,933.25,0.7413603666,3.43325
12000,933.3,0.7413606353,3.4333
12000,933.35,0.7413609035,3.43335
12000,933.4,0.7413611714,3.4334
12000,933.45,0.7413614389,3.43345
12000,933.5,0.741361706,3.4335
12000,933.55,0.7413619727,3.43355
12000,933.6,0.741362239,3.4336
12000,933.65,0.741362505,3.43365
12000,933.7,0.7413627705,3.4337
12000,933.75,0.7413630357,3.43375
12000,933.8,0.7413633005,3.4338
12000,933.85,0.7413635649,3.43385
12000,933.9,0.7413638289,3.4339
12000,933.95,0.7413640926,3.43395
12000,934,0.7413643559,3.434
12000,934.05,0.7413646187,3.43405
12000,934.1,0.7413648813,3.4341
12000,934.15,0.7413651434,3.43415
12000,934.2,0.7413654051,3.4342
12000,934.25,0.7413656665,3.43425
12000,934.3,0.7413659275,3.4343
12000,934.35,0.7413661881,3.43435
12000,934.4,0.7413664483,3.4344
12000,934.45,0.7413667082,3.43445
12000,934.5,0.7413669677,3.4345
12000,934.55,0.7413672268,3.43455
12000,934.6,0.7413674855,3.4346
12000,934.65,0.7413677439,3.43465
12000,934.7,0.7413680018,3.4347
12000,934.75,0.7413682595,3.43475
12000,934.8,0.7413685167,3.4348
12000,934.85,0.7413687736,3.43485
12000,934.9,0.74136903,3.4349
12000,934.95,0.7413692862,3.43495
12000,935,0.7413695419,3.435
12000,935.05,0.7413697973,3.43505
12000,935.1,0.7413700523,3.4351
12000,935.15,0.7413703069,3.43515
12000,935.2,0.7413705612,3.4352
12000,935.25,0.7413708151,3.43525
12000,935.3,0.7413710686,3.4353
12000,935.35,0.7413713218,3.43535
12000,935.4,0.7413715746,3.4354
12000,935.45,0.741371827,3.43545
12000,935.5,0.7413720791,3.4355
12000,935.55,0.7413723307,3.43555
12000,935.6,0.7413725821,3.4356
12000,935.65,0.741372833,3.43565
12000,935.7,0.7413730836,3.4357
12000,935.75,0.7413733339,3.43575
12000,935.8,0.7413735837,3.4358
12000,935.85,0.7413738333,3.43585
12000,935.9,0.7413740824,3.4359
12000,935.95,0.7413743312,3.43595
12000,936,0.7413745796,3.436
12000,936.05,0.7413748277,3.43605
12000,936.1,0.7413750754,3.4361
12000,936.15,0.7413753227,3.43615
12000,936.2,0.7413755697,3.4362
12000,936.25,0.7413758163,3.43625
12000,936.3,0.7413760626,3.4363
12000,936.35,0.7413763085,3.43635
12000,936.4,0.741376554,3.4364
12000,936.45,0.7413767992,3.43645
12000,936.5,0.741377044,3.4365
12000,936.55,0.7413772885,3.43655
12000,936.6,0.7413775326,3.4366
12000,936.65,0.7413777764,3.43665
12000,936.7,0.7413780198,3.4367
12000,936.75,0.7413782629,3.43675
12000,936.8,0.7413785056,3.4368
12000,936.85,0.7413787479,3.43685
12000,936.9,0.7413789899,3.4369
12000,936.95,0.7413792315,3.43695
12000,937,0.7413794728,3.437
12000,937.05,0.7413797138,3.43705
12000,937.1,0.7413799544,3.4371
12000,937.15,0.7413801946,3.43715
12000,937.2,0.7413804345,3.4372
12000,937.25,0.741380674,3.43725
12000,937.3,0.7413809132,3.4373
12000,937.35,0.741381152,3.43735
12000,937.4,0.7413813905,3.4374
12000,937.45,0.7413816287,3.43745
12000,937.5,0.7413818665,3.4375
12000,937.55,0.7413821039,3.43755
12000,937.6,0.741382341,3.4376
12000,937.65,0.7413825777,3.43765
12000,937.7,0.7413828142,3.4377
12000,937.75,0.7413830502,3.43775
12000,937.8,0.7413832859,3.4378
12000,937.85,0.7413835213,3.43785
12000,937.9,0.7413837563,3.4379
12000,937.95,0.741383991,3.43795
12000,938,0.7413842254,3.438
12000,938.05,0.7413844594,3.43805
12000,938.1,0.741384693,3.4381
12000,938.15,0.7413849263,3.43815
12000,938.2,0.7413851593,3.4382
12000,938.25,0.7413853919,3.43825
12000,938.3,0.7413856242,3.4383
12000,938.35,0.7413858562,3.43835
12000,938.4,0.7413860878,3.4384
12000,938.45,0.7413863191,3.43845
12000,938.5,0.74138655,3.4385
12000,938.55,0.7413867806,3.43855
12000,938.6,0.7413870109,3.4386
12000,938.65,0.7413872408,3.43865
12000,938.7,0.7413874704,3.4387
12000,938.75,0.7413876996,3.43875
12000,938.8,0.7413879286,3.4388
12000,938.85,0.7413881571,3.43885
12000,938.9,0.7413883854,3.4389
12000,938.95,0.7413886133,3.43895
12000,939,0.7413888409,3.439
12000,939.05,0.7413890681,3.43905
12000,939.1,0.741389295,3.4391
12000,939.15,0.7413895216,3.43915
12000,939.2,0.7413897479,3.4392
12000,939.25,0.7413899738,3.43925
12000,939.3,0.7413901994,3.4393
12000,939.35,0.7413904246,3.43935
12000,939.4,0.7413906495,3.4394
12000,939.45,0.7413908741,3.43945
12000,939.5,0.7413910984,3.4395
12000,939.55,0.7413913223,3.43955
12000,939.6,0.7413915459,3.4396
12000,939.65,0.7413917692,3.43965
12000,939.7,0.7413919921,3.4397
12000,939.75,0.7413922148,3.43975
12000,939.8,0.7413924371,3.4398
12000,939.85,0.741392659,3.43985
12000,939.9,0.7413928807,3.4399
12000,939.95,0.741393102,3.43995
12000,940,0.741393323,3.44
12000,940.05,0.7413935437,3.44005
12000,940.1,0.741393764,3.4401
12000,940.15,0.741393984,3.44015
12000,940.2,0.7413942037,3.4402
12000,940.25,0.7413944231,3.44025
12000,940.3,0.7413946421,3.4403
12000,940.35,0.7413948609,3.44035
12000,940.4,0.7413950793,3.4404
12000,940.45,0.7413952973,3.44045
12000,940.5,0.7413955151,3.4405
12000,940.55,0.7413957326,3.44055
12000,940.6,0.7413959497,3.4406
12000,940.65,0.7413961665,3.44065
12000,940.7,0.741396383,3.4407
12000,940.75,0.7413965991,3.44075
12000,940.8,0.741396815,3.4408
12000,940.85,0.7413970305,3.44085
12000,940.9,0.7413972457,3.4409
12000,940.95,0.7413974606,3.44095
12000,941,0.7413976752,3.441
12000,941.05,0.7413978895,3.44105
12000,941.1,0.7413981034,3.4411
12000,941.15,0.7413983171,3.44115
12000,941.2,0.7413985304,3.4412
12000,941.25,0.7413987434,3.44125
12000,941.3,0.7413989561,3.4413
12000,941.35,0.7413991684,3.44135
12000,941.4,0.7413993805,3.4414
12000,941.45,0.7413995922,3.44145
12000,941.5,0.7413998037,3.4415
12000,941.55,0.7414000148,3.44155
12000,941.6,0.7414002256,3.4416
12000,941.65,0.7414004361,3.44165
12000,941.7,0.7414006463,3.4417
12000,941.75,0.7414008562,3.44175
12000,941.8,0.7414010658,3.4418
12000,941.85,0.741401275,3.44185
12000,941.9,0.741401484,3.4419
12000,941.95,0.7414016926,3.44195
12000,942,0.741401901,3.442
12000,942.05,0.741402109,3.44205
12000,942.1,0.7414023167,3.4421
12000,942.15,0.7414025241,3.44215
12000,942.2,0.7414027313,3.4422
12000,942.25,0.7414029381,3.44225
12000,942.3,0.7414031446,3.4423
12000,942.35,0.7414033508,3.44235
12000,942.4,0.7414035566,3.4424
12000,942.45,0.7414037622,3.44245
12000,942.5,0.7414039675,3.4425
12000,942.55,0.7414041725,3.44255
12000,942.6,0.7414043771,3.4426
12000,942.65,0.7414045815,3.44265
12000,942.7,0.7414047856,3.4427
12000,942.75,0.7414049894,3.44275
12000,942.8,0.7414051928,3.4428
12000,942.85,0.741405396,3.44285
12000,942.9,0.7414055988,3.4429
12000,942.95,0.7414058014,3.44295
12000,943,0.7414060037,3.443
12000,943.05,0.7414062056,3.44305
12000,943.1,0.7414064073,3.4431
12000,943.15,0.7414066087,3.44315
12000,943.2,0.7414068097,3.4432
12000,943.25,0.7414070105,3.44325
12000,943.3,0.741407211,3.4433
12000,943.35,0.7414074111,3.44335
12000,943.4,0.741407611,3.4434
12000,943.45,0.7414078106,3.44345
12000,943.5,0.7414080099,3.4435
12000,943.55,0.7414082089,3.44355
12000,943.6,0.7414084076,3.4436
12000,943.65,0.741408606,3.44365
12000,943.7,0.7414088041,3.4437
12000,943.75,0.7414090019,3.44375
12000,943.8,0.7414091994,3.4438
12000,943.85,0.7414093966,3.44385
12000,943.9,0.7414095935,3.4439
12000,943.95,0.7414097902,3.44395
12000,944,0.7414099865,3.444
12000,944.05,0.7414101826,3.44405
12000,944.1,0.7414103784,3.4441
12000,944.15,0.7414105738,3.44415
12000,944.2,0.741410769,3.4442
12000,944.25,0.7414109639,3.44425
12000,944.3,0.7414111585,3.4443
12000,944.35,0.7414113528,3.44435
12000,944.4,0.7414115469,3.4444
12000,944.45,0.7414117406,3.44445
12000,944.5,0.741411934,3.4445
12000,944.55,0.7414121272,3.44455
12000,944.6,0.7414123201,3.4446
12000,944.65,0.7414125127,3.44465
12000,944.7,0.741412705,3.4447
12000,944.75,0.741412897,3.44475
12000,944.8,0.7414130887,3.4448
12000,944.85,0.7414132802,3.44485
12000,944.9,0.7414134713,3.4449
12000,944.95,0.7414136622,3.44495
12000,945,0.7414138528,3.445
12000,945.05,0.7414140431,3.44505
12000,945.1,0.7414142331,3.4451
12000,945.15,0.7414144229,3.44515
12000,945.2,0.7414146123,3.4452
12000,945.25,0.7414148015,3.44525
12000,945.3,0.7414149904,3.4453
12000,945.35,0.741415179,3.44535
12000,945.4,0.7414153673,3.4454
12000,945.45,0.7414155554,3.44545
12000,945.5,0.7414157432,3.4455
12000,945.55,0.7414159307,3.44555
12000,945.6,0.7414161179,3.4456
12000,945.65,0.7414163048,3.44565
12000,945.7,0.7414164915,3.4457
12000,945.75,0.7414166778,3.44575
12000,945.8,0.7414168639,3.4458
12000,945.85,0.7414170498,3.44585
12000,945.9,0.7414172353,3.4459
12000,945.95,0.7414174206,3.44595
12000,946,0.7414176056,3.446
12000,946.05,0.7414177903,3.44605
12000,946.1,0.7414179747,3.4461
12000,946.15,0.7414181589,3.44615
12000,946.2,0.7414183428,3.4462
12000,946.25,0.7414185264,3.44625
12000,946.3,0.7414187097,3.4463
12000,946.35,0.7414188928,3.44635
12000,946.4,0.7414190756,3.4464
12000,946.45,0.7414192581,3.44645
12000,946.5,0.7414194403,3.4465
12000,946.55,0.7414196223,3.44655
12000,946.6,0.741419804,3.4466
12000,946.65,0.7414199855,3.44665
12000,946.7,0.7414201666,3.4467
12000,946.75,0.7414203475,3.44675
12000,946.8,0.7414205281,3.4468
12000,946.85,0.7414207085,3.44685
12000,946.9,0.7414208885,3.4469
12000,946.95,0.7414210684,3.44695
12000,947,0.7414212479,3.447
12000,947.05,0.7414214272,3.44705
12000,947.1,0.7414216062,3.4471
12000,947.15,0.7414217849,3.44715
12000,947.2,0.7414219634,3.4472
12000,947.25,0.7414221416,3.44725
12000,947.3,0.7414223195,3.4473
12000,947.35,0.7414224972,3.44735
12000,947.4,0.7414226746,3.4474
12000,947.45,0.7414228517,3.44745
12000,947.5,0.7414230286,3.4475
12000,947.55,0.7414232052,3.44755
12000,947.6,0.7414233815,3.4476
12000,947.65,0.7414235576,3.44765
12000,947.7,0.7414237334,3.4477
12000,947.75,0.741423909,3.44775
12000,947.8,0.7414240842,3.4478
12000,947.85,0.7414242593,3.44785
12000,947.9,0.741424434,3.4479
12000,947.95,0.7414246085,3.44795
12000,948,0.7414247828,3.448
12000,948.05,0.7414249567,3.44805
12000,948.1,0.7414251305,3.4481
12000,948.15,0.7414253039,3.44815
12000,948.2,0.7414254771,3.4482
12000,948.25,0.74142565,3.44825
12000,948.3,0.7414258227,3.4483
12000,948.35,0.7414259951,3.44835
12000,948.4,0.7414261673,3.4484
12000,948.45,0.7414263392,3.44845
12000,948.5,0.7414265108,3.4485
12000,948.55,0.7414266822,3.44855
12000,948.6,0.7414268533,3.4486
12000,948.65,0.7414270242,3.44865
12000,948.7,0.7414271948,3.4487
12000,948.75,0.7414273652,3.44875
12000,948.8,0.7414275353,3.4488
12000,948.85,0.7414277051,3.44885
12000,948.9,0.7414278747,3.4489
12000,948.95,0.741428044,3.44895
12000,949,0.7414282131,3.449
12000,949.05,0.7414283819,3.44905
12000,949.1,0.7414285505,3.4491
12000,949.15,0.7414287188,3.44915
12000,949.2,0.7414288869,3.4492
12000,949.25,0.7414290547,3.44925
12000,949.3,0.7414292222,3.4493
12000,949.35,0.7414293895,3.44935
12000,949.4,0.7414295566,3.4494
12000,949.45,0.7414297234,3.44945
12000,949.5,0.7414298899,3.4495
12000,949.55,0.7414300562,3.44955
12000,949.6,0.7414302223,3.4496
12000,949.65,0.7414303881,3.44965
12000,949.7,0.7414305536,3.4497
12000,949.75,0.7414307189,3.44975
12000,949.8,0.741430884,3.4498
12000,949.85,0.7414310488,3.44985
12000,949.9,0.7414312133,3.4499
12000,949.95,0.7414313776,3.44995
12000,950,0.7414315417,3.45
12000,950.05,0.7414317055,3.45005
12000,950.1,0.7414318691,3.4501
12000,950.15,0.7414320324,3.45015
12000,950.2,0.7414321955,3.4502
12000,950.25,0.7414323583,3.45025
12000,950.3,0.7414325209,3.4503
12000,950.35,0.7414326832,3.45035
12000,950.4,0.7414328453,3.4504
12000,950.45,0.7414330071,3.45045
12000,950.5,0.7414331687,3.4505
12000,950.55,0.7414333301,3.45055
12000,950.6,0.7414334912,3.4506
12000,950.65,0.7414336521,3.45065
12000,950.7,0.7414338127,3.4507
12000,950.75,0.7414339731,3.45075
12000,950.8,0.7414341332,3.4508
12000,950.85,0.7414342931,3.45085
12000,950.9,0.7414344528,3.4509
12000,950.95,0.7414346122,3.45095
12000,951,0.7414347714,3.451
12000,951.05,0.7414349303,3.45105
12000,951.1,0.741435089,3.4511
12000,951.15,0.7414352474,3.45115
12000,951.2,0.7414354057,3.4512
12000,951.25,0.7414355636,3.45125
12000,951.3,0.7414357214,3.4513
12000,951.35,0.7414358789,3.45135
12000,951.4,0.7414360361,3.4514
12000,951.45,0.7414361931,3.45145
12000,951.5,0.7414363499,3.4515
12000,951.55,0.7414365065,3.45155
12000,951.6,0.7414366628,3.4516
12000,951.65,0.7414368189,3.45165
12000,951.7,0.7414369747,3.4517
12000,951.75,0.7414371303,3.45175
12000,951.8,0.7414372857,3.4518
12000,951.85,0.7414374408,3.45185
12000,951.9,0.7414375957,3.4519
12000,951.95,0.7414377503,3.45195
12000,952,0.7414379048,3.452
12000,952.05,0.741438059,3.45205
12000,952.1,0.7414382129,3.4521
12000,952.15,0.7414383666,3.45215
12000,952.2,0.7414385201,3.4522
12000,952.25,0.7414386734,3.45225
12000,952.3,0.7414388264,3.4523
12000,952.35,0.7414389792,3.45235
12000,952.4,0.7414391318,3.4524
12000,952.45,0.7414392841,3.45245
12000,952.5,0.7414394362,3.4525
12000,952.55,0.7414395881,3.45255
12000,952.6,0.7414397397,3.4526
12000,952.65,0.7414398911,3.45265
12000,952.7,0.7414400423,3.4527
12000,952.75,0.7414401932,3.45275
12000,952.8,0.741440344,3.4528
12000,952.85,0.7414404945,3.45285
12000,952.9,0.7414406447,3.4529
12000,952.95,0.7414407948,3.45295
12000,953,0.7414409446,3.453
12000,953.05,0.7414410941,3.45305
12000,953.1,0.7414412435,3.4531
12000,953.15,0.7414413926,3.45315
12000,953.2,0.7414415415,3.4532
12000,953.25,0.7414416902,3.45325
12000,953.3,0.7414418386,3.4533
12000,953.35,0.7414419868,3.45335
12000,953.4,0.7414421348,3.4534
12000,953.45,0.7414422826,3.45345
12000,953.5,0.7414424302,3.4535
12000,953.55,0.7414425775,3.45355
12000,953.6,0.7414427246,3.4536
12000,953.65,0.7414428714,3.45365
12000,953.7,0.7414430181,3.4537
12000,953.75,0.7414431645,3.45375
12000,953.8,0.7414433107,3.4538
12000,953.85,0.7414434567,3.45385
12000,953.9,0.7414436025,3.4539
12000,953.95,0.741443748,3.45395
12000,954,0.7414438933,3.454
12000,954.05,0.7414440384,3.45405
12000,954.1,0.7414441833,3.4541
12000,954.15,0.7414443279,3.45415
12000,954.2,0.7414444724,3.4542
12000,954.25,0.7414446166,3.45425
12000,954.3,0.7414447606,3.4543
12000,954.35,0.7414449043,3.45435
12000,954.4,0.7414450479,3.4544
12000,954.45,0.7414451912,3.45445
12000,954.5,0.7414453343,3.4545
12000,954.55,0.7414454772,3.45455
12000,954.6,0.7414456199,3.4546
12000,954.65,0.7414457624,3.45465
12000,954.7,0.7414459046,3.4547
12000,954.75,0.7414460466,3.45475
12000,954.8,0.7414461884,3.4548
12000,954.85,0.74144633,3.45485
12000,954.9,0.7414464714,3.4549
12000,954.95,0.7414466126,3.45495
12000,955,0.7414467535,3.455
12000,955.05,0.7414468943,3.45505
12000,955.1,0.7414470348,3.4551
12000,955.15,0.7414471751,3.45515
12000,955.2,0.7414473152,3.4552
12000,955.25,0.741447455,3.45525
12000,955.3,0.7414475947,3.4553
12000,955.35,0.7414477341,3.45535
12000,955.4,0.7414478734,3.4554
12000,955.45,0.7414480124,3.45545
12000,955.5,0.7414481512,3.4555
12000,955.55,0.7414482898,3.45555
12000,955.6,0.7414484282,3.4556
12000,955.65,0.7414485663,3.45565
12000,955.7,0.7414487043,3.4557
12000,955.75,0.7414488421,3.45575
12000,955.8,0.7414489796,3.4558
12000,955.85,0.7414491169,3.45585
12000,955.9,0.741449254,3.4559
12000,955.95,0.741449391,3.45595
12000,956,0.7414495277,3.456
12000,956.05,0.7414496641,3.45605
12000,956.1,0.7414498004,3.4561
12000,956.15,0.7414499365,3.45615
12000,956.2,0.7414500724,3.4562
12000,956.25,0.741450208,3.45625
12000,956.3,0.7414503435,3.4563
12000,956.35,0.7414504787,3.45635
12000,956.4,0.7414506137,3.4564
12000,956.45,0.7414507486,3.45645
12000,956.5,0.7414508832,3.4565
12000,956.55,0.7414510176,3.45655
12000,956.6,0.7414511518,3.4566
12000,956.65,0.7414512858,3.45665
12000,956.7,0.7414514196,3.4567
12000,956.75,0.7414515532,3.45675
12000,956.8,0.7414516866,3.4568
12000,956.85,0.7414518197,3.45685
12000,956.9,0.7414519527,3.4569
12000,956.95,0.7414520855,3.45695
12000,957,0.7414522181,3.457
12000,957.05,0.7414523504,3.45705
12000,957.1,0.7414524826,3.4571
12000,957.15,0.7414526146,3.45715
12000,957.2,0.7414527463,3.4572
12000,957.25,0.7414528779,3.45725
12000,957.3,0.7414530092,3.4573
12000,957.35,0.7414531404,3.45735
12000,957.4,0.7414532713,3.4574
12000,957.45,0.7414534021,3.45745
12000,957.5,0.7414535326,3.4575
12000,957.55,0.741453663,3.45755
12000,957.6,0.7414537931,3.4576
12000,957.65,0.7414539231,3.45765
12000,957.7,0.7414540528,3.4577
12000,957.75,0.7414541823,3.45775
12000,957.8,0.7414543117,3.4578
12000,957.85,0.7414544408,3.45785
12000,957.9,0.7414545698,3.4579
12000,957.95,0.7414546985,3.45795
12000,958,0.7414548271,3.458
12000,958.05,0.7414549555,3.45805
12000,958.1,0.7414550836,3.4581
12000,958.15,0.7414552116,3.45815
12000,958.2,0.7414553393,3.4582
12000,958.25,0.7414554669,3.45825
12000,958.3,0.7414555943,3.4583
12000,958.35,0.7414557215,3.45835
12000,958.4,0.7414558484,3.4584
12000,958.45,0.7414559752,3.45845
12000,958.5,0.7414561018,3.4585
12000,958.55,0.7414562282,3.45855
12000,958.6,0.7414563544,3.4586
12000,958.65,0.7414564804,3.45865
12000,958.7,0.7414566062,3.4587
12000,958.75,0.7414567318,3.45875
12000,958.8,0.7414568573,3.4588
12000,958.85,0.7414569825,3.45885
12000,958.9,0.7414571075,3.4589
12000,958.95,0.7414572324,3.45895
12000,959,0.741457357,3.459
12000,959.05,0.7414574815,3.45905
12000,959.1,0.7414576057,3.4591
12000,959.15,0.7414577298,3.45915
12000,959.2,0.7414578537,3.4592
12000,959.25,0.7414579774,3.45925
12000,959.3,0.7414581009,3.4593
12000,959.35,0.7414582242,3.45935
12000,959.4,0.7414583473,3.4594
12000,959.45,0.7414584703,3.45945
12000,959.5,0.741458593,3.4595
12000,959.55,0.7414587156,3.45955
12000,959.6,0.7414588379,3.4596
12000,959.65,0.7414589601,3.45965
12000,959.7,0.7414590821,3.4597
12000,959.75,0.7414592039,3.45975
12000,959.8,0.7414593255,3.4598
12000,959.85,0.7414594469,3.45985
12000,959.9,0.7414595681,3.4599
12000,959.95,0.7414596892,3.45995
12000,960,0.74145981,3.46
12000,960.05,0.7414599307,3.46005
12000,960.1,0.7414600512,3.4601
12000,960.15,0.7414601715,3.46015
12000,960.2,0.7414602916,3.4602
12000,960.25,0.7414604115,3.46025
12000,960.3,0.7414605313,3.4603
12000,960.35,0.7414606508,3.46035
12000,960.4,0.7414607702,3.4604
12000,960.45,0.7414608894,3.46045
12000,960.5,0.7414610084,3.4605
12000,960.55,0.7414611272,3.46055
12000,960.6,0.7414612458,3.4606
12000,960.65,0.7414613643,3.46065
12000,960.7,0.7414614825,3.4607
12000,960.75,0.7414616006,3.46075
12000,960.8,0.7414617185,3.4608
12000,960.85,0.7414618362,3.46085
12000,960.9,0.7414619538,3.4609
12000,960.95,0.7414620711,3.46095
12000,961,0.7414621883,3.461
12000,961.05,0.7414623053,3.46105
12000,961.1,0.7414624221,3.4611
12000,961.15,0.7414625387,3.46115
12000,961.2,0.7414626552,3.4612
12000,961.25,0.7414627714,3.46125
12000,961.3,0.7414628875,3.4613
12000,961.35,0.7414630034,3.46135
12000,961.4,0.7414631192,3.4614
12000,961.45,0.7414632347,3.46145
12000,961.5,0.7414633501,3.4615
12000,961.55,0.7414634653,3.46155
12000,961.6,0.7414635803,3.4616
12000,961.65,0.7414636951,3.46165
12000,961.7,0.7414638097,3.4617
12000,961.75,0.7414639242,3.46175
12000,961.8,0.7414640385,3.4618
12000,961.85,0.7414641526,3.46185
12000,961.9,0.7414642666,3.4619
12000,961.95,0.7414643803,3.46195
12000,962,0.7414644939,3.462
12000,962.05,0.7414646073,3.46205
12000,962.1,0.7414647206,3.4621
12000,962.15,0.7414648336,3.46215
12000,962.2,0.7414649465,3.4622
12000,962.25,0.7414650592,3.46225
12000,962.3,0.7414651718,3.4623
12000,962.35,0.7414652841,3.46235
12000,962.4,0.7414653963,3.4624
12000,962.45,0.7414655083,3.46245
12000,962.5,0.7414656201,3.4625
12000,962.55,0.7414657318,3.46255
12000,962.6,0.7414658433,3.4626
12000,962.65,0.7414659546,3.46265
12000,962.7,0.7414660657,3.4627
12000,962.75,0.7414661767,3.46275
12000,962.8,0.7414662875,3.4628
12000,962.85,0.7414663981,3.46285
12000,962.9,0.7414665086,3.4629
12000,962.95,0.7414666188,3.46295
12000,963,0.741466729,3.463
12000,963.05,0.7414668389,3.46305
12000,963.1,0.7414669486,3.4631
12000,963.15,0.7414670582,3.46315
12000,963.2,0.7414671677,3.4632
12000,963.25,0.7414672769,3.46325
12000,963.3,0.741467386,3.4633
12000,963.35,0.7414674949,3.46335
12000,963.4,0.7414676036,3.4634
12000,963.45,0.7414677122,3.46345
12000,963.5,0.7414678206,3.4635
12000,963.55,0.7414679288,3.46355
12000,963.6,0.7414680369,3.4636
12000,963.65,0.7414681448,3.46365
12000,963.7,0.7414682525,3.4637
12000,963.75,0.7414683601,3.46375
12000,963.8,0.7414684675,3.4638
12000,963.85,0.7414685747,3.46385
12000,963.9,0.7414686818,3.4639
12000,963.95,0.7414687886,3.46395
12000,964,0.7414688954,3.464
12000,964.05,0.7414690019,3.46405
12000,964.1,0.7414691083,3.4641
12000,964.15,0.7414692145,3.46415
12000,964.2,0.7414693206,3.4642
12000,964.25,0.7414694265,3.46425
12000,964.3,0.7414695322,3.4643
12000,964.35,0.7414696378,3.46435
12000,964.4,0.7414697432,3.4644
12000,964.45,0.7414698484,3.46445
12000,964.5,0.7414699535,3.4645
12000,964.55,0.7414700584,3.46455
12000,964.6,0.7414701631,3.4646
12000,964.65,0.7414702677,3.46465
12000,964.7,0.7414703721,3.4647
12000,964.75,0.7414704763,3.46475
12000,964.8,0.7414705804,3.4648
12000,964.85,0.7414706843,3.46485
12000,964.9,0.7414707881,3.4649
12000,964.95,0.7414708917,3.46495
12000,965,0.7414709951,3.465
12000,965.05,0.7414710984,3.46505
12000,965.1,0.7414712015,3.4651
12000,965.15,0.7414713045,3.46515
12000,965.2,0.7414714072,3.4652
12000,965.25,0.7414715099,3.46525
12000,965.3,0.7414716123,3.4653
12000,965.35,0.7414717146,3.46535
12000,965.4,0.7414718168,3.4654
12000,965.45,0.7414719188,3.46545
12000,965.5,0.7414720206,3.4655
12000,965.55,0.7414721223,3.46555
12000,965.6,0.7414722238,3.4656
12000,965.65,0.7414723251,3.46565
12000,965.7,0.7414724263,3.4657
12000,965.75,0.7414725273,3.46575
12000,965.8,0.7414726282,3.4658
12000,965.85,0.7414727289,3.46585
12000,965.9,0.7414728295,3.4659
12000,965.95,0.7414729299,3.46595
12000,966,0.7414730301,3.466
12000,966.05,0.7414731302,3.46605
12000,966.1,0.7414732301,3.4661
12000,966.15,0.7414733299,3.46615
12000,966.2,0.7414734295,3.4662
12000,966.25,0.741473529,3.46625
12000,966.3,0.7414736283,3.4663
12000,966.35,0.7414737274,3.46635
12000,966.4,0.7414738264,3.4664
12000,966.45,0.7414739252,3.46645
12000,966.5,0.7414740239,3.4665
12000,966.55,0.7414741224,3.46655
12000,966.6,0.7414742208,3.4666
12000,966.65,0.741474319,3.46665
12000,966.7,0.7414744171,3.4667
12000,966.75,0.741474515,3.46675
12000,966.8,0.7414746127,3.4668
12000,966.85,0.7414747103,3.46685
12000,966.9,0.7414748078,3.4669
12000,966.95,0.7414749051,3.46695
12000,967,0.7414750022,3.467
12000,967.05,0.7414750992,3.46705
12000,967.1,0.741475196,3.4671
12000,967.15,0.7414752927,3.46715
12000,967.2,0.7414753892,3.4672
12000,967.25,0.7414754856,3.46725
12000,967.3,0.7414755818,3.4673
12000,967.35,0.7414756779,3.46735
12000,967.4,0.7414757738,3.4674
12000,967.45,0.7414758696,3.46745
12000,967.5,0.7414759652,3.4675
12000,967.55,0.7414760607,3.46755
12000,967.6,0.741476156,3.4676
12000,967.65,0.7414762512,3.46765
12000,967.7,0.7414763462,3.4677
12000,967.75,0.7414764411,3.46775
12000,967.8,0.7414765358,3.4678
12000,967.85,0.7414766303,3.46785
12000,967.9,0.7414767248,3.4679
12000,967.95,0.741476819,3.46795
12000,968,0.7414769132,3.468
12000,968.05,0.7414770071,3.46805
12000,968.1,0.741477101,3.4681
12000,968.15,0.7414771946,3.46815
12000,968.2,0.7414772882,3.4682
12000,968.25,0.7414773816,3.46825
12000,968.3,0.7414774748,3.4683
12000,968.35,0.7414775679,3.46835
12000,968.4,0.7414776608,3.4684
12000,968.45,0.7414777536,3.46845
12000,968.5,0.7414778463,3.4685
12000,968.55,0.7414779388,3.46855
12000,968.6,0.7414780311,3.4686
12000,968.65,0.7414781233,3.46865
12000,968.7,0.7414782154,3.4687
12000,968.75,0.7414783073,3.46875
12000,968.8,0.7414783991,3.4688
12000,968.85,0.7414784907,3.46885
12000,968.9,0.7414785822,3.4689
12000,968.95,0.7414786736,3.46895
12000,969,0.7414787647,3.469
12000,969.05,0.7414788558,3.46905
12000,969.1,0.7414789467,3.4691
12000,969.15,0.7414790375,3.46915
12000,969.2,0.7414791281,3.4692
12000,969.25,0.7414792186,3.46925
12000,969.3,0.7414793089,3.4693
12000,969.35,0.7414793991,3.46935
12000,969.4,0.7414794891,3.4694
12000,969.45,0.7414795791,3.46945
12000,969.5,0.7414796688,3.4695
12000,969.55,0.7414797584,3.46955
12000,969.6,0.7414798479,3.4696
12000,969.65,0.7414799373,3.46965
12000,969.7,0.7414800265,3.4697
12000,969.75,0.7414801155,3.46975
12000,969.8,0.7414802044,3.4698
12000,969.85,0.7414802932,3.46985
12000,969.9,0.7414803818,3.4699
12000,969.95,0.7414804703,3.46995
12000,970,0.7414805587,3.47
12000,970.05,0.7414806469,3.47005
12000,970.1,0.741480735,3.4701
12000,970.15,0.7414808229,3.47015
12000,970.2,0.7414809107,3.4702
12000,970.25,0.7414809984,3.47025
12000,970.3,0.7414810859,3.4703
12000,970.35,0.7414811732,3.47035
12000,970.4,0.7414812605,3.4704
12000,970.45,0.7414813476,3.47045
12000,970.5,0.7414814345,3.4705
12000,970.55,0.7414815214,3.47055
12000,970.6,0.7414816081,3.4706
12000,970.65,0.7414816946,3.47065
12000,970.7,0.741481781,3.4707
12000,970.75,0.7414818673,3.47075
12000,970.8,0.7414819534,3.4708
12000,970.85,0.7414820394,3.47085
12000,970.9,0.7414821253,3.4709
12000,970.95,0.741482211,3.47095
12000,971,0.7414822966,3.471
12000,971.05,0.7414823821,3.47105
12000,971.1,0.7414824674,3.4711
12000,971.15,0.7414825526,3.47115
12000,971.2,0.7414826376,3.4712
12000,971.25,0.7414827225,3.47125
12000,971.3,0.7414828073,3.4713
12000,971.35,0.741482892,3.47135
12000,971.4,0.7414829765,3.4714
12000,971.45,0.7414830609,3.47145
12000,971.5,0.7414831451,3.4715
12000,971.55,0.7414832292,3.47155
12000,971.6,0.7414833132,3.4716
12000,971.65,0.741483397,3.47165
12000,971.7,0.7414834807,3.4717
12000,971.75,0.7414835643,3.47175
12000,971.8,0.7414836477,3.4718
12000,971.85,0.741483731,3.47185
12000,971.9,0.7414838142,3.4719
12000,971.95,0.7414838973,3.47195
12000,972,0.7414839802,3.472
12000,972.05,0.741484063,3.47205
12000,972.1,0.7414841456,3.4721
12000,972.15,0.7414842281,3.47215
12000,972.2,0.7414843105,3.4722
12000,972.25,0.7414843928,3.47225
12000,972.3,0.7414844749,3.4723
12000,972.35,0.7414845569,3.47235
12000,972.4,0.7414846387,3.4724
12000,972.45,0.7414847205,3.47245
12000,972.5,0.7414848021,3.4725
12000,972.55,0.7414848835,3.47255
12000,972.6,0.7414849649,3.4726
12000,972.65,0.7414850461,3.47265
12000,972.7,0.7414851272,3.4727
12000,972.75,0.7414852081,3.47275
12000,972.8,0.7414852889,3.4728
12000,972.85,0.7414853696,3.47285
12000,972.9,0.7414854502,3.4729
12000,972.95,0.7414855306,3.47295
12000,973,0.7414856109,3.473
12000,973.05,0.7414856911,3.47305
12000,973.1,0.7414857712,3.4731
12000,973.15,0.7414858511,3.47315
12000,973.2,0.7414859309,3.4732
12000,973.25,0.7414860106,3.47325
12000,973.3,0.7414860901,3.4733
12000,973.35,0.7414861695,3.47335
12000,973.4,0.7414862488,3.4734
12000,973.45,0.741486328,3.47345
12000,973.5,0.741486407,3.4735
12000,973.55,0.7414864859,3.47355
12000,973.6,0.7414865647,3.4736
12000,973.65,0.7414866433,3.47365
12000,973.7,0.7414867219,3.4737
12000,973.75,0.7414868003,3.47375
12000,973.8,0.7414868786,3.4738
12000,973.85,0.7414869567,3.47385
12000,973.9,0.7414870347,3.4739
12000,973.95,0.7414871126,3.47395
12000,974,0.7414871904,3.474
12000,974.05,0.7414872681,3.47405
12000,974.1,0.7414873456,3.4741
12000,974.15,0.741487423,3.47415
12000,974.2,0.7414875003,3.4742
12000,974.25,0.7414875775,3.47425
12000,974.3,0.7414876545,3.4743
12000,974.35,0.7414877314,3.47435
12000,974.4,0.7414878082,3.4744
12000,974.45,0.7414878849,3.47445
12000,974.5,0.7414879614,3.4745
12000,974.55,0.7414880378,3.47455
12000,974.6,0.7414881141,3.4746
12000,974.65,0.7414881903,3.47465
12000,974.7,0.7414882664,3.4747
12000,974.75,0.7414883423,3.47475
12000,974.8,0.7414884181,3.4748
12000,974.85,0.7414884938,3.47485
12000,974.9,0.7414885694,3.4749
12000,974.95,0.7414886448,3.47495
12000,975,0.7414887201,3.475
12000,975.05,0.7414887953,3.47505
12000,975.1,0.7414888704,3.4751
12000,975.15,0.7414889454,3.47515
12000,975.2,0.7414890202,3.4752
12000,975.25,0.741489095,3.47525
12000,975.3,0.7414891696,3.4753
12000,975.35,0.7414892441,3.47535
12000,975.4,0.7414893184,3.4754
12000,975.45,0.7414893927,3.47545
12000,975.5,0.7414894668,3.4755
12000,975.55,0.7414895408,3.47555
12000,975.6,0.7414896147,3.4756
12000,975.65,0.7414896885,3.47565
12000,975.7,0.7414897621,3.4757
12000,975.75,0.7414898356,3.47575
12000,975.8,0.7414899091,3.4758
12000,975.85,0.7414899824,3.47585
12000,975.9,0.7414900555,3.4759
12000,975.95,0.7414901286,3.47595
12000,976,0.7414902015,3.476
12000,976.05,0.7414902744,3.47605
12000,976.1,0.7414903471,3.4761
12000,976.15,0.7414904197,3.47615
12000,976.2,0.7414904922,3.4762
12000,976.25,0.7414905645,3.47625
12000,976.3,0.7414906368,3.4763
12000,976.35,0.7414907089,3.47635
12000,976.4,0.7414907809,3.4764
12000,976.45,0.7414908528,3.47645
12000,976.5,0.7414909246,3.4765
12000,976.55,0.7414909962,3.47655
12000,976.6,0.7414910678,3.4766
12000,976.65,0.7414911392,3.47665
12000,976.7,0.7414912105,3.4767
12000,976.75,0.7414912817,3.47675
12000,976.8,0.7414913528,3.4768
12000,976.85,0.7414914238,3.47685
12000,976.9,0.7414914947,3.4769
12000,976.95,0.7414915654,3.47695
12000,977,0.7414916361,3.477
12000,977.05,0.7414917066,3.47705
12000,977.1,0.741491777,3.4771
12000,977.15,0.7414918473,3.47715
12000,977.2,0.7414919174,3.4772
12000,977.25,0.7414919875,3.47725
12000,977.3,0.7414920575,3.4773
12000,977.35,0.7414921273,3.47735
12000,977.4,0.741492197,3.4774
12000,977.45,0.7414922666,3.47745
12000,977.5,0.7414923361,3.4775
12000,977.55,0.7414924055,3.47755
12000,977.6,0.7414924748,3.4776
12000,977.65,0.741492544,3.47765
12000,977.7,0.741492613,3.4777
12000,977.75,0.741492682,3.47775
12000,977.8,0.7414927508,3.4778
12000,977.85,0.7414928195,3.47785
12000,977.9,0.7414928881,3.4779
12000,977.95,0.7414929566,3.47795
12000,978,0.741493025,3.478
12000,978.05,0.7414930933,3.47805
12000,978.1,0.7414931615,3.4781
12000,978.15,0.7414932295,3.47815
12000,978.2,0.7414932975,3.4782
12000,978.25,0.7414933653,3.47825
12000,978.3,0.7414934331,3.4783
12000,978.35,0.7414935007,3.47835
12000,978.4,0.7414935682,3.4784
12000,978.45,0.7414936356,3.47845
12000,978.5,0.7414937029,3.4785
12000,978.55,0.7414937701,3.47855
12000,978.6,0.7414938371,3.4786
12000,978.65,0.7414939041,3.47865
12000,978.7,0.741493971,3.4787
12000,978.75,0.7414940377,3.47875
12000,978.8,0.7414941043,3.4788
12000,978.85,0.7414941709,3.47885
12000,978.9,0.7414942373,3.4789
12000,978.95,0.7414943036,3.47895
12000,979,0.7414943698,3.479
12000,979.05,0.7414944359,3.47905
12000,979.1,0.7414945019,3.4791
12000,979.15,0.7414945678,3.47915
12000,979.2,0.7414946336,3.4792
12000,979.25,0.7414946993,3.47925
12000,979.3,0.7414947649,3.4793
12000,979.35,0.7414948303,3.47935
12000,979.4,0.7414948957,3.4794
12000,979.45,0.7414949609,3.47945
12000,979.5,0.7414950261,3.4795
12000,979.55,0.7414950911,3.47955
12000,979.6,0.7414951561,3.4796
12000,979.65,0.7414952209,3.47965
12000,979.7,0.7414952856,3.4797
12000,979.75,0.7414953502,3.47975
12000,979.8,0.7414954147,3.4798
12000,979.85,0.7414954792,3.47985
12000,979.9,0.7414955435,3.4799
12000,979.95,0.7414956077,3.47995
12000,980,0.7414956718,3.48
12000,980.05,0.7414957358,3.48005
12000,980.1,0.7414957997,3.4801
12000,980.15,0.7414958634,3.48015
12000,980.2,0.7414959271,3.4802
12000,980.25,0.7414959907,3.48025
12000,980.3,0.7414960542,3.4803
12000,980.35,0.7414961175,3.48035
12000,980.4,0.7414961808,3.4804
12000,980.45,0.741496244,3.48045
12000,980.5,0.7414963071,3.4805
12000,980.55,0.74149637,3.48055
12000,980.6,0.7414964329,3.4806
12000,980.65,0.7414964956,3.48065
12000,980.7,0.7414965583,3.4807
12000,980.75,0.7414966208,3.48075
12000,980.8,0.7414966833,3.4808
12000,980.85,0.7414967456,3.48085
12000,980.9,0.7414968079,3.4809
12000,980.95,0.74149687,3.48095
12000,981,0.7414969321,3.481
12000,981.05,0.741496994,3.48105
12000,981.1,0.7414970559,3.4811
12000,981.15,0.7414971176,3.48115
12000,981.2,0.7414971793,3.4812
12000,981.25,0.7414972408,3.48125
12000,981.3,0.7414973023,3.4813
12000,981.35,0.7414973636,3.48135
12000,981.4,0.7414974249,3.4814
12000,981.45,0.741497486,3.48145
12000,981.5,0.741497547,3.4815
12000,981.55,0.741497608,3.48155
12000,981.6,0.7414976688,3.4816
12000,981.65,0.7414977296,3.48165
12000,981.7,0.7414977902,3.4817
12000,981.75,0.7414978508,3.48175
12000,981.8,0.7414979112,3.4818
12000,981.85,0.7414979716,3.48185
12000,981.9,0.7414980318,3.4819
12000,981.95,0.741498092,3.48195
12000,982,0.7414981521,3.482
12000,982.05,0.741498212,3.48205
12000,982.1,0.7414982719,3.4821
12000,982.15,0.7414983316,3.48215
12000,982.2,0.7414983913,3.4822
12000,982.25,0.7414984509,3.48225
12000,982.3,0.7414985104,3.4823
12000,982.35,0.7414985697,3.48235
12000,982.4,0.741498629,3.4824
12000,982.45,0.7414986882,3.48245
12000,982.5,0.7414987473,3.4825
12000,982.55,0.7414988063,3.48255
12000,982.6,0.7414988652,3.4826
12000,982.65,0.741498924,3.48265
12000,982.7,0.7414989827,3.4827
12000,982.75,0.7414990413,3.48275
12000,982.8,0.7414990998,3.4828
12000,982.85,0.7414991582,3.48285
12000,982.9,0.7414992165,3.4829
12000,982.95,0.7414992747,3.48295
12000,983,0.7414993329,3.483
12000,983.05,0.7414993909,3.48305
12000,983.1,0.7414994488,3.4831
12000,983.15,0.7414995067,3.48315
12000,983.2,0.7414995644,3.4832
12000,983.25,0.7414996221,3.48325
12000,983.3,0.7414996796,3.4833
12000,983.35,0.7414997371,3.48335
12000,983.4,0.7414997945,3.4834
12000,983.45,0.7414998517,3.48345
12000,983.5,0.7414999089,3.4835
12000,983.55,0.741499966,3.48355
12000,983.6,0.741500023,3.4836
12000,983.65,0.7415000799,3.48365
12000,983.7,0.7415001367,3.4837
12000,983.75,0.7415001935,3.48375
12000,983.8,0.7415002501,3.4838
12000,983.85,0.7415003066,3.48385
12000,983.9,0.7415003631,3.4839
12000,983.95,0.7415004194,3.48395
12000,984,0.7415004757,3.484
12000,984.05,0.7415005318,3.48405
12000,984.1,0.7415005879,3.4841
12000,984.15,0.7415006439,3.48415
12000,984.2,0.7415006998,3.4842
12000,984.25,0.7415007556,3.48425
12000,984.3,0.7415008113,3.4843
12000,984.35,0.7415008669,3.48435
12000,984.4,0.7415009224,3.4844
12000,984.45,0.7415009778,3.48445
12000,984.5,0.7415010332,3.4845
12000,984.55,0.7415010884,3.48455
12000,984.6,0.7415011436,3.4846
12000,984.65,0.7415011986,3.48465
12000,984.7,0.7415012536,3.4847
12000,984.75,0.7415013085,3.48475
12000,984.8,0.7415013633,3.4848
12000,984.85,0.741501418,3.48485
12000,984.9,0.7415014726,3.4849
12000,984.95,0.7415015272,3.48495
12000,985,0.7415015816,3.485
12000,985.05,0.741501636,3.48505
12000,985.1,0.7415016902,3.4851
12000,985.15,0.7415017444,3.48515
12000,985.2,0.7415017985,3.4852
12000,985.25,0.7415018525,3.48525
12000,985.3,0.7415019064,3.4853
12000,985.35,0.7415019602,3.48535
12000,985.4,0.7415020139,3.4854
12000,985.45,0.7415020675,3.48545
12000,985.5,0.7415021211,3.4855
12000,985.55,0.7415021746,3.48555
12000,985.6,0.7415022279,3.4856
12000,985.65,0.7415022812,3.48565
12000,985.7,0.7415023344,3.4857
12000,985.75,0.7415023875,3.48575
12000,985.8,0.7415024406,3.4858
12000,985.85,0.7415024935,3.48585
12000,985.9,0.7415025464,3.4859
12000,985.95,0.7415025991,3.48595
12000,986,0.7415026518,3.486
12000,986.05,0.7415027044,3.48605
12000,986.1,0.7415027569,3.4861
12000,986.15,0.7415028093,3.48615
12000,986.2,0.7415028616,3.4862
12000,986.25,0.7415029139,3.48625
12000,986.3,0.7415029661,3.4863
12000,986.35,0.7415030181,3.48635
12000,986.4,0.7415030701,3.4864
12000,986.45,0.741503122,3.48645
12000,986.5,0.7415031738,3.4865
12000,986.55,0.7415032256,3.48655
12000,986.6,0.7415032772,3.4866
12000,986.65,0.7415033288,3.48665
12000,986.7,0.7415033802,3.4867
12000,986.75,0.7415034316,3.48675
12000,986.8,0.7415034829,3.4868
12000,986.85,0.7415035342,3.48685
12000,986.9,0.7415035853,3.4869
12000,986.95,0.7415036364,3.48695
12000,987,0.7415036873,3.487
12000,987.05,0.7415037382,3.48705
12000,987.1,0.741503789,3.4871
12000,987.15,0.7415038397,3.48715
12000,987.2,0.7415038904,3.4872
12000,987.25,0.7415039409,3.48725
12000,987.3,0.7415039914,3.4873
12000,987.35,0.7415040418,3.48735
12000,987.4,0.7415040921,3.4874
12000,987.45,0.7415041423,3.48745
12000,987.5,0.7415041924,3.4875
12000,987.55,0.7415042425,3.48755
12000,987.6,0.7415042924,3.4876
12000,987.65,0.7415043423,3.48765
12000,987.7,0.7415043921,3.4877
12000,987.75,0.7415044418,3.48775
12000,987.8,0.7415044915,3.4878
12000,987.85,0.741504541,3.48785
12000,987.9,0.7415045905,3.4879
12000,987.95,0.7415046399,3.48795
12000,988,0.7415046892,3.488
12000,988.05,0.7415047385,3.48805
12000,988.1,0.7415047876,3.4881
12000,988.15,0.7415048367,3.48815
12000,988.2,0.7415048857,3.4882
12000,988.25,0.7415049346,3.48825
12000,988.3,0.7415049834,3.4883
12000,988.35,0.7415050321,3.48835
12000,988.4,0.7415050808,3.4884
12000,988.45,0.7415051294,3.48845
12000,988.5,0.7415051779,3.4885
12000,988.55,0.7415052263,3.48855
12000,988.6,0.7415052747,3.4886
12000,988.65,0.7415053229,3.48865
12000,988.7,0.7415053711,3.4887
12000,988.75,0.7415054192,3.48875
12000,988.8,0.7415054672,3.4888
12000,988.85,0.7415055152,3.48885
12000,988.9,0.741505563,3.4889
12000,988.95,0.7415056108,3.48895
12000,989,0.7415056585,3.489
12000,989.05,0.7415057061,3.48905
12000,989.1,0.7415057537,3.4891
12000,989.15,0.7415058012,3.48915
12000,989.2,0.7415058486,3.4892
12000,989.25,0.7415058959,3.48925
12000,989.3,0.7415059431,3.4893
12000,989.35,0.7415059903,3.48935
12000,989.4,0.7415060373,3.4894
12000,989.45,0.7415060843,3.48945
12000,989.5,0.7415061313,3.4895
12000,989.55,0.7415061781,3.48955
12000,989.6,0.7415062249,3.4896
12000,989.65,0.7415062715,3.48965
12000,989.7,0.7415063182,3.4897
12000,989.75,0.7415063647,3.48975
12000,989.8,0.7415064111,3.4898
12000,989.85,0.7415064575,3.48985
12000,989.9,0.7415065038,3.4899
12000,989.95,0.7415065501,3.48995
12000,990,0.7415065962,3.49
12000,990.05,0.7415066423,3.49005
12000,990.1,0.7415066883,3.4901
12000,990.15,0.7415067342,3.49015
12000,990.2,0.74150678,3.4902
12000,990.25,0.7415068258,3.49025
12000,990.3,0.7415068715,3.4903
12000,990.35,0.7415069171,3.49035
12000,990.4,0.7415069626,3.4904
12000,990.45,0.7415070081,3.49045
12000,990.5,0.7415070535,3.4905
12000,990.55,0.7415070988,3.49055
12000,990.6,0.741507144,3.4906
12000,990.65,0.7415071892,3.49065
12000,990.7,0.7415072343,3.4907
12000,990.75,0.7415072793,3.49075
12000,990.8,0.7415073242,3.4908
12000,990.85,0.7415073691,3.49085
12000,990.9,0.7415074139,3.4909
12000,990.95,0.7415074586,3.49095
12000,991,0.7415075032,3.491
12000,991.05,0.7415075478,3.49105
12000,991.1,0.7415075923,3.4911
12000,991.15,0.7415076367,3.49115
12000,991.2,0.741507681,3.4912
12000,991.25,0.7415077253,3.49125
12000,991.3,0.7415077695,3.4913
12000,991.35,0.7415078136,3.49135
12000,991.4,0.7415078577,3.4914
12000,991.45,0.7415079016,3.49145
12000,991.5,0.7415079455,3.4915
12000,991.55,0.7415079894,3.49155
12000,991.6,0.7415080331,3.4916
12000,991.65,0.7415080768,3.49165
12000,991.7,0.7415081204,3.4917
12000,991.75,0.7415081639,3.49175
12000,991.8,0.7415082074,3.4918
12000,991.85,0.7415082508,3.49185
12000,991.9,0.7415082941,3.4919
12000,991.95,0.7415083374,3.49195
12000,992,0.7415083805,3.492
12000,992.05,0.7415084236,3.49205
12000,992.1,0.7415084667,3.4921
12000,992.15,0.7415085096,3.49215
12000,992.2,0.7415085525,3.4922
12000,992.25,0.7415085953,3.49225
12000,992.3,0.7415086381,3.4923
12000,992.35,0.7415086807,3.49235
12000,992.4,0.7415087233,3.4924
12000,992.45,0.7415087659,3.49245
12000,992.5,0.7415088083,3.4925
12000,992.55,0.7415088507,3.49255
12000,992.6,0.741508893,3.4926
12000,992.65,0.7415089353,3.49265
12000,992.7,0.7415089774,3.4927
12000,992.75,0.7415090195,3.49275
12000,992.8,0.7415090616,3.4928
12000,992.85,0.7415091035,3.49285
12000,992.9,0.7415091454,3.4929
12000,992.95,0.7415091873,3.49295
12000,993,0.741509229,3.493
12000,993.05,0.7415092707,3.49305
12000,993.1,0.7415093123,3.4931
12000,993.15,0.7415093539,3.49315
12000,993.2,0.7415093953,3.4932
12000,993.25,0.7415094367,3.49325
12000,993.3,0.7415094781,3.4933
12000,993.35,0.7415095193,3.49335
12000,993.4,0.7415095605,3.4934
12000,993.45,0.7415096017,3.49345
12000,993.5,0.7415096427,3.4935
12000,993.55,0.7415096837,3.49355
12000,993.6,0.7415097247,3.4936
12000,993.65,0.7415097655,3.49365
12000,993.7,0.7415098063,3.4937
12000,993.75,0.741509847,3.49375
12000,993.8,0.7415098877,3.4938
12000,993.85,0.7415099282,3.49385
12000,993.9,0.7415099688,3.4939
12000,993.95,0.7415100092,3.49395
12000,994,0.7415100496,3.494
12000,994.05,0.7415100899,3.49405
12000,994.1,0.7415101301,3.4941
12000,994.15,0.7415101703,3.49415
12000,994.2,0.7415102104,3.4942
12000,994.25,0.7415102505,3.49425
12000,994.3,0.7415102904,3.4943
12000,994.35,0.7415103303,3.49435
12000,994.4,0.7415103702,3.4944
12000,994.45,0.74151041,3.49445
12000,994.5,0.7415104497,3.4945
12000,994.55,0.7415104893,3.49455
12000,994.6,0.7415105289,3.4946
12000,994.65,0.7415105684,3.49465
12000,994.7,0.7415106078,3.4947
12000,994.75,0.7415106472,3.49475
12000,994.8,0.7415106865,3.4948
12000,994.85,0.7415107257,3.49485
12000,994.9,0.7415107649,3.4949
12000,994.95,0.741510804,3.49495
12000,995,0.7415108431,3.495
12000,995.05,0.7415108821,3.49505
12000,995.1,0.741510921,3.4951
12000,995.15,0.7415109598,3.49515
12000,995.2,0.7415109986,3.4952
12000,995.25,0.7415110373,3.49525
12000,995.3,0.741511076,3.4953
12000,995.35,0.7415111146,3.49535
12000,995.4,0.7415111531,3.4954
12000,995.45,0.7415111915,3.49545
12000,995.5,0.7415112299,3.4955
12000,995.55,0.7415112683,3.49555
12000,995.6,0.7415113065,3.4956
12000,995.65,0.7415113447,3.49565
12000,995.7,0.7415113829,3.4957
12000,995.75,0.7415114209,3.49575
12000,995.8,0.7415114589,3.4958
12000,995.85,0.7415114969,3.49585
12000,995.9,0.7415115348,3.4959
12000,995.95,0.7415115726,3.49595
12000,996,0.7415116103,3.496
12000,996.05,0.741511648,3.49605
12000,996.1,0.7415116857,3.4961
12000,996.15,0.7415117232,3.49615
12000,996.2,0.7415117607,3.4962
12000,996.25,0.7415117982,3.49625
12000,996.3,0.7415118355,3.4963
12000,996.35,0.7415118728,3.49635
12000,996.4,0.7415119101,3.4964
12000,996.45,0.7415119473,3.49645
12000,996.5,0.7415119844,3.4965
12000,996.55,0.7415120214,3.49655
12000,996.6,0.7415120584,3.4966
12000,996.65,0.7415120954,3.49665
12000,996.7,0.7415121323,3.4967
12000,996.75,0.7415121691,3.49675
12000,996.8,0.7415122058,3.4968
12000,996.85,0.7415122425,3.49685
12000,996.9,0.7415122791,3.4969
12000,996.95,0.7415123157,3.49695
12000,997,0.7415123522,3.497
12000,997.05,0.7415123886,3.49705
12000,997.1,0.741512425,3.4971
12000,997.15,0.7415124613,3.49715
12000,997.2,0.7415124976,3.4972
12000,997.25,0.7415125338,3.49725
12000,997.3,0.7415125699,3.4973
12000,997.35,0.741512606,3.49735
12000,997.4,0.741512642,3.4974
12000,997.45,0.7415126779,3.49745
12000,997.5,0.7415127138,3.4975
12000,997.55,0.7415127496,3.49755
12000,997.6,0.7415127854,3.4976
12000,997.65,0.7415128211,3.49765
12000,997.7,0.7415128568,3.4977
12000,997.75,0.7415128924,3.49775
12000,997.8,0.7415129279,3.4978
12000,997.85,0.7415129633,3.49785
12000,997.9,0.7415129988,3.4979
12000,997.95,0.7415130341,3.49795
12000,998,0.7415130694,3.498
12000,998.05,0.7415131046,3.49805
12000,998.1,0.7415131398,3.4981
12000,998.15,0.7415131749,3.49815
12000,998.2,0.7415132099,3.4982
12000,998.25,0.7415132449,3.49825
12000,998.3,0.7415132799,3.4983
12000,998.35,0.7415133147,3.49835
12000,998.4,0.7415133495,3.4984
12000,998.45,0.7415133843,3.49845
12000,998.5,0.741513419,3.4985
12000,998.55,0.7415134536,3.49855
12000,998.6,0.7415134882,3.4986
12000,998.65,0.7415135227,3.49865
12000,998.7,0.7415135572,3.4987
12000,998.75,0.7415135916,3.49875
12000,998.8,0.7415136259,3.4988
12000,998.85,0.7415136602,3.49885
12000,998.9,0.7415136944,3.4989
12000,998.95,0.7415137286,3.49895
12000,999,0.7415137627,3.499
12000,999.05,0.7415137968,3.49905
12000,999.1,0.7415138308,3.4991
12000,999.15,0.7415138647,3.49915
12000,999.2,0.7415138986,3.4992
12000,999.25,0.7415139324,3.49925
12000,999.3,0.7415139662,3.4993
12000,999.35,0.7415139999,3.49935
12000,999.4,0.7415140335,3.4994
12000,999.45,0.7415140671,3.49945
12000,999.5,0.7415141007,3.4995
12000,999.55,0.7415141342,3.49955
12000,999.6,0.7415141676,3.4996
12000,999.65,0.7415142009,3.49965
12000,999.7,0.7415142343,3.4997
12000,999.75,0.7415142675,3.49975
12000,999.8,0.7415143007,3.4998
12000,999.85,0.7415143338,3.49985
12000,999.9,0.7415143669,3.4999
12000,999.95,0.7415144,3.49995
12000,1000,0.7415144329,3.5
