# macdonald-long-jump — MacDonald 1000 m channel, hydraulic jump at x = 500 m
# SWASHES 3.2.1 (super-to-subcritical); Delestre et al. 2013, doi 10.1002/fld.3741
# Independent Python implementation (swasheslib/analytic.py); no SWASHES-tool output vendored.
# grid: 20001 stations (20x model resolution nx=1000)
t_s,x_m,h_m,q_m2_per_s
6000,0,0.5437906726,2
6000,0.05,0.5438153879,2
6000,0.1,0.5438400983,2
6000,0.15,0.5438648037,2
6000,0.2,0.5438895041,2
6000,0.25,0.5439141997,2
6000,0.3,0.5439388902,2
6000,0.35,0.5439635759,2
6000,0.4,0.5439882566,2
6000,0.45,0.5440129324,2
6000,0.5,0.5440376032,2
6000,0.55,0.5440622691,2
6000,0.6,0.5440869301,2
6000,0.65,0.5441115861,2
6000,0.7,0.5441362372,2
6000,0.75,0.5441608834,2
6000,0.8,0.5441855247,2
6000,0.85,0.544210161,2
6000,0.9,0.5442347924,2
6000,0.95,0.5442594189,2
6000,1,0.5442840404,2
6000,1.05,0.544308657,2
6000,1.1,0.5443332687,2
6000,1.15,0.5443578755,2
6000,1.2,0.5443824774,2
6000,1.25,0.5444070743,2
6000,1.3,0.5444316663,2
6000,1.35,0.5444562534,2
6000,1.4,0.5444808356,2
6000,1.45,0.5445054129,2
6000,1.5,0.5445299852,2
6000,1.55,0.5445545527,2
6000,1.6,0.5445791152,2
6000,1.65,0.5446036728,2
6000,1.7,0.5446282255,2
6000,1.75,0.5446527733,2
6000,1.8,0.5446773162,2
6000,1.85,0.5447018541,2
6000,1.9,0.5447263872,2
6000,1.95,0.5447509154,2
6000,2,0.5447754386,2
6000,2.05,0.544799957,2
6000,2.1,0.5448244704,2
6000,2.15,0.544848979,2
6000,2.2,0.5448734826,2
6000,2.25,0.5448979814,2
6000,2.3,0.5449224752,2
6000,2.35,0.5449469642,2
6000,2.4,0.5449714482,2
6000,2.45,0.5449959274,2
6000,2.5,0.5450204016,2
6000,2.55,0.545044871,2
6000,2.6,0.5450693355,2
6000,2.65,0.5450937951,2
6000,2.7,0.5451182497,2
6000,2.75,0.5451426995,2
6000,2.8,0.5451671444,2
6000,2.85,0.5451915845,2
6000,2.9,0.5452160196,2
6000,2.95,0.5452404498,2
6000,3,0.5452648752,2
6000,3.05,0.5452892957,2
6000,3.1,0.5453137113,2
6000,3.15,0.545338122,2
6000,3.2,0.5453625278,2
6000,3.25,0.5453869288,2
6000,3.3,0.5454113248,2
6000,3.35,0.545435716,2
6000,3.4,0.5454601023,2
6000,3.45,0.5454844838,2
6000,3.5,0.5455088603,2
6000,3.55,0.545533232,2
6000,3.6,0.5455575988,2
6000,3.65,0.5455819607,2
6000,3.7,0.5456063178,2
6000,3.75,0.54563067,2
6000,3.8,0.5456550173,2
6000,3.85,0.5456793598,2
6000,3.9,0.5457036974,2
6000,3.95,0.5457280301,2
6000,4,0.5457523579,2
6000,4.05,0.5457766809,2
6000,4.1,0.545800999,2
6000,4.15,0.5458253123,2
6000,4.2,0.5458496207,2
6000,4.25,0.5458739242,2
6000,4.3,0.5458982229,2
6000,4.35,0.5459225167,2
6000,4.4,0.5459468057,2
6000,4.45,0.5459710898,2
6000,4.5,0.545995369,2
6000,4.55,0.5460196434,2
6000,4.6,0.546043913,2
6000,4.65,0.5460681777,2
6000,4.7,0.5460924375,2
6000,4.75,0.5461166925,2
6000,4.8,0.5461409426,2
6000,4.85,0.5461651879,2
6000,4.9,0.5461894283,2
6000,4.95,0.5462136639,2
6000,5,0.5462378946,2
6000,5.05,0.5462621205,2
6000,5.1,0.5462863416,2
6000,5.15,0.5463105578,2
6000,5.2,0.5463347691,2
6000,5.25,0.5463589756,2
6000,5.3,0.5463831773,2
6000,5.35,0.5464073742,2
6000,5.4,0.5464315662,2
6000,5.45,0.5464557533,2
6000,5.5,0.5464799356,2
6000,5.55,0.5465041131,2
6000,5.6,0.5465282858,2
6000,5.65,0.5465524536,2
6000,5.7,0.5465766166,2
6000,5.75,0.5466007747,2
6000,5.8,0.5466249281,2
6000,5.85,0.5466490766,2
6000,5.9,0.5466732202,2
6000,5.95,0.546697359,2
6000,6,0.5467214931,2
6000,6.05,0.5467456222,2
6000,6.1,0.5467697466,2
6000,6.15,0.5467938661,2
6000,6.2,0.5468179808,2
6000,6.25,0.5468420907,2
6000,6.3,0.5468661958,2
6000,6.35,0.546890296,2
6000,6.4,0.5469143914,2
6000,6.45,0.5469384821,2
6000,6.5,0.5469625678,2
6000,6.55,0.5469866488,2
6000,6.6,0.547010725,2
6000,6.65,0.5470347963,2
6000,6.7,0.5470588628,2
6000,6.75,0.5470829245,2
6000,6.8,0.5471069814,2
6000,6.85,0.5471310335,2
6000,6.9,0.5471550808,2
6000,6.95,0.5471791233,2
6000,7,0.547203161,2
6000,7.05,0.5472271938,2
6000,7.1,0.5472512219,2
6000,7.15,0.5472752451,2
6000,7.2,0.5472992635,2
6000,7.25,0.5473232772,2
6000,7.3,0.547347286,2
6000,7.35,0.5473712901,2
6000,7.4,0.5473952893,2
6000,7.45,0.5474192837,2
6000,7.5,0.5474432734,2
6000,7.55,0.5474672582,2
6000,7.6,0.5474912382,2
6000,7.65,0.5475152135,2
6000,7.7,0.5475391839,2
6000,7.75,0.5475631496,2
6000,7.8,0.5475871105,2
6000,7.85,0.5476110665,2
6000,7.9,0.5476350178,2
6000,7.95,0.5476589643,2
6000,8,0.547682906,2
6000,8.05,0.5477068429,2
6000,8.1,0.5477307751,2
6000,8.15,0.5477547024,2
6000,8.2,0.547778625,2
6000,8.25,0.5478025428,2
6000,8.3,0.5478264557,2
6000,8.35,0.547850364,2
6000,8.4,0.5478742674,2
6000,8.45,0.547898166,2
6000,8.5,0.5479220599,2
6000,8.55,0.547945949,2
6000,8.6,0.5479698333,2
6000,8.65,0.5479937128,2
6000,8.7,0.5480175876,2
6000,8.75,0.5480414576,2
6000,8.8,0.5480653228,2
6000,8.85,0.5480891833,2
6000,8.9,0.5481130389,2
6000,8.95,0.5481368898,2
6000,9,0.548160736,2
6000,9.05,0.5481845773,2
6000,9.1,0.5482084139,2
6000,9.15,0.5482322457,2
6000,9.2,0.5482560728,2
6000,9.25,0.5482798951,2
6000,9.3,0.5483037126,2
6000,9.35,0.5483275254,2
6000,9.4,0.5483513334,2
6000,9.45,0.5483751366,2
6000,9.5,0.5483989351,2
6000,9.55,0.5484227289,2
6000,9.6,0.5484465178,2
6000,9.65,0.548470302,2
6000,9.7,0.5484940815,2
6000,9.75,0.5485178562,2
6000,9.8,0.5485416261,2
6000,9.85,0.5485653913,2
6000,9.9,0.5485891518,2
6000,9.95,0.5486129074,2
6000,10,0.5486366584,2
6000,10.05,0.5486604046,2
6000,10.1,0.548684146,2
6000,10.15,0.5487078827,2
6000,10.2,0.5487316146,2
6000,10.25,0.5487553418,2
6000,10.3,0.5487790643,2
6000,10.35,0.548802782,2
6000,10.4,0.548826495,2
6000,10.45,0.5488502032,2
6000,10.5,0.5488739067,2
6000,10.55,0.5488976054,2
6000,10.6,0.5489212994,2
6000,10.65,0.5489449887,2
6000,10.7,0.5489686732,2
6000,10.75,0.548992353,2
6000,10.8,0.549016028,2
6000,10.85,0.5490396984,2
6000,10.9,0.5490633639,2
6000,10.95,0.5490870248,2
6000,11,0.5491106809,2
6000,11.05,0.5491343323,2
6000,11.1,0.549157979,2
6000,11.15,0.5491816209,2
6000,11.2,0.5492052581,2
6000,11.25,0.5492288906,2
6000,11.3,0.5492525183,2
6000,11.35,0.5492761414,2
6000,11.4,0.5492997597,2
6000,11.45,0.5493233732,2
6000,11.5,0.5493469821,2
6000,11.55,0.5493705862,2
6000,11.6,0.5493941856,2
6000,11.65,0.5494177803,2
6000,11.7,0.5494413703,2
6000,11.75,0.5494649556,2
6000,11.8,0.5494885361,2
6000,11.85,0.549512112,2
6000,11.9,0.5495356831,2
6000,11.95,0.5495592495,2
6000,12,0.5495828111,2
6000,12.05,0.5496063681,2
6000,12.1,0.5496299204,2
6000,12.15,0.5496534679,2
6000,12.2,0.5496770108,2
6000,12.25,0.5497005489,2
6000,12.3,0.5497240824,2
6000,12.35,0.5497476111,2
6000,12.4,0.5497711351,2
6000,12.45,0.5497946544,2
6000,12.5,0.549818169,2
6000,12.55,0.5498416789,2
6000,12.6,0.5498651841,2
6000,12.65,0.5498886846,2
6000,12.7,0.5499121804,2
6000,12.75,0.5499356715,2
6000,12.8,0.549959158,2
6000,12.85,0.5499826397,2
6000,12.9,0.5500061167,2
6000,12.95,0.550029589,2
6000,13,0.5500530566,2
6000,13.05,0.5500765196,2
6000,13.1,0.5500999778,2
6000,13.15,0.5501234314,2
6000,13.2,0.5501468802,2
6000,13.25,0.5501703244,2
6000,13.3,0.5501937639,2
6000,13.35,0.5502171987,2
6000,13.4,0.5502406288,2
6000,13.45,0.5502640542,2
6000,13.5,0.5502874749,2
6000,13.55,0.550310891,2
6000,13.6,0.5503343024,2
6000,13.65,0.5503577091,2
6000,13.7,0.5503811111,2
6000,13.75,0.5504045084,2
6000,13.8,0.5504279011,2
6000,13.85,0.550451289,2
6000,13.9,0.5504746723,2
6000,13.95,0.5504980509,2
6000,14,0.5505214249,2
6000,14.05,0.5505447942,2
6000,14.1,0.5505681588,2
6000,14.15,0.5505915187,2
6000,14.2,0.5506148739,2
6000,14.25,0.5506382245,2
6000,14.3,0.5506615704,2
6000,14.35,0.5506849117,2
6000,14.4,0.5507082483,2
6000,14.45,0.5507315802,2
6000,14.5,0.5507549074,2
6000,14.55,0.55077823,2
6000,14.6,0.5508015479,2
6000,14.65,0.5508248612,2
6000,14.7,0.5508481697,2
6000,14.75,0.5508714737,2
6000,14.8,0.5508947729,2
6000,14.85,0.5509180675,2
6000,14.9,0.5509413575,2
6000,14.95,0.5509646428,2
6000,15,0.5509879234,2
6000,15.05,0.5510111994,2
6000,15.1,0.5510344707,2
6000,15.15,0.5510577374,2
6000,15.2,0.5510809994,2
6000,15.25,0.5511042568,2
6000,15.3,0.5511275095,2
6000,15.35,0.5511507576,2
6000,15.4,0.551174001,2
6000,15.45,0.5511972398,2
6000,15.5,0.5512204739,2
6000,15.55,0.5512437033,2
6000,15.6,0.5512669282,2
6000,15.65,0.5512901484,2
6000,15.7,0.5513133639,2
6000,15.75,0.5513365748,2
6000,15.8,0.5513597811,2
6000,15.85,0.5513829827,2
6000,15.9,0.5514061796,2
6000,15.95,0.551429372,2
6000,16,0.5514525597,2
6000,16.05,0.5514757427,2
6000,16.1,0.5514989212,2
6000,16.15,0.551522095,2
6000,16.2,0.5515452641,2
6000,16.25,0.5515684286,2
6000,16.3,0.5515915885,2
6000,16.35,0.5516147438,2
6000,16.4,0.5516378944,2
6000,16.45,0.5516610404,2
6000,16.5,0.5516841818,2
6000,16.55,0.5517073185,2
6000,16.6,0.5517304506,2
6000,16.65,0.5517535781,2
6000,16.7,0.551776701,2
6000,16.75,0.5517998192,2
6000,16.8,0.5518229329,2
6000,16.85,0.5518460419,2
6000,16.9,0.5518691462,2
6000,16.95,0.551892246,2
6000,17,0.5519153411,2
6000,17.05,0.5519384316,2
6000,17.1,0.5519615175,2
6000,17.15,0.5519845988,2
6000,17.2,0.5520076755,2
6000,17.25,0.5520307475,2
6000,17.3,0.552053815,2
6000,17.35,0.5520768778,2
6000,17.4,0.552099936,2
6000,17.45,0.5521229896,2
6000,17.5,0.5521460386,2
6000,17.55,0.552169083,2
6000,17.6,0.5521921227,2
6000,17.65,0.5522151579,2
6000,17.7,0.5522381885,2
6000,17.75,0.5522612144,2
6000,17.8,0.5522842358,2
6000,17.85,0.5523072525,2
6000,17.9,0.5523302646,2
6000,17.95,0.5523532722,2
6000,18,0.5523762751,2
6000,18.05,0.5523992735,2
6000,18.1,0.5524222672,2
6000,18.15,0.5524452563,2
6000,18.2,0.5524682409,2
6000,18.25,0.5524912208,2
6000,18.3,0.5525141962,2
6000,18.35,0.5525371669,2
6000,18.4,0.5525601331,2
6000,18.45,0.5525830947,2
6000,18.5,0.5526060516,2
6000,18.55,0.552629004,2
6000,18.6,0.5526519518,2
6000,18.65,0.552674895,2
6000,18.7,0.5526978336,2
6000,18.75,0.5527207677,2
6000,18.8,0.5527436971,2
6000,18.85,0.552766622,2
6000,18.9,0.5527895423,2
6000,18.95,0.552812458,2
6000,19,0.5528353691,2
6000,19.05,0.5528582756,2
6000,19.1,0.5528811775,2
6000,19.15,0.5529040749,2
6000,19.2,0.5529269677,2
6000,19.25,0.5529498559,2
6000,19.3,0.5529727395,2
6000,19.35,0.5529956186,2
6000,19.4,0.5530184931,2
6000,19.45,0.553041363,2
6000,19.5,0.5530642283,2
6000,19.55,0.5530870891,2
6000,19.6,0.5531099453,2
6000,19.65,0.5531327969,2
6000,19.7,0.5531556439,2
6000,19.75,0.5531784864,2
6000,19.8,0.5532013243,2
6000,19.85,0.5532241577,2
6000,19.9,0.5532469864,2
6000,19.95,0.5532698107,2
6000,20,0.5532926303,2
6000,20.05,0.5533154454,2
6000,20.1,0.5533382559,2
6000,20.15,0.5533610619,2
6000,20.2,0.5533838633,2
6000,20.25,0.5534066601,2
6000,20.3,0.5534294524,2
6000,20.35,0.5534522401,2
6000,20.4,0.5534750233,2
6000,20.45,0.5534978019,2
6000,20.5,0.5535205759,2
6000,20.55,0.5535433454,2
6000,20.6,0.5535661104,2
6000,20.65,0.5535888708,2
6000,20.7,0.5536116266,2
6000,20.75,0.5536343779,2
6000,20.8,0.5536571247,2
6000,20.85,0.5536798669,2
6000,20.9,0.5537026045,2
6000,20.95,0.5537253376,2
6000,21,0.5537480661,2
6000,21.05,0.5537707902,2
6000,21.1,0.5537935096,2
6000,21.15,0.5538162245,2
6000,21.2,0.5538389349,2
6000,21.25,0.5538616407,2
6000,21.3,0.553884342,2
6000,21.35,0.5539070388,2
6000,21.4,0.553929731,2
6000,21.45,0.5539524187,2
6000,21.5,0.5539751018,2
6000,21.55,0.5539977804,2
6000,21.6,0.5540204545,2
6000,21.65,0.554043124,2
6000,21.7,0.554065789,2
6000,21.75,0.5540884495,2
6000,21.8,0.5541111054,2
6000,21.85,0.5541337568,2
6000,21.9,0.5541564037,2
6000,21.95,0.5541790461,2
6000,22,0.5542016839,2
6000,22.05,0.5542243172,2
6000,22.1,0.5542469459,2
6000,22.15,0.5542695702,2
6000,22.2,0.5542921899,2
6000,22.25,0.5543148051,2
6000,22.3,0.5543374158,2
6000,22.35,0.5543600219,2
6000,22.4,0.5543826235,2
6000,22.45,0.5544052207,2
6000,22.5,0.5544278132,2
6000,22.55,0.5544504013,2
6000,22.6,0.5544729849,2
6000,22.65,0.5544955639,2
6000,22.7,0.5545181384,2
6000,22.75,0.5545407084,2
6000,22.8,0.5545632739,2
6000,22.85,0.5545858349,2
6000,22.9,0.5546083914,2
6000,22.95,0.5546309433,2
6000,23,0.5546534908,2
6000,23.05,0.5546760337,2
6000,23.1,0.5546985722,2
6000,23.15,0.5547211061,2
6000,23.2,0.5547436355,2
6000,23.25,0.5547661604,2
6000,23.3,0.5547886808,2
6000,23.35,0.5548111967,2
6000,23.4,0.5548337081,2
6000,23.45,0.554856215,2
6000,23.5,0.5548787174,2
6000,23.55,0.5549012153,2
6000,23.6,0.5549237087,2
6000,23.65,0.5549461976,2
6000,23.7,0.554968682,2
6000,23.75,0.5549911619,2
6000,23.8,0.5550136374,2
6000,23.85,0.5550361083,2
6000,23.9,0.5550585747,2
6000,23.95,0.5550810366,2
6000,24,0.5551034941,2
6000,24.05,0.555125947,2
6000,24.1,0.5551483955,2
6000,24.15,0.5551708394,2
6000,24.2,0.5551932789,2
6000,24.25,0.5552157139,2
6000,24.3,0.5552381444,2
6000,24.35,0.5552605704,2
6000,24.4,0.555282992,2
6000,24.45,0.555305409,2
6000,24.5,0.5553278216,2
6000,24.55,0.5553502297,2
6000,24.6,0.5553726333,2
6000,24.65,0.5553950324,2
6000,24.7,0.5554174271,2
6000,24.75,0.5554398172,2
6000,24.8,0.5554622029,2
6000,24.85,0.5554845841,2
6000,24.9,0.5555069609,2
6000,24.95,0.5555293331,2
6000,25,0.5555517009,2
6000,25.05,0.5555740642,2
6000,25.1,0.5555964231,2
6000,25.15,0.5556187775,2
6000,25.2,0.5556411274,2
6000,25.25,0.5556634728,2
6000,25.3,0.5556858138,2
6000,25.35,0.5557081502,2
6000,25.4,0.5557304823,2
6000,25.45,0.5557528098,2
6000,25.5,0.5557751329,2
6000,25.55,0.5557974516,2
6000,25.6,0.5558197657,2
6000,25.65,0.5558420755,2
6000,25.7,0.5558643807,2
6000,25.75,0.5558866815,2
6000,25.8,0.5559089778,2
6000,25.85,0.5559312697,2
6000,25.9,0.5559535571,2
6000,25.95,0.55597584,2
6000,26,0.5559981185,2
6000,26.05,0.5560203926,2
6000,26.1,0.5560426622,2
6000,26.15,0.5560649273,2
6000,26.2,0.556087188,2
6000,26.25,0.5561094442,2
6000,26.3,0.556131696,2
6000,26.35,0.5561539433,2
6000,26.4,0.5561761862,2
6000,26.45,0.5561984246,2
6000,26.5,0.5562206586,2
6000,26.55,0.5562428881,2
6000,26.6,0.5562651132,2
6000,26.65,0.5562873339,2
6000,26.7,0.5563095501,2
6000,26.75,0.5563317619,2
6000,26.8,0.5563539692,2
6000,26.85,0.556376172,2
6000,26.9,0.5563983705,2
6000,26.95,0.5564205645,2
6000,27,0.556442754,2
6000,27.05,0.5564649392,2
6000,27.1,0.5564871199,2
6000,27.15,0.5565092961,2
6000,27.2,0.5565314679,2
6000,27.25,0.5565536353,2
6000,27.3,0.5565757983,2
6000,27.35,0.5565979568,2
6000,27.4,0.5566201109,2
6000,27.45,0.5566422605,2
6000,27.5,0.5566644057,2
6000,27.55,0.5566865465,2
6000,27.6,0.5567086829,2
6000,27.65,0.5567308148,2
6000,27.7,0.5567529424,2
6000,27.75,0.5567750655,2
6000,27.8,0.5567971841,2
6000,27.85,0.5568192984,2
6000,27.9,0.5568414082,2
6000,27.95,0.5568635136,2
6000,28,0.5568856146,2
6000,28.05,0.5569077111,2
6000,28.1,0.5569298033,2
6000,28.15,0.556951891,2
6000,28.2,0.5569739743,2
6000,28.25,0.5569960532,2
6000,28.3,0.5570181277,2
6000,28.35,0.5570401977,2
6000,28.4,0.5570622634,2
6000,28.45,0.5570843246,2
6000,28.5,0.5571063814,2
6000,28.55,0.5571284338,2
6000,28.6,0.5571504818,2
6000,28.65,0.5571725254,2
6000,28.7,0.5571945646,2
6000,28.75,0.5572165994,2
6000,28.8,0.5572386298,2
6000,28.85,0.5572606557,2
6000,28.9,0.5572826773,2
6000,28.95,0.5573046944,2
6000,29,0.5573267072,2
6000,29.05,0.5573487155,2
6000,29.1,0.5573707195,2
6000,29.15,0.557392719,2
6000,29.2,0.5574147142,2
6000,29.25,0.5574367049,2
6000,29.3,0.5574586913,2
6000,29.35,0.5574806732,2
6000,29.4,0.5575026508,2
6000,29.45,0.557524624,2
6000,29.5,0.5575465927,2
6000,29.55,0.5575685571,2
6000,29.6,0.5575905171,2
6000,29.65,0.5576124727,2
6000,29.7,0.5576344239,2
6000,29.75,0.5576563707,2
6000,29.8,0.5576783131,2
6000,29.85,0.5577002512,2
6000,29.9,0.5577221848,2
6000,29.95,0.5577441141,2
6000,30,0.557766039,2
6000,30.05,0.5577879594,2
6000,30.1,0.5578098756,2
6000,30.15,0.5578317873,2
6000,30.2,0.5578536946,2
6000,30.25,0.5578755976,2
6000,30.3,0.5578974962,2
6000,30.35,0.5579193904,2
6000,30.4,0.5579412802,2
6000,30.45,0.5579631656,2
6000,30.5,0.5579850467,2
6000,30.55,0.5580069234,2
6000,30.6,0.5580287957,2
6000,30.65,0.5580506637,2
6000,30.7,0.5580725273,2
6000,30.75,0.5580943865,2
6000,30.8,0.5581162413,2
6000,30.85,0.5581380917,2
6000,30.9,0.5581599378,2
6000,30.95,0.5581817796,2
6000,31,0.5582036169,2
6000,31.05,0.5582254499,2
6000,31.1,0.5582472785,2
6000,31.15,0.5582691028,2
6000,31.2,0.5582909227,2
6000,31.25,0.5583127382,2
6000,31.3,0.5583345493,2
6000,31.35,0.5583563561,2
6000,31.4,0.5583781586,2
6000,31.45,0.5583999567,2
6000,31.5,0.5584217504,2
6000,31.55,0.5584435398,2
6000,31.6,0.5584653248,2
6000,31.65,0.5584871054,2
6000,31.7,0.5585088817,2
6000,31.75,0.5585306536,2
6000,31.8,0.5585524212,2
6000,31.85,0.5585741845,2
6000,31.9,0.5585959433,2
6000,31.95,0.5586176979,2
6000,32,0.558639448,2
6000,32.05,0.5586611939,2
6000,32.1,0.5586829353,2
6000,32.15,0.5587046725,2
6000,32.2,0.5587264053,2
6000,32.25,0.5587481337,2
6000,32.3,0.5587698578,2
6000,32.35,0.5587915775,2
6000,32.4,0.5588132929,2
6000,32.45,0.558835004,2
6000,32.5,0.5588567107,2
6000,32.55,0.5588784131,2
6000,32.6,0.5589001112,2
6000,32.65,0.5589218049,2
6000,32.7,0.5589434942,2
6000,32.75,0.5589651792,2
6000,32.8,0.5589868599,2
6000,32.85,0.5590085363,2
6000,32.9,0.5590302083,2
6000,32.95,0.559051876,2
6000,33,0.5590735393,2
6000,33.05,0.5590951984,2
6000,33.1,0.559116853,2
6000,33.15,0.5591385034,2
6000,33.2,0.5591601494,2
6000,33.25,0.5591817911,2
6000,33.3,0.5592034285,2
6000,33.35,0.5592250615,2
6000,33.4,0.5592466903,2
6000,33.45,0.5592683146,2
6000,33.5,0.5592899347,2
6000,33.55,0.5593115505,2
6000,33.6,0.5593331619,2
6000,33.65,0.559354769,2
6000,33.7,0.5593763718,2
6000,33.75,0.5593979702,2
6000,33.8,0.5594195644,2
6000,33.85,0.5594411542,2
6000,33.9,0.5594627397,2
6000,33.95,0.5594843209,2
6000,34,0.5595058977,2
6000,34.05,0.5595274703,2
6000,34.1,0.5595490385,2
6000,34.15,0.5595706025,2
6000,34.2,0.5595921621,2
6000,34.25,0.5596137174,2
6000,34.3,0.5596352684,2
6000,34.35,0.5596568151,2
6000,34.4,0.5596783574,2
6000,34.45,0.5596998955,2
6000,34.5,0.5597214293,2
6000,34.55,0.5597429587,2
6000,34.6,0.5597644839,2
6000,34.65,0.5597860047,2
6000,34.7,0.5598075212,2
6000,34.75,0.5598290335,2
6000,34.8,0.5598505414,2
6000,34.85,0.559872045,2
6000,34.9,0.5598935444,2
6000,34.95,0.5599150394,2
6000,35,0.5599365301,2
6000,35.05,0.5599580166,2
6000,35.1,0.5599794987,2
6000,35.15,0.5600009766,2
6000,35.2,0.5600224501,2
6000,35.25,0.5600439194,2
6000,35.3,0.5600653843,2
6000,35.35,0.560086845,2
6000,35.4,0.5601083014,2
6000,35.45,0.5601297535,2
6000,35.5,0.5601512013,2
6000,35.55,0.5601726448,2
6000,35.6,0.560194084,2
6000,35.65,0.5602155189,2
6000,35.7,0.5602369496,2
6000,35.75,0.5602583759,2
6000,35.8,0.560279798,2
6000,35.85,0.5603012158,2
6000,35.9,0.5603226293,2
6000,35.95,0.5603440385,2
6000,36,0.5603654435,2
6000,36.05,0.5603868441,2
6000,36.1,0.5604082405,2
6000,36.15,0.5604296326,2
6000,36.2,0.5604510205,2
6000,36.25,0.560472404,2
6000,36.3,0.5604937833,2
6000,36.35,0.5605151583,2
6000,36.4,0.560536529,2
6000,36.45,0.5605578955,2
6000,36.5,0.5605792576,2
6000,36.55,0.5606006155,2
6000,36.6,0.5606219692,2
6000,36.65,0.5606433185,2
6000,36.7,0.5606646636,2
6000,36.75,0.5606860045,2
6000,36.8,0.560707341,2
6000,36.85,0.5607286733,2
6000,36.9,0.5607500013,2
6000,36.95,0.5607713251,2
6000,37,0.5607926446,2
6000,37.05,0.5608139598,2
6000,37.1,0.5608352708,2
6000,37.15,0.5608565775,2
6000,37.2,0.5608778799,2
6000,37.25,0.5608991781,2
6000,37.3,0.560920472,2
6000,37.35,0.5609417617,2
6000,37.4,0.5609630471,2
6000,37.45,0.5609843283,2
6000,37.5,0.5610056052,2
6000,37.55,0.5610268778,2
6000,37.6,0.5610481462,2
6000,37.65,0.5610694104,2
6000,37.7,0.5610906702,2
6000,37.75,0.5611119259,2
6000,37.8,0.5611331773,2
6000,37.85,0.5611544244,2
6000,37.9,0.5611756673,2
6000,37.95,0.5611969059,2
6000,38,0.5612181403,2
6000,38.05,0.5612393704,2
6000,38.1,0.5612605963,2
6000,38.15,0.561281818,2
6000,38.2,0.5613030354,2
6000,38.25,0.5613242485,2
6000,38.3,0.5613454575,2
6000,38.35,0.5613666621,2
6000,38.4,0.5613878626,2
6000,38.45,0.5614090588,2
6000,38.5,0.5614302508,2
6000,38.55,0.5614514385,2
6000,38.6,0.561472622,2
6000,38.65,0.5614938012,2
6000,38.7,0.5615149762,2
6000,38.75,0.561536147,2
6000,38.8,0.5615573136,2
6000,38.85,0.5615784759,2
6000,38.9,0.5615996339,2
6000,38.95,0.5616207878,2
6000,39,0.5616419374,2
6000,39.05,0.5616630828,2
6000,39.1,0.561684224,2
6000,39.15,0.5617053609,2
6000,39.2,0.5617264936,2
6000,39.25,0.5617476221,2
6000,39.3,0.5617687463,2
6000,39.35,0.5617898664,2
6000,39.4,0.5618109822,2
6000,39.45,0.5618320938,2
6000,39.5,0.5618532011,2
6000,39.55,0.5618743043,2
6000,39.6,0.5618954032,2
6000,39.65,0.5619164979,2
6000,39.7,0.5619375884,2
6000,39.75,0.5619586746,2
6000,39.8,0.5619797567,2
6000,39.85,0.5620008345,2
6000,39.9,0.5620219081,2
6000,39.95,0.5620429776,2
6000,40,0.5620640427,2
6000,40.05,0.5620851037,2
6000,40.1,0.5621061605,2
6000,40.15,0.562127213,2
6000,40.2,0.5621482614,2
6000,40.25,0.5621693055,2
6000,40.3,0.5621903454,2
6000,40.35,0.5622113812,2
6000,40.4,0.5622324127,2
6000,40.45,0.56225344,2
6000,40.5,0.5622744631,2
6000,40.55,0.562295482,2
6000,40.6,0.5623164967,2
6000,40.65,0.5623375072,2
6000,40.7,0.5623585135,2
6000,40.75,0.5623795156,2
6000,40.8,0.5624005134,2
6000,40.85,0.5624215071,2
6000,40.9,0.5624424966,2
6000,40.95,0.5624634819,2
6000,41,0.562484463,2
6000,41.05,0.5625054399,2
6000,41.1,0.5625264126,2
6000,41.15,0.5625473811,2
6000,41.2,0.5625683455,2
6000,41.25,0.5625893056,2
6000,41.3,0.5626102615,2
6000,41.35,0.5626312133,2
6000,41.4,0.5626521608,2
6000,41.45,0.5626731042,2
6000,41.5,0.5626940434,2
6000,41.55,0.5627149784,2
6000,41.6,0.5627359092,2
6000,41.65,0.5627568358,2
6000,41.7,0.5627777582,2
6000,41.75,0.5627986765,2
6000,41.8,0.5628195905,2
6000,41.85,0.5628405004,2
6000,41.9,0.5628614061,2
6000,41.95,0.5628823076,2
6000,42,0.562903205,2
6000,42.05,0.5629240981,2
6000,42.1,0.5629449871,2
6000,42.15,0.5629658719,2
6000,42.2,0.5629867526,2
6000,42.25,0.563007629,2
6000,42.3,0.5630285013,2
6000,42.35,0.5630493694,2
6000,42.4,0.5630702333,2
6000,42.45,0.5630910931,2
6000,42.5,0.5631119487,2
6000,42.55,0.5631328001,2
6000,42.6,0.5631536473,2
6000,42.65,0.5631744904,2
6000,42.7,0.5631953293,2
6000,42.75,0.5632161641,2
6000,42.8,0.5632369946,2
6000,42.85,0.5632578211,2
6000,42.9,0.5632786433,2
6000,42.95,0.5632994614,2
6000,43,0.5633202753,2
6000,43.05,0.5633410851,2
6000,43.1,0.5633618907,2
6000,43.15,0.5633826921,2
6000,43.2,0.5634034894,2
6000,43.25,0.5634242825,2
6000,43.3,0.5634450714,2
6000,43.35,0.5634658562,2
6000,43.4,0.5634866369,2
6000,43.45,0.5635074134,2
6000,43.5,0.5635281857,2
6000,43.55,0.5635489539,2
6000,43.6,0.5635697179,2
6000,43.65,0.5635904778,2
6000,43.7,0.5636112335,2
6000,43.75,0.5636319851,2
6000,43.8,0.5636527325,2
6000,43.85,0.5636734758,2
6000,43.9,0.5636942149,2
6000,43.95,0.5637149499,2
6000,44,0.5637356807,2
6000,44.05,0.5637564074,2
6000,44.1,0.5637771299,2
6000,44.15,0.5637978483,2
6000,44.2,0.5638185625,2
6000,44.25,0.5638392727,2
6000,44.3,0.5638599786,2
6000,44.35,0.5638806805,2
6000,44.4,0.5639013781,2
6000,44.45,0.5639220717,2
6000,44.5,0.5639427611,2
6000,44.55,0.5639634464,2
6000,44.6,0.5639841275,2
6000,44.65,0.5640048045,2
6000,44.7,0.5640254774,2
6000,44.75,0.5640461461,2
6000,44.8,0.5640668107,2
6000,44.85,0.5640874712,2
6000,44.9,0.5641081275,2
6000,44.95,0.5641287797,2
6000,45,0.5641494278,2
6000,45.05,0.5641700717,2
6000,45.1,0.5641907115,2
6000,45.15,0.5642113472,2
6000,45.2,0.5642319788,2
6000,45.25,0.5642526062,2
6000,45.3,0.5642732295,2
6000,45.35,0.5642938487,2
6000,45.4,0.5643144638,2
6000,45.45,0.5643350747,2
6000,45.5,0.5643556815,2
6000,45.55,0.5643762842,2
6000,45.6,0.5643968828,2
6000,45.65,0.5644174772,2
6000,45.7,0.5644380676,2
6000,45.75,0.5644586538,2
6000,45.8,0.5644792359,2
6000,45.85,0.5644998139,2
6000,45.9,0.5645203878,2
6000,45.95,0.5645409575,2
6000,46,0.5645615232,2
6000,46.05,0.5645820847,2
6000,46.1,0.5646026421,2
6000,46.15,0.5646231954,2
6000,46.2,0.5646437446,2
6000,46.25,0.5646642897,2
6000,46.3,0.5646848307,2
6000,46.35,0.5647053676,2
6000,46.4,0.5647259003,2
6000,46.45,0.564746429,2
6000,46.5,0.5647669535,2
6000,46.55,0.564787474,2
6000,46.6,0.5648079903,2
6000,46.65,0.5648285026,2
6000,46.7,0.5648490107,2
6000,46.75,0.5648695148,2
6000,46.8,0.5648900147,2
6000,46.85,0.5649105105,2
6000,46.9,0.5649310023,2
6000,46.95,0.5649514899,2
6000,47,0.5649719735,2
6000,47.05,0.5649924529,2
6000,47.1,0.5650129283,2
6000,47.15,0.5650333995,2
6000,47.2,0.5650538667,2
6000,47.25,0.5650743298,2
6000,47.3,0.5650947887,2
6000,47.35,0.5651152436,2
6000,47.4,0.5651356944,2
6000,47.45,0.5651561411,2
6000,47.5,0.5651765838,2
6000,47.55,0.5651970223,2
6000,47.6,0.5652174567,2
6000,47.65,0.5652378871,2
6000,47.7,0.5652583134,2
6000,47.75,0.5652787356,2
6000,47.8,0.5652991537,2
6000,47.85,0.5653195677,2
6000,47.9,0.5653399776,2
6000,47.95,0.5653603835,2
6000,48,0.5653807852,2
6000,48.05,0.5654011829,2
6000,48.1,0.5654215766,2
6000,48.15,0.5654419661,2
6000,48.2,0.5654623516,2
6000,48.25,0.5654827329,2
6000,48.3,0.5655031103,2
6000,48.35,0.5655234835,2
6000,48.4,0.5655438526,2
6000,48.45,0.5655642177,2
6000,48.5,0.5655845787,2
6000,48.55,0.5656049357,2
6000,48.6,0.5656252886,2
6000,48.65,0.5656456374,2
6000,48.7,0.5656659821,2
6000,48.75,0.5656863227,2
6000,48.8,0.5657066593,2
6000,48.85,0.5657269919,2
6000,48.9,0.5657473203,2
6000,48.95,0.5657676447,2
6000,49,0.5657879651,2
6000,49.05,0.5658082813,2
6000,49.1,0.5658285935,2
6000,49.15,0.5658489017,2
6000,49.2,0.5658692057,2
6000,49.25,0.5658895058,2
6000,49.3,0.5659098017,2
6000,49.35,0.5659300936,2
6000,49.4,0.5659503815,2
6000,49.45,0.5659706653,2
6000,49.5,0.565990945,2
6000,49.55,0.5660112207,2
6000,49.6,0.5660314923,2
6000,49.65,0.5660517599,2
6000,49.7,0.5660720234,2
6000,49.75,0.5660922828,2
6000,49.8,0.5661125382,2
6000,49.85,0.5661327896,2
6000,49.9,0.5661530369,2
6000,49.95,0.5661732802,2
6000,50,0.5661935194,2
6000,50.05,0.5662137546,2
6000,50.1,0.5662339857,2
6000,50.15,0.5662542127,2
6000,50.2,0.5662744358,2
6000,50.25,0.5662946548,2
6000,50.3,0.5663148697,2
6000,50.35,0.5663350806,2
6000,50.4,0.5663552874,2
6000,50.45,0.5663754903,2
6000,50.5,0.566395689,2
6000,50.55,0.5664158838,2
6000,50.6,0.5664360745,2
6000,50.65,0.5664562611,2
6000,50.7,0.5664764438,2
6000,50.75,0.5664966223,2
6000,50.8,0.5665167969,2
6000,50.85,0.5665369674,2
6000,50.9,0.5665571339,2
6000,50.95,0.5665772963,2
6000,51,0.5665974548,2
6000,51.05,0.5666176091,2
6000,51.1,0.5666377595,2
6000,51.15,0.5666579058,2
6000,51.2,0.5666780481,2
6000,51.25,0.5666981864,2
6000,51.3,0.5667183206,2
6000,51.35,0.5667384508,2
6000,51.4,0.566758577,2
6000,51.45,0.5667786992,2
6000,51.5,0.5667988173,2
6000,51.55,0.5668189315,2
6000,51.6,0.5668390415,2
6000,51.65,0.5668591476,2
6000,51.7,0.5668792497,2
6000,51.75,0.5668993477,2
6000,51.8,0.5669194417,2
6000,51.85,0.5669395317,2
6000,51.9,0.5669596177,2
6000,51.95,0.5669796997,2
6000,52,0.5669997776,2
6000,52.05,0.5670198515,2
6000,52.1,0.5670399214,2
6000,52.15,0.5670599873,2
6000,52.2,0.5670800492,2
6000,52.25,0.5671001071,2
6000,52.3,0.567120161,2
6000,52.35,0.5671402108,2
6000,52.4,0.5671602567,2
6000,52.45,0.5671802985,2
6000,52.5,0.5672003363,2
6000,52.55,0.5672203702,2
6000,52.6,0.5672404,2
6000,52.65,0.5672604258,2
6000,52.7,0.5672804476,2
6000,52.75,0.5673004654,2
6000,52.8,0.5673204792,2
6000,52.85,0.567340489,2
6000,52.9,0.5673604948,2
6000,52.95,0.5673804966,2
6000,53,0.5674004944,2
6000,53.05,0.5674204882,2
6000,53.1,0.567440478,2
6000,53.15,0.5674604638,2
6000,53.2,0.5674804456,2
6000,53.25,0.5675004234,2
6000,53.3,0.5675203972,2
6000,53.35,0.567540367,2
6000,53.4,0.5675603328,2
6000,53.45,0.5675802946,2
6000,53.5,0.5676002525,2
6000,53.55,0.5676202063,2
6000,53.6,0.5676401562,2
6000,53.65,0.567660102,2
6000,53.7,0.5676800439,2
6000,53.75,0.5676999818,2
6000,53.8,0.5677199157,2
6000,53.85,0.5677398456,2
6000,53.9,0.5677597716,2
6000,53.95,0.5677796935,2
6000,54,0.5677996115,2
6000,54.05,0.5678195254,2
6000,54.1,0.5678394354,2
6000,54.15,0.5678593415,2
6000,54.2,0.5678792435,2
6000,54.25,0.5678991415,2
6000,54.3,0.5679190356,2
6000,54.35,0.5679389257,2
6000,54.4,0.5679588118,2
6000,54.45,0.567978694,2
6000,54.5,0.5679985721,2
6000,54.55,0.5680184463,2
6000,54.6,0.5680383166,2
6000,54.65,0.5680581828,2
6000,54.7,0.5680780451,2
6000,54.75,0.5680979034,2
6000,54.8,0.5681177577,2
6000,54.85,0.568137608,2
6000,54.9,0.5681574544,2
6000,54.95,0.5681772968,2
6000,55,0.5681971353,2
6000,55.05,0.5682169698,2
6000,55.1,0.5682368003,2
6000,55.15,0.5682566268,2
6000,55.2,0.5682764494,2
6000,55.25,0.568296268,2
6000,55.3,0.5683160827,2
6000,55.35,0.5683358934,2
6000,55.4,0.5683557001,2
6000,55.45,0.5683755029,2
6000,55.5,0.5683953017,2
6000,55.55,0.5684150966,2
6000,55.6,0.5684348875,2
6000,55.65,0.5684546744,2
6000,55.7,0.5684744574,2
6000,55.75,0.5684942364,2
6000,55.8,0.5685140115,2
6000,55.85,0.5685337826,2
6000,55.9,0.5685535497,2
6000,55.95,0.5685733129,2
6000,56,0.5685930722,2
6000,56.05,0.5686128275,2
6000,56.1,0.5686325789,2
6000,56.15,0.5686523263,2
6000,56.2,0.5686720697,2
6000,56.25,0.5686918092,2
6000,56.3,0.5687115448,2
6000,56.35,0.5687312764,2
6000,56.4,0.568751004,2
6000,56.45,0.5687707278,2
6000,56.5,0.5687904475,2
6000,56.55,0.5688101634,2
6000,56.6,0.5688298753,2
6000,56.65,0.5688495832,2
6000,56.7,0.5688692872,2
6000,56.75,0.5688889873,2
6000,56.8,0.5689086834,2
6000,56.85,0.5689283756,2
6000,56.9,0.5689480638,2
6000,56.95,0.5689677481,2
6000,57,0.5689874285,2
6000,57.05,0.569007105,2
6000,57.1,0.5690267775,2
6000,57.15,0.569046446,2
6000,57.2,0.5690661107,2
6000,57.25,0.5690857714,2
6000,57.3,0.5691054281,2
6000,57.35,0.569125081,2
6000,57.4,0.5691447299,2
6000,57.45,0.5691643749,2
6000,57.5,0.5691840159,2
6000,57.55,0.5692036531,2
6000,57.6,0.5692232863,2
6000,57.65,0.5692429155,2
6000,57.7,0.5692625409,2
6000,57.75,0.5692821623,2
6000,57.8,0.5693017798,2
6000,57.85,0.5693213934,2
6000,57.9,0.569341003,2
6000,57.95,0.5693606088,2
6000,58,0.5693802106,2
6000,58.05,0.5693998085,2
6000,58.1,0.5694194024,2
6000,58.15,0.5694389925,2
6000,58.2,0.5694585786,2
6000,58.25,0.5694781608,2
6000,58.3,0.5694977391,2
6000,58.35,0.5695173135,2
6000,58.4,0.569536884,2
6000,58.45,0.5695564506,2
6000,58.5,0.5695760132,2
6000,58.55,0.5695955719,2
6000,58.6,0.5696151268,2
6000,58.65,0.5696346777,2
6000,58.7,0.5696542247,2
6000,58.75,0.5696737678,2
6000,58.8,0.5696933069,2
6000,58.85,0.5697128422,2
6000,58.9,0.5697323736,2
6000,58.95,0.5697519011,2
6000,59,0.5697714246,2
6000,59.05,0.5697909443,2
6000,59.1,0.56981046,2
6000,59.15,0.5698299719,2
6000,59.2,0.5698494798,2
6000,59.25,0.5698689839,2
6000,59.3,0.569888484,2
6000,59.35,0.5699079803,2
6000,59.4,0.5699274726,2
6000,59.45,0.5699469611,2
6000,59.5,0.5699664456,2
6000,59.55,0.5699859263,2
6000,59.6,0.570005403,2
6000,59.65,0.5700248759,2
6000,59.7,0.5700443449,2
6000,59.75,0.5700638099,2
6000,59.8,0.5700832711,2
6000,59.85,0.5701027284,2
6000,59.9,0.5701221818,2
6000,59.95,0.5701416313,2
6000,60,0.5701610769,2
6000,60.05,0.5701805187,2
6000,60.1,0.5701999565,2
6000,60.15,0.5702193905,2
6000,60.2,0.5702388206,2
6000,60.25,0.5702582467,2
6000,60.3,0.570277669,2
6000,60.35,0.5702970875,2
6000,60.4,0.570316502,2
6000,60.45,0.5703359126,2
6000,60.5,0.5703553194,2
6000,60.55,0.5703747223,2
6000,60.6,0.5703941213,2
6000,60.65,0.5704135164,2
6000,60.7,0.5704329077,2
6000,60.75,0.5704522951,2
6000,60.8,0.5704716785,2
6000,60.85,0.5704910582,2
6000,60.9,0.5705104339,2
6000,60.95,0.5705298058,2
6000,61,0.5705491738,2
6000,61.05,0.5705685379,2
6000,61.1,0.5705878981,2
6000,61.15,0.5706072545,2
6000,61.2,0.570626607,2
6000,61.25,0.5706459557,2
6000,61.3,0.5706653004,2
6000,61.35,0.5706846413,2
6000,61.4,0.5707039784,2
6000,61.45,0.5707233115,2
6000,61.5,0.5707426408,2
6000,61.55,0.5707619663,2
6000,61.6,0.5707812878,2
6000,61.65,0.5708006055,2
6000,61.7,0.5708199194,2
6000,61.75,0.5708392293,2
6000,61.8,0.5708585355,2
6000,61.85,0.5708778377,2
6000,61.9,0.5708971361,2
6000,61.95,0.5709164306,2
6000,62,0.5709357213,2
6000,62.05,0.5709550081,2
6000,62.1,0.5709742911,2
6000,62.15,0.5709935702,2
6000,62.2,0.5710128455,2
6000,62.25,0.5710321169,2
6000,62.3,0.5710513844,2
6000,62.35,0.5710706481,2
6000,62.4,0.5710899079,2
6000,62.45,0.5711091639,2
6000,62.5,0.571128416,2
6000,62.55,0.5711476643,2
6000,62.6,0.5711669088,2
6000,62.65,0.5711861493,2
6000,62.7,0.5712053861,2
6000,62.75,0.571224619,2
6000,62.8,0.571243848,2
6000,62.85,0.5712630732,2
6000,62.9,0.5712822946,2
6000,62.95,0.5713015121,2
6000,63,0.5713207258,2
6000,63.05,0.5713399356,2
6000,63.1,0.5713591416,2
6000,63.15,0.5713783437,2
6000,63.2,0.571397542,2
6000,63.25,0.5714167365,2
6000,63.3,0.5714359271,2
6000,63.35,0.5714551139,2
6000,63.4,0.5714742968,2
6000,63.45,0.571493476,2
6000,63.5,0.5715126512,2
6000,63.55,0.5715318227,2
6000,63.6,0.5715509903,2
6000,63.65,0.5715701541,2
6000,63.7,0.571589314,2
6000,63.75,0.5716084701,2
6000,63.8,0.5716276224,2
6000,63.85,0.5716467709,2
6000,63.9,0.5716659155,2
6000,63.95,0.5716850563,2
6000,64,0.5717041933,2
6000,64.05,0.5717233264,2
6000,64.1,0.5717424557,2
6000,64.15,0.5717615812,2
6000,64.2,0.5717807029,2
6000,64.25,0.5717998207,2
6000,64.3,0.5718189347,2
6000,64.35,0.5718380449,2
6000,64.4,0.5718571513,2
6000,64.45,0.5718762538,2
6000,64.5,0.5718953526,2
6000,64.55,0.5719144475,2
6000,64.6,0.5719335386,2
6000,64.65,0.5719526259,2
6000,64.7,0.5719717093,2
6000,64.75,0.571990789,2
6000,64.8,0.5720098648,2
6000,64.85,0.5720289368,2
6000,64.9,0.572048005,2
6000,64.95,0.5720670694,2
6000,65,0.5720861299,2
6000,65.05,0.5721051867,2
6000,65.1,0.5721242397,2
6000,65.15,0.5721432888,2
6000,65.2,0.5721623341,2
6000,65.25,0.5721813756,2
6000,65.3,0.5722004134,2
6000,65.35,0.5722194473,2
6000,65.4,0.5722384774,2
6000,65.45,0.5722575037,2
6000,65.5,0.5722765262,2
6000,65.55,0.5722955448,2
6000,65.6,0.5723145597,2
6000,65.65,0.5723335708,2
6000,65.7,0.5723525781,2
6000,65.75,0.5723715816,2
6000,65.8,0.5723905812,2
6000,65.85,0.5724095771,2
6000,65.9,0.5724285692,2
6000,65.95,0.5724475575,2
6000,66,0.5724665419,2
6000,66.05,0.5724855226,2
6000,66.1,0.5725044995,2
6000,66.15,0.5725234726,2
6000,66.2,0.5725424419,2
6000,66.25,0.5725614074,2
6000,66.3,0.5725803691,2
6000,66.35,0.5725993271,2
6000,66.4,0.5726182812,2
6000,66.45,0.5726372315,2
6000,66.5,0.5726561781,2
6000,66.55,0.5726751208,2
6000,66.6,0.5726940598,2
6000,66.65,0.572712995,2
6000,66.7,0.5727319264,2
6000,66.75,0.572750854,2
6000,66.8,0.5727697779,2
6000,66.85,0.5727886979,2
6000,66.9,0.5728076142,2
6000,66.95,0.5728265266,2
6000,67,0.5728454353,2
6000,67.05,0.5728643402,2
6000,67.1,0.5728832414,2
6000,67.15,0.5729021387,2
6000,67.2,0.5729210323,2
6000,67.25,0.5729399221,2
6000,67.3,0.5729588081,2
6000,67.35,0.5729776904,2
6000,67.4,0.5729965688,2
6000,67.45,0.5730154435,2
6000,67.5,0.5730343144,2
6000,67.55,0.5730531816,2
6000,67.6,0.573072045,2
6000,67.65,0.5730909046,2
6000,67.7,0.5731097604,2
6000,67.75,0.5731286124,2
6000,67.8,0.5731474607,2
6000,67.85,0.5731663052,2
6000,67.9,0.573185146,2
6000,67.95,0.573203983,2
6000,68,0.5732228162,2
6000,68.05,0.5732416456,2
6000,68.1,0.5732604713,2
6000,68.15,0.5732792932,2
6000,68.2,0.5732981114,2
6000,68.25,0.5733169258,2
6000,68.3,0.5733357364,2
6000,68.35,0.5733545432,2
6000,68.4,0.5733733463,2
6000,68.45,0.5733921457,2
6000,68.5,0.5734109413,2
6000,68.55,0.5734297331,2
6000,68.6,0.5734485212,2
6000,68.65,0.5734673055,2
6000,68.7,0.573486086,2
6000,68.75,0.5735048628,2
6000,68.8,0.5735236359,2
6000,68.85,0.5735424052,2
6000,68.9,0.5735611707,2
6000,68.95,0.5735799325,2
6000,69,0.5735986905,2
6000,69.05,0.5736174448,2
6000,69.1,0.5736361953,2
6000,69.15,0.5736549421,2
6000,69.2,0.5736736851,2
6000,69.25,0.5736924244,2
6000,69.3,0.5737111599,2
6000,69.35,0.5737298917,2
6000,69.4,0.5737486198,2
6000,69.45,0.5737673441,2
6000,69.5,0.5737860646,2
6000,69.55,0.5738047814,2
6000,69.6,0.5738234945,2
6000,69.65,0.5738422038,2
6000,69.7,0.5738609094,2
6000,69.75,0.5738796112,2
6000,69.8,0.5738983093,2
6000,69.85,0.5739170037,2
6000,69.9,0.5739356943,2
6000,69.95,0.5739543812,2
6000,70,0.5739730643,2
6000,70.05,0.5739917438,2
6000,70.1,0.5740104194,2
6000,70.15,0.5740290914,2
6000,70.2,0.5740477596,2
6000,70.25,0.5740664241,2
6000,70.3,0.5740850848,2
6000,70.35,0.5741037418,2
6000,70.4,0.5741223951,2
6000,70.45,0.5741410446,2
6000,70.5,0.5741596904,2
6000,70.55,0.5741783325,2
6000,70.6,0.5741969709,2
6000,70.65,0.5742156055,2
6000,70.7,0.5742342364,2
6000,70.75,0.5742528636,2
6000,70.8,0.5742714871,2
6000,70.85,0.5742901068,2
6000,70.9,0.5743087228,2
6000,70.95,0.5743273351,2
6000,71,0.5743459437,2
6000,71.05,0.5743645485,2
6000,71.1,0.5743831496,2
6000,71.15,0.574401747,2
6000,71.2,0.5744203407,2
6000,71.25,0.5744389307,2
6000,71.3,0.5744575169,2
6000,71.35,0.5744760995,2
6000,71.4,0.5744946783,2
6000,71.45,0.5745132534,2
6000,71.5,0.5745318248,2
6000,71.55,0.5745503924,2
6000,71.6,0.5745689564,2
6000,71.65,0.5745875166,2
6000,71.7,0.5746060732,2
6000,71.75,0.574624626,2
6000,71.8,0.5746431751,2
6000,71.85,0.5746617205,2
6000,71.9,0.5746802622,2
6000,71.95,0.5746988002,2
6000,72,0.5747173345,2
6000,72.05,0.574735865,2
6000,72.1,0.5747543919,2
6000,72.15,0.5747729151,2
6000,72.2,0.5747914345,2
6000,72.25,0.5748099503,2
6000,72.3,0.5748284623,2
6000,72.35,0.5748469707,2
6000,72.4,0.5748654753,2
6000,72.45,0.5748839763,2
6000,72.5,0.5749024735,2
6000,72.55,0.5749209671,2
6000,72.6,0.5749394569,2
6000,72.65,0.5749579431,2
6000,72.7,0.5749764255,2
6000,72.75,0.5749949043,2
6000,72.8,0.5750133794,2
6000,72.85,0.5750318507,2
6000,72.9,0.5750503184,2
6000,72.95,0.5750687824,2
6000,73,0.5750872427,2
6000,73.05,0.5751056993,2
6000,73.1,0.5751241522,2
6000,73.15,0.5751426014,2
6000,73.2,0.5751610469,2
6000,73.25,0.5751794888,2
6000,73.3,0.5751979269,2
6000,73.35,0.5752163614,2
6000,73.4,0.5752347922,2
6000,73.45,0.5752532192,2
6000,73.5,0.5752716427,2
6000,73.55,0.5752900624,2
6000,73.6,0.5753084784,2
6000,73.65,0.5753268908,2
6000,73.7,0.5753452994,2
6000,73.75,0.5753637044,2
6000,73.8,0.5753821057,2
6000,73.85,0.5754005034,2
6000,73.9,0.5754188973,2
6000,73.95,0.5754372876,2
6000,74,0.5754556742,2
6000,74.05,0.5754740571,2
6000,74.1,0.5754924364,2
6000,74.15,0.5755108119,2
6000,74.2,0.5755291838,2
6000,74.25,0.575547552,2
6000,74.3,0.5755659166,2
6000,74.35,0.5755842775,2
6000,74.4,0.5756026347,2
6000,74.45,0.5756209882,2
6000,74.5,0.575639338,2
6000,74.55,0.5756576842,2
6000,74.6,0.5756760268,2
6000,74.65,0.5756943656,2
6000,74.7,0.5757127008,2
6000,74.75,0.5757310323,2
6000,74.8,0.5757493602,2
6000,74.85,0.5757676844,2
6000,74.9,0.5757860049,2
6000,74.95,0.5758043217,2
6000,75,0.5758226349,2
6000,75.05,0.5758409445,2
6000,75.1,0.5758592503,2
6000,75.15,0.5758775526,2
6000,75.2,0.5758958511,2
6000,75.25,0.575914146,2
6000,75.3,0.5759324372,2
6000,75.35,0.5759507248,2
6000,75.4,0.5759690087,2
6000,75.45,0.575987289,2
6000,75.5,0.5760055656,2
6000,75.55,0.5760238386,2
6000,75.6,0.5760421078,2
6000,75.65,0.5760603735,2
6000,75.7,0.5760786355,2
6000,75.75,0.5760968938,2
6000,75.8,0.5761151485,2
6000,75.85,0.5761333995,2
6000,75.9,0.5761516469,2
6000,75.95,0.5761698907,2
6000,76,0.5761881308,2
6000,76.05,0.5762063672,2
6000,76.1,0.5762246,2
6000,76.15,0.5762428292,2
6000,76.2,0.5762610547,2
6000,76.25,0.5762792765,2
6000,76.3,0.5762974947,2
6000,76.35,0.5763157093,2
6000,76.4,0.5763339202,2
6000,76.45,0.5763521275,2
6000,76.5,0.5763703312,2
6000,76.55,0.5763885312,2
6000,76.6,0.5764067275,2
6000,76.65,0.5764249203,2
6000,76.7,0.5764431094,2
6000,76.75,0.5764612948,2
6000,76.8,0.5764794766,2
6000,76.85,0.5764976548,2
6000,76.9,0.5765158293,2
6000,76.95,0.5765340003,2
6000,77,0.5765521675,2
6000,77.05,0.5765703312,2
6000,77.1,0.5765884912,2
6000,77.15,0.5766066476,2
6000,77.2,0.5766248003,2
6000,77.25,0.5766429494,2
6000,77.3,0.5766610949,2
6000,77.35,0.5766792368,2
6000,77.4,0.576697375,2
6000,77.45,0.5767155096,2
6000,77.5,0.5767336406,2
6000,77.55,0.5767517679,2
6000,77.6,0.5767698917,2
6000,77.65,0.5767880118,2
6000,77.7,0.5768061282,2
6000,77.75,0.5768242411,2
6000,77.8,0.5768423503,2
6000,77.85,0.5768604559,2
6000,77.9,0.5768785579,2
6000,77.95,0.5768966563,2
6000,78,0.5769147511,2
6000,78.05,0.5769328422,2
6000,78.1,0.5769509297,2
6000,78.15,0.5769690136,2
6000,78.2,0.5769870939,2
6000,78.25,0.5770051706,2
6000,78.3,0.5770232436,2
6000,78.35,0.577041313,2
6000,78.4,0.5770593789,2
6000,78.45,0.5770774411,2
6000,78.5,0.5770954997,2
6000,78.55,0.5771135547,2
6000,78.6,0.577131606,2
6000,78.65,0.5771496538,2
6000,78.7,0.577167698,2
6000,78.75,0.5771857385,2
6000,78.8,0.5772037754,2
6000,78.85,0.5772218088,2
6000,78.9,0.5772398385,2
6000,78.95,0.5772578646,2
6000,79,0.5772758871,2
6000,79.05,0.5772939061,2
6000,79.1,0.5773119214,2
6000,79.15,0.5773299331,2
6000,79.2,0.5773479412,2
6000,79.25,0.5773659457,2
6000,79.3,0.5773839466,2
6000,79.35,0.5774019439,2
6000,79.4,0.5774199376,2
6000,79.45,0.5774379277,2
6000,79.5,0.5774559142,2
6000,79.55,0.5774738971,2
6000,79.6,0.5774918764,2
6000,79.65,0.5775098522,2
6000,79.7,0.5775278243,2
6000,79.75,0.5775457928,2
6000,79.8,0.5775637577,2
6000,79.85,0.5775817191,2
6000,79.9,0.5775996768,2
6000,79.95,0.577617631,2
6000,80,0.5776355816,2
6000,80.05,0.5776535286,2
6000,80.1,0.577671472,2
6000,80.15,0.5776894118,2
6000,80.2,0.577707348,2
6000,80.25,0.5777252806,2
6000,80.3,0.5777432096,2
6000,80.35,0.5777611351,2
6000,80.4,0.577779057,2
6000,80.45,0.5777969753,2
6000,80.5,0.57781489,2
6000,80.55,0.5778328011,2
6000,80.6,0.5778507086,2
6000,80.65,0.5778686126,2
6000,80.7,0.577886513,2
6000,80.75,0.5779044098,2
6000,80.8,0.577922303,2
6000,80.85,0.5779401926,2
6000,80.9,0.5779580787,2
6000,80.95,0.5779759612,2
6000,81,0.5779938401,2
6000,81.05,0.5780117154,2
6000,81.1,0.5780295872,2
6000,81.15,0.5780474554,2
6000,81.2,0.57806532,2
6000,81.25,0.578083181,2
6000,81.3,0.5781010385,2
6000,81.35,0.5781188924,2
6000,81.4,0.5781367427,2
6000,81.45,0.5781545895,2
6000,81.5,0.5781724327,2
6000,81.55,0.5781902723,2
6000,81.6,0.5782081084,2
6000,81.65,0.5782259409,2
6000,81.7,0.5782437698,2
6000,81.75,0.5782615951,2
6000,81.8,0.5782794169,2
6000,81.85,0.5782972352,2
6000,81.9,0.5783150498,2
6000,81.95,0.5783328609,2
6000,82,0.5783506685,2
6000,82.05,0.5783684724,2
6000,82.1,0.5783862729,2
6000,82.15,0.5784040697,2
6000,82.2,0.578421863,2
6000,82.25,0.5784396528,2
6000,82.3,0.5784574389,2
6000,82.35,0.5784752216,2
6000,82.4,0.5784930006,2
6000,82.45,0.5785107761,2
6000,82.5,0.5785285481,2
6000,82.55,0.5785463165,2
6000,82.6,0.5785640814,2
6000,82.65,0.5785818427,2
6000,82.7,0.5785996004,2
6000,82.75,0.5786173546,2
6000,82.8,0.5786351053,2
6000,82.85,0.5786528524,2
6000,82.9,0.5786705959,2
6000,82.95,0.5786883359,2
6000,83,0.5787060724,2
6000,83.05,0.5787238053,2
6000,83.1,0.5787415346,2
6000,83.15,0.5787592604,2
6000,83.2,0.5787769827,2
6000,83.25,0.5787947014,2
6000,83.3,0.5788124166,2
6000,83.35,0.5788301282,2
6000,83.4,0.5788478363,2
6000,83.45,0.5788655409,2
6000,83.5,0.5788832419,2
6000,83.55,0.5789009394,2
6000,83.6,0.5789186333,2
6000,83.65,0.5789363237,2
6000,83.7,0.5789540106,2
6000,83.75,0.5789716939,2
6000,83.8,0.5789893737,2
6000,83.85,0.5790070499,2
6000,83.9,0.5790247226,2
6000,83.95,0.5790423918,2
6000,84,0.5790600575,2
6000,84.05,0.5790777196,2
6000,84.1,0.5790953782,2
6000,84.15,0.5791130332,2
6000,84.2,0.5791306847,2
6000,84.25,0.5791483327,2
6000,84.3,0.5791659772,2
6000,84.35,0.5791836181,2
6000,84.4,0.5792012555,2
6000,84.45,0.5792188894,2
6000,84.5,0.5792365198,2
6000,84.55,0.5792541466,2
6000,84.6,0.5792717699,2
6000,84.65,0.5792893897,2
6000,84.7,0.5793070059,2
6000,84.75,0.5793246186,2
6000,84.8,0.5793422278,2
6000,84.85,0.5793598335,2
6000,84.9,0.5793774357,2
6000,84.95,0.5793950343,2
6000,85,0.5794126295,2
6000,85.05,0.5794302211,2
6000,85.1,0.5794478092,2
6000,85.15,0.5794653937,2
6000,85.2,0.5794829748,2
6000,85.25,0.5795005523,2
6000,85.3,0.5795181264,2
6000,85.35,0.5795356969,2
6000,85.4,0.5795532639,2
6000,85.45,0.5795708273,2
6000,85.5,0.5795883873,2
6000,85.55,0.5796059438,2
6000,85.6,0.5796234967,2
6000,85.65,0.5796410462,2
6000,85.7,0.5796585921,2
6000,85.75,0.5796761345,2
6000,85.8,0.5796936734,2
6000,85.85,0.5797112088,2
6000,85.9,0.5797287407,2
6000,85.95,0.5797462691,2
6000,86,0.579763794,2
6000,86.05,0.5797813154,2
6000,86.1,0.5797988333,2
6000,86.15,0.5798163476,2
6000,86.2,0.5798338585,2
6000,86.25,0.5798513659,2
6000,86.3,0.5798688697,2
6000,86.35,0.5798863701,2
6000,86.4,0.579903867,2
6000,86.45,0.5799213604,2
6000,86.5,0.5799388502,2
6000,86.55,0.5799563366,2
6000,86.6,0.5799738195,2
6000,86.65,0.5799912989,2
6000,86.7,0.5800087747,2
6000,86.75,0.5800262471,2
6000,86.8,0.580043716,2
6000,86.85,0.5800611814,2
6000,86.9,0.5800786433,2
6000,86.95,0.5800961018,2
6000,87,0.5801135567,2
6000,87.05,0.5801310081,2
6000,87.1,0.5801484561,2
6000,87.15,0.5801659005,2
6000,87.2,0.5801833415,2
6000,87.25,0.580200779,2
6000,87.3,0.580218213,2
6000,87.35,0.5802356435,2
6000,87.4,0.5802530705,2
6000,87.45,0.580270494,2
6000,87.5,0.5802879141,2
6000,87.55,0.5803053306,2
6000,87.6,0.5803227437,2
6000,87.65,0.5803401533,2
6000,87.7,0.5803575595,2
6000,87.75,0.5803749621,2
6000,87.8,0.5803923613,2
6000,87.85,0.5804097569,2
6000,87.9,0.5804271491,2
6000,87.95,0.5804445379,2
6000,88,0.5804619231,2
6000,88.05,0.5804793049,2
6000,88.1,0.5804966832,2
6000,88.15,0.580514058,2
6000,88.2,0.5805314293,2
6000,88.25,0.5805487972,2
6000,88.3,0.5805661616,2
6000,88.35,0.5805835225,2
6000,88.4,0.58060088,2
6000,88.45,0.580618234,2
6000,88.5,0.5806355845,2
6000,88.55,0.5806529315,2
6000,88.6,0.5806702751,2
6000,88.65,0.5806876152,2
6000,88.7,0.5807049518,2
6000,88.75,0.580722285,2
6000,88.8,0.5807396147,2
6000,88.85,0.5807569409,2
6000,88.9,0.5807742637,2
6000,88.95,0.580791583,2
6000,89,0.5808088988,2
6000,89.05,0.5808262112,2
6000,89.1,0.5808435201,2
6000,89.15,0.5808608256,2
6000,89.2,0.5808781276,2
6000,89.25,0.5808954261,2
6000,89.3,0.5809127212,2
6000,89.35,0.5809300128,2
6000,89.4,0.580947301,2
6000,89.45,0.5809645857,2
6000,89.5,0.5809818669,2
6000,89.55,0.5809991447,2
6000,89.6,0.5810164191,2
6000,89.65,0.58103369,2
6000,89.7,0.5810509574,2
6000,89.75,0.5810682214,2
6000,89.8,0.5810854819,2
6000,89.85,0.5811027389,2
6000,89.9,0.5811199926,2
6000,89.95,0.5811372427,2
6000,90,0.5811544895,2
6000,90.05,0.5811717327,2
6000,90.1,0.5811889725,2
6000,90.15,0.5812062089,2
6000,90.2,0.5812234418,2
6000,90.25,0.5812406713,2
6000,90.3,0.5812578974,2
6000,90.35,0.58127512,2
6000,90.4,0.5812923391,2
6000,90.45,0.5813095548,2
6000,90.5,0.5813267671,2
6000,90.55,0.5813439759,2
6000,90.6,0.5813611813,2
6000,90.65,0.5813783832,2
6000,90.7,0.5813955817,2
6000,90.75,0.5814127767,2
6000,90.8,0.5814299684,2
6000,90.85,0.5814471565,2
6000,90.9,0.5814643413,2
6000,90.95,0.5814815226,2
6000,91,0.5814987005,2
6000,91.05,0.5815158749,2
6000,91.1,0.5815330459,2
6000,91.15,0.5815502135,2
6000,91.2,0.5815673776,2
6000,91.25,0.5815845383,2
6000,91.3,0.5816016956,2
6000,91.35,0.5816188494,2
6000,91.4,0.5816359998,2
6000,91.45,0.5816531468,2
6000,91.5,0.5816702903,2
6000,91.55,0.5816874305,2
6000,91.6,0.5817045672,2
6000,91.65,0.5817217004,2
6000,91.7,0.5817388303,2
6000,91.75,0.5817559567,2
6000,91.8,0.5817730797,2
6000,91.85,0.5817901992,2
6000,91.9,0.5818073154,2
6000,91.95,0.5818244281,2
6000,92,0.5818415374,2
6000,92.05,0.5818586433,2
6000,92.1,0.5818757457,2
6000,92.15,0.5818928447,2
6000,92.2,0.5819099404,2
6000,92.25,0.5819270325,2
6000,92.3,0.5819441213,2
6000,92.35,0.5819612067,2
6000,92.4,0.5819782886,2
6000,92.45,0.5819953672,2
6000,92.5,0.5820124423,2
6000,92.55,0.582029514,2
6000,92.6,0.5820465822,2
6000,92.65,0.5820636471,2
6000,92.7,0.5820807086,2
6000,92.75,0.5820977666,2
6000,92.8,0.5821148213,2
6000,92.85,0.5821318725,2
6000,92.9,0.5821489203,2
6000,92.95,0.5821659647,2
6000,93,0.5821830057,2
6000,93.05,0.5822000433,2
6000,93.1,0.5822170775,2
6000,93.15,0.5822341082,2
6000,93.2,0.5822511356,2
6000,93.25,0.5822681596,2
6000,93.3,0.5822851801,2
6000,93.35,0.5823021973,2
6000,93.4,0.582319211,2
6000,93.45,0.5823362214,2
6000,93.5,0.5823532283,2
6000,93.55,0.5823702319,2
6000,93.6,0.582387232,2
6000,93.65,0.5824042288,2
6000,93.7,0.5824212221,2
6000,93.75,0.5824382121,2
6000,93.8,0.5824551986,2
6000,93.85,0.5824721818,2
6000,93.9,0.5824891615,2
6000,93.95,0.5825061379,2
6000,94,0.5825231108,2
6000,94.05,0.5825400804,2
6000,94.1,0.5825570466,2
6000,94.15,0.5825740094,2
6000,94.2,0.5825909688,2
6000,94.25,0.5826079248,2
6000,94.3,0.5826248774,2
6000,94.35,0.5826418266,2
6000,94.4,0.5826587725,2
6000,94.45,0.5826757149,2
6000,94.5,0.5826926539,2
6000,94.55,0.5827095896,2
6000,94.6,0.5827265219,2
6000,94.65,0.5827434508,2
6000,94.7,0.5827603763,2
6000,94.75,0.5827772984,2
6000,94.8,0.5827942172,2
6000,94.85,0.5828111325,2
6000,94.9,0.5828280445,2
6000,94.95,0.5828449531,2
6000,95,0.5828618583,2
6000,95.05,0.5828787601,2
6000,95.1,0.5828956586,2
6000,95.15,0.5829125537,2
6000,95.2,0.5829294453,2
6000,95.25,0.5829463337,2
6000,95.3,0.5829632186,2
6000,95.35,0.5829801002,2
6000,95.4,0.5829969783,2
6000,95.45,0.5830138532,2
6000,95.5,0.5830307246,2
6000,95.55,0.5830475926,2
6000,95.6,0.5830644573,2
6000,95.65,0.5830813187,2
6000,95.7,0.5830981766,2
6000,95.75,0.5831150312,2
6000,95.8,0.5831318824,2
6000,95.85,0.5831487302,2
6000,95.9,0.5831655747,2
6000,95.95,0.5831824158,2
6000,96,0.5831992535,2
6000,96.05,0.5832160878,2
6000,96.1,0.5832329188,2
6000,96.15,0.5832497465,2
6000,96.2,0.5832665707,2
6000,96.25,0.5832833916,2
6000,96.3,0.5833002091,2
6000,96.35,0.5833170233,2
6000,96.4,0.5833338341,2
6000,96.45,0.5833506416,2
6000,96.5,0.5833674456,2
6000,96.55,0.5833842464,2
6000,96.6,0.5834010437,2
6000,96.65,0.5834178377,2
6000,96.7,0.5834346284,2
6000,96.75,0.5834514157,2
6000,96.8,0.5834681996,2
6000,96.85,0.5834849802,2
6000,96.9,0.5835017574,2
6000,96.95,0.5835185313,2
6000,97,0.5835353018,2
6000,97.05,0.5835520689,2
6000,97.1,0.5835688327,2
6000,97.15,0.5835855932,2
6000,97.2,0.5836023503,2
6000,97.25,0.583619104,2
6000,97.3,0.5836358544,2
6000,97.35,0.5836526015,2
6000,97.4,0.5836693452,2
6000,97.45,0.5836860855,2
6000,97.5,0.5837028225,2
6000,97.55,0.5837195562,2
6000,97.6,0.5837362865,2
6000,97.65,0.5837530134,2
6000,97.7,0.5837697371,2
6000,97.75,0.5837864573,2
6000,97.8,0.5838031743,2
6000,97.85,0.5838198878,2
6000,97.9,0.5838365981,2
6000,97.95,0.583853305,2
6000,98,0.5838700085,2
6000,98.05,0.5838867088,2
6000,98.1,0.5839034056,2
6000,98.15,0.5839200992,2
6000,98.2,0.5839367894,2
6000,98.25,0.5839534763,2
6000,98.3,0.5839701598,2
6000,98.35,0.58398684,2
6000,98.4,0.5840035168,2
6000,98.45,0.5840201904,2
6000,98.5,0.5840368605,2
6000,98.55,0.5840535274,2
6000,98.6,0.5840701909,2
6000,98.65,0.5840868511,2
6000,98.7,0.584103508,2
6000,98.75,0.5841201615,2
6000,98.8,0.5841368117,2
6000,98.85,0.5841534586,2
6000,98.9,0.5841701021,2
6000,98.95,0.5841867423,2
6000,99,0.5842033792,2
6000,99.05,0.5842200127,2
6000,99.1,0.584236643,2
6000,99.15,0.5842532699,2
6000,99.2,0.5842698934,2
6000,99.25,0.5842865137,2
6000,99.3,0.5843031306,2
6000,99.35,0.5843197442,2
6000,99.4,0.5843363545,2
6000,99.45,0.5843529615,2
6000,99.5,0.5843695651,2
6000,99.55,0.5843861654,2
6000,99.6,0.5844027624,2
6000,99.65,0.5844193561,2
6000,99.7,0.5844359465,2
6000,99.75,0.5844525335,2
6000,99.8,0.5844691172,2
6000,99.85,0.5844856976,2
6000,99.9,0.5845022747,2
6000,99.95,0.5845188485,2
6000,100,0.584535419,2
6000,100.05,0.5845519861,2
6000,100.1,0.58456855,2
6000,100.15,0.5845851105,2
6000,100.2,0.5846016677,2
6000,100.25,0.5846182216,2
6000,100.3,0.5846347722,2
6000,100.35,0.5846513195,2
6000,100.4,0.5846678635,2
6000,100.45,0.5846844041,2
6000,100.5,0.5847009415,2
6000,100.55,0.5847174755,2
6000,100.6,0.5847340063,2
6000,100.65,0.5847505337,2
6000,100.7,0.5847670579,2
6000,100.75,0.5847835787,2
6000,100.8,0.5848000962,2
6000,100.85,0.5848166104,2
6000,100.9,0.5848331214,2
6000,100.95,0.584849629,2
6000,101,0.5848661333,2
6000,101.05,0.5848826343,2
6000,101.1,0.584899132,2
6000,101.15,0.5849156264,2
6000,101.2,0.5849321176,2
6000,101.25,0.5849486054,2
6000,101.3,0.5849650899,2
6000,101.35,0.5849815711,2
6000,101.4,0.5849980491,2
6000,101.45,0.5850145237,2
6000,101.5,0.585030995,2
6000,101.55,0.5850474631,2
6000,101.6,0.5850639278,2
6000,101.65,0.5850803893,2
6000,101.7,0.5850968475,2
6000,101.75,0.5851133023,2
6000,101.8,0.5851297539,2
6000,101.85,0.5851462022,2
6000,101.9,0.5851626472,2
6000,101.95,0.5851790889,2
6000,102,0.5851955274,2
6000,102.05,0.5852119625,2
6000,102.1,0.5852283944,2
6000,102.15,0.5852448229,2
6000,102.2,0.5852612482,2
6000,102.25,0.5852776702,2
6000,102.3,0.5852940889,2
6000,102.35,0.5853105044,2
6000,102.4,0.5853269165,2
6000,102.45,0.5853433254,2
6000,102.5,0.585359731,2
6000,102.55,0.5853761333,2
6000,102.6,0.5853925323,2
6000,102.65,0.5854089281,2
6000,102.7,0.5854253205,2
6000,102.75,0.5854417097,2
6000,102.8,0.5854580956,2
6000,102.85,0.5854744783,2
6000,102.9,0.5854908576,2
6000,102.95,0.5855072337,2
6000,103,0.5855236065,2
6000,103.05,0.585539976,2
6000,103.1,0.5855563423,2
6000,103.15,0.5855727053,2
6000,103.2,0.585589065,2
6000,103.25,0.5856054215,2
6000,103.3,0.5856217746,2
6000,103.35,0.5856381245,2
6000,103.4,0.5856544712,2
6000,103.45,0.5856708145,2
6000,103.5,0.5856871546,2
6000,103.55,0.5857034915,2
6000,103.6,0.585719825,2
6000,103.65,0.5857361553,2
6000,103.7,0.5857524823,2
6000,103.75,0.5857688061,2
6000,103.8,0.5857851266,2
6000,103.85,0.5858014438,2
6000,103.9,0.5858177578,2
6000,103.95,0.5858340685,2
6000,104,0.585850376,2
6000,104.05,0.5858666801,2
6000,104.1,0.5858829811,2
6000,104.15,0.5858992787,2
6000,104.2,0.5859155731,2
6000,104.25,0.5859318643,2
6000,104.3,0.5859481522,2
6000,104.35,0.5859644368,2
6000,104.4,0.5859807182,2
6000,104.45,0.5859969963,2
6000,104.5,0.5860132712,2
6000,104.55,0.5860295428,2
6000,104.6,0.5860458112,2
6000,104.65,0.5860620763,2
6000,104.7,0.5860783381,2
6000,104.75,0.5860945967,2
6000,104.8,0.5861108521,2
6000,104.85,0.5861271041,2
6000,104.9,0.586143353,2
6000,104.95,0.5861595986,2
6000,105,0.5861758409,2
6000,105.05,0.58619208,2
6000,105.1,0.5862083159,2
6000,105.15,0.5862245485,2
6000,105.2,0.5862407779,2
6000,105.25,0.586257004,2
6000,105.3,0.5862732268,2
6000,105.35,0.5862894465,2
6000,105.4,0.5863056628,2
6000,105.45,0.586321876,2
6000,105.5,0.5863380859,2
6000,105.55,0.5863542925,2
6000,105.6,0.586370496,2
6000,105.65,0.5863866961,2
6000,105.7,0.5864028931,2
6000,105.75,0.5864190868,2
6000,105.8,0.5864352772,2
6000,105.85,0.5864514644,2
6000,105.9,0.5864676484,2
6000,105.95,0.5864838292,2
6000,106,0.5865000067,2
6000,106.05,0.5865161809,2
6000,106.1,0.586532352,2
6000,106.15,0.5865485198,2
6000,106.2,0.5865646844,2
6000,106.25,0.5865808457,2
6000,106.3,0.5865970038,2
6000,106.35,0.5866131587,2
6000,106.4,0.5866293103,2
6000,106.45,0.5866454587,2
6000,106.5,0.5866616039,2
6000,106.55,0.5866777459,2
6000,106.6,0.5866938846,2
6000,106.65,0.5867100201,2
6000,106.7,0.5867261524,2
6000,106.75,0.5867422814,2
6000,106.8,0.5867584073,2
6000,106.85,0.5867745299,2
6000,106.9,0.5867906492,2
6000,106.95,0.5868067654,2
6000,107,0.5868228783,2
6000,107.05,0.586838988,2
6000,107.1,0.5868550945,2
6000,107.15,0.5868711978,2
6000,107.2,0.5868872978,2
6000,107.25,0.5869033946,2
6000,107.3,0.5869194882,2
6000,107.35,0.5869355786,2
6000,107.4,0.5869516658,2
6000,107.45,0.5869677497,2
6000,107.5,0.5869838305,2
6000,107.55,0.586999908,2
6000,107.6,0.5870159823,2
6000,107.65,0.5870320534,2
6000,107.7,0.5870481213,2
6000,107.75,0.5870641859,2
6000,107.8,0.5870802474,2
6000,107.85,0.5870963056,2
6000,107.9,0.5871123606,2
6000,107.95,0.5871284124,2
6000,108,0.587144461,2
6000,108.05,0.5871605064,2
6000,108.1,0.5871765486,2
6000,108.15,0.5871925876,2
6000,108.2,0.5872086234,2
6000,108.25,0.5872246559,2
6000,108.3,0.5872406853,2
6000,108.35,0.5872567115,2
6000,108.4,0.5872727344,2
6000,108.45,0.5872887541,2
6000,108.5,0.5873047707,2
6000,108.55,0.587320784,2
6000,108.6,0.5873367942,2
6000,108.65,0.5873528011,2
6000,108.7,0.5873688048,2
6000,108.75,0.5873848054,2
6000,108.8,0.5874008027,2
6000,108.85,0.5874167968,2
6000,108.9,0.5874327878,2
6000,108.95,0.5874487755,2
6000,109,0.58746476,2
6000,109.05,0.5874807414,2
6000,109.1,0.5874967195,2
6000,109.15,0.5875126945,2
6000,109.2,0.5875286662,2
6000,109.25,0.5875446348,2
6000,109.3,0.5875606002,2
6000,109.35,0.5875765623,2
6000,109.4,0.5875925213,2
6000,109.45,0.5876084771,2
6000,109.5,0.5876244297,2
6000,109.55,0.5876403791,2
6000,109.6,0.5876563253,2
6000,109.65,0.5876722684,2
6000,109.7,0.5876882082,2
6000,109.75,0.5877041449,2
6000,109.8,0.5877200783,2
6000,109.85,0.5877360086,2
6000,109.9,0.5877519357,2
6000,109.95,0.5877678596,2
6000,110,0.5877837804,2
6000,110.05,0.5877996979,2
6000,110.1,0.5878156123,2
6000,110.15,0.5878315235,2
6000,110.2,0.5878474314,2
6000,110.25,0.5878633363,2
6000,110.3,0.5878792379,2
6000,110.35,0.5878951364,2
6000,110.4,0.5879110316,2
6000,110.45,0.5879269237,2
6000,110.5,0.5879428126,2
6000,110.55,0.5879586984,2
6000,110.6,0.587974581,2
6000,110.65,0.5879904603,2
6000,110.7,0.5880063366,2
6000,110.75,0.5880222096,2
6000,110.8,0.5880380795,2
6000,110.85,0.5880539461,2
6000,110.9,0.5880698097,2
6000,110.95,0.58808567,2
6000,111,0.5881015272,2
6000,111.05,0.5881173812,2
6000,111.1,0.588133232,2
6000,111.15,0.5881490797,2
6000,111.2,0.5881649242,2
6000,111.25,0.5881807655,2
6000,111.3,0.5881966036,2
6000,111.35,0.5882124386,2
6000,111.4,0.5882282705,2
6000,111.45,0.5882440991,2
6000,111.5,0.5882599246,2
6000,111.55,0.5882757469,2
6000,111.6,0.5882915661,2
6000,111.65,0.5883073821,2
6000,111.7,0.5883231949,2
6000,111.75,0.5883390046,2
6000,111.8,0.5883548111,2
6000,111.85,0.5883706144,2
6000,111.9,0.5883864146,2
6000,111.95,0.5884022117,2
6000,112,0.5884180055,2
6000,112.05,0.5884337962,2
6000,112.1,0.5884495838,2
6000,112.15,0.5884653682,2
6000,112.2,0.5884811494,2
6000,112.25,0.5884969275,2
6000,112.3,0.5885127025,2
6000,112.35,0.5885284742,2
6000,112.4,0.5885442429,2
6000,112.45,0.5885600083,2
6000,112.5,0.5885757706,2
6000,112.55,0.5885915298,2
6000,112.6,0.5886072858,2
6000,112.65,0.5886230387,2
6000,112.7,0.5886387884,2
6000,112.75,0.5886545349,2
6000,112.8,0.5886702783,2
6000,112.85,0.5886860186,2
6000,112.9,0.5887017557,2
6000,112.95,0.5887174897,2
6000,113,0.5887332205,2
6000,113.05,0.5887489482,2
6000,113.1,0.5887646727,2
6000,113.15,0.5887803941,2
6000,113.2,0.5887961123,2
6000,113.25,0.5888118274,2
6000,113.3,0.5888275394,2
6000,113.35,0.5888432482,2
6000,113.4,0.5888589539,2
6000,113.45,0.5888746564,2
6000,113.5,0.5888903558,2
6000,113.55,0.5889060521,2
6000,113.6,0.5889217452,2
6000,113.65,0.5889374351,2
6000,113.7,0.588953122,2
6000,113.75,0.5889688057,2
6000,113.8,0.5889844862,2
6000,113.85,0.5890001637,2
6000,113.9,0.589015838,2
6000,113.95,0.5890315091,2
6000,114,0.5890471771,2
6000,114.05,0.589062842,2
6000,114.1,0.5890785038,2
6000,114.15,0.5890941624,2
6000,114.2,0.5891098179,2
6000,114.25,0.5891254703,2
6000,114.3,0.5891411195,2
6000,114.35,0.5891567656,2
6000,114.4,0.5891724086,2
6000,114.45,0.5891880484,2
6000,114.5,0.5892036852,2
6000,114.55,0.5892193187,2
6000,114.6,0.5892349492,2
6000,114.65,0.5892505766,2
6000,114.7,0.5892662008,2
6000,114.75,0.5892818219,2
6000,114.8,0.5892974398,2
6000,114.85,0.5893130547,2
6000,114.9,0.5893286664,2
6000,114.95,0.589344275,2
6000,115,0.5893598805,2
6000,115.05,0.5893754828,2
6000,115.1,0.5893910821,2
6000,115.15,0.5894066782,2
6000,115.2,0.5894222712,2
6000,115.25,0.589437861,2
6000,115.3,0.5894534478,2
6000,115.35,0.5894690315,2
6000,115.4,0.589484612,2
6000,115.45,0.5895001894,2
6000,115.5,0.5895157637,2
6000,115.55,0.5895313349,2
6000,115.6,0.5895469029,2
6000,115.65,0.5895624679,2
6000,115.7,0.5895780297,2
6000,115.75,0.5895935885,2
6000,115.8,0.5896091441,2
6000,115.85,0.5896246966,2
6000,115.9,0.589640246,2
6000,115.95,0.5896557923,2
6000,116,0.5896713355,2
6000,116.05,0.5896868755,2
6000,116.1,0.5897024125,2
6000,116.15,0.5897179464,2
6000,116.2,0.5897334771,2
6000,116.25,0.5897490047,2
6000,116.3,0.5897645293,2
6000,116.35,0.5897800507,2
6000,116.4,0.5897955691,2
6000,116.45,0.5898110843,2
6000,116.5,0.5898265964,2
6000,116.55,0.5898421054,2
6000,116.6,0.5898576113,2
6000,116.65,0.5898731142,2
6000,116.7,0.5898886139,2
6000,116.75,0.5899041105,2
6000,116.8,0.589919604,2
6000,116.85,0.5899350944,2
6000,116.9,0.5899505818,2
6000,116.95,0.589966066,2
6000,117,0.5899815471,2
6000,117.05,0.5899970252,2
6000,117.1,0.5900125001,2
6000,117.15,0.590027972,2
6000,117.2,0.5900434407,2
6000,117.25,0.5900589064,2
6000,117.3,0.5900743689,2
6000,117.35,0.5900898284,2
6000,117.4,0.5901052848,2
6000,117.45,0.5901207381,2
6000,117.5,0.5901361883,2
6000,117.55,0.5901516354,2
6000,117.6,0.5901670794,2
6000,117.65,0.5901825203,2
6000,117.7,0.5901979582,2
6000,117.75,0.5902133929,2
6000,117.8,0.5902288246,2
6000,117.85,0.5902442532,2
6000,117.9,0.5902596787,2
6000,117.95,0.5902751011,2
6000,118,0.5902905204,2
6000,118.05,0.5903059367,2
6000,118.1,0.5903213498,2
6000,118.15,0.5903367599,2
6000,118.2,0.5903521669,2
6000,118.25,0.5903675708,2
6000,118.3,0.5903829717,2
6000,118.35,0.5903983694,2
6000,118.4,0.5904137641,2
6000,118.45,0.5904291557,2
6000,118.5,0.5904445442,2
6000,118.55,0.5904599297,2
6000,118.6,0.5904753121,2
6000,118.65,0.5904906913,2
6000,118.7,0.5905060676,2
6000,118.75,0.5905214407,2
6000,118.8,0.5905368108,2
6000,118.85,0.5905521778,2
6000,118.9,0.5905675417,2
6000,118.95,0.5905829025,2
6000,119,0.5905982603,2
6000,119.05,0.590613615,2
6000,119.1,0.5906289666,2
6000,119.15,0.5906443152,2
6000,119.2,0.5906596607,2
6000,119.25,0.5906750031,2
6000,119.3,0.5906903425,2
6000,119.35,0.5907056788,2
6000,119.4,0.590721012,2
6000,119.45,0.5907363422,2
6000,119.5,0.5907516692,2
6000,119.55,0.5907669933,2
6000,119.6,0.5907823142,2
6000,119.65,0.5907976321,2
6000,119.7,0.590812947,2
6000,119.75,0.5908282587,2
6000,119.8,0.5908435675,2
6000,119.85,0.5908588731,2
6000,119.9,0.5908741757,2
6000,119.95,0.5908894752,2
6000,120,0.5909047717,2
6000,120.05,0.5909200651,2
6000,120.1,0.5909353554,2
6000,120.15,0.5909506427,2
6000,120.2,0.590965927,2
6000,120.25,0.5909812081,2
6000,120.3,0.5909964863,2
6000,120.35,0.5910117613,2
6000,120.4,0.5910270334,2
6000,120.45,0.5910423023,2
6000,120.5,0.5910575682,2
6000,120.55,0.5910728311,2
6000,120.6,0.5910880909,2
6000,120.65,0.5911033476,2
6000,120.7,0.5911186013,2
6000,120.75,0.591133852,2
6000,120.8,0.5911490996,2
6000,120.85,0.5911643441,2
6000,120.9,0.5911795856,2
6000,120.95,0.5911948241,2
6000,121,0.5912100595,2
6000,121.05,0.5912252918,2
6000,121.1,0.5912405211,2
6000,121.15,0.5912557474,2
6000,121.2,0.5912709706,2
6000,121.25,0.5912861908,2
6000,121.3,0.5913014079,2
6000,121.35,0.591316622,2
6000,121.4,0.5913318331,2
6000,121.45,0.5913470411,2
6000,121.5,0.591362246,2
6000,121.55,0.5913774479,2
6000,121.6,0.5913926468,2
6000,121.65,0.5914078427,2
6000,121.7,0.5914230355,2
6000,121.75,0.5914382252,2
6000,121.8,0.591453412,2
6000,121.85,0.5914685957,2
6000,121.9,0.5914837763,2
6000,121.95,0.5914989539,2
6000,122,0.5915141285,2
6000,122.05,0.5915293001,2
6000,122.1,0.5915444686,2
6000,122.15,0.5915596341,2
6000,122.2,0.5915747965,2
6000,122.25,0.5915899559,2
6000,122.3,0.5916051123,2
6000,122.35,0.5916202657,2
6000,122.4,0.591635416,2
6000,122.45,0.5916505633,2
6000,122.5,0.5916657076,2
6000,122.55,0.5916808488,2
6000,122.6,0.591695987,2
6000,122.65,0.5917111222,2
6000,122.7,0.5917262543,2
6000,122.75,0.5917413835,2
6000,122.8,0.5917565096,2
6000,122.85,0.5917716327,2
6000,122.9,0.5917867527,2
6000,122.95,0.5918018697,2
6000,123,0.5918169837,2
6000,123.05,0.5918320947,2
6000,123.1,0.5918472027,2
6000,123.15,0.5918623076,2
6000,123.2,0.5918774096,2
6000,123.25,0.5918925085,2
6000,123.3,0.5919076043,2
6000,123.35,0.5919226972,2
6000,123.4,0.591937787,2
6000,123.45,0.5919528739,2
6000,123.5,0.5919679577,2
6000,123.55,0.5919830385,2
6000,123.6,0.5919981162,2
6000,123.65,0.592013191,2
6000,123.7,0.5920282628,2
6000,123.75,0.5920433315,2
6000,123.8,0.5920583972,2
6000,123.85,0.5920734599,2
6000,123.9,0.5920885196,2
6000,123.95,0.5921035763,2
6000,124,0.59211863,2
6000,124.05,0.5921336806,2
6000,124.1,0.5921487283,2
6000,124.15,0.5921637729,2
6000,124.2,0.5921788146,2
6000,124.25,0.5921938532,2
6000,124.3,0.5922088888,2
6000,124.35,0.5922239214,2
6000,124.4,0.592238951,2
6000,124.45,0.5922539776,2
6000,124.5,0.5922690012,2
6000,124.55,0.5922840218,2
6000,124.6,0.5922990394,2
6000,124.65,0.592314054,2
6000,124.7,0.5923290655,2
6000,124.75,0.5923440741,2
6000,124.8,0.5923590797,2
6000,124.85,0.5923740823,2
6000,124.9,0.5923890819,2
6000,124.95,0.5924040784,2
6000,125,0.592419072,2
6000,125.05,0.5924340626,2
6000,125.1,0.5924490502,2
6000,125.15,0.5924640347,2
6000,125.2,0.5924790163,2
6000,125.25,0.5924939949,2
6000,125.3,0.5925089705,2
6000,125.35,0.5925239431,2
6000,125.4,0.5925389127,2
6000,125.45,0.5925538793,2
6000,125.5,0.592568843,2
6000,125.55,0.5925838036,2
6000,125.6,0.5925987612,2
6000,125.65,0.5926137159,2
6000,125.7,0.5926286675,2
6000,125.75,0.5926436162,2
6000,125.8,0.5926585619,2
6000,125.85,0.5926735046,2
6000,125.9,0.5926884442,2
6000,125.95,0.592703381,2
6000,126,0.5927183147,2
6000,126.05,0.5927332454,2
6000,126.1,0.5927481732,2
6000,126.15,0.5927630979,2
6000,126.2,0.5927780197,2
6000,126.25,0.5927929385,2
6000,126.3,0.5928078543,2
6000,126.35,0.5928227672,2
6000,126.4,0.592837677,2
6000,126.45,0.5928525839,2
6000,126.5,0.5928674878,2
6000,126.55,0.5928823887,2
6000,126.6,0.5928972866,2
6000,126.65,0.5929121815,2
6000,126.7,0.5929270735,2
6000,126.75,0.5929419625,2
6000,126.8,0.5929568485,2
6000,126.85,0.5929717315,2
6000,126.9,0.5929866116,2
6000,126.95,0.5930014887,2
6000,127,0.5930163628,2
6000,127.05,0.5930312339,2
6000,127.1,0.5930461021,2
6000,127.15,0.5930609673,2
6000,127.2,0.5930758295,2
6000,127.25,0.5930906887,2
6000,127.3,0.593105545,2
6000,127.35,0.5931203983,2
6000,127.4,0.5931352486,2
6000,127.45,0.593150096,2
6000,127.5,0.5931649403,2
6000,127.55,0.5931797818,2
6000,127.6,0.5931946202,2
6000,127.65,0.5932094557,2
6000,127.7,0.5932242882,2
6000,127.75,0.5932391178,2
6000,127.8,0.5932539444,2
6000,127.85,0.593268768,2
6000,127.9,0.5932835886,2
6000,127.95,0.5932984063,2
6000,128,0.5933132211,2
6000,128.05,0.5933280328,2
6000,128.1,0.5933428416,2
6000,128.15,0.5933576475,2
6000,128.2,0.5933724504,2
6000,128.25,0.5933872503,2
6000,128.3,0.5934020472,2
6000,128.35,0.5934168412,2
6000,128.4,0.5934316323,2
6000,128.45,0.5934464204,2
6000,128.5,0.5934612055,2
6000,128.55,0.5934759877,2
6000,128.6,0.5934907669,2
6000,128.65,0.5935055432,2
6000,128.7,0.5935203165,2
6000,128.75,0.5935350868,2
6000,128.8,0.5935498542,2
6000,128.85,0.5935646187,2
6000,128.9,0.5935793802,2
6000,128.95,0.5935941387,2
6000,129,0.5936088943,2
6000,129.05,0.5936236469,2
6000,129.1,0.5936383966,2
6000,129.15,0.5936531433,2
6000,129.2,0.5936678871,2
6000,129.25,0.593682628,2
6000,129.3,0.5936973659,2
6000,129.35,0.5937121008,2
6000,129.4,0.5937268328,2
6000,129.45,0.5937415619,2
6000,129.5,0.593756288,2
6000,129.55,0.5937710111,2
6000,129.6,0.5937857314,2
6000,129.65,0.5938004486,2
6000,129.7,0.593815163,2
6000,129.75,0.5938298743,2
6000,129.8,0.5938445828,2
6000,129.85,0.5938592883,2
6000,129.9,0.5938739909,2
6000,129.95,0.5938886905,2
6000,130,0.5939033872,2
6000,130.05,0.5939180809,2
6000,130.1,0.5939327717,2
6000,130.15,0.5939474596,2
6000,130.2,0.5939621445,2
6000,130.25,0.5939768265,2
6000,130.3,0.5939915056,2
6000,130.35,0.5940061817,2
6000,130.4,0.5940208549,2
6000,130.45,0.5940355251,2
6000,130.5,0.5940501925,2
6000,130.55,0.5940648569,2
6000,130.6,0.5940795183,2
6000,130.65,0.5940941768,2
6000,130.7,0.5941088324,2
6000,130.75,0.5941234851,2
6000,130.8,0.5941381348,2
6000,130.85,0.5941527816,2
6000,130.9,0.5941674255,2
6000,130.95,0.5941820664,2
6000,131,0.5941967044,2
6000,131.05,0.5942113395,2
6000,131.1,0.5942259717,2
6000,131.15,0.5942406009,2
6000,131.2,0.5942552272,2
6000,131.25,0.5942698506,2
6000,131.3,0.5942844711,2
6000,131.35,0.5942990886,2
6000,131.4,0.5943137032,2
6000,131.45,0.5943283149,2
6000,131.5,0.5943429237,2
6000,131.55,0.5943575295,2
6000,131.6,0.5943721325,2
6000,131.65,0.5943867325,2
6000,131.7,0.5944013296,2
6000,131.75,0.5944159237,2
6000,131.8,0.594430515,2
6000,131.85,0.5944451033,2
6000,131.9,0.5944596887,2
6000,131.95,0.5944742712,2
6000,132,0.5944888508,2
6000,132.05,0.5945034275,2
6000,132.1,0.5945180012,2
6000,132.15,0.594532572,2
6000,132.2,0.59454714,2
6000,132.25,0.594561705,2
6000,132.3,0.5945762671,2
6000,132.35,0.5945908263,2
6000,132.4,0.5946053825,2
6000,132.45,0.5946199359,2
6000,132.5,0.5946344863,2
6000,132.55,0.5946490339,2
6000,132.6,0.5946635785,2
6000,132.65,0.5946781202,2
6000,132.7,0.594692659,2
6000,132.75,0.5947071949,2
6000,132.8,0.5947217279,2
6000,132.85,0.594736258,2
6000,132.9,0.5947507852,2
6000,132.95,0.5947653095,2
6000,133,0.5947798309,2
6000,133.05,0.5947943494,2
6000,133.1,0.5948088649,2
6000,133.15,0.5948233776,2
6000,133.2,0.5948378874,2
6000,133.25,0.5948523942,2
6000,133.3,0.5948668982,2
6000,133.35,0.5948813993,2
6000,133.4,0.5948958974,2
6000,133.45,0.5949103927,2
6000,133.5,0.5949248851,2
6000,133.55,0.5949393745,2
6000,133.6,0.5949538611,2
6000,133.65,0.5949683448,2
6000,133.7,0.5949828255,2
6000,133.75,0.5949973034,2
6000,133.8,0.5950117784,2
6000,133.85,0.5950262505,2
6000,133.9,0.5950407197,2
6000,133.95,0.595055186,2
6000,134,0.5950696494,2
6000,134.05,0.5950841099,2
6000,134.1,0.5950985675,2
6000,134.15,0.5951130223,2
6000,134.2,0.5951274741,2
6000,134.25,0.5951419231,2
6000,134.3,0.5951563691,2
6000,134.35,0.5951708123,2
6000,134.4,0.5951852526,2
6000,134.45,0.59519969,2
6000,134.5,0.5952141245,2
6000,134.55,0.5952285561,2
6000,134.6,0.5952429849,2
6000,134.65,0.5952574107,2
6000,134.7,0.5952718337,2
6000,134.75,0.5952862538,2
6000,134.8,0.595300671,2
6000,134.85,0.5953150853,2
6000,134.9,0.5953294967,2
6000,134.95,0.5953439053,2
6000,135,0.5953583109,2
6000,135.05,0.5953727137,2
6000,135.1,0.5953871136,2
6000,135.15,0.5954015107,2
6000,135.2,0.5954159048,2
6000,135.25,0.5954302961,2
6000,135.3,0.5954446845,2
6000,135.35,0.59545907,2
6000,135.4,0.5954734526,2
6000,135.45,0.5954878324,2
6000,135.5,0.5955022093,2
6000,135.55,0.5955165833,2
6000,135.6,0.5955309544,2
6000,135.65,0.5955453227,2
6000,135.7,0.5955596881,2
6000,135.75,0.5955740506,2
6000,135.8,0.5955884103,2
6000,135.85,0.595602767,2
6000,135.9,0.5956171209,2
6000,135.95,0.595631472,2
6000,136,0.5956458201,2
6000,136.05,0.5956601654,2
6000,136.1,0.5956745079,2
6000,136.15,0.5956888474,2
6000,136.2,0.5957031841,2
6000,136.25,0.5957175179,2
6000,136.3,0.5957318489,2
6000,136.35,0.595746177,2
6000,136.4,0.5957605022,2
6000,136.45,0.5957748246,2
6000,136.5,0.595789144,2
6000,136.55,0.5958034607,2
6000,136.6,0.5958177744,2
6000,136.65,0.5958320854,2
6000,136.7,0.5958463934,2
6000,136.75,0.5958606986,2
6000,136.8,0.5958750009,2
6000,136.85,0.5958893004,2
6000,136.9,0.595903597,2
6000,136.95,0.5959178907,2
6000,137,0.5959321816,2
6000,137.05,0.5959464696,2
6000,137.1,0.5959607548,2
6000,137.15,0.5959750371,2
6000,137.2,0.5959893166,2
6000,137.25,0.5960035932,2
6000,137.3,0.5960178669,2
6000,137.35,0.5960321378,2
6000,137.4,0.5960464058,2
6000,137.45,0.596060671,2
6000,137.5,0.5960749334,2
6000,137.55,0.5960891928,2
6000,137.6,0.5961034495,2
6000,137.65,0.5961177032,2
6000,137.7,0.5961319542,2
6000,137.75,0.5961462022,2
6000,137.8,0.5961604475,2
6000,137.85,0.5961746899,2
6000,137.9,0.5961889294,2
6000,137.95,0.5962031661,2
6000,138,0.5962173999,2
6000,138.05,0.5962316309,2
6000,138.1,0.596245859,2
6000,138.15,0.5962600843,2
6000,138.2,0.5962743068,2
6000,138.25,0.5962885264,2
6000,138.3,0.5963027432,2
6000,138.35,0.5963169571,2
6000,138.4,0.5963311682,2
6000,138.45,0.5963453764,2
6000,138.5,0.5963595818,2
6000,138.55,0.5963737844,2
6000,138.6,0.5963879841,2
6000,138.65,0.5964021809,2
6000,138.7,0.596416375,2
6000,138.75,0.5964305662,2
6000,138.8,0.5964447545,2
6000,138.85,0.5964589401,2
6000,138.9,0.5964731227,2
6000,138.95,0.5964873026,2
6000,139,0.5965014796,2
6000,139.05,0.5965156538,2
6000,139.1,0.5965298251,2
6000,139.15,0.5965439936,2
6000,139.2,0.5965581593,2
6000,139.25,0.5965723222,2
6000,139.3,0.5965864822,2
6000,139.35,0.5966006394,2
6000,139.4,0.5966147937,2
6000,139.45,0.5966289452,2
6000,139.5,0.5966430939,2
6000,139.55,0.5966572398,2
6000,139.6,0.5966713828,2
6000,139.65,0.596685523,2
6000,139.7,0.5966996604,2
6000,139.75,0.5967137949,2
6000,139.8,0.5967279266,2
6000,139.85,0.5967420555,2
6000,139.9,0.5967561816,2
6000,139.95,0.5967703049,2
6000,140,0.5967844253,2
6000,140.05,0.5967985429,2
6000,140.1,0.5968126576,2
6000,140.15,0.5968267696,2
6000,140.2,0.5968408787,2
6000,140.25,0.596854985,2
6000,140.3,0.5968690885,2
6000,140.35,0.5968831892,2
6000,140.4,0.596897287,2
6000,140.45,0.596911382,2
6000,140.5,0.5969254742,2
6000,140.55,0.5969395636,2
6000,140.6,0.5969536502,2
6000,140.65,0.596967734,2
6000,140.7,0.5969818149,2
6000,140.75,0.596995893,2
6000,140.8,0.5970099683,2
6000,140.85,0.5970240408,2
6000,140.9,0.5970381105,2
6000,140.95,0.5970521774,2
6000,141,0.5970662414,2
6000,141.05,0.5970803026,2
6000,141.1,0.5970943611,2
6000,141.15,0.5971084167,2
6000,141.2,0.5971224695,2
6000,141.25,0.5971365195,2
6000,141.3,0.5971505667,2
6000,141.35,0.597164611,2
6000,141.4,0.5971786526,2
6000,141.45,0.5971926914,2
6000,141.5,0.5972067273,2
6000,141.55,0.5972207605,2
6000,141.6,0.5972347908,2
6000,141.65,0.5972488183,2
6000,141.7,0.5972628431,2
6000,141.75,0.597276865,2
6000,141.8,0.5972908841,2
6000,141.85,0.5973049004,2
6000,141.9,0.5973189139,2
6000,141.95,0.5973329246,2
6000,142,0.5973469325,2
6000,142.05,0.5973609376,2
6000,142.1,0.5973749399,2
6000,142.15,0.5973889395,2
6000,142.2,0.5974029362,2
6000,142.25,0.5974169301,2
6000,142.3,0.5974309212,2
6000,142.35,0.5974449095,2
6000,142.4,0.597458895,2
6000,142.45,0.5974728777,2
6000,142.5,0.5974868576,2
6000,142.55,0.5975008347,2
6000,142.6,0.5975148091,2
6000,142.65,0.5975287806,2
6000,142.7,0.5975427493,2
6000,142.75,0.5975567153,2
6000,142.8,0.5975706784,2
6000,142.85,0.5975846388,2
6000,142.9,0.5975985964,2
6000,142.95,0.5976125512,2
6000,143,0.5976265031,2
6000,143.05,0.5976404523,2
6000,143.1,0.5976543987,2
6000,143.15,0.5976683424,2
6000,143.2,0.5976822832,2
6000,143.25,0.5976962212,2
6000,143.3,0.5977101565,2
6000,143.35,0.597724089,2
6000,143.4,0.5977380186,2
6000,143.45,0.5977519455,2
6000,143.5,0.5977658696,2
6000,143.55,0.597779791,2
6000,143.6,0.5977937095,2
6000,143.65,0.5978076253,2
6000,143.7,0.5978215382,2
6000,143.75,0.5978354484,2
6000,143.8,0.5978493559,2
6000,143.85,0.5978632605,2
6000,143.9,0.5978771623,2
6000,143.95,0.5978910614,2
6000,144,0.5979049577,2
6000,144.05,0.5979188512,2
6000,144.1,0.5979327419,2
6000,144.15,0.5979466299,2
6000,144.2,0.5979605151,2
6000,144.25,0.5979743975,2
6000,144.3,0.5979882771,2
6000,144.35,0.5980021539,2
6000,144.4,0.598016028,2
6000,144.45,0.5980298993,2
6000,144.5,0.5980437678,2
6000,144.55,0.5980576336,2
6000,144.6,0.5980714966,2
6000,144.65,0.5980853568,2
6000,144.7,0.5980992142,2
6000,144.75,0.5981130689,2
6000,144.8,0.5981269208,2
6000,144.85,0.5981407699,2
6000,144.9,0.5981546163,2
6000,144.95,0.5981684598,2
6000,145,0.5981823007,2
6000,145.05,0.5981961387,2
6000,145.1,0.598209974,2
6000,145.15,0.5982238065,2
6000,145.2,0.5982376362,2
6000,145.25,0.5982514632,2
6000,145.3,0.5982652874,2
6000,145.35,0.5982791089,2
6000,145.4,0.5982929276,2
6000,145.45,0.5983067435,2
6000,145.5,0.5983205567,2
6000,145.55,0.5983343671,2
6000,145.6,0.5983481747,2
6000,145.65,0.5983619796,2
6000,145.7,0.5983757817,2
6000,145.75,0.5983895811,2
6000,145.8,0.5984033777,2
6000,145.85,0.5984171715,2
6000,145.9,0.5984309626,2
6000,145.95,0.5984447509,2
6000,146,0.5984585365,2
6000,146.05,0.5984723193,2
6000,146.1,0.5984860993,2
6000,146.15,0.5984998766,2
6000,146.2,0.5985136512,2
6000,146.25,0.5985274229,2
6000,146.3,0.598541192,2
6000,146.35,0.5985549582,2
6000,146.4,0.5985687218,2
6000,146.45,0.5985824825,2
6000,146.5,0.5985962406,2
6000,146.55,0.5986099958,2
6000,146.6,0.5986237483,2
6000,146.65,0.5986374981,2
6000,146.7,0.5986512451,2
6000,146.75,0.5986649894,2
6000,146.8,0.5986787309,2
6000,146.85,0.5986924697,2
6000,146.9,0.5987062057,2
6000,146.95,0.598719939,2
6000,147,0.5987336695,2
6000,147.05,0.5987473973,2
6000,147.1,0.5987611224,2
6000,147.15,0.5987748447,2
6000,147.2,0.5987885642,2
6000,147.25,0.598802281,2
6000,147.3,0.5988159951,2
6000,147.35,0.5988297064,2
6000,147.4,0.598843415,2
6000,147.45,0.5988571208,2
6000,147.5,0.5988708239,2
6000,147.55,0.5988845243,2
6000,147.6,0.5988982219,2
6000,147.65,0.5989119168,2
6000,147.7,0.5989256089,2
6000,147.75,0.5989392983,2
6000,147.8,0.598952985,2
6000,147.85,0.5989666689,2
6000,147.9,0.5989803501,2
6000,147.95,0.5989940285,2
6000,148,0.5990077043,2
6000,148.05,0.5990213772,2
6000,148.1,0.5990350475,2
6000,148.15,0.599048715,2
6000,148.2,0.5990623798,2
6000,148.25,0.5990760418,2
6000,148.3,0.5990897012,2
6000,148.35,0.5991033578,2
6000,148.4,0.5991170116,2
6000,148.45,0.5991306627,2
6000,148.5,0.5991443111,2
6000,148.55,0.5991579568,2
6000,148.6,0.5991715997,2
6000,148.65,0.5991852399,2
6000,148.7,0.5991988774,2
6000,148.75,0.5992125122,2
6000,148.8,0.5992261442,2
6000,148.85,0.5992397735,2
6000,148.9,0.5992534001,2
6000,148.95,0.5992670239,2
6000,149,0.599280645,2
6000,149.05,0.5992942634,2
6000,149.1,0.5993078791,2
6000,149.15,0.5993214921,2
6000,149.2,0.5993351023,2
6000,149.25,0.5993487098,2
6000,149.3,0.5993623146,2
6000,149.35,0.5993759167,2
6000,149.4,0.599389516,2
6000,149.45,0.5994031127,2
6000,149.5,0.5994167066,2
6000,149.55,0.5994302978,2
6000,149.6,0.5994438862,2
6000,149.65,0.599457472,2
6000,149.7,0.599471055,2
6000,149.75,0.5994846354,2
6000,149.8,0.599498213,2
6000,149.85,0.5995117879,2
6000,149.9,0.59952536,2
6000,149.95,0.5995389295,2
6000,150,0.5995524963,2
6000,150.05,0.5995660603,2
6000,150.1,0.5995796216,2
6000,150.15,0.5995931802,2
6000,150.2,0.5996067361,2
6000,150.25,0.5996202893,2
6000,150.3,0.5996338398,2
6000,150.35,0.5996473876,2
6000,150.4,0.5996609326,2
6000,150.45,0.599674475,2
6000,150.5,0.5996880146,2
6000,150.55,0.5997015516,2
6000,150.6,0.5997150858,2
6000,150.65,0.5997286173,2
6000,150.7,0.5997421461,2
6000,150.75,0.5997556722,2
6000,150.8,0.5997691956,2
6000,150.85,0.5997827163,2
6000,150.9,0.5997962343,2
6000,150.95,0.5998097496,2
6000,151,0.5998232622,2
6000,151.05,0.5998367721,2
6000,151.1,0.5998502793,2
6000,151.15,0.5998637838,2
6000,151.2,0.5998772856,2
6000,151.25,0.5998907847,2
6000,151.3,0.599904281,2
6000,151.35,0.5999177747,2
6000,151.4,0.5999312657,2
6000,151.45,0.599944754,2
6000,151.5,0.5999582396,2
6000,151.55,0.5999717225,2
6000,151.6,0.5999852027,2
6000,151.65,0.5999986802,2
6000,151.7,0.600012155,2
6000,151.75,0.6000256271,2
6000,151.8,0.6000390965,2
6000,151.85,0.6000525633,2
6000,151.9,0.6000660273,2
6000,151.95,0.6000794886,2
6000,152,0.6000929473,2
6000,152.05,0.6001064032,2
6000,152.1,0.6001198565,2
6000,152.15,0.6001333071,2
6000,152.2,0.600146755,2
6000,152.25,0.6001602002,2
6000,152.3,0.6001736427,2
6000,152.35,0.6001870825,2
6000,152.4,0.6002005196,2
6000,152.45,0.6002139541,2
6000,152.5,0.6002273858,2
6000,152.55,0.6002408149,2
6000,152.6,0.6002542413,2
6000,152.65,0.600267665,2
6000,152.7,0.600281086,2
6000,152.75,0.6002945043,2
6000,152.8,0.60030792,2
6000,152.85,0.600321333,2
6000,152.9,0.6003347432,2
6000,152.95,0.6003481509,2
6000,153,0.6003615558,2
6000,153.05,0.600374958,2
6000,153.1,0.6003883576,2
6000,153.15,0.6004017545,2
6000,153.2,0.6004151487,2
6000,153.25,0.6004285402,2
6000,153.3,0.600441929,2
6000,153.35,0.6004553152,2
6000,153.4,0.6004686987,2
6000,153.45,0.6004820795,2
6000,153.5,0.6004954576,2
6000,153.55,0.6005088331,2
6000,153.6,0.6005222059,2
6000,153.65,0.600535576,2
6000,153.7,0.6005489434,2
6000,153.75,0.6005623082,2
6000,153.8,0.6005756703,2
6000,153.85,0.6005890297,2
6000,153.9,0.6006023865,2
6000,153.95,0.6006157406,2
6000,154,0.600629092,2
6000,154.05,0.6006424407,2
6000,154.1,0.6006557868,2
6000,154.15,0.6006691302,2
6000,154.2,0.6006824709,2
6000,154.25,0.600695809,2
6000,154.3,0.6007091444,2
6000,154.35,0.6007224771,2
6000,154.4,0.6007358072,2
6000,154.45,0.6007491346,2
6000,154.5,0.6007624593,2
6000,154.55,0.6007757814,2
6000,154.6,0.6007891008,2
6000,154.65,0.6008024175,2
6000,154.7,0.6008157316,2
6000,154.75,0.600829043,2
6000,154.8,0.6008423518,2
6000,154.85,0.6008556578,2
6000,154.9,0.6008689613,2
6000,154.95,0.600882262,2
6000,155,0.6008955602,2
6000,155.05,0.6009088556,2
6000,155.1,0.6009221484,2
6000,155.15,0.6009354385,2
6000,155.2,0.600948726,2
6000,155.25,0.6009620108,2
6000,155.3,0.600975293,2
6000,155.35,0.6009885725,2
6000,155.4,0.6010018493,2
6000,155.45,0.6010151235,2
6000,155.5,0.6010283951,2
6000,155.55,0.601041664,2
6000,155.6,0.6010549302,2
6000,155.65,0.6010681938,2
6000,155.7,0.6010814547,2
6000,155.75,0.601094713,2
6000,155.8,0.6011079686,2
6000,155.85,0.6011212216,2
6000,155.9,0.6011344719,2
6000,155.95,0.6011477196,2
6000,156,0.6011609646,2
6000,156.05,0.601174207,2
6000,156.1,0.6011874467,2
6000,156.15,0.6012006838,2
6000,156.2,0.6012139182,2
6000,156.25,0.60122715,2
6000,156.3,0.6012403791,2
6000,156.35,0.6012536056,2
6000,156.4,0.6012668295,2
6000,156.45,0.6012800507,2
6000,156.5,0.6012932692,2
6000,156.55,0.6013064852,2
6000,156.6,0.6013196984,2
6000,156.65,0.6013329091,2
6000,156.7,0.6013461171,2
6000,156.75,0.6013593224,2
6000,156.8,0.6013725251,2
6000,156.85,0.6013857252,2
6000,156.9,0.6013989226,2
6000,156.95,0.6014121174,2
6000,157,0.6014253095,2
6000,157.05,0.6014384991,2
6000,157.1,0.6014516859,2
6000,157.15,0.6014648702,2
6000,157.2,0.6014780518,2
6000,157.25,0.6014912307,2
6000,157.3,0.6015044071,2
6000,157.35,0.6015175808,2
6000,157.4,0.6015307518,2
6000,157.45,0.6015439202,2
6000,157.5,0.601557086,2
6000,157.55,0.6015702492,2
6000,157.6,0.6015834097,2
6000,157.65,0.6015965676,2
6000,157.7,0.6016097229,2
6000,157.75,0.6016228755,2
6000,157.8,0.6016360255,2
6000,157.85,0.6016491729,2
6000,157.9,0.6016623176,2
6000,157.95,0.6016754597,2
6000,158,0.6016885992,2
6000,158.05,0.6017017361,2
6000,158.1,0.6017148703,2
6000,158.15,0.6017280019,2
6000,158.2,0.6017411309,2
6000,158.25,0.6017542573,2
6000,158.3,0.601767381,2
6000,158.35,0.6017805021,2
6000,158.4,0.6017936206,2
6000,158.45,0.6018067364,2
6000,158.5,0.6018198497,2
6000,158.55,0.6018329603,2
6000,158.6,0.6018460683,2
6000,158.65,0.6018591736,2
6000,158.7,0.6018722764,2
6000,158.75,0.6018853765,2
6000,158.8,0.601898474,2
6000,158.85,0.6019115689,2
6000,158.9,0.6019246612,2
6000,158.95,0.6019377508,2
6000,159,0.6019508378,2
6000,159.05,0.6019639223,2
6000,159.1,0.6019770041,2
6000,159.15,0.6019900832,2
6000,159.2,0.6020031598,2
6000,159.25,0.6020162338,2
6000,159.3,0.6020293051,2
6000,159.35,0.6020423738,2
6000,159.4,0.6020554399,2
6000,159.45,0.6020685034,2
6000,159.5,0.6020815643,2
6000,159.55,0.6020946226,2
6000,159.6,0.6021076783,2
6000,159.65,0.6021207313,2
6000,159.7,0.6021337818,2
6000,159.75,0.6021468296,2
6000,159.8,0.6021598748,2
6000,159.85,0.6021729174,2
6000,159.9,0.6021859574,2
6000,159.95,0.6021989948,2
6000,160,0.6022120296,2
6000,160.05,0.6022250618,2
6000,160.1,0.6022380914,2
6000,160.15,0.6022511183,2
6000,160.2,0.6022641427,2
6000,160.25,0.6022771645,2
6000,160.3,0.6022901836,2
6000,160.35,0.6023032002,2
6000,160.4,0.6023162141,2
6000,160.45,0.6023292255,2
6000,160.5,0.6023422342,2
6000,160.55,0.6023552404,2
6000,160.6,0.6023682439,2
6000,160.65,0.6023812449,2
6000,160.7,0.6023942432,2
6000,160.75,0.6024072389,2
6000,160.8,0.6024202321,2
6000,160.85,0.6024332226,2
6000,160.9,0.6024462106,2
6000,160.95,0.6024591959,2
6000,161,0.6024721787,2
6000,161.05,0.6024851589,2
6000,161.1,0.6024981364,2
6000,161.15,0.6025111114,2
6000,161.2,0.6025240838,2
6000,161.25,0.6025370535,2
6000,161.3,0.6025500207,2
6000,161.35,0.6025629853,2
6000,161.4,0.6025759473,2
6000,161.45,0.6025889067,2
6000,161.5,0.6026018635,2
6000,161.55,0.6026148178,2
6000,161.6,0.6026277694,2
6000,161.65,0.6026407184,2
6000,161.7,0.6026536649,2
6000,161.75,0.6026666088,2
6000,161.8,0.60267955,2
6000,161.85,0.6026924887,2
6000,161.9,0.6027054248,2
6000,161.95,0.6027183583,2
6000,162,0.6027312893,2
6000,162.05,0.6027442176,2
6000,162.1,0.6027571434,2
6000,162.15,0.6027700665,2
6000,162.2,0.6027829871,2
6000,162.25,0.6027959051,2
6000,162.3,0.6028088205,2
6000,162.35,0.6028217334,2
6000,162.4,0.6028346436,2
6000,162.45,0.6028475513,2
6000,162.5,0.6028604564,2
6000,162.55,0.6028733589,2
6000,162.6,0.6028862588,2
6000,162.65,0.6028991562,2
6000,162.7,0.602912051,2
6000,162.75,0.6029249432,2
6000,162.8,0.6029378328,2
6000,162.85,0.6029507198,2
6000,162.9,0.6029636043,2
6000,162.95,0.6029764861,2
6000,163,0.6029893655,2
6000,163.05,0.6030022422,2
6000,163.1,0.6030151163,2
6000,163.15,0.6030279879,2
6000,163.2,0.6030408569,2
6000,163.25,0.6030537234,2
6000,163.3,0.6030665872,2
6000,163.35,0.6030794485,2
6000,163.4,0.6030923072,2
6000,163.45,0.6031051634,2
6000,163.5,0.603118017,2
6000,163.55,0.603130868,2
6000,163.6,0.6031437164,2
6000,163.65,0.6031565623,2
6000,163.7,0.6031694056,2
6000,163.75,0.6031822463,2
6000,163.8,0.6031950844,2
6000,163.85,0.60320792,2
6000,163.9,0.6032207531,2
6000,163.95,0.6032335835,2
6000,164,0.6032464114,2
6000,164.05,0.6032592367,2
6000,164.1,0.6032720595,2
6000,164.15,0.6032848797,2
6000,164.2,0.6032976973,2
6000,164.25,0.6033105124,2
6000,164.3,0.6033233249,2
6000,164.35,0.6033361349,2
6000,164.4,0.6033489422,2
6000,164.45,0.6033617471,2
6000,164.5,0.6033745493,2
6000,164.55,0.603387349,2
6000,164.6,0.6034001462,2
6000,164.65,0.6034129408,2
6000,164.7,0.6034257328,2
6000,164.75,0.6034385222,2
6000,164.8,0.6034513092,2
6000,164.85,0.6034640935,2
6000,164.9,0.6034768753,2
6000,164.95,0.6034896545,2
6000,165,0.6035024312,2
6000,165.05,0.6035152054,2
6000,165.1,0.6035279769,2
6000,165.15,0.603540746,2
6000,165.2,0.6035535124,2
6000,165.25,0.6035662763,2
6000,165.3,0.6035790377,2
6000,165.35,0.6035917965,2
6000,165.4,0.6036045528,2
6000,165.45,0.6036173065,2
6000,165.5,0.6036300576,2
6000,165.55,0.6036428062,2
6000,165.6,0.6036555523,2
6000,165.65,0.6036682958,2
6000,165.7,0.6036810368,2
6000,165.75,0.6036937752,2
6000,165.8,0.603706511,2
6000,165.85,0.6037192443,2
6000,165.9,0.6037319751,2
6000,165.95,0.6037447033,2
6000,166,0.603757429,2
6000,166.05,0.6037701522,2
6000,166.1,0.6037828727,2
6000,166.15,0.6037955908,2
6000,166.2,0.6038083063,2
6000,166.25,0.6038210192,2
6000,166.3,0.6038337297,2
6000,166.35,0.6038464375,2
6000,166.4,0.6038591429,2
6000,166.45,0.6038718457,2
6000,166.5,0.6038845459,2
6000,166.55,0.6038972436,2
6000,166.6,0.6039099388,2
6000,166.65,0.6039226314,2
6000,166.7,0.6039353215,2
6000,166.75,0.6039480091,2
6000,166.8,0.6039606941,2
6000,166.85,0.6039733766,2
6000,166.9,0.6039860566,2
6000,166.95,0.603998734,2
6000,167,0.6040114088,2
6000,167.05,0.6040240812,2
6000,167.1,0.604036751,2
6000,167.15,0.6040494183,2
6000,167.2,0.604062083,2
6000,167.25,0.6040747452,2
6000,167.3,0.6040874049,2
6000,167.35,0.6041000621,2
6000,167.4,0.6041127167,2
6000,167.45,0.6041253687,2
6000,167.5,0.6041380183,2
6000,167.55,0.6041506653,2
6000,167.6,0.6041633098,2
6000,167.65,0.6041759518,2
6000,167.7,0.6041885912,2
6000,167.75,0.6042012281,2
6000,167.8,0.6042138625,2
6000,167.85,0.6042264944,2
6000,167.9,0.6042391237,2
6000,167.95,0.6042517505,2
6000,168,0.6042643748,2
6000,168.05,0.6042769965,2
6000,168.1,0.6042896158,2
6000,168.15,0.6043022325,2
6000,168.2,0.6043148467,2
6000,168.25,0.6043274583,2
6000,168.3,0.6043400675,2
6000,168.35,0.6043526741,2
6000,168.4,0.6043652782,2
6000,168.45,0.6043778798,2
6000,168.5,0.6043904788,2
6000,168.55,0.6044030754,2
6000,168.6,0.6044156694,2
6000,168.65,0.6044282609,2
6000,168.7,0.6044408499,2
6000,168.75,0.6044534363,2
6000,168.8,0.6044660203,2
6000,168.85,0.6044786017,2
6000,168.9,0.6044911806,2
6000,168.95,0.604503757,2
6000,169,0.6045163309,2
6000,169.05,0.6045289023,2
6000,169.1,0.6045414711,2
6000,169.15,0.6045540375,2
6000,169.2,0.6045666013,2
6000,169.25,0.6045791626,2
6000,169.3,0.6045917214,2
6000,169.35,0.6046042777,2
6000,169.4,0.6046168315,2
6000,169.45,0.6046293828,2
6000,169.5,0.6046419315,2
6000,169.55,0.6046544778,2
6000,169.6,0.6046670215,2
6000,169.65,0.6046795627,2
6000,169.7,0.6046921015,2
6000,169.75,0.6047046377,2
6000,169.8,0.6047171714,2
6000,169.85,0.6047297026,2
6000,169.9,0.6047422313,2
6000,169.95,0.6047547575,2
6000,170,0.6047672812,2
6000,170.05,0.6047798024,2
6000,170.1,0.604792321,2
6000,170.15,0.6048048372,2
6000,170.2,0.6048173509,2
6000,170.25,0.6048298621,2
6000,170.3,0.6048423707,2
6000,170.35,0.6048548769,2
6000,170.4,0.6048673806,2
6000,170.45,0.6048798817,2
6000,170.5,0.6048923804,2
6000,170.55,0.6049048766,2
6000,170.6,0.6049173702,2
6000,170.65,0.6049298614,2
6000,170.7,0.6049423501,2
6000,170.75,0.6049548362,2
6000,170.8,0.6049673199,2
6000,170.85,0.6049798011,2
6000,170.9,0.6049922798,2
6000,170.95,0.605004756,2
6000,171,0.6050172297,2
6000,171.05,0.6050297009,2
6000,171.1,0.6050421696,2
6000,171.15,0.6050546358,2
6000,171.2,0.6050670995,2
6000,171.25,0.6050795607,2
6000,171.3,0.6050920195,2
6000,171.35,0.6051044757,2
6000,171.4,0.6051169295,2
6000,171.45,0.6051293807,2
6000,171.5,0.6051418295,2
6000,171.55,0.6051542758,2
6000,171.6,0.6051667196,2
6000,171.65,0.6051791609,2
6000,171.7,0.6051915997,2
6000,171.75,0.605204036,2
6000,171.8,0.6052164699,2
6000,171.85,0.6052289012,2
6000,171.9,0.6052413301,2
6000,171.95,0.6052537565,2
6000,172,0.6052661804,2
6000,172.05,0.6052786018,2
6000,172.1,0.6052910207,2
6000,172.15,0.6053034372,2
6000,172.2,0.6053158511,2
6000,172.25,0.6053282626,2
6000,172.3,0.6053406716,2
6000,172.35,0.6053530781,2
6000,172.4,0.6053654822,2
6000,172.45,0.6053778837,2
6000,172.5,0.6053902828,2
6000,172.55,0.6054026794,2
6000,172.6,0.6054150735,2
6000,172.65,0.6054274651,2
6000,172.7,0.6054398543,2
6000,172.75,0.605452241,2
6000,172.8,0.6054646252,2
6000,172.85,0.6054770069,2
6000,172.9,0.6054893862,2
6000,172.95,0.6055017629,2
6000,173,0.6055141373,2
6000,173.05,0.6055265091,2
6000,173.1,0.6055388784,2
6000,173.15,0.6055512453,2
6000,173.2,0.6055636097,2
6000,173.25,0.6055759717,2
6000,173.3,0.6055883311,2
6000,173.35,0.6056006881,2
6000,173.4,0.6056130426,2
6000,173.45,0.6056253947,2
6000,173.5,0.6056377443,2
6000,173.55,0.6056500914,2
6000,173.6,0.605662436,2
6000,173.65,0.6056747782,2
6000,173.7,0.6056871179,2
6000,173.75,0.6056994551,2
6000,173.8,0.6057117899,2
6000,173.85,0.6057241222,2
6000,173.9,0.605736452,2
6000,173.95,0.6057487794,2
6000,174,0.6057611043,2
6000,174.05,0.6057734267,2
6000,174.1,0.6057857467,2
6000,174.15,0.6057980642,2
6000,174.2,0.6058103793,2
6000,174.25,0.6058226918,2
6000,174.3,0.605835002,2
6000,174.35,0.6058473096,2
6000,174.4,0.6058596148,2
6000,174.45,0.6058719176,2
6000,174.5,0.6058842178,2
6000,174.55,0.6058965157,2
6000,174.6,0.605908811,2
6000,174.65,0.6059211039,2
6000,174.7,0.6059333944,2
6000,174.75,0.6059456824,2
6000,174.8,0.6059579679,2
6000,174.85,0.605970251,2
6000,174.9,0.6059825316,2
6000,174.95,0.6059948097,2
6000,175,0.6060070854,2
6000,175.05,0.6060193587,2
6000,175.1,0.6060316295,2
6000,175.15,0.6060438978,2
6000,175.2,0.6060561637,2
6000,175.25,0.6060684271,2
6000,175.3,0.6060806881,2
6000,175.35,0.6060929466,2
6000,175.4,0.6061052027,2
6000,175.45,0.6061174563,2
6000,175.5,0.6061297075,2
6000,175.55,0.6061419562,2
6000,175.6,0.6061542025,2
6000,175.65,0.6061664463,2
6000,175.7,0.6061786877,2
6000,175.75,0.6061909267,2
6000,175.8,0.6062031631,2
6000,175.85,0.6062153972,2
6000,175.9,0.6062276288,2
6000,175.95,0.6062398579,2
6000,176,0.6062520846,2
6000,176.05,0.6062643089,2
6000,176.1,0.6062765307,2
6000,176.15,0.60628875,2
6000,176.2,0.606300967,2
6000,176.25,0.6063131814,2
6000,176.3,0.6063253935,2
6000,176.35,0.6063376031,2
6000,176.4,0.6063498102,2
6000,176.45,0.6063620149,2
6000,176.5,0.6063742172,2
6000,176.55,0.606386417,2
6000,176.6,0.6063986144,2
6000,176.65,0.6064108094,2
6000,176.7,0.6064230019,2
6000,176.75,0.6064351919,2
6000,176.8,0.6064473796,2
6000,176.85,0.6064595648,2
6000,176.9,0.6064717475,2
6000,176.95,0.6064839279,2
6000,177,0.6064961057,2
6000,177.05,0.6065082812,2
6000,177.1,0.6065204542,2
6000,177.15,0.6065326248,2
6000,177.2,0.606544793,2
6000,177.25,0.6065569587,2
6000,177.3,0.606569122,2
6000,177.35,0.6065812828,2
6000,177.4,0.6065934412,2
6000,177.45,0.6066055972,2
6000,177.5,0.6066177508,2
6000,177.55,0.6066299019,2
6000,177.6,0.6066420506,2
6000,177.65,0.6066541969,2
6000,177.7,0.6066663407,2
6000,177.75,0.6066784821,2
6000,177.8,0.6066906211,2
6000,177.85,0.6067027577,2
6000,177.9,0.6067148918,2
6000,177.95,0.6067270235,2
6000,178,0.6067391528,2
6000,178.05,0.6067512796,2
6000,178.1,0.606763404,2
6000,178.15,0.606775526,2
6000,178.2,0.6067876456,2
6000,178.25,0.6067997628,2
6000,178.3,0.6068118775,2
6000,178.35,0.6068239898,2
6000,178.4,0.6068360997,2
6000,178.45,0.6068482071,2
6000,178.5,0.6068603122,2
6000,178.55,0.6068724148,2
6000,178.6,0.606884515,2
6000,178.65,0.6068966128,2
6000,178.7,0.6069087081,2
6000,178.75,0.6069208011,2
6000,178.8,0.6069328916,2
6000,178.85,0.6069449797,2
6000,178.9,0.6069570654,2
6000,178.95,0.6069691487,2
6000,179,0.6069812295,2
6000,179.05,0.606993308,2
6000,179.1,0.607005384,2
6000,179.15,0.6070174576,2
6000,179.2,0.6070295288,2
6000,179.25,0.6070415976,2
6000,179.3,0.6070536639,2
6000,179.35,0.6070657279,2
6000,179.4,0.6070777894,2
6000,179.45,0.6070898485,2
6000,179.5,0.6071019053,2
6000,179.55,0.6071139596,2
6000,179.6,0.6071260115,2
6000,179.65,0.6071380609,2
6000,179.7,0.607150108,2
6000,179.75,0.6071621527,2
6000,179.8,0.6071741949,2
6000,179.85,0.6071862348,2
6000,179.9,0.6071982722,2
6000,179.95,0.6072103073,2
6000,180,0.6072223399,2
6000,180.05,0.6072343701,2
6000,180.1,0.6072463979,2
6000,180.15,0.6072584233,2
6000,180.2,0.6072704464,2
6000,180.25,0.607282467,2
6000,180.3,0.6072944852,2
6000,180.35,0.6073065009,2
6000,180.4,0.6073185143,2
6000,180.45,0.6073305253,2
6000,180.5,0.6073425339,2
6000,180.55,0.6073545401,2
6000,180.6,0.6073665439,2
6000,180.65,0.6073785453,2
6000,180.7,0.6073905442,2
6000,180.75,0.6074025408,2
6000,180.8,0.607414535,2
6000,180.85,0.6074265268,2
6000,180.9,0.6074385162,2
6000,180.95,0.6074505032,2
6000,181,0.6074624878,2
6000,181.05,0.60747447,2
6000,181.1,0.6074864498,2
6000,181.15,0.6074984272,2
6000,181.2,0.6075104022,2
6000,181.25,0.6075223748,2
6000,181.3,0.607534345,2
6000,181.35,0.6075463128,2
6000,181.4,0.6075582783,2
6000,181.45,0.6075702413,2
6000,181.5,0.607582202,2
6000,181.55,0.6075941602,2
6000,181.6,0.6076061161,2
6000,181.65,0.6076180696,2
6000,181.7,0.6076300206,2
6000,181.75,0.6076419693,2
6000,181.8,0.6076539156,2
6000,181.85,0.6076658596,2
6000,181.9,0.6076778011,2
6000,181.95,0.6076897402,2
6000,182,0.607701677,2
6000,182.05,0.6077136113,2
6000,182.1,0.6077255433,2
6000,182.15,0.6077374729,2
6000,182.2,0.6077494001,2
6000,182.25,0.6077613249,2
6000,182.3,0.6077732474,2
6000,182.35,0.6077851674,2
6000,182.4,0.6077970851,2
6000,182.45,0.6078090004,2
6000,182.5,0.6078209133,2
6000,182.55,0.6078328238,2
6000,182.6,0.6078447319,2
6000,182.65,0.6078566377,2
6000,182.7,0.6078685411,2
6000,182.75,0.607880442,2
6000,182.8,0.6078923407,2
6000,182.85,0.6079042369,2
6000,182.9,0.6079161308,2
6000,182.95,0.6079280222,2
6000,183,0.6079399113,2
6000,183.05,0.607951798,2
6000,183.1,0.6079636824,2
6000,183.15,0.6079755644,2
6000,183.2,0.607987444,2
6000,183.25,0.6079993212,2
6000,183.3,0.608011196,2
6000,183.35,0.6080230685,2
6000,183.4,0.6080349386,2
6000,183.45,0.6080468063,2
6000,183.5,0.6080586716,2
6000,183.55,0.6080705346,2
6000,183.6,0.6080823952,2
6000,183.65,0.6080942534,2
6000,183.7,0.6081061093,2
6000,183.75,0.6081179628,2
6000,183.8,0.6081298139,2
6000,183.85,0.6081416626,2
6000,183.9,0.608153509,2
6000,183.95,0.608165353,2
6000,184,0.6081771946,2
6000,184.05,0.6081890339,2
6000,184.1,0.6082008708,2
6000,184.15,0.6082127054,2
6000,184.2,0.6082245375,2
6000,184.25,0.6082363673,2
6000,184.3,0.6082481948,2
6000,184.35,0.6082600198,2
6000,184.4,0.6082718425,2
6000,184.45,0.6082836629,2
6000,184.5,0.6082954809,2
6000,184.55,0.6083072965,2
6000,184.6,0.6083191097,2
6000,184.65,0.6083309206,2
6000,184.7,0.6083427291,2
6000,184.75,0.6083545353,2
6000,184.8,0.6083663391,2
6000,184.85,0.6083781406,2
6000,184.9,0.6083899396,2
6000,184.95,0.6084017364,2
6000,185,0.6084135307,2
6000,185.05,0.6084253227,2
6000,185.1,0.6084371124,2
6000,185.15,0.6084488997,2
6000,185.2,0.6084606846,2
6000,185.25,0.6084724672,2
6000,185.3,0.6084842474,2
6000,185.35,0.6084960253,2
6000,185.4,0.6085078008,2
6000,185.45,0.6085195739,2
6000,185.5,0.6085313447,2
6000,185.55,0.6085431132,2
6000,185.6,0.6085548793,2
6000,185.65,0.608566643,2
6000,185.7,0.6085784044,2
6000,185.75,0.6085901634,2
6000,185.8,0.6086019201,2
6000,185.85,0.6086136745,2
6000,185.9,0.6086254264,2
6000,185.95,0.6086371761,2
6000,186,0.6086489234,2
6000,186.05,0.6086606683,2
6000,186.1,0.6086724109,2
6000,186.15,0.6086841511,2
6000,186.2,0.608695889,2
6000,186.25,0.6087076245,2
6000,186.3,0.6087193577,2
6000,186.35,0.6087310886,2
6000,186.4,0.6087428171,2
6000,186.45,0.6087545432,2
6000,186.5,0.608766267,2
6000,186.55,0.6087779885,2
6000,186.6,0.6087897076,2
6000,186.65,0.6088014244,2
6000,186.7,0.6088131389,2
6000,186.75,0.6088248509,2
6000,186.8,0.6088365607,2
6000,186.85,0.6088482681,2
6000,186.9,0.6088599732,2
6000,186.95,0.6088716759,2
6000,187,0.6088833763,2
6000,187.05,0.6088950743,2
6000,187.1,0.60890677,2
6000,187.15,0.6089184634,2
6000,187.2,0.6089301544,2
6000,187.25,0.6089418431,2
6000,187.3,0.6089535295,2
6000,187.35,0.6089652135,2
6000,187.4,0.6089768952,2
6000,187.45,0.6089885745,2
6000,187.5,0.6090002515,2
6000,187.55,0.6090119262,2
6000,187.6,0.6090235986,2
6000,187.65,0.6090352686,2
6000,187.7,0.6090469362,2
6000,187.75,0.6090586016,2
6000,187.8,0.6090702646,2
6000,187.85,0.6090819253,2
6000,187.9,0.6090935836,2
6000,187.95,0.6091052396,2
6000,188,0.6091168933,2
6000,188.05,0.6091285446,2
6000,188.1,0.6091401937,2
6000,188.15,0.6091518403,2
6000,188.2,0.6091634847,2
6000,188.25,0.6091751267,2
6000,188.3,0.6091867664,2
6000,188.35,0.6091984038,2
6000,188.4,0.6092100389,2
6000,188.45,0.6092216716,2
6000,188.5,0.609233302,2
6000,188.55,0.60924493,2
6000,188.6,0.6092565558,2
6000,188.65,0.6092681792,2
6000,188.7,0.6092798003,2
6000,188.75,0.6092914191,2
6000,188.8,0.6093030355,2
6000,188.85,0.6093146496,2
6000,188.9,0.6093262614,2
6000,188.95,0.6093378709,2
6000,189,0.6093494781,2
6000,189.05,0.6093610829,2
6000,189.1,0.6093726854,2
6000,189.15,0.6093842856,2
6000,189.2,0.6093958835,2
6000,189.25,0.6094074791,2
6000,189.3,0.6094190723,2
6000,189.35,0.6094306632,2
6000,189.4,0.6094422518,2
6000,189.45,0.6094538381,2
6000,189.5,0.6094654221,2
6000,189.55,0.6094770037,2
6000,189.6,0.609488583,2
6000,189.65,0.6095001601,2
6000,189.7,0.6095117348,2
6000,189.75,0.6095233072,2
6000,189.8,0.6095348772,2
6000,189.85,0.609546445,2
6000,189.9,0.6095580104,2
6000,189.95,0.6095695736,2
6000,190,0.6095811344,2
6000,190.05,0.6095926929,2
6000,190.1,0.6096042491,2
6000,190.15,0.609615803,2
6000,190.2,0.6096273546,2
6000,190.25,0.6096389038,2
6000,190.3,0.6096504508,2
6000,190.35,0.6096619954,2
6000,190.4,0.6096735378,2
6000,190.45,0.6096850778,2
6000,190.5,0.6096966155,2
6000,190.55,0.6097081509,2
6000,190.6,0.6097196841,2
6000,190.65,0.6097312149,2
6000,190.7,0.6097427434,2
6000,190.75,0.6097542695,2
6000,190.8,0.6097657934,2
6000,190.85,0.609777315,2
6000,190.9,0.6097888343,2
6000,190.95,0.6098003513,2
6000,191,0.6098118659,2
6000,191.05,0.6098233783,2
6000,191.1,0.6098348884,2
6000,191.15,0.6098463961,2
6000,191.2,0.6098579016,2
6000,191.25,0.6098694048,2
6000,191.3,0.6098809056,2
6000,191.35,0.6098924042,2
6000,191.4,0.6099039004,2
6000,191.45,0.6099153944,2
6000,191.5,0.6099268861,2
6000,191.55,0.6099383754,2
6000,191.6,0.6099498625,2
6000,191.65,0.6099613473,2
6000,191.7,0.6099728297,2
6000,191.75,0.6099843099,2
6000,191.8,0.6099957878,2
6000,191.85,0.6100072634,2
6000,191.9,0.6100187367,2
6000,191.95,0.6100302077,2
6000,192,0.6100416764,2
6000,192.05,0.6100531428,2
6000,192.1,0.6100646069,2
6000,192.15,0.6100760687,2
6000,192.2,0.6100875283,2
6000,192.25,0.6100989855,2
6000,192.3,0.6101104405,2
6000,192.35,0.6101218931,2
6000,192.4,0.6101333435,2
6000,192.45,0.6101447916,2
6000,192.5,0.6101562374,2
6000,192.55,0.6101676809,2
6000,192.6,0.6101791221,2
6000,192.65,0.610190561,2
6000,192.7,0.6102019976,2
6000,192.75,0.610213432,2
6000,192.8,0.610224864,2
6000,192.85,0.6102362938,2
6000,192.9,0.6102477213,2
6000,192.95,0.6102591465,2
6000,193,0.6102705694,2
6000,193.05,0.6102819901,2
6000,193.1,0.6102934084,2
6000,193.15,0.6103048245,2
6000,193.2,0.6103162383,2
6000,193.25,0.6103276498,2
6000,193.3,0.610339059,2
6000,193.35,0.6103504659,2
6000,193.4,0.6103618706,2
6000,193.45,0.610373273,2
6000,193.5,0.6103846731,2
6000,193.55,0.6103960709,2
6000,193.6,0.6104074664,2
6000,193.65,0.6104188597,2
6000,193.7,0.6104302507,2
6000,193.75,0.6104416394,2
6000,193.8,0.6104530258,2
6000,193.85,0.61046441,2
6000,193.9,0.6104757918,2
6000,193.95,0.6104871714,2
6000,194,0.6104985487,2
6000,194.05,0.6105099238,2
6000,194.1,0.6105212966,2
6000,194.15,0.6105326671,2
6000,194.2,0.6105440353,2
6000,194.25,0.6105554012,2
6000,194.3,0.6105667649,2
6000,194.35,0.6105781263,2
6000,194.4,0.6105894854,2
6000,194.45,0.6106008423,2
6000,194.5,0.6106121969,2
6000,194.55,0.6106235492,2
6000,194.6,0.6106348993,2
6000,194.65,0.610646247,2
6000,194.7,0.6106575925,2
6000,194.75,0.6106689358,2
6000,194.8,0.6106802767,2
6000,194.85,0.6106916155,2
6000,194.9,0.6107029519,2
6000,194.95,0.6107142861,2
6000,195,0.610725618,2
6000,195.05,0.6107369476,2
6000,195.1,0.610748275,2
6000,195.15,0.6107596001,2
6000,195.2,0.6107709229,2
6000,195.25,0.6107822435,2
6000,195.3,0.6107935618,2
6000,195.35,0.6108048778,2
6000,195.4,0.6108161916,2
6000,195.45,0.6108275032,2
6000,195.5,0.6108388124,2
6000,195.55,0.6108501194,2
6000,195.6,0.6108614242,2
6000,195.65,0.6108727266,2
6000,195.7,0.6108840268,2
6000,195.75,0.6108953248,2
6000,195.8,0.6109066205,2
6000,195.85,0.6109179139,2
6000,195.9,0.6109292051,2
6000,195.95,0.610940494,2
6000,196,0.6109517807,2
6000,196.05,0.6109630651,2
6000,196.1,0.6109743473,2
6000,196.15,0.6109856272,2
6000,196.2,0.6109969048,2
6000,196.25,0.6110081802,2
6000,196.3,0.6110194533,2
6000,196.35,0.6110307242,2
6000,196.4,0.6110419928,2
6000,196.45,0.6110532592,2
6000,196.5,0.6110645233,2
6000,196.55,0.6110757852,2
6000,196.6,0.6110870448,2
6000,196.65,0.6110983021,2
6000,196.7,0.6111095572,2
6000,196.75,0.6111208101,2
6000,196.8,0.6111320607,2
6000,196.85,0.611143309,2
6000,196.9,0.6111545551,2
6000,196.95,0.611165799,2
6000,197,0.6111770406,2
6000,197.05,0.61118828,2
6000,197.1,0.6111995171,2
6000,197.15,0.6112107519,2
6000,197.2,0.6112219846,2
6000,197.25,0.6112332149,2
6000,197.3,0.6112444431,2
6000,197.35,0.6112556689,2
6000,197.4,0.6112668926,2
6000,197.45,0.611278114,2
6000,197.5,0.6112893331,2
6000,197.55,0.61130055,2
6000,197.6,0.6113117647,2
6000,197.65,0.6113229771,2
6000,197.7,0.6113341873,2
6000,197.75,0.6113453952,2
6000,197.8,0.6113566009,2
6000,197.85,0.6113678044,2
6000,197.9,0.6113790056,2
6000,197.95,0.6113902045,2
6000,198,0.6114014013,2
6000,198.05,0.6114125958,2
6000,198.1,0.611423788,2
6000,198.15,0.611434978,2
6000,198.2,0.6114461658,2
6000,198.25,0.6114573514,2
6000,198.3,0.6114685347,2
6000,198.35,0.6114797157,2
6000,198.4,0.6114908946,2
6000,198.45,0.6115020712,2
6000,198.5,0.6115132455,2
6000,198.55,0.6115244176,2
6000,198.6,0.6115355875,2
6000,198.65,0.6115467552,2
6000,198.7,0.6115579206,2
6000,198.75,0.6115690838,2
6000,198.8,0.6115802448,2
6000,198.85,0.6115914035,2
6000,198.9,0.61160256,2
6000,198.95,0.6116137143,2
6000,199,0.6116248663,2
6000,199.05,0.6116360161,2
6000,199.1,0.6116471637,2
6000,199.15,0.611658309,2
6000,199.2,0.6116694521,2
6000,199.25,0.611680593,2
6000,199.3,0.6116917317,2
6000,199.35,0.6117028681,2
6000,199.4,0.6117140023,2
6000,199.45,0.6117251343,2
6000,199.5,0.611736264,2
6000,199.55,0.6117473916,2
6000,199.6,0.6117585169,2
6000,199.65,0.61176964,2
6000,199.7,0.6117807608,2
6000,199.75,0.6117918794,2
6000,199.8,0.6118029958,2
6000,199.85,0.61181411,2
6000,199.9,0.611825222,2
6000,199.95,0.6118363317,2
6000,200,0.6118474392,2
6000,200.05,0.6118585445,2
6000,200.1,0.6118696476,2
6000,200.15,0.6118807484,2
6000,200.2,0.6118918471,2
6000,200.25,0.6119029435,2
6000,200.3,0.6119140377,2
6000,200.35,0.6119251297,2
6000,200.4,0.6119362194,2
6000,200.45,0.611947307,2
6000,200.5,0.6119583923,2
6000,200.55,0.6119694754,2
6000,200.6,0.6119805563,2
6000,200.65,0.611991635,2
6000,200.7,0.6120027114,2
6000,200.75,0.6120137857,2
6000,200.8,0.6120248577,2
6000,200.85,0.6120359275,2
6000,200.9,0.6120469951,2
6000,200.95,0.6120580605,2
6000,201,0.6120691237,2
6000,201.05,0.6120801846,2
6000,201.1,0.6120912434,2
6000,201.15,0.6121022999,2
6000,201.2,0.6121133542,2
6000,201.25,0.6121244063,2
6000,201.3,0.6121354563,2
6000,201.35,0.612146504,2
6000,201.4,0.6121575494,2
6000,201.45,0.6121685927,2
6000,201.5,0.6121796338,2
6000,201.55,0.6121906726,2
6000,201.6,0.6122017093,2
6000,201.65,0.6122127437,2
6000,201.7,0.612223776,2
6000,201.75,0.612234806,2
6000,201.8,0.6122458339,2
6000,201.85,0.6122568595,2
6000,201.9,0.6122678829,2
6000,201.95,0.6122789041,2
6000,202,0.6122899231,2
6000,202.05,0.6123009399,2
6000,202.1,0.6123119545,2
6000,202.15,0.6123229669,2
6000,202.2,0.6123339771,2
6000,202.25,0.6123449851,2
6000,202.3,0.6123559909,2
6000,202.35,0.6123669945,2
6000,202.4,0.6123779959,2
6000,202.45,0.6123889951,2
6000,202.5,0.6123999921,2
6000,202.55,0.6124109869,2
6000,202.6,0.6124219795,2
6000,202.65,0.6124329699,2
6000,202.7,0.6124439581,2
6000,202.75,0.6124549441,2
6000,202.8,0.6124659279,2
6000,202.85,0.6124769095,2
6000,202.9,0.6124878889,2
6000,202.95,0.6124988661,2
6000,203,0.6125098411,2
6000,203.05,0.612520814,2
6000,203.1,0.6125317846,2
6000,203.15,0.612542753,2
6000,203.2,0.6125537193,2
6000,203.25,0.6125646833,2
6000,203.3,0.6125756452,2
6000,203.35,0.6125866049,2
6000,203.4,0.6125975623,2
6000,203.45,0.6126085176,2
6000,203.5,0.6126194707,2
6000,203.55,0.6126304216,2
6000,203.6,0.6126413703,2
6000,203.65,0.6126523169,2
6000,203.7,0.6126632612,2
6000,203.75,0.6126742033,2
6000,203.8,0.6126851433,2
6000,203.85,0.6126960811,2
6000,203.9,0.6127070166,2
6000,203.95,0.61271795,2
6000,204,0.6127288813,2
6000,204.05,0.6127398103,2
6000,204.1,0.6127507371,2
6000,204.15,0.6127616618,2
6000,204.2,0.6127725842,2
6000,204.25,0.6127835045,2
6000,204.3,0.6127944226,2
6000,204.35,0.6128053385,2
6000,204.4,0.6128162523,2
6000,204.45,0.6128271638,2
6000,204.5,0.6128380732,2
6000,204.55,0.6128489804,2
6000,204.6,0.6128598854,2
6000,204.65,0.6128707882,2
6000,204.7,0.6128816888,2
6000,204.75,0.6128925873,2
6000,204.8,0.6129034836,2
6000,204.85,0.6129143777,2
6000,204.9,0.6129252696,2
6000,204.95,0.6129361594,2
6000,205,0.612947047,2
6000,205.05,0.6129579323,2
6000,205.1,0.6129688156,2
6000,205.15,0.6129796966,2
6000,205.2,0.6129905755,2
6000,205.25,0.6130014522,2
6000,205.3,0.6130123267,2
6000,205.35,0.613023199,2
6000,205.4,0.6130340692,2
6000,205.45,0.6130449372,2
6000,205.5,0.613055803,2
6000,205.55,0.6130666666,2
6000,205.6,0.6130775281,2
6000,205.65,0.6130883874,2
6000,205.7,0.6130992445,2
6000,205.75,0.6131100995,2
6000,205.8,0.6131209523,2
6000,205.85,0.6131318029,2
6000,205.9,0.6131426513,2
6000,205.95,0.6131534976,2
6000,206,0.6131643417,2
6000,206.05,0.6131751837,2
6000,206.1,0.6131860234,2
6000,206.15,0.613196861,2
6000,206.2,0.6132076965,2
6000,206.25,0.6132185298,2
6000,206.3,0.6132293609,2
6000,206.35,0.6132401898,2
6000,206.4,0.6132510166,2
6000,206.45,0.6132618412,2
6000,206.5,0.6132726636,2
6000,206.55,0.6132834839,2
6000,206.6,0.613294302,2
6000,206.65,0.613305118,2
6000,206.7,0.6133159317,2
6000,206.75,0.6133267434,2
6000,206.8,0.6133375528,2
6000,206.85,0.6133483601,2
6000,206.9,0.6133591653,2
6000,206.95,0.6133699683,2
6000,207,0.6133807691,2
6000,207.05,0.6133915677,2
6000,207.1,0.6134023642,2
6000,207.15,0.6134131586,2
6000,207.2,0.6134239507,2
6000,207.25,0.6134347408,2
6000,207.3,0.6134455286,2
6000,207.35,0.6134563143,2
6000,207.4,0.6134670979,2
6000,207.45,0.6134778793,2
6000,207.5,0.6134886585,2
6000,207.55,0.6134994356,2
6000,207.6,0.6135102105,2
6000,207.65,0.6135209833,2
6000,207.7,0.6135317539,2
6000,207.75,0.6135425224,2
6000,207.8,0.6135532887,2
6000,207.85,0.6135640529,2
6000,207.9,0.6135748149,2
6000,207.95,0.6135855747,2
6000,208,0.6135963324,2
6000,208.05,0.613607088,2
6000,208.1,0.6136178414,2
6000,208.15,0.6136285926,2
6000,208.2,0.6136393417,2
6000,208.25,0.6136500887,2
6000,208.3,0.6136608335,2
6000,208.35,0.6136715761,2
6000,208.4,0.6136823166,2
6000,208.45,0.613693055,2
6000,208.5,0.6137037912,2
6000,208.55,0.6137145253,2
6000,208.6,0.6137252572,2
6000,208.65,0.6137359869,2
6000,208.7,0.6137467146,2
6000,208.75,0.61375744,2
6000,208.8,0.6137681634,2
6000,208.85,0.6137788846,2
6000,208.9,0.6137896036,2
6000,208.95,0.6138003205,2
6000,209,0.6138110353,2
6000,209.05,0.6138217479,2
6000,209.1,0.6138324583,2
6000,209.15,0.6138431667,2
6000,209.2,0.6138538729,2
6000,209.25,0.6138645769,2
6000,209.3,0.6138752788,2
6000,209.35,0.6138859786,2
6000,209.4,0.6138966762,2
6000,209.45,0.6139073717,2
6000,209.5,0.613918065,2
6000,209.55,0.6139287563,2
6000,209.6,0.6139394453,2
6000,209.65,0.6139501323,2
6000,209.7,0.6139608171,2
6000,209.75,0.6139714997,2
6000,209.8,0.6139821802,2
6000,209.85,0.6139928586,2
6000,209.9,0.6140035349,2
6000,209.95,0.614014209,2
6000,210,0.614024881,2
6000,210.05,0.6140355508,2
6000,210.1,0.6140462185,2
6000,210.15,0.6140568841,2
6000,210.2,0.6140675476,2
6000,210.25,0.6140782089,2
6000,210.3,0.6140888681,2
6000,210.35,0.6140995251,2
6000,210.4,0.6141101801,2
6000,210.45,0.6141208328,2
6000,210.5,0.6141314835,2
6000,210.55,0.614142132,2
6000,210.6,0.6141527784,2
6000,210.65,0.6141634227,2
6000,210.7,0.6141740649,2
6000,210.75,0.6141847049,2
6000,210.8,0.6141953428,2
6000,210.85,0.6142059785,2
6000,210.9,0.6142166122,2
6000,210.95,0.6142272437,2
6000,211,0.614237873,2
6000,211.05,0.6142485003,2
6000,211.1,0.6142591254,2
6000,211.15,0.6142697484,2
6000,211.2,0.6142803693,2
6000,211.25,0.6142909881,2
6000,211.3,0.6143016047,2
6000,211.35,0.6143122192,2
6000,211.4,0.6143228316,2
6000,211.45,0.6143334419,2
6000,211.5,0.61434405,2
6000,211.55,0.614354656,2
6000,211.6,0.6143652599,2
6000,211.65,0.6143758617,2
6000,211.7,0.6143864614,2
6000,211.75,0.6143970589,2
6000,211.8,0.6144076543,2
6000,211.85,0.6144182476,2
6000,211.9,0.6144288388,2
6000,211.95,0.6144394279,2
6000,212,0.6144500148,2
6000,212.05,0.6144605997,2
6000,212.1,0.6144711824,2
6000,212.15,0.614481763,2
6000,212.2,0.6144923415,2
6000,212.25,0.6145029178,2
6000,212.3,0.6145134921,2
6000,212.35,0.6145240642,2
6000,212.4,0.6145346342,2
6000,212.45,0.6145452021,2
6000,212.5,0.6145557679,2
6000,212.55,0.6145663316,2
6000,212.6,0.6145768932,2
6000,212.65,0.6145874526,2
6000,212.7,0.61459801,2
6000,212.75,0.6146085652,2
6000,212.8,0.6146191183,2
6000,212.85,0.6146296694,2
6000,212.9,0.6146402183,2
6000,212.95,0.6146507651,2
6000,213,0.6146613097,2
6000,213.05,0.6146718523,2
6000,213.1,0.6146823928,2
6000,213.15,0.6146929311,2
6000,213.2,0.6147034674,2
6000,213.25,0.6147140015,2
6000,213.3,0.6147245336,2
6000,213.35,0.6147350635,2
6000,213.4,0.6147455913,2
6000,213.45,0.6147561171,2
6000,213.5,0.6147666407,2
6000,213.55,0.6147771622,2
6000,213.6,0.6147876816,2
6000,213.65,0.6147981989,2
6000,213.7,0.6148087141,2
6000,213.75,0.6148192272,2
6000,213.8,0.6148297382,2
6000,213.85,0.6148402471,2
6000,213.9,0.6148507539,2
6000,213.95,0.6148612586,2
6000,214,0.6148717612,2
6000,214.05,0.6148822617,2
6000,214.1,0.61489276,2
6000,214.15,0.6149032563,2
6000,214.2,0.6149137505,2
6000,214.25,0.6149242426,2
6000,214.3,0.6149347326,2
6000,214.35,0.6149452205,2
6000,214.4,0.6149557063,2
6000,214.45,0.61496619,2
6000,214.5,0.6149766716,2
6000,214.55,0.6149871511,2
6000,214.6,0.6149976285,2
6000,214.65,0.6150081039,2
6000,214.7,0.6150185771,2
6000,214.75,0.6150290482,2
6000,214.8,0.6150395173,2
6000,214.85,0.6150499842,2
6000,214.9,0.615060449,2
6000,214.95,0.6150709118,2
6000,215,0.6150813725,2
6000,215.05,0.615091831,2
6000,215.1,0.6151022875,2
6000,215.15,0.6151127419,2
6000,215.2,0.6151231942,2
6000,215.25,0.6151336444,2
6000,215.3,0.6151440925,2
6000,215.35,0.6151545386,2
6000,215.4,0.6151649825,2
6000,215.45,0.6151754244,2
6000,215.5,0.6151858641,2
6000,215.55,0.6151963018,2
6000,215.6,0.6152067374,2
6000,215.65,0.6152171709,2
6000,215.7,0.6152276023,2
6000,215.75,0.6152380316,2
6000,215.8,0.6152484589,2
6000,215.85,0.615258884,2
6000,215.9,0.6152693071,2
6000,215.95,0.6152797281,2
6000,216,0.615290147,2
6000,216.05,0.6153005638,2
6000,216.1,0.6153109786,2
6000,216.15,0.6153213912,2
6000,216.2,0.6153318018,2
6000,216.25,0.6153422103,2
6000,216.3,0.6153526167,2
6000,216.35,0.615363021,2
6000,216.4,0.6153734233,2
6000,216.45,0.6153838234,2
6000,216.5,0.6153942215,2
6000,216.55,0.6154046175,2
6000,216.6,0.6154150115,2
6000,216.65,0.6154254033,2
6000,216.7,0.6154357931,2
6000,216.75,0.6154461808,2
6000,216.8,0.6154565664,2
6000,216.85,0.6154669499,2
6000,216.9,0.6154773314,2
6000,216.95,0.6154877108,2
6000,217,0.6154980881,2
6000,217.05,0.6155084633,2
6000,217.1,0.6155188365,2
6000,217.15,0.6155292076,2
6000,217.2,0.6155395766,2
6000,217.25,0.6155499435,2
6000,217.3,0.6155603084,2
6000,217.35,0.6155706712,2
6000,217.4,0.6155810319,2
6000,217.45,0.6155913906,2
6000,217.5,0.6156017472,2
6000,217.55,0.6156121017,2
6000,217.6,0.6156224541,2
6000,217.65,0.6156328045,2
6000,217.7,0.6156431528,2
6000,217.75,0.615653499,2
6000,217.8,0.6156638431,2
6000,217.85,0.6156741852,2
6000,217.9,0.6156845253,2
6000,217.95,0.6156948632,2
6000,218,0.6157051991,2
6000,218.05,0.6157155329,2
6000,218.1,0.6157258647,2
6000,218.15,0.6157361944,2
6000,218.2,0.615746522,2
6000,218.25,0.6157568475,2
6000,218.3,0.615767171,2
6000,218.35,0.6157774924,2
6000,218.4,0.6157878118,2
6000,218.45,0.6157981291,2
6000,218.5,0.6158084443,2
6000,218.55,0.6158187575,2
6000,218.6,0.6158290686,2
6000,218.65,0.6158393777,2
6000,218.7,0.6158496847,2
6000,218.75,0.6158599896,2
6000,218.8,0.6158702924,2
6000,218.85,0.6158805933,2
6000,218.9,0.615890892,2
6000,218.95,0.6159011887,2
6000,219,0.6159114833,2
6000,219.05,0.6159217759,2
6000,219.1,0.6159320664,2
6000,219.15,0.6159423548,2
6000,219.2,0.6159526412,2
6000,219.25,0.6159629256,2
6000,219.3,0.6159732078,2
6000,219.35,0.6159834881,2
6000,219.4,0.6159937662,2
6000,219.45,0.6160040423,2
6000,219.5,0.6160143164,2
6000,219.55,0.6160245884,2
6000,219.6,0.6160348583,2
6000,219.65,0.6160451262,2
6000,219.7,0.6160553921,2
6000,219.75,0.6160656559,2
6000,219.8,0.6160759176,2
6000,219.85,0.6160861773,2
6000,219.9,0.6160964349,2
6000,219.95,0.6161066905,2
6000,220,0.616116944,2
6000,220.05,0.6161271955,2
6000,220.1,0.6161374449,2
6000,220.15,0.6161476923,2
6000,220.2,0.6161579376,2
6000,220.25,0.6161681809,2
6000,220.3,0.6161784222,2
6000,220.35,0.6161886613,2
6000,220.4,0.6161988985,2
6000,220.45,0.6162091336,2
6000,220.5,0.6162193666,2
6000,220.55,0.6162295976,2
6000,220.6,0.6162398265,2
6000,220.65,0.6162500535,2
6000,220.7,0.6162602783,2
6000,220.75,0.6162705011,2
6000,220.8,0.6162807219,2
6000,220.85,0.6162909406,2
6000,220.9,0.6163011573,2
6000,220.95,0.6163113719,2
6000,221,0.6163215845,2
6000,221.05,0.6163317951,2
6000,221.1,0.6163420036,2
6000,221.15,0.6163522101,2
6000,221.2,0.6163624145,2
6000,221.25,0.6163726169,2
6000,221.3,0.6163828172,2
6000,221.35,0.6163930156,2
6000,221.4,0.6164032118,2
6000,221.45,0.6164134061,2
6000,221.5,0.6164235982,2
6000,221.55,0.6164337884,2
6000,221.6,0.6164439765,2
6000,221.65,0.6164541626,2
6000,221.7,0.6164643466,2
6000,221.75,0.6164745286,2
6000,221.8,0.6164847086,2
6000,221.85,0.6164948865,2
6000,221.9,0.6165050624,2
6000,221.95,0.6165152363,2
6000,222,0.6165254081,2
6000,222.05,0.6165355779,2
6000,222.1,0.6165457457,2
6000,222.15,0.6165559114,2
6000,222.2,0.6165660751,2
6000,222.25,0.6165762368,2
6000,222.3,0.6165863964,2
6000,222.35,0.616596554,2
6000,222.4,0.6166067096,2
6000,222.45,0.6166168631,2
6000,222.5,0.6166270146,2
6000,222.55,0.6166371641,2
6000,222.6,0.6166473115,2
6000,222.65,0.6166574569,2
6000,222.7,0.6166676003,2
6000,222.75,0.6166777417,2
6000,222.8,0.616687881,2
6000,222.85,0.6166980183,2
6000,222.9,0.6167081536,2
6000,222.95,0.6167182868,2
6000,223,0.6167284181,2
6000,223.05,0.6167385473,2
6000,223.1,0.6167486744,2
6000,223.15,0.6167587996,2
6000,223.2,0.6167689227,2
6000,223.25,0.6167790438,2
6000,223.3,0.6167891629,2
6000,223.35,0.6167992799,2
6000,223.4,0.6168093949,2
6000,223.45,0.6168195079,2
6000,223.5,0.6168296189,2
6000,223.55,0.6168397279,2
6000,223.6,0.6168498348,2
6000,223.65,0.6168599397,2
6000,223.7,0.6168700426,2
6000,223.75,0.6168801435,2
6000,223.8,0.6168902423,2
6000,223.85,0.6169003392,2
6000,223.9,0.616910434,2
6000,223.95,0.6169205268,2
6000,224,0.6169306176,2
6000,224.05,0.6169407063,2
6000,224.1,0.6169507931,2
6000,224.15,0.6169608778,2
6000,224.2,0.6169709605,2
6000,224.25,0.6169810412,2
6000,224.3,0.6169911199,2
6000,224.35,0.6170011965,2
6000,224.4,0.6170112712,2
6000,224.45,0.6170213438,2
6000,224.5,0.6170314144,2
6000,224.55,0.617041483,2
6000,224.6,0.6170515496,2
6000,224.65,0.6170616142,2
6000,224.7,0.6170716768,2
6000,224.75,0.6170817373,2
6000,224.8,0.6170917958,2
6000,224.85,0.6171018524,2
6000,224.9,0.6171119069,2
6000,224.95,0.6171219594,2
6000,225,0.6171320099,2
6000,225.05,0.6171420584,2
6000,225.1,0.6171521048,2
6000,225.15,0.6171621493,2
6000,225.2,0.6171721918,2
6000,225.25,0.6171822322,2
6000,225.3,0.6171922707,2
6000,225.35,0.6172023071,2
6000,225.4,0.6172123415,2
6000,225.45,0.6172223739,2
6000,225.5,0.6172324044,2
6000,225.55,0.6172424328,2
6000,225.6,0.6172524592,2
6000,225.65,0.6172624836,2
6000,225.7,0.617272506,2
6000,225.75,0.6172825264,2
6000,225.8,0.6172925447,2
6000,225.85,0.6173025611,2
6000,225.9,0.6173125755,2
6000,225.95,0.6173225879,2
6000,226,0.6173325983,2
6000,226.05,0.6173426066,2
6000,226.1,0.617352613,2
6000,226.15,0.6173626174,2
6000,226.2,0.6173726197,2
6000,226.25,0.6173826201,2
6000,226.3,0.6173926185,2
6000,226.35,0.6174026148,2
6000,226.4,0.6174126092,2
6000,226.45,0.6174226016,2
6000,226.5,0.617432592,2
6000,226.55,0.6174425803,2
6000,226.6,0.6174525667,2
6000,226.65,0.6174625511,2
6000,226.7,0.6174725335,2
6000,226.75,0.6174825139,2
6000,226.8,0.6174924922,2
6000,226.85,0.6175024686,2
6000,226.9,0.617512443,2
6000,226.95,0.6175224155,2
6000,227,0.6175323859,2
6000,227.05,0.6175423543,2
6000,227.1,0.6175523207,2
6000,227.15,0.6175622851,2
6000,227.2,0.6175722476,2
6000,227.25,0.617582208,2
6000,227.3,0.6175921665,2
6000,227.35,0.6176021229,2
6000,227.4,0.6176120774,2
6000,227.45,0.6176220299,2
6000,227.5,0.6176319804,2
6000,227.55,0.6176419289,2
6000,227.6,0.6176518754,2
6000,227.65,0.6176618199,2
6000,227.7,0.6176717625,2
6000,227.75,0.617681703,2
6000,227.8,0.6176916416,2
6000,227.85,0.6177015781,2
6000,227.9,0.6177115127,2
6000,227.95,0.6177214453,2
6000,228,0.6177313759,2
6000,228.05,0.6177413045,2
6000,228.1,0.6177512312,2
6000,228.15,0.6177611558,2
6000,228.2,0.6177710785,2
6000,228.25,0.6177809992,2
6000,228.3,0.6177909179,2
6000,228.35,0.6178008346,2
6000,228.4,0.6178107493,2
6000,228.45,0.6178206621,2
6000,228.5,0.6178305729,2
6000,228.55,0.6178404817,2
6000,228.6,0.6178503885,2
6000,228.65,0.6178602933,2
6000,228.7,0.6178701961,2
6000,228.75,0.617880097,2
6000,228.8,0.6178899959,2
6000,228.85,0.6178998928,2
6000,228.9,0.6179097877,2
6000,228.95,0.6179196806,2
6000,229,0.6179295716,2
6000,229.05,0.6179394606,2
6000,229.1,0.6179493476,2
6000,229.15,0.6179592326,2
6000,229.2,0.6179691157,2
6000,229.25,0.6179789968,2
6000,229.3,0.6179888759,2
6000,229.35,0.617998753,2
6000,229.4,0.6180086282,2
6000,229.45,0.6180185014,2
6000,229.5,0.6180283726,2
6000,229.55,0.6180382418,2
6000,229.6,0.618048109,2
6000,229.65,0.6180579743,2
6000,229.7,0.6180678376,2
6000,229.75,0.618077699,2
6000,229.8,0.6180875583,2
6000,229.85,0.6180974157,2
6000,229.9,0.6181072712,2
6000,229.95,0.6181171246,2
6000,230,0.6181269761,2
6000,230.05,0.6181368256,2
6000,230.1,0.6181466732,2
6000,230.15,0.6181565187,2
6000,230.2,0.6181663623,2
6000,230.25,0.618176204,2
6000,230.3,0.6181860436,2
6000,230.35,0.6181958813,2
6000,230.4,0.6182057171,2
6000,230.45,0.6182155508,2
6000,230.5,0.6182253826,2
6000,230.55,0.6182352125,2
6000,230.6,0.6182450403,2
6000,230.65,0.6182548662,2
6000,230.7,0.6182646902,2
6000,230.75,0.6182745121,2
6000,230.8,0.6182843321,2
6000,230.85,0.6182941502,2
6000,230.9,0.6183039663,2
6000,230.95,0.6183137804,2
6000,231,0.6183235925,2
6000,231.05,0.6183334027,2
6000,231.1,0.618343211,2
6000,231.15,0.6183530172,2
6000,231.2,0.6183628215,2
6000,231.25,0.6183726239,2
6000,231.3,0.6183824243,2
6000,231.35,0.6183922227,2
6000,231.4,0.6184020192,2
6000,231.45,0.6184118137,2
6000,231.5,0.6184216062,2
6000,231.55,0.6184313968,2
6000,231.6,0.6184411855,2
6000,231.65,0.6184509721,2
6000,231.7,0.6184607569,2
6000,231.75,0.6184705396,2
6000,231.8,0.6184803204,2
6000,231.85,0.6184900993,2
6000,231.9,0.6184998762,2
6000,231.95,0.6185096511,2
6000,232,0.6185194241,2
6000,232.05,0.6185291951,2
6000,232.1,0.6185389642,2
6000,232.15,0.6185487313,2
6000,232.2,0.6185584965,2
6000,232.25,0.6185682597,2
6000,232.3,0.618578021,2
6000,232.35,0.6185877803,2
6000,232.4,0.6185975377,2
6000,232.45,0.6186072931,2
6000,232.5,0.6186170465,2
6000,232.55,0.618626798,2
6000,232.6,0.6186365476,2
6000,232.65,0.6186462952,2
6000,232.7,0.6186560409,2
6000,232.75,0.6186657846,2
6000,232.8,0.6186755263,2
6000,232.85,0.6186852661,2
6000,232.9,0.618695004,2
6000,232.95,0.6187047399,2
6000,233,0.6187144739,2
6000,233.05,0.6187242059,2
6000,233.1,0.618733936,2
6000,233.15,0.6187436641,2
6000,233.2,0.6187533903,2
6000,233.25,0.6187631146,2
6000,233.3,0.6187728369,2
6000,233.35,0.6187825572,2
6000,233.4,0.6187922756,2
6000,233.45,0.6188019921,2
6000,233.5,0.6188117066,2
6000,233.55,0.6188214192,2
6000,233.6,0.6188311298,2
6000,233.65,0.6188408385,2
6000,233.7,0.6188505453,2
6000,233.75,0.6188602501,2
6000,233.8,0.618869953,2
6000,233.85,0.6188796539,2
6000,233.9,0.6188893529,2
6000,233.95,0.6188990499,2
6000,234,0.618908745,2
6000,234.05,0.6189184382,2
6000,234.1,0.6189281295,2
6000,234.15,0.6189378187,2
6000,234.2,0.6189475061,2
6000,234.25,0.6189571915,2
6000,234.3,0.618966875,2
6000,234.35,0.6189765566,2
6000,234.4,0.6189862362,2
6000,234.45,0.6189959139,2
6000,234.5,0.6190055896,2
6000,234.55,0.6190152634,2
6000,234.6,0.6190249353,2
6000,234.65,0.6190346052,2
6000,234.7,0.6190442732,2
6000,234.75,0.6190539393,2
6000,234.8,0.6190636034,2
6000,234.85,0.6190732656,2
6000,234.9,0.6190829259,2
6000,234.95,0.6190925843,2
6000,235,0.6191022407,2
6000,235.05,0.6191118951,2
6000,235.1,0.6191215477,2
6000,235.15,0.6191311983,2
6000,235.2,0.619140847,2
6000,235.25,0.6191504938,2
6000,235.3,0.6191601386,2
6000,235.35,0.6191697815,2
6000,235.4,0.6191794225,2
6000,235.45,0.6191890615,2
6000,235.5,0.6191986986,2
6000,235.55,0.6192083338,2
6000,235.6,0.6192179671,2
6000,235.65,0.6192275984,2
6000,235.7,0.6192372278,2
6000,235.75,0.6192468553,2
6000,235.8,0.6192564809,2
6000,235.85,0.6192661045,2
6000,235.9,0.6192757262,2
6000,235.95,0.619285346,2
6000,236,0.6192949638,2
6000,236.05,0.6193045798,2
6000,236.1,0.6193141938,2
6000,236.15,0.6193238059,2
6000,236.2,0.6193334161,2
6000,236.25,0.6193430243,2
6000,236.3,0.6193526306,2
6000,236.35,0.619362235,2
6000,236.4,0.6193718375,2
6000,236.45,0.6193814381,2
6000,236.5,0.6193910367,2
6000,236.55,0.6194006335,2
6000,236.6,0.6194102283,2
6000,236.65,0.6194198212,2
6000,236.7,0.6194294121,2
6000,236.75,0.6194390012,2
6000,236.8,0.6194485883,2
6000,236.85,0.6194581735,2
6000,236.9,0.6194677568,2
6000,236.95,0.6194773382,2
6000,237,0.6194869177,2
6000,237.05,0.6194964952,2
6000,237.1,0.6195060709,2
6000,237.15,0.6195156446,2
6000,237.2,0.6195252164,2
6000,237.25,0.6195347863,2
6000,237.3,0.6195443543,2
6000,237.35,0.6195539203,2
6000,237.4,0.6195634845,2
6000,237.45,0.6195730467,2
6000,237.5,0.619582607,2
6000,237.55,0.6195921655,2
6000,237.6,0.619601722,2
6000,237.65,0.6196112765,2
6000,237.7,0.6196208292,2
6000,237.75,0.61963038,2
6000,237.8,0.6196399289,2
6000,237.85,0.6196494758,2
6000,237.9,0.6196590209,2
6000,237.95,0.619668564,2
6000,238,0.6196781052,2
6000,238.05,0.6196876445,2
6000,238.1,0.6196971819,2
6000,238.15,0.6197067174,2
6000,238.2,0.619716251,2
6000,238.25,0.6197257827,2
6000,238.3,0.6197353125,2
6000,238.35,0.6197448404,2
6000,238.4,0.6197543664,2
6000,238.45,0.6197638904,2
6000,238.5,0.6197734126,2
6000,238.55,0.6197829328,2
6000,238.6,0.6197924512,2
6000,238.65,0.6198019677,2
6000,238.7,0.6198114822,2
6000,238.75,0.6198209948,2
6000,238.8,0.6198305056,2
6000,238.85,0.6198400144,2
6000,238.9,0.6198495214,2
6000,238.95,0.6198590264,2
6000,239,0.6198685295,2
6000,239.05,0.6198780308,2
6000,239.1,0.6198875301,2
6000,239.15,0.6198970276,2
6000,239.2,0.6199065231,2
6000,239.25,0.6199160167,2
6000,239.3,0.6199255085,2
6000,239.35,0.6199349983,2
6000,239.4,0.6199444863,2
6000,239.45,0.6199539723,2
6000,239.5,0.6199634564,2
6000,239.55,0.6199729387,2
6000,239.6,0.6199824191,2
6000,239.65,0.6199918975,2
6000,239.7,0.6200013741,2
6000,239.75,0.6200108488,2
6000,239.8,0.6200203215,2
6000,239.85,0.6200297924,2
6000,239.9,0.6200392614,2
6000,239.95,0.6200487285,2
6000,240,0.6200581937,2
6000,240.05,0.620067657,2
6000,240.1,0.6200771184,2
6000,240.15,0.6200865779,2
6000,240.2,0.6200960356,2
6000,240.25,0.6201054913,2
6000,240.3,0.6201149452,2
6000,240.35,0.6201243971,2
6000,240.4,0.6201338472,2
6000,240.45,0.6201432954,2
6000,240.5,0.6201527416,2
6000,240.55,0.620162186,2
6000,240.6,0.6201716286,2
6000,240.65,0.6201810692,2
6000,240.7,0.6201905079,2
6000,240.75,0.6201999448,2
6000,240.8,0.6202093797,2
6000,240.85,0.6202188128,2
6000,240.9,0.620228244,2
6000,240.95,0.6202376733,2
6000,241,0.6202471007,2
6000,241.05,0.6202565262,2
6000,241.1,0.6202659499,2
6000,241.15,0.6202753716,2
6000,241.2,0.6202847915,2
6000,241.25,0.6202942095,2
6000,241.3,0.6203036256,2
6000,241.35,0.6203130398,2
6000,241.4,0.6203224522,2
6000,241.45,0.6203318626,2
6000,241.5,0.6203412712,2
6000,241.55,0.6203506779,2
6000,241.6,0.6203600827,2
6000,241.65,0.6203694857,2
6000,241.7,0.6203788867,2
6000,241.75,0.6203882859,2
6000,241.8,0.6203976832,2
6000,241.85,0.6204070786,2
6000,241.9,0.6204164721,2
6000,241.95,0.6204258638,2
6000,242,0.6204352536,2
6000,242.05,0.6204446415,2
6000,242.1,0.6204540275,2
6000,242.15,0.6204634117,2
6000,242.2,0.6204727939,2
6000,242.25,0.6204821743,2
6000,242.3,0.6204915528,2
6000,242.35,0.6205009295,2
6000,242.4,0.6205103043,2
6000,242.45,0.6205196772,2
6000,242.5,0.6205290482,2
6000,242.55,0.6205384173,2
6000,242.6,0.6205477846,2
6000,242.65,0.62055715,2
6000,242.7,0.6205665135,2
6000,242.75,0.6205758752,2
6000,242.8,0.620585235,2
6000,242.85,0.6205945929,2
6000,242.9,0.6206039489,2
6000,242.95,0.6206133031,2
6000,243,0.6206226554,2
6000,243.05,0.6206320058,2
6000,243.1,0.6206413543,2
6000,243.15,0.620650701,2
6000,243.2,0.6206600459,2
6000,243.25,0.6206693888,2
6000,243.3,0.6206787299,2
6000,243.35,0.6206880691,2
6000,243.4,0.6206974064,2
6000,243.45,0.6207067419,2
6000,243.5,0.6207160755,2
6000,243.55,0.6207254073,2
6000,243.6,0.6207347371,2
6000,243.65,0.6207440652,2
6000,243.7,0.6207533913,2
6000,243.75,0.6207627156,2
6000,243.8,0.620772038,2
6000,243.85,0.6207813586,2
6000,243.9,0.6207906772,2
6000,243.95,0.6207999941,2
6000,244,0.620809309,2
6000,244.05,0.6208186221,2
6000,244.1,0.6208279334,2
6000,244.15,0.6208372427,2
6000,244.2,0.6208465503,2
6000,244.25,0.6208558559,2
6000,244.3,0.6208651597,2
6000,244.35,0.6208744616,2
6000,244.4,0.6208837617,2
6000,244.45,0.6208930599,2
6000,244.5,0.6209023563,2
6000,244.55,0.6209116508,2
6000,244.6,0.6209209434,2
6000,244.65,0.6209302342,2
6000,244.7,0.6209395231,2
6000,244.75,0.6209488101,2
6000,244.8,0.6209580953,2
6000,244.85,0.6209673787,2
6000,244.9,0.6209766602,2
6000,244.95,0.6209859398,2
6000,245,0.6209952176,2
6000,245.05,0.6210044935,2
6000,245.1,0.6210137676,2
6000,245.15,0.6210230398,2
6000,245.2,0.6210323101,2
6000,245.25,0.6210415786,2
6000,245.3,0.6210508453,2
6000,245.35,0.6210601101,2
6000,245.4,0.621069373,2
6000,245.45,0.6210786341,2
6000,245.5,0.6210878934,2
6000,245.55,0.6210971507,2
6000,245.6,0.6211064063,2
6000,245.65,0.62111566,2
6000,245.7,0.6211249118,2
6000,245.75,0.6211341618,2
6000,245.8,0.6211434099,2
6000,245.85,0.6211526562,2
6000,245.9,0.6211619006,2
6000,245.95,0.6211711432,2
6000,246,0.621180384,2
6000,246.05,0.6211896229,2
6000,246.1,0.6211988599,2
6000,246.15,0.6212080951,2
6000,246.2,0.6212173285,2
6000,246.25,0.62122656,2
6000,246.3,0.6212357896,2
6000,246.35,0.6212450174,2
6000,246.4,0.6212542434,2
6000,246.45,0.6212634675,2
6000,246.5,0.6212726898,2
6000,246.55,0.6212819102,2
6000,246.6,0.6212911288,2
6000,246.65,0.6213003456,2
6000,246.7,0.6213095605,2
6000,246.75,0.6213187735,2
6000,246.8,0.6213279847,2
6000,246.85,0.6213371941,2
6000,246.9,0.6213464016,2
6000,246.95,0.6213556073,2
6000,247,0.6213648112,2
6000,247.05,0.6213740132,2
6000,247.1,0.6213832134,2
6000,247.15,0.6213924117,2
6000,247.2,0.6214016082,2
6000,247.25,0.6214108028,2
6000,247.3,0.6214199957,2
6000,247.35,0.6214291866,2
6000,247.4,0.6214383758,2
6000,247.45,0.6214475631,2
6000,247.5,0.6214567485,2
6000,247.55,0.6214659321,2
6000,247.6,0.6214751139,2
6000,247.65,0.6214842939,2
6000,247.7,0.621493472,2
6000,247.75,0.6215026483,2
6000,247.8,0.6215118227,2
6000,247.85,0.6215209953,2
6000,247.9,0.6215301661,2
6000,247.95,0.6215393351,2
6000,248,0.6215485022,2
6000,248.05,0.6215576674,2
6000,248.1,0.6215668309,2
6000,248.15,0.6215759925,2
6000,248.2,0.6215851523,2
6000,248.25,0.6215943102,2
6000,248.3,0.6216034663,2
6000,248.35,0.6216126206,2
6000,248.4,0.6216217731,2
6000,248.45,0.6216309237,2
6000,248.5,0.6216400725,2
6000,248.55,0.6216492194,2
6000,248.6,0.6216583646,2
6000,248.65,0.6216675079,2
6000,248.7,0.6216766494,2
6000,248.75,0.621685789,2
6000,248.8,0.6216949268,2
6000,248.85,0.6217040628,2
6000,248.9,0.621713197,2
6000,248.95,0.6217223293,2
6000,249,0.6217314598,2
6000,249.05,0.6217405885,2
6000,249.1,0.6217497154,2
6000,249.15,0.6217588404,2
6000,249.2,0.6217679636,2
6000,249.25,0.621777085,2
6000,249.3,0.6217862046,2
6000,249.35,0.6217953223,2
6000,249.4,0.6218044382,2
6000,249.45,0.6218135523,2
6000,249.5,0.6218226646,2
6000,249.55,0.6218317751,2
6000,249.6,0.6218408837,2
6000,249.65,0.6218499905,2
6000,249.7,0.6218590955,2
6000,249.75,0.6218681986,2
6000,249.8,0.6218773,2
6000,249.85,0.6218863995,2
6000,249.9,0.6218954972,2
6000,249.95,0.6219045931,2
6000,250,0.6219136872,2
6000,250.05,0.6219227794,2
6000,250.1,0.6219318698,2
6000,250.15,0.6219409584,2
6000,250.2,0.6219500452,2
6000,250.25,0.6219591302,2
6000,250.3,0.6219682134,2
6000,250.35,0.6219772947,2
6000,250.4,0.6219863742,2
6000,250.45,0.6219954519,2
6000,250.5,0.6220045278,2
6000,250.55,0.6220136019,2
6000,250.6,0.6220226742,2
6000,250.65,0.6220317446,2
6000,250.7,0.6220408133,2
6000,250.75,0.6220498801,2
6000,250.8,0.6220589451,2
6000,250.85,0.6220680083,2
6000,250.9,0.6220770697,2
6000,250.95,0.6220861293,2
6000,251,0.622095187,2
6000,251.05,0.622104243,2
6000,251.1,0.6221132971,2
6000,251.15,0.6221223494,2
6000,251.2,0.6221313999,2
6000,251.25,0.6221404487,2
6000,251.3,0.6221494956,2
6000,251.35,0.6221585406,2
6000,251.4,0.6221675839,2
6000,251.45,0.6221766254,2
6000,251.5,0.6221856651,2
6000,251.55,0.6221947029,2
6000,251.6,0.622203739,2
6000,251.65,0.6222127732,2
6000,251.7,0.6222218056,2
6000,251.75,0.6222308363,2
6000,251.8,0.6222398651,2
6000,251.85,0.6222488921,2
6000,251.9,0.6222579173,2
6000,251.95,0.6222669407,2
6000,252,0.6222759623,2
6000,252.05,0.6222849821,2
6000,252.1,0.6222940001,2
6000,252.15,0.6223030163,2
6000,252.2,0.6223120307,2
6000,252.25,0.6223210433,2
6000,252.3,0.6223300541,2
6000,252.35,0.622339063,2
6000,252.4,0.6223480702,2
6000,252.45,0.6223570756,2
6000,252.5,0.6223660792,2
6000,252.55,0.6223750809,2
6000,252.6,0.6223840809,2
6000,252.65,0.6223930791,2
6000,252.7,0.6224020755,2
6000,252.75,0.6224110701,2
6000,252.8,0.6224200628,2
6000,252.85,0.6224290538,2
6000,252.9,0.622438043,2
6000,252.95,0.6224470304,2
6000,253,0.622456016,2
6000,253.05,0.6224649998,2
6000,253.1,0.6224739818,2
6000,253.15,0.622482962,2
6000,253.2,0.6224919404,2
6000,253.25,0.622500917,2
6000,253.3,0.6225098918,2
6000,253.35,0.6225188648,2
6000,253.4,0.622527836,2
6000,253.45,0.6225368054,2
6000,253.5,0.6225457731,2
6000,253.55,0.6225547389,2
6000,253.6,0.622563703,2
6000,253.65,0.6225726652,2
6000,253.7,0.6225816257,2
6000,253.75,0.6225905844,2
6000,253.8,0.6225995412,2
6000,253.85,0.6226084963,2
6000,253.9,0.6226174496,2
6000,253.95,0.6226264011,2
6000,254,0.6226353508,2
6000,254.05,0.6226442988,2
6000,254.1,0.6226532449,2
6000,254.15,0.6226621893,2
6000,254.2,0.6226711318,2
6000,254.25,0.6226800726,2
6000,254.3,0.6226890116,2
6000,254.35,0.6226979488,2
6000,254.4,0.6227068842,2
6000,254.45,0.6227158178,2
6000,254.5,0.6227247496,2
6000,254.55,0.6227336797,2
6000,254.6,0.622742608,2
6000,254.65,0.6227515344,2
6000,254.7,0.6227604591,2
6000,254.75,0.622769382,2
6000,254.8,0.6227783032,2
6000,254.85,0.6227872225,2
6000,254.9,0.6227961401,2
6000,254.95,0.6228050558,2
6000,255,0.6228139698,2
6000,255.05,0.622822882,2
6000,255.1,0.6228317924,2
6000,255.15,0.6228407011,2
6000,255.2,0.6228496079,2
6000,255.25,0.622858513,2
6000,255.3,0.6228674163,2
6000,255.35,0.6228763178,2
6000,255.4,0.6228852176,2
6000,255.45,0.6228941155,2
6000,255.5,0.6229030117,2
6000,255.55,0.6229119061,2
6000,255.6,0.6229207987,2
6000,255.65,0.6229296896,2
6000,255.7,0.6229385787,2
6000,255.75,0.6229474659,2
6000,255.8,0.6229563515,2
6000,255.85,0.6229652352,2
6000,255.9,0.6229741171,2
6000,255.95,0.6229829973,2
6000,256,0.6229918757,2
6000,256.05,0.6230007524,2
6000,256.1,0.6230096272,2
6000,256.15,0.6230185003,2
6000,256.2,0.6230273716,2
6000,256.25,0.6230362411,2
6000,256.3,0.6230451089,2
6000,256.35,0.6230539749,2
6000,256.4,0.6230628391,2
6000,256.45,0.6230717015,2
6000,256.5,0.6230805622,2
6000,256.55,0.6230894211,2
6000,256.6,0.6230982782,2
6000,256.65,0.6231071336,2
6000,256.7,0.6231159871,2
6000,256.75,0.6231248389,2
6000,256.8,0.623133689,2
6000,256.85,0.6231425373,2
6000,256.9,0.6231513838,2
6000,256.95,0.6231602285,2
6000,257,0.6231690714,2
6000,257.05,0.6231779126,2
6000,257.1,0.6231867521,2
6000,257.15,0.6231955897,2
6000,257.2,0.6232044256,2
6000,257.25,0.6232132597,2
6000,257.3,0.6232220921,2
6000,257.35,0.6232309227,2
6000,257.4,0.6232397515,2
6000,257.45,0.6232485786,2
6000,257.5,0.6232574039,2
6000,257.55,0.6232662274,2
6000,257.6,0.6232750492,2
6000,257.65,0.6232838692,2
6000,257.7,0.6232926874,2
6000,257.75,0.6233015039,2
6000,257.8,0.6233103186,2
6000,257.85,0.6233191315,2
6000,257.9,0.6233279427,2
6000,257.95,0.6233367521,2
6000,258,0.6233455598,2
6000,258.05,0.6233543657,2
6000,258.1,0.6233631698,2
6000,258.15,0.6233719722,2
6000,258.2,0.6233807728,2
6000,258.25,0.6233895717,2
6000,258.3,0.6233983688,2
6000,258.35,0.6234071641,2
6000,258.4,0.6234159577,2
6000,258.45,0.6234247495,2
6000,258.5,0.6234335396,2
6000,258.55,0.6234423279,2
6000,258.6,0.6234511144,2
6000,258.65,0.6234598992,2
6000,258.7,0.6234686823,2
6000,258.75,0.6234774636,2
6000,258.8,0.6234862431,2
6000,258.85,0.6234950208,2
6000,258.9,0.6235037968,2
6000,258.95,0.6235125711,2
6000,259,0.6235213436,2
6000,259.05,0.6235301144,2
6000,259.1,0.6235388833,2
6000,259.15,0.6235476506,2
6000,259.2,0.6235564161,2
6000,259.25,0.6235651798,2
6000,259.3,0.6235739418,2
6000,259.35,0.623582702,2
6000,259.4,0.6235914605,2
6000,259.45,0.6236002172,2
6000,259.5,0.6236089722,2
6000,259.55,0.6236177254,2
6000,259.6,0.6236264769,2
6000,259.65,0.6236352266,2
6000,259.7,0.6236439746,2
6000,259.75,0.6236527208,2
6000,259.8,0.6236614653,2
6000,259.85,0.623670208,2
6000,259.9,0.623678949,2
6000,259.95,0.6236876882,2
6000,260,0.6236964257,2
6000,260.05,0.6237051614,2
6000,260.1,0.6237138954,2
6000,260.15,0.6237226276,2
6000,260.2,0.6237313581,2
6000,260.25,0.6237400869,2
6000,260.3,0.6237488139,2
6000,260.35,0.6237575391,2
6000,260.4,0.6237662627,2
6000,260.45,0.6237749844,2
6000,260.5,0.6237837044,2
6000,260.55,0.6237924227,2
6000,260.6,0.6238011393,2
6000,260.65,0.6238098541,2
6000,260.7,0.6238185671,2
6000,260.75,0.6238272784,2
6000,260.8,0.623835988,2
6000,260.85,0.6238446958,2
6000,260.9,0.6238534019,2
6000,260.95,0.6238621062,2
6000,261,0.6238708088,2
6000,261.05,0.6238795097,2
6000,261.1,0.6238882088,2
6000,261.15,0.6238969062,2
6000,261.2,0.6239056018,2
6000,261.25,0.6239142957,2
6000,261.3,0.6239229879,2
6000,261.35,0.6239316783,2
6000,261.4,0.623940367,2
6000,261.45,0.623949054,2
6000,261.5,0.6239577392,2
6000,261.55,0.6239664226,2
6000,261.6,0.6239751044,2
6000,261.65,0.6239837844,2
6000,261.7,0.6239924627,2
6000,261.75,0.6240011392,2
6000,261.8,0.624009814,2
6000,261.85,0.6240184871,2
6000,261.9,0.6240271584,2
6000,261.95,0.624035828,2
6000,262,0.6240444958,2
6000,262.05,0.624053162,2
6000,262.1,0.6240618264,2
6000,262.15,0.624070489,2
6000,262.2,0.6240791499,2
6000,262.25,0.6240878091,2
6000,262.3,0.6240964666,2
6000,262.35,0.6241051223,2
6000,262.4,0.6241137763,2
6000,262.45,0.6241224286,2
6000,262.5,0.6241310792,2
6000,262.55,0.624139728,2
6000,262.6,0.624148375,2
6000,262.65,0.6241570204,2
6000,262.7,0.624165664,2
6000,262.75,0.6241743059,2
6000,262.8,0.6241829461,2
6000,262.85,0.6241915845,2
6000,262.9,0.6242002212,2
6000,262.95,0.6242088562,2
6000,263,0.6242174895,2
6000,263.05,0.624226121,2
6000,263.1,0.6242347508,2
6000,263.15,0.6242433789,2
6000,263.2,0.6242520052,2
6000,263.25,0.6242606299,2
6000,263.3,0.6242692528,2
6000,263.35,0.624277874,2
6000,263.4,0.6242864934,2
6000,263.45,0.6242951111,2
6000,263.5,0.6243037272,2
6000,263.55,0.6243123414,2
6000,263.6,0.624320954,2
6000,263.65,0.6243295648,2
6000,263.7,0.624338174,2
6000,263.75,0.6243467814,2
6000,263.8,0.624355387,2
6000,263.85,0.624363991,2
6000,263.9,0.6243725932,2
6000,263.95,0.6243811937,2
6000,264,0.6243897925,2
6000,264.05,0.6243983896,2
6000,264.1,0.624406985,2
6000,264.15,0.6244155786,2
6000,264.2,0.6244241705,2
6000,264.25,0.6244327607,2
6000,264.3,0.6244413492,2
6000,264.35,0.624449936,2
6000,264.4,0.624458521,2
6000,264.45,0.6244671043,2
6000,264.5,0.6244756859,2
6000,264.55,0.6244842658,2
6000,264.6,0.624492844,2
6000,264.65,0.6245014205,2
6000,264.7,0.6245099952,2
6000,264.75,0.6245185683,2
6000,264.8,0.6245271396,2
6000,264.85,0.6245357092,2
6000,264.9,0.6245442771,2
6000,264.95,0.6245528433,2
6000,265,0.6245614078,2
6000,265.05,0.6245699705,2
6000,265.1,0.6245785315,2
6000,265.15,0.6245870909,2
6000,265.2,0.6245956485,2
6000,265.25,0.6246042044,2
6000,265.3,0.6246127586,2
6000,265.35,0.6246213111,2
6000,265.4,0.6246298619,2
6000,265.45,0.6246384109,2
6000,265.5,0.6246469583,2
6000,265.55,0.6246555039,2
6000,265.6,0.6246640479,2
6000,265.65,0.6246725901,2
6000,265.7,0.6246811306,2
6000,265.75,0.6246896694,2
6000,265.8,0.6246982065,2
6000,265.85,0.6247067419,2
6000,265.9,0.6247152756,2
6000,265.95,0.6247238076,2
6000,266,0.6247323379,2
6000,266.05,0.6247408665,2
6000,266.1,0.6247493933,2
6000,266.15,0.6247579185,2
6000,266.2,0.6247664419,2
6000,266.25,0.6247749637,2
6000,266.3,0.6247834837,2
6000,266.35,0.6247920021,2
6000,266.4,0.6248005187,2
6000,266.45,0.6248090337,2
6000,266.5,0.6248175469,2
6000,266.55,0.6248260584,2
6000,266.6,0.6248345683,2
6000,266.65,0.6248430764,2
6000,266.7,0.6248515828,2
6000,266.75,0.6248600875,2
6000,266.8,0.6248685906,2
6000,266.85,0.6248770919,2
6000,266.9,0.6248855915,2
6000,266.95,0.6248940894,2
6000,267,0.6249025857,2
6000,267.05,0.6249110802,2
6000,267.1,0.624919573,2
6000,267.15,0.6249280641,2
6000,267.2,0.6249365536,2
6000,267.25,0.6249450413,2
6000,267.3,0.6249535273,2
6000,267.35,0.6249620117,2
6000,267.4,0.6249704943,2
6000,267.45,0.6249789753,2
6000,267.5,0.6249874545,2
6000,267.55,0.6249959321,2
6000,267.6,0.6250044079,2
6000,267.65,0.6250128821,2
6000,267.7,0.6250213546,2
6000,267.75,0.6250298253,2
6000,267.8,0.6250382944,2
6000,267.85,0.6250467618,2
6000,267.9,0.6250552275,2
6000,267.95,0.6250636915,2
6000,268,0.6250721538,2
6000,268.05,0.6250806144,2
6000,268.1,0.6250890733,2
6000,268.15,0.6250975306,2
6000,268.2,0.6251059861,2
6000,268.25,0.62511444,2
6000,268.3,0.6251228921,2
6000,268.35,0.6251313426,2
6000,268.4,0.6251397914,2
6000,268.45,0.6251482385,2
6000,268.5,0.6251566839,2
6000,268.55,0.6251651276,2
6000,268.6,0.6251735696,2
6000,268.65,0.6251820099,2
6000,268.7,0.6251904486,2
6000,268.75,0.6251988855,2
6000,268.8,0.6252073208,2
6000,268.85,0.6252157544,2
6000,268.9,0.6252241863,2
6000,268.95,0.6252326165,2
6000,269,0.625241045,2
6000,269.05,0.6252494719,2
6000,269.1,0.625257897,2
6000,269.15,0.6252663205,2
6000,269.2,0.6252747423,2
6000,269.25,0.6252831624,2
6000,269.3,0.6252915808,2
6000,269.35,0.6252999975,2
6000,269.4,0.6253084126,2
6000,269.45,0.6253168259,2
6000,269.5,0.6253252376,2
6000,269.55,0.6253336476,2
6000,269.6,0.625342056,2
6000,269.65,0.6253504626,2
6000,269.7,0.6253588676,2
6000,269.75,0.6253672708,2
6000,269.8,0.6253756724,2
6000,269.85,0.6253840724,2
6000,269.9,0.6253924706,2
6000,269.95,0.6254008672,2
6000,270,0.625409262,2
6000,270.05,0.6254176552,2
6000,270.1,0.6254260468,2
6000,270.15,0.6254344366,2
6000,270.2,0.6254428248,2
6000,270.25,0.6254512113,2
6000,270.3,0.6254595961,2
6000,270.35,0.6254679792,2
6000,270.4,0.6254763607,2
6000,270.45,0.6254847404,2
6000,270.5,0.6254931185,2
6000,270.55,0.625501495,2
6000,270.6,0.6255098697,2
6000,270.65,0.6255182428,2
6000,270.7,0.6255266142,2
6000,270.75,0.625534984,2
6000,270.8,0.625543352,2
6000,270.85,0.6255517184,2
6000,270.9,0.6255600831,2
6000,270.95,0.6255684461,2
6000,271,0.6255768075,2
6000,271.05,0.6255851672,2
6000,271.1,0.6255935252,2
6000,271.15,0.6256018816,2
6000,271.2,0.6256102363,2
6000,271.25,0.6256185893,2
6000,271.3,0.6256269406,2
6000,271.35,0.6256352903,2
6000,271.4,0.6256436383,2
6000,271.45,0.6256519846,2
6000,271.5,0.6256603293,2
6000,271.55,0.6256686723,2
6000,271.6,0.6256770136,2
6000,271.65,0.6256853532,2
6000,271.7,0.6256936912,2
6000,271.75,0.6257020276,2
6000,271.8,0.6257103622,2
6000,271.85,0.6257186952,2
6000,271.9,0.6257270265,2
6000,271.95,0.6257353562,2
6000,272,0.6257436842,2
6000,272.05,0.6257520105,2
6000,272.1,0.6257603351,2
6000,272.15,0.6257686581,2
6000,272.2,0.6257769795,2
6000,272.25,0.6257852991,2
6000,272.3,0.6257936171,2
6000,272.35,0.6258019335,2
6000,272.4,0.6258102481,2
6000,272.45,0.6258185611,2
6000,272.5,0.6258268725,2
6000,272.55,0.6258351822,2
6000,272.6,0.6258434902,2
6000,272.65,0.6258517966,2
6000,272.7,0.6258601013,2
6000,272.75,0.6258684043,2
6000,272.8,0.6258767057,2
6000,272.85,0.6258850054,2
6000,272.9,0.6258933035,2
6000,272.95,0.6259015999,2
6000,273,0.6259098946,2
6000,273.05,0.6259181877,2
6000,273.1,0.6259264791,2
6000,273.15,0.6259347689,2
6000,273.2,0.625943057,2
6000,273.25,0.6259513435,2
6000,273.3,0.6259596283,2
6000,273.35,0.6259679114,2
6000,273.4,0.6259761929,2
6000,273.45,0.6259844727,2
6000,273.5,0.6259927509,2
6000,273.55,0.6260010274,2
6000,273.6,0.6260093022,2
6000,273.65,0.6260175755,2
6000,273.7,0.626025847,2
6000,273.75,0.6260341169,2
6000,273.8,0.6260423851,2
6000,273.85,0.6260506517,2
6000,273.9,0.6260589167,2
6000,273.95,0.6260671799,2
6000,274,0.6260754416,2
6000,274.05,0.6260837016,2
6000,274.1,0.6260919599,2
6000,274.15,0.6261002166,2
6000,274.2,0.6261084716,2
6000,274.25,0.626116725,2
6000,274.3,0.6261249767,2
6000,274.35,0.6261332267,2
6000,274.4,0.6261414752,2
6000,274.45,0.6261497219,2
6000,274.5,0.6261579671,2
6000,274.55,0.6261662105,2
6000,274.6,0.6261744524,2
6000,274.65,0.6261826925,2
6000,274.7,0.6261909311,2
6000,274.75,0.626199168,2
6000,274.8,0.6262074032,2
6000,274.85,0.6262156368,2
6000,274.9,0.6262238687,2
6000,274.95,0.626232099,2
6000,275,0.6262403277,2
6000,275.05,0.6262485547,2
6000,275.1,0.62625678,2
6000,275.15,0.6262650037,2
6000,275.2,0.6262732258,2
6000,275.25,0.6262814462,2
6000,275.3,0.626289665,2
6000,275.35,0.6262978822,2
6000,275.4,0.6263060977,2
6000,275.45,0.6263143115,2
6000,275.5,0.6263225237,2
6000,275.55,0.6263307343,2
6000,275.6,0.6263389432,2
6000,275.65,0.6263471505,2
6000,275.7,0.6263553561,2
6000,275.75,0.6263635601,2
6000,275.8,0.6263717625,2
6000,275.85,0.6263799632,2
6000,275.9,0.6263881623,2
6000,275.95,0.6263963597,2
6000,276,0.6264045555,2
6000,276.05,0.6264127497,2
6000,276.1,0.6264209422,2
6000,276.15,0.6264291331,2
6000,276.2,0.6264373223,2
6000,276.25,0.62644551,2
6000,276.3,0.6264536959,2
6000,276.35,0.6264618803,2
6000,276.4,0.626470063,2
6000,276.45,0.626478244,2
6000,276.5,0.6264864234,2
6000,276.55,0.6264946012,2
6000,276.6,0.6265027774,2
6000,276.65,0.6265109519,2
6000,276.7,0.6265191248,2
6000,276.75,0.626527296,2
6000,276.8,0.6265354657,2
6000,276.85,0.6265436336,2
6000,276.9,0.6265518,2
6000,276.95,0.6265599647,2
6000,277,0.6265681278,2
6000,277.05,0.6265762892,2
6000,277.1,0.6265844491,2
6000,277.15,0.6265926072,2
6000,277.2,0.6266007638,2
6000,277.25,0.6266089187,2
6000,277.3,0.626617072,2
6000,277.35,0.6266252237,2
6000,277.4,0.6266333737,2
6000,277.45,0.6266415221,2
6000,277.5,0.6266496689,2
6000,277.55,0.626657814,2
6000,277.6,0.6266659576,2
6000,277.65,0.6266740994,2
6000,277.7,0.6266822397,2
6000,277.75,0.6266903783,2
6000,277.8,0.6266985153,2
6000,277.85,0.6267066507,2
6000,277.9,0.6267147845,2
6000,277.95,0.6267229166,2
6000,278,0.6267310471,2
6000,278.05,0.6267391759,2
6000,278.1,0.6267473032,2
6000,278.15,0.6267554288,2
6000,278.2,0.6267635528,2
6000,278.25,0.6267716752,2
6000,278.3,0.6267797959,2
6000,278.35,0.626787915,2
6000,278.4,0.6267960325,2
6000,278.45,0.6268041484,2
6000,278.5,0.6268122627,2
6000,278.55,0.6268203753,2
6000,278.6,0.6268284863,2
6000,278.65,0.6268365957,2
6000,278.7,0.6268447034,2
6000,278.75,0.6268528096,2
6000,278.8,0.6268609141,2
6000,278.85,0.626869017,2
6000,278.9,0.6268771183,2
6000,278.95,0.6268852179,2
6000,279,0.626893316,2
6000,279.05,0.6269014124,2
6000,279.1,0.6269095072,2
6000,279.15,0.6269176004,2
6000,279.2,0.6269256919,2
6000,279.25,0.6269337819,2
6000,279.3,0.6269418702,2
6000,279.35,0.6269499569,2
6000,279.4,0.626958042,2
6000,279.45,0.6269661255,2
6000,279.5,0.6269742074,2
6000,279.55,0.6269822876,2
6000,279.6,0.6269903662,2
6000,279.65,0.6269984432,2
6000,279.7,0.6270065186,2
6000,279.75,0.6270145924,2
6000,279.8,0.6270226646,2
6000,279.85,0.6270307351,2
6000,279.9,0.6270388041,2
6000,279.95,0.6270468714,2
6000,280,0.6270549371,2
6000,280.05,0.6270630012,2
6000,280.1,0.6270710637,2
6000,280.15,0.6270791246,2
6000,280.2,0.6270871838,2
6000,280.25,0.6270952415,2
6000,280.3,0.6271032975,2
6000,280.35,0.6271113519,2
6000,280.4,0.6271194048,2
6000,280.45,0.627127456,2
6000,280.5,0.6271355056,2
6000,280.55,0.6271435535,2
6000,280.6,0.6271515999,2
6000,280.65,0.6271596447,2
6000,280.7,0.6271676878,2
6000,280.75,0.6271757294,2
6000,280.8,0.6271837693,2
6000,280.85,0.6271918077,2
6000,280.9,0.6271998444,2
6000,280.95,0.6272078795,2
6000,281,0.627215913,2
6000,281.05,0.6272239449,2
6000,281.1,0.6272319752,2
6000,281.15,0.6272400039,2
6000,281.2,0.627248031,2
6000,281.25,0.6272560565,2
6000,281.3,0.6272640804,2
6000,281.35,0.6272721027,2
6000,281.4,0.6272801233,2
6000,281.45,0.6272881424,2
6000,281.5,0.6272961599,2
6000,281.55,0.6273041757,2
6000,281.6,0.62731219,2
6000,281.65,0.6273202026,2
6000,281.7,0.6273282137,2
6000,281.75,0.6273362231,2
6000,281.8,0.627344231,2
6000,281.85,0.6273522372,2
6000,281.9,0.6273602419,2
6000,281.95,0.6273682449,2
6000,282,0.6273762464,2
6000,282.05,0.6273842462,2
6000,282.1,0.6273922444,2
6000,282.15,0.6274002411,2
6000,282.2,0.6274082361,2
6000,282.25,0.6274162296,2
6000,282.3,0.6274242214,2
6000,282.35,0.6274322117,2
6000,282.4,0.6274402003,2
6000,282.45,0.6274481874,2
6000,282.5,0.6274561728,2
6000,282.55,0.6274641567,2
6000,282.6,0.627472139,2
6000,282.65,0.6274801196,2
6000,282.7,0.6274880987,2
6000,282.75,0.6274960762,2
6000,282.8,0.627504052,2
6000,282.85,0.6275120263,2
6000,282.9,0.627519999,2
6000,282.95,0.6275279701,2
6000,283,0.6275359396,2
6000,283.05,0.6275439075,2
6000,283.1,0.6275518738,2
6000,283.15,0.6275598386,2
6000,283.2,0.6275678017,2
6000,283.25,0.6275757632,2
6000,283.3,0.6275837232,2
6000,283.35,0.6275916815,2
6000,283.4,0.6275996383,2
6000,283.45,0.6276075934,2
6000,283.5,0.627615547,2
6000,283.55,0.627623499,2
6000,283.6,0.6276314494,2
6000,283.65,0.6276393982,2
6000,283.7,0.6276473454,2
6000,283.75,0.6276552911,2
6000,283.8,0.6276632351,2
6000,283.85,0.6276711776,2
6000,283.9,0.6276791184,2
6000,283.95,0.6276870577,2
6000,284,0.6276949954,2
6000,284.05,0.6277029315,2
6000,284.1,0.627710866,2
6000,284.15,0.6277187989,2
6000,284.2,0.6277267303,2
6000,284.25,0.62773466,2
6000,284.3,0.6277425882,2
6000,284.35,0.6277505148,2
6000,284.4,0.6277584398,2
6000,284.45,0.6277663632,2
6000,284.5,0.627774285,2
6000,284.55,0.6277822052,2
6000,284.6,0.6277901239,2
6000,284.65,0.627798041,2
6000,284.7,0.6278059565,2
6000,284.75,0.6278138704,2
6000,284.8,0.6278217827,2
6000,284.85,0.6278296934,2
6000,284.9,0.6278376026,2
6000,284.95,0.6278455102,2
6000,285,0.6278534162,2
6000,285.05,0.6278613206,2
6000,285.1,0.6278692234,2
6000,285.15,0.6278771247,2
6000,285.2,0.6278850244,2
6000,285.25,0.6278929225,2
6000,285.3,0.627900819,2
6000,285.35,0.6279087139,2
6000,285.4,0.6279166073,2
6000,285.45,0.6279244991,2
6000,285.5,0.6279323893,2
6000,285.55,0.6279402779,2
6000,285.6,0.627948165,2
6000,285.65,0.6279560504,2
6000,285.7,0.6279639343,2
6000,285.75,0.6279718166,2
6000,285.8,0.6279796974,2
6000,285.85,0.6279875765,2
6000,285.9,0.6279954541,2
6000,285.95,0.6280033301,2
6000,286,0.6280112046,2
6000,286.05,0.6280190775,2
6000,286.1,0.6280269487,2
6000,286.15,0.6280348185,2
6000,286.2,0.6280426866,2
6000,286.25,0.6280505532,2
6000,286.3,0.6280584182,2
6000,286.35,0.6280662816,2
6000,286.4,0.6280741434,2
6000,286.45,0.6280820037,2
6000,286.5,0.6280898624,2
6000,286.55,0.6280977196,2
6000,286.6,0.6281055751,2
6000,286.65,0.6281134291,2
6000,286.7,0.6281212815,2
6000,286.75,0.6281291324,2
6000,286.8,0.6281369817,2
6000,286.85,0.6281448294,2
6000,286.9,0.6281526755,2
6000,286.95,0.6281605201,2
6000,287,0.6281683631,2
6000,287.05,0.6281762045,2
6000,287.1,0.6281840444,2
6000,287.15,0.6281918827,2
6000,287.2,0.6281997194,2
6000,287.25,0.6282075546,2
6000,287.3,0.6282153882,2
6000,287.35,0.6282232202,2
6000,287.4,0.6282310507,2
6000,287.45,0.6282388796,2
6000,287.5,0.6282467069,2
6000,287.55,0.6282545327,2
6000,287.6,0.6282623569,2
6000,287.65,0.6282701795,2
6000,287.7,0.6282780006,2
6000,287.75,0.6282858201,2
6000,287.8,0.6282936381,2
6000,287.85,0.6283014544,2
6000,287.9,0.6283092693,2
6000,287.95,0.6283170825,2
6000,288,0.6283248942,2
6000,288.05,0.6283327043,2
6000,288.1,0.6283405129,2
6000,288.15,0.6283483199,2
6000,288.2,0.6283561254,2
6000,288.25,0.6283639293,2
6000,288.3,0.6283717316,2
6000,288.35,0.6283795324,2
6000,288.4,0.6283873316,2
6000,288.45,0.6283951292,2
6000,288.5,0.6284029253,2
6000,288.55,0.6284107198,2
6000,288.6,0.6284185128,2
6000,288.65,0.6284263042,2
6000,288.7,0.6284340941,2
6000,288.75,0.6284418823,2
6000,288.8,0.6284496691,2
6000,288.85,0.6284574543,2
6000,288.9,0.6284652379,2
6000,288.95,0.62847302,2
6000,289,0.6284808005,2
6000,289.05,0.6284885794,2
6000,289.1,0.6284963568,2
6000,289.15,0.6285041327,2
6000,289.2,0.628511907,2
6000,289.25,0.6285196797,2
6000,289.3,0.6285274509,2
6000,289.35,0.6285352205,2
6000,289.4,0.6285429886,2
6000,289.45,0.6285507551,2
6000,289.5,0.62855852,2
6000,289.55,0.6285662835,2
6000,289.6,0.6285740453,2
6000,289.65,0.6285818056,2
6000,289.7,0.6285895644,2
6000,289.75,0.6285973216,2
6000,289.8,0.6286050772,2
6000,289.85,0.6286128313,2
6000,289.9,0.6286205839,2
6000,289.95,0.6286283349,2
6000,290,0.6286360843,2
6000,290.05,0.6286438322,2
6000,290.1,0.6286515786,2
6000,290.15,0.6286593234,2
6000,290.2,0.6286670666,2
6000,290.25,0.6286748083,2
6000,290.3,0.6286825485,2
6000,290.35,0.6286902871,2
6000,290.4,0.6286980242,2
6000,290.45,0.6287057597,2
6000,290.5,0.6287134937,2
6000,290.55,0.6287212261,2
6000,290.6,0.628728957,2
6000,290.65,0.6287366863,2
6000,290.7,0.6287444141,2
6000,290.75,0.6287521403,2
6000,290.8,0.628759865,2
6000,290.85,0.6287675881,2
6000,290.9,0.6287753097,2
6000,290.95,0.6287830298,2
6000,291,0.6287907483,2
6000,291.05,0.6287984653,2
6000,291.1,0.6288061807,2
6000,291.15,0.6288138946,2
6000,291.2,0.6288216069,2
6000,291.25,0.6288293177,2
6000,291.3,0.628837027,2
6000,291.35,0.6288447347,2
6000,291.4,0.6288524409,2
6000,291.45,0.6288601455,2
6000,291.5,0.6288678486,2
6000,291.55,0.6288755502,2
6000,291.6,0.6288832502,2
6000,291.65,0.6288909487,2
6000,291.7,0.6288986456,2
6000,291.75,0.628906341,2
6000,291.8,0.6289140348,2
6000,291.85,0.6289217271,2
6000,291.9,0.6289294179,2
6000,291.95,0.6289371072,2
6000,292,0.6289447949,2
6000,292.05,0.628952481,2
6000,292.1,0.6289601657,2
6000,292.15,0.6289678488,2
6000,292.2,0.6289755303,2
6000,292.25,0.6289832103,2
6000,292.3,0.6289908888,2
6000,292.35,0.6289985658,2
6000,292.4,0.6290062412,2
6000,292.45,0.629013915,2
6000,292.5,0.6290215874,2
6000,292.55,0.6290292582,2
6000,292.6,0.6290369275,2
6000,292.65,0.6290445952,2
6000,292.7,0.6290522614,2
6000,292.75,0.6290599261,2
6000,292.8,0.6290675892,2
6000,292.85,0.6290752508,2
6000,292.9,0.6290829109,2
6000,292.95,0.6290905695,2
6000,293,0.6290982265,2
6000,293.05,0.6291058819,2
6000,293.1,0.6291135359,2
6000,293.15,0.6291211883,2
6000,293.2,0.6291288392,2
6000,293.25,0.6291364886,2
6000,293.3,0.6291441364,2
6000,293.35,0.6291517827,2
6000,293.4,0.6291594275,2
6000,293.45,0.6291670707,2
6000,293.5,0.6291747124,2
6000,293.55,0.6291823526,2
6000,293.6,0.6291899913,2
6000,293.65,0.6291976284,2
6000,293.7,0.629205264,2
6000,293.75,0.6292128981,2
6000,293.8,0.6292205306,2
6000,293.85,0.6292281617,2
6000,293.9,0.6292357912,2
6000,293.95,0.6292434191,2
6000,294,0.6292510456,2
6000,294.05,0.6292586705,2
6000,294.1,0.6292662939,2
6000,294.15,0.6292739158,2
6000,294.2,0.6292815361,2
6000,294.25,0.6292891549,2
6000,294.3,0.6292967722,2
6000,294.35,0.629304388,2
6000,294.4,0.6293120023,2
6000,294.45,0.629319615,2
6000,294.5,0.6293272262,2
6000,294.55,0.6293348359,2
6000,294.6,0.629342444,2
6000,294.65,0.6293500507,2
6000,294.7,0.6293576558,2
6000,294.75,0.6293652594,2
6000,294.8,0.6293728615,2
6000,294.85,0.6293804621,2
6000,294.9,0.6293880611,2
6000,294.95,0.6293956586,2
6000,295,0.6294032546,2
6000,295.05,0.6294108491,2
6000,295.1,0.6294184421,2
6000,295.15,0.6294260335,2
6000,295.2,0.6294336234,2
6000,295.25,0.6294412118,2
6000,295.3,0.6294487987,2
6000,295.35,0.6294563841,2
6000,295.4,0.629463968,2
6000,295.45,0.6294715503,2
6000,295.5,0.6294791311,2
6000,295.55,0.6294867104,2
6000,295.6,0.6294942882,2
6000,295.65,0.6295018645,2
6000,295.7,0.6295094393,2
6000,295.75,0.6295170125,2
6000,295.8,0.6295245842,2
6000,295.85,0.6295321545,2
6000,295.9,0.6295397232,2
6000,295.95,0.6295472904,2
6000,296,0.629554856,2
6000,296.05,0.6295624202,2
6000,296.1,0.6295699829,2
6000,296.15,0.629577544,2
6000,296.2,0.6295851036,2
6000,296.25,0.6295926617,2
6000,296.3,0.6296002183,2
6000,296.35,0.6296077734,2
6000,296.4,0.629615327,2
6000,296.45,0.6296228791,2
6000,296.5,0.6296304296,2
6000,296.55,0.6296379787,2
6000,296.6,0.6296455262,2
6000,296.65,0.6296530723,2
6000,296.7,0.6296606168,2
6000,296.75,0.6296681598,2
6000,296.8,0.6296757013,2
6000,296.85,0.6296832413,2
6000,296.9,0.6296907798,2
6000,296.95,0.6296983168,2
6000,297,0.6297058523,2
6000,297.05,0.6297133862,2
6000,297.1,0.6297209187,2
6000,297.15,0.6297284497,2
6000,297.2,0.6297359791,2
6000,297.25,0.629743507,2
6000,297.3,0.6297510335,2
6000,297.35,0.6297585584,2
6000,297.4,0.6297660818,2
6000,297.45,0.6297736038,2
6000,297.5,0.6297811242,2
6000,297.55,0.6297886431,2
6000,297.6,0.6297961605,2
6000,297.65,0.6298036764,2
6000,297.7,0.6298111908,2
6000,297.75,0.6298187037,2
6000,297.8,0.6298262151,2
6000,297.85,0.629833725,2
6000,297.9,0.6298412334,2
6000,297.95,0.6298487403,2
6000,298,0.6298562457,2
6000,298.05,0.6298637496,2
6000,298.1,0.629871252,2
6000,298.15,0.6298787529,2
6000,298.2,0.6298862523,2
6000,298.25,0.6298937502,2
6000,298.3,0.6299012466,2
6000,298.35,0.6299087415,2
6000,298.4,0.6299162349,2
6000,298.45,0.6299237268,2
6000,298.5,0.6299312172,2
6000,298.55,0.6299387061,2
6000,298.6,0.6299461935,2
6000,298.65,0.6299536794,2
6000,298.7,0.6299611638,2
6000,298.75,0.6299686467,2
6000,298.8,0.6299761281,2
6000,298.85,0.629983608,2
6000,298.9,0.6299910864,2
6000,298.95,0.6299985634,2
6000,299,0.6300060388,2
6000,299.05,0.6300135127,2
6000,299.1,0.6300209852,2
6000,299.15,0.6300284561,2
6000,299.2,0.6300359256,2
6000,299.25,0.6300433935,2
6000,299.3,0.63005086,2
6000,299.35,0.630058325,2
6000,299.4,0.6300657885,2
6000,299.45,0.6300732504,2
6000,299.5,0.6300807109,2
6000,299.55,0.6300881699,2
6000,299.6,0.6300956275,2
6000,299.65,0.6301030835,2
6000,299.7,0.630110538,2
6000,299.75,0.6301179911,2
6000,299.8,0.6301254426,2
6000,299.85,0.6301328927,2
6000,299.9,0.6301403412,2
6000,299.95,0.6301477883,2
6000,300,0.6301552339,2
6000,300.05,0.630162678,2
6000,300.1,0.6301701206,2
6000,300.15,0.6301775617,2
6000,300.2,0.6301850014,2
6000,300.25,0.6301924395,2
6000,300.3,0.6301998762,2
6000,300.35,0.6302073114,2
6000,300.4,0.630214745,2
6000,300.45,0.6302221772,2
6000,300.5,0.630229608,2
6000,300.55,0.6302370372,2
6000,300.6,0.6302444649,2
6000,300.65,0.6302518912,2
6000,300.7,0.630259316,2
6000,300.75,0.6302667392,2
6000,300.8,0.630274161,2
6000,300.85,0.6302815814,2
6000,300.9,0.6302890002,2
6000,300.95,0.6302964175,2
6000,301,0.6303038334,2
6000,301.05,0.6303112478,2
6000,301.1,0.6303186607,2
6000,301.15,0.6303260721,2
6000,301.2,0.6303334821,2
6000,301.25,0.6303408905,2
6000,301.3,0.6303482975,2
6000,301.35,0.630355703,2
6000,301.4,0.630363107,2
6000,301.45,0.6303705095,2
6000,301.5,0.6303779106,2
6000,301.55,0.6303853101,2
6000,301.6,0.6303927082,2
6000,301.65,0.6304001048,2
6000,301.7,0.6304075,2
6000,301.75,0.6304148936,2
6000,301.8,0.6304222858,2
6000,301.85,0.6304296765,2
6000,301.9,0.6304370657,2
6000,301.95,0.6304444535,2
6000,302,0.6304518397,2
6000,302.05,0.6304592245,2
6000,302.1,0.6304666078,2
6000,302.15,0.6304739896,2
6000,302.2,0.63048137,2
6000,302.25,0.6304887489,2
6000,302.3,0.6304961263,2
6000,302.35,0.6305035022,2
6000,302.4,0.6305108767,2
6000,302.45,0.6305182497,2
6000,302.5,0.6305256212,2
6000,302.55,0.6305329912,2
6000,302.6,0.6305403597,2
6000,302.65,0.6305477268,2
6000,302.7,0.6305550924,2
6000,302.75,0.6305624566,2
6000,302.8,0.6305698192,2
6000,302.85,0.6305771804,2
6000,302.9,0.6305845402,2
6000,302.95,0.6305918984,2
6000,303,0.6305992552,2
6000,303.05,0.6306066105,2
6000,303.1,0.6306139643,2
6000,303.15,0.6306213167,2
6000,303.2,0.6306286676,2
6000,303.25,0.630636017,2
6000,303.3,0.630643365,2
6000,303.35,0.6306507114,2
6000,303.4,0.6306580565,2
6000,303.45,0.6306654,2
6000,303.5,0.6306727421,2
6000,303.55,0.6306800827,2
6000,303.6,0.6306874218,2
6000,303.65,0.6306947595,2
6000,303.7,0.6307020957,2
6000,303.75,0.6307094305,2
6000,303.8,0.6307167637,2
6000,303.85,0.6307240955,2
6000,303.9,0.6307314259,2
6000,303.95,0.6307387547,2
6000,304,0.6307460822,2
6000,304.05,0.6307534081,2
6000,304.1,0.6307607326,2
6000,304.15,0.6307680556,2
6000,304.2,0.6307753771,2
6000,304.25,0.6307826972,2
6000,304.3,0.6307900158,2
6000,304.35,0.630797333,2
6000,304.4,0.6308046487,2
6000,304.45,0.6308119629,2
6000,304.5,0.6308192757,2
6000,304.55,0.630826587,2
6000,304.6,0.6308338968,2
6000,304.65,0.6308412052,2
6000,304.7,0.6308485121,2
6000,304.75,0.6308558176,2
6000,304.8,0.6308631216,2
6000,304.85,0.6308704241,2
6000,304.9,0.6308777252,2
6000,304.95,0.6308850248,2
6000,305,0.630892323,2
6000,305.05,0.6308996197,2
6000,305.1,0.6309069149,2
6000,305.15,0.6309142087,2
6000,305.2,0.630921501,2
6000,305.25,0.6309287919,2
6000,305.3,0.6309360813,2
6000,305.35,0.6309433693,2
6000,305.4,0.6309506557,2
6000,305.45,0.6309579408,2
6000,305.5,0.6309652243,2
6000,305.55,0.6309725065,2
6000,305.6,0.6309797871,2
6000,305.65,0.6309870663,2
6000,305.7,0.6309943441,2
6000,305.75,0.6310016204,2
6000,305.8,0.6310088952,2
6000,305.85,0.6310161686,2
6000,305.9,0.6310234405,2
6000,305.95,0.631030711,2
6000,306,0.63103798,2
6000,306.05,0.6310452476,2
6000,306.1,0.6310525137,2
6000,306.15,0.6310597784,2
6000,306.2,0.6310670416,2
6000,306.25,0.6310743034,2
6000,306.3,0.6310815637,2
6000,306.35,0.6310888225,2
6000,306.4,0.6310960799,2
6000,306.45,0.6311033359,2
6000,306.5,0.6311105904,2
6000,306.55,0.6311178434,2
6000,306.6,0.631125095,2
6000,306.65,0.6311323452,2
6000,306.7,0.6311395939,2
6000,306.75,0.6311468411,2
6000,306.8,0.6311540869,2
6000,306.85,0.6311613313,2
6000,306.9,0.6311685742,2
6000,306.95,0.6311758156,2
6000,307,0.6311830556,2
6000,307.05,0.6311902942,2
6000,307.1,0.6311975313,2
6000,307.15,0.631204767,2
6000,307.2,0.6312120012,2
6000,307.25,0.6312192339,2
6000,307.3,0.6312264653,2
6000,307.35,0.6312336951,2
6000,307.4,0.6312409236,2
6000,307.45,0.6312481506,2
6000,307.5,0.6312553761,2
6000,307.55,0.6312626002,2
6000,307.6,0.6312698228,2
6000,307.65,0.631277044,2
6000,307.7,0.6312842638,2
6000,307.75,0.6312914821,2
6000,307.8,0.631298699,2
6000,307.85,0.6313059144,2
6000,307.9,0.6313131284,2
6000,307.95,0.631320341,2
6000,308,0.6313275521,2
6000,308.05,0.6313347617,2
6000,308.1,0.6313419699,2
6000,308.15,0.6313491767,2
6000,308.2,0.6313563821,2
6000,308.25,0.631363586,2
6000,308.3,0.6313707884,2
6000,308.35,0.6313779894,2
6000,308.4,0.631385189,2
6000,308.45,0.6313923871,2
6000,308.5,0.6313995838,2
6000,308.55,0.6314067791,2
6000,308.6,0.6314139729,2
6000,308.65,0.6314211653,2
6000,308.7,0.6314283562,2
6000,308.75,0.6314355457,2
6000,308.8,0.6314427338,2
6000,308.85,0.6314499204,2
6000,308.9,0.6314571056,2
6000,308.95,0.6314642894,2
6000,309,0.6314714717,2
6000,309.05,0.6314786526,2
6000,309.1,0.631485832,2
6000,309.15,0.63149301,2
6000,309.2,0.6315001866,2
6000,309.25,0.6315073617,2
6000,309.3,0.6315145354,2
6000,309.35,0.6315217077,2
6000,309.4,0.6315288785,2
6000,309.45,0.6315360479,2
6000,309.5,0.6315432159,2
6000,309.55,0.6315503824,2
6000,309.6,0.6315575475,2
6000,309.65,0.6315647112,2
6000,309.7,0.6315718734,2
6000,309.75,0.6315790342,2
6000,309.8,0.6315861936,2
6000,309.85,0.6315933515,2
6000,309.9,0.631600508,2
6000,309.95,0.6316076631,2
6000,310,0.6316148168,2
6000,310.05,0.631621969,2
6000,310.1,0.6316291198,2
6000,310.15,0.6316362691,2
6000,310.2,0.631643417,2
6000,310.25,0.6316505635,2
6000,310.3,0.6316577086,2
6000,310.35,0.6316648522,2
6000,310.4,0.6316719944,2
6000,310.45,0.6316791352,2
6000,310.5,0.6316862746,2
6000,310.55,0.6316934125,2
6000,310.6,0.631700549,2
6000,310.65,0.6317076841,2
6000,310.7,0.6317148177,2
6000,310.75,0.6317219499,2
6000,310.8,0.6317290807,2
6000,310.85,0.6317362101,2
6000,310.9,0.631743338,2
6000,310.95,0.6317504645,2
6000,311,0.6317575896,2
6000,311.05,0.6317647133,2
6000,311.1,0.6317718355,2
6000,311.15,0.6317789563,2
6000,311.2,0.6317860757,2
6000,311.25,0.6317931937,2
6000,311.3,0.6318003102,2
6000,311.35,0.6318074253,2
6000,311.4,0.631814539,2
6000,311.45,0.6318216513,2
6000,311.5,0.6318287621,2
6000,311.55,0.6318358716,2
6000,311.6,0.6318429796,2
6000,311.65,0.6318500862,2
6000,311.7,0.6318571913,2
6000,311.75,0.6318642951,2
6000,311.8,0.6318713974,2
6000,311.85,0.6318784983,2
6000,311.9,0.6318855978,2
6000,311.95,0.6318926958,2
6000,312,0.6318997925,2
6000,312.05,0.6319068877,2
6000,312.1,0.6319139815,2
6000,312.15,0.6319210739,2
6000,312.2,0.6319281649,2
6000,312.25,0.6319352544,2
6000,312.3,0.6319423426,2
6000,312.35,0.6319494293,2
6000,312.4,0.6319565146,2
6000,312.45,0.6319635985,2
6000,312.5,0.6319706809,2
6000,312.55,0.631977762,2
6000,312.6,0.6319848416,2
6000,312.65,0.6319919198,2
6000,312.7,0.6319989966,2
6000,312.75,0.632006072,2
6000,312.8,0.632013146,2
6000,312.85,0.6320202185,2
6000,312.9,0.6320272897,2
6000,312.95,0.6320343594,2
6000,313,0.6320414277,2
6000,313.05,0.6320484946,2
6000,313.1,0.6320555601,2
6000,313.15,0.6320626242,2
6000,313.2,0.6320696868,2
6000,313.25,0.6320767481,2
6000,313.3,0.6320838079,2
6000,313.35,0.6320908663,2
6000,313.4,0.6320979234,2
6000,313.45,0.632104979,2
6000,313.5,0.6321120332,2
6000,313.55,0.6321190859,2
6000,313.6,0.6321261373,2
6000,313.65,0.6321331873,2
6000,313.7,0.6321402358,2
6000,313.75,0.632147283,2
6000,313.8,0.6321543287,2
6000,313.85,0.632161373,2
6000,313.9,0.6321684159,2
6000,313.95,0.6321754574,2
6000,314,0.6321824975,2
6000,314.05,0.6321895362,2
6000,314.1,0.6321965735,2
6000,314.15,0.6322036094,2
6000,314.2,0.6322106438,2
6000,314.25,0.6322176769,2
6000,314.3,0.6322247085,2
6000,314.35,0.6322317388,2
6000,314.4,0.6322387676,2
6000,314.45,0.6322457951,2
6000,314.5,0.6322528211,2
6000,314.55,0.6322598457,2
6000,314.6,0.6322668689,2
6000,314.65,0.6322738908,2
6000,314.7,0.6322809112,2
6000,314.75,0.6322879302,2
6000,314.8,0.6322949478,2
6000,314.85,0.632301964,2
6000,314.9,0.6323089788,2
6000,314.95,0.6323159922,2
6000,315,0.6323230042,2
6000,315.05,0.6323300148,2
6000,315.1,0.632337024,2
6000,315.15,0.6323440317,2
6000,315.2,0.6323510381,2
6000,315.25,0.6323580431,2
6000,315.3,0.6323650467,2
6000,315.35,0.6323720489,2
6000,315.4,0.6323790497,2
6000,315.45,0.632386049,2
6000,315.5,0.632393047,2
6000,315.55,0.6324000436,2
6000,315.6,0.6324070388,2
6000,315.65,0.6324140326,2
6000,315.7,0.632421025,2
6000,315.75,0.632428016,2
6000,315.8,0.6324350055,2
6000,315.85,0.6324419937,2
6000,315.9,0.6324489805,2
6000,315.95,0.6324559659,2
6000,316,0.6324629499,2
6000,316.05,0.6324699325,2
6000,316.1,0.6324769137,2
6000,316.15,0.6324838936,2
6000,316.2,0.632490872,2
6000,316.25,0.632497849,2
6000,316.3,0.6325048246,2
6000,316.35,0.6325117988,2
6000,316.4,0.6325187717,2
6000,316.45,0.6325257431,2
6000,316.5,0.6325327132,2
6000,316.55,0.6325396818,2
6000,316.6,0.6325466491,2
6000,316.65,0.6325536149,2
6000,316.7,0.6325605794,2
6000,316.75,0.6325675425,2
6000,316.8,0.6325745042,2
6000,316.85,0.6325814645,2
6000,316.9,0.6325884234,2
6000,316.95,0.6325953809,2
6000,317,0.632602337,2
6000,317.05,0.6326092917,2
6000,317.1,0.6326162451,2
6000,317.15,0.632623197,2
6000,317.2,0.6326301476,2
6000,317.25,0.6326370968,2
6000,317.3,0.6326440445,2
6000,317.35,0.6326509909,2
6000,317.4,0.6326579359,2
6000,317.45,0.6326648795,2
6000,317.5,0.6326718218,2
6000,317.55,0.6326787626,2
6000,317.6,0.632685702,2
6000,317.65,0.6326926401,2
6000,317.7,0.6326995768,2
6000,317.75,0.6327065121,2
6000,317.8,0.6327134459,2
6000,317.85,0.6327203785,2
6000,317.9,0.6327273096,2
6000,317.95,0.6327342393,2
6000,318,0.6327411677,2
6000,318.05,0.6327480946,2
6000,318.1,0.6327550202,2
6000,318.15,0.6327619444,2
6000,318.2,0.6327688672,2
6000,318.25,0.6327757887,2
6000,318.3,0.6327827087,2
6000,318.35,0.6327896274,2
6000,318.4,0.6327965446,2
6000,318.45,0.6328034605,2
6000,318.5,0.632810375,2
6000,318.55,0.6328172882,2
6000,318.6,0.6328241999,2
6000,318.65,0.6328311103,2
6000,318.7,0.6328380192,2
6000,318.75,0.6328449268,2
6000,318.8,0.6328518331,2
6000,318.85,0.6328587379,2
6000,318.9,0.6328656413,2
6000,318.95,0.6328725434,2
6000,319,0.6328794441,2
6000,319.05,0.6328863434,2
6000,319.1,0.6328932414,2
6000,319.15,0.6329001379,2
6000,319.2,0.6329070331,2
6000,319.25,0.6329139269,2
6000,319.3,0.6329208193,2
6000,319.35,0.6329277103,2
6000,319.4,0.6329346,2
6000,319.45,0.6329414883,2
6000,319.5,0.6329483752,2
6000,319.55,0.6329552607,2
6000,319.6,0.6329621449,2
6000,319.65,0.6329690276,2
6000,319.7,0.632975909,2
6000,319.75,0.6329827891,2
6000,319.8,0.6329896677,2
6000,319.85,0.632996545,2
6000,319.9,0.6330034209,2
6000,319.95,0.6330102954,2
6000,320,0.6330171685,2
6000,320.05,0.6330240403,2
6000,320.1,0.6330309107,2
6000,320.15,0.6330377797,2
6000,320.2,0.6330446474,2
6000,320.25,0.6330515137,2
6000,320.3,0.6330583786,2
6000,320.35,0.6330652421,2
6000,320.4,0.6330721043,2
6000,320.45,0.633078965,2
6000,320.5,0.6330858245,2
6000,320.55,0.6330926825,2
6000,320.6,0.6330995392,2
6000,320.65,0.6331063945,2
6000,320.7,0.6331132484,2
6000,320.75,0.633120101,2
6000,320.8,0.6331269521,2
6000,320.85,0.633133802,2
6000,320.9,0.6331406504,2
6000,320.95,0.6331474975,2
6000,321,0.6331543432,2
6000,321.05,0.6331611875,2
6000,321.1,0.6331680305,2
6000,321.15,0.6331748721,2
6000,321.2,0.6331817123,2
6000,321.25,0.6331885512,2
6000,321.3,0.6331953887,2
6000,321.35,0.6332022248,2
6000,321.4,0.6332090596,2
6000,321.45,0.633215893,2
6000,321.5,0.633222725,2
6000,321.55,0.6332295557,2
6000,321.6,0.633236385,2
6000,321.65,0.6332432129,2
6000,321.7,0.6332500395,2
6000,321.75,0.6332568647,2
6000,321.8,0.6332636885,2
6000,321.85,0.633270511,2
6000,321.9,0.6332773321,2
6000,321.95,0.6332841518,2
6000,322,0.6332909702,2
6000,322.05,0.6332977872,2
6000,322.1,0.6333046029,2
6000,322.15,0.6333114172,2
6000,322.2,0.6333182301,2
6000,322.25,0.6333250417,2
6000,322.3,0.6333318519,2
6000,322.35,0.6333386607,2
6000,322.4,0.6333454682,2
6000,322.45,0.6333522743,2
6000,322.5,0.6333590791,2
6000,322.55,0.6333658825,2
6000,322.6,0.6333726845,2
6000,322.65,0.6333794852,2
6000,322.7,0.6333862845,2
6000,322.75,0.6333930825,2
6000,322.8,0.6333998791,2
6000,322.85,0.6334066743,2
6000,322.9,0.6334134682,2
6000,322.95,0.6334202607,2
6000,323,0.6334270518,2
6000,323.05,0.6334338417,2
6000,323.1,0.6334406301,2
6000,323.15,0.6334474172,2
6000,323.2,0.6334542029,2
6000,323.25,0.6334609873,2
6000,323.3,0.6334677703,2
6000,323.35,0.633474552,2
6000,323.4,0.6334813323,2
6000,323.45,0.6334881112,2
6000,323.5,0.6334948888,2
6000,323.55,0.633501665,2
6000,323.6,0.6335084399,2
6000,323.65,0.6335152135,2
6000,323.7,0.6335219856,2
6000,323.75,0.6335287564,2
6000,323.8,0.6335355259,2
6000,323.85,0.633542294,2
6000,323.9,0.6335490608,2
6000,323.95,0.6335558262,2
6000,324,0.6335625902,2
6000,324.05,0.6335693529,2
6000,324.1,0.6335761143,2
6000,324.15,0.6335828743,2
6000,324.2,0.6335896329,2
6000,324.25,0.6335963902,2
6000,324.3,0.6336031461,2
6000,324.35,0.6336099007,2
6000,324.4,0.633616654,2
6000,324.45,0.6336234059,2
6000,324.5,0.6336301564,2
6000,324.55,0.6336369056,2
6000,324.6,0.6336436534,2
6000,324.65,0.6336503999,2
6000,324.7,0.633657145,2
6000,324.75,0.6336638888,2
6000,324.8,0.6336706313,2
6000,324.85,0.6336773724,2
6000,324.9,0.6336841121,2
6000,324.95,0.6336908505,2
6000,325,0.6336975875,2
6000,325.05,0.6337043232,2
6000,325.1,0.6337110576,2
6000,325.15,0.6337177906,2
6000,325.2,0.6337245223,2
6000,325.25,0.6337312526,2
6000,325.3,0.6337379816,2
6000,325.35,0.6337447092,2
6000,325.4,0.6337514355,2
6000,325.45,0.6337581604,2
6000,325.5,0.633764884,2
6000,325.55,0.6337716062,2
6000,325.6,0.6337783271,2
6000,325.65,0.6337850467,2
6000,325.7,0.6337917649,2
6000,325.75,0.6337984818,2
6000,325.8,0.6338051973,2
6000,325.85,0.6338119115,2
6000,325.9,0.6338186243,2
6000,325.95,0.6338253358,2
6000,326,0.6338320459,2
6000,326.05,0.6338387548,2
6000,326.1,0.6338454622,2
6000,326.15,0.6338521684,2
6000,326.2,0.6338588731,2
6000,326.25,0.6338655766,2
6000,326.3,0.6338722787,2
6000,326.35,0.6338789795,2
6000,326.4,0.6338856789,2
6000,326.45,0.633892377,2
6000,326.5,0.6338990737,2
6000,326.55,0.6339057691,2
6000,326.6,0.6339124632,2
6000,326.65,0.6339191559,2
6000,326.7,0.6339258473,2
6000,326.75,0.6339325374,2
6000,326.8,0.6339392261,2
6000,326.85,0.6339459135,2
6000,326.9,0.6339525995,2
6000,326.95,0.6339592842,2
6000,327,0.6339659676,2
6000,327.05,0.6339726496,2
6000,327.1,0.6339793303,2
6000,327.15,0.6339860097,2
6000,327.2,0.6339926877,2
6000,327.25,0.6339993644,2
6000,327.3,0.6340060397,2
6000,327.35,0.6340127137,2
6000,327.4,0.6340193864,2
6000,327.45,0.6340260578,2
6000,327.5,0.6340327278,2
6000,327.55,0.6340393965,2
6000,327.6,0.6340460638,2
6000,327.65,0.6340527298,2
6000,327.7,0.6340593945,2
6000,327.75,0.6340660579,2
6000,327.8,0.6340727199,2
6000,327.85,0.6340793806,2
6000,327.9,0.6340860399,2
6000,327.95,0.6340926979,2
6000,328,0.6340993546,2
6000,328.05,0.63410601,2
6000,328.1,0.634112664,2
6000,328.15,0.6341193167,2
6000,328.2,0.6341259681,2
6000,328.25,0.6341326181,2
6000,328.3,0.6341392668,2
6000,328.35,0.6341459142,2
6000,328.4,0.6341525602,2
6000,328.45,0.6341592049,2
6000,328.5,0.6341658483,2
6000,328.55,0.6341724904,2
6000,328.6,0.6341791311,2
6000,328.65,0.6341857705,2
6000,328.7,0.6341924086,2
6000,328.75,0.6341990453,2
6000,328.8,0.6342056807,2
6000,328.85,0.6342123148,2
6000,328.9,0.6342189476,2
6000,328.95,0.634225579,2
6000,329,0.6342322092,2
6000,329.05,0.6342388379,2
6000,329.1,0.6342454654,2
6000,329.15,0.6342520915,2
6000,329.2,0.6342587164,2
6000,329.25,0.6342653398,2
6000,329.3,0.634271962,2
6000,329.35,0.6342785828,2
6000,329.4,0.6342852024,2
6000,329.45,0.6342918205,2
6000,329.5,0.6342984374,2
6000,329.55,0.634305053,2
6000,329.6,0.6343116672,2
6000,329.65,0.6343182801,2
6000,329.7,0.6343248916,2
6000,329.75,0.6343315019,2
6000,329.8,0.6343381108,2
6000,329.85,0.6343447184,2
6000,329.9,0.6343513247,2
6000,329.95,0.6343579297,2
6000,330,0.6343645333,2
6000,330.05,0.6343711357,2
6000,330.1,0.6343777367,2
6000,330.15,0.6343843364,2
6000,330.2,0.6343909347,2
6000,330.25,0.6343975318,2
6000,330.3,0.6344041275,2
6000,330.35,0.6344107219,2
6000,330.4,0.634417315,2
6000,330.45,0.6344239068,2
6000,330.5,0.6344304972,2
6000,330.55,0.6344370863,2
6000,330.6,0.6344436742,2
6000,330.65,0.6344502607,2
6000,330.7,0.6344568458,2
6000,330.75,0.6344634297,2
6000,330.8,0.6344700123,2
6000,330.85,0.6344765935,2
6000,330.9,0.6344831734,2
6000,330.95,0.634489752,2
6000,331,0.6344963293,2
6000,331.05,0.6345029053,2
6000,331.1,0.6345094799,2
6000,331.15,0.6345160532,2
6000,331.2,0.6345226253,2
6000,331.25,0.634529196,2
6000,331.3,0.6345357654,2
6000,331.35,0.6345423335,2
6000,331.4,0.6345489002,2
6000,331.45,0.6345554657,2
6000,331.5,0.6345620298,2
6000,331.55,0.6345685927,2
6000,331.6,0.6345751542,2
6000,331.65,0.6345817144,2
6000,331.7,0.6345882733,2
6000,331.75,0.6345948309,2
6000,331.8,0.6346013871,2
6000,331.85,0.6346079421,2
6000,331.9,0.6346144957,2
6000,331.95,0.6346210481,2
6000,332,0.6346275991,2
6000,332.05,0.6346341488,2
6000,332.1,0.6346406972,2
6000,332.15,0.6346472443,2
6000,332.2,0.6346537901,2
6000,332.25,0.6346603346,2
6000,332.3,0.6346668778,2
6000,332.35,0.6346734196,2
6000,332.4,0.6346799602,2
6000,332.45,0.6346864994,2
6000,332.5,0.6346930374,2
6000,332.55,0.634699574,2
6000,332.6,0.6347061093,2
6000,332.65,0.6347126433,2
6000,332.7,0.6347191761,2
6000,332.75,0.6347257075,2
6000,332.8,0.6347322376,2
6000,332.85,0.6347387663,2
6000,332.9,0.6347452938,2
6000,332.95,0.63475182,2
6000,333,0.6347583449,2
6000,333.05,0.6347648685,2
6000,333.1,0.6347713907,2
6000,333.15,0.6347779117,2
6000,333.2,0.6347844313,2
6000,333.25,0.6347909497,2
6000,333.3,0.6347974668,2
6000,333.35,0.6348039825,2
6000,333.4,0.6348104969,2
6000,333.45,0.6348170101,2
6000,333.5,0.6348235219,2
6000,333.55,0.6348300325,2
6000,333.6,0.6348365417,2
6000,333.65,0.6348430496,2
6000,333.7,0.6348495563,2
6000,333.75,0.6348560616,2
6000,333.8,0.6348625656,2
6000,333.85,0.6348690684,2
6000,333.9,0.6348755698,2
6000,333.95,0.6348820699,2
6000,334,0.6348885687,2
6000,334.05,0.6348950663,2
6000,334.1,0.6349015625,2
6000,334.15,0.6349080574,2
6000,334.2,0.6349145511,2
6000,334.25,0.6349210434,2
6000,334.3,0.6349275344,2
6000,334.35,0.6349340242,2
6000,334.4,0.6349405126,2
6000,334.45,0.6349469997,2
6000,334.5,0.6349534856,2
6000,334.55,0.6349599701,2
6000,334.6,0.6349664534,2
6000,334.65,0.6349729353,2
6000,334.7,0.634979416,2
6000,334.75,0.6349858954,2
6000,334.8,0.6349923734,2
6000,334.85,0.6349988502,2
6000,334.9,0.6350053257,2
6000,334.95,0.6350117998,2
6000,335,0.6350182727,2
6000,335.05,0.6350247443,2
6000,335.1,0.6350312146,2
6000,335.15,0.6350376836,2
6000,335.2,0.6350441513,2
6000,335.25,0.6350506177,2
6000,335.3,0.6350570829,2
6000,335.35,0.6350635467,2
6000,335.4,0.6350700092,2
6000,335.45,0.6350764705,2
6000,335.5,0.6350829304,2
6000,335.55,0.6350893891,2
6000,335.6,0.6350958465,2
6000,335.65,0.6351023025,2
6000,335.7,0.6351087573,2
6000,335.75,0.6351152108,2
6000,335.8,0.635121663,2
6000,335.85,0.6351281139,2
6000,335.9,0.6351345636,2
6000,335.95,0.6351410119,2
6000,336,0.6351474589,2
6000,336.05,0.6351539047,2
6000,336.1,0.6351603492,2
6000,336.15,0.6351667923,2
6000,336.2,0.6351732342,2
6000,336.25,0.6351796748,2
6000,336.3,0.6351861141,2
6000,336.35,0.6351925522,2
6000,336.4,0.6351989889,2
6000,336.45,0.6352054244,2
6000,336.5,0.6352118585,2
6000,336.55,0.6352182914,2
6000,336.6,0.635224723,2
6000,336.65,0.6352311533,2
6000,336.7,0.6352375823,2
6000,336.75,0.63524401,2
6000,336.8,0.6352504365,2
6000,336.85,0.6352568617,2
6000,336.9,0.6352632855,2
6000,336.95,0.6352697081,2
6000,337,0.6352761294,2
6000,337.05,0.6352825495,2
6000,337.1,0.6352889682,2
6000,337.15,0.6352953857,2
6000,337.2,0.6353018018,2
6000,337.25,0.6353082167,2
6000,337.3,0.6353146303,2
6000,337.35,0.6353210427,2
6000,337.4,0.6353274537,2
6000,337.45,0.6353338635,2
6000,337.5,0.6353402719,2
6000,337.55,0.6353466791,2
6000,337.6,0.6353530851,2
6000,337.65,0.6353594897,2
6000,337.7,0.635365893,2
6000,337.75,0.6353722951,2
6000,337.8,0.6353786959,2
6000,337.85,0.6353850954,2
6000,337.9,0.6353914937,2
6000,337.95,0.6353978906,2
6000,338,0.6354042863,2
6000,338.05,0.6354106807,2
6000,338.1,0.6354170738,2
6000,338.15,0.6354234656,2
6000,338.2,0.6354298562,2
6000,338.25,0.6354362455,2
6000,338.3,0.6354426335,2
6000,338.35,0.6354490202,2
6000,338.4,0.6354554057,2
6000,338.45,0.6354617898,2
6000,338.5,0.6354681727,2
6000,338.55,0.6354745543,2
6000,338.6,0.6354809347,2
6000,338.65,0.6354873138,2
6000,338.7,0.6354936915,2
6000,338.75,0.6355000681,2
6000,338.8,0.6355064433,2
6000,338.85,0.6355128173,2
6000,338.9,0.63551919,2
6000,338.95,0.6355255614,2
6000,339,0.6355319315,2
6000,339.05,0.6355383004,2
6000,339.1,0.635544668,2
6000,339.15,0.6355510343,2
6000,339.2,0.6355573994,2
6000,339.25,0.6355637631,2
6000,339.3,0.6355701256,2
6000,339.35,0.6355764869,2
6000,339.4,0.6355828468,2
6000,339.45,0.6355892055,2
6000,339.5,0.6355955629,2
6000,339.55,0.6356019191,2
6000,339.6,0.635608274,2
6000,339.65,0.6356146276,2
6000,339.7,0.6356209799,2
6000,339.75,0.6356273309,2
6000,339.8,0.6356336807,2
6000,339.85,0.6356400293,2
6000,339.9,0.6356463765,2
6000,339.95,0.6356527225,2
6000,340,0.6356590672,2
6000,340.05,0.6356654107,2
6000,340.1,0.6356717528,2
6000,340.15,0.6356780937,2
6000,340.2,0.6356844334,2
6000,340.25,0.6356907717,2
6000,340.3,0.6356971088,2
6000,340.35,0.6357034447,2
6000,340.4,0.6357097793,2
6000,340.45,0.6357161126,2
6000,340.5,0.6357224446,2
6000,340.55,0.6357287754,2
6000,340.6,0.6357351049,2
6000,340.65,0.6357414331,2
6000,340.7,0.6357477601,2
6000,340.75,0.6357540858,2
6000,340.8,0.6357604102,2
6000,340.85,0.6357667334,2
6000,340.9,0.6357730553,2
6000,340.95,0.635779376,2
6000,341,0.6357856954,2
6000,341.05,0.6357920135,2
6000,341.1,0.6357983303,2
6000,341.15,0.6358046459,2
6000,341.2,0.6358109603,2
6000,341.25,0.6358172733,2
6000,341.3,0.6358235851,2
6000,341.35,0.6358298957,2
6000,341.4,0.635836205,2
6000,341.45,0.635842513,2
6000,341.5,0.6358488197,2
6000,341.55,0.6358551252,2
6000,341.6,0.6358614295,2
6000,341.65,0.6358677325,2
6000,341.7,0.6358740342,2
6000,341.75,0.6358803346,2
6000,341.8,0.6358866338,2
6000,341.85,0.6358929318,2
6000,341.9,0.6358992284,2
6000,341.95,0.6359055239,2
6000,342,0.635911818,2
6000,342.05,0.6359181109,2
6000,342.1,0.6359244026,2
6000,342.15,0.6359306929,2
6000,342.2,0.6359369821,2
6000,342.25,0.6359432699,2
6000,342.3,0.6359495565,2
6000,342.35,0.6359558419,2
6000,342.4,0.635962126,2
6000,342.45,0.6359684088,2
6000,342.5,0.6359746904,2
6000,342.55,0.6359809707,2
6000,342.6,0.6359872498,2
6000,342.65,0.6359935276,2
6000,342.7,0.6359998042,2
6000,342.75,0.6360060795,2
6000,342.8,0.6360123535,2
6000,342.85,0.6360186263,2
6000,342.9,0.6360248979,2
6000,342.95,0.6360311681,2
6000,343,0.6360374372,2
6000,343.05,0.636043705,2
6000,343.1,0.6360499715,2
6000,343.15,0.6360562368,2
6000,343.2,0.6360625008,2
6000,343.25,0.6360687635,2
6000,343.3,0.6360750251,2
6000,343.35,0.6360812853,2
6000,343.4,0.6360875443,2
6000,343.45,0.6360938021,2
6000,343.5,0.6361000586,2
6000,343.55,0.6361063138,2
6000,343.6,0.6361125678,2
6000,343.65,0.6361188206,2
6000,343.7,0.6361250721,2
6000,343.75,0.6361313224,2
6000,343.8,0.6361375714,2
6000,343.85,0.6361438191,2
6000,343.9,0.6361500656,2
6000,343.95,0.6361563109,2
6000,344,0.6361625549,2
6000,344.05,0.6361687976,2
6000,344.1,0.6361750391,2
6000,344.15,0.6361812794,2
6000,344.2,0.6361875184,2
6000,344.25,0.6361937562,2
6000,344.3,0.6361999927,2
6000,344.35,0.636206228,2
6000,344.4,0.636212462,2
6000,344.45,0.6362186948,2
6000,344.5,0.6362249263,2
6000,344.55,0.6362311566,2
6000,344.6,0.6362373856,2
6000,344.65,0.6362436134,2
6000,344.7,0.63624984,2
6000,344.75,0.6362560653,2
6000,344.8,0.6362622893,2
6000,344.85,0.6362685121,2
6000,344.9,0.6362747337,2
6000,344.95,0.636280954,2
6000,345,0.6362871731,2
6000,345.05,0.6362933909,2
6000,345.1,0.6362996075,2
6000,345.15,0.6363058229,2
6000,345.2,0.636312037,2
6000,345.25,0.6363182499,2
6000,345.3,0.6363244615,2
6000,345.35,0.6363306719,2
6000,345.4,0.636336881,2
6000,345.45,0.6363430889,2
6000,345.5,0.6363492955,2
6000,345.55,0.636355501,2
6000,345.6,0.6363617051,2
6000,345.65,0.6363679081,2
6000,345.7,0.6363741097,2
6000,345.75,0.6363803102,2
6000,345.8,0.6363865094,2
6000,345.85,0.6363927074,2
6000,345.9,0.6363989041,2
6000,345.95,0.6364050996,2
6000,346,0.6364112939,2
6000,346.05,0.6364174869,2
6000,346.1,0.6364236786,2
6000,346.15,0.6364298692,2
6000,346.2,0.6364360585,2
6000,346.25,0.6364422465,2
6000,346.3,0.6364484334,2
6000,346.35,0.636454619,2
6000,346.4,0.6364608033,2
6000,346.45,0.6364669864,2
6000,346.5,0.6364731683,2
6000,346.55,0.6364793489,2
6000,346.6,0.6364855283,2
6000,346.65,0.6364917065,2
6000,346.7,0.6364978834,2
6000,346.75,0.6365040591,2
6000,346.8,0.6365102336,2
6000,346.85,0.6365164068,2
6000,346.9,0.6365225788,2
6000,346.95,0.6365287496,2
6000,347,0.6365349191,2
6000,347.05,0.6365410874,2
6000,347.1,0.6365472545,2
6000,347.15,0.6365534203,2
6000,347.2,0.6365595849,2
6000,347.25,0.6365657482,2
6000,347.3,0.6365719104,2
6000,347.35,0.6365780713,2
6000,347.4,0.6365842309,2
6000,347.45,0.6365903893,2
6000,347.5,0.6365965465,2
6000,347.55,0.6366027025,2
6000,347.6,0.6366088572,2
6000,347.65,0.6366150108,2
6000,347.7,0.636621163,2
6000,347.75,0.6366273141,2
6000,347.8,0.6366334639,2
6000,347.85,0.6366396125,2
6000,347.9,0.6366457598,2
6000,347.95,0.636651906,2
6000,348,0.6366580509,2
6000,348.05,0.6366641945,2
6000,348.1,0.636670337,2
6000,348.15,0.6366764782,2
6000,348.2,0.6366826182,2
6000,348.25,0.6366887569,2
6000,348.3,0.6366948944,2
6000,348.35,0.6367010307,2
6000,348.4,0.6367071658,2
6000,348.45,0.6367132997,2
6000,348.5,0.6367194323,2
6000,348.55,0.6367255637,2
6000,348.6,0.6367316938,2
6000,348.65,0.6367378228,2
6000,348.7,0.6367439505,2
6000,348.75,0.636750077,2
6000,348.8,0.6367562022,2
6000,348.85,0.6367623263,2
6000,348.9,0.6367684491,2
6000,348.95,0.6367745707,2
6000,349,0.6367806911,2
6000,349.05,0.6367868102,2
6000,349.1,0.6367929281,2
6000,349.15,0.6367990448,2
6000,349.2,0.6368051603,2
6000,349.25,0.6368112745,2
6000,349.3,0.6368173876,2
6000,349.35,0.6368234994,2
6000,349.4,0.6368296099,2
6000,349.45,0.6368357193,2
6000,349.5,0.6368418274,2
6000,349.55,0.6368479344,2
6000,349.6,0.63685404,2
6000,349.65,0.6368601445,2
6000,349.7,0.6368662478,2
6000,349.75,0.6368723498,2
6000,349.8,0.6368784506,2
6000,349.85,0.6368845502,2
6000,349.9,0.6368906486,2
6000,349.95,0.6368967457,2
6000,350,0.6369028417,2
6000,350.05,0.6369089364,2
6000,350.1,0.6369150299,2
6000,350.15,0.6369211222,2
6000,350.2,0.6369272132,2
6000,350.25,0.6369333031,2
6000,350.3,0.6369393917,2
6000,350.35,0.6369454791,2
6000,350.4,0.6369515653,2
6000,350.45,0.6369576502,2
6000,350.5,0.636963734,2
6000,350.55,0.6369698165,2
6000,350.6,0.6369758979,2
6000,350.65,0.636981978,2
6000,350.7,0.6369880569,2
6000,350.75,0.6369941345,2
6000,350.8,0.637000211,2
6000,350.85,0.6370062862,2
6000,350.9,0.6370123603,2
6000,350.95,0.6370184331,2
6000,351,0.6370245047,2
6000,351.05,0.637030575,2
6000,351.1,0.6370366442,2
6000,351.15,0.6370427122,2
6000,351.2,0.6370487789,2
6000,351.25,0.6370548444,2
6000,351.3,0.6370609088,2
6000,351.35,0.6370669719,2
6000,351.4,0.6370730338,2
6000,351.45,0.6370790944,2
6000,351.5,0.6370851539,2
6000,351.55,0.6370912122,2
6000,351.6,0.6370972692,2
6000,351.65,0.637103325,2
6000,351.7,0.6371093797,2
6000,351.75,0.6371154331,2
6000,351.8,0.6371214853,2
6000,351.85,0.6371275363,2
6000,351.9,0.637133586,2
6000,351.95,0.6371396346,2
6000,352,0.637145682,2
6000,352.05,0.6371517281,2
6000,352.1,0.6371577731,2
6000,352.15,0.6371638168,2
6000,352.2,0.6371698593,2
6000,352.25,0.6371759006,2
6000,352.3,0.6371819408,2
6000,352.35,0.6371879797,2
6000,352.4,0.6371940173,2
6000,352.45,0.6372000538,2
6000,352.5,0.6372060891,2
6000,352.55,0.6372121232,2
6000,352.6,0.637218156,2
6000,352.65,0.6372241877,2
6000,352.7,0.6372302182,2
6000,352.75,0.6372362474,2
6000,352.8,0.6372422754,2
6000,352.85,0.6372483023,2
6000,352.9,0.6372543279,2
6000,352.95,0.6372603523,2
6000,353,0.6372663755,2
6000,353.05,0.6372723976,2
6000,353.1,0.6372784184,2
6000,353.15,0.637284438,2
6000,353.2,0.6372904564,2
6000,353.25,0.6372964736,2
6000,353.3,0.6373024896,2
6000,353.35,0.6373085044,2
6000,353.4,0.637314518,2
6000,353.45,0.6373205303,2
6000,353.5,0.6373265415,2
6000,353.55,0.6373325515,2
6000,353.6,0.6373385603,2
6000,353.65,0.6373445679,2
6000,353.7,0.6373505743,2
6000,353.75,0.6373565794,2
6000,353.8,0.6373625834,2
6000,353.85,0.6373685862,2
6000,353.9,0.6373745878,2
6000,353.95,0.6373805881,2
6000,354,0.6373865873,2
6000,354.05,0.6373925853,2
6000,354.1,0.6373985821,2
6000,354.15,0.6374045776,2
6000,354.2,0.637410572,2
6000,354.25,0.6374165652,2
6000,354.3,0.6374225572,2
6000,354.35,0.637428548,2
6000,354.4,0.6374345375,2
6000,354.45,0.6374405259,2
6000,354.5,0.6374465131,2
6000,354.55,0.6374524991,2
6000,354.6,0.6374584839,2
6000,354.65,0.6374644675,2
6000,354.7,0.6374704499,2
6000,354.75,0.6374764311,2
6000,354.8,0.6374824111,2
6000,354.85,0.6374883899,2
6000,354.9,0.6374943675,2
6000,354.95,0.637500344,2
6000,355,0.6375063192,2
6000,355.05,0.6375122932,2
6000,355.1,0.6375182661,2
6000,355.15,0.6375242377,2
6000,355.2,0.6375302081,2
6000,355.25,0.6375361774,2
6000,355.3,0.6375421455,2
6000,355.35,0.6375481123,2
6000,355.4,0.637554078,2
6000,355.45,0.6375600425,2
6000,355.5,0.6375660058,2
6000,355.55,0.6375719679,2
6000,355.6,0.6375779288,2
6000,355.65,0.6375838885,2
6000,355.7,0.637589847,2
6000,355.75,0.6375958043,2
6000,355.8,0.6376017605,2
6000,355.85,0.6376077154,2
6000,355.9,0.6376136692,2
6000,355.95,0.6376196217,2
6000,356,0.6376255731,2
6000,356.05,0.6376315233,2
6000,356.1,0.6376374723,2
6000,356.15,0.6376434201,2
6000,356.2,0.6376493667,2
6000,356.25,0.6376553121,2
6000,356.3,0.6376612563,2
6000,356.35,0.6376671994,2
6000,356.4,0.6376731412,2
6000,356.45,0.6376790819,2
6000,356.5,0.6376850214,2
6000,356.55,0.6376909597,2
6000,356.6,0.6376968968,2
6000,356.65,0.6377028327,2
6000,356.7,0.6377087675,2
6000,356.75,0.637714701,2
6000,356.8,0.6377206334,2
6000,356.85,0.6377265645,2
6000,356.9,0.6377324945,2
6000,356.95,0.6377384233,2
6000,357,0.6377443509,2
6000,357.05,0.6377502774,2
6000,357.1,0.6377562026,2
6000,357.15,0.6377621267,2
6000,357.2,0.6377680495,2
6000,357.25,0.6377739712,2
6000,357.3,0.6377798917,2
6000,357.35,0.6377858111,2
6000,357.4,0.6377917292,2
6000,357.45,0.6377976461,2
6000,357.5,0.6378035619,2
6000,357.55,0.6378094765,2
6000,357.6,0.6378153899,2
6000,357.65,0.6378213021,2
6000,357.7,0.6378272132,2
6000,357.75,0.637833123,2
6000,357.8,0.6378390317,2
6000,357.85,0.6378449392,2
6000,357.9,0.6378508455,2
6000,357.95,0.6378567507,2
6000,358,0.6378626546,2
6000,358.05,0.6378685574,2
6000,358.1,0.637874459,2
6000,358.15,0.6378803594,2
6000,358.2,0.6378862586,2
6000,358.25,0.6378921567,2
6000,358.3,0.6378980535,2
6000,358.35,0.6379039492,2
6000,358.4,0.6379098437,2
6000,358.45,0.6379157371,2
6000,358.5,0.6379216292,2
6000,358.55,0.6379275202,2
6000,358.6,0.63793341,2
6000,358.65,0.6379392986,2
6000,358.7,0.6379451861,2
6000,358.75,0.6379510723,2
6000,358.8,0.6379569574,2
6000,358.85,0.6379628413,2
6000,358.9,0.6379687241,2
6000,358.95,0.6379746056,2
6000,359,0.637980486,2
6000,359.05,0.6379863652,2
6000,359.1,0.6379922433,2
6000,359.15,0.6379981201,2
6000,359.2,0.6380039958,2
6000,359.25,0.6380098703,2
6000,359.3,0.6380157436,2
6000,359.35,0.6380216158,2
6000,359.4,0.6380274868,2
6000,359.45,0.6380333566,2
6000,359.5,0.6380392252,2
6000,359.55,0.6380450927,2
6000,359.6,0.638050959,2
6000,359.65,0.6380568241,2
6000,359.7,0.638062688,2
6000,359.75,0.6380685508,2
6000,359.8,0.6380744124,2
6000,359.85,0.6380802728,2
6000,359.9,0.6380861321,2
6000,359.95,0.6380919901,2
6000,360,0.638097847,2
6000,360.05,0.6381037028,2
6000,360.1,0.6381095573,2
6000,360.15,0.6381154107,2
6000,360.2,0.638121263,2
6000,360.25,0.638127114,2
6000,360.3,0.6381329639,2
6000,360.35,0.6381388126,2
6000,360.4,0.6381446602,2
6000,360.45,0.6381505065,2
6000,360.5,0.6381563517,2
6000,360.55,0.6381621958,2
6000,360.6,0.6381680387,2
6000,360.65,0.6381738804,2
6000,360.7,0.6381797209,2
6000,360.75,0.6381855603,2
6000,360.8,0.6381913984,2
6000,360.85,0.6381972355,2
6000,360.9,0.6382030713,2
6000,360.95,0.638208906,2
6000,361,0.6382147396,2
6000,361.05,0.6382205719,2
6000,361.1,0.6382264031,2
6000,361.15,0.6382322331,2
6000,361.2,0.638238062,2
6000,361.25,0.6382438897,2
6000,361.3,0.6382497162,2
6000,361.35,0.6382555416,2
6000,361.4,0.6382613658,2
6000,361.45,0.6382671888,2
6000,361.5,0.6382730107,2
6000,361.55,0.6382788314,2
6000,361.6,0.638284651,2
6000,361.65,0.6382904693,2
6000,361.7,0.6382962866,2
6000,361.75,0.6383021026,2
6000,361.8,0.6383079175,2
6000,361.85,0.6383137312,2
6000,361.9,0.6383195438,2
6000,361.95,0.6383253552,2
6000,362,0.6383311654,2
6000,362.05,0.6383369745,2
6000,362.1,0.6383427824,2
6000,362.15,0.6383485892,2
6000,362.2,0.6383543948,2
6000,362.25,0.6383601992,2
6000,362.3,0.6383660025,2
6000,362.35,0.6383718046,2
6000,362.4,0.6383776056,2
6000,362.45,0.6383834053,2
6000,362.5,0.638389204,2
6000,362.55,0.6383950014,2
6000,362.6,0.6384007978,2
6000,362.65,0.6384065929,2
6000,362.7,0.6384123869,2
6000,362.75,0.6384181797,2
6000,362.8,0.6384239714,2
6000,362.85,0.6384297619,2
6000,362.9,0.6384355513,2
6000,362.95,0.6384413395,2
6000,363,0.6384471266,2
6000,363.05,0.6384529124,2
6000,363.1,0.6384586972,2
6000,363.15,0.6384644807,2
6000,363.2,0.6384702632,2
6000,363.25,0.6384760444,2
6000,363.3,0.6384818245,2
6000,363.35,0.6384876035,2
6000,363.4,0.6384933813,2
6000,363.45,0.6384991579,2
6000,363.5,0.6385049334,2
6000,363.55,0.6385107077,2
6000,363.6,0.6385164809,2
6000,363.65,0.6385222529,2
6000,363.7,0.6385280238,2
6000,363.75,0.6385337935,2
6000,363.8,0.638539562,2
6000,363.85,0.6385453295,2
6000,363.9,0.6385510957,2
6000,363.95,0.6385568608,2
6000,364,0.6385626247,2
6000,364.05,0.6385683875,2
6000,364.1,0.6385741492,2
6000,364.15,0.6385799097,2
6000,364.2,0.638585669,2
6000,364.25,0.6385914272,2
6000,364.3,0.6385971842,2
6000,364.35,0.6386029401,2
6000,364.4,0.6386086948,2
6000,364.45,0.6386144484,2
6000,364.5,0.6386202008,2
6000,364.55,0.6386259521,2
6000,364.6,0.6386317022,2
6000,364.65,0.6386374512,2
6000,364.7,0.638643199,2
6000,364.75,0.6386489457,2
6000,364.8,0.6386546912,2
6000,364.85,0.6386604356,2
6000,364.9,0.6386661788,2
6000,364.95,0.6386719209,2
6000,365,0.6386776619,2
6000,365.05,0.6386834016,2
6000,365.1,0.6386891403,2
6000,365.15,0.6386948778,2
6000,365.2,0.6387006141,2
6000,365.25,0.6387063493,2
6000,365.3,0.6387120834,2
6000,365.35,0.6387178163,2
6000,365.4,0.638723548,2
6000,365.45,0.6387292786,2
6000,365.5,0.6387350081,2
6000,365.55,0.6387407364,2
6000,365.6,0.6387464636,2
6000,365.65,0.6387521896,2
6000,365.7,0.6387579145,2
6000,365.75,0.6387636382,2
6000,365.8,0.6387693608,2
6000,365.85,0.6387750823,2
6000,365.9,0.6387808026,2
6000,365.95,0.6387865217,2
6000,366,0.6387922398,2
6000,366.05,0.6387979566,2
6000,366.1,0.6388036724,2
6000,366.15,0.6388093869,2
6000,366.2,0.6388151004,2
6000,366.25,0.6388208127,2
6000,366.3,0.6388265238,2
6000,366.35,0.6388322339,2
6000,366.4,0.6388379427,2
6000,366.45,0.6388436505,2
6000,366.5,0.6388493571,2
6000,366.55,0.6388550625,2
6000,366.6,0.6388607668,2
6000,366.65,0.63886647,2
6000,366.7,0.638872172,2
6000,366.75,0.6388778729,2
6000,366.8,0.6388835727,2
6000,366.85,0.6388892713,2
6000,366.9,0.6388949687,2
6000,366.95,0.6389006651,2
6000,367,0.6389063603,2
6000,367.05,0.6389120543,2
6000,367.1,0.6389177472,2
6000,367.15,0.638923439,2
6000,367.2,0.6389291296,2
6000,367.25,0.6389348191,2
6000,367.3,0.6389405075,2
6000,367.35,0.6389461947,2
6000,367.4,0.6389518808,2
6000,367.45,0.6389575657,2
6000,367.5,0.6389632495,2
6000,367.55,0.6389689322,2
6000,367.6,0.6389746138,2
6000,367.65,0.6389802942,2
6000,367.7,0.6389859734,2
6000,367.75,0.6389916516,2
6000,367.8,0.6389973285,2
6000,367.85,0.6390030044,2
6000,367.9,0.6390086791,2
6000,367.95,0.6390143527,2
6000,368,0.6390200252,2
6000,368.05,0.6390256965,2
6000,368.1,0.6390313667,2
6000,368.15,0.6390370357,2
6000,368.2,0.6390427037,2
6000,368.25,0.6390483704,2
6000,368.3,0.6390540361,2
6000,368.35,0.6390597006,2
6000,368.4,0.639065364,2
6000,368.45,0.6390710262,2
6000,368.5,0.6390766874,2
6000,368.55,0.6390823474,2
6000,368.6,0.6390880062,2
6000,368.65,0.6390936639,2
6000,368.7,0.6390993205,2
6000,368.75,0.639104976,2
6000,368.8,0.6391106303,2
6000,368.85,0.6391162835,2
6000,368.9,0.6391219356,2
6000,368.95,0.6391275865,2
6000,369,0.6391332363,2
6000,369.05,0.639138885,2
6000,369.1,0.6391445326,2
6000,369.15,0.639150179,2
6000,369.2,0.6391558243,2
6000,369.25,0.6391614685,2
6000,369.3,0.6391671115,2
6000,369.35,0.6391727534,2
6000,369.4,0.6391783942,2
6000,369.45,0.6391840338,2
6000,369.5,0.6391896723,2
6000,369.55,0.6391953097,2
6000,369.6,0.639200946,2
6000,369.65,0.6392065811,2
6000,369.7,0.6392122152,2
6000,369.75,0.639217848,2
6000,369.8,0.6392234798,2
6000,369.85,0.6392291104,2
6000,369.9,0.6392347399,2
6000,369.95,0.6392403683,2
6000,370,0.6392459956,2
6000,370.05,0.6392516217,2
6000,370.1,0.6392572467,2
6000,370.15,0.6392628706,2
6000,370.2,0.6392684934,2
6000,370.25,0.639274115,2
6000,370.3,0.6392797355,2
6000,370.35,0.6392853549,2
6000,370.4,0.6392909731,2
6000,370.45,0.6392965903,2
6000,370.5,0.6393022063,2
6000,370.55,0.6393078212,2
6000,370.6,0.6393134349,2
6000,370.65,0.6393190476,2
6000,370.7,0.6393246591,2
6000,370.75,0.6393302695,2
6000,370.8,0.6393358788,2
6000,370.85,0.6393414869,2
6000,370.9,0.639347094,2
6000,370.95,0.6393526999,2
6000,371,0.6393583047,2
6000,371.05,0.6393639084,2
6000,371.1,0.6393695109,2
6000,371.15,0.6393751123,2
6000,371.2,0.6393807126,2
6000,371.25,0.6393863118,2
6000,371.3,0.6393919099,2
6000,371.35,0.6393975069,2
6000,371.4,0.6394031027,2
6000,371.45,0.6394086974,2
6000,371.5,0.639414291,2
6000,371.55,0.6394198835,2
6000,371.6,0.6394254748,2
6000,371.65,0.6394310651,2
6000,371.7,0.6394366542,2
6000,371.75,0.6394422422,2
6000,371.8,0.6394478291,2
6000,371.85,0.6394534148,2
6000,371.9,0.6394589995,2
6000,371.95,0.639464583,2
6000,372,0.6394701654,2
6000,372.05,0.6394757467,2
6000,372.1,0.6394813269,2
6000,372.15,0.639486906,2
6000,372.2,0.6394924839,2
6000,372.25,0.6394980608,2
6000,372.3,0.6395036365,2
6000,372.35,0.6395092111,2
6000,372.4,0.6395147846,2
6000,372.45,0.639520357,2
6000,372.5,0.6395259282,2
6000,372.55,0.6395314984,2
6000,372.6,0.6395370674,2
6000,372.65,0.6395426354,2
6000,372.7,0.6395482022,2
6000,372.75,0.6395537679,2
6000,372.8,0.6395593324,2
6000,372.85,0.6395648959,2
6000,372.9,0.6395704583,2
6000,372.95,0.6395760195,2
6000,373,0.6395815796,2
6000,373.05,0.6395871387,2
6000,373.1,0.6395926966,2
6000,373.15,0.6395982534,2
6000,373.2,0.6396038091,2
6000,373.25,0.6396093636,2
6000,373.3,0.6396149171,2
6000,373.35,0.6396204695,2
6000,373.4,0.6396260207,2
6000,373.45,0.6396315708,2
6000,373.5,0.6396371199,2
6000,373.55,0.6396426678,2
6000,373.6,0.6396482146,2
6000,373.65,0.6396537603,2
6000,373.7,0.6396593049,2
6000,373.75,0.6396648483,2
6000,373.8,0.6396703907,2
6000,373.85,0.639675932,2
6000,373.9,0.6396814721,2
6000,373.95,0.6396870112,2
6000,374,0.6396925491,2
6000,374.05,0.6396980859,2
6000,374.1,0.6397036216,2
6000,374.15,0.6397091563,2
6000,374.2,0.6397146898,2
6000,374.25,0.6397202222,2
6000,374.3,0.6397257535,2
6000,374.35,0.6397312836,2
6000,374.4,0.6397368127,2
6000,374.45,0.6397423407,2
6000,374.5,0.6397478676,2
6000,374.55,0.6397533933,2
6000,374.6,0.639758918,2
6000,374.65,0.6397644416,2
6000,374.7,0.639769964,2
6000,374.75,0.6397754854,2
6000,374.8,0.6397810056,2
6000,374.85,0.6397865247,2
6000,374.9,0.6397920428,2
6000,374.95,0.6397975597,2
6000,375,0.6398030755,2
6000,375.05,0.6398085903,2
6000,375.1,0.6398141039,2
6000,375.15,0.6398196164,2
6000,375.2,0.6398251278,2
6000,375.25,0.6398306381,2
6000,375.3,0.6398361474,2
6000,375.35,0.6398416555,2
6000,375.4,0.6398471625,2
6000,375.45,0.6398526684,2
6000,375.5,0.6398581732,2
6000,375.55,0.6398636769,2
6000,375.6,0.6398691795,2
6000,375.65,0.639874681,2
6000,375.7,0.6398801814,2
6000,375.75,0.6398856807,2
6000,375.8,0.6398911789,2
6000,375.85,0.639896676,2
6000,375.9,0.639902172,2
6000,375.95,0.639907667,2
6000,376,0.6399131608,2
6000,376.05,0.6399186535,2
6000,376.1,0.6399241451,2
6000,376.15,0.6399296356,2
6000,376.2,0.639935125,2
6000,376.25,0.6399406133,2
6000,376.3,0.6399461006,2
6000,376.35,0.6399515867,2
6000,376.4,0.6399570717,2
6000,376.45,0.6399625556,2
6000,376.5,0.6399680385,2
6000,376.55,0.6399735202,2
6000,376.6,0.6399790009,2
6000,376.65,0.6399844804,2
6000,376.7,0.6399899588,2
6000,376.75,0.6399954362,2
6000,376.8,0.6400009125,2
6000,376.85,0.6400063876,2
6000,376.9,0.6400118617,2
6000,376.95,0.6400173347,2
6000,377,0.6400228065,2
6000,377.05,0.6400282773,2
6000,377.1,0.640033747,2
6000,377.15,0.6400392156,2
6000,377.2,0.6400446831,2
6000,377.25,0.6400501495,2
6000,377.3,0.6400556148,2
6000,377.35,0.6400610791,2
6000,377.4,0.6400665422,2
6000,377.45,0.6400720042,2
6000,377.5,0.6400774652,2
6000,377.55,0.640082925,2
6000,377.6,0.6400883838,2
6000,377.65,0.6400938415,2
6000,377.7,0.640099298,2
6000,377.75,0.6401047535,2
6000,377.8,0.6401102079,2
6000,377.85,0.6401156612,2
6000,377.9,0.6401211134,2
6000,377.95,0.6401265646,2
6000,378,0.6401320146,2
6000,378.05,0.6401374635,2
6000,378.1,0.6401429114,2
6000,378.15,0.6401483582,2
6000,378.2,0.6401538038,2
6000,378.25,0.6401592484,2
6000,378.3,0.6401646919,2
6000,378.35,0.6401701343,2
6000,378.4,0.6401755757,2
6000,378.45,0.6401810159,2
6000,378.5,0.640186455,2
6000,378.55,0.6401918931,2
6000,378.6,0.6401973301,2
6000,378.65,0.6402027659,2
6000,378.7,0.6402082007,2
6000,378.75,0.6402136344,2
6000,378.8,0.6402190671,2
6000,378.85,0.6402244986,2
6000,378.9,0.6402299291,2
6000,378.95,0.6402353584,2
6000,379,0.6402407867,2
6000,379.05,0.6402462139,2
6000,379.1,0.64025164,2
6000,379.15,0.640257065,2
6000,379.2,0.640262489,2
6000,379.25,0.6402679118,2
6000,379.3,0.6402733336,2
6000,379.35,0.6402787543,2
6000,379.4,0.6402841739,2
6000,379.45,0.6402895924,2
6000,379.5,0.6402950098,2
6000,379.55,0.6403004262,2
6000,379.6,0.6403058414,2
6000,379.65,0.6403112556,2
6000,379.7,0.6403166687,2
6000,379.75,0.6403220807,2
6000,379.8,0.6403274917,2
6000,379.85,0.6403329015,2
6000,379.9,0.6403383103,2
6000,379.95,0.640343718,2
6000,380,0.6403491246,2
6000,380.05,0.6403545301,2
6000,380.1,0.6403599345,2
6000,380.15,0.6403653379,2
6000,380.2,0.6403707402,2
6000,380.25,0.6403761414,2
6000,380.3,0.6403815415,2
6000,380.35,0.6403869406,2
6000,380.4,0.6403923385,2
6000,380.45,0.6403977354,2
6000,380.5,0.6404031312,2
6000,380.55,0.640408526,2
6000,380.6,0.6404139196,2
6000,380.65,0.6404193122,2
6000,380.7,0.6404247037,2
6000,380.75,0.6404300941,2
6000,380.8,0.6404354834,2
6000,380.85,0.6404408717,2
6000,380.9,0.6404462588,2
6000,380.95,0.6404516449,2
6000,381,0.64045703,2
6000,381.05,0.6404624139,2
6000,381.1,0.6404677968,2
6000,381.15,0.6404731786,2
6000,381.2,0.6404785593,2
6000,381.25,0.6404839389,2
6000,381.3,0.6404893175,2
6000,381.35,0.640494695,2
6000,381.4,0.6405000714,2
6000,381.45,0.6405054468,2
6000,381.5,0.640510821,2
6000,381.55,0.6405161942,2
6000,381.6,0.6405215663,2
6000,381.65,0.6405269374,2
6000,381.7,0.6405323073,2
6000,381.75,0.6405376762,2
6000,381.8,0.6405430441,2
6000,381.85,0.6405484108,2
6000,381.9,0.6405537765,2
6000,381.95,0.6405591411,2
6000,382,0.6405645046,2
6000,382.05,0.6405698671,2
6000,382.1,0.6405752284,2
6000,382.15,0.6405805888,2
6000,382.2,0.640585948,2
6000,382.25,0.6405913062,2
6000,382.3,0.6405966633,2
6000,382.35,0.6406020193,2
6000,382.4,0.6406073742,2
6000,382.45,0.6406127281,2
6000,382.5,0.6406180809,2
6000,382.55,0.6406234327,2
6000,382.6,0.6406287833,2
6000,382.65,0.6406341329,2
6000,382.7,0.6406394815,2
6000,382.75,0.6406448289,2
6000,382.8,0.6406501753,2
6000,382.85,0.6406555206,2
6000,382.9,0.6406608649,2
6000,382.95,0.6406662081,2
6000,383,0.6406715502,2
6000,383.05,0.6406768912,2
6000,383.1,0.6406822312,2
6000,383.15,0.6406875701,2
6000,383.2,0.640692908,2
6000,383.25,0.6406982448,2
6000,383.3,0.6407035805,2
6000,383.35,0.6407089151,2
6000,383.4,0.6407142487,2
6000,383.45,0.6407195812,2
6000,383.5,0.6407249126,2
6000,383.55,0.640730243,2
6000,383.6,0.6407355723,2
6000,383.65,0.6407409006,2
6000,383.7,0.6407462278,2
6000,383.75,0.6407515539,2
6000,383.8,0.6407568789,2
6000,383.85,0.6407622029,2
6000,383.9,0.6407675258,2
6000,383.95,0.6407728477,2
6000,384,0.6407781685,2
6000,384.05,0.6407834882,2
6000,384.1,0.6407888069,2
6000,384.15,0.6407941245,2
6000,384.2,0.640799441,2
6000,384.25,0.6408047565,2
6000,384.3,0.6408100709,2
6000,384.35,0.6408153842,2
6000,384.4,0.6408206965,2
6000,384.45,0.6408260077,2
6000,384.5,0.6408313179,2
6000,384.55,0.640836627,2
6000,384.6,0.640841935,2
6000,384.65,0.640847242,2
6000,384.7,0.6408525479,2
6000,384.75,0.6408578528,2
6000,384.8,0.6408631566,2
6000,384.85,0.6408684593,2
6000,384.9,0.640873761,2
6000,384.95,0.6408790616,2
6000,385,0.6408843611,2
6000,385.05,0.6408896596,2
6000,385.1,0.640894957,2
6000,385.15,0.6409002534,2
6000,385.2,0.6409055487,2
6000,385.25,0.640910843,2
6000,385.3,0.6409161362,2
6000,385.35,0.6409214283,2
6000,385.4,0.6409267194,2
6000,385.45,0.6409320094,2
6000,385.5,0.6409372984,2
6000,385.55,0.6409425863,2
6000,385.6,0.6409478731,2
6000,385.65,0.6409531589,2
6000,385.7,0.6409584436,2
6000,385.75,0.6409637273,2
6000,385.8,0.6409690099,2
6000,385.85,0.6409742915,2
6000,385.9,0.640979572,2
6000,385.95,0.6409848514,2
6000,386,0.6409901298,2
6000,386.05,0.6409954072,2
6000,386.1,0.6410006835,2
6000,386.15,0.6410059587,2
6000,386.2,0.6410112329,2
6000,386.25,0.641016506,2
6000,386.3,0.641021778,2
6000,386.35,0.6410270491,2
6000,386.4,0.641032319,2
6000,386.45,0.6410375879,2
6000,386.5,0.6410428558,2
6000,386.55,0.6410481226,2
6000,386.6,0.6410533883,2
6000,386.65,0.641058653,2
6000,386.7,0.6410639166,2
6000,386.75,0.6410691792,2
6000,386.8,0.6410744407,2
6000,386.85,0.6410797012,2
6000,386.9,0.6410849606,2
6000,386.95,0.641090219,2
6000,387,0.6410954763,2
6000,387.05,0.6411007326,2
6000,387.1,0.6411059878,2
6000,387.15,0.641111242,2
6000,387.2,0.6411164951,2
6000,387.25,0.6411217472,2
6000,387.3,0.6411269982,2
6000,387.35,0.6411322482,2
6000,387.4,0.6411374971,2
6000,387.45,0.641142745,2
6000,387.5,0.6411479918,2
6000,387.55,0.6411532375,2
6000,387.6,0.6411584823,2
6000,387.65,0.6411637259,2
6000,387.7,0.6411689686,2
6000,387.75,0.6411742101,2
6000,387.8,0.6411794507,2
6000,387.85,0.6411846901,2
6000,387.9,0.6411899286,2
6000,387.95,0.6411951659,2
6000,388,0.6412004023,2
6000,388.05,0.6412056376,2
6000,388.1,0.6412108718,2
6000,388.15,0.641216105,2
6000,388.2,0.6412213372,2
6000,388.25,0.6412265683,2
6000,388.3,0.6412317983,2
6000,388.35,0.6412370273,2
6000,388.4,0.6412422553,2
6000,388.45,0.6412474822,2
6000,388.5,0.6412527081,2
6000,388.55,0.6412579329,2
6000,388.6,0.6412631567,2
6000,388.65,0.6412683794,2
6000,388.7,0.6412736011,2
6000,388.75,0.6412788218,2
6000,388.8,0.6412840414,2
6000,388.85,0.6412892599,2
6000,388.9,0.6412944775,2
6000,388.95,0.6412996939,2
6000,389,0.6413049094,2
6000,389.05,0.6413101238,2
6000,389.1,0.6413153371,2
6000,389.15,0.6413205494,2
6000,389.2,0.6413257607,2
6000,389.25,0.6413309709,2
6000,389.3,0.6413361801,2
6000,389.35,0.6413413882,2
6000,389.4,0.6413465953,2
6000,389.45,0.6413518013,2
6000,389.5,0.6413570064,2
6000,389.55,0.6413622103,2
6000,389.6,0.6413674133,2
6000,389.65,0.6413726151,2
6000,389.7,0.641377816,2
6000,389.75,0.6413830158,2
6000,389.8,0.6413882146,2
6000,389.85,0.6413934123,2
6000,389.9,0.641398609,2
6000,389.95,0.6414038046,2
6000,390,0.6414089993,2
6000,390.05,0.6414141928,2
6000,390.1,0.6414193854,2
6000,390.15,0.6414245769,2
6000,390.2,0.6414297673,2
6000,390.25,0.6414349567,2
6000,390.3,0.6414401451,2
6000,390.35,0.6414453325,2
6000,390.4,0.6414505188,2
6000,390.45,0.641455704,2
6000,390.5,0.6414608883,2
6000,390.55,0.6414660715,2
6000,390.6,0.6414712536,2
6000,390.65,0.6414764348,2
6000,390.7,0.6414816148,2
6000,390.75,0.6414867939,2
6000,390.8,0.6414919719,2
6000,390.85,0.6414971489,2
6000,390.9,0.6415023248,2
6000,390.95,0.6415074997,2
6000,391,0.6415126736,2
6000,391.05,0.6415178465,2
6000,391.1,0.6415230183,2
6000,391.15,0.641528189,2
6000,391.2,0.6415333588,2
6000,391.25,0.6415385275,2
6000,391.3,0.6415436952,2
6000,391.35,0.6415488618,2
6000,391.4,0.6415540274,2
6000,391.45,0.641559192,2
6000,391.5,0.6415643555,2
6000,391.55,0.641569518,2
6000,391.6,0.6415746795,2
6000,391.65,0.6415798399,2
6000,391.7,0.6415849993,2
6000,391.75,0.6415901577,2
6000,391.8,0.641595315,2
6000,391.85,0.6416004714,2
6000,391.9,0.6416056266,2
6000,391.95,0.6416107809,2
6000,392,0.6416159341,2
6000,392.05,0.6416210863,2
6000,392.1,0.6416262375,2
6000,392.15,0.6416313876,2
6000,392.2,0.6416365367,2
6000,392.25,0.6416416848,2
6000,392.3,0.6416468318,2
6000,392.35,0.6416519778,2
6000,392.4,0.6416571228,2
6000,392.45,0.6416622668,2
6000,392.5,0.6416674097,2
6000,392.55,0.6416725516,2
6000,392.6,0.6416776924,2
6000,392.65,0.6416828323,2
6000,392.7,0.6416879711,2
6000,392.75,0.6416931089,2
6000,392.8,0.6416982456,2
6000,392.85,0.6417033814,2
6000,392.9,0.6417085161,2
6000,392.95,0.6417136497,2
6000,393,0.6417187824,2
6000,393.05,0.641723914,2
6000,393.1,0.6417290446,2
6000,393.15,0.6417341742,2
6000,393.2,0.6417393027,2
6000,393.25,0.6417444302,2
6000,393.3,0.6417495567,2
6000,393.35,0.6417546822,2
6000,393.4,0.6417598067,2
6000,393.45,0.6417649301,2
6000,393.5,0.6417700525,2
6000,393.55,0.6417751738,2
6000,393.6,0.6417802942,2
6000,393.65,0.6417854135,2
6000,393.7,0.6417905318,2
6000,393.75,0.6417956491,2
6000,393.8,0.6418007653,2
6000,393.85,0.6418058806,2
6000,393.9,0.6418109948,2
6000,393.95,0.6418161079,2
6000,394,0.6418212201,2
6000,394.05,0.6418263312,2
6000,394.1,0.6418314414,2
6000,394.15,0.6418365504,2
6000,394.2,0.6418416585,2
6000,394.25,0.6418467656,2
6000,394.3,0.6418518716,2
6000,394.35,0.6418569766,2
6000,394.4,0.6418620806,2
6000,394.45,0.6418671836,2
6000,394.5,0.6418722855,2
6000,394.55,0.6418773864,2
6000,394.6,0.6418824863,2
6000,394.65,0.6418875852,2
6000,394.7,0.6418926831,2
6000,394.75,0.6418977799,2
6000,394.8,0.6419028758,2
6000,394.85,0.6419079706,2
6000,394.9,0.6419130644,2
6000,394.95,0.6419181571,2
6000,395,0.6419232489,2
6000,395.05,0.6419283396,2
6000,395.1,0.6419334293,2
6000,395.15,0.641938518,2
6000,395.2,0.6419436057,2
6000,395.25,0.6419486924,2
6000,395.3,0.641953778,2
6000,395.35,0.6419588626,2
6000,395.4,0.6419639462,2
6000,395.45,0.6419690288,2
6000,395.5,0.6419741104,2
6000,395.55,0.641979191,2
6000,395.6,0.6419842705,2
6000,395.65,0.6419893491,2
6000,395.7,0.6419944266,2
6000,395.75,0.6419995031,2
6000,395.8,0.6420045786,2
6000,395.85,0.642009653,2
6000,395.9,0.6420147265,2
6000,395.95,0.6420197989,2
6000,396,0.6420248703,2
6000,396.05,0.6420299408,2
6000,396.1,0.6420350102,2
6000,396.15,0.6420400785,2
6000,396.2,0.6420451459,2
6000,396.25,0.6420502123,2
6000,396.3,0.6420552776,2
6000,396.35,0.6420603419,2
6000,396.4,0.6420654053,2
6000,396.45,0.6420704676,2
6000,396.5,0.6420755289,2
6000,396.55,0.6420805891,2
6000,396.6,0.6420856484,2
6000,396.65,0.6420907067,2
6000,396.7,0.6420957639,2
6000,396.75,0.6421008201,2
6000,396.8,0.6421058754,2
6000,396.85,0.6421109296,2
6000,396.9,0.6421159828,2
6000,396.95,0.642121035,2
6000,397,0.6421260861,2
6000,397.05,0.6421311363,2
6000,397.1,0.6421361855,2
6000,397.15,0.6421412336,2
6000,397.2,0.6421462808,2
6000,397.25,0.6421513269,2
6000,397.3,0.642156372,2
6000,397.35,0.6421614161,2
6000,397.4,0.6421664592,2
6000,397.45,0.6421715013,2
6000,397.5,0.6421765424,2
6000,397.55,0.6421815825,2
6000,397.6,0.6421866216,2
6000,397.65,0.6421916596,2
6000,397.7,0.6421966967,2
6000,397.75,0.6422017327,2
6000,397.8,0.6422067678,2
6000,397.85,0.6422118018,2
6000,397.9,0.6422168349,2
6000,397.95,0.6422218669,2
6000,398,0.6422268979,2
6000,398.05,0.6422319279,2
6000,398.1,0.6422369569,2
6000,398.15,0.6422419849,2
6000,398.2,0.6422470119,2
6000,398.25,0.6422520379,2
6000,398.3,0.6422570629,2
6000,398.35,0.6422620868,2
6000,398.4,0.6422671098,2
6000,398.45,0.6422721318,2
6000,398.5,0.6422771527,2
6000,398.55,0.6422821727,2
6000,398.6,0.6422871917,2
6000,398.65,0.6422922096,2
6000,398.7,0.6422972266,2
6000,398.75,0.6423022425,2
6000,398.8,0.6423072575,2
6000,398.85,0.6423122714,2
6000,398.9,0.6423172843,2
6000,398.95,0.6423222963,2
6000,399,0.6423273072,2
6000,399.05,0.6423323171,2
6000,399.1,0.6423373261,2
6000,399.15,0.642342334,2
6000,399.2,0.6423473409,2
6000,399.25,0.6423523468,2
6000,399.3,0.6423573518,2
6000,399.35,0.6423623557,2
6000,399.4,0.6423673586,2
6000,399.45,0.6423723605,2
6000,399.5,0.6423773614,2
6000,399.55,0.6423823614,2
6000,399.6,0.6423873603,2
6000,399.65,0.6423923582,2
6000,399.7,0.6423973551,2
6000,399.75,0.642402351,2
6000,399.8,0.642407346,2
6000,399.85,0.6424123399,2
6000,399.9,0.6424173328,2
6000,399.95,0.6424223247,2
6000,400,0.6424273157,2
6000,400.05,0.6424323056,2
6000,400.1,0.6424372945,2
6000,400.15,0.6424422825,2
6000,400.2,0.6424472694,2
6000,400.25,0.6424522553,2
6000,400.3,0.6424572403,2
6000,400.35,0.6424622242,2
6000,400.4,0.6424672072,2
6000,400.45,0.6424721891,2
6000,400.5,0.6424771701,2
6000,400.55,0.64248215,2
6000,400.6,0.642487129,2
6000,400.65,0.642492107,2
6000,400.7,0.642497084,2
6000,400.75,0.6425020599,2
6000,400.8,0.6425070349,2
6000,400.85,0.6425120089,2
6000,400.9,0.6425169819,2
6000,400.95,0.6425219539,2
6000,401,0.6425269249,2
6000,401.05,0.6425318949,2
6000,401.1,0.6425368639,2
6000,401.15,0.6425418319,2
6000,401.2,0.642546799,2
6000,401.25,0.642551765,2
6000,401.3,0.6425567301,2
6000,401.35,0.6425616941,2
6000,401.4,0.6425666572,2
6000,401.45,0.6425716192,2
6000,401.5,0.6425765803,2
6000,401.55,0.6425815404,2
6000,401.6,0.6425864995,2
6000,401.65,0.6425914576,2
6000,401.7,0.6425964147,2
6000,401.75,0.6426013708,2
6000,401.8,0.6426063259,2
6000,401.85,0.64261128,2
6000,401.9,0.6426162332,2
6000,401.95,0.6426211853,2
6000,402,0.6426261365,2
6000,402.05,0.6426310867,2
6000,402.1,0.6426360358,2
6000,402.15,0.642640984,2
6000,402.2,0.6426459312,2
6000,402.25,0.6426508774,2
6000,402.3,0.6426558227,2
6000,402.35,0.6426607669,2
6000,402.4,0.6426657101,2
6000,402.45,0.6426706524,2
6000,402.5,0.6426755937,2
6000,402.55,0.6426805339,2
6000,402.6,0.6426854732,2
6000,402.65,0.6426904115,2
6000,402.7,0.6426953489,2
6000,402.75,0.6427002852,2
6000,402.8,0.6427052205,2
6000,402.85,0.6427101549,2
6000,402.9,0.6427150883,2
6000,402.95,0.6427200206,2
6000,403,0.642724952,2
6000,403.05,0.6427298824,2
6000,403.1,0.6427348119,2
6000,403.15,0.6427397403,2
6000,403.2,0.6427446677,2
6000,403.25,0.6427495942,2
6000,403.3,0.6427545197,2
6000,403.35,0.6427594442,2
6000,403.4,0.6427643677,2
6000,403.45,0.6427692902,2
6000,403.5,0.6427742118,2
6000,403.55,0.6427791323,2
6000,403.6,0.6427840519,2
6000,403.65,0.6427889705,2
6000,403.7,0.6427938881,2
6000,403.75,0.6427988047,2
6000,403.8,0.6428037204,2
6000,403.85,0.642808635,2
6000,403.9,0.6428135487,2
6000,403.95,0.6428184614,2
6000,404,0.6428233731,2
6000,404.05,0.6428282838,2
6000,404.1,0.6428331936,2
6000,404.15,0.6428381023,2
6000,404.2,0.6428430101,2
6000,404.25,0.6428479169,2
6000,404.3,0.6428528227,2
6000,404.35,0.6428577276,2
6000,404.4,0.6428626314,2
6000,404.45,0.6428675343,2
6000,404.5,0.6428724362,2
6000,404.55,0.6428773371,2
6000,404.6,0.642882237,2
6000,404.65,0.642887136,2
6000,404.7,0.642892034,2
6000,404.75,0.642896931,2
6000,404.8,0.642901827,2
6000,404.85,0.642906722,2
6000,404.9,0.6429116161,2
6000,404.95,0.6429165092,2
6000,405,0.6429214013,2
6000,405.05,0.6429262924,2
6000,405.1,0.6429311825,2
6000,405.15,0.6429360717,2
6000,405.2,0.6429409599,2
6000,405.25,0.6429458471,2
6000,405.3,0.6429507333,2
6000,405.35,0.6429556186,2
6000,405.4,0.6429605029,2
6000,405.45,0.6429653862,2
6000,405.5,0.6429702685,2
6000,405.55,0.6429751499,2
6000,405.6,0.6429800302,2
6000,405.65,0.6429849096,2
6000,405.7,0.642989788,2
6000,405.75,0.6429946655,2
6000,405.8,0.642999542,2
6000,405.85,0.6430044175,2
6000,405.9,0.643009292,2
6000,405.95,0.6430141655,2
6000,406,0.6430190381,2
6000,406.05,0.6430239097,2
6000,406.1,0.6430287803,2
6000,406.15,0.64303365,2
6000,406.2,0.6430385186,2
6000,406.25,0.6430433863,2
6000,406.3,0.6430482531,2
6000,406.35,0.6430531188,2
6000,406.4,0.6430579836,2
6000,406.45,0.6430628474,2
6000,406.5,0.6430677103,2
6000,406.55,0.6430725721,2
6000,406.6,0.643077433,2
6000,406.65,0.6430822929,2
6000,406.7,0.6430871519,2
6000,406.75,0.6430920099,2
6000,406.8,0.6430968669,2
6000,406.85,0.6431017229,2
6000,406.9,0.643106578,2
6000,406.95,0.6431114321,2
6000,407,0.6431162852,2
6000,407.05,0.6431211373,2
6000,407.1,0.6431259885,2
6000,407.15,0.6431308387,2
6000,407.2,0.643135688,2
6000,407.25,0.6431405362,2
6000,407.3,0.6431453835,2
6000,407.35,0.6431502299,2
6000,407.4,0.6431550752,2
6000,407.45,0.6431599196,2
6000,407.5,0.643164763,2
6000,407.55,0.6431696055,2
6000,407.6,0.643174447,2
6000,407.65,0.6431792875,2
6000,407.7,0.643184127,2
6000,407.75,0.6431889656,2
6000,407.8,0.6431938032,2
6000,407.85,0.6431986399,2
6000,407.9,0.6432034756,2
6000,407.95,0.6432083103,2
6000,408,0.643213144,2
6000,408.05,0.6432179768,2
6000,408.1,0.6432228086,2
6000,408.15,0.6432276395,2
6000,408.2,0.6432324694,2
6000,408.25,0.6432372983,2
6000,408.3,0.6432421262,2
6000,408.35,0.6432469532,2
6000,408.4,0.6432517792,2
6000,408.45,0.6432566043,2
6000,408.5,0.6432614284,2
6000,408.55,0.6432662515,2
6000,408.6,0.6432710737,2
6000,408.65,0.6432758948,2
6000,408.7,0.6432807151,2
6000,408.75,0.6432855343,2
6000,408.8,0.6432903526,2
6000,408.85,0.64329517,2
6000,408.9,0.6432999864,2
6000,408.95,0.6433048018,2
6000,409,0.6433096162,2
6000,409.05,0.6433144297,2
6000,409.1,0.6433192422,2
6000,409.15,0.6433240538,2
6000,409.2,0.6433288644,2
6000,409.25,0.643333674,2
6000,409.3,0.6433384827,2
6000,409.35,0.6433432904,2
6000,409.4,0.6433480972,2
6000,409.45,0.643352903,2
6000,409.5,0.6433577078,2
6000,409.55,0.6433625117,2
6000,409.6,0.6433673146,2
6000,409.65,0.6433721165,2
6000,409.7,0.6433769175,2
6000,409.75,0.6433817176,2
6000,409.8,0.6433865166,2
6000,409.85,0.6433913147,2
6000,409.9,0.6433961119,2
6000,409.95,0.6434009081,2
6000,410,0.6434057033,2
6000,410.05,0.6434104976,2
6000,410.1,0.6434152909,2
6000,410.15,0.6434200833,2
6000,410.2,0.6434248746,2
6000,410.25,0.6434296651,2
6000,410.3,0.6434344546,2
6000,410.35,0.6434392431,2
6000,410.4,0.6434440307,2
6000,410.45,0.6434488173,2
6000,410.5,0.6434536029,2
6000,410.55,0.6434583876,2
6000,410.6,0.6434631713,2
6000,410.65,0.6434679541,2
6000,410.7,0.6434727359,2
6000,410.75,0.6434775168,2
6000,410.8,0.6434822967,2
6000,410.85,0.6434870757,2
6000,410.9,0.6434918537,2
6000,410.95,0.6434966307,2
6000,411,0.6435014068,2
6000,411.05,0.6435061819,2
6000,411.1,0.6435109561,2
6000,411.15,0.6435157293,2
6000,411.2,0.6435205016,2
6000,411.25,0.6435252729,2
6000,411.3,0.6435300433,2
6000,411.35,0.6435348127,2
6000,411.4,0.6435395812,2
6000,411.45,0.6435443487,2
6000,411.5,0.6435491152,2
6000,411.55,0.6435538808,2
6000,411.6,0.6435586454,2
6000,411.65,0.6435634091,2
6000,411.7,0.6435681719,2
6000,411.75,0.6435729336,2
6000,411.8,0.6435776945,2
6000,411.85,0.6435824543,2
6000,411.9,0.6435872133,2
6000,411.95,0.6435919712,2
6000,412,0.6435967283,2
6000,412.05,0.6436014843,2
6000,412.1,0.6436062395,2
6000,412.15,0.6436109936,2
6000,412.2,0.6436157468,2
6000,412.25,0.6436204991,2
6000,412.3,0.6436252504,2
6000,412.35,0.6436300008,2
6000,412.4,0.6436347502,2
6000,412.45,0.6436394987,2
6000,412.5,0.6436442462,2
6000,412.55,0.6436489928,2
6000,412.6,0.6436537384,2
6000,412.65,0.6436584831,2
6000,412.7,0.6436632268,2
6000,412.75,0.6436679695,2
6000,412.8,0.6436727114,2
6000,412.85,0.6436774522,2
6000,412.9,0.6436821922,2
6000,412.95,0.6436869312,2
6000,413,0.6436916692,2
6000,413.05,0.6436964063,2
6000,413.1,0.6437011424,2
6000,413.15,0.6437058776,2
6000,413.2,0.6437106118,2
6000,413.25,0.6437153451,2
6000,413.3,0.6437200775,2
6000,413.35,0.6437248089,2
6000,413.4,0.6437295394,2
6000,413.45,0.6437342689,2
6000,413.5,0.6437389974,2
6000,413.55,0.643743725,2
6000,413.6,0.6437484517,2
6000,413.65,0.6437531775,2
6000,413.7,0.6437579022,2
6000,413.75,0.6437626261,2
6000,413.8,0.643767349,2
6000,413.85,0.6437720709,2
6000,413.9,0.6437767919,2
6000,413.95,0.643781512,2
6000,414,0.6437862311,2
6000,414.05,0.6437909493,2
6000,414.1,0.6437956665,2
6000,414.15,0.6438003828,2
6000,414.2,0.6438050981,2
6000,414.25,0.6438098125,2
6000,414.3,0.643814526,2
6000,414.35,0.6438192385,2
6000,414.4,0.6438239501,2
6000,414.45,0.6438286607,2
6000,414.5,0.6438333704,2
6000,414.55,0.6438380792,2
6000,414.6,0.643842787,2
6000,414.65,0.6438474938,2
6000,414.7,0.6438521998,2
6000,414.75,0.6438569047,2
6000,414.8,0.6438616088,2
6000,414.85,0.6438663119,2
6000,414.9,0.643871014,2
6000,414.95,0.6438757153,2
6000,415,0.6438804155,2
6000,415.05,0.6438851149,2
6000,415.1,0.6438898133,2
6000,415.15,0.6438945107,2
6000,415.2,0.6438992073,2
6000,415.25,0.6439039028,2
6000,415.3,0.6439085975,2
6000,415.35,0.6439132912,2
6000,415.4,0.6439179839,2
6000,415.45,0.6439226758,2
6000,415.5,0.6439273667,2
6000,415.55,0.6439320566,2
6000,415.6,0.6439367456,2
6000,415.65,0.6439414337,2
6000,415.7,0.6439461208,2
6000,415.75,0.643950807,2
6000,415.8,0.6439554923,2
6000,415.85,0.6439601766,2
6000,415.9,0.64396486,2
6000,415.95,0.6439695425,2
6000,416,0.643974224,2
6000,416.05,0.6439789046,2
6000,416.1,0.6439835842,2
6000,416.15,0.6439882629,2
6000,416.2,0.6439929407,2
6000,416.25,0.6439976175,2
6000,416.3,0.6440022934,2
6000,416.35,0.6440069684,2
6000,416.4,0.6440116424,2
6000,416.45,0.6440163155,2
6000,416.5,0.6440209877,2
6000,416.55,0.6440256589,2
6000,416.6,0.6440303292,2
6000,416.65,0.6440349986,2
6000,416.7,0.644039667,2
6000,416.75,0.6440443345,2
6000,416.8,0.644049001,2
6000,416.85,0.6440536667,2
6000,416.9,0.6440583314,2
6000,416.95,0.6440629951,2
6000,417,0.6440676579,2
6000,417.05,0.6440723198,2
6000,417.1,0.6440769808,2
6000,417.15,0.6440816408,2
6000,417.2,0.6440862999,2
6000,417.25,0.6440909581,2
6000,417.3,0.6440956153,2
6000,417.35,0.6441002716,2
6000,417.4,0.644104927,2
6000,417.45,0.6441095814,2
6000,417.5,0.644114235,2
6000,417.55,0.6441188875,2
6000,417.6,0.6441235392,2
6000,417.65,0.6441281899,2
6000,417.7,0.6441328397,2
6000,417.75,0.6441374886,2
6000,417.8,0.6441421365,2
6000,417.85,0.6441467835,2
6000,417.9,0.6441514296,2
6000,417.95,0.6441560747,2
6000,418,0.6441607189,2
6000,418.05,0.6441653622,2
6000,418.1,0.6441700045,2
6000,418.15,0.644174646,2
6000,418.2,0.6441792865,2
6000,418.25,0.644183926,2
6000,418.3,0.6441885647,2
6000,418.35,0.6441932024,2
6000,418.4,0.6441978392,2
6000,418.45,0.6442024751,2
6000,418.5,0.64420711,2
6000,418.55,0.644211744,2
6000,418.6,0.6442163771,2
6000,418.65,0.6442210092,2
6000,418.7,0.6442256405,2
6000,418.75,0.6442302708,2
6000,418.8,0.6442349001,2
6000,418.85,0.6442395286,2
6000,418.9,0.6442441561,2
6000,418.95,0.6442487827,2
6000,419,0.6442534084,2
6000,419.05,0.6442580331,2
6000,419.1,0.6442626569,2
6000,419.15,0.6442672798,2
6000,419.2,0.6442719018,2
6000,419.25,0.6442765229,2
6000,419.3,0.644281143,2
6000,419.35,0.6442857622,2
6000,419.4,0.6442903805,2
6000,419.45,0.6442949978,2
6000,419.5,0.6442996143,2
6000,419.55,0.6443042298,2
6000,419.6,0.6443088444,2
6000,419.65,0.644313458,2
6000,419.7,0.6443180708,2
6000,419.75,0.6443226826,2
6000,419.8,0.6443272935,2
6000,419.85,0.6443319034,2
6000,419.9,0.6443365125,2
6000,419.95,0.6443411206,2
6000,420,0.6443457278,2
6000,420.05,0.6443503341,2
6000,420.1,0.6443549395,2
6000,420.15,0.6443595439,2
6000,420.2,0.6443641474,2
6000,420.25,0.6443687501,2
6000,420.3,0.6443733517,2
6000,420.35,0.6443779525,2
6000,420.4,0.6443825523,2
6000,420.45,0.6443871513,2
6000,420.5,0.6443917493,2
6000,420.55,0.6443963463,2
6000,420.6,0.6444009425,2
6000,420.65,0.6444055378,2
6000,420.7,0.6444101321,2
6000,420.75,0.6444147255,2
6000,420.8,0.644419318,2
6000,420.85,0.6444239095,2
6000,420.9,0.6444285002,2
6000,420.95,0.6444330899,2
6000,421,0.6444376787,2
6000,421.05,0.6444422666,2
6000,421.1,0.6444468536,2
6000,421.15,0.6444514397,2
6000,421.2,0.6444560248,2
6000,421.25,0.6444606091,2
6000,421.3,0.6444651924,2
6000,421.35,0.6444697748,2
6000,421.4,0.6444743562,2
6000,421.45,0.6444789368,2
6000,421.5,0.6444835165,2
6000,421.55,0.6444880952,2
6000,421.6,0.644492673,2
6000,421.65,0.6444972499,2
6000,421.7,0.6445018259,2
6000,421.75,0.644506401,2
6000,421.8,0.6445109751,2
6000,421.85,0.6445155484,2
6000,421.9,0.6445201207,2
6000,421.95,0.6445246921,2
6000,422,0.6445292626,2
6000,422.05,0.6445338322,2
6000,422.1,0.6445384008,2
6000,422.15,0.6445429686,2
6000,422.2,0.6445475354,2
6000,422.25,0.6445521014,2
6000,422.3,0.6445566664,2
6000,422.35,0.6445612305,2
6000,422.4,0.6445657937,2
6000,422.45,0.6445703559,2
6000,422.5,0.6445749173,2
6000,422.55,0.6445794778,2
6000,422.6,0.6445840373,2
6000,422.65,0.6445885959,2
6000,422.7,0.6445931537,2
6000,422.75,0.6445977105,2
6000,422.8,0.6446022664,2
6000,422.85,0.6446068213,2
6000,422.9,0.6446113754,2
6000,422.95,0.6446159286,2
6000,423,0.6446204808,2
6000,423.05,0.6446250322,2
6000,423.1,0.6446295826,2
6000,423.15,0.6446341321,2
6000,423.2,0.6446386807,2
6000,423.25,0.6446432284,2
6000,423.3,0.6446477752,2
6000,423.35,0.6446523211,2
6000,423.4,0.6446568661,2
6000,423.45,0.6446614101,2
6000,423.5,0.6446659533,2
6000,423.55,0.6446704955,2
6000,423.6,0.6446750369,2
6000,423.65,0.6446795773,2
6000,423.7,0.6446841168,2
6000,423.75,0.6446886555,2
6000,423.8,0.6446931932,2
6000,423.85,0.64469773,2
6000,423.9,0.6447022659,2
6000,423.95,0.6447068008,2
6000,424,0.6447113349,2
6000,424.05,0.6447158681,2
6000,424.1,0.6447204004,2
6000,424.15,0.6447249317,2
6000,424.2,0.6447294622,2
6000,424.25,0.6447339917,2
6000,424.3,0.6447385204,2
6000,424.35,0.6447430481,2
6000,424.4,0.6447475749,2
6000,424.45,0.6447521008,2
6000,424.5,0.6447566259,2
6000,424.55,0.64476115,2
6000,424.6,0.6447656732,2
6000,424.65,0.6447701955,2
6000,424.7,0.6447747169,2
6000,424.75,0.6447792374,2
6000,424.8,0.644783757,2
6000,424.85,0.6447882757,2
6000,424.9,0.6447927935,2
6000,424.95,0.6447973103,2
6000,425,0.6448018263,2
6000,425.05,0.6448063414,2
6000,425.1,0.6448108556,2
6000,425.15,0.6448153688,2
6000,425.2,0.6448198812,2
6000,425.25,0.6448243927,2
6000,425.3,0.6448289032,2
6000,425.35,0.6448334129,2
6000,425.4,0.6448379217,2
6000,425.45,0.6448424295,2
6000,425.5,0.6448469365,2
6000,425.55,0.6448514425,2
6000,425.6,0.6448559477,2
6000,425.65,0.6448604519,2
6000,425.7,0.6448649553,2
6000,425.75,0.6448694577,2
6000,425.8,0.6448739593,2
6000,425.85,0.6448784599,2
6000,425.9,0.6448829597,2
6000,425.95,0.6448874585,2
6000,426,0.6448919565,2
6000,426.05,0.6448964535,2
6000,426.1,0.6449009497,2
6000,426.15,0.6449054449,2
6000,426.2,0.6449099393,2
6000,426.25,0.6449144327,2
6000,426.3,0.6449189253,2
6000,426.35,0.644923417,2
6000,426.4,0.6449279077,2
6000,426.45,0.6449323976,2
6000,426.5,0.6449368866,2
6000,426.55,0.6449413746,2
6000,426.6,0.6449458618,2
6000,426.65,0.6449503481,2
6000,426.7,0.6449548334,2
6000,426.75,0.6449593179,2
6000,426.8,0.6449638015,2
6000,426.85,0.6449682842,2
6000,426.9,0.644972766,2
6000,426.95,0.6449772469,2
6000,427,0.6449817268,2
6000,427.05,0.6449862059,2
6000,427.1,0.6449906841,2
6000,427.15,0.6449951615,2
6000,427.2,0.6449996379,2
6000,427.25,0.6450041134,2
6000,427.3,0.645008588,2
6000,427.35,0.6450130617,2
6000,427.4,0.6450175346,2
6000,427.45,0.6450220065,2
6000,427.5,0.6450264776,2
6000,427.55,0.6450309477,2
6000,427.6,0.645035417,2
6000,427.65,0.6450398853,2
6000,427.7,0.6450443528,2
6000,427.75,0.6450488194,2
6000,427.8,0.645053285,2
6000,427.85,0.6450577498,2
6000,427.9,0.6450622137,2
6000,427.95,0.6450666767,2
6000,428,0.6450711388,2
6000,428.05,0.6450756001,2
6000,428.1,0.6450800604,2
6000,428.15,0.6450845198,2
6000,428.2,0.6450889784,2
6000,428.25,0.645093436,2
6000,428.3,0.6450978928,2
6000,428.35,0.6451023486,2
6000,428.4,0.6451068036,2
6000,428.45,0.6451112577,2
6000,428.5,0.6451157109,2
6000,428.55,0.6451201632,2
6000,428.6,0.6451246146,2
6000,428.65,0.6451290651,2
6000,428.7,0.6451335148,2
6000,428.75,0.6451379635,2
6000,428.8,0.6451424114,2
6000,428.85,0.6451468583,2
6000,428.9,0.6451513044,2
6000,428.95,0.6451557496,2
6000,429,0.6451601939,2
6000,429.05,0.6451646373,2
6000,429.1,0.6451690798,2
6000,429.15,0.6451735215,2
6000,429.2,0.6451779622,2
6000,429.25,0.6451824021,2
6000,429.3,0.645186841,2
6000,429.35,0.6451912791,2
6000,429.4,0.6451957163,2
6000,429.45,0.6452001526,2
6000,429.5,0.645204588,2
6000,429.55,0.6452090226,2
6000,429.6,0.6452134562,2
6000,429.65,0.645217889,2
6000,429.7,0.6452223208,2
6000,429.75,0.6452267518,2
6000,429.8,0.6452311819,2
6000,429.85,0.6452356111,2
6000,429.9,0.6452400395,2
6000,429.95,0.6452444669,2
6000,430,0.6452488935,2
6000,430.05,0.6452533191,2
6000,430.1,0.6452577439,2
6000,430.15,0.6452621678,2
6000,430.2,0.6452665908,2
6000,430.25,0.645271013,2
6000,430.3,0.6452754342,2
6000,430.35,0.6452798546,2
6000,430.4,0.6452842741,2
6000,430.45,0.6452886927,2
6000,430.5,0.6452931104,2
6000,430.55,0.6452975272,2
6000,430.6,0.6453019431,2
6000,430.65,0.6453063582,2
6000,430.7,0.6453107724,2
6000,430.75,0.6453151857,2
6000,430.8,0.6453195981,2
6000,430.85,0.6453240096,2
6000,430.9,0.6453284203,2
6000,430.95,0.64533283,2
6000,431,0.6453372389,2
6000,431.05,0.6453416469,2
6000,431.1,0.6453460541,2
6000,431.15,0.6453504603,2
6000,431.2,0.6453548657,2
6000,431.25,0.6453592701,2
6000,431.3,0.6453636737,2
6000,431.35,0.6453680764,2
6000,431.4,0.6453724783,2
6000,431.45,0.6453768792,2
6000,431.5,0.6453812793,2
6000,431.55,0.6453856785,2
6000,431.6,0.6453900768,2
6000,431.65,0.6453944743,2
6000,431.7,0.6453988708,2
6000,431.75,0.6454032665,2
6000,431.8,0.6454076613,2
6000,431.85,0.6454120552,2
6000,431.9,0.6454164483,2
6000,431.95,0.6454208404,2
6000,432,0.6454252317,2
6000,432.05,0.6454296221,2
6000,432.1,0.6454340117,2
6000,432.15,0.6454384003,2
6000,432.2,0.6454427881,2
6000,432.25,0.645447175,2
6000,432.3,0.645451561,2
6000,432.35,0.6454559461,2
6000,432.4,0.6454603304,2
6000,432.45,0.6454647138,2
6000,432.5,0.6454690963,2
6000,432.55,0.6454734779,2
6000,432.6,0.6454778587,2
6000,432.65,0.6454822386,2
6000,432.7,0.6454866176,2
6000,432.75,0.6454909957,2
6000,432.8,0.645495373,2
6000,432.85,0.6454997493,2
6000,432.9,0.6455041248,2
6000,432.95,0.6455084995,2
6000,433,0.6455128732,2
6000,433.05,0.6455172461,2
6000,433.1,0.6455216181,2
6000,433.15,0.6455259893,2
6000,433.2,0.6455303595,2
6000,433.25,0.6455347289,2
6000,433.3,0.6455390974,2
6000,433.35,0.645543465,2
6000,433.4,0.6455478318,2
6000,433.45,0.6455521977,2
6000,433.5,0.6455565627,2
6000,433.55,0.6455609269,2
6000,433.6,0.6455652901,2
6000,433.65,0.6455696525,2
6000,433.7,0.645574014,2
6000,433.75,0.6455783747,2
6000,433.8,0.6455827345,2
6000,433.85,0.6455870934,2
6000,433.9,0.6455914514,2
6000,433.95,0.6455958086,2
6000,434,0.6456001649,2
6000,434.05,0.6456045203,2
6000,434.1,0.6456088749,2
6000,434.15,0.6456132285,2
6000,434.2,0.6456175814,2
6000,434.25,0.6456219333,2
6000,434.3,0.6456262844,2
6000,434.35,0.6456306346,2
6000,434.4,0.6456349839,2
6000,434.45,0.6456393324,2
6000,434.5,0.64564368,2
6000,434.55,0.6456480267,2
6000,434.6,0.6456523725,2
6000,434.65,0.6456567175,2
6000,434.7,0.6456610616,2
6000,434.75,0.6456654049,2
6000,434.8,0.6456697472,2
6000,434.85,0.6456740888,2
6000,434.9,0.6456784294,2
6000,434.95,0.6456827692,2
6000,435,0.6456871081,2
6000,435.05,0.6456914461,2
6000,435.1,0.6456957833,2
6000,435.15,0.6457001196,2
6000,435.2,0.645704455,2
6000,435.25,0.6457087896,2
6000,435.3,0.6457131233,2
6000,435.35,0.6457174561,2
6000,435.4,0.6457217881,2
6000,435.45,0.6457261192,2
6000,435.5,0.6457304494,2
6000,435.55,0.6457347788,2
6000,435.6,0.6457391073,2
6000,435.65,0.6457434349,2
6000,435.7,0.6457477617,2
6000,435.75,0.6457520876,2
6000,435.8,0.6457564127,2
6000,435.85,0.6457607368,2
6000,435.9,0.6457650602,2
6000,435.95,0.6457693826,2
6000,436,0.6457737042,2
6000,436.05,0.6457780249,2
6000,436.1,0.6457823448,2
6000,436.15,0.6457866637,2
6000,436.2,0.6457909819,2
6000,436.25,0.6457952991,2
6000,436.3,0.6457996155,2
6000,436.35,0.6458039311,2
6000,436.4,0.6458082458,2
6000,436.45,0.6458125596,2
6000,436.5,0.6458168725,2
6000,436.55,0.6458211846,2
6000,436.6,0.6458254958,2
6000,436.65,0.6458298062,2
6000,436.7,0.6458341157,2
6000,436.75,0.6458384243,2
6000,436.8,0.6458427321,2
6000,436.85,0.645847039,2
6000,436.9,0.6458513451,2
6000,436.95,0.6458556503,2
6000,437,0.6458599546,2
6000,437.05,0.6458642581,2
6000,437.1,0.6458685607,2
6000,437.15,0.6458728624,2
6000,437.2,0.6458771633,2
6000,437.25,0.6458814633,2
6000,437.3,0.6458857625,2
6000,437.35,0.6458900608,2
6000,437.4,0.6458943583,2
6000,437.45,0.6458986549,2
6000,437.5,0.6459029506,2
6000,437.55,0.6459072455,2
6000,437.6,0.6459115395,2
6000,437.65,0.6459158326,2
6000,437.7,0.6459201249,2
6000,437.75,0.6459244164,2
6000,437.8,0.645928707,2
6000,437.85,0.6459329967,2
6000,437.9,0.6459372855,2
6000,437.95,0.6459415736,2
6000,438,0.6459458607,2
6000,438.05,0.645950147,2
6000,438.1,0.6459544324,2
6000,438.15,0.645958717,2
6000,438.2,0.6459630007,2
6000,438.25,0.6459672836,2
6000,438.3,0.6459715656,2
6000,438.35,0.6459758467,2
6000,438.4,0.645980127,2
6000,438.45,0.6459844065,2
6000,438.5,0.6459886851,2
6000,438.55,0.6459929628,2
6000,438.6,0.6459972397,2
6000,438.65,0.6460015157,2
6000,438.7,0.6460057908,2
6000,438.75,0.6460100651,2
6000,438.8,0.6460143386,2
6000,438.85,0.6460186112,2
6000,438.9,0.6460228829,2
6000,438.95,0.6460271538,2
6000,439,0.6460314239,2
6000,439.05,0.646035693,2
6000,439.1,0.6460399614,2
6000,439.15,0.6460442288,2
6000,439.2,0.6460484955,2
6000,439.25,0.6460527612,2
6000,439.3,0.6460570261,2
6000,439.35,0.6460612902,2
6000,439.4,0.6460655534,2
6000,439.45,0.6460698158,2
6000,439.5,0.6460740773,2
6000,439.55,0.6460783379,2
6000,439.6,0.6460825977,2
6000,439.65,0.6460868567,2
6000,439.7,0.6460911148,2
6000,439.75,0.646095372,2
6000,439.8,0.6460996284,2
6000,439.85,0.6461038839,2
6000,439.9,0.6461081386,2
6000,439.95,0.6461123925,2
6000,440,0.6461166455,2
6000,440.05,0.6461208976,2
6000,440.1,0.6461251489,2
6000,440.15,0.6461293993,2
6000,440.2,0.6461336489,2
6000,440.25,0.6461378976,2
6000,440.3,0.6461421455,2
6000,440.35,0.6461463926,2
6000,440.4,0.6461506388,2
6000,440.45,0.6461548841,2
6000,440.5,0.6461591286,2
6000,440.55,0.6461633722,2
6000,440.6,0.646167615,2
6000,440.65,0.646171857,2
6000,440.7,0.6461760981,2
6000,440.75,0.6461803383,2
6000,440.8,0.6461845777,2
6000,440.85,0.6461888163,2
6000,440.9,0.646193054,2
6000,440.95,0.6461972908,2
6000,441,0.6462015268,2
6000,441.05,0.646205762,2
6000,441.1,0.6462099963,2
6000,441.15,0.6462142298,2
6000,441.2,0.6462184624,2
6000,441.25,0.6462226942,2
6000,441.3,0.6462269251,2
6000,441.35,0.6462311552,2
6000,441.4,0.6462353845,2
6000,441.45,0.6462396128,2
6000,441.5,0.6462438404,2
6000,441.55,0.6462480671,2
6000,441.6,0.6462522929,2
6000,441.65,0.646256518,2
6000,441.7,0.6462607421,2
6000,441.75,0.6462649654,2
6000,441.8,0.6462691879,2
6000,441.85,0.6462734096,2
6000,441.9,0.6462776303,2
6000,441.95,0.6462818503,2
6000,442,0.6462860694,2
6000,442.05,0.6462902876,2
6000,442.1,0.6462945051,2
6000,442.15,0.6462987216,2
6000,442.2,0.6463029374,2
6000,442.25,0.6463071522,2
6000,442.3,0.6463113663,2
6000,442.35,0.6463155795,2
6000,442.4,0.6463197918,2
6000,442.45,0.6463240033,2
6000,442.5,0.646328214,2
6000,442.55,0.6463324238,2
6000,442.6,0.6463366328,2
6000,442.65,0.646340841,2
6000,442.7,0.6463450483,2
6000,442.75,0.6463492547,2
6000,442.8,0.6463534604,2
6000,442.85,0.6463576651,2
6000,442.9,0.6463618691,2
6000,442.95,0.6463660722,2
6000,443,0.6463702744,2
6000,443.05,0.6463744759,2
6000,443.1,0.6463786764,2
6000,443.15,0.6463828762,2
6000,443.2,0.6463870751,2
6000,443.25,0.6463912731,2
6000,443.3,0.6463954703,2
6000,443.35,0.6463996667,2
6000,443.4,0.6464038623,2
6000,443.45,0.646408057,2
6000,443.5,0.6464122508,2
6000,443.55,0.6464164438,2
6000,443.6,0.646420636,2
6000,443.65,0.6464248274,2
6000,443.7,0.6464290179,2
6000,443.75,0.6464332076,2
6000,443.8,0.6464373964,2
6000,443.85,0.6464415844,2
6000,443.9,0.6464457715,2
6000,443.95,0.6464499579,2
6000,444,0.6464541433,2
6000,444.05,0.646458328,2
6000,444.1,0.6464625118,2
6000,444.15,0.6464666948,2
6000,444.2,0.6464708769,2
6000,444.25,0.6464750582,2
6000,444.3,0.6464792387,2
6000,444.35,0.6464834183,2
6000,444.4,0.6464875971,2
6000,444.45,0.646491775,2
6000,444.5,0.6464959522,2
6000,444.55,0.6465001284,2
6000,444.6,0.6465043039,2
6000,444.65,0.6465084785,2
6000,444.7,0.6465126523,2
6000,444.75,0.6465168252,2
6000,444.8,0.6465209973,2
6000,444.85,0.6465251686,2
6000,444.9,0.6465293391,2
6000,444.95,0.6465335087,2
6000,445,0.6465376774,2
6000,445.05,0.6465418454,2
6000,445.1,0.6465460125,2
6000,445.15,0.6465501788,2
6000,445.2,0.6465543442,2
6000,445.25,0.6465585088,2
6000,445.3,0.6465626726,2
6000,445.35,0.6465668355,2
6000,445.4,0.6465709976,2
6000,445.45,0.6465751589,2
6000,445.5,0.6465793193,2
6000,445.55,0.646583479,2
6000,445.6,0.6465876377,2
6000,445.65,0.6465917957,2
6000,445.7,0.6465959528,2
6000,445.75,0.6466001091,2
6000,445.8,0.6466042645,2
6000,445.85,0.6466084192,2
6000,445.9,0.646612573,2
6000,445.95,0.6466167259,2
6000,446,0.6466208781,2
6000,446.05,0.6466250294,2
6000,446.1,0.6466291798,2
6000,446.15,0.6466333295,2
6000,446.2,0.6466374783,2
6000,446.25,0.6466416263,2
6000,446.3,0.6466457734,2
6000,446.35,0.6466499197,2
6000,446.4,0.6466540652,2
6000,446.45,0.6466582099,2
6000,446.5,0.6466623537,2
6000,446.55,0.6466664967,2
6000,446.6,0.6466706389,2
6000,446.65,0.6466747803,2
6000,446.7,0.6466789208,2
6000,446.75,0.6466830605,2
6000,446.8,0.6466871994,2
6000,446.85,0.6466913374,2
6000,446.9,0.6466954746,2
6000,446.95,0.646699611,2
6000,447,0.6467037465,2
6000,447.05,0.6467078813,2
6000,447.1,0.6467120152,2
6000,447.15,0.6467161483,2
6000,447.2,0.6467202805,2
6000,447.25,0.6467244119,2
6000,447.3,0.6467285425,2
6000,447.35,0.6467326723,2
6000,447.4,0.6467368012,2
6000,447.45,0.6467409294,2
6000,447.5,0.6467450567,2
6000,447.55,0.6467491831,2
6000,447.6,0.6467533088,2
6000,447.65,0.6467574336,2
6000,447.7,0.6467615576,2
6000,447.75,0.6467656807,2
6000,447.8,0.6467698031,2
6000,447.85,0.6467739246,2
6000,447.9,0.6467780453,2
6000,447.95,0.6467821652,2
6000,448,0.6467862842,2
6000,448.05,0.6467904024,2
6000,448.1,0.6467945198,2
6000,448.15,0.6467986364,2
6000,448.2,0.6468027522,2
6000,448.25,0.6468068671,2
6000,448.3,0.6468109812,2
6000,448.35,0.6468150945,2
6000,448.4,0.646819207,2
6000,448.45,0.6468233186,2
6000,448.5,0.6468274294,2
6000,448.55,0.6468315394,2
6000,448.6,0.6468356486,2
6000,448.65,0.6468397569,2
6000,448.7,0.6468438645,2
6000,448.75,0.6468479712,2
6000,448.8,0.6468520771,2
6000,448.85,0.6468561821,2
6000,448.9,0.6468602864,2
6000,448.95,0.6468643898,2
6000,449,0.6468684924,2
6000,449.05,0.6468725942,2
6000,449.1,0.6468766952,2
6000,449.15,0.6468807953,2
6000,449.2,0.6468848946,2
6000,449.25,0.6468889931,2
6000,449.3,0.6468930908,2
6000,449.35,0.6468971877,2
6000,449.4,0.6469012837,2
6000,449.45,0.6469053789,2
6000,449.5,0.6469094734,2
6000,449.55,0.6469135669,2
6000,449.6,0.6469176597,2
6000,449.65,0.6469217517,2
6000,449.7,0.6469258428,2
6000,449.75,0.6469299331,2
6000,449.8,0.6469340226,2
6000,449.85,0.6469381113,2
6000,449.9,0.6469421991,2
6000,449.95,0.6469462862,2
6000,450,0.6469503724,2
6000,450.05,0.6469544578,2
6000,450.1,0.6469585424,2
6000,450.15,0.6469626262,2
6000,450.2,0.6469667092,2
6000,450.25,0.6469707913,2
6000,450.3,0.6469748726,2
6000,450.35,0.6469789531,2
6000,450.4,0.6469830328,2
6000,450.45,0.6469871117,2
6000,450.5,0.6469911898,2
6000,450.55,0.646995267,2
6000,450.6,0.6469993434,2
6000,450.65,0.6470034191,2
6000,450.7,0.6470074939,2
6000,450.75,0.6470115678,2
6000,450.8,0.647015641,2
6000,450.85,0.6470197134,2
6000,450.9,0.6470237849,2
6000,450.95,0.6470278556,2
6000,451,0.6470319256,2
6000,451.05,0.6470359947,2
6000,451.1,0.6470400629,2
6000,451.15,0.6470441304,2
6000,451.2,0.6470481971,2
6000,451.25,0.6470522629,2
6000,451.3,0.647056328,2
6000,451.35,0.6470603922,2
6000,451.4,0.6470644556,2
6000,451.45,0.6470685182,2
6000,451.5,0.64707258,2
6000,451.55,0.6470766409,2
6000,451.6,0.6470807011,2
6000,451.65,0.6470847604,2
6000,451.7,0.647088819,2
6000,451.75,0.6470928767,2
6000,451.8,0.6470969336,2
6000,451.85,0.6471009897,2
6000,451.9,0.647105045,2
6000,451.95,0.6471090995,2
6000,452,0.6471131531,2
6000,452.05,0.647117206,2
6000,452.1,0.647121258,2
6000,452.15,0.6471253093,2
6000,452.2,0.6471293597,2
6000,452.25,0.6471334093,2
6000,452.3,0.6471374581,2
6000,452.35,0.6471415061,2
6000,452.4,0.6471455533,2
6000,452.45,0.6471495997,2
6000,452.5,0.6471536453,2
6000,452.55,0.64715769,2
6000,452.6,0.647161734,2
6000,452.65,0.6471657771,2
6000,452.7,0.6471698194,2
6000,452.75,0.647173861,2
6000,452.8,0.6471779017,2
6000,452.85,0.6471819416,2
6000,452.9,0.6471859807,2
6000,452.95,0.647190019,2
6000,453,0.6471940565,2
6000,453.05,0.6471980931,2
6000,453.1,0.647202129,2
6000,453.15,0.6472061641,2
6000,453.2,0.6472101983,2
6000,453.25,0.6472142318,2
6000,453.3,0.6472182644,2
6000,453.35,0.6472222963,2
6000,453.4,0.6472263273,2
6000,453.45,0.6472303575,2
6000,453.5,0.6472343869,2
6000,453.55,0.6472384155,2
6000,453.6,0.6472424433,2
6000,453.65,0.6472464703,2
6000,453.7,0.6472504965,2
6000,453.75,0.6472545219,2
6000,453.8,0.6472585465,2
6000,453.85,0.6472625703,2
6000,453.9,0.6472665933,2
6000,453.95,0.6472706154,2
6000,454,0.6472746368,2
6000,454.05,0.6472786574,2
6000,454.1,0.6472826771,2
6000,454.15,0.6472866961,2
6000,454.2,0.6472907142,2
6000,454.25,0.6472947316,2
6000,454.3,0.6472987481,2
6000,454.35,0.6473027639,2
6000,454.4,0.6473067788,2
6000,454.45,0.6473107929,2
6000,454.5,0.6473148063,2
6000,454.55,0.6473188188,2
6000,454.6,0.6473228305,2
6000,454.65,0.6473268415,2
6000,454.7,0.6473308516,2
6000,454.75,0.6473348609,2
6000,454.8,0.6473388694,2
6000,454.85,0.6473428771,2
6000,454.9,0.6473468841,2
6000,454.95,0.6473508902,2
6000,455,0.6473548955,2
6000,455.05,0.6473589,2
6000,455.1,0.6473629037,2
6000,455.15,0.6473669066,2
6000,455.2,0.6473709087,2
6000,455.25,0.64737491,2
6000,455.3,0.6473789106,2
6000,455.35,0.6473829103,2
6000,455.4,0.6473869092,2
6000,455.45,0.6473909073,2
6000,455.5,0.6473949046,2
6000,455.55,0.6473989011,2
6000,455.6,0.6474028968,2
6000,455.65,0.6474068917,2
6000,455.7,0.6474108859,2
6000,455.75,0.6474148792,2
6000,455.8,0.6474188717,2
6000,455.85,0.6474228634,2
6000,455.9,0.6474268543,2
6000,455.95,0.6474308444,2
6000,456,0.6474348338,2
6000,456.05,0.6474388223,2
6000,456.1,0.64744281,2
6000,456.15,0.647446797,2
6000,456.2,0.6474507831,2
6000,456.25,0.6474547684,2
6000,456.3,0.647458753,2
6000,456.35,0.6474627367,2
6000,456.4,0.6474667197,2
6000,456.45,0.6474707018,2
6000,456.5,0.6474746832,2
6000,456.55,0.6474786637,2
6000,456.6,0.6474826435,2
6000,456.65,0.6474866225,2
6000,456.7,0.6474906006,2
6000,456.75,0.647494578,2
6000,456.8,0.6474985546,2
6000,456.85,0.6475025304,2
6000,456.9,0.6475065053,2
6000,456.95,0.6475104795,2
6000,457,0.6475144529,2
6000,457.05,0.6475184255,2
6000,457.1,0.6475223974,2
6000,457.15,0.6475263684,2
6000,457.2,0.6475303386,2
6000,457.25,0.647534308,2
6000,457.3,0.6475382767,2
6000,457.35,0.6475422445,2
6000,457.4,0.6475462115,2
6000,457.45,0.6475501778,2
6000,457.5,0.6475541433,2
6000,457.55,0.6475581079,2
6000,457.6,0.6475620718,2
6000,457.65,0.6475660349,2
6000,457.7,0.6475699972,2
6000,457.75,0.6475739587,2
6000,457.8,0.6475779194,2
6000,457.85,0.6475818793,2
6000,457.9,0.6475858384,2
6000,457.95,0.6475897967,2
6000,458,0.6475937543,2
6000,458.05,0.647597711,2
6000,458.1,0.647601667,2
6000,458.15,0.6476056221,2
6000,458.2,0.6476095765,2
6000,458.25,0.6476135301,2
6000,458.3,0.6476174829,2
6000,458.35,0.6476214349,2
6000,458.4,0.6476253861,2
6000,458.45,0.6476293365,2
6000,458.5,0.6476332861,2
6000,458.55,0.647637235,2
6000,458.6,0.647641183,2
6000,458.65,0.6476451303,2
6000,458.7,0.6476490768,2
6000,458.75,0.6476530224,2
6000,458.8,0.6476569673,2
6000,458.85,0.6476609114,2
6000,458.9,0.6476648548,2
6000,458.95,0.6476687973,2
6000,459,0.647672739,2
6000,459.05,0.64767668,2
6000,459.1,0.6476806201,2
6000,459.15,0.6476845595,2
6000,459.2,0.6476884981,2
6000,459.25,0.6476924359,2
6000,459.3,0.6476963729,2
6000,459.35,0.6477003091,2
6000,459.4,0.6477042446,2
6000,459.45,0.6477081792,2
6000,459.5,0.6477121131,2
6000,459.55,0.6477160462,2
6000,459.6,0.6477199784,2
6000,459.65,0.64772391,2
6000,459.7,0.6477278407,2
6000,459.75,0.6477317706,2
6000,459.8,0.6477356997,2
6000,459.85,0.6477396281,2
6000,459.9,0.6477435557,2
6000,459.95,0.6477474825,2
6000,460,0.6477514085,2
6000,460.05,0.6477553337,2
6000,460.1,0.6477592581,2
6000,460.15,0.6477631818,2
6000,460.2,0.6477671046,2
6000,460.25,0.6477710267,2
6000,460.3,0.647774948,2
6000,460.35,0.6477788685,2
6000,460.4,0.6477827882,2
6000,460.45,0.6477867072,2
6000,460.5,0.6477906253,2
6000,460.55,0.6477945427,2
6000,460.6,0.6477984593,2
6000,460.65,0.6478023751,2
6000,460.7,0.6478062902,2
6000,460.75,0.6478102044,2
6000,460.8,0.6478141179,2
6000,460.85,0.6478180305,2
6000,460.9,0.6478219424,2
6000,460.95,0.6478258535,2
6000,461,0.6478297639,2
6000,461.05,0.6478336734,2
6000,461.1,0.6478375822,2
6000,461.15,0.6478414902,2
6000,461.2,0.6478453974,2
6000,461.25,0.6478493038,2
6000,461.3,0.6478532094,2
6000,461.35,0.6478571143,2
6000,461.4,0.6478610184,2
6000,461.45,0.6478649217,2
6000,461.5,0.6478688242,2
6000,461.55,0.6478727259,2
6000,461.6,0.6478766269,2
6000,461.65,0.6478805271,2
6000,461.7,0.6478844265,2
6000,461.75,0.6478883251,2
6000,461.8,0.6478922229,2
6000,461.85,0.64789612,2
6000,461.9,0.6479000163,2
6000,461.95,0.6479039118,2
6000,462,0.6479078065,2
6000,462.05,0.6479117004,2
6000,462.1,0.6479155936,2
6000,462.15,0.647919486,2
6000,462.2,0.6479233776,2
6000,462.25,0.6479272684,2
6000,462.3,0.6479311584,2
6000,462.35,0.6479350477,2
6000,462.4,0.6479389362,2
6000,462.45,0.6479428239,2
6000,462.5,0.6479467109,2
6000,462.55,0.647950597,2
6000,462.6,0.6479544824,2
6000,462.65,0.647958367,2
6000,462.7,0.6479622509,2
6000,462.75,0.6479661339,2
6000,462.8,0.6479700162,2
6000,462.85,0.6479738977,2
6000,462.9,0.6479777784,2
6000,462.95,0.6479816584,2
6000,463,0.6479855375,2
6000,463.05,0.6479894159,2
6000,463.1,0.6479932935,2
6000,463.15,0.6479971704,2
6000,463.2,0.6480010465,2
6000,463.25,0.6480049218,2
6000,463.3,0.6480087963,2
6000,463.35,0.64801267,2
6000,463.4,0.648016543,2
6000,463.45,0.6480204152,2
6000,463.5,0.6480242866,2
6000,463.55,0.6480281573,2
6000,463.6,0.6480320271,2
6000,463.65,0.6480358962,2
6000,463.7,0.6480397646,2
6000,463.75,0.6480436321,2
6000,463.8,0.6480474989,2
6000,463.85,0.6480513649,2
6000,463.9,0.6480552301,2
6000,463.95,0.6480590946,2
6000,464,0.6480629583,2
6000,464.05,0.6480668212,2
6000,464.1,0.6480706833,2
6000,464.15,0.6480745447,2
6000,464.2,0.6480784053,2
6000,464.25,0.6480822651,2
6000,464.3,0.6480861242,2
6000,464.35,0.6480899825,2
6000,464.4,0.64809384,2
6000,464.45,0.6480976967,2
6000,464.5,0.6481015527,2
6000,464.55,0.6481054079,2
6000,464.6,0.6481092623,2
6000,464.65,0.648113116,2
6000,464.7,0.6481169688,2
6000,464.75,0.648120821,2
6000,464.8,0.6481246723,2
6000,464.85,0.6481285229,2
6000,464.9,0.6481323727,2
6000,464.95,0.6481362217,2
6000,465,0.64814007,2
6000,465.05,0.6481439175,2
6000,465.1,0.6481477642,2
6000,465.15,0.6481516101,2
6000,465.2,0.6481554553,2
6000,465.25,0.6481592997,2
6000,465.3,0.6481631434,2
6000,465.35,0.6481669863,2
6000,465.4,0.6481708284,2
6000,465.45,0.6481746697,2
6000,465.5,0.6481785103,2
6000,465.55,0.6481823501,2
6000,465.6,0.6481861891,2
6000,465.65,0.6481900274,2
6000,465.7,0.6481938649,2
6000,465.75,0.6481977017,2
6000,465.8,0.6482015376,2
6000,465.85,0.6482053728,2
6000,465.9,0.6482092073,2
6000,465.95,0.6482130409,2
6000,466,0.6482168738,2
6000,466.05,0.648220706,2
6000,466.1,0.6482245373,2
6000,466.15,0.6482283679,2
6000,466.2,0.6482321978,2
6000,466.25,0.6482360268,2
6000,466.3,0.6482398551,2
6000,466.35,0.6482436827,2
6000,466.4,0.6482475095,2
6000,466.45,0.6482513355,2
6000,466.5,0.6482551607,2
6000,466.55,0.6482589852,2
6000,466.6,0.6482628089,2
6000,466.65,0.6482666318,2
6000,466.7,0.648270454,2
6000,466.75,0.6482742754,2
6000,466.8,0.6482780961,2
6000,466.85,0.648281916,2
6000,466.9,0.6482857351,2
6000,466.95,0.6482895535,2
6000,467,0.6482933711,2
6000,467.05,0.6482971879,2
6000,467.1,0.648301004,2
6000,467.15,0.6483048193,2
6000,467.2,0.6483086338,2
6000,467.25,0.6483124476,2
6000,467.3,0.6483162607,2
6000,467.35,0.6483200729,2
6000,467.4,0.6483238844,2
6000,467.45,0.6483276951,2
6000,467.5,0.6483315051,2
6000,467.55,0.6483353143,2
6000,467.6,0.6483391228,2
6000,467.65,0.6483429305,2
6000,467.7,0.6483467374,2
6000,467.75,0.6483505436,2
6000,467.8,0.648354349,2
6000,467.85,0.6483581536,2
6000,467.9,0.6483619575,2
6000,467.95,0.6483657606,2
6000,468,0.648369563,2
6000,468.05,0.6483733646,2
6000,468.1,0.6483771654,2
6000,468.15,0.6483809655,2
6000,468.2,0.6483847648,2
6000,468.25,0.6483885634,2
6000,468.3,0.6483923612,2
6000,468.35,0.6483961582,2
6000,468.4,0.6483999545,2
6000,468.45,0.64840375,2
6000,468.5,0.6484075448,2
6000,468.55,0.6484113388,2
6000,468.6,0.648415132,2
6000,468.65,0.6484189245,2
6000,468.7,0.6484227162,2
6000,468.75,0.6484265072,2
6000,468.8,0.6484302974,2
6000,468.85,0.6484340869,2
6000,468.9,0.6484378756,2
6000,468.95,0.6484416635,2
6000,469,0.6484454507,2
6000,469.05,0.6484492371,2
6000,469.1,0.6484530228,2
6000,469.15,0.6484568077,2
6000,469.2,0.6484605918,2
6000,469.25,0.6484643752,2
6000,469.3,0.6484681579,2
6000,469.35,0.6484719397,2
6000,469.4,0.6484757209,2
6000,469.45,0.6484795012,2
6000,469.5,0.6484832809,2
6000,469.55,0.6484870597,2
6000,469.6,0.6484908378,2
6000,469.65,0.6484946152,2
6000,469.7,0.6484983918,2
6000,469.75,0.6485021676,2
6000,469.8,0.6485059427,2
6000,469.85,0.648509717,2
6000,469.9,0.6485134906,2
6000,469.95,0.6485172634,2
6000,470,0.6485210355,2
6000,470.05,0.6485248068,2
6000,470.1,0.6485285773,2
6000,470.15,0.6485323471,2
6000,470.2,0.6485361162,2
6000,470.25,0.6485398845,2
6000,470.3,0.648543652,2
6000,470.35,0.6485474188,2
6000,470.4,0.6485511848,2
6000,470.45,0.6485549501,2
6000,470.5,0.6485587146,2
6000,470.55,0.6485624784,2
6000,470.6,0.6485662414,2
6000,470.65,0.6485700037,2
6000,470.7,0.6485737652,2
6000,470.75,0.648577526,2
6000,470.8,0.648581286,2
6000,470.85,0.6485850452,2
6000,470.9,0.6485888037,2
6000,470.95,0.6485925615,2
6000,471,0.6485963185,2
6000,471.05,0.6486000747,2
6000,471.1,0.6486038302,2
6000,471.15,0.648607585,2
6000,471.2,0.648611339,2
6000,471.25,0.6486150922,2
6000,471.3,0.6486188447,2
6000,471.35,0.6486225965,2
6000,471.4,0.6486263475,2
6000,471.45,0.6486300977,2
6000,471.5,0.6486338472,2
6000,471.55,0.648637596,2
6000,471.6,0.648641344,2
6000,471.65,0.6486450912,2
6000,471.7,0.6486488377,2
6000,471.75,0.6486525835,2
6000,471.8,0.6486563285,2
6000,471.85,0.6486600727,2
6000,471.9,0.6486638162,2
6000,471.95,0.648667559,2
6000,472,0.648671301,2
6000,472.05,0.6486750423,2
6000,472.1,0.6486787828,2
6000,472.15,0.6486825225,2
6000,472.2,0.6486862615,2
6000,472.25,0.6486899998,2
6000,472.3,0.6486937373,2
6000,472.35,0.6486974741,2
6000,472.4,0.6487012101,2
6000,472.45,0.6487049454,2
6000,472.5,0.6487086799,2
6000,472.55,0.6487124137,2
6000,472.6,0.6487161468,2
6000,472.65,0.648719879,2
6000,472.7,0.6487236106,2
6000,472.75,0.6487273414,2
6000,472.8,0.6487310714,2
6000,472.85,0.6487348007,2
6000,472.9,0.6487385293,2
6000,472.95,0.6487422571,2
6000,473,0.6487459842,2
6000,473.05,0.6487497105,2
6000,473.1,0.6487534361,2
6000,473.15,0.6487571609,2
6000,473.2,0.648760885,2
6000,473.25,0.6487646083,2
6000,473.3,0.6487683309,2
6000,473.35,0.6487720528,2
6000,473.4,0.6487757739,2
6000,473.45,0.6487794943,2
6000,473.5,0.6487832139,2
6000,473.55,0.6487869328,2
6000,473.6,0.6487906509,2
6000,473.65,0.6487943683,2
6000,473.7,0.6487980849,2
6000,473.75,0.6488018008,2
6000,473.8,0.648805516,2
6000,473.85,0.6488092304,2
6000,473.9,0.6488129441,2
6000,473.95,0.648816657,2
6000,474,0.6488203692,2
6000,474.05,0.6488240807,2
6000,474.1,0.6488277914,2
6000,474.15,0.6488315013,2
6000,474.2,0.6488352106,2
6000,474.25,0.648838919,2
6000,474.3,0.6488426268,2
6000,474.35,0.6488463338,2
6000,474.4,0.64885004,2
6000,474.45,0.6488537455,2
6000,474.5,0.6488574503,2
6000,474.55,0.6488611543,2
6000,474.6,0.6488648576,2
6000,474.65,0.6488685602,2
6000,474.7,0.648872262,2
6000,474.75,0.6488759631,2
6000,474.8,0.6488796634,2
6000,474.85,0.648883363,2
6000,474.9,0.6488870618,2
6000,474.95,0.6488907599,2
6000,475,0.6488944573,2
6000,475.05,0.6488981539,2
6000,475.1,0.6489018498,2
6000,475.15,0.648905545,2
6000,475.2,0.6489092394,2
6000,475.25,0.6489129331,2
6000,475.3,0.648916626,2
6000,475.35,0.6489203182,2
6000,475.4,0.6489240097,2
6000,475.45,0.6489277004,2
6000,475.5,0.6489313904,2
6000,475.55,0.6489350796,2
6000,475.6,0.6489387681,2
6000,475.65,0.6489424559,2
6000,475.7,0.6489461429,2
6000,475.75,0.6489498292,2
6000,475.8,0.6489535148,2
6000,475.85,0.6489571996,2
6000,475.9,0.6489608837,2
6000,475.95,0.648964567,2
6000,476,0.6489682497,2
6000,476.05,0.6489719315,2
6000,476.1,0.6489756127,2
6000,476.15,0.6489792931,2
6000,476.2,0.6489829727,2
6000,476.25,0.6489866517,2
6000,476.3,0.6489903299,2
6000,476.35,0.6489940073,2
6000,476.4,0.648997684,2
6000,476.45,0.64900136,2
6000,476.5,0.6490050353,2
6000,476.55,0.6490087098,2
6000,476.6,0.6490123836,2
6000,476.65,0.6490160566,2
6000,476.7,0.6490197289,2
6000,476.75,0.6490234005,2
6000,476.8,0.6490270714,2
6000,476.85,0.6490307415,2
6000,476.9,0.6490344109,2
6000,476.95,0.6490380795,2
6000,477,0.6490417474,2
6000,477.05,0.6490454146,2
6000,477.1,0.649049081,2
6000,477.15,0.6490527467,2
6000,477.2,0.6490564117,2
6000,477.25,0.649060076,2
6000,477.3,0.6490637395,2
6000,477.35,0.6490674022,2
6000,477.4,0.6490710643,2
6000,477.45,0.6490747256,2
6000,477.5,0.6490783862,2
6000,477.55,0.649082046,2
6000,477.6,0.6490857052,2
6000,477.65,0.6490893635,2
6000,477.7,0.6490930212,2
6000,477.75,0.6490966781,2
6000,477.8,0.6491003343,2
6000,477.85,0.6491039898,2
6000,477.9,0.6491076445,2
6000,477.95,0.6491112985,2
6000,478,0.6491149518,2
6000,478.05,0.6491186043,2
6000,478.1,0.6491222561,2
6000,478.15,0.6491259072,2
6000,478.2,0.6491295575,2
6000,478.25,0.6491332071,2
6000,478.3,0.649136856,2
6000,478.35,0.6491405042,2
6000,478.4,0.6491441516,2
6000,478.45,0.6491477983,2
6000,478.5,0.6491514443,2
6000,478.55,0.6491550895,2
6000,478.6,0.649158734,2
6000,478.65,0.6491623778,2
6000,478.7,0.6491660209,2
6000,478.75,0.6491696632,2
6000,478.8,0.6491733048,2
6000,478.85,0.6491769456,2
6000,478.9,0.6491805858,2
6000,478.95,0.6491842252,2
6000,479,0.6491878639,2
6000,479.05,0.6491915018,2
6000,479.1,0.6491951391,2
6000,479.15,0.6491987756,2
6000,479.2,0.6492024113,2
6000,479.25,0.6492060464,2
6000,479.3,0.6492096807,2
6000,479.35,0.6492133143,2
6000,479.4,0.6492169472,2
6000,479.45,0.6492205793,2
6000,479.5,0.6492242107,2
6000,479.55,0.6492278414,2
6000,479.6,0.6492314714,2
6000,479.65,0.6492351006,2
6000,479.7,0.6492387291,2
6000,479.75,0.6492423569,2
6000,479.8,0.6492459839,2
6000,479.85,0.6492496103,2
6000,479.9,0.6492532359,2
6000,479.95,0.6492568608,2
6000,480,0.6492604849,2
6000,480.05,0.6492641084,2
6000,480.1,0.6492677311,2
6000,480.15,0.6492713531,2
6000,480.2,0.6492749743,2
6000,480.25,0.6492785949,2
6000,480.3,0.6492822147,2
6000,480.35,0.6492858337,2
6000,480.4,0.6492894521,2
6000,480.45,0.6492930698,2
6000,480.5,0.6492966867,2
6000,480.55,0.6493003029,2
6000,480.6,0.6493039183,2
6000,480.65,0.6493075331,2
6000,480.7,0.6493111471,2
6000,480.75,0.6493147604,2
6000,480.8,0.649318373,2
6000,480.85,0.6493219848,2
6000,480.9,0.649325596,2
6000,480.95,0.6493292064,2
6000,481,0.6493328161,2
6000,481.05,0.649336425,2
6000,481.1,0.6493400333,2
6000,481.15,0.6493436408,2
6000,481.2,0.6493472476,2
6000,481.25,0.6493508537,2
6000,481.3,0.6493544591,2
6000,481.35,0.6493580637,2
6000,481.4,0.6493616676,2
6000,481.45,0.6493652708,2
6000,481.5,0.6493688733,2
6000,481.55,0.6493724751,2
6000,481.6,0.6493760761,2
6000,481.65,0.6493796764,2
6000,481.7,0.649383276,2
6000,481.75,0.6493868749,2
6000,481.8,0.649390473,2
6000,481.85,0.6493940705,2
6000,481.9,0.6493976672,2
6000,481.95,0.6494012632,2
6000,482,0.6494048585,2
6000,482.05,0.649408453,2
6000,482.1,0.6494120469,2
6000,482.15,0.64941564,2
6000,482.2,0.6494192324,2
6000,482.25,0.6494228241,2
6000,482.3,0.6494264151,2
6000,482.35,0.6494300053,2
6000,482.4,0.6494335949,2
6000,482.45,0.6494371837,2
6000,482.5,0.6494407718,2
6000,482.55,0.6494443591,2
6000,482.6,0.6494479458,2
6000,482.65,0.6494515317,2
6000,482.7,0.649455117,2
6000,482.75,0.6494587015,2
6000,482.8,0.6494622853,2
6000,482.85,0.6494658684,2
6000,482.9,0.6494694507,2
6000,482.95,0.6494730324,2
6000,483,0.6494766133,2
6000,483.05,0.6494801935,2
6000,483.1,0.649483773,2
6000,483.15,0.6494873518,2
6000,483.2,0.6494909298,2
6000,483.25,0.6494945072,2
6000,483.3,0.6494980838,2
6000,483.35,0.6495016597,2
6000,483.4,0.6495052349,2
6000,483.45,0.6495088094,2
6000,483.5,0.6495123832,2
6000,483.55,0.6495159563,2
6000,483.6,0.6495195286,2
6000,483.65,0.6495231002,2
6000,483.7,0.6495266712,2
6000,483.75,0.6495302414,2
6000,483.8,0.6495338108,2
6000,483.85,0.6495373796,2
6000,483.9,0.6495409477,2
6000,483.95,0.649544515,2
6000,484,0.6495480817,2
6000,484.05,0.6495516476,2
6000,484.1,0.6495552128,2
6000,484.15,0.6495587773,2
6000,484.2,0.6495623411,2
6000,484.25,0.6495659041,2
6000,484.3,0.6495694665,2
6000,484.35,0.6495730281,2
6000,484.4,0.649576589,2
6000,484.45,0.6495801493,2
6000,484.5,0.6495837088,2
6000,484.55,0.6495872676,2
6000,484.6,0.6495908257,2
6000,484.65,0.649594383,2
6000,484.7,0.6495979397,2
6000,484.75,0.6496014956,2
6000,484.8,0.6496050509,2
6000,484.85,0.6496086054,2
6000,484.9,0.6496121592,2
6000,484.95,0.6496157123,2
6000,485,0.6496192647,2
6000,485.05,0.6496228164,2
6000,485.1,0.6496263674,2
6000,485.15,0.6496299176,2
6000,485.2,0.6496334672,2
6000,485.25,0.649637016,2
6000,485.3,0.6496405642,2
6000,485.35,0.6496441116,2
6000,485.4,0.6496476583,2
6000,485.45,0.6496512043,2
6000,485.5,0.6496547496,2
6000,485.55,0.6496582942,2
6000,485.6,0.6496618381,2
6000,485.65,0.6496653812,2
6000,485.7,0.6496689237,2
6000,485.75,0.6496724655,2
6000,485.8,0.6496760065,2
6000,485.85,0.6496795468,2
6000,485.9,0.6496830865,2
6000,485.95,0.6496866254,2
6000,486,0.6496901636,2
6000,486.05,0.6496937011,2
6000,486.1,0.6496972379,2
6000,486.15,0.649700774,2
6000,486.2,0.6497043094,2
6000,486.25,0.6497078441,2
6000,486.3,0.649711378,2
6000,486.35,0.6497149113,2
6000,486.4,0.6497184439,2
6000,486.45,0.6497219757,2
6000,486.5,0.6497255069,2
6000,486.55,0.6497290373,2
6000,486.6,0.649732567,2
6000,486.65,0.649736096,2
6000,486.7,0.6497396244,2
6000,486.75,0.649743152,2
6000,486.8,0.6497466789,2
6000,486.85,0.6497502051,2
6000,486.9,0.6497537306,2
6000,486.95,0.6497572554,2
6000,487,0.6497607795,2
6000,487.05,0.6497643029,2
6000,487.1,0.6497678255,2
6000,487.15,0.6497713475,2
6000,487.2,0.6497748688,2
6000,487.25,0.6497783894,2
6000,487.3,0.6497819092,2
6000,487.35,0.6497854284,2
6000,487.4,0.6497889468,2
6000,487.45,0.6497924646,2
6000,487.5,0.6497959816,2
6000,487.55,0.649799498,2
6000,487.6,0.6498030136,2
6000,487.65,0.6498065286,2
6000,487.7,0.6498100428,2
6000,487.75,0.6498135563,2
6000,487.8,0.6498170691,2
6000,487.85,0.6498205813,2
6000,487.9,0.6498240927,2
6000,487.95,0.6498276034,2
6000,488,0.6498311134,2
6000,488.05,0.6498346228,2
6000,488.1,0.6498381314,2
6000,488.15,0.6498416393,2
6000,488.2,0.6498451465,2
6000,488.25,0.649848653,2
6000,488.3,0.6498521588,2
6000,488.35,0.6498556639,2
6000,488.4,0.6498591684,2
6000,488.45,0.6498626721,2
6000,488.5,0.6498661751,2
6000,488.55,0.6498696774,2
6000,488.6,0.649873179,2
6000,488.65,0.6498766799,2
6000,488.7,0.6498801801,2
6000,488.75,0.6498836796,2
6000,488.8,0.6498871784,2
6000,488.85,0.6498906765,2
6000,488.9,0.6498941739,2
6000,488.95,0.6498976706,2
6000,489,0.6499011666,2
6000,489.05,0.6499046619,2
6000,489.1,0.6499081566,2
6000,489.15,0.6499116505,2
6000,489.2,0.6499151437,2
6000,489.25,0.6499186362,2
6000,489.3,0.649922128,2
6000,489.35,0.6499256191,2
6000,489.4,0.6499291095,2
6000,489.45,0.6499325993,2
6000,489.5,0.6499360883,2
6000,489.55,0.6499395766,2
6000,489.6,0.6499430642,2
6000,489.65,0.6499465512,2
6000,489.7,0.6499500374,2
6000,489.75,0.6499535229,2
6000,489.8,0.6499570078,2
6000,489.85,0.6499604919,2
6000,489.9,0.6499639754,2
6000,489.95,0.6499674581,2
6000,490,0.6499709402,2
6000,490.05,0.6499744215,2
6000,490.1,0.6499779022,2
6000,490.15,0.6499813822,2
6000,490.2,0.6499848614,2
6000,490.25,0.64998834,2
6000,490.3,0.6499918179,2
6000,490.35,0.6499952951,2
6000,490.4,0.6499987715,2
6000,490.45,0.6500022473,2
6000,490.5,0.6500057224,2
6000,490.55,0.6500091968,2
6000,490.6,0.6500126705,2
6000,490.65,0.6500161435,2
6000,490.7,0.6500196159,2
6000,490.75,0.6500230875,2
6000,490.8,0.6500265584,2
6000,490.85,0.6500300286,2
6000,490.9,0.6500334982,2
6000,490.95,0.650036967,2
6000,491,0.6500404352,2
6000,491.05,0.6500439026,2
6000,491.1,0.6500473694,2
6000,491.15,0.6500508355,2
6000,491.2,0.6500543009,2
6000,491.25,0.6500577655,2
6000,491.3,0.6500612295,2
6000,491.35,0.6500646928,2
6000,491.4,0.6500681554,2
6000,491.45,0.6500716174,2
6000,491.5,0.6500750786,2
6000,491.55,0.6500785391,2
6000,491.6,0.650081999,2
6000,491.65,0.6500854581,2
6000,491.7,0.6500889166,2
6000,491.75,0.6500923743,2
6000,491.8,0.6500958314,2
6000,491.85,0.6500992878,2
6000,491.9,0.6501027435,2
6000,491.95,0.6501061985,2
6000,492,0.6501096528,2
6000,492.05,0.6501131064,2
6000,492.1,0.6501165593,2
6000,492.15,0.6501200115,2
6000,492.2,0.6501234631,2
6000,492.25,0.6501269139,2
6000,492.3,0.6501303641,2
6000,492.35,0.6501338136,2
6000,492.4,0.6501372624,2
6000,492.45,0.6501407105,2
6000,492.5,0.6501441579,2
6000,492.55,0.6501476046,2
6000,492.6,0.6501510506,2
6000,492.65,0.6501544959,2
6000,492.7,0.6501579406,2
6000,492.75,0.6501613846,2
6000,492.8,0.6501648278,2
6000,492.85,0.6501682704,2
6000,492.9,0.6501717123,2
6000,492.95,0.6501751535,2
6000,493,0.650178594,2
6000,493.05,0.6501820339,2
6000,493.1,0.650185473,2
6000,493.15,0.6501889114,2
6000,493.2,0.6501923492,2
6000,493.25,0.6501957863,2
6000,493.3,0.6501992227,2
6000,493.35,0.6502026584,2
6000,493.4,0.6502060934,2
6000,493.45,0.6502095277,2
6000,493.5,0.6502129614,2
6000,493.55,0.6502163943,2
6000,493.6,0.6502198266,2
6000,493.65,0.6502232582,2
6000,493.7,0.6502266891,2
6000,493.75,0.6502301193,2
6000,493.8,0.6502335488,2
6000,493.85,0.6502369777,2
6000,493.9,0.6502404058,2
6000,493.95,0.6502438333,2
6000,494,0.6502472601,2
6000,494.05,0.6502506862,2
6000,494.1,0.6502541116,2
6000,494.15,0.6502575363,2
6000,494.2,0.6502609604,2
6000,494.25,0.6502643837,2
6000,494.3,0.6502678064,2
6000,494.35,0.6502712284,2
6000,494.4,0.6502746497,2
6000,494.45,0.6502780703,2
6000,494.5,0.6502814902,2
6000,494.55,0.6502849095,2
6000,494.6,0.6502883281,2
6000,494.65,0.6502917459,2
6000,494.7,0.6502951631,2
6000,494.75,0.6502985797,2
6000,494.8,0.6503019955,2
6000,494.85,0.6503054106,2
6000,494.9,0.6503088251,2
6000,494.95,0.6503122389,2
6000,495,0.650315652,2
6000,495.05,0.6503190644,2
6000,495.1,0.6503224762,2
6000,495.15,0.6503258872,2
6000,495.2,0.6503292976,2
6000,495.25,0.6503327073,2
6000,495.3,0.6503361163,2
6000,495.35,0.6503395246,2
6000,495.4,0.6503429323,2
6000,495.45,0.6503463392,2
6000,495.5,0.6503497455,2
6000,495.55,0.6503531511,2
6000,495.6,0.650356556,2
6000,495.65,0.6503599603,2
6000,495.7,0.6503633638,2
6000,495.75,0.6503667667,2
6000,495.8,0.6503701689,2
6000,495.85,0.6503735704,2
6000,495.9,0.6503769713,2
6000,495.95,0.6503803714,2
6000,496,0.6503837709,2
6000,496.05,0.6503871697,2
6000,496.1,0.6503905678,2
6000,496.15,0.6503939653,2
6000,496.2,0.650397362,2
6000,496.25,0.6504007581,2
6000,496.3,0.6504041535,2
6000,496.35,0.6504075482,2
6000,496.4,0.6504109423,2
6000,496.45,0.6504143356,2
6000,496.5,0.6504177283,2
6000,496.55,0.6504211203,2
6000,496.6,0.6504245117,2
6000,496.65,0.6504279023,2
6000,496.7,0.6504312923,2
6000,496.75,0.6504346816,2
6000,496.8,0.6504380702,2
6000,496.85,0.6504414581,2
6000,496.9,0.6504448454,2
6000,496.95,0.650448232,2
6000,497,0.6504516179,2
6000,497.05,0.6504550031,2
6000,497.1,0.6504583877,2
6000,497.15,0.6504617716,2
6000,497.2,0.6504651548,2
6000,497.25,0.6504685373,2
6000,497.3,0.6504719191,2
6000,497.35,0.6504753003,2
6000,497.4,0.6504786808,2
6000,497.45,0.6504820606,2
6000,497.5,0.6504854397,2
6000,497.55,0.6504888182,2
6000,497.6,0.650492196,2
6000,497.65,0.6504955731,2
6000,497.7,0.6504989496,2
6000,497.75,0.6505023253,2
6000,497.8,0.6505057004,2
6000,497.85,0.6505090748,2
6000,497.9,0.6505124486,2
6000,497.95,0.6505158216,2
6000,498,0.650519194,2
6000,498.05,0.6505225657,2
6000,498.1,0.6505259368,2
6000,498.15,0.6505293072,2
6000,498.2,0.6505326768,2
6000,498.25,0.6505360459,2
6000,498.3,0.6505394142,2
6000,498.35,0.6505427819,2
6000,498.4,0.6505461489,2
6000,498.45,0.6505495152,2
6000,498.5,0.6505528809,2
6000,498.55,0.6505562458,2
6000,498.6,0.6505596102,2
6000,498.65,0.6505629738,2
6000,498.7,0.6505663367,2
6000,498.75,0.650569699,2
6000,498.8,0.6505730607,2
6000,498.85,0.6505764216,2
6000,498.9,0.6505797819,2
6000,498.95,0.6505831415,2
6000,499,0.6505865004,2
6000,499.05,0.6505898587,2
6000,499.1,0.6505932162,2
6000,499.15,0.6505965732,2
6000,499.2,0.6505999294,2
6000,499.25,0.650603285,2
6000,499.3,0.6506066399,2
6000,499.35,0.6506099941,2
6000,499.4,0.6506133477,2
6000,499.45,0.6506167005,2
6000,499.5,0.6506200528,2
6000,499.55,0.6506234043,2
6000,499.6,0.6506267552,2
6000,499.65,0.6506301054,2
6000,499.7,0.6506334549,2
6000,499.75,0.6506368038,2
6000,499.8,0.650640152,2
6000,499.85,0.6506434995,2
6000,499.9,0.6506468464,2
6000,499.95,0.6506501926,2
6000,500,0.8405136578,2
6000,500.05,0.8412057547,2
6000,500.1,0.8418955324,2
6000,500.15,0.8425829991,2
6000,500.2,0.8432681628,2
6000,500.25,0.8439510315,2
6000,500.3,0.8446316131,2
6000,500.35,0.8453099157,2
6000,500.4,0.8459859472,2
6000,500.45,0.8466597154,2
6000,500.5,0.8473312283,2
6000,500.55,0.8480004937,2
6000,500.6,0.8486675194,2
6000,500.65,0.8493323133,2
6000,500.7,0.849994883,2
6000,500.75,0.8506552364,2
6000,500.8,0.8513133812,2
6000,500.85,0.8519693251,2
6000,500.9,0.8526230757,2
6000,500.95,0.8532746407,2
6000,501,0.8539240277,2
6000,501.05,0.8545712443,2
6000,501.1,0.8552162981,2
6000,501.15,0.8558591966,2
6000,501.2,0.8564999473,2
6000,501.25,0.8571385577,2
6000,501.3,0.8577750354,2
6000,501.35,0.8584093876,2
6000,501.4,0.859041622,2
6000,501.45,0.8596717457,2
6000,501.5,0.8602997663,2
6000,501.55,0.8609256911,2
6000,501.6,0.8615495273,2
6000,501.65,0.8621712823,2
6000,501.7,0.8627909633,2
6000,501.75,0.8634085776,2
6000,501.8,0.8640241325,2
6000,501.85,0.864637635,2
6000,501.9,0.8652490925,2
6000,501.95,0.8658585119,2
6000,502,0.8664659005,2
6000,502.05,0.8670712654,2
6000,502.1,0.8676746136,2
6000,502.15,0.8682759522,2
6000,502.2,0.8688752882,2
6000,502.25,0.8694726287,2
6000,502.3,0.8700679805,2
6000,502.35,0.8706613508,2
6000,502.4,0.8712527463,2
6000,502.45,0.8718421741,2
6000,502.5,0.8724296409,2
6000,502.55,0.8730151538,2
6000,502.6,0.8735987194,2
6000,502.65,0.8741803447,2
6000,502.7,0.8747600365,2
6000,502.75,0.8753378014,2
6000,502.8,0.8759136464,2
6000,502.85,0.876487578,2
6000,502.9,0.877059603,2
6000,502.95,0.8776297281,2
6000,503,0.87819796,2
6000,503.05,0.8787643053,2
6000,503.1,0.8793287706,2
6000,503.15,0.8798913625,2
6000,503.2,0.8804520875,2
6000,503.25,0.8810109523,2
6000,503.3,0.8815679634,2
6000,503.35,0.8821231272,2
6000,503.4,0.8826764502,2
6000,503.45,0.883227939,2
6000,503.5,0.8837776,2
6000,503.55,0.8843254395,2
6000,503.6,0.884871464,2
6000,503.65,0.8854156798,2
6000,503.7,0.8859580934,2
6000,503.75,0.886498711,2
6000,503.8,0.8870375389,2
6000,503.85,0.8875745835,2
6000,503.9,0.888109851,2
6000,503.95,0.8886433477,2
6000,504,0.8891750798,2
6000,504.05,0.8897050535,2
6000,504.1,0.8902332749,2
6000,504.15,0.8907597504,2
6000,504.2,0.8912844859,2
6000,504.25,0.8918074876,2
6000,504.3,0.8923287617,2
6000,504.35,0.8928483142,2
6000,504.4,0.8933661511,2
6000,504.45,0.8938822786,2
6000,504.5,0.8943967026,2
6000,504.55,0.8949094291,2
6000,504.6,0.8954204642,2
6000,504.65,0.8959298137,2
6000,504.7,0.8964374836,2
6000,504.75,0.8969434799,2
6000,504.8,0.8974478084,2
6000,504.85,0.8979504751,2
6000,504.9,0.8984514857,2
6000,504.95,0.8989508462,2
6000,505,0.8994485623,2
6000,505.05,0.8999446398,2
6000,505.1,0.9004390846,2
6000,505.15,0.9009319023,2
6000,505.2,0.9014230988,2
6000,505.25,0.9019126798,2
6000,505.3,0.9024006509,2
6000,505.35,0.9028870179,2
6000,505.4,0.9033717863,2
6000,505.45,0.903854962,2
6000,505.5,0.9043365504,2
6000,505.55,0.9048165572,2
6000,505.6,0.9052949881,2
6000,505.65,0.9057718484,2
6000,505.7,0.9062471439,2
6000,505.75,0.90672088,2
6000,505.8,0.9071930623,2
6000,505.85,0.9076636962,2
6000,505.9,0.9081327873,2
6000,505.95,0.908600341,2
6000,506,0.9090663627,2
6000,506.05,0.9095308578,2
6000,506.1,0.9099938318,2
6000,506.15,0.91045529,2
6000,506.2,0.9109152379,2
6000,506.25,0.9113736807,2
6000,506.3,0.9118306238,2
6000,506.35,0.9122860724,2
6000,506.4,0.912740032,2
6000,506.45,0.9131925078,2
6000,506.5,0.913643505,2
6000,506.55,0.9140930288,2
6000,506.6,0.9145410846,2
6000,506.65,0.9149876774,2
6000,506.7,0.9154328125,2
6000,506.75,0.9158764951,2
6000,506.8,0.9163187303,2
6000,506.85,0.9167595233,2
6000,506.9,0.9171988791,2
6000,506.95,0.9176368028,2
6000,507,0.9180732996,2
6000,507.05,0.9185083746,2
6000,507.1,0.9189420327,2
6000,507.15,0.9193742789,2
6000,507.2,0.9198051184,2
6000,507.25,0.9202345561,2
6000,507.3,0.920662597,2
6000,507.35,0.921089246,2
6000,507.4,0.9215145081,2
6000,507.45,0.9219383883,2
6000,507.5,0.9223608914,2
6000,507.55,0.9227820223,2
6000,507.6,0.9232017859,2
6000,507.65,0.9236201871,2
6000,507.7,0.9240372308,2
6000,507.75,0.9244529216,2
6000,507.8,0.9248672646,2
6000,507.85,0.9252802644,2
6000,507.9,0.9256919259,2
6000,507.95,0.9261022537,2
6000,508,0.9265112528,2
6000,508.05,0.9269189277,2
6000,508.1,0.9273252832,2
6000,508.15,0.927730324,2
6000,508.2,0.9281340549,2
6000,508.25,0.9285364804,2
6000,508.3,0.9289376052,2
6000,508.35,0.9293374339,2
6000,508.4,0.9297359712,2
6000,508.45,0.9301332217,2
6000,508.5,0.93052919,2
6000,508.55,0.9309238805,2
6000,508.6,0.931317298,2
6000,508.65,0.9317094469,2
6000,508.7,0.9321003318,2
6000,508.75,0.9324899572,2
6000,508.8,0.9328783275,2
6000,508.85,0.9332654473,2
6000,508.9,0.933651321,2
6000,508.95,0.9340359531,2
6000,509,0.9344193479,2
6000,509.05,0.93480151,2
6000,509.1,0.9351824437,2
6000,509.15,0.9355621535,2
6000,509.2,0.9359406436,2
6000,509.25,0.9363179185,2
6000,509.3,0.9366939825,2
6000,509.35,0.9370688399,2
6000,509.4,0.937442495,2
6000,509.45,0.9378149522,2
6000,509.5,0.9381862157,2
6000,509.55,0.9385562899,2
6000,509.6,0.9389251788,2
6000,509.65,0.9392928869,2
6000,509.7,0.9396594183,2
6000,509.75,0.9400247772,2
6000,509.8,0.9403889679,2
6000,509.85,0.9407519945,2
6000,509.9,0.9411138612,2
6000,509.95,0.9414745721,2
6000,510,0.9418341315,2
6000,510.05,0.9421925433,2
6000,510.1,0.9425498118,2
6000,510.15,0.942905941,2
6000,510.2,0.943260935,2
6000,510.25,0.9436147979,2
6000,510.3,0.9439675337,2
6000,510.35,0.9443191466,2
6000,510.4,0.9446696404,2
6000,510.45,0.9450190193,2
6000,510.5,0.9453672872,2
6000,510.55,0.9457144481,2
6000,510.6,0.946060506,2
6000,510.65,0.9464054649,2
6000,510.7,0.9467493286,2
6000,510.75,0.9470921012,2
6000,510.8,0.9474337866,2
6000,510.85,0.9477743886,2
6000,510.9,0.9481139112,2
6000,510.95,0.9484523582,2
6000,511,0.9487897335,2
6000,511.05,0.9491260409,2
6000,511.1,0.9494612844,2
6000,511.15,0.9497954677,2
6000,511.2,0.9501285946,2
6000,511.25,0.9504606689,2
6000,511.3,0.9507916945,2
6000,511.35,0.9511216751,2
6000,511.4,0.9514506144,2
6000,511.45,0.9517785162,2
6000,511.5,0.9521053843,2
6000,511.55,0.9524312223,2
6000,511.6,0.9527560341,2
6000,511.65,0.9530798231,2
6000,511.7,0.9534025933,2
6000,511.75,0.9537243482,2
6000,511.8,0.9540450914,2
6000,511.85,0.9543648267,2
6000,511.9,0.9546835577,2
6000,511.95,0.955001288,2
6000,512,0.9553180211,2
6000,512.05,0.9556337608,2
6000,512.1,0.9559485105,2
6000,512.15,0.9562622739,2
6000,512.2,0.9565750545,2
6000,512.25,0.9568868559,2
6000,512.3,0.9571976815,2
6000,512.35,0.957507535,2
6000,512.4,0.9578164198,2
6000,512.45,0.9581243394,2
6000,512.5,0.9584312974,2
6000,512.55,0.9587372971,2
6000,512.6,0.9590423421,2
6000,512.65,0.9593464358,2
6000,512.7,0.9596495816,2
6000,512.75,0.959951783,2
6000,512.8,0.9602530434,2
6000,512.85,0.9605533661,2
6000,512.9,0.9608527546,2
6000,512.95,0.9611512123,2
6000,513,0.9614487425,2
6000,513.05,0.9617453486,2
6000,513.1,0.9620410339,2
6000,513.15,0.9623358018,2
6000,513.2,0.9626296556,2
6000,513.25,0.9629225985,2
6000,513.3,0.9632146339,2
6000,513.35,0.9635057651,2
6000,513.4,0.9637959954,2
6000,513.45,0.964085328,2
6000,513.5,0.9643737661,2
6000,513.55,0.9646613131,2
6000,513.6,0.9649479721,2
6000,513.65,0.9652337464,2
6000,513.7,0.9655186391,2
6000,513.75,0.9658026535,2
6000,513.8,0.9660857928,2
6000,513.85,0.9663680601,2
6000,513.9,0.9666494585,2
6000,513.95,0.9669299914,2
6000,514,0.9672096617,2
6000,514.05,0.9674884726,2
6000,514.1,0.9677664273,2
6000,514.15,0.9680435289,2
6000,514.2,0.9683197804,2
6000,514.25,0.9685951849,2
6000,514.3,0.9688697456,2
6000,514.35,0.9691434654,2
6000,514.4,0.9694163475,2
6000,514.45,0.9696883948,2
6000,514.5,0.9699596105,2
6000,514.55,0.9702299975,2
6000,514.6,0.9704995589,2
6000,514.65,0.9707682977,2
6000,514.7,0.9710362168,2
6000,514.75,0.9713033192,2
6000,514.8,0.971569608,2
6000,514.85,0.971835086,2
6000,514.9,0.9720997563,2
6000,514.95,0.9723636217,2
6000,515,0.9726266852,2
6000,515.05,0.9728889497,2
6000,515.1,0.9731504182,2
6000,515.15,0.9734110935,2
6000,515.2,0.9736709785,2
6000,515.25,0.9739300761,2
6000,515.3,0.9741883892,2
6000,515.35,0.9744459206,2
6000,515.4,0.9747026732,2
6000,515.45,0.9749586499,2
6000,515.5,0.9752138533,2
6000,515.55,0.9754682865,2
6000,515.6,0.9757219522,2
6000,515.65,0.9759748531,2
6000,515.7,0.9762269921,2
6000,515.75,0.976478372,2
6000,515.8,0.9767289955,2
6000,515.85,0.9769788654,2
6000,515.9,0.9772279844,2
6000,515.95,0.9774763554,2
6000,516,0.9777239809,2
6000,516.05,0.9779708638,2
6000,516.1,0.9782170068,2
6000,516.15,0.9784624125,2
6000,516.2,0.9787070838,2
6000,516.25,0.9789510231,2
6000,516.3,0.9791942333,2
6000,516.35,0.979436717,2
6000,516.4,0.9796784768,2
6000,516.45,0.9799195154,2
6000,516.5,0.9801598355,2
6000,516.55,0.9803994396,2
6000,516.6,0.9806383305,2
6000,516.65,0.9808765106,2
6000,516.7,0.9811139827,2
6000,516.75,0.9813507492,2
6000,516.8,0.9815868128,2
6000,516.85,0.9818221761,2
6000,516.9,0.9820568417,2
6000,516.95,0.982290812,2
6000,517,0.9825240896,2
6000,517.05,0.9827566771,2
6000,517.1,0.982988577,2
6000,517.15,0.9832197919,2
6000,517.2,0.9834503241,2
6000,517.25,0.9836801764,2
6000,517.3,0.983909351,2
6000,517.35,0.9841378506,2
6000,517.4,0.9843656776,2
6000,517.45,0.9845928345,2
6000,517.5,0.9848193237,2
6000,517.55,0.9850451477,2
6000,517.6,0.9852703089,2
6000,517.65,0.9854948098,2
6000,517.7,0.9857186527,2
6000,517.75,0.9859418402,2
6000,517.8,0.9861643746,2
6000,517.85,0.9863862583,2
6000,517.9,0.9866074938,2
6000,517.95,0.9868280833,2
6000,518,0.9870480293,2
6000,518.05,0.9872673341,2
6000,518.1,0.9874860001,2
6000,518.15,0.9877040297,2
6000,518.2,0.9879214252,2
6000,518.25,0.9881381889,2
6000,518.3,0.9883543231,2
6000,518.35,0.9885698302,2
6000,518.4,0.9887847125,2
6000,518.45,0.9889989722,2
6000,518.5,0.9892126118,2
6000,518.55,0.9894256334,2
6000,518.6,0.9896380393,2
6000,518.65,0.9898498318,2
6000,518.7,0.9900610132,2
6000,518.75,0.9902715857,2
6000,518.8,0.9904815516,2
6000,518.85,0.9906909131,2
6000,518.9,0.9908996724,2
6000,518.95,0.9911078317,2
6000,519,0.9913153934,2
6000,519.05,0.9915223595,2
6000,519.1,0.9917287322,2
6000,519.15,0.9919345138,2
6000,519.2,0.9921397065,2
6000,519.25,0.9923443124,2
6000,519.3,0.9925483337,2
6000,519.35,0.9927517725,2
6000,519.4,0.992954631,2
6000,519.45,0.9931569114,2
6000,519.5,0.9933586157,2
6000,519.55,0.9935597461,2
6000,519.6,0.9937603048,2
6000,519.65,0.9939602938,2
6000,519.7,0.9941597153,2
6000,519.75,0.9943585713,2
6000,519.8,0.994556864,2
6000,519.85,0.9947545954,2
6000,519.9,0.9949517675,2
6000,519.95,0.9951483826,2
6000,520,0.9953444426,2
6000,520.05,0.9955399496,2
6000,520.1,0.9957349056,2
6000,520.15,0.9959293127,2
6000,520.2,0.9961231729,2
6000,520.25,0.9963164883,2
6000,520.3,0.9965092608,2
6000,520.35,0.9967014925,2
6000,520.4,0.9968931853,2
6000,520.45,0.9970843414,2
6000,520.5,0.9972749625,2
6000,520.55,0.9974650509,2
6000,520.6,0.9976546083,2
6000,520.65,0.9978436369,2
6000,520.7,0.9980321385,2
6000,520.75,0.9982201151,2
6000,520.8,0.9984075687,2
6000,520.85,0.9985945011,2
6000,520.9,0.9987809144,2
6000,520.95,0.9989668105,2
6000,521,0.9991521912,2
6000,521.05,0.9993370586,2
6000,521.1,0.9995214144,2
6000,521.15,0.9997052607,2
6000,521.2,0.9998885992,2
6000,521.25,1.000071432,2
6000,521.3,1.000253761,2
6000,521.35,1.000435587,2
6000,521.4,1.000616914,2
6000,521.45,1.000797742,2
6000,521.5,1.000978074,2
6000,521.55,1.001157911,2
6000,521.6,1.001337255,2
6000,521.65,1.001516109,2
6000,521.7,1.001694473,2
6000,521.75,1.00187235,2
6000,521.8,1.002049741,2
6000,521.85,1.002226649,2
6000,521.9,1.002403075,2
6000,521.95,1.00257902,2
6000,522,1.002754488,2
6000,522.05,1.002929479,2
6000,522.1,1.003103995,2
6000,522.15,1.003278038,2
6000,522.2,1.00345161,2
6000,522.25,1.003624713,2
6000,522.3,1.003797347,2
6000,522.35,1.003969516,2
6000,522.4,1.004141221,2
6000,522.45,1.004312463,2
6000,522.5,1.004483244,2
6000,522.55,1.004653567,2
6000,522.6,1.004823432,2
6000,522.65,1.004992841,2
6000,522.7,1.005161797,2
6000,522.75,1.0053303,2
6000,522.8,1.005498352,2
6000,522.85,1.005665956,2
6000,522.9,1.005833113,2
6000,522.95,1.005999824,2
6000,523,1.006166091,2
6000,523.05,1.006331916,2
6000,523.1,1.006497301,2
6000,523.15,1.006662247,2
6000,523.2,1.006826755,2
6000,523.25,1.006990828,2
6000,523.3,1.007154467,2
6000,523.35,1.007317673,2
6000,523.4,1.007480449,2
6000,523.45,1.007642796,2
6000,523.5,1.007804715,2
6000,523.55,1.007966208,2
6000,523.6,1.008127277,2
6000,523.65,1.008287923,2
6000,523.7,1.008448148,2
6000,523.75,1.008607953,2
6000,523.8,1.008767341,2
6000,523.85,1.008926312,2
6000,523.9,1.009084868,2
6000,523.95,1.00924301,2
6000,524,1.009400741,2
6000,524.05,1.009558062,2
6000,524.1,1.009714974,2
6000,524.15,1.009871479,2
6000,524.2,1.010027578,2
6000,524.25,1.010183274,2
6000,524.3,1.010338566,2
6000,524.35,1.010493458,2
6000,524.4,1.010647949,2
6000,524.45,1.010802043,2
6000,524.5,1.010955741,2
6000,524.55,1.011109043,2
6000,524.6,1.011261951,2
6000,524.65,1.011414468,2
6000,524.7,1.011566593,2
6000,524.75,1.01171833,2
6000,524.8,1.011869679,2
6000,524.85,1.012020641,2
6000,524.9,1.012171219,2
6000,524.95,1.012321413,2
6000,525,1.012471226,2
6000,525.05,1.012620658,2
6000,525.1,1.012769711,2
6000,525.15,1.012918386,2
6000,525.2,1.013066685,2
6000,525.25,1.013214609,2
6000,525.3,1.01336216,2
6000,525.35,1.013509339,2
6000,525.4,1.013656147,2
6000,525.45,1.013802586,2
6000,525.5,1.013948657,2
6000,525.55,1.014094362,2
6000,525.6,1.014239702,2
6000,525.65,1.014384678,2
6000,525.7,1.014529292,2
6000,525.75,1.014673545,2
6000,525.8,1.014817438,2
6000,525.85,1.014960973,2
6000,525.9,1.015104151,2
6000,525.95,1.015246974,2
6000,526,1.015389442,2
6000,526.05,1.015531558,2
6000,526.1,1.015673322,2
6000,526.15,1.015814736,2
6000,526.2,1.015955802,2
6000,526.25,1.016096519,2
6000,526.3,1.01623689,2
6000,526.35,1.016376917,2
6000,526.4,1.0165166,2
6000,526.45,1.01665594,2
6000,526.5,1.01679494,2
6000,526.55,1.016933599,2
6000,526.6,1.017071921,2
6000,526.65,1.017209905,2
6000,526.7,1.017347553,2
6000,526.75,1.017484866,2
6000,526.8,1.017621846,2
6000,526.85,1.017758494,2
6000,526.9,1.017894811,2
6000,526.95,1.018030799,2
6000,527,1.018166458,2
6000,527.05,1.01830179,2
6000,527.1,1.018436796,2
6000,527.15,1.018571477,2
6000,527.2,1.018705835,2
6000,527.25,1.018839871,2
6000,527.3,1.018973586,2
6000,527.35,1.019106981,2
6000,527.4,1.019240057,2
6000,527.45,1.019372817,2
6000,527.5,1.01950526,2
6000,527.55,1.019637388,2
6000,527.6,1.019769202,2
6000,527.65,1.019900703,2
6000,527.7,1.020031894,2
6000,527.75,1.020162774,2
6000,527.8,1.020293345,2
6000,527.85,1.020423608,2
6000,527.9,1.020553564,2
6000,527.95,1.020683215,2
6000,528,1.020812562,2
6000,528.05,1.020941605,2
6000,528.1,1.021070346,2
6000,528.15,1.021198787,2
6000,528.2,1.021326927,2
6000,528.25,1.021454769,2
6000,528.3,1.021582313,2
6000,528.35,1.021709561,2
6000,528.4,1.021836514,2
6000,528.45,1.021963172,2
6000,528.5,1.022089538,2
6000,528.55,1.022215611,2
6000,528.6,1.022341394,2
6000,528.65,1.022466887,2
6000,528.7,1.022592092,2
6000,528.75,1.022717009,2
6000,528.8,1.022841639,2
6000,528.85,1.022965984,2
6000,528.9,1.023090045,2
6000,528.95,1.023213823,2
6000,529,1.023337319,2
6000,529.05,1.023460534,2
6000,529.1,1.023583468,2
6000,529.15,1.023706124,2
6000,529.2,1.023828502,2
6000,529.25,1.023950604,2
6000,529.3,1.024072429,2
6000,529.35,1.02419398,2
6000,529.4,1.024315257,2
6000,529.45,1.024436262,2
6000,529.5,1.024556995,2
6000,529.55,1.024677458,2
6000,529.6,1.024797651,2
6000,529.65,1.024917576,2
6000,529.7,1.025037233,2
6000,529.75,1.025156624,2
6000,529.8,1.025275749,2
6000,529.85,1.02539461,2
6000,529.9,1.025513208,2
6000,529.95,1.025631543,2
6000,530,1.025749617,2
6000,530.05,1.02586743,2
6000,530.1,1.025984985,2
6000,530.15,1.02610228,2
6000,530.2,1.026219319,2
6000,530.25,1.0263361,2
6000,530.3,1.026452627,2
6000,530.35,1.026568899,2
6000,530.4,1.026684917,2
6000,530.45,1.026800683,2
6000,530.5,1.026916197,2
6000,530.55,1.027031461,2
6000,530.6,1.027146475,2
6000,530.65,1.02726124,2
6000,530.7,1.027375757,2
6000,530.75,1.027490028,2
6000,530.8,1.027604052,2
6000,530.85,1.027717832,2
6000,530.9,1.027831368,2
6000,530.95,1.027944661,2
6000,531,1.028057711,2
6000,531.05,1.02817052,2
6000,531.1,1.028283089,2
6000,531.15,1.028395419,2
6000,531.2,1.02850751,2
6000,531.25,1.028619363,2
6000,531.3,1.02873098,2
6000,531.35,1.028842361,2
6000,531.4,1.028953508,2
6000,531.45,1.02906442,2
6000,531.5,1.029175099,2
6000,531.55,1.029285546,2
6000,531.6,1.029395762,2
6000,531.65,1.029505747,2
6000,531.7,1.029615503,2
6000,531.75,1.02972503,2
6000,531.8,1.02983433,2
6000,531.85,1.029943402,2
6000,531.9,1.030052249,2
6000,531.95,1.03016087,2
6000,532,1.030269267,2
6000,532.05,1.03037744,2
6000,532.1,1.030485391,2
6000,532.15,1.03059312,2
6000,532.2,1.030700629,2
6000,532.25,1.030807917,2
6000,532.3,1.030914986,2
6000,532.35,1.031021837,2
6000,532.4,1.03112847,2
6000,532.45,1.031234886,2
6000,532.5,1.031341087,2
6000,532.55,1.031447072,2
6000,532.6,1.031552843,2
6000,532.65,1.031658401,2
6000,532.7,1.031763746,2
6000,532.75,1.03186888,2
6000,532.8,1.031973803,2
6000,532.85,1.032078515,2
6000,532.9,1.032183018,2
6000,532.95,1.032287312,2
6000,533,1.032391399,2
6000,533.05,1.032495279,2
6000,533.1,1.032598952,2
6000,533.15,1.032702421,2
6000,533.2,1.032805684,2
6000,533.25,1.032908744,2
6000,533.3,1.033011601,2
6000,533.35,1.033114256,2
6000,533.4,1.033216709,2
6000,533.45,1.033318961,2
6000,533.5,1.033421014,2
6000,533.55,1.033522867,2
6000,533.6,1.033624522,2
6000,533.65,1.033725979,2
6000,533.7,1.033827239,2
6000,533.75,1.033928304,2
6000,533.8,1.034029173,2
6000,533.85,1.034129847,2
6000,533.9,1.034230327,2
6000,533.95,1.034330615,2
6000,534,1.034430709,2
6000,534.05,1.034530613,2
6000,534.1,1.034630325,2
6000,534.15,1.034729847,2
6000,534.2,1.03482918,2
6000,534.25,1.034928324,2
6000,534.3,1.03502728,2
6000,534.35,1.035126048,2
6000,534.4,1.03522463,2
6000,534.45,1.035323027,2
6000,534.5,1.035421238,2
6000,534.55,1.035519264,2
6000,534.6,1.035617107,2
6000,534.65,1.035714767,2
6000,534.7,1.035812245,2
6000,534.75,1.035909541,2
6000,534.8,1.036006656,2
6000,534.85,1.036103591,2
6000,534.9,1.036200346,2
6000,534.95,1.036296922,2
6000,535,1.036393321,2
6000,535.05,1.036489541,2
6000,535.1,1.036585586,2
6000,535.15,1.036681453,2
6000,535.2,1.036777146,2
6000,535.25,1.036872664,2
6000,535.3,1.036968007,2
6000,535.35,1.037063178,2
6000,535.4,1.037158175,2
6000,535.45,1.037253,2
6000,535.5,1.037347654,2
6000,535.55,1.037442138,2
6000,535.6,1.037536451,2
6000,535.65,1.037630594,2
6000,535.7,1.037724569,2
6000,535.75,1.037818376,2
6000,535.8,1.037912015,2
6000,535.85,1.038005487,2
6000,535.9,1.038098793,2
6000,535.95,1.038191933,2
6000,536,1.038284909,2
6000,536.05,1.03837772,2
6000,536.1,1.038470367,2
6000,536.15,1.038562852,2
6000,536.2,1.038655173,2
6000,536.25,1.038747333,2
6000,536.3,1.038839332,2
6000,536.35,1.038931171,2
6000,536.4,1.039022849,2
6000,536.45,1.039114368,2
6000,536.5,1.039205728,2
6000,536.55,1.03929693,2
6000,536.6,1.039387975,2
6000,536.65,1.039478863,2
6000,536.7,1.039569594,2
6000,536.75,1.03966017,2
6000,536.8,1.039750591,2
6000,536.85,1.039840857,2
6000,536.9,1.039930969,2
6000,536.95,1.040020928,2
6000,537,1.040110734,2
6000,537.05,1.040200388,2
6000,537.1,1.04028989,2
6000,537.15,1.040379241,2
6000,537.2,1.040468442,2
6000,537.25,1.040557494,2
6000,537.3,1.040646395,2
6000,537.35,1.040735149,2
6000,537.4,1.040823754,2
6000,537.45,1.040912211,2
6000,537.5,1.041000522,2
6000,537.55,1.041088686,2
6000,537.6,1.041176705,2
6000,537.65,1.041264578,2
6000,537.7,1.041352306,2
6000,537.75,1.04143989,2
6000,537.8,1.041527331,2
6000,537.85,1.041614628,2
6000,537.9,1.041701783,2
6000,537.95,1.041788796,2
6000,538,1.041875668,2
6000,538.05,1.041962399,2
6000,538.1,1.042048989,2
6000,538.15,1.04213544,2
6000,538.2,1.042221751,2
6000,538.25,1.042307923,2
6000,538.3,1.042393958,2
6000,538.35,1.042479855,2
6000,538.4,1.042565614,2
6000,538.45,1.042651237,2
6000,538.5,1.042736724,2
6000,538.55,1.042822075,2
6000,538.6,1.042907292,2
6000,538.65,1.042992373,2
6000,538.7,1.043077321,2
6000,538.75,1.043162135,2
6000,538.8,1.043246817,2
6000,538.85,1.043331366,2
6000,538.9,1.043415782,2
6000,538.95,1.043500068,2
6000,539,1.043584222,2
6000,539.05,1.043668246,2
6000,539.1,1.04375214,2
6000,539.15,1.043835905,2
6000,539.2,1.043919541,2
6000,539.25,1.044003048,2
6000,539.3,1.044086427,2
6000,539.35,1.044169679,2
6000,539.4,1.044252803,2
6000,539.45,1.044335802,2
6000,539.5,1.044418674,2
6000,539.55,1.044501421,2
6000,539.6,1.044584042,2
6000,539.65,1.044666539,2
6000,539.7,1.044748913,2
6000,539.75,1.044831162,2
6000,539.8,1.044913288,2
6000,539.85,1.044995292,2
6000,539.9,1.045077173,2
6000,539.95,1.045158933,2
6000,540,1.045240571,2
6000,540.05,1.045322089,2
6000,540.1,1.045403486,2
6000,540.15,1.045484763,2
6000,540.2,1.045565921,2
6000,540.25,1.04564696,2
6000,540.3,1.045727881,2
6000,540.35,1.045808683,2
6000,540.4,1.045889368,2
6000,540.45,1.045969936,2
6000,540.5,1.046050387,2
6000,540.55,1.046130722,2
6000,540.6,1.046210941,2
6000,540.65,1.046291044,2
6000,540.7,1.046371033,2
6000,540.75,1.046450907,2
6000,540.8,1.046530667,2
6000,540.85,1.046610314,2
6000,540.9,1.046689847,2
6000,540.95,1.046769268,2
6000,541,1.046848576,2
6000,541.05,1.046927773,2
6000,541.1,1.047006858,2
6000,541.15,1.047085832,2
6000,541.2,1.047164695,2
6000,541.25,1.047243448,2
6000,541.3,1.047322092,2
6000,541.35,1.047400626,2
6000,541.4,1.047479051,2
6000,541.45,1.047557368,2
6000,541.5,1.047635576,2
6000,541.55,1.047713677,2
6000,541.6,1.047791671,2
6000,541.65,1.047869558,2
6000,541.7,1.047947338,2
6000,541.75,1.048025012,2
6000,541.8,1.048102581,2
6000,541.85,1.048180044,2
6000,541.9,1.048257403,2
6000,541.95,1.048334657,2
6000,542,1.048411807,2
6000,542.05,1.048488854,2
6000,542.1,1.048565797,2
6000,542.15,1.048642637,2
6000,542.2,1.048719375,2
6000,542.25,1.048796011,2
6000,542.3,1.048872545,2
6000,542.35,1.048948978,2
6000,542.4,1.04902531,2
6000,542.45,1.049101542,2
6000,542.5,1.049177673,2
6000,542.55,1.049253705,2
6000,542.6,1.049329637,2
6000,542.65,1.04940547,2
6000,542.7,1.049481205,2
6000,542.75,1.049556841,2
6000,542.8,1.04963238,2
6000,542.85,1.049707821,2
6000,542.9,1.049783165,2
6000,542.95,1.049858412,2
6000,543,1.049933563,2
6000,543.05,1.050008617,2
6000,543.1,1.050083576,2
6000,543.15,1.05015844,2
6000,543.2,1.050233209,2
6000,543.25,1.050307883,2
6000,543.3,1.050382463,2
6000,543.35,1.050456949,2
6000,543.4,1.050531342,2
6000,543.45,1.050605641,2
6000,543.5,1.050679848,2
6000,543.55,1.050753963,2
6000,543.6,1.050827985,2
6000,543.65,1.050901915,2
6000,543.7,1.050975754,2
6000,543.75,1.051049502,2
6000,543.8,1.05112316,2
6000,543.85,1.051196727,2
6000,543.9,1.051270203,2
6000,543.95,1.051343591,2
6000,544,1.051416889,2
6000,544.05,1.051490098,2
6000,544.1,1.051563218,2
6000,544.15,1.05163625,2
6000,544.2,1.051709194,2
6000,544.25,1.05178205,2
6000,544.3,1.051854819,2
6000,544.35,1.051927501,2
6000,544.4,1.052000096,2
6000,544.45,1.052072605,2
6000,544.5,1.052145028,2
6000,544.55,1.052217365,2
6000,544.6,1.052289617,2
6000,544.65,1.052361784,2
6000,544.7,1.052433866,2
6000,544.75,1.052505864,2
6000,544.8,1.052577777,2
6000,544.85,1.052649607,2
6000,544.9,1.052721354,2
6000,544.95,1.052793017,2
6000,545,1.052864597,2
6000,545.05,1.052936095,2
6000,545.1,1.053007511,2
6000,545.15,1.053078845,2
6000,545.2,1.053150097,2
6000,545.25,1.053221268,2
6000,545.3,1.053292358,2
6000,545.35,1.053363367,2
6000,545.4,1.053434296,2
6000,545.45,1.053505145,2
6000,545.5,1.053575914,2
6000,545.55,1.053646603,2
6000,545.6,1.053717214,2
6000,545.65,1.053787745,2
6000,545.7,1.053858198,2
6000,545.75,1.053928573,2
6000,545.8,1.05399887,2
6000,545.85,1.054069089,2
6000,545.9,1.05413923,2
6000,545.95,1.054209295,2
6000,546,1.054279282,2
6000,546.05,1.054349194,2
6000,546.1,1.054419028,2
6000,546.15,1.054488787,2
6000,546.2,1.05455847,2
6000,546.25,1.054628078,2
6000,546.3,1.054697611,2
6000,546.35,1.054767069,2
6000,546.4,1.054836452,2
6000,546.45,1.054905761,2
6000,546.5,1.054974996,2
6000,546.55,1.055044157,2
6000,546.6,1.055113245,2
6000,546.65,1.055182259,2
6000,546.7,1.055251201,2
6000,546.75,1.05532007,2
6000,546.8,1.055388867,2
6000,546.85,1.055457591,2
6000,546.9,1.055526244,2
6000,546.95,1.055594825,2
6000,547,1.055663335,2
6000,547.05,1.055731774,2
6000,547.1,1.055800142,2
6000,547.15,1.05586844,2
6000,547.2,1.055936667,2
6000,547.25,1.056004824,2
6000,547.3,1.056072912,2
6000,547.35,1.05614093,2
6000,547.4,1.056208879,2
6000,547.45,1.056276759,2
6000,547.5,1.05634457,2
6000,547.55,1.056412313,2
6000,547.6,1.056479987,2
6000,547.65,1.056547594,2
6000,547.7,1.056615133,2
6000,547.75,1.056682604,2
6000,547.8,1.056750009,2
6000,547.85,1.056817346,2
6000,547.9,1.056884617,2
6000,547.95,1.056951821,2
6000,548,1.057018959,2
6000,548.05,1.057086031,2
6000,548.1,1.057153037,2
6000,548.15,1.057219978,2
6000,548.2,1.057286854,2
6000,548.25,1.057353664,2
6000,548.3,1.05742041,2
6000,548.35,1.057487091,2
6000,548.4,1.057553708,2
6000,548.45,1.057620261,2
6000,548.5,1.05768675,2
6000,548.55,1.057753176,2
6000,548.6,1.057819538,2
6000,548.65,1.057885837,2
6000,548.7,1.057952073,2
6000,548.75,1.058018247,2
6000,548.8,1.058084358,2
6000,548.85,1.058150407,2
6000,548.9,1.058216393,2
6000,548.95,1.058282319,2
6000,549,1.058348182,2
6000,549.05,1.058413985,2
6000,549.1,1.058479726,2
6000,549.15,1.058545406,2
6000,549.2,1.058611026,2
6000,549.25,1.058676585,2
6000,549.3,1.058742084,2
6000,549.35,1.058807523,2
6000,549.4,1.058872903,2
6000,549.45,1.058938223,2
6000,549.5,1.059003483,2
6000,549.55,1.059068684,2
6000,549.6,1.059133827,2
6000,549.65,1.059198911,2
6000,549.7,1.059263936,2
6000,549.75,1.059328903,2
6000,549.8,1.059393812,2
6000,549.85,1.059458663,2
6000,549.9,1.059523457,2
6000,549.95,1.059588193,2
6000,550,1.059652872,2
6000,550.05,1.059717494,2
6000,550.1,1.059782059,2
6000,550.15,1.059846567,2
6000,550.2,1.059911019,2
6000,550.25,1.059975415,2
6000,550.3,1.060039755,2
6000,550.35,1.060104039,2
6000,550.4,1.060168267,2
6000,550.45,1.060232441,2
6000,550.5,1.060296558,2
6000,550.55,1.060360621,2
6000,550.6,1.060424629,2
6000,550.65,1.060488583,2
6000,550.7,1.060552482,2
6000,550.75,1.060616327,2
6000,550.8,1.060680117,2
6000,550.85,1.060743854,2
6000,550.9,1.060807538,2
6000,550.95,1.060871168,2
6000,551,1.060934744,2
6000,551.05,1.060998268,2
6000,551.1,1.061061738,2
6000,551.15,1.061125156,2
6000,551.2,1.061188522,2
6000,551.25,1.061251835,2
6000,551.3,1.061315096,2
6000,551.35,1.061378305,2
6000,551.4,1.061441462,2
6000,551.45,1.061504568,2
6000,551.5,1.061567622,2
6000,551.55,1.061630625,2
6000,551.6,1.061693577,2
6000,551.65,1.061756478,2
6000,551.7,1.061819328,2
6000,551.75,1.061882128,2
6000,551.8,1.061944878,2
6000,551.85,1.062007577,2
6000,551.9,1.062070227,2
6000,551.95,1.062132826,2
6000,552,1.062195376,2
6000,552.05,1.062257877,2
6000,552.1,1.062320328,2
6000,552.15,1.06238273,2
6000,552.2,1.062445084,2
6000,552.25,1.062507388,2
6000,552.3,1.062569644,2
6000,552.35,1.062631851,2
6000,552.4,1.06269401,2
6000,552.45,1.062756122,2
6000,552.5,1.062818185,2
6000,552.55,1.0628802,2
6000,552.6,1.062942168,2
6000,552.65,1.063004088,2
6000,552.7,1.063065961,2
6000,552.75,1.063127787,2
6000,552.8,1.063189566,2
6000,552.85,1.063251299,2
6000,552.9,1.063312984,2
6000,552.95,1.063374624,2
6000,553,1.063436217,2
6000,553.05,1.063497763,2
6000,553.1,1.063559264,2
6000,553.15,1.063620719,2
6000,553.2,1.063682128,2
6000,553.25,1.063743492,2
6000,553.3,1.063804811,2
6000,553.35,1.063866084,2
6000,553.4,1.063927312,2
6000,553.45,1.063988496,2
6000,553.5,1.064049634,2
6000,553.55,1.064110728,2
6000,553.6,1.064171778,2
6000,553.65,1.064232783,2
6000,553.7,1.064293744,2
6000,553.75,1.064354662,2
6000,553.8,1.064415535,2
6000,553.85,1.064476365,2
6000,553.9,1.064537151,2
6000,553.95,1.064597894,2
6000,554,1.064658593,2
6000,554.05,1.06471925,2
6000,554.1,1.064779863,2
6000,554.15,1.064840434,2
6000,554.2,1.064900962,2
6000,554.25,1.064961448,2
6000,554.3,1.065021891,2
6000,554.35,1.065082292,2
6000,554.4,1.065142651,2
6000,554.45,1.065202968,2
6000,554.5,1.065263243,2
6000,554.55,1.065323476,2
6000,554.6,1.065383668,2
6000,554.65,1.065443819,2
6000,554.7,1.065503928,2
6000,554.75,1.065563996,2
6000,554.8,1.065624023,2
6000,554.85,1.06568401,2
6000,554.9,1.065743955,2
6000,554.95,1.06580386,2
6000,555,1.065863725,2
6000,555.05,1.065923549,2
6000,555.1,1.065983333,2
6000,555.15,1.066043077,2
6000,555.2,1.066102782,2
6000,555.25,1.066162446,2
6000,555.3,1.066222071,2
6000,555.35,1.066281656,2
6000,555.4,1.066341202,2
6000,555.45,1.066400708,2
6000,555.5,1.066460176,2
6000,555.55,1.066519604,2
6000,555.6,1.066578994,2
6000,555.65,1.066638345,2
6000,555.7,1.066697657,2
6000,555.75,1.066756931,2
6000,555.8,1.066816166,2
6000,555.85,1.066875363,2
6000,555.9,1.066934522,2
6000,555.95,1.066993643,2
6000,556,1.067052727,2
6000,556.05,1.067111772,2
6000,556.1,1.06717078,2
6000,556.15,1.06722975,2
6000,556.2,1.067288683,2
6000,556.25,1.067347578,2
6000,556.3,1.067406437,2
6000,556.35,1.067465258,2
6000,556.4,1.067524043,2
6000,556.45,1.06758279,2
6000,556.5,1.067641501,2
6000,556.55,1.067700176,2
6000,556.6,1.067758814,2
6000,556.65,1.067817415,2
6000,556.7,1.067875981,2
6000,556.75,1.06793451,2
6000,556.8,1.067993004,2
6000,556.85,1.068051461,2
6000,556.9,1.068109883,2
6000,556.95,1.068168269,2
6000,557,1.06822662,2
6000,557.05,1.068284935,2
6000,557.1,1.068343215,2
6000,557.15,1.068401459,2
6000,557.2,1.068459669,2
6000,557.25,1.068517843,2
6000,557.3,1.068575983,2
6000,557.35,1.068634088,2
6000,557.4,1.068692158,2
6000,557.45,1.068750194,2
6000,557.5,1.068808195,2
6000,557.55,1.068866162,2
6000,557.6,1.068924095,2
6000,557.65,1.068981994,2
6000,557.7,1.069039858,2
6000,557.75,1.069097689,2
6000,557.8,1.069155486,2
6000,557.85,1.069213249,2
6000,557.9,1.069270979,2
6000,557.95,1.069328675,2
6000,558,1.069386337,2
6000,558.05,1.069443967,2
6000,558.1,1.069501563,2
6000,558.15,1.069559126,2
6000,558.2,1.069616656,2
6000,558.25,1.069674154,2
6000,558.3,1.069731618,2
6000,558.35,1.06978905,2
6000,558.4,1.069846449,2
6000,558.45,1.069903816,2
6000,558.5,1.06996115,2
6000,558.55,1.070018452,2
6000,558.6,1.070075722,2
6000,558.65,1.07013296,2
6000,558.7,1.070190166,2
6000,558.75,1.070247339,2
6000,558.8,1.070304481,2
6000,558.85,1.070361592,2
6000,558.9,1.07041867,2
6000,558.95,1.070475717,2
6000,559,1.070532733,2
6000,559.05,1.070589717,2
6000,559.1,1.070646671,2
6000,559.15,1.070703592,2
6000,559.2,1.070760483,2
6000,559.25,1.070817343,2
6000,559.3,1.070874172,2
6000,559.35,1.07093097,2
6000,559.4,1.070987738,2
6000,559.45,1.071044475,2
6000,559.5,1.071101181,2
6000,559.55,1.071157857,2
6000,559.6,1.071214503,2
6000,559.65,1.071271118,2
6000,559.7,1.071327703,2
6000,559.75,1.071384258,2
6000,559.8,1.071440783,2
6000,559.85,1.071497278,2
6000,559.9,1.071553744,2
6000,559.95,1.071610179,2
6000,560,1.071666585,2
6000,560.05,1.071722961,2
6000,560.1,1.071779308,2
6000,560.15,1.071835626,2
6000,560.2,1.071891914,2
6000,560.25,1.071948173,2
6000,560.3,1.072004402,2
6000,560.35,1.072060603,2
6000,560.4,1.072116775,2
6000,560.45,1.072172917,2
6000,560.5,1.072229031,2
6000,560.55,1.072285116,2
6000,560.6,1.072341173,2
6000,560.65,1.072397201,2
6000,560.7,1.0724532,2
6000,560.75,1.072509171,2
6000,560.8,1.072565114,2
6000,560.85,1.072621028,2
6000,560.9,1.072676915,2
6000,560.95,1.072732773,2
6000,561,1.072788603,2
6000,561.05,1.072844405,2
6000,561.1,1.072900179,2
6000,561.15,1.072955925,2
6000,561.2,1.073011644,2
6000,561.25,1.073067335,2
6000,561.3,1.073122999,2
6000,561.35,1.073178635,2
6000,561.4,1.073234243,2
6000,561.45,1.073289824,2
6000,561.5,1.073345378,2
6000,561.55,1.073400905,2
6000,561.6,1.073456404,2
6000,561.65,1.073511877,2
6000,561.7,1.073567322,2
6000,561.75,1.073622741,2
6000,561.8,1.073678133,2
6000,561.85,1.073733498,2
6000,561.9,1.073788836,2
6000,561.95,1.073844148,2
6000,562,1.073899433,2
6000,562.05,1.073954691,2
6000,562.1,1.074009924,2
6000,562.15,1.074065129,2
6000,562.2,1.074120309,2
6000,562.25,1.074175462,2
6000,562.3,1.07423059,2
6000,562.35,1.074285691,2
6000,562.4,1.074340766,2
6000,562.45,1.074395815,2
6000,562.5,1.074450838,2
6000,562.55,1.074505836,2
6000,562.6,1.074560808,2
6000,562.65,1.074615754,2
6000,562.7,1.074670674,2
6000,562.75,1.074725569,2
6000,562.8,1.074780439,2
6000,562.85,1.074835283,2
6000,562.9,1.074890102,2
6000,562.95,1.074944895,2
6000,563,1.074999663,2
6000,563.05,1.075054406,2
6000,563.1,1.075109124,2
6000,563.15,1.075163817,2
6000,563.2,1.075218485,2
6000,563.25,1.075273128,2
6000,563.3,1.075327747,2
6000,563.35,1.07538234,2
6000,563.4,1.075436909,2
6000,563.45,1.075491453,2
6000,563.5,1.075545973,2
6000,563.55,1.075600468,2
6000,563.6,1.075654938,2
6000,563.65,1.075709384,2
6000,563.7,1.075763806,2
6000,563.75,1.075818204,2
6000,563.8,1.075872577,2
6000,563.85,1.075926926,2
6000,563.9,1.075981251,2
6000,563.95,1.076035552,2
6000,564,1.076089829,2
6000,564.05,1.076144082,2
6000,564.1,1.076198311,2
6000,564.15,1.076252516,2
6000,564.2,1.076306697,2
6000,564.25,1.076360855,2
6000,564.3,1.076414989,2
6000,564.35,1.0764691,2
6000,564.4,1.076523187,2
6000,564.45,1.07657725,2
6000,564.5,1.07663129,2
6000,564.55,1.076685307,2
6000,564.6,1.0767393,2
6000,564.65,1.07679327,2
6000,564.7,1.076847217,2
6000,564.75,1.076901141,2
6000,564.8,1.076955042,2
6000,564.85,1.077008919,2
6000,564.9,1.077062774,2
6000,564.95,1.077116605,2
6000,565,1.077170414,2
6000,565.05,1.0772242,2
6000,565.1,1.077277963,2
6000,565.15,1.077331703,2
6000,565.2,1.077385421,2
6000,565.25,1.077439116,2
6000,565.3,1.077492789,2
6000,565.35,1.077546439,2
6000,565.4,1.077600066,2
6000,565.45,1.077653671,2
6000,565.5,1.077707254,2
6000,565.55,1.077760814,2
6000,565.6,1.077814352,2
6000,565.65,1.077867868,2
6000,565.7,1.077921361,2
6000,565.75,1.077974833,2
6000,565.8,1.078028282,2
6000,565.85,1.07808171,2
6000,565.9,1.078135115,2
6000,565.95,1.078188498,2
6000,566,1.07824186,2
6000,566.05,1.0782952,2
6000,566.1,1.078348517,2
6000,566.15,1.078401814,2
6000,566.2,1.078455088,2
6000,566.25,1.078508341,2
6000,566.3,1.078561572,2
6000,566.35,1.078614781,2
6000,566.4,1.07866797,2
6000,566.45,1.078721136,2
6000,566.5,1.078774281,2
6000,566.55,1.078827405,2
6000,566.6,1.078880508,2
6000,566.65,1.078933589,2
6000,566.7,1.078986649,2
6000,566.75,1.079039687,2
6000,566.8,1.079092705,2
6000,566.85,1.079145701,2
6000,566.9,1.079198677,2
6000,566.95,1.079251631,2
6000,567,1.079304564,2
6000,567.05,1.079357477,2
6000,567.1,1.079410368,2
6000,567.15,1.079463239,2
6000,567.2,1.079516088,2
6000,567.25,1.079568917,2
6000,567.3,1.079621726,2
6000,567.35,1.079674513,2
6000,567.4,1.07972728,2
6000,567.45,1.079780027,2
6000,567.5,1.079832752,2
6000,567.55,1.079885458,2
6000,567.6,1.079938142,2
6000,567.65,1.079990807,2
6000,567.7,1.08004345,2
6000,567.75,1.080096074,2
6000,567.8,1.080148677,2
6000,567.85,1.08020126,2
6000,567.9,1.080253823,2
6000,567.95,1.080306365,2
6000,568,1.080358887,2
6000,568.05,1.08041139,2
6000,568.1,1.080463872,2
6000,568.15,1.080516334,2
6000,568.2,1.080568776,2
6000,568.25,1.080621198,2
6000,568.3,1.0806736,2
6000,568.35,1.080725982,2
6000,568.4,1.080778344,2
6000,568.45,1.080830687,2
6000,568.5,1.080883009,2
6000,568.55,1.080935312,2
6000,568.6,1.080987595,2
6000,568.65,1.081039859,2
6000,568.7,1.081092103,2
6000,568.75,1.081144327,2
6000,568.8,1.081196532,2
6000,568.85,1.081248717,2
6000,568.9,1.081300882,2
6000,568.95,1.081353029,2
6000,569,1.081405155,2
6000,569.05,1.081457263,2
6000,569.1,1.081509351,2
6000,569.15,1.081561419,2
6000,569.2,1.081613469,2
6000,569.25,1.081665499,2
6000,569.3,1.08171751,2
6000,569.35,1.081769501,2
6000,569.4,1.081821474,2
6000,569.45,1.081873427,2
6000,569.5,1.081925361,2
6000,569.55,1.081977277,2
6000,569.6,1.082029173,2
6000,569.65,1.08208105,2
6000,569.7,1.082132908,2
6000,569.75,1.082184748,2
6000,569.8,1.082236568,2
6000,569.85,1.08228837,2
6000,569.9,1.082340152,2
6000,569.95,1.082391916,2
6000,570,1.082443661,2
6000,570.05,1.082495388,2
6000,570.1,1.082547096,2
6000,570.15,1.082598785,2
6000,570.2,1.082650455,2
6000,570.25,1.082702107,2
6000,570.3,1.08275374,2
6000,570.35,1.082805355,2
6000,570.4,1.082856951,2
6000,570.45,1.082908528,2
6000,570.5,1.082960088,2
6000,570.55,1.083011628,2
6000,570.6,1.083063151,2
6000,570.65,1.083114655,2
6000,570.7,1.08316614,2
6000,570.75,1.083217608,2
6000,570.8,1.083269057,2
6000,570.85,1.083320487,2
6000,570.9,1.0833719,2
6000,570.95,1.083423294,2
6000,571,1.08347467,2
6000,571.05,1.083526028,2
6000,571.1,1.083577368,2
6000,571.15,1.08362869,2
6000,571.2,1.083679994,2
6000,571.25,1.08373128,2
6000,571.3,1.083782547,2
6000,571.35,1.083833797,2
6000,571.4,1.083885029,2
6000,571.45,1.083936243,2
6000,571.5,1.083987439,2
6000,571.55,1.084038617,2
6000,571.6,1.084089777,2
6000,571.65,1.08414092,2
6000,571.7,1.084192044,2
6000,571.75,1.084243151,2
6000,571.8,1.08429424,2
6000,571.85,1.084345312,2
6000,571.9,1.084396366,2
6000,571.95,1.084447402,2
6000,572,1.08449842,2
6000,572.05,1.084549421,2
6000,572.1,1.084600404,2
6000,572.15,1.08465137,2
6000,572.2,1.084702318,2
6000,572.25,1.084753249,2
6000,572.3,1.084804162,2
6000,572.35,1.084855058,2
6000,572.4,1.084905936,2
6000,572.45,1.084956797,2
6000,572.5,1.085007641,2
6000,572.55,1.085058467,2
6000,572.6,1.085109276,2
6000,572.65,1.085160067,2
6000,572.7,1.085210841,2
6000,572.75,1.085261598,2
6000,572.8,1.085312338,2
6000,572.85,1.085363061,2
6000,572.9,1.085413766,2
6000,572.95,1.085464454,2
6000,573,1.085515125,2
6000,573.05,1.085565779,2
6000,573.1,1.085616415,2
6000,573.15,1.085667035,2
6000,573.2,1.085717638,2
6000,573.25,1.085768223,2
6000,573.3,1.085818792,2
6000,573.35,1.085869343,2
6000,573.4,1.085919878,2
6000,573.45,1.085970395,2
6000,573.5,1.086020896,2
6000,573.55,1.08607138,2
6000,573.6,1.086121847,2
6000,573.65,1.086172297,2
6000,573.7,1.08622273,2
6000,573.75,1.086273146,2
6000,573.8,1.086323546,2
6000,573.85,1.086373929,2
6000,573.9,1.086424295,2
6000,573.95,1.086474644,2
6000,574,1.086524976,2
6000,574.05,1.086575292,2
6000,574.1,1.086625591,2
6000,574.15,1.086675874,2
6000,574.2,1.08672614,2
6000,574.25,1.086776389,2
6000,574.3,1.086826622,2
6000,574.35,1.086876838,2
6000,574.4,1.086927037,2
6000,574.45,1.08697722,2
6000,574.5,1.087027387,2
6000,574.55,1.087077537,2
6000,574.6,1.08712767,2
6000,574.65,1.087177787,2
6000,574.7,1.087227888,2
6000,574.75,1.087277972,2
6000,574.8,1.087328039,2
6000,574.85,1.087378091,2
6000,574.9,1.087428126,2
6000,574.95,1.087478144,2
6000,575,1.087528146,2
6000,575.05,1.087578132,2
6000,575.1,1.087628102,2
6000,575.15,1.087678055,2
6000,575.2,1.087727993,2
6000,575.25,1.087777913,2
6000,575.3,1.087827818,2
6000,575.35,1.087877707,2
6000,575.4,1.087927579,2
6000,575.45,1.087977435,2
6000,575.5,1.088027275,2
6000,575.55,1.088077099,2
6000,575.6,1.088126906,2
6000,575.65,1.088176698,2
6000,575.7,1.088226473,2
6000,575.75,1.088276233,2
6000,575.8,1.088325976,2
6000,575.85,1.088375703,2
6000,575.9,1.088425415,2
6000,575.95,1.08847511,2
6000,576,1.088524789,2
6000,576.05,1.088574452,2
6000,576.1,1.0886241,2
6000,576.15,1.088673731,2
6000,576.2,1.088723347,2
6000,576.25,1.088772946,2
6000,576.3,1.08882253,2
6000,576.35,1.088872098,2
6000,576.4,1.08892165,2
6000,576.45,1.088971186,2
6000,576.5,1.089020706,2
6000,576.55,1.089070211,2
6000,576.6,1.089119699,2
6000,576.65,1.089169172,2
6000,576.7,1.089218629,2
6000,576.75,1.089268071,2
6000,576.8,1.089317496,2
6000,576.85,1.089366906,2
6000,576.9,1.089416301,2
6000,576.95,1.089465679,2
6000,577,1.089515042,2
6000,577.05,1.089564389,2
6000,577.1,1.089613721,2
6000,577.15,1.089663036,2
6000,577.2,1.089712337,2
6000,577.25,1.089761621,2
6000,577.3,1.08981089,2
6000,577.35,1.089860144,2
6000,577.4,1.089909382,2
6000,577.45,1.089958604,2
6000,577.5,1.090007811,2
6000,577.55,1.090057002,2
6000,577.6,1.090106178,2
6000,577.65,1.090155338,2
6000,577.7,1.090204483,2
6000,577.75,1.090253612,2
6000,577.8,1.090302726,2
6000,577.85,1.090351825,2
6000,577.9,1.090400908,2
6000,577.95,1.090449975,2
6000,578,1.090499027,2
6000,578.05,1.090548064,2
6000,578.1,1.090597086,2
6000,578.15,1.090646092,2
6000,578.2,1.090695082,2
6000,578.25,1.090744058,2
6000,578.3,1.090793018,2
6000,578.35,1.090841962,2
6000,578.4,1.090890892,2
6000,578.45,1.090939806,2
6000,578.5,1.090988705,2
6000,578.55,1.091037588,2
6000,578.6,1.091086456,2
6000,578.65,1.091135309,2
6000,578.7,1.091184147,2
6000,578.75,1.09123297,2
6000,578.8,1.091281777,2
6000,578.85,1.091330569,2
6000,578.9,1.091379346,2
6000,578.95,1.091428108,2
6000,579,1.091476855,2
6000,579.05,1.091525587,2
6000,579.1,1.091574303,2
6000,579.15,1.091623004,2
6000,579.2,1.09167169,2
6000,579.25,1.091720361,2
6000,579.3,1.091769017,2
6000,579.35,1.091817658,2
6000,579.4,1.091866284,2
6000,579.45,1.091914895,2
6000,579.5,1.091963491,2
6000,579.55,1.092012071,2
6000,579.6,1.092060637,2
6000,579.65,1.092109188,2
6000,579.7,1.092157723,2
6000,579.75,1.092206244,2
6000,579.8,1.092254749,2
6000,579.85,1.09230324,2
6000,579.9,1.092351716,2
6000,579.95,1.092400177,2
6000,580,1.092448622,2
6000,580.05,1.092497053,2
6000,580.1,1.092545469,2
6000,580.15,1.09259387,2
6000,580.2,1.092642256,2
6000,580.25,1.092690628,2
6000,580.3,1.092738984,2
6000,580.35,1.092787325,2
6000,580.4,1.092835652,2
6000,580.45,1.092883964,2
6000,580.5,1.092932261,2
6000,580.55,1.092980543,2
6000,580.6,1.09302881,2
6000,580.65,1.093077063,2
6000,580.7,1.0931253,2
6000,580.75,1.093173523,2
6000,580.8,1.093221731,2
6000,580.85,1.093269925,2
6000,580.9,1.093318103,2
6000,580.95,1.093366267,2
6000,581,1.093414416,2
6000,581.05,1.09346255,2
6000,581.1,1.09351067,2
6000,581.15,1.093558775,2
6000,581.2,1.093606865,2
6000,581.25,1.09365494,2
6000,581.3,1.093703001,2
6000,581.35,1.093751047,2
6000,581.4,1.093799079,2
6000,581.45,1.093847095,2
6000,581.5,1.093895097,2
6000,581.55,1.093943085,2
6000,581.6,1.093991057,2
6000,581.65,1.094039016,2
6000,581.7,1.094086959,2
6000,581.75,1.094134888,2
6000,581.8,1.094182802,2
6000,581.85,1.094230702,2
6000,581.9,1.094278587,2
6000,581.95,1.094326457,2
6000,582,1.094374313,2
6000,582.05,1.094422155,2
6000,582.1,1.094469982,2
6000,582.15,1.094517794,2
6000,582.2,1.094565591,2
6000,582.25,1.094613375,2
6000,582.3,1.094661143,2
6000,582.35,1.094708897,2
6000,582.4,1.094756637,2
6000,582.45,1.094804362,2
6000,582.5,1.094852073,2
6000,582.55,1.094899769,2
6000,582.6,1.09494745,2
6000,582.65,1.094995118,2
6000,582.7,1.09504277,2
6000,582.75,1.095090408,2
6000,582.8,1.095138032,2
6000,582.85,1.095185642,2
6000,582.9,1.095233236,2
6000,582.95,1.095280817,2
6000,583,1.095328383,2
6000,583.05,1.095375935,2
6000,583.1,1.095423472,2
6000,583.15,1.095470995,2
6000,583.2,1.095518503,2
6000,583.25,1.095565997,2
6000,583.3,1.095613477,2
6000,583.35,1.095660942,2
6000,583.4,1.095708393,2
6000,583.45,1.09575583,2
6000,583.5,1.095803252,2
6000,583.55,1.09585066,2
6000,583.6,1.095898053,2
6000,583.65,1.095945432,2
6000,583.7,1.095992797,2
6000,583.75,1.096040148,2
6000,583.8,1.096087484,2
6000,583.85,1.096134806,2
6000,583.9,1.096182114,2
6000,583.95,1.096229407,2
6000,584,1.096276686,2
6000,584.05,1.096323951,2
6000,584.1,1.096371201,2
6000,584.15,1.096418437,2
6000,584.2,1.096465659,2
6000,584.25,1.096512867,2
6000,584.3,1.096560061,2
6000,584.35,1.09660724,2
6000,584.4,1.096654405,2
6000,584.45,1.096701556,2
6000,584.5,1.096748692,2
6000,584.55,1.096795814,2
6000,584.6,1.096842923,2
6000,584.65,1.096890017,2
6000,584.7,1.096937096,2
6000,584.75,1.096984162,2
6000,584.8,1.097031213,2
6000,584.85,1.09707825,2
6000,584.9,1.097125273,2
6000,584.95,1.097172282,2
6000,585,1.097219277,2
6000,585.05,1.097266257,2
6000,585.1,1.097313224,2
6000,585.15,1.097360176,2
6000,585.2,1.097407114,2
6000,585.25,1.097454038,2
6000,585.3,1.097500947,2
6000,585.35,1.097547843,2
6000,585.4,1.097594725,2
6000,585.45,1.097641592,2
6000,585.5,1.097688445,2
6000,585.55,1.097735285,2
6000,585.6,1.09778211,2
6000,585.65,1.097828921,2
6000,585.7,1.097875718,2
6000,585.75,1.097922501,2
6000,585.8,1.097969269,2
6000,585.85,1.098016024,2
6000,585.9,1.098062765,2
6000,585.95,1.098109491,2
6000,586,1.098156204,2
6000,586.05,1.098202902,2
6000,586.1,1.098249587,2
6000,586.15,1.098296257,2
6000,586.2,1.098342914,2
6000,586.25,1.098389556,2
6000,586.3,1.098436184,2
6000,586.35,1.098482798,2
6000,586.4,1.098529399,2
6000,586.45,1.098575985,2
6000,586.5,1.098622557,2
6000,586.55,1.098669116,2
6000,586.6,1.09871566,2
6000,586.65,1.09876219,2
6000,586.7,1.098808706,2
6000,586.75,1.098855209,2
6000,586.8,1.098901697,2
6000,586.85,1.098948171,2
6000,586.9,1.098994632,2
6000,586.95,1.099041078,2
6000,587,1.099087511,2
6000,587.05,1.099133929,2
6000,587.1,1.099180334,2
6000,587.15,1.099226725,2
6000,587.2,1.099273101,2
6000,587.25,1.099319464,2
6000,587.3,1.099365813,2
6000,587.35,1.099412148,2
6000,587.4,1.099458469,2
6000,587.45,1.099504776,2
6000,587.5,1.099551069,2
6000,587.55,1.099597348,2
6000,587.6,1.099643614,2
6000,587.65,1.099689865,2
6000,587.7,1.099736103,2
6000,587.75,1.099782326,2
6000,587.8,1.099828536,2
6000,587.85,1.099874732,2
6000,587.9,1.099920914,2
6000,587.95,1.099967082,2
6000,588,1.100013237,2
6000,588.05,1.100059377,2
6000,588.1,1.100105504,2
6000,588.15,1.100151616,2
6000,588.2,1.100197715,2
6000,588.25,1.1002438,2
6000,588.3,1.100289871,2
6000,588.35,1.100335929,2
6000,588.4,1.100381972,2
6000,588.45,1.100428002,2
6000,588.5,1.100474018,2
6000,588.55,1.10052002,2
6000,588.6,1.100566008,2
6000,588.65,1.100611982,2
6000,588.7,1.100657943,2
6000,588.75,1.10070389,2
6000,588.8,1.100749823,2
6000,588.85,1.100795742,2
6000,588.9,1.100841647,2
6000,588.95,1.100887539,2
6000,589,1.100933416,2
6000,589.05,1.10097928,2
6000,589.1,1.101025131,2
6000,589.15,1.101070967,2
6000,589.2,1.10111679,2
6000,589.25,1.101162599,2
6000,589.3,1.101208394,2
6000,589.35,1.101254175,2
6000,589.4,1.101299943,2
6000,589.45,1.101345697,2
6000,589.5,1.101391437,2
6000,589.55,1.101437163,2
6000,589.6,1.101482876,2
6000,589.65,1.101528574,2
6000,589.7,1.10157426,2
6000,589.75,1.101619931,2
6000,589.8,1.101665589,2
6000,589.85,1.101711233,2
6000,589.9,1.101756863,2
6000,589.95,1.101802479,2
6000,590,1.101848082,2
6000,590.05,1.101893671,2
6000,590.1,1.101939247,2
6000,590.15,1.101984808,2
6000,590.2,1.102030356,2
6000,590.25,1.10207589,2
6000,590.3,1.102121411,2
6000,590.35,1.102166918,2
6000,590.4,1.102212411,2
6000,590.45,1.10225789,2
6000,590.5,1.102303356,2
6000,590.55,1.102348808,2
6000,590.6,1.102394247,2
6000,590.65,1.102439672,2
6000,590.7,1.102485083,2
6000,590.75,1.10253048,2
6000,590.8,1.102575864,2
6000,590.85,1.102621234,2
6000,590.9,1.102666591,2
6000,590.95,1.102711934,2
6000,591,1.102757263,2
6000,591.05,1.102802578,2
6000,591.1,1.10284788,2
6000,591.15,1.102893168,2
6000,591.2,1.102938443,2
6000,591.25,1.102983704,2
6000,591.3,1.103028951,2
6000,591.35,1.103074185,2
6000,591.4,1.103119405,2
6000,591.45,1.103164612,2
6000,591.5,1.103209805,2
6000,591.55,1.103254984,2
6000,591.6,1.10330015,2
6000,591.65,1.103345302,2
6000,591.7,1.10339044,2
6000,591.75,1.103435565,2
6000,591.8,1.103480676,2
6000,591.85,1.103525774,2
6000,591.9,1.103570858,2
6000,591.95,1.103615928,2
6000,592,1.103660985,2
6000,592.05,1.103706028,2
6000,592.1,1.103751058,2
6000,592.15,1.103796074,2
6000,592.2,1.103841077,2
6000,592.25,1.103886066,2
6000,592.3,1.103931041,2
6000,592.35,1.103976003,2
6000,592.4,1.104020951,2
6000,592.45,1.104065886,2
6000,592.5,1.104110807,2
6000,592.55,1.104155715,2
6000,592.6,1.104200609,2
6000,592.65,1.10424549,2
6000,592.7,1.104290357,2
6000,592.75,1.10433521,2
6000,592.8,1.10438005,2
6000,592.85,1.104424876,2
6000,592.9,1.104469689,2
6000,592.95,1.104514488,2
6000,593,1.104559274,2
6000,593.05,1.104604046,2
6000,593.1,1.104648805,2
6000,593.15,1.10469355,2
6000,593.2,1.104738282,2
6000,593.25,1.104783,2
6000,593.3,1.104827705,2
6000,593.35,1.104872396,2
6000,593.4,1.104917074,2
6000,593.45,1.104961738,2
6000,593.5,1.105006389,2
6000,593.55,1.105051026,2
6000,593.6,1.105095649,2
6000,593.65,1.10514026,2
6000,593.7,1.105184856,2
6000,593.75,1.105229439,2
6000,593.8,1.105274009,2
6000,593.85,1.105318565,2
6000,593.9,1.105363108,2
6000,593.95,1.105407637,2
6000,594,1.105452153,2
6000,594.05,1.105496656,2
6000,594.1,1.105541145,2
6000,594.15,1.10558562,2
6000,594.2,1.105630082,2
6000,594.25,1.10567453,2
6000,594.3,1.105718965,2
6000,594.35,1.105763387,2
6000,594.4,1.105807795,2
6000,594.45,1.10585219,2
6000,594.5,1.105896571,2
6000,594.55,1.105940939,2
6000,594.6,1.105985293,2
6000,594.65,1.106029634,2
6000,594.7,1.106073962,2
6000,594.75,1.106118276,2
6000,594.8,1.106162576,2
6000,594.85,1.106206864,2
6000,594.9,1.106251137,2
6000,594.95,1.106295398,2
6000,595,1.106339645,2
6000,595.05,1.106383878,2
6000,595.1,1.106428098,2
6000,595.15,1.106472305,2
6000,595.2,1.106516498,2
6000,595.25,1.106560678,2
6000,595.3,1.106604845,2
6000,595.35,1.106648998,2
6000,595.4,1.106693137,2
6000,595.45,1.106737264,2
6000,595.5,1.106781377,2
6000,595.55,1.106825476,2
6000,595.6,1.106869562,2
6000,595.65,1.106913635,2
6000,595.7,1.106957694,2
6000,595.75,1.10700174,2
6000,595.8,1.107045773,2
6000,595.85,1.107089792,2
6000,595.9,1.107133798,2
6000,595.95,1.107177791,2
6000,596,1.10722177,2
6000,596.05,1.107265735,2
6000,596.1,1.107309688,2
6000,596.15,1.107353627,2
6000,596.2,1.107397553,2
6000,596.25,1.107441465,2
6000,596.3,1.107485364,2
6000,596.35,1.107529249,2
6000,596.4,1.107573122,2
6000,596.45,1.107616981,2
6000,596.5,1.107660826,2
6000,596.55,1.107704659,2
6000,596.6,1.107748477,2
6000,596.65,1.107792283,2
6000,596.7,1.107836075,2
6000,596.75,1.107879854,2
6000,596.8,1.10792362,2
6000,596.85,1.107967372,2
6000,596.9,1.108011111,2
6000,596.95,1.108054837,2
6000,597,1.108098549,2
6000,597.05,1.108142248,2
6000,597.1,1.108185934,2
6000,597.15,1.108229606,2
6000,597.2,1.108273265,2
6000,597.25,1.108316911,2
6000,597.3,1.108360543,2
6000,597.35,1.108404163,2
6000,597.4,1.108447769,2
6000,597.45,1.108491361,2
6000,597.5,1.10853494,2
6000,597.55,1.108578506,2
6000,597.6,1.108622059,2
6000,597.65,1.108665599,2
6000,597.7,1.108709125,2
6000,597.75,1.108752638,2
6000,597.8,1.108796137,2
6000,597.85,1.108839624,2
6000,597.9,1.108883097,2
6000,597.95,1.108926557,2
6000,598,1.108970003,2
6000,598.05,1.109013436,2
6000,598.1,1.109056856,2
6000,598.15,1.109100263,2
6000,598.2,1.109143657,2
6000,598.25,1.109187037,2
6000,598.3,1.109230404,2
6000,598.35,1.109273758,2
6000,598.4,1.109317098,2
6000,598.45,1.109360425,2
6000,598.5,1.109403739,2
6000,598.55,1.10944704,2
6000,598.6,1.109490328,2
6000,598.65,1.109533602,2
6000,598.7,1.109576863,2
6000,598.75,1.109620111,2
6000,598.8,1.109663346,2
6000,598.85,1.109706567,2
6000,598.9,1.109749775,2
6000,598.95,1.10979297,2
6000,599,1.109836152,2
6000,599.05,1.109879321,2
6000,599.1,1.109922476,2
6000,599.15,1.109965618,2
6000,599.2,1.110008747,2
6000,599.25,1.110051863,2
6000,599.3,1.110094965,2
6000,599.35,1.110138055,2
6000,599.4,1.110181131,2
6000,599.45,1.110224194,2
6000,599.5,1.110267244,2
6000,599.55,1.11031028,2
6000,599.6,1.110353304,2
6000,599.65,1.110396314,2
6000,599.7,1.110439311,2
6000,599.75,1.110482295,2
6000,599.8,1.110525265,2
6000,599.85,1.110568223,2
6000,599.9,1.110611167,2
6000,599.95,1.110654098,2
6000,600,1.110697016,2
6000,600.05,1.110739921,2
6000,600.1,1.110782813,2
6000,600.15,1.110825692,2
6000,600.2,1.110868557,2
6000,600.25,1.110911409,2
6000,600.3,1.110954248,2
6000,600.35,1.110997074,2
6000,600.4,1.111039887,2
6000,600.45,1.111082687,2
6000,600.5,1.111125473,2
6000,600.55,1.111168247,2
6000,600.6,1.111211007,2
6000,600.65,1.111253754,2
6000,600.7,1.111296488,2
6000,600.75,1.111339209,2
6000,600.8,1.111381917,2
6000,600.85,1.111424611,2
6000,600.9,1.111467293,2
6000,600.95,1.111509961,2
6000,601,1.111552617,2
6000,601.05,1.111595259,2
6000,601.1,1.111637888,2
6000,601.15,1.111680504,2
6000,601.2,1.111723107,2
6000,601.25,1.111765696,2
6000,601.3,1.111808273,2
6000,601.35,1.111850837,2
6000,601.4,1.111893387,2
6000,601.45,1.111935925,2
6000,601.5,1.111978449,2
6000,601.55,1.11202096,2
6000,601.6,1.112063458,2
6000,601.65,1.112105944,2
6000,601.7,1.112148416,2
6000,601.75,1.112190874,2
6000,601.8,1.11223332,2
6000,601.85,1.112275753,2
6000,601.9,1.112318173,2
6000,601.95,1.11236058,2
6000,602,1.112402973,2
6000,602.05,1.112445354,2
6000,602.1,1.112487721,2
6000,602.15,1.112530076,2
6000,602.2,1.112572417,2
6000,602.25,1.112614746,2
6000,602.3,1.112657061,2
6000,602.35,1.112699363,2
6000,602.4,1.112741653,2
6000,602.45,1.112783929,2
6000,602.5,1.112826192,2
6000,602.55,1.112868442,2
6000,602.6,1.112910679,2
6000,602.65,1.112952904,2
6000,602.7,1.112995115,2
6000,602.75,1.113037313,2
6000,602.8,1.113079498,2
6000,602.85,1.11312167,2
6000,602.9,1.113163829,2
6000,602.95,1.113205975,2
6000,603,1.113248108,2
6000,603.05,1.113290228,2
6000,603.1,1.113332335,2
6000,603.15,1.113374429,2
6000,603.2,1.11341651,2
6000,603.25,1.113458578,2
6000,603.3,1.113500634,2
6000,603.35,1.113542676,2
6000,603.4,1.113584705,2
6000,603.45,1.113626721,2
6000,603.5,1.113668724,2
6000,603.55,1.113710714,2
6000,603.6,1.113752692,2
6000,603.65,1.113794656,2
6000,603.7,1.113836607,2
6000,603.75,1.113878545,2
6000,603.8,1.113920471,2
6000,603.85,1.113962383,2
6000,603.9,1.114004283,2
6000,603.95,1.114046169,2
6000,604,1.114088043,2
6000,604.05,1.114129904,2
6000,604.1,1.114171751,2
6000,604.15,1.114213586,2
6000,604.2,1.114255408,2
6000,604.25,1.114297217,2
6000,604.3,1.114339013,2
6000,604.35,1.114380796,2
6000,604.4,1.114422566,2
6000,604.45,1.114464323,2
6000,604.5,1.114506067,2
6000,604.55,1.114547799,2
6000,604.6,1.114589517,2
6000,604.65,1.114631223,2
6000,604.7,1.114672915,2
6000,604.75,1.114714595,2
6000,604.8,1.114756262,2
6000,604.85,1.114797916,2
6000,604.9,1.114839557,2
6000,604.95,1.114881185,2
6000,605,1.114922801,2
6000,605.05,1.114964403,2
6000,605.1,1.115005992,2
6000,605.15,1.115047569,2
6000,605.2,1.115089133,2
6000,605.25,1.115130684,2
6000,605.3,1.115172222,2
6000,605.35,1.115213747,2
6000,605.4,1.115255259,2
6000,605.45,1.115296759,2
6000,605.5,1.115338245,2
6000,605.55,1.115379719,2
6000,605.6,1.11542118,2
6000,605.65,1.115462628,2
6000,605.7,1.115504063,2
6000,605.75,1.115545485,2
6000,605.8,1.115586895,2
6000,605.85,1.115628291,2
6000,605.9,1.115669675,2
6000,605.95,1.115711046,2
6000,606,1.115752404,2
6000,606.05,1.11579375,2
6000,606.1,1.115835082,2
6000,606.15,1.115876402,2
6000,606.2,1.115917709,2
6000,606.25,1.115959003,2
6000,606.3,1.116000284,2
6000,606.35,1.116041553,2
6000,606.4,1.116082808,2
6000,606.45,1.116124051,2
6000,606.5,1.116165281,2
6000,606.55,1.116206498,2
6000,606.6,1.116247703,2
6000,606.65,1.116288895,2
6000,606.7,1.116330074,2
6000,606.75,1.11637124,2
6000,606.8,1.116412393,2
6000,606.85,1.116453534,2
6000,606.9,1.116494661,2
6000,606.95,1.116535777,2
6000,607,1.116576879,2
6000,607.05,1.116617968,2
6000,607.1,1.116659045,2
6000,607.15,1.116700109,2
6000,607.2,1.11674116,2
6000,607.25,1.116782199,2
6000,607.3,1.116823225,2
6000,607.35,1.116864238,2
6000,607.4,1.116905238,2
6000,607.45,1.116946226,2
6000,607.5,1.1169872,2
6000,607.55,1.117028162,2
6000,607.6,1.117069112,2
6000,607.65,1.117110048,2
6000,607.7,1.117150972,2
6000,607.75,1.117191884,2
6000,607.8,1.117232782,2
6000,607.85,1.117273668,2
6000,607.9,1.117314541,2
6000,607.95,1.117355401,2
6000,608,1.117396249,2
6000,608.05,1.117437084,2
6000,608.1,1.117477906,2
6000,608.15,1.117518716,2
6000,608.2,1.117559513,2
6000,608.25,1.117600297,2
6000,608.3,1.117641069,2
6000,608.35,1.117681828,2
6000,608.4,1.117722574,2
6000,608.45,1.117763307,2
6000,608.5,1.117804028,2
6000,608.55,1.117844736,2
6000,608.6,1.117885432,2
6000,608.65,1.117926115,2
6000,608.7,1.117966785,2
6000,608.75,1.118007443,2
6000,608.8,1.118048088,2
6000,608.85,1.11808872,2
6000,608.9,1.11812934,2
6000,608.95,1.118169947,2
6000,609,1.118210541,2
6000,609.05,1.118251123,2
6000,609.1,1.118291692,2
6000,609.15,1.118332249,2
6000,609.2,1.118372793,2
6000,609.25,1.118413324,2
6000,609.3,1.118453843,2
6000,609.35,1.118494349,2
6000,609.4,1.118534842,2
6000,609.45,1.118575323,2
6000,609.5,1.118615792,2
6000,609.55,1.118656247,2
6000,609.6,1.11869669,2
6000,609.65,1.118737121,2
6000,609.7,1.118777539,2
6000,609.75,1.118817944,2
6000,609.8,1.118858337,2
6000,609.85,1.118898717,2
6000,609.9,1.118939085,2
6000,609.95,1.11897944,2
6000,610,1.119019783,2
6000,610.05,1.119060113,2
6000,610.1,1.11910043,2
6000,610.15,1.119140735,2
6000,610.2,1.119181027,2
6000,610.25,1.119221307,2
6000,610.3,1.119261574,2
6000,610.35,1.119301829,2
6000,610.4,1.119342071,2
6000,610.45,1.119382301,2
6000,610.5,1.119422518,2
6000,610.55,1.119462723,2
6000,610.6,1.119502915,2
6000,610.65,1.119543094,2
6000,610.7,1.119583262,2
6000,610.75,1.119623416,2
6000,610.8,1.119663558,2
6000,610.85,1.119703688,2
6000,610.9,1.119743805,2
6000,610.95,1.119783909,2
6000,611,1.119824002,2
6000,611.05,1.119864081,2
6000,611.1,1.119904148,2
6000,611.15,1.119944203,2
6000,611.2,1.119984245,2
6000,611.25,1.120024275,2
6000,611.3,1.120064292,2
6000,611.35,1.120104297,2
6000,611.4,1.120144289,2
6000,611.45,1.120184269,2
6000,611.5,1.120224237,2
6000,611.55,1.120264192,2
6000,611.6,1.120304134,2
6000,611.65,1.120344064,2
6000,611.7,1.120383982,2
6000,611.75,1.120423887,2
6000,611.8,1.12046378,2
6000,611.85,1.12050366,2
6000,611.9,1.120543528,2
6000,611.95,1.120583384,2
6000,612,1.120623227,2
6000,612.05,1.120663058,2
6000,612.1,1.120702876,2
6000,612.15,1.120742682,2
6000,612.2,1.120782475,2
6000,612.25,1.120822257,2
6000,612.3,1.120862025,2
6000,612.35,1.120901782,2
6000,612.4,1.120941526,2
6000,612.45,1.120981257,2
6000,612.5,1.121020977,2
6000,612.55,1.121060683,2
6000,612.6,1.121100378,2
6000,612.65,1.12114006,2
6000,612.7,1.12117973,2
6000,612.75,1.121219387,2
6000,612.8,1.121259032,2
6000,612.85,1.121298665,2
6000,612.9,1.121338285,2
6000,612.95,1.121377894,2
6000,613,1.121417489,2
6000,613.05,1.121457073,2
6000,613.1,1.121496644,2
6000,613.15,1.121536202,2
6000,613.2,1.121575749,2
6000,613.25,1.121615283,2
6000,613.3,1.121654805,2
6000,613.35,1.121694314,2
6000,613.4,1.121733811,2
6000,613.45,1.121773296,2
6000,613.5,1.121812769,2
6000,613.55,1.121852229,2
6000,613.6,1.121891677,2
6000,613.65,1.121931113,2
6000,613.7,1.121970536,2
6000,613.75,1.122009948,2
6000,613.8,1.122049347,2
6000,613.85,1.122088733,2
6000,613.9,1.122128108,2
6000,613.95,1.12216747,2
6000,614,1.12220682,2
6000,614.05,1.122246157,2
6000,614.1,1.122285483,2
6000,614.15,1.122324796,2
6000,614.2,1.122364097,2
6000,614.25,1.122403385,2
6000,614.3,1.122442662,2
6000,614.35,1.122481926,2
6000,614.4,1.122521178,2
6000,614.45,1.122560418,2
6000,614.5,1.122599646,2
6000,614.55,1.122638861,2
6000,614.6,1.122678064,2
6000,614.65,1.122717255,2
6000,614.7,1.122756434,2
6000,614.75,1.1227956,2
6000,614.8,1.122834755,2
6000,614.85,1.122873897,2
6000,614.9,1.122913027,2
6000,614.95,1.122952145,2
6000,615,1.122991251,2
6000,615.05,1.123030344,2
6000,615.1,1.123069425,2
6000,615.15,1.123108495,2
6000,615.2,1.123147552,2
6000,615.25,1.123186597,2
6000,615.3,1.123225629,2
6000,615.35,1.12326465,2
6000,615.4,1.123303659,2
6000,615.45,1.123342655,2
6000,615.5,1.123381639,2
6000,615.55,1.123420611,2
6000,615.6,1.123459571,2
6000,615.65,1.123498519,2
6000,615.7,1.123537455,2
6000,615.75,1.123576378,2
6000,615.8,1.12361529,2
6000,615.85,1.123654189,2
6000,615.9,1.123693077,2
6000,615.95,1.123731952,2
6000,616,1.123770815,2
6000,616.05,1.123809666,2
6000,616.1,1.123848505,2
6000,616.15,1.123887332,2
6000,616.2,1.123926147,2
6000,616.25,1.12396495,2
6000,616.3,1.124003741,2
6000,616.35,1.12404252,2
6000,616.4,1.124081286,2
6000,616.45,1.124120041,2
6000,616.5,1.124158784,2
6000,616.55,1.124197514,2
6000,616.6,1.124236233,2
6000,616.65,1.124274939,2
6000,616.7,1.124313634,2
6000,616.75,1.124352316,2
6000,616.8,1.124390987,2
6000,616.85,1.124429645,2
6000,616.9,1.124468291,2
6000,616.95,1.124506926,2
6000,617,1.124545548,2
6000,617.05,1.124584159,2
6000,617.1,1.124622757,2
6000,617.15,1.124661344,2
6000,617.2,1.124699918,2
6000,617.25,1.124738481,2
6000,617.3,1.124777031,2
6000,617.35,1.12481557,2
6000,617.4,1.124854096,2
6000,617.45,1.124892611,2
6000,617.5,1.124931114,2
6000,617.55,1.124969605,2
6000,617.6,1.125008083,2
6000,617.65,1.12504655,2
6000,617.7,1.125085005,2
6000,617.75,1.125123448,2
6000,617.8,1.125161879,2
6000,617.85,1.125200299,2
6000,617.9,1.125238706,2
6000,617.95,1.125277101,2
6000,618,1.125315485,2
6000,618.05,1.125353856,2
6000,618.1,1.125392216,2
6000,618.15,1.125430564,2
6000,618.2,1.1254689,2
6000,618.25,1.125507224,2
6000,618.3,1.125545536,2
6000,618.35,1.125583836,2
6000,618.4,1.125622124,2
6000,618.45,1.125660401,2
6000,618.5,1.125698666,2
6000,618.55,1.125736918,2
6000,618.6,1.125775159,2
6000,618.65,1.125813389,2
6000,618.7,1.125851606,2
6000,618.75,1.125889811,2
6000,618.8,1.125928005,2
6000,618.85,1.125966187,2
6000,618.9,1.126004357,2
6000,618.95,1.126042515,2
6000,619,1.126080661,2
6000,619.05,1.126118796,2
6000,619.1,1.126156918,2
6000,619.15,1.126195029,2
6000,619.2,1.126233128,2
6000,619.25,1.126271216,2
6000,619.3,1.126309291,2
6000,619.35,1.126347355,2
6000,619.4,1.126385407,2
6000,619.45,1.126423447,2
6000,619.5,1.126461476,2
6000,619.55,1.126499493,2
6000,619.6,1.126537498,2
6000,619.65,1.126575491,2
6000,619.7,1.126613472,2
6000,619.75,1.126651442,2
6000,619.8,1.1266894,2
6000,619.85,1.126727346,2
6000,619.9,1.126765281,2
6000,619.95,1.126803204,2
6000,620,1.126841115,2
6000,620.05,1.126879014,2
6000,620.1,1.126916902,2
6000,620.15,1.126954778,2
6000,620.2,1.126992642,2
6000,620.25,1.127030495,2
6000,620.3,1.127068335,2
6000,620.35,1.127106165,2
6000,620.4,1.127143982,2
6000,620.45,1.127181788,2
6000,620.5,1.127219582,2
6000,620.55,1.127257365,2
6000,620.6,1.127295136,2
6000,620.65,1.127332895,2
6000,620.7,1.127370643,2
6000,620.75,1.127408378,2
6000,620.8,1.127446103,2
6000,620.85,1.127483815,2
6000,620.9,1.127521516,2
6000,620.95,1.127559206,2
6000,621,1.127596884,2
6000,621.05,1.12763455,2
6000,621.1,1.127672204,2
6000,621.15,1.127709847,2
6000,621.2,1.127747479,2
6000,621.25,1.127785098,2
6000,621.3,1.127822707,2
6000,621.35,1.127860303,2
6000,621.4,1.127897888,2
6000,621.45,1.127935462,2
6000,621.5,1.127973024,2
6000,621.55,1.128010574,2
6000,621.6,1.128048113,2
6000,621.65,1.12808564,2
6000,621.7,1.128123155,2
6000,621.75,1.128160659,2
6000,621.8,1.128198152,2
6000,621.85,1.128235633,2
6000,621.9,1.128273103,2
6000,621.95,1.128310561,2
6000,622,1.128348007,2
6000,622.05,1.128385442,2
6000,622.1,1.128422865,2
6000,622.15,1.128460277,2
6000,622.2,1.128497678,2
6000,622.25,1.128535067,2
6000,622.3,1.128572444,2
6000,622.35,1.12860981,2
6000,622.4,1.128647165,2
6000,622.45,1.128684508,2
6000,622.5,1.128721839,2
6000,622.55,1.128759159,2
6000,622.6,1.128796468,2
6000,622.65,1.128833765,2
6000,622.7,1.128871051,2
6000,622.75,1.128908325,2
6000,622.8,1.128945588,2
6000,622.85,1.128982839,2
6000,622.9,1.129020079,2
6000,622.95,1.129057308,2
6000,623,1.129094525,2
6000,623.05,1.129131731,2
6000,623.1,1.129168925,2
6000,623.15,1.129206108,2
6000,623.2,1.129243279,2
6000,623.25,1.129280439,2
6000,623.3,1.129317588,2
6000,623.35,1.129354725,2
6000,623.4,1.129391851,2
6000,623.45,1.129428966,2
6000,623.5,1.129466069,2
6000,623.55,1.129503161,2
6000,623.6,1.129540242,2
6000,623.65,1.129577311,2
6000,623.7,1.129614369,2
6000,623.75,1.129651415,2
6000,623.8,1.12968845,2
6000,623.85,1.129725474,2
6000,623.9,1.129762487,2
6000,623.95,1.129799488,2
6000,624,1.129836478,2
6000,624.05,1.129873456,2
6000,624.1,1.129910424,2
6000,624.15,1.12994738,2
6000,624.2,1.129984324,2
6000,624.25,1.130021258,2
6000,624.3,1.13005818,2
6000,624.35,1.130095091,2
6000,624.4,1.13013199,2
6000,624.45,1.130168878,2
6000,624.5,1.130205755,2
6000,624.55,1.130242621,2
6000,624.6,1.130279476,2
6000,624.65,1.130316319,2
6000,624.7,1.130353151,2
6000,624.75,1.130389972,2
6000,624.8,1.130426781,2
6000,624.85,1.13046358,2
6000,624.9,1.130500367,2
6000,624.95,1.130537143,2
6000,625,1.130573908,2
6000,625.05,1.130610661,2
6000,625.1,1.130647403,2
6000,625.15,1.130684135,2
6000,625.2,1.130720854,2
6000,625.25,1.130757563,2
6000,625.3,1.130794261,2
6000,625.35,1.130830947,2
6000,625.4,1.130867622,2
6000,625.45,1.130904287,2
6000,625.5,1.130940939,2
6000,625.55,1.130977581,2
6000,625.6,1.131014212,2
6000,625.65,1.131050831,2
6000,625.7,1.13108744,2
6000,625.75,1.131124037,2
6000,625.8,1.131160623,2
6000,625.85,1.131197198,2
6000,625.9,1.131233762,2
6000,625.95,1.131270315,2
6000,626,1.131306856,2
6000,626.05,1.131343387,2
6000,626.1,1.131379907,2
6000,626.15,1.131416415,2
6000,626.2,1.131452912,2
6000,626.25,1.131489399,2
6000,626.3,1.131525874,2
6000,626.35,1.131562338,2
6000,626.4,1.131598791,2
6000,626.45,1.131635233,2
6000,626.5,1.131671664,2
6000,626.55,1.131708084,2
6000,626.6,1.131744493,2
6000,626.65,1.131780891,2
6000,626.7,1.131817278,2
6000,626.75,1.131853653,2
6000,626.8,1.131890018,2
6000,626.85,1.131926372,2
6000,626.9,1.131962715,2
6000,626.95,1.131999047,2
6000,627,1.132035367,2
6000,627.05,1.132071677,2
6000,627.1,1.132107976,2
6000,627.15,1.132144264,2
6000,627.2,1.132180541,2
6000,627.25,1.132216807,2
6000,627.3,1.132253062,2
6000,627.35,1.132289306,2
6000,627.4,1.132325539,2
6000,627.45,1.132361761,2
6000,627.5,1.132397972,2
6000,627.55,1.132434173,2
6000,627.6,1.132470362,2
6000,627.65,1.132506541,2
6000,627.7,1.132542708,2
6000,627.75,1.132578865,2
6000,627.8,1.13261501,2
6000,627.85,1.132651145,2
6000,627.9,1.132687269,2
6000,627.95,1.132723382,2
6000,628,1.132759484,2
6000,628.05,1.132795576,2
6000,628.1,1.132831656,2
6000,628.15,1.132867726,2
6000,628.2,1.132903784,2
6000,628.25,1.132939832,2
6000,628.3,1.132975869,2
6000,628.35,1.133011895,2
6000,628.4,1.133047911,2
6000,628.45,1.133083915,2
6000,628.5,1.133119909,2
6000,628.55,1.133155892,2
6000,628.6,1.133191864,2
6000,628.65,1.133227825,2
6000,628.7,1.133263775,2
6000,628.75,1.133299715,2
6000,628.8,1.133335644,2
6000,628.85,1.133371562,2
6000,628.9,1.133407469,2
6000,628.95,1.133443366,2
6000,629,1.133479252,2
6000,629.05,1.133515126,2
6000,629.1,1.133550991,2
6000,629.15,1.133586844,2
6000,629.2,1.133622687,2
6000,629.25,1.133658519,2
6000,629.3,1.13369434,2
6000,629.35,1.133730151,2
6000,629.4,1.13376595,2
6000,629.45,1.13380174,2
6000,629.5,1.133837518,2
6000,629.55,1.133873286,2
6000,629.6,1.133909043,2
6000,629.65,1.133944789,2
6000,629.7,1.133980524,2
6000,629.75,1.134016249,2
6000,629.8,1.134051964,2
6000,629.85,1.134087667,2
6000,629.9,1.13412336,2
6000,629.95,1.134159042,2
6000,630,1.134194714,2
6000,630.05,1.134230375,2
6000,630.1,1.134266025,2
6000,630.15,1.134301665,2
6000,630.2,1.134337294,2
6000,630.25,1.134372912,2
6000,630.3,1.13440852,2
6000,630.35,1.134444117,2
6000,630.4,1.134479704,2
6000,630.45,1.13451528,2
6000,630.5,1.134550845,2
6000,630.55,1.1345864,2
6000,630.6,1.134621944,2
6000,630.65,1.134657477,2
6000,630.7,1.134693,2
6000,630.75,1.134728513,2
6000,630.8,1.134764015,2
6000,630.85,1.134799506,2
6000,630.9,1.134834987,2
6000,630.95,1.134870457,2
6000,631,1.134905917,2
6000,631.05,1.134941366,2
6000,631.1,1.134976805,2
6000,631.15,1.135012233,2
6000,631.2,1.13504765,2
6000,631.25,1.135083058,2
6000,631.3,1.135118454,2
6000,631.35,1.13515384,2
6000,631.4,1.135189216,2
6000,631.45,1.135224581,2
6000,631.5,1.135259936,2
6000,631.55,1.13529528,2
6000,631.6,1.135330613,2
6000,631.65,1.135365937,2
6000,631.7,1.135401249,2
6000,631.75,1.135436552,2
6000,631.8,1.135471844,2
6000,631.85,1.135507125,2
6000,631.9,1.135542396,2
6000,631.95,1.135577657,2
6000,632,1.135612907,2
6000,632.05,1.135648146,2
6000,632.1,1.135683376,2
6000,632.15,1.135718595,2
6000,632.2,1.135753803,2
6000,632.25,1.135789001,2
6000,632.3,1.135824189,2
6000,632.35,1.135859366,2
6000,632.4,1.135894533,2
6000,632.45,1.13592969,2
6000,632.5,1.135964836,2
6000,632.55,1.135999972,2
6000,632.6,1.136035098,2
6000,632.65,1.136070213,2
6000,632.7,1.136105318,2
6000,632.75,1.136140412,2
6000,632.8,1.136175496,2
6000,632.85,1.13621057,2
6000,632.9,1.136245634,2
6000,632.95,1.136280687,2
6000,633,1.13631573,2
6000,633.05,1.136350763,2
6000,633.1,1.136385785,2
6000,633.15,1.136420797,2
6000,633.2,1.136455799,2
6000,633.25,1.13649079,2
6000,633.3,1.136525771,2
6000,633.35,1.136560742,2
6000,633.4,1.136595703,2
6000,633.45,1.136630653,2
6000,633.5,1.136665594,2
6000,633.55,1.136700524,2
6000,633.6,1.136735443,2
6000,633.65,1.136770353,2
6000,633.7,1.136805252,2
6000,633.75,1.136840141,2
6000,633.8,1.13687502,2
6000,633.85,1.136909889,2
6000,633.9,1.136944747,2
6000,633.95,1.136979595,2
6000,634,1.137014433,2
6000,634.05,1.137049261,2
6000,634.1,1.137084079,2
6000,634.15,1.137118887,2
6000,634.2,1.137153684,2
6000,634.25,1.137188471,2
6000,634.3,1.137223248,2
6000,634.35,1.137258015,2
6000,634.4,1.137292772,2
6000,634.45,1.137327519,2
6000,634.5,1.137362255,2
6000,634.55,1.137396982,2
6000,634.6,1.137431698,2
6000,634.65,1.137466404,2
6000,634.7,1.1375011,2
6000,634.75,1.137535786,2
6000,634.8,1.137570462,2
6000,634.85,1.137605128,2
6000,634.9,1.137639783,2
6000,634.95,1.137674429,2
6000,635,1.137709065,2
6000,635.05,1.13774369,2
6000,635.1,1.137778306,2
6000,635.15,1.137812911,2
6000,635.2,1.137847506,2
6000,635.25,1.137882092,2
6000,635.3,1.137916667,2
6000,635.35,1.137951232,2
6000,635.4,1.137985788,2
6000,635.45,1.138020333,2
6000,635.5,1.138054868,2
6000,635.55,1.138089393,2
6000,635.6,1.138123909,2
6000,635.65,1.138158414,2
6000,635.7,1.138192909,2
6000,635.75,1.138227394,2
6000,635.8,1.13826187,2
6000,635.85,1.138296335,2
6000,635.9,1.138330791,2
6000,635.95,1.138365236,2
6000,636,1.138399671,2
6000,636.05,1.138434097,2
6000,636.1,1.138468513,2
6000,636.15,1.138502918,2
6000,636.2,1.138537314,2
6000,636.25,1.1385717,2
6000,636.3,1.138606076,2
6000,636.35,1.138640442,2
6000,636.4,1.138674798,2
6000,636.45,1.138709144,2
6000,636.5,1.138743481,2
6000,636.55,1.138777807,2
6000,636.6,1.138812124,2
6000,636.65,1.138846431,2
6000,636.7,1.138880727,2
6000,636.75,1.138915014,2
6000,636.8,1.138949292,2
6000,636.85,1.138983559,2
6000,636.9,1.139017816,2
6000,636.95,1.139052064,2
6000,637,1.139086302,2
6000,637.05,1.13912053,2
6000,637.1,1.139154748,2
6000,637.15,1.139188956,2
6000,637.2,1.139223155,2
6000,637.25,1.139257344,2
6000,637.3,1.139291523,2
6000,637.35,1.139325692,2
6000,637.4,1.139359852,2
6000,637.45,1.139394001,2
6000,637.5,1.139428141,2
6000,637.55,1.139462271,2
6000,637.6,1.139496392,2
6000,637.65,1.139530502,2
6000,637.7,1.139564603,2
6000,637.75,1.139598694,2
6000,637.8,1.139632776,2
6000,637.85,1.139666848,2
6000,637.9,1.13970091,2
6000,637.95,1.139734962,2
6000,638,1.139769004,2
6000,638.05,1.139803037,2
6000,638.1,1.13983706,2
6000,638.15,1.139871074,2
6000,638.2,1.139905078,2
6000,638.25,1.139939072,2
6000,638.3,1.139973056,2
6000,638.35,1.140007031,2
6000,638.4,1.140040996,2
6000,638.45,1.140074952,2
6000,638.5,1.140108898,2
6000,638.55,1.140142834,2
6000,638.6,1.140176761,2
6000,638.65,1.140210678,2
6000,638.7,1.140244585,2
6000,638.75,1.140278483,2
6000,638.8,1.140312371,2
6000,638.85,1.140346249,2
6000,638.9,1.140380118,2
6000,638.95,1.140413978,2
6000,639,1.140447828,2
6000,639.05,1.140481668,2
6000,639.1,1.140515498,2
6000,639.15,1.14054932,2
6000,639.2,1.140583131,2
6000,639.25,1.140616933,2
6000,639.3,1.140650725,2
6000,639.35,1.140684508,2
6000,639.4,1.140718282,2
6000,639.45,1.140752045,2
6000,639.5,1.1407858,2
6000,639.55,1.140819545,2
6000,639.6,1.14085328,2
6000,639.65,1.140887006,2
6000,639.7,1.140920722,2
6000,639.75,1.140954429,2
6000,639.8,1.140988126,2
6000,639.85,1.141021814,2
6000,639.9,1.141055492,2
6000,639.95,1.141089161,2
6000,640,1.14112282,2
6000,640.05,1.14115647,2
6000,640.1,1.141190111,2
6000,640.15,1.141223742,2
6000,640.2,1.141257364,2
6000,640.25,1.141290976,2
6000,640.3,1.141324579,2
6000,640.35,1.141358172,2
6000,640.4,1.141391756,2
6000,640.45,1.141425331,2
6000,640.5,1.141458896,2
6000,640.55,1.141492452,2
6000,640.6,1.141525998,2
6000,640.65,1.141559535,2
6000,640.7,1.141593063,2
6000,640.75,1.141626581,2
6000,640.8,1.14166009,2
6000,640.85,1.141693589,2
6000,640.9,1.14172708,2
6000,640.95,1.141760561,2
6000,641,1.141794032,2
6000,641.05,1.141827494,2
6000,641.1,1.141860947,2
6000,641.15,1.141894391,2
6000,641.2,1.141927825,2
6000,641.25,1.14196125,2
6000,641.3,1.141994666,2
6000,641.35,1.142028072,2
6000,641.4,1.142061469,2
6000,641.45,1.142094857,2
6000,641.5,1.142128235,2
6000,641.55,1.142161605,2
6000,641.6,1.142194965,2
6000,641.65,1.142228315,2
6000,641.7,1.142261657,2
6000,641.75,1.142294989,2
6000,641.8,1.142328312,2
6000,641.85,1.142361626,2
6000,641.9,1.14239493,2
6000,641.95,1.142428226,2
6000,642,1.142461512,2
6000,642.05,1.142494789,2
6000,642.1,1.142528056,2
6000,642.15,1.142561315,2
6000,642.2,1.142594564,2
6000,642.25,1.142627804,2
6000,642.3,1.142661035,2
6000,642.35,1.142694257,2
6000,642.4,1.14272747,2
6000,642.45,1.142760673,2
6000,642.5,1.142793867,2
6000,642.55,1.142827053,2
6000,642.6,1.142860229,2
6000,642.65,1.142893396,2
6000,642.7,1.142926553,2
6000,642.75,1.142959702,2
6000,642.8,1.142992842,2
6000,642.85,1.143025972,2
6000,642.9,1.143059093,2
6000,642.95,1.143092206,2
6000,643,1.143125309,2
6000,643.05,1.143158403,2
6000,643.1,1.143191488,2
6000,643.15,1.143224564,2
6000,643.2,1.143257631,2
6000,643.25,1.143290688,2
6000,643.3,1.143323737,2
6000,643.35,1.143356777,2
6000,643.4,1.143389808,2
6000,643.45,1.143422829,2
6000,643.5,1.143455842,2
6000,643.55,1.143488845,2
6000,643.6,1.14352184,2
6000,643.65,1.143554826,2
6000,643.7,1.143587802,2
6000,643.75,1.14362077,2
6000,643.8,1.143653728,2
6000,643.85,1.143686678,2
6000,643.9,1.143719618,2
6000,643.95,1.14375255,2
6000,644,1.143785473,2
6000,644.05,1.143818387,2
6000,644.1,1.143851291,2
6000,644.15,1.143884187,2
6000,644.2,1.143917074,2
6000,644.25,1.143949952,2
6000,644.3,1.143982821,2
6000,644.35,1.144015681,2
6000,644.4,1.144048532,2
6000,644.45,1.144081375,2
6000,644.5,1.144114208,2
6000,644.55,1.144147032,2
6000,644.6,1.144179848,2
6000,644.65,1.144212655,2
6000,644.7,1.144245452,2
6000,644.75,1.144278241,2
6000,644.8,1.144311021,2
6000,644.85,1.144343793,2
6000,644.9,1.144376555,2
6000,644.95,1.144409309,2
6000,645,1.144442053,2
6000,645.05,1.144474789,2
6000,645.1,1.144507516,2
6000,645.15,1.144540234,2
6000,645.2,1.144572944,2
6000,645.25,1.144605644,2
6000,645.3,1.144638336,2
6000,645.35,1.144671019,2
6000,645.4,1.144703693,2
6000,645.45,1.144736359,2
6000,645.5,1.144769015,2
6000,645.55,1.144801663,2
6000,645.6,1.144834302,2
6000,645.65,1.144866932,2
6000,645.7,1.144899554,2
6000,645.75,1.144932167,2
6000,645.8,1.144964771,2
6000,645.85,1.144997366,2
6000,645.9,1.145029953,2
6000,645.95,1.145062531,2
6000,646,1.1450951,2
6000,646.05,1.14512766,2
6000,646.1,1.145160212,2
6000,646.15,1.145192755,2
6000,646.2,1.14522529,2
6000,646.25,1.145257815,2
6000,646.3,1.145290332,2
6000,646.35,1.145322841,2
6000,646.4,1.14535534,2
6000,646.45,1.145387831,2
6000,646.5,1.145420314,2
6000,646.55,1.145452787,2
6000,646.6,1.145485252,2
6000,646.65,1.145517709,2
6000,646.7,1.145550156,2
6000,646.75,1.145582596,2
6000,646.8,1.145615026,2
6000,646.85,1.145647448,2
6000,646.9,1.145679861,2
6000,646.95,1.145712266,2
6000,647,1.145744662,2
6000,647.05,1.14577705,2
6000,647.1,1.145809429,2
6000,647.15,1.145841799,2
6000,647.2,1.145874161,2
6000,647.25,1.145906514,2
6000,647.3,1.145938859,2
6000,647.35,1.145971195,2
6000,647.4,1.146003523,2
6000,647.45,1.146035842,2
6000,647.5,1.146068152,2
6000,647.55,1.146100454,2
6000,647.6,1.146132748,2
6000,647.65,1.146165033,2
6000,647.7,1.146197309,2
6000,647.75,1.146229577,2
6000,647.8,1.146261837,2
6000,647.85,1.146294088,2
6000,647.9,1.14632633,2
6000,647.95,1.146358564,2
6000,648,1.14639079,2
6000,648.05,1.146423007,2
6000,648.1,1.146455216,2
6000,648.15,1.146487416,2
6000,648.2,1.146519608,2
6000,648.25,1.146551791,2
6000,648.3,1.146583966,2
6000,648.35,1.146616132,2
6000,648.4,1.14664829,2
6000,648.45,1.14668044,2
6000,648.5,1.146712581,2
6000,648.55,1.146744714,2
6000,648.6,1.146776838,2
6000,648.65,1.146808955,2
6000,648.7,1.146841062,2
6000,648.75,1.146873161,2
6000,648.8,1.146905252,2
6000,648.85,1.146937335,2
6000,648.9,1.146969409,2
6000,648.95,1.147001475,2
6000,649,1.147033532,2
6000,649.05,1.147065582,2
6000,649.1,1.147097622,2
6000,649.15,1.147129655,2
6000,649.2,1.147161679,2
6000,649.25,1.147193695,2
6000,649.3,1.147225702,2
6000,649.35,1.147257702,2
6000,649.4,1.147289693,2
6000,649.45,1.147321675,2
6000,649.5,1.14735365,2
6000,649.55,1.147385616,2
6000,649.6,1.147417574,2
6000,649.65,1.147449523,2
6000,649.7,1.147481465,2
6000,649.75,1.147513398,2
6000,649.8,1.147545322,2
6000,649.85,1.147577239,2
6000,649.9,1.147609147,2
6000,649.95,1.147641047,2
6000,650,1.147672939,2
6000,650.05,1.147704823,2
6000,650.1,1.147736698,2
6000,650.15,1.147768566,2
6000,650.2,1.147800425,2
6000,650.25,1.147832276,2
6000,650.3,1.147864118,2
6000,650.35,1.147895953,2
6000,650.4,1.147927779,2
6000,650.45,1.147959597,2
6000,650.5,1.147991407,2
6000,650.55,1.148023209,2
6000,650.6,1.148055003,2
6000,650.65,1.148086789,2
6000,650.7,1.148118566,2
6000,650.75,1.148150335,2
6000,650.8,1.148182096,2
6000,650.85,1.148213849,2
6000,650.9,1.148245594,2
6000,650.95,1.148277331,2
6000,651,1.14830906,2
6000,651.05,1.148340781,2
6000,651.1,1.148372493,2
6000,651.15,1.148404198,2
6000,651.2,1.148435894,2
6000,651.25,1.148467583,2
6000,651.3,1.148499263,2
6000,651.35,1.148530935,2
6000,651.4,1.148562599,2
6000,651.45,1.148594255,2
6000,651.5,1.148625903,2
6000,651.55,1.148657544,2
6000,651.6,1.148689176,2
6000,651.65,1.1487208,2
6000,651.7,1.148752416,2
6000,651.75,1.148784024,2
6000,651.8,1.148815624,2
6000,651.85,1.148847216,2
6000,651.9,1.1488788,2
6000,651.95,1.148910376,2
6000,652,1.148941944,2
6000,652.05,1.148973504,2
6000,652.1,1.149005056,2
6000,652.15,1.1490366,2
6000,652.2,1.149068136,2
6000,652.25,1.149099665,2
6000,652.3,1.149131185,2
6000,652.35,1.149162697,2
6000,652.4,1.149194202,2
6000,652.45,1.149225698,2
6000,652.5,1.149257187,2
6000,652.55,1.149288668,2
6000,652.6,1.149320141,2
6000,652.65,1.149351606,2
6000,652.7,1.149383063,2
6000,652.75,1.149414512,2
6000,652.8,1.149445953,2
6000,652.85,1.149477387,2
6000,652.9,1.149508812,2
6000,652.95,1.14954023,2
6000,653,1.14957164,2
6000,653.05,1.149603042,2
6000,653.1,1.149634436,2
6000,653.15,1.149665822,2
6000,653.2,1.149697201,2
6000,653.25,1.149728571,2
6000,653.3,1.149759934,2
6000,653.35,1.149791289,2
6000,653.4,1.149822636,2
6000,653.45,1.149853976,2
6000,653.5,1.149885307,2
6000,653.55,1.149916631,2
6000,653.6,1.149947947,2
6000,653.65,1.149979256,2
6000,653.7,1.150010556,2
6000,653.75,1.150041849,2
6000,653.8,1.150073134,2
6000,653.85,1.150104411,2
6000,653.9,1.150135681,2
6000,653.95,1.150166943,2
6000,654,1.150198197,2
6000,654.05,1.150229443,2
6000,654.1,1.150260682,2
6000,654.15,1.150291913,2
6000,654.2,1.150323136,2
6000,654.25,1.150354351,2
6000,654.3,1.150385559,2
6000,654.35,1.150416759,2
6000,654.4,1.150447952,2
6000,654.45,1.150479136,2
6000,654.5,1.150510313,2
6000,654.55,1.150541483,2
6000,654.6,1.150572645,2
6000,654.65,1.150603799,2
6000,654.7,1.150634945,2
6000,654.75,1.150666084,2
6000,654.8,1.150697215,2
6000,654.85,1.150728339,2
6000,654.9,1.150759455,2
6000,654.95,1.150790563,2
6000,655,1.150821664,2
6000,655.05,1.150852757,2
6000,655.1,1.150883842,2
6000,655.15,1.15091492,2
6000,655.2,1.150945991,2
6000,655.25,1.150977053,2
6000,655.3,1.151008109,2
6000,655.35,1.151039156,2
6000,655.4,1.151070196,2
6000,655.45,1.151101229,2
6000,655.5,1.151132254,2
6000,655.55,1.151163271,2
6000,655.6,1.151194281,2
6000,655.65,1.151225283,2
6000,655.7,1.151256278,2
6000,655.75,1.151287265,2
6000,655.8,1.151318245,2
6000,655.85,1.151349217,2
6000,655.9,1.151380182,2
6000,655.95,1.151411139,2
6000,656,1.151442089,2
6000,656.05,1.151473032,2
6000,656.1,1.151503966,2
6000,656.15,1.151534894,2
6000,656.2,1.151565814,2
6000,656.25,1.151596726,2
6000,656.3,1.151627631,2
6000,656.35,1.151658529,2
6000,656.4,1.151689419,2
6000,656.45,1.151720301,2
6000,656.5,1.151751177,2
6000,656.55,1.151782044,2
6000,656.6,1.151812905,2
6000,656.65,1.151843758,2
6000,656.7,1.151874603,2
6000,656.75,1.151905442,2
6000,656.8,1.151936272,2
6000,656.85,1.151967096,2
6000,656.9,1.151997912,2
6000,656.95,1.15202872,2
6000,657,1.152059522,2
6000,657.05,1.152090316,2
6000,657.1,1.152121102,2
6000,657.15,1.152151881,2
6000,657.2,1.152182653,2
6000,657.25,1.152213418,2
6000,657.3,1.152244175,2
6000,657.35,1.152274925,2
6000,657.4,1.152305667,2
6000,657.45,1.152336403,2
6000,657.5,1.152367131,2
6000,657.55,1.152397851,2
6000,657.6,1.152428564,2
6000,657.65,1.152459271,2
6000,657.7,1.152489969,2
6000,657.75,1.152520661,2
6000,657.8,1.152551345,2
6000,657.85,1.152582022,2
6000,657.9,1.152612692,2
6000,657.95,1.152643354,2
6000,658,1.152674009,2
6000,658.05,1.152704657,2
6000,658.1,1.152735298,2
6000,658.15,1.152765931,2
6000,658.2,1.152796557,2
6000,658.25,1.152827176,2
6000,658.3,1.152857788,2
6000,658.35,1.152888393,2
6000,658.4,1.15291899,2
6000,658.45,1.15294958,2
6000,658.5,1.152980163,2
6000,658.55,1.153010739,2
6000,658.6,1.153041308,2
6000,658.65,1.153071869,2
6000,658.7,1.153102424,2
6000,658.75,1.153132971,2
6000,658.8,1.153163511,2
6000,658.85,1.153194044,2
6000,658.9,1.153224569,2
6000,658.95,1.153255088,2
6000,659,1.153285599,2
6000,659.05,1.153316104,2
6000,659.1,1.153346601,2
6000,659.15,1.153377091,2
6000,659.2,1.153407574,2
6000,659.25,1.15343805,2
6000,659.3,1.153468519,2
6000,659.35,1.15349898,2
6000,659.4,1.153529435,2
6000,659.45,1.153559883,2
6000,659.5,1.153590323,2
6000,659.55,1.153620757,2
6000,659.6,1.153651183,2
6000,659.65,1.153681602,2
6000,659.7,1.153712014,2
6000,659.75,1.15374242,2
6000,659.8,1.153772818,2
6000,659.85,1.153803209,2
6000,659.9,1.153833593,2
6000,659.95,1.15386397,2
6000,660,1.15389434,2
6000,660.05,1.153924703,2
6000,660.1,1.153955059,2
6000,660.15,1.153985409,2
6000,660.2,1.154015751,2
6000,660.25,1.154046086,2
6000,660.3,1.154076414,2
6000,660.35,1.154106735,2
6000,660.4,1.154137049,2
6000,660.45,1.154167357,2
6000,660.5,1.154197657,2
6000,660.55,1.15422795,2
6000,660.6,1.154258237,2
6000,660.65,1.154288516,2
6000,660.7,1.154318789,2
6000,660.75,1.154349054,2
6000,660.8,1.154379313,2
6000,660.85,1.154409565,2
6000,660.9,1.15443981,2
6000,660.95,1.154470048,2
6000,661,1.154500279,2
6000,661.05,1.154530503,2
6000,661.1,1.15456072,2
6000,661.15,1.154590931,2
6000,661.2,1.154621134,2
6000,661.25,1.154651331,2
6000,661.3,1.154681521,2
6000,661.35,1.154711704,2
6000,661.4,1.15474188,2
6000,661.45,1.15477205,2
6000,661.5,1.154802212,2
6000,661.55,1.154832368,2
6000,661.6,1.154862517,2
6000,661.65,1.154892659,2
6000,661.7,1.154922794,2
6000,661.75,1.154952922,2
6000,661.8,1.154983044,2
6000,661.85,1.155013159,2
6000,661.9,1.155043267,2
6000,661.95,1.155073368,2
6000,662,1.155103462,2
6000,662.05,1.15513355,2
6000,662.1,1.155163631,2
6000,662.15,1.155193705,2
6000,662.2,1.155223772,2
6000,662.25,1.155253833,2
6000,662.3,1.155283887,2
6000,662.35,1.155313934,2
6000,662.4,1.155343975,2
6000,662.45,1.155374008,2
6000,662.5,1.155404035,2
6000,662.55,1.155434056,2
6000,662.6,1.155464069,2
6000,662.65,1.155494076,2
6000,662.7,1.155524076,2
6000,662.75,1.15555407,2
6000,662.8,1.155584057,2
6000,662.85,1.155614037,2
6000,662.9,1.15564401,2
6000,662.95,1.155673977,2
6000,663,1.155703937,2
6000,663.05,1.155733891,2
6000,663.1,1.155763837,2
6000,663.15,1.155793778,2
6000,663.2,1.155823711,2
6000,663.25,1.155853638,2
6000,663.3,1.155883558,2
6000,663.35,1.155913472,2
6000,663.4,1.155943379,2
6000,663.45,1.155973279,2
6000,663.5,1.156003173,2
6000,663.55,1.156033061,2
6000,663.6,1.156062941,2
6000,663.65,1.156092815,2
6000,663.7,1.156122683,2
6000,663.75,1.156152544,2
6000,663.8,1.156182398,2
6000,663.85,1.156212246,2
6000,663.9,1.156242087,2
6000,663.95,1.156271922,2
6000,664,1.15630175,2
6000,664.05,1.156331571,2
6000,664.1,1.156361386,2
6000,664.15,1.156391195,2
6000,664.2,1.156420997,2
6000,664.25,1.156450792,2
6000,664.3,1.156480581,2
6000,664.35,1.156510364,2
6000,664.4,1.15654014,2
6000,664.45,1.156569909,2
6000,664.5,1.156599672,2
6000,664.55,1.156629429,2
6000,664.6,1.156659179,2
6000,664.65,1.156688922,2
6000,664.7,1.156718659,2
6000,664.75,1.15674839,2
6000,664.8,1.156778114,2
6000,664.85,1.156807832,2
6000,664.9,1.156837543,2
6000,664.95,1.156867248,2
6000,665,1.156896946,2
6000,665.05,1.156926638,2
6000,665.1,1.156956324,2
6000,665.15,1.156986003,2
6000,665.2,1.157015676,2
6000,665.25,1.157045342,2
6000,665.3,1.157075002,2
6000,665.35,1.157104655,2
6000,665.4,1.157134303,2
6000,665.45,1.157163943,2
6000,665.5,1.157193578,2
6000,665.55,1.157223206,2
6000,665.6,1.157252827,2
6000,665.65,1.157282443,2
6000,665.7,1.157312052,2
6000,665.75,1.157341654,2
6000,665.8,1.15737125,2
6000,665.85,1.15740084,2
6000,665.9,1.157430424,2
6000,665.95,1.157460001,2
6000,666,1.157489572,2
6000,666.05,1.157519137,2
6000,666.1,1.157548695,2
6000,666.15,1.157578247,2
6000,666.2,1.157607793,2
6000,666.25,1.157637332,2
6000,666.3,1.157666865,2
6000,666.35,1.157696392,2
6000,666.4,1.157725913,2
6000,666.45,1.157755427,2
6000,666.5,1.157784935,2
6000,666.55,1.157814437,2
6000,666.6,1.157843933,2
6000,666.65,1.157873422,2
6000,666.7,1.157902905,2
6000,666.75,1.157932382,2
6000,666.8,1.157961853,2
6000,666.85,1.157991317,2
6000,666.9,1.158020775,2
6000,666.95,1.158050227,2
6000,667,1.158079673,2
6000,667.05,1.158109112,2
6000,667.1,1.158138546,2
6000,667.15,1.158167973,2
6000,667.2,1.158197394,2
6000,667.25,1.158226809,2
6000,667.3,1.158256217,2
6000,667.35,1.15828562,2
6000,667.4,1.158315016,2
6000,667.45,1.158344406,2
6000,667.5,1.15837379,2
6000,667.55,1.158403168,2
6000,667.6,1.15843254,2
6000,667.65,1.158461905,2
6000,667.7,1.158491265,2
6000,667.75,1.158520618,2
6000,667.8,1.158549965,2
6000,667.85,1.158579307,2
6000,667.9,1.158608642,2
6000,667.95,1.15863797,2
6000,668,1.158667293,2
6000,668.05,1.15869661,2
6000,668.1,1.158725921,2
6000,668.15,1.158755225,2
6000,668.2,1.158784524,2
6000,668.25,1.158813816,2
6000,668.3,1.158843102,2
6000,668.35,1.158872383,2
6000,668.4,1.158901657,2
6000,668.45,1.158930925,2
6000,668.5,1.158960187,2
6000,668.55,1.158989443,2
6000,668.6,1.159018693,2
6000,668.65,1.159047937,2
6000,668.7,1.159077176,2
6000,668.75,1.159106408,2
6000,668.8,1.159135634,2
6000,668.85,1.159164854,2
6000,668.9,1.159194068,2
6000,668.95,1.159223276,2
6000,669,1.159252478,2
6000,669.05,1.159281674,2
6000,669.1,1.159310864,2
6000,669.15,1.159340048,2
6000,669.2,1.159369226,2
6000,669.25,1.159398399,2
6000,669.3,1.159427565,2
6000,669.35,1.159456725,2
6000,669.4,1.159485879,2
6000,669.45,1.159515028,2
6000,669.5,1.15954417,2
6000,669.55,1.159573307,2
6000,669.6,1.159602438,2
6000,669.65,1.159631562,2
6000,669.7,1.159660681,2
6000,669.75,1.159689794,2
6000,669.8,1.159718901,2
6000,669.85,1.159748002,2
6000,669.9,1.159777098,2
6000,669.95,1.159806187,2
6000,670,1.159835271,2
6000,670.05,1.159864348,2
6000,670.1,1.15989342,2
6000,670.15,1.159922486,2
6000,670.2,1.159951546,2
6000,670.25,1.1599806,2
6000,670.3,1.160009649,2
6000,670.35,1.160038691,2
6000,670.4,1.160067728,2
6000,670.45,1.160096759,2
6000,670.5,1.160125784,2
6000,670.55,1.160154803,2
6000,670.6,1.160183817,2
6000,670.65,1.160212824,2
6000,670.7,1.160241826,2
6000,670.75,1.160270822,2
6000,670.8,1.160299812,2
6000,670.85,1.160328797,2
6000,670.9,1.160357775,2
6000,670.95,1.160386748,2
6000,671,1.160415716,2
6000,671.05,1.160444677,2
6000,671.1,1.160473633,2
6000,671.15,1.160502582,2
6000,671.2,1.160531527,2
6000,671.25,1.160560465,2
6000,671.3,1.160589398,2
6000,671.35,1.160618325,2
6000,671.4,1.160647246,2
6000,671.45,1.160676161,2
6000,671.5,1.160705071,2
6000,671.55,1.160733975,2
6000,671.6,1.160762874,2
6000,671.65,1.160791766,2
6000,671.7,1.160820653,2
6000,671.75,1.160849534,2
6000,671.8,1.16087841,2
6000,671.85,1.16090728,2
6000,671.9,1.160936144,2
6000,671.95,1.160965003,2
6000,672,1.160993856,2
6000,672.05,1.161022703,2
6000,672.1,1.161051545,2
6000,672.15,1.161080381,2
6000,672.2,1.161109211,2
6000,672.25,1.161138036,2
6000,672.3,1.161166855,2
6000,672.35,1.161195668,2
6000,672.4,1.161224476,2
6000,672.45,1.161253279,2
6000,672.5,1.161282075,2
6000,672.55,1.161310866,2
6000,672.6,1.161339652,2
6000,672.65,1.161368431,2
6000,672.7,1.161397206,2
6000,672.75,1.161425974,2
6000,672.8,1.161454738,2
6000,672.85,1.161483495,2
6000,672.9,1.161512247,2
6000,672.95,1.161540994,2
6000,673,1.161569734,2
6000,673.05,1.16159847,2
6000,673.1,1.161627199,2
6000,673.15,1.161655924,2
6000,673.2,1.161684642,2
6000,673.25,1.161713356,2
6000,673.3,1.161742063,2
6000,673.35,1.161770765,2
6000,673.4,1.161799462,2
6000,673.45,1.161828153,2
6000,673.5,1.161856839,2
6000,673.55,1.161885519,2
6000,673.6,1.161914194,2
6000,673.65,1.161942863,2
6000,673.7,1.161971526,2
6000,673.75,1.162000185,2
6000,673.8,1.162028837,2
6000,673.85,1.162057485,2
6000,673.9,1.162086126,2
6000,673.95,1.162114763,2
6000,674,1.162143394,2
6000,674.05,1.162172019,2
6000,674.1,1.162200639,2
6000,674.15,1.162229254,2
6000,674.2,1.162257863,2
6000,674.25,1.162286467,2
6000,674.3,1.162315065,2
6000,674.35,1.162343658,2
6000,674.4,1.162372245,2
6000,674.45,1.162400828,2
6000,674.5,1.162429404,2
6000,674.55,1.162457976,2
6000,674.6,1.162486541,2
6000,674.65,1.162515102,2
6000,674.7,1.162543657,2
6000,674.75,1.162572207,2
6000,674.8,1.162600751,2
6000,674.85,1.162629291,2
6000,674.9,1.162657824,2
6000,674.95,1.162686353,2
6000,675,1.162714876,2
6000,675.05,1.162743393,2
6000,675.1,1.162771906,2
6000,675.15,1.162800413,2
6000,675.2,1.162828915,2
6000,675.25,1.162857411,2
6000,675.3,1.162885902,2
6000,675.35,1.162914388,2
6000,675.4,1.162942868,2
6000,675.45,1.162971343,2
6000,675.5,1.162999813,2
6000,675.55,1.163028278,2
6000,675.6,1.163056737,2
6000,675.65,1.163085191,2
6000,675.7,1.16311364,2
6000,675.75,1.163142084,2
6000,675.8,1.163170522,2
6000,675.85,1.163198955,2
6000,675.9,1.163227382,2
6000,675.95,1.163255805,2
6000,676,1.163284222,2
6000,676.05,1.163312634,2
6000,676.1,1.163341041,2
6000,676.15,1.163369443,2
6000,676.2,1.163397839,2
6000,676.25,1.16342623,2
6000,676.3,1.163454616,2
6000,676.35,1.163482997,2
6000,676.4,1.163511372,2
6000,676.45,1.163539742,2
6000,676.5,1.163568107,2
6000,676.55,1.163596467,2
6000,676.6,1.163624822,2
6000,676.65,1.163653172,2
6000,676.7,1.163681516,2
6000,676.75,1.163709855,2
6000,676.8,1.163738189,2
6000,676.85,1.163766518,2
6000,676.9,1.163794842,2
6000,676.95,1.163823161,2
6000,677,1.163851474,2
6000,677.05,1.163879783,2
6000,677.1,1.163908086,2
6000,677.15,1.163936384,2
6000,677.2,1.163964677,2
6000,677.25,1.163992965,2
6000,677.3,1.164021248,2
6000,677.35,1.164049525,2
6000,677.4,1.164077798,2
6000,677.45,1.164106065,2
6000,677.5,1.164134328,2
6000,677.55,1.164162585,2
6000,677.6,1.164190837,2
6000,677.65,1.164219084,2
6000,677.7,1.164247326,2
6000,677.75,1.164275563,2
6000,677.8,1.164303795,2
6000,677.85,1.164332022,2
6000,677.9,1.164360244,2
6000,677.95,1.164388461,2
6000,678,1.164416673,2
6000,678.05,1.164444879,2
6000,678.1,1.164473081,2
6000,678.15,1.164501278,2
6000,678.2,1.164529469,2
6000,678.25,1.164557656,2
6000,678.3,1.164585838,2
6000,678.35,1.164614014,2
6000,678.4,1.164642186,2
6000,678.45,1.164670353,2
6000,678.5,1.164698514,2
6000,678.55,1.164726671,2
6000,678.6,1.164754823,2
6000,678.65,1.164782969,2
6000,678.7,1.164811111,2
6000,678.75,1.164839248,2
6000,678.8,1.16486738,2
6000,678.85,1.164895507,2
6000,678.9,1.164923629,2
6000,678.95,1.164951746,2
6000,679,1.164979858,2
6000,679.05,1.165007965,2
6000,679.1,1.165036067,2
6000,679.15,1.165064164,2
6000,679.2,1.165092256,2
6000,679.25,1.165120344,2
6000,679.3,1.165148426,2
6000,679.35,1.165176504,2
6000,679.4,1.165204577,2
6000,679.45,1.165232645,2
6000,679.5,1.165260707,2
6000,679.55,1.165288766,2
6000,679.6,1.165316819,2
6000,679.65,1.165344867,2
6000,679.7,1.16537291,2
6000,679.75,1.165400949,2
6000,679.8,1.165428983,2
6000,679.85,1.165457011,2
6000,679.9,1.165485035,2
6000,679.95,1.165513055,2
6000,680,1.165541069,2
6000,680.05,1.165569078,2
6000,680.1,1.165597083,2
6000,680.15,1.165625083,2
6000,680.2,1.165653078,2
6000,680.25,1.165681068,2
6000,680.3,1.165709053,2
6000,680.35,1.165737034,2
6000,680.4,1.16576501,2
6000,680.45,1.165792981,2
6000,680.5,1.165820947,2
6000,680.55,1.165848908,2
6000,680.6,1.165876865,2
6000,680.65,1.165904817,2
6000,680.7,1.165932764,2
6000,680.75,1.165960706,2
6000,680.8,1.165988644,2
6000,680.85,1.166016576,2
6000,680.9,1.166044504,2
6000,680.95,1.166072428,2
6000,681,1.166100346,2
6000,681.05,1.16612826,2
6000,681.1,1.166156169,2
6000,681.15,1.166184073,2
6000,681.2,1.166211973,2
6000,681.25,1.166239868,2
6000,681.3,1.166267758,2
6000,681.35,1.166295643,2
6000,681.4,1.166323524,2
6000,681.45,1.1663514,2
6000,681.5,1.166379272,2
6000,681.55,1.166407138,2
6000,681.6,1.166435,2
6000,681.65,1.166462858,2
6000,681.7,1.16649071,2
6000,681.75,1.166518558,2
6000,681.8,1.166546401,2
6000,681.85,1.16657424,2
6000,681.9,1.166602074,2
6000,681.95,1.166629903,2
6000,682,1.166657728,2
6000,682.05,1.166685548,2
6000,682.1,1.166713364,2
6000,682.15,1.166741174,2
6000,682.2,1.16676898,2
6000,682.25,1.166796782,2
6000,682.3,1.166824579,2
6000,682.35,1.166852371,2
6000,682.4,1.166880159,2
6000,682.45,1.166907942,2
6000,682.5,1.16693572,2
6000,682.55,1.166963494,2
6000,682.6,1.166991264,2
6000,682.65,1.167019028,2
6000,682.7,1.167046788,2
6000,682.75,1.167074544,2
6000,682.8,1.167102295,2
6000,682.85,1.167130041,2
6000,682.9,1.167157783,2
6000,682.95,1.16718552,2
6000,683,1.167213253,2
6000,683.05,1.167240981,2
6000,683.1,1.167268705,2
6000,683.15,1.167296424,2
6000,683.2,1.167324139,2
6000,683.25,1.167351849,2
6000,683.3,1.167379554,2
6000,683.35,1.167407255,2
6000,683.4,1.167434952,2
6000,683.45,1.167462644,2
6000,683.5,1.167490331,2
6000,683.55,1.167518014,2
6000,683.6,1.167545693,2
6000,683.65,1.167573367,2
6000,683.7,1.167601036,2
6000,683.75,1.167628701,2
6000,683.8,1.167656362,2
6000,683.85,1.167684018,2
6000,683.9,1.16771167,2
6000,683.95,1.167739317,2
6000,684,1.16776696,2
6000,684.05,1.167794598,2
6000,684.1,1.167822232,2
6000,684.15,1.167849861,2
6000,684.2,1.167877486,2
6000,684.25,1.167905106,2
6000,684.3,1.167932722,2
6000,684.35,1.167960334,2
6000,684.4,1.167987941,2
6000,684.45,1.168015544,2
6000,684.5,1.168043143,2
6000,684.55,1.168070736,2
6000,684.6,1.168098326,2
6000,684.65,1.168125911,2
6000,684.7,1.168153492,2
6000,684.75,1.168181068,2
6000,684.8,1.16820864,2
6000,684.85,1.168236208,2
6000,684.9,1.168263771,2
6000,684.95,1.16829133,2
6000,685,1.168318885,2
6000,685.05,1.168346435,2
6000,685.1,1.168373981,2
6000,685.15,1.168401522,2
6000,685.2,1.168429059,2
6000,685.25,1.168456592,2
6000,685.3,1.168484121,2
6000,685.35,1.168511645,2
6000,685.4,1.168539164,2
6000,685.45,1.16856668,2
6000,685.5,1.168594191,2
6000,685.55,1.168621698,2
6000,685.6,1.1686492,2
6000,685.65,1.168676699,2
6000,685.7,1.168704192,2
6000,685.75,1.168731682,2
6000,685.8,1.168759167,2
6000,685.85,1.168786648,2
6000,685.9,1.168814125,2
6000,685.95,1.168841598,2
6000,686,1.168869066,2
6000,686.05,1.16889653,2
6000,686.1,1.168923989,2
6000,686.15,1.168951445,2
6000,686.2,1.168978896,2
6000,686.25,1.169006343,2
6000,686.3,1.169033785,2
6000,686.35,1.169061224,2
6000,686.4,1.169088658,2
6000,686.45,1.169116088,2
6000,686.5,1.169143514,2
6000,686.55,1.169170935,2
6000,686.6,1.169198352,2
6000,686.65,1.169225766,2
6000,686.7,1.169253174,2
6000,686.75,1.169280579,2
6000,686.8,1.169307979,2
6000,686.85,1.169335376,2
6000,686.9,1.169362768,2
6000,686.95,1.169390156,2
6000,687,1.169417539,2
6000,687.05,1.169444919,2
6000,687.1,1.169472294,2
6000,687.15,1.169499665,2
6000,687.2,1.169527032,2
6000,687.25,1.169554395,2
6000,687.3,1.169581754,2
6000,687.35,1.169609108,2
6000,687.4,1.169636459,2
6000,687.45,1.169663805,2
6000,687.5,1.169691147,2
6000,687.55,1.169718485,2
6000,687.6,1.169745819,2
6000,687.65,1.169773149,2
6000,687.7,1.169800474,2
6000,687.75,1.169827796,2
6000,687.8,1.169855113,2
6000,687.85,1.169882426,2
6000,687.9,1.169909735,2
6000,687.95,1.16993704,2
6000,688,1.169964341,2
6000,688.05,1.169991638,2
6000,688.1,1.170018931,2
6000,688.15,1.17004622,2
6000,688.2,1.170073504,2
6000,688.25,1.170100785,2
6000,688.3,1.170128062,2
6000,688.35,1.170155334,2
6000,688.4,1.170182602,2
6000,688.45,1.170209867,2
6000,688.5,1.170237127,2
6000,688.55,1.170264383,2
6000,688.6,1.170291635,2
6000,688.65,1.170318884,2
6000,688.7,1.170346128,2
6000,688.75,1.170373368,2
6000,688.8,1.170400604,2
6000,688.85,1.170427836,2
6000,688.9,1.170455064,2
6000,688.95,1.170482288,2
6000,689,1.170509508,2
6000,689.05,1.170536724,2
6000,689.1,1.170563936,2
6000,689.15,1.170591144,2
6000,689.2,1.170618348,2
6000,689.25,1.170645548,2
6000,689.3,1.170672744,2
6000,689.35,1.170699936,2
6000,689.4,1.170727125,2
6000,689.45,1.170754309,2
6000,689.5,1.170781489,2
6000,689.55,1.170808665,2
6000,689.6,1.170835838,2
6000,689.65,1.170863006,2
6000,689.7,1.17089017,2
6000,689.75,1.170917331,2
6000,689.8,1.170944487,2
6000,689.85,1.17097164,2
6000,689.9,1.170998789,2
6000,689.95,1.171025933,2
6000,690,1.171053074,2
6000,690.05,1.171080211,2
6000,690.1,1.171107344,2
6000,690.15,1.171134473,2
6000,690.2,1.171161598,2
6000,690.25,1.17118872,2
6000,690.3,1.171215837,2
6000,690.35,1.171242951,2
6000,690.4,1.17127006,2
6000,690.45,1.171297166,2
6000,690.5,1.171324268,2
6000,690.55,1.171351366,2
6000,690.6,1.17137846,2
6000,690.65,1.17140555,2
6000,690.7,1.171432637,2
6000,690.75,1.171459719,2
6000,690.8,1.171486798,2
6000,690.85,1.171513873,2
6000,690.9,1.171540944,2
6000,690.95,1.171568011,2
6000,691,1.171595075,2
6000,691.05,1.171622134,2
6000,691.1,1.17164919,2
6000,691.15,1.171676242,2
6000,691.2,1.17170329,2
6000,691.25,1.171730334,2
6000,691.3,1.171757375,2
6000,691.35,1.171784411,2
6000,691.4,1.171811444,2
6000,691.45,1.171838473,2
6000,691.5,1.171865499,2
6000,691.55,1.17189252,2
6000,691.6,1.171919538,2
6000,691.65,1.171946552,2
6000,691.7,1.171973562,2
6000,691.75,1.172000568,2
6000,691.8,1.172027571,2
6000,691.85,1.17205457,2
6000,691.9,1.172081565,2
6000,691.95,1.172108556,2
6000,692,1.172135544,2
6000,692.05,1.172162528,2
6000,692.1,1.172189508,2
6000,692.15,1.172216484,2
6000,692.2,1.172243457,2
6000,692.25,1.172270426,2
6000,692.3,1.172297391,2
6000,692.35,1.172324353,2
6000,692.4,1.172351311,2
6000,692.45,1.172378265,2
6000,692.5,1.172405215,2
6000,692.55,1.172432162,2
6000,692.6,1.172459105,2
6000,692.65,1.172486044,2
6000,692.7,1.172512979,2
6000,692.75,1.172539911,2
6000,692.8,1.17256684,2
6000,692.85,1.172593764,2
6000,692.9,1.172620685,2
6000,692.95,1.172647602,2
6000,693,1.172674516,2
6000,693.05,1.172701426,2
6000,693.1,1.172728332,2
6000,693.15,1.172755235,2
6000,693.2,1.172782133,2
6000,693.25,1.172809029,2
6000,693.3,1.17283592,2
6000,693.35,1.172862808,2
6000,693.4,1.172889693,2
6000,693.45,1.172916574,2
6000,693.5,1.172943451,2
6000,693.55,1.172970324,2
6000,693.6,1.172997194,2
6000,693.65,1.17302406,2
6000,693.7,1.173050923,2
6000,693.75,1.173077782,2
6000,693.8,1.173104638,2
6000,693.85,1.17313149,2
6000,693.9,1.173158338,2
6000,693.95,1.173185183,2
6000,694,1.173212024,2
6000,694.05,1.173238861,2
6000,694.1,1.173265695,2
6000,694.15,1.173292526,2
6000,694.2,1.173319352,2
6000,694.25,1.173346176,2
6000,694.3,1.173372995,2
6000,694.35,1.173399812,2
6000,694.4,1.173426624,2
6000,694.45,1.173453433,2
6000,694.5,1.173480239,2
6000,694.55,1.173507041,2
6000,694.6,1.173533839,2
6000,694.65,1.173560634,2
6000,694.7,1.173587426,2
6000,694.75,1.173614214,2
6000,694.8,1.173640998,2
6000,694.85,1.173667779,2
6000,694.9,1.173694556,2
6000,694.95,1.17372133,2
6000,695,1.1737481,2
6000,695.05,1.173774867,2
6000,695.1,1.173801631,2
6000,695.15,1.173828391,2
6000,695.2,1.173855147,2
6000,695.25,1.1738819,2
6000,695.3,1.173908649,2
6000,695.35,1.173935395,2
6000,695.4,1.173962138,2
6000,695.45,1.173988877,2
6000,695.5,1.174015612,2
6000,695.55,1.174042345,2
6000,695.6,1.174069073,2
6000,695.65,1.174095798,2
6000,695.7,1.17412252,2
6000,695.75,1.174149239,2
6000,695.8,1.174175953,2
6000,695.85,1.174202665,2
6000,695.9,1.174229373,2
6000,695.95,1.174256078,2
6000,696,1.174282779,2
6000,696.05,1.174309477,2
6000,696.1,1.174336171,2
6000,696.15,1.174362862,2
6000,696.2,1.174389549,2
6000,696.25,1.174416234,2
6000,696.3,1.174442914,2
6000,696.35,1.174469592,2
6000,696.4,1.174496266,2
6000,696.45,1.174522936,2
6000,696.5,1.174549603,2
6000,696.55,1.174576267,2
6000,696.6,1.174602928,2
6000,696.65,1.174629585,2
6000,696.7,1.174656239,2
6000,696.75,1.174682889,2
6000,696.8,1.174709536,2
6000,696.85,1.17473618,2
6000,696.9,1.17476282,2
6000,696.95,1.174789457,2
6000,697,1.17481609,2
6000,697.05,1.174842721,2
6000,697.1,1.174869348,2
6000,697.15,1.174895971,2
6000,697.2,1.174922592,2
6000,697.25,1.174949209,2
6000,697.3,1.174975822,2
6000,697.35,1.175002433,2
6000,697.4,1.17502904,2
6000,697.45,1.175055643,2
6000,697.5,1.175082244,2
6000,697.55,1.175108841,2
6000,697.6,1.175135435,2
6000,697.65,1.175162025,2
6000,697.7,1.175188613,2
6000,697.75,1.175215197,2
6000,697.8,1.175241777,2
6000,697.85,1.175268355,2
6000,697.9,1.175294929,2
6000,697.95,1.1753215,2
6000,698,1.175348067,2
6000,698.05,1.175374632,2
6000,698.1,1.175401193,2
6000,698.15,1.175427751,2
6000,698.2,1.175454305,2
6000,698.25,1.175480857,2
6000,698.3,1.175507405,2
6000,698.35,1.17553395,2
6000,698.4,1.175560491,2
6000,698.45,1.17558703,2
6000,698.5,1.175613565,2
6000,698.55,1.175640097,2
6000,698.6,1.175666626,2
6000,698.65,1.175693151,2
6000,698.7,1.175719674,2
6000,698.75,1.175746193,2
6000,698.8,1.175772709,2
6000,698.85,1.175799221,2
6000,698.9,1.175825731,2
6000,698.95,1.175852237,2
6000,699,1.17587874,2
6000,699.05,1.17590524,2
6000,699.1,1.175931737,2
6000,699.15,1.175958231,2
6000,699.2,1.175984721,2
6000,699.25,1.176011209,2
6000,699.3,1.176037693,2
6000,699.35,1.176064174,2
6000,699.4,1.176090652,2
6000,699.45,1.176117126,2
6000,699.5,1.176143598,2
6000,699.55,1.176170066,2
6000,699.6,1.176196531,2
6000,699.65,1.176222993,2
6000,699.7,1.176249452,2
6000,699.75,1.176275908,2
6000,699.8,1.176302361,2
6000,699.85,1.176328811,2
6000,699.9,1.176355257,2
6000,699.95,1.1763817,2
6000,700,1.176408141,2
6000,700.05,1.176434578,2
6000,700.1,1.176461012,2
6000,700.15,1.176487443,2
6000,700.2,1.176513871,2
6000,700.25,1.176540295,2
6000,700.3,1.176566717,2
6000,700.35,1.176593135,2
6000,700.4,1.176619551,2
6000,700.45,1.176645963,2
6000,700.5,1.176672373,2
6000,700.55,1.176698779,2
6000,700.6,1.176725182,2
6000,700.65,1.176751582,2
6000,700.7,1.176777979,2
6000,700.75,1.176804373,2
6000,700.8,1.176830764,2
6000,700.85,1.176857152,2
6000,700.9,1.176883537,2
6000,700.95,1.176909919,2
6000,701,1.176936298,2
6000,701.05,1.176962674,2
6000,701.1,1.176989046,2
6000,701.15,1.177015416,2
6000,701.2,1.177041783,2
6000,701.25,1.177068147,2
6000,701.3,1.177094507,2
6000,701.35,1.177120865,2
6000,701.4,1.17714722,2
6000,701.45,1.177173571,2
6000,701.5,1.17719992,2
6000,701.55,1.177226266,2
6000,701.6,1.177252608,2
6000,701.65,1.177278948,2
6000,701.7,1.177305285,2
6000,701.75,1.177331618,2
6000,701.8,1.177357949,2
6000,701.85,1.177384277,2
6000,701.9,1.177410602,2
6000,701.95,1.177436923,2
6000,702,1.177463242,2
6000,702.05,1.177489558,2
6000,702.1,1.177515871,2
6000,702.15,1.177542181,2
6000,702.2,1.177568488,2
6000,702.25,1.177594792,2
6000,702.3,1.177621094,2
6000,702.35,1.177647392,2
6000,702.4,1.177673687,2
6000,702.45,1.177699979,2
6000,702.5,1.177726269,2
6000,702.55,1.177752555,2
6000,702.6,1.177778839,2
6000,702.65,1.17780512,2
6000,702.7,1.177831398,2
6000,702.75,1.177857672,2
6000,702.8,1.177883944,2
6000,702.85,1.177910213,2
6000,702.9,1.17793648,2
6000,702.95,1.177962743,2
6000,703,1.177989003,2
6000,703.05,1.178015261,2
6000,703.1,1.178041515,2
6000,703.15,1.178067767,2
6000,703.2,1.178094016,2
6000,703.25,1.178120262,2
6000,703.3,1.178146505,2
6000,703.35,1.178172745,2
6000,703.4,1.178198983,2
6000,703.45,1.178225217,2
6000,703.5,1.178251449,2
6000,703.55,1.178277678,2
6000,703.6,1.178303904,2
6000,703.65,1.178330127,2
6000,703.7,1.178356347,2
6000,703.75,1.178382565,2
6000,703.8,1.178408779,2
6000,703.85,1.178434991,2
6000,703.9,1.1784612,2
6000,703.95,1.178487406,2
6000,704,1.17851361,2
6000,704.05,1.17853981,2
6000,704.1,1.178566008,2
6000,704.15,1.178592203,2
6000,704.2,1.178618395,2
6000,704.25,1.178644584,2
6000,704.3,1.178670771,2
6000,704.35,1.178696954,2
6000,704.4,1.178723135,2
6000,704.45,1.178749313,2
6000,704.5,1.178775489,2
6000,704.55,1.178801661,2
6000,704.6,1.178827831,2
6000,704.65,1.178853998,2
6000,704.7,1.178880162,2
6000,704.75,1.178906324,2
6000,704.8,1.178932483,2
6000,704.85,1.178958639,2
6000,704.9,1.178984792,2
6000,704.95,1.179010942,2
6000,705,1.17903709,2
6000,705.05,1.179063235,2
6000,705.1,1.179089377,2
6000,705.15,1.179115517,2
6000,705.2,1.179141653,2
6000,705.25,1.179167787,2
6000,705.3,1.179193919,2
6000,705.35,1.179220047,2
6000,705.4,1.179246173,2
6000,705.45,1.179272296,2
6000,705.5,1.179298417,2
6000,705.55,1.179324534,2
6000,705.6,1.179350649,2
6000,705.65,1.179376762,2
6000,705.7,1.179402871,2
6000,705.75,1.179428978,2
6000,705.8,1.179455082,2
6000,705.85,1.179481184,2
6000,705.9,1.179507283,2
6000,705.95,1.179533379,2
6000,706,1.179559472,2
6000,706.05,1.179585563,2
6000,706.1,1.179611651,2
6000,706.15,1.179637737,2
6000,706.2,1.17966382,2
6000,706.25,1.1796899,2
6000,706.3,1.179715977,2
6000,706.35,1.179742052,2
6000,706.4,1.179768124,2
6000,706.45,1.179794194,2
6000,706.5,1.179820261,2
6000,706.55,1.179846325,2
6000,706.6,1.179872386,2
6000,706.65,1.179898445,2
6000,706.7,1.179924502,2
6000,706.75,1.179950555,2
6000,706.8,1.179976606,2
6000,706.85,1.180002655,2
6000,706.9,1.180028701,2
6000,706.95,1.180054744,2
6000,707,1.180080785,2
6000,707.05,1.180106823,2
6000,707.1,1.180132858,2
6000,707.15,1.180158891,2
6000,707.2,1.180184921,2
6000,707.25,1.180210949,2
6000,707.3,1.180236974,2
6000,707.35,1.180262996,2
6000,707.4,1.180289016,2
6000,707.45,1.180315033,2
6000,707.5,1.180341048,2
6000,707.55,1.18036706,2
6000,707.6,1.18039307,2
6000,707.65,1.180419077,2
6000,707.7,1.180445081,2
6000,707.75,1.180471083,2
6000,707.8,1.180497082,2
6000,707.85,1.180523079,2
6000,707.9,1.180549073,2
6000,707.95,1.180575065,2
6000,708,1.180601054,2
6000,708.05,1.18062704,2
6000,708.1,1.180653025,2
6000,708.15,1.180679006,2
6000,708.2,1.180704985,2
6000,708.25,1.180730961,2
6000,708.3,1.180756935,2
6000,708.35,1.180782907,2
6000,708.4,1.180808876,2
6000,708.45,1.180834842,2
6000,708.5,1.180860806,2
6000,708.55,1.180886767,2
6000,708.6,1.180912726,2
6000,708.65,1.180938682,2
6000,708.7,1.180964636,2
6000,708.75,1.180990588,2
6000,708.8,1.181016537,2
6000,708.85,1.181042483,2
6000,708.9,1.181068427,2
6000,708.95,1.181094368,2
6000,709,1.181120307,2
6000,709.05,1.181146244,2
6000,709.1,1.181172178,2
6000,709.15,1.181198109,2
6000,709.2,1.181224038,2
6000,709.25,1.181249965,2
6000,709.3,1.181275889,2
6000,709.35,1.181301811,2
6000,709.4,1.18132773,2
6000,709.45,1.181353647,2
6000,709.5,1.181379561,2
6000,709.55,1.181405473,2
6000,709.6,1.181431382,2
6000,709.65,1.181457289,2
6000,709.7,1.181483194,2
6000,709.75,1.181509096,2
6000,709.8,1.181534996,2
6000,709.85,1.181560893,2
6000,709.9,1.181586788,2
6000,709.95,1.181612681,2
6000,710,1.181638571,2
6000,710.05,1.181664458,2
6000,710.1,1.181690344,2
6000,710.15,1.181716227,2
6000,710.2,1.181742107,2
6000,710.25,1.181767985,2
6000,710.3,1.181793861,2
6000,710.35,1.181819734,2
6000,710.4,1.181845605,2
6000,710.45,1.181871473,2
6000,710.5,1.18189734,2
6000,710.55,1.181923203,2
6000,710.6,1.181949065,2
6000,710.65,1.181974924,2
6000,710.7,1.18200078,2
6000,710.75,1.182026635,2
6000,710.8,1.182052487,2
6000,710.85,1.182078336,2
6000,710.9,1.182104183,2
6000,710.95,1.182130028,2
6000,711,1.182155871,2
6000,711.05,1.182181711,2
6000,711.1,1.182207549,2
6000,711.15,1.182233384,2
6000,711.2,1.182259217,2
6000,711.25,1.182285048,2
6000,711.3,1.182310877,2
6000,711.35,1.182336703,2
6000,711.4,1.182362527,2
6000,711.45,1.182388348,2
6000,711.5,1.182414168,2
6000,711.55,1.182439984,2
6000,711.6,1.182465799,2
6000,711.65,1.182491611,2
6000,711.7,1.182517421,2
6000,711.75,1.182543229,2
6000,711.8,1.182569034,2
6000,711.85,1.182594837,2
6000,711.9,1.182620638,2
6000,711.95,1.182646437,2
6000,712,1.182672233,2
6000,712.05,1.182698027,2
6000,712.1,1.182723819,2
6000,712.15,1.182749608,2
6000,712.2,1.182775395,2
6000,712.25,1.18280118,2
6000,712.3,1.182826962,2
6000,712.35,1.182852743,2
6000,712.4,1.182878521,2
6000,712.45,1.182904297,2
6000,712.5,1.18293007,2
6000,712.55,1.182955841,2
6000,712.6,1.182981611,2
6000,712.65,1.183007377,2
6000,712.7,1.183033142,2
6000,712.75,1.183058904,2
6000,712.8,1.183084664,2
6000,712.85,1.183110422,2
6000,712.9,1.183136178,2
6000,712.95,1.183161931,2
6000,713,1.183187682,2
6000,713.05,1.183213431,2
6000,713.1,1.183239178,2
6000,713.15,1.183264923,2
6000,713.2,1.183290665,2
6000,713.25,1.183316405,2
6000,713.3,1.183342143,2
6000,713.35,1.183367879,2
6000,713.4,1.183393612,2
6000,713.45,1.183419344,2
6000,713.5,1.183445073,2
6000,713.55,1.1834708,2
6000,713.6,1.183496524,2
6000,713.65,1.183522247,2
6000,713.7,1.183547967,2
6000,713.75,1.183573686,2
6000,713.8,1.183599402,2
6000,713.85,1.183625115,2
6000,713.9,1.183650827,2
6000,713.95,1.183676537,2
6000,714,1.183702244,2
6000,714.05,1.183727949,2
6000,714.1,1.183753652,2
6000,714.15,1.183779353,2
6000,714.2,1.183805052,2
6000,714.25,1.183830749,2
6000,714.3,1.183856443,2
6000,714.35,1.183882135,2
6000,714.4,1.183907826,2
6000,714.45,1.183933514,2
6000,714.5,1.1839592,2
6000,714.55,1.183984883,2
6000,714.6,1.184010565,2
6000,714.65,1.184036245,2
6000,714.7,1.184061922,2
6000,714.75,1.184087597,2
6000,714.8,1.184113271,2
6000,714.85,1.184138942,2
6000,714.9,1.184164611,2
6000,714.95,1.184190278,2
6000,715,1.184215942,2
6000,715.05,1.184241605,2
6000,715.1,1.184267266,2
6000,715.15,1.184292924,2
6000,715.2,1.184318581,2
6000,715.25,1.184344235,2
6000,715.3,1.184369887,2
6000,715.35,1.184395537,2
6000,715.4,1.184421185,2
6000,715.45,1.184446831,2
6000,715.5,1.184472475,2
6000,715.55,1.184498117,2
6000,715.6,1.184523757,2
6000,715.65,1.184549395,2
6000,715.7,1.18457503,2
6000,715.75,1.184600664,2
6000,715.8,1.184626296,2
6000,715.85,1.184651925,2
6000,715.9,1.184677553,2
6000,715.95,1.184703178,2
6000,716,1.184728801,2
6000,716.05,1.184754423,2
6000,716.1,1.184780042,2
6000,716.15,1.184805659,2
6000,716.2,1.184831275,2
6000,716.25,1.184856888,2
6000,716.3,1.184882499,2
6000,716.35,1.184908108,2
6000,716.4,1.184933715,2
6000,716.45,1.18495932,2
6000,716.5,1.184984924,2
6000,716.55,1.185010525,2
6000,716.6,1.185036124,2
6000,716.65,1.185061721,2
6000,716.7,1.185087316,2
6000,716.75,1.185112909,2
6000,716.8,1.1851385,2
6000,716.85,1.185164089,2
6000,716.9,1.185189676,2
6000,716.95,1.185215262,2
6000,717,1.185240845,2
6000,717.05,1.185266426,2
6000,717.1,1.185292005,2
6000,717.15,1.185317582,2
6000,717.2,1.185343158,2
6000,717.25,1.185368731,2
6000,717.3,1.185394302,2
6000,717.35,1.185419872,2
6000,717.4,1.185445439,2
6000,717.45,1.185471004,2
6000,717.5,1.185496568,2
6000,717.55,1.185522129,2
6000,717.6,1.185547689,2
6000,717.65,1.185573247,2
6000,717.7,1.185598802,2
6000,717.75,1.185624356,2
6000,717.8,1.185649908,2
6000,717.85,1.185675458,2
6000,717.9,1.185701006,2
6000,717.95,1.185726552,2
6000,718,1.185752096,2
6000,718.05,1.185777638,2
6000,718.1,1.185803178,2
6000,718.15,1.185828717,2
6000,718.2,1.185854253,2
6000,718.25,1.185879788,2
6000,718.3,1.18590532,2
6000,718.35,1.185930851,2
6000,718.4,1.18595638,2
6000,718.45,1.185981907,2
6000,718.5,1.186007432,2
6000,718.55,1.186032955,2
6000,718.6,1.186058476,2
6000,718.65,1.186083995,2
6000,718.7,1.186109513,2
6000,718.75,1.186135028,2
6000,718.8,1.186160542,2
6000,718.85,1.186186054,2
6000,718.9,1.186211564,2
6000,718.95,1.186237072,2
6000,719,1.186262578,2
6000,719.05,1.186288082,2
6000,719.1,1.186313585,2
6000,719.15,1.186339085,2
6000,719.2,1.186364584,2
6000,719.25,1.186390081,2
6000,719.3,1.186415576,2
6000,719.35,1.186441069,2
6000,719.4,1.18646656,2
6000,719.45,1.18649205,2
6000,719.5,1.186517537,2
6000,719.55,1.186543023,2
6000,719.6,1.186568507,2
6000,719.65,1.186593989,2
6000,719.7,1.18661947,2
6000,719.75,1.186644948,2
6000,719.8,1.186670425,2
6000,719.85,1.186695899,2
6000,719.9,1.186721372,2
6000,719.95,1.186746844,2
6000,720,1.186772313,2
6000,720.05,1.186797781,2
6000,720.1,1.186823246,2
6000,720.15,1.18684871,2
6000,720.2,1.186874172,2
6000,720.25,1.186899633,2
6000,720.3,1.186925091,2
6000,720.35,1.186950548,2
6000,720.4,1.186976003,2
6000,720.45,1.187001456,2
6000,720.5,1.187026908,2
6000,720.55,1.187052357,2
6000,720.6,1.187077805,2
6000,720.65,1.187103251,2
6000,720.7,1.187128695,2
6000,720.75,1.187154138,2
6000,720.8,1.187179578,2
6000,720.85,1.187205017,2
6000,720.9,1.187230455,2
6000,720.95,1.18725589,2
6000,721,1.187281324,2
6000,721.05,1.187306756,2
6000,721.1,1.187332186,2
6000,721.15,1.187357614,2
6000,721.2,1.187383041,2
6000,721.25,1.187408466,2
6000,721.3,1.187433889,2
6000,721.35,1.18745931,2
6000,721.4,1.18748473,2
6000,721.45,1.187510148,2
6000,721.5,1.187535564,2
6000,721.55,1.187560979,2
6000,721.6,1.187586391,2
6000,721.65,1.187611802,2
6000,721.7,1.187637212,2
6000,721.75,1.187662619,2
6000,721.8,1.187688025,2
6000,721.85,1.187713429,2
6000,721.9,1.187738832,2
6000,721.95,1.187764233,2
6000,722,1.187789632,2
6000,722.05,1.187815029,2
6000,722.1,1.187840425,2
6000,722.15,1.187865819,2
6000,722.2,1.187891211,2
6000,722.25,1.187916601,2
6000,722.3,1.18794199,2
6000,722.35,1.187967378,2
6000,722.4,1.187992763,2
6000,722.45,1.188018147,2
6000,722.5,1.188043529,2
6000,722.55,1.188068909,2
6000,722.6,1.188094288,2
6000,722.65,1.188119665,2
6000,722.7,1.188145041,2
6000,722.75,1.188170415,2
6000,722.8,1.188195787,2
6000,722.85,1.188221157,2
6000,722.9,1.188246526,2
6000,722.95,1.188271893,2
6000,723,1.188297259,2
6000,723.05,1.188322622,2
6000,723.1,1.188347985,2
6000,723.15,1.188373345,2
6000,723.2,1.188398704,2
6000,723.25,1.188424061,2
6000,723.3,1.188449417,2
6000,723.35,1.188474771,2
6000,723.4,1.188500123,2
6000,723.45,1.188525474,2
6000,723.5,1.188550823,2
6000,723.55,1.188576171,2
6000,723.6,1.188601517,2
6000,723.65,1.188626861,2
6000,723.7,1.188652204,2
6000,723.75,1.188677545,2
6000,723.8,1.188702884,2
6000,723.85,1.188728222,2
6000,723.9,1.188753558,2
6000,723.95,1.188778893,2
6000,724,1.188804226,2
6000,724.05,1.188829557,2
6000,724.1,1.188854887,2
6000,724.15,1.188880215,2
6000,724.2,1.188905542,2
6000,724.25,1.188930867,2
6000,724.3,1.18895619,2
6000,724.35,1.188981512,2
6000,724.4,1.189006832,2
6000,724.45,1.189032151,2
6000,724.5,1.189057468,2
6000,724.55,1.189082784,2
6000,724.6,1.189108098,2
6000,724.65,1.18913341,2
6000,724.7,1.189158721,2
6000,724.75,1.18918403,2
6000,724.8,1.189209338,2
6000,724.85,1.189234644,2
6000,724.9,1.189259949,2
6000,724.95,1.189285252,2
6000,725,1.189310553,2
6000,725.05,1.189335853,2
6000,725.1,1.189361152,2
6000,725.15,1.189386449,2
6000,725.2,1.189411744,2
6000,725.25,1.189437038,2
6000,725.3,1.18946233,2
6000,725.35,1.189487621,2
6000,725.4,1.18951291,2
6000,725.45,1.189538198,2
6000,725.5,1.189563484,2
6000,725.55,1.189588769,2
6000,725.6,1.189614052,2
6000,725.65,1.189639333,2
6000,725.7,1.189664613,2
6000,725.75,1.189689892,2
6000,725.8,1.189715169,2
6000,725.85,1.189740445,2
6000,725.9,1.189765719,2
6000,725.95,1.189790991,2
6000,726,1.189816262,2
6000,726.05,1.189841532,2
6000,726.1,1.1898668,2
6000,726.15,1.189892067,2
6000,726.2,1.189917332,2
6000,726.25,1.189942595,2
6000,726.3,1.189967857,2
6000,726.35,1.189993118,2
6000,726.4,1.190018377,2
6000,726.45,1.190043635,2
6000,726.5,1.190068891,2
6000,726.55,1.190094146,2
6000,726.6,1.190119399,2
6000,726.65,1.190144651,2
6000,726.7,1.190169901,2
6000,726.75,1.19019515,2
6000,726.8,1.190220398,2
6000,726.85,1.190245644,2
6000,726.9,1.190270888,2
6000,726.95,1.190296131,2
6000,727,1.190321373,2
6000,727.05,1.190346613,2
6000,727.1,1.190371852,2
6000,727.15,1.190397089,2
6000,727.2,1.190422325,2
6000,727.25,1.190447559,2
6000,727.3,1.190472792,2
6000,727.35,1.190498024,2
6000,727.4,1.190523254,2
6000,727.45,1.190548483,2
6000,727.5,1.19057371,2
6000,727.55,1.190598936,2
6000,727.6,1.19062416,2
6000,727.65,1.190649383,2
6000,727.7,1.190674605,2
6000,727.75,1.190699825,2
6000,727.8,1.190725044,2
6000,727.85,1.190750261,2
6000,727.9,1.190775477,2
6000,727.95,1.190800692,2
6000,728,1.190825905,2
6000,728.05,1.190851116,2
6000,728.1,1.190876327,2
6000,728.15,1.190901536,2
6000,728.2,1.190926743,2
6000,728.25,1.190951949,2
6000,728.3,1.190977154,2
6000,728.35,1.191002358,2
6000,728.4,1.19102756,2
6000,728.45,1.19105276,2
6000,728.5,1.19107796,2
6000,728.55,1.191103157,2
6000,728.6,1.191128354,2
6000,728.65,1.191153549,2
6000,728.7,1.191178743,2
6000,728.75,1.191203935,2
6000,728.8,1.191229126,2
6000,728.85,1.191254316,2
6000,728.9,1.191279504,2
6000,728.95,1.191304691,2
6000,729,1.191329877,2
6000,729.05,1.191355061,2
6000,729.1,1.191380244,2
6000,729.15,1.191405426,2
6000,729.2,1.191430606,2
6000,729.25,1.191455785,2
6000,729.3,1.191480963,2
6000,729.35,1.191506139,2
6000,729.4,1.191531314,2
6000,729.45,1.191556487,2
6000,729.5,1.19158166,2
6000,729.55,1.191606831,2
6000,729.6,1.191632,2
6000,729.65,1.191657168,2
6000,729.7,1.191682335,2
6000,729.75,1.191707501,2
6000,729.8,1.191732665,2
6000,729.85,1.191757828,2
6000,729.9,1.19178299,2
6000,729.95,1.19180815,2
6000,730,1.191833309,2
6000,730.05,1.191858467,2
6000,730.1,1.191883624,2
6000,730.15,1.191908779,2
6000,730.2,1.191933933,2
6000,730.25,1.191959085,2
6000,730.3,1.191984237,2
6000,730.35,1.192009387,2
6000,730.4,1.192034535,2
6000,730.45,1.192059683,2
6000,730.5,1.192084829,2
6000,730.55,1.192109974,2
6000,730.6,1.192135117,2
6000,730.65,1.19216026,2
6000,730.7,1.192185401,2
6000,730.75,1.192210541,2
6000,730.8,1.192235679,2
6000,730.85,1.192260816,2
6000,730.9,1.192285952,2
6000,730.95,1.192311087,2
6000,731,1.19233622,2
6000,731.05,1.192361353,2
6000,731.1,1.192386484,2
6000,731.15,1.192411613,2
6000,731.2,1.192436742,2
6000,731.25,1.192461869,2
6000,731.3,1.192486995,2
6000,731.35,1.19251212,2
6000,731.4,1.192537243,2
6000,731.45,1.192562365,2
6000,731.5,1.192587486,2
6000,731.55,1.192612606,2
6000,731.6,1.192637725,2
6000,731.65,1.192662842,2
6000,731.7,1.192687958,2
6000,731.75,1.192713073,2
6000,731.8,1.192738186,2
6000,731.85,1.192763299,2
6000,731.9,1.19278841,2
6000,731.95,1.19281352,2
6000,732,1.192838629,2
6000,732.05,1.192863736,2
6000,732.1,1.192888843,2
6000,732.15,1.192913948,2
6000,732.2,1.192939052,2
6000,732.25,1.192964154,2
6000,732.3,1.192989256,2
6000,732.35,1.193014356,2
6000,732.4,1.193039455,2
6000,732.45,1.193064553,2
6000,732.5,1.19308965,2
6000,732.55,1.193114746,2
6000,732.6,1.19313984,2
6000,732.65,1.193164933,2
6000,732.7,1.193190025,2
6000,732.75,1.193215116,2
6000,732.8,1.193240206,2
6000,732.85,1.193265294,2
6000,732.9,1.193290381,2
6000,732.95,1.193315467,2
6000,733,1.193340552,2
6000,733.05,1.193365636,2
6000,733.1,1.193390719,2
6000,733.15,1.1934158,2
6000,733.2,1.19344088,2
6000,733.25,1.19346596,2
6000,733.3,1.193491038,2
6000,733.35,1.193516114,2
6000,733.4,1.19354119,2
6000,733.45,1.193566265,2
6000,733.5,1.193591338,2
6000,733.55,1.19361641,2
6000,733.6,1.193641481,2
6000,733.65,1.193666551,2
6000,733.7,1.19369162,2
6000,733.75,1.193716688,2
6000,733.8,1.193741754,2
6000,733.85,1.19376682,2
6000,733.9,1.193791884,2
6000,733.95,1.193816947,2
6000,734,1.193842009,2
6000,734.05,1.19386707,2
6000,734.1,1.19389213,2
6000,734.15,1.193917189,2
6000,734.2,1.193942246,2
6000,734.25,1.193967303,2
6000,734.3,1.193992358,2
6000,734.35,1.194017412,2
6000,734.4,1.194042465,2
6000,734.45,1.194067517,2
6000,734.5,1.194092568,2
6000,734.55,1.194117618,2
6000,734.6,1.194142667,2
6000,734.65,1.194167714,2
6000,734.7,1.194192761,2
6000,734.75,1.194217806,2
6000,734.8,1.194242851,2
6000,734.85,1.194267894,2
6000,734.9,1.194292936,2
6000,734.95,1.194317977,2
6000,735,1.194343017,2
6000,735.05,1.194368056,2
6000,735.1,1.194393094,2
6000,735.15,1.194418131,2
6000,735.2,1.194443166,2
6000,735.25,1.194468201,2
6000,735.3,1.194493235,2
6000,735.35,1.194518267,2
6000,735.4,1.194543298,2
6000,735.45,1.194568329,2
6000,735.5,1.194593358,2
6000,735.55,1.194618386,2
6000,735.6,1.194643414,2
6000,735.65,1.19466844,2
6000,735.7,1.194693465,2
6000,735.75,1.194718489,2
6000,735.8,1.194743512,2
6000,735.85,1.194768534,2
6000,735.9,1.194793555,2
6000,735.95,1.194818574,2
6000,736,1.194843593,2
6000,736.05,1.194868611,2
6000,736.1,1.194893628,2
6000,736.15,1.194918643,2
6000,736.2,1.194943658,2
6000,736.25,1.194968672,2
6000,736.3,1.194993684,2
6000,736.35,1.195018696,2
6000,736.4,1.195043707,2
6000,736.45,1.195068716,2
6000,736.5,1.195093725,2
6000,736.55,1.195118732,2
6000,736.6,1.195143739,2
6000,736.65,1.195168744,2
6000,736.7,1.195193749,2
6000,736.75,1.195218752,2
6000,736.8,1.195243755,2
6000,736.85,1.195268756,2
6000,736.9,1.195293757,2
6000,736.95,1.195318756,2
6000,737,1.195343755,2
6000,737.05,1.195368752,2
6000,737.1,1.195393748,2
6000,737.15,1.195418744,2
6000,737.2,1.195443738,2
6000,737.25,1.195468732,2
6000,737.3,1.195493725,2
6000,737.35,1.195518716,2
6000,737.4,1.195543707,2
6000,737.45,1.195568696,2
6000,737.5,1.195593685,2
6000,737.55,1.195618672,2
6000,737.6,1.195643659,2
6000,737.65,1.195668645,2
6000,737.7,1.19569363,2
6000,737.75,1.195718613,2
6000,737.8,1.195743596,2
6000,737.85,1.195768578,2
6000,737.9,1.195793559,2
6000,737.95,1.195818539,2
6000,738,1.195843518,2
6000,738.05,1.195868496,2
6000,738.1,1.195893473,2
6000,738.15,1.195918449,2
6000,738.2,1.195943424,2
6000,738.25,1.195968398,2
6000,738.3,1.195993372,2
6000,738.35,1.196018344,2
6000,738.4,1.196043315,2
6000,738.45,1.196068286,2
6000,738.5,1.196093255,2
6000,738.55,1.196118224,2
6000,738.6,1.196143191,2
6000,738.65,1.196168158,2
6000,738.7,1.196193124,2
6000,738.75,1.196218089,2
6000,738.8,1.196243053,2
6000,738.85,1.196268016,2
6000,738.9,1.196292978,2
6000,738.95,1.196317939,2
6000,739,1.196342899,2
6000,739.05,1.196367859,2
6000,739.1,1.196392817,2
6000,739.15,1.196417775,2
6000,739.2,1.196442731,2
6000,739.25,1.196467687,2
6000,739.3,1.196492642,2
6000,739.35,1.196517596,2
6000,739.4,1.196542549,2
6000,739.45,1.196567501,2
6000,739.5,1.196592452,2
6000,739.55,1.196617402,2
6000,739.6,1.196642352,2
6000,739.65,1.1966673,2
6000,739.7,1.196692248,2
6000,739.75,1.196717195,2
6000,739.8,1.196742141,2
6000,739.85,1.196767086,2
6000,739.9,1.19679203,2
6000,739.95,1.196816973,2
6000,740,1.196841915,2
6000,740.05,1.196866857,2
6000,740.1,1.196891798,2
6000,740.15,1.196916737,2
6000,740.2,1.196941676,2
6000,740.25,1.196966614,2
6000,740.3,1.196991551,2
6000,740.35,1.197016488,2
6000,740.4,1.197041423,2
6000,740.45,1.197066358,2
6000,740.5,1.197091291,2
6000,740.55,1.197116224,2
6000,740.6,1.197141156,2
6000,740.65,1.197166088,2
6000,740.7,1.197191018,2
6000,740.75,1.197215947,2
6000,740.8,1.197240876,2
6000,740.85,1.197265804,2
6000,740.9,1.197290731,2
6000,740.95,1.197315657,2
6000,741,1.197340582,2
6000,741.05,1.197365506,2
6000,741.1,1.19739043,2
6000,741.15,1.197415353,2
6000,741.2,1.197440275,2
6000,741.25,1.197465196,2
6000,741.3,1.197490116,2
6000,741.35,1.197515036,2
6000,741.4,1.197539954,2
6000,741.45,1.197564872,2
6000,741.5,1.197589789,2
6000,741.55,1.197614705,2
6000,741.6,1.197639621,2
6000,741.65,1.197664535,2
6000,741.7,1.197689449,2
6000,741.75,1.197714362,2
6000,741.8,1.197739274,2
6000,741.85,1.197764185,2
6000,741.9,1.197789096,2
6000,741.95,1.197814006,2
6000,742,1.197838915,2
6000,742.05,1.197863823,2
6000,742.1,1.19788873,2
6000,742.15,1.197913637,2
6000,742.2,1.197938542,2
6000,742.25,1.197963447,2
6000,742.3,1.197988352,2
6000,742.35,1.198013255,2
6000,742.4,1.198038158,2
6000,742.45,1.198063059,2
6000,742.5,1.19808796,2
6000,742.55,1.198112861,2
6000,742.6,1.19813776,2
6000,742.65,1.198162659,2
6000,742.7,1.198187557,2
6000,742.75,1.198212454,2
6000,742.8,1.19823735,2
6000,742.85,1.198262246,2
6000,742.9,1.198287141,2
6000,742.95,1.198312035,2
6000,743,1.198336928,2
6000,743.05,1.198361821,2
6000,743.1,1.198386713,2
6000,743.15,1.198411604,2
6000,743.2,1.198436494,2
6000,743.25,1.198461384,2
6000,743.3,1.198486273,2
6000,743.35,1.198511161,2
6000,743.4,1.198536048,2
6000,743.45,1.198560935,2
6000,743.5,1.198585821,2
6000,743.55,1.198610706,2
6000,743.6,1.19863559,2
6000,743.65,1.198660474,2
6000,743.7,1.198685357,2
6000,743.75,1.198710239,2
6000,743.8,1.19873512,2
6000,743.85,1.198760001,2
6000,743.9,1.198784881,2
6000,743.95,1.19880976,2
6000,744,1.198834639,2
6000,744.05,1.198859517,2
6000,744.1,1.198884394,2
6000,744.15,1.19890927,2
6000,744.2,1.198934146,2
6000,744.25,1.198959021,2
6000,744.3,1.198983895,2
6000,744.35,1.199008768,2
6000,744.4,1.199033641,2
6000,744.45,1.199058513,2
6000,744.5,1.199083385,2
6000,744.55,1.199108256,2
6000,744.6,1.199133126,2
6000,744.65,1.199157995,2
6000,744.7,1.199182863,2
6000,744.75,1.199207731,2
6000,744.8,1.199232599,2
6000,744.85,1.199257465,2
6000,744.9,1.199282331,2
6000,744.95,1.199307196,2
6000,745,1.19933206,2
6000,745.05,1.199356924,2
6000,745.1,1.199381787,2
6000,745.15,1.19940665,2
6000,745.2,1.199431511,2
6000,745.25,1.199456372,2
6000,745.3,1.199481233,2
6000,745.35,1.199506092,2
6000,745.4,1.199530951,2
6000,745.45,1.19955581,2
6000,745.5,1.199580668,2
6000,745.55,1.199605525,2
6000,745.6,1.199630381,2
6000,745.65,1.199655237,2
6000,745.7,1.199680092,2
6000,745.75,1.199704946,2
6000,745.8,1.1997298,2
6000,745.85,1.199754653,2
6000,745.9,1.199779505,2
6000,745.95,1.199804357,2
6000,746,1.199829208,2
6000,746.05,1.199854058,2
6000,746.1,1.199878908,2
6000,746.15,1.199903757,2
6000,746.2,1.199928606,2
6000,746.25,1.199953454,2
6000,746.3,1.199978301,2
6000,746.35,1.200003147,2
6000,746.4,1.200027993,2
6000,746.45,1.200052839,2
6000,746.5,1.200077683,2
6000,746.55,1.200102527,2
6000,746.6,1.200127371,2
6000,746.65,1.200152213,2
6000,746.7,1.200177056,2
6000,746.75,1.200201897,2
6000,746.8,1.200226738,2
6000,746.85,1.200251578,2
6000,746.9,1.200276418,2
6000,746.95,1.200301257,2
6000,747,1.200326095,2
6000,747.05,1.200350933,2
6000,747.1,1.20037577,2
6000,747.15,1.200400607,2
6000,747.2,1.200425443,2
6000,747.25,1.200450278,2
6000,747.3,1.200475113,2
6000,747.35,1.200499947,2
6000,747.4,1.200524781,2
6000,747.45,1.200549614,2
6000,747.5,1.200574446,2
6000,747.55,1.200599278,2
6000,747.6,1.200624109,2
6000,747.65,1.20064894,2
6000,747.7,1.20067377,2
6000,747.75,1.200698599,2
6000,747.8,1.200723428,2
6000,747.85,1.200748256,2
6000,747.9,1.200773084,2
6000,747.95,1.200797911,2
6000,748,1.200822737,2
6000,748.05,1.200847563,2
6000,748.1,1.200872388,2
6000,748.15,1.200897213,2
6000,748.2,1.200922037,2
6000,748.25,1.200946861,2
6000,748.3,1.200971684,2
6000,748.35,1.200996506,2
6000,748.4,1.201021328,2
6000,748.45,1.201046149,2
6000,748.5,1.20107097,2
6000,748.55,1.20109579,2
6000,748.6,1.20112061,2
6000,748.65,1.201145429,2
6000,748.7,1.201170247,2
6000,748.75,1.201195065,2
6000,748.8,1.201219883,2
6000,748.85,1.2012447,2
6000,748.9,1.201269516,2
6000,748.95,1.201294332,2
6000,749,1.201319147,2
6000,749.05,1.201343961,2
6000,749.1,1.201368776,2
6000,749.15,1.201393589,2
6000,749.2,1.201418402,2
6000,749.25,1.201443215,2
6000,749.3,1.201468027,2
6000,749.35,1.201492838,2
6000,749.4,1.201517649,2
6000,749.45,1.201542459,2
6000,749.5,1.201567269,2
6000,749.55,1.201592078,2
6000,749.6,1.201616887,2
6000,749.65,1.201641695,2
6000,749.7,1.201666503,2
6000,749.75,1.20169131,2
6000,749.8,1.201716117,2
6000,749.85,1.201740923,2
6000,749.9,1.201765728,2
6000,749.95,1.201790534,2
6000,750,1.201815338,2
6000,750.05,1.201840142,2
6000,750.1,1.201864946,2
6000,750.15,1.201889749,2
6000,750.2,1.201914551,2
6000,750.25,1.201939353,2
6000,750.3,1.201964155,2
6000,750.35,1.201988956,2
6000,750.4,1.202013756,2
6000,750.45,1.202038557,2
6000,750.5,1.202063356,2
6000,750.55,1.202088155,2
6000,750.6,1.202112954,2
6000,750.65,1.202137752,2
6000,750.7,1.202162549,2
6000,750.75,1.202187346,2
6000,750.8,1.202212143,2
6000,750.85,1.202236939,2
6000,750.9,1.202261735,2
6000,750.95,1.20228653,2
6000,751,1.202311324,2
6000,751.05,1.202336119,2
6000,751.1,1.202360912,2
6000,751.15,1.202385705,2
6000,751.2,1.202410498,2
6000,751.25,1.20243529,2
6000,751.3,1.202460082,2
6000,751.35,1.202484874,2
6000,751.4,1.202509664,2
6000,751.45,1.202534455,2
6000,751.5,1.202559245,2
6000,751.55,1.202584034,2
6000,751.6,1.202608823,2
6000,751.65,1.202633612,2
6000,751.7,1.2026584,2
6000,751.75,1.202683187,2
6000,751.8,1.202707974,2
6000,751.85,1.202732761,2
6000,751.9,1.202757547,2
6000,751.95,1.202782333,2
6000,752,1.202807119,2
6000,752.05,1.202831904,2
6000,752.1,1.202856688,2
6000,752.15,1.202881472,2
6000,752.2,1.202906256,2
6000,752.25,1.202931039,2
6000,752.3,1.202955821,2
6000,752.35,1.202980604,2
6000,752.4,1.203005385,2
6000,752.45,1.203030167,2
6000,752.5,1.203054948,2
6000,752.55,1.203079728,2
6000,752.6,1.203104508,2
6000,752.65,1.203129288,2
6000,752.7,1.203154067,2
6000,752.75,1.203178846,2
6000,752.8,1.203203624,2
6000,752.85,1.203228402,2
6000,752.9,1.20325318,2
6000,752.95,1.203277957,2
6000,753,1.203302734,2
6000,753.05,1.20332751,2
6000,753.1,1.203352286,2
6000,753.15,1.203377061,2
6000,753.2,1.203401836,2
6000,753.25,1.203426611,2
6000,753.3,1.203451385,2
6000,753.35,1.203476159,2
6000,753.4,1.203500933,2
6000,753.45,1.203525706,2
6000,753.5,1.203550478,2
6000,753.55,1.20357525,2
6000,753.6,1.203600022,2
6000,753.65,1.203624794,2
6000,753.7,1.203649565,2
6000,753.75,1.203674335,2
6000,753.8,1.203699106,2
6000,753.85,1.203723875,2
6000,753.9,1.203748645,2
6000,753.95,1.203773414,2
6000,754,1.203798183,2
6000,754.05,1.203822951,2
6000,754.1,1.203847719,2
6000,754.15,1.203872486,2
6000,754.2,1.203897253,2
6000,754.25,1.20392202,2
6000,754.3,1.203946787,2
6000,754.35,1.203971553,2
6000,754.4,1.203996318,2
6000,754.45,1.204021084,2
6000,754.5,1.204045848,2
6000,754.55,1.204070613,2
6000,754.6,1.204095377,2
6000,754.65,1.204120141,2
6000,754.7,1.204144904,2
6000,754.75,1.204169667,2
6000,754.8,1.20419443,2
6000,754.85,1.204219192,2
6000,754.9,1.204243954,2
6000,754.95,1.204268716,2
6000,755,1.204293477,2
6000,755.05,1.204318238,2
6000,755.1,1.204342999,2
6000,755.15,1.204367759,2
6000,755.2,1.204392519,2
6000,755.25,1.204417278,2
6000,755.3,1.204442038,2
6000,755.35,1.204466796,2
6000,755.4,1.204491555,2
6000,755.45,1.204516313,2
6000,755.5,1.204541071,2
6000,755.55,1.204565828,2
6000,755.6,1.204590585,2
6000,755.65,1.204615342,2
6000,755.7,1.204640099,2
6000,755.75,1.204664855,2
6000,755.8,1.204689611,2
6000,755.85,1.204714366,2
6000,755.9,1.204739121,2
6000,755.95,1.204763876,2
6000,756,1.20478863,2
6000,756.05,1.204813385,2
6000,756.1,1.204838138,2
6000,756.15,1.204862892,2
6000,756.2,1.204887645,2
6000,756.25,1.204912398,2
6000,756.3,1.20493715,2
6000,756.35,1.204961903,2
6000,756.4,1.204986655,2
6000,756.45,1.205011406,2
6000,756.5,1.205036157,2
6000,756.55,1.205060908,2
6000,756.6,1.205085659,2
6000,756.65,1.20511041,2
6000,756.7,1.20513516,2
6000,756.75,1.205159909,2
6000,756.8,1.205184659,2
6000,756.85,1.205209408,2
6000,756.9,1.205234157,2
6000,756.95,1.205258905,2
6000,757,1.205283654,2
6000,757.05,1.205308402,2
6000,757.1,1.205333149,2
6000,757.15,1.205357897,2
6000,757.2,1.205382644,2
6000,757.25,1.205407391,2
6000,757.3,1.205432137,2
6000,757.35,1.205456883,2
6000,757.4,1.205481629,2
6000,757.45,1.205506375,2
6000,757.5,1.20553112,2
6000,757.55,1.205555865,2
6000,757.6,1.20558061,2
6000,757.65,1.205605355,2
6000,757.7,1.205630099,2
6000,757.75,1.205654843,2
6000,757.8,1.205679587,2
6000,757.85,1.20570433,2
6000,757.9,1.205729073,2
6000,757.95,1.205753816,2
6000,758,1.205778559,2
6000,758.05,1.205803301,2
6000,758.1,1.205828043,2
6000,758.15,1.205852785,2
6000,758.2,1.205877527,2
6000,758.25,1.205902268,2
6000,758.3,1.205927009,2
6000,758.35,1.20595175,2
6000,758.4,1.205976491,2
6000,758.45,1.206001231,2
6000,758.5,1.206025971,2
6000,758.55,1.206050711,2
6000,758.6,1.20607545,2
6000,758.65,1.20610019,2
6000,758.7,1.206124929,2
6000,758.75,1.206149667,2
6000,758.8,1.206174406,2
6000,758.85,1.206199144,2
6000,758.9,1.206223882,2
6000,758.95,1.20624862,2
6000,759,1.206273358,2
6000,759.05,1.206298095,2
6000,759.1,1.206322832,2
6000,759.15,1.206347569,2
6000,759.2,1.206372306,2
6000,759.25,1.206397042,2
6000,759.3,1.206421778,2
6000,759.35,1.206446514,2
6000,759.4,1.20647125,2
6000,759.45,1.206495986,2
6000,759.5,1.206520721,2
6000,759.55,1.206545456,2
6000,759.6,1.206570191,2
6000,759.65,1.206594926,2
6000,759.7,1.20661966,2
6000,759.75,1.206644394,2
6000,759.8,1.206669128,2
6000,759.85,1.206693862,2
6000,759.9,1.206718595,2
6000,759.95,1.206743329,2
6000,760,1.206768062,2
6000,760.05,1.206792795,2
6000,760.1,1.206817527,2
6000,760.15,1.20684226,2
6000,760.2,1.206866992,2
6000,760.25,1.206891724,2
6000,760.3,1.206916456,2
6000,760.35,1.206941188,2
6000,760.4,1.206965919,2
6000,760.45,1.206990651,2
6000,760.5,1.207015382,2
6000,760.55,1.207040113,2
6000,760.6,1.207064843,2
6000,760.65,1.207089574,2
6000,760.7,1.207114304,2
6000,760.75,1.207139034,2
6000,760.8,1.207163764,2
6000,760.85,1.207188494,2
6000,760.9,1.207213223,2
6000,760.95,1.207237953,2
6000,761,1.207262682,2
6000,761.05,1.207287411,2
6000,761.1,1.20731214,2
6000,761.15,1.207336868,2
6000,761.2,1.207361597,2
6000,761.25,1.207386325,2
6000,761.3,1.207411053,2
6000,761.35,1.207435781,2
6000,761.4,1.207460509,2
6000,761.45,1.207485237,2
6000,761.5,1.207509964,2
6000,761.55,1.207534691,2
6000,761.6,1.207559418,2
6000,761.65,1.207584145,2
6000,761.7,1.207608872,2
6000,761.75,1.207633599,2
6000,761.8,1.207658325,2
6000,761.85,1.207683051,2
6000,761.9,1.207707777,2
6000,761.95,1.207732503,2
6000,762,1.207757229,2
6000,762.05,1.207781955,2
6000,762.1,1.20780668,2
6000,762.15,1.207831406,2
6000,762.2,1.207856131,2
6000,762.25,1.207880856,2
6000,762.3,1.207905581,2
6000,762.35,1.207930306,2
6000,762.4,1.20795503,2
6000,762.45,1.207979755,2
6000,762.5,1.208004479,2
6000,762.55,1.208029203,2
6000,762.6,1.208053927,2
6000,762.65,1.208078651,2
6000,762.7,1.208103375,2
6000,762.75,1.208128098,2
6000,762.8,1.208152822,2
6000,762.85,1.208177545,2
6000,762.9,1.208202268,2
6000,762.95,1.208226992,2
6000,763,1.208251715,2
6000,763.05,1.208276437,2
6000,763.1,1.20830116,2
6000,763.15,1.208325883,2
6000,763.2,1.208350605,2
6000,763.25,1.208375327,2
6000,763.3,1.20840005,2
6000,763.35,1.208424772,2
6000,763.4,1.208449494,2
6000,763.45,1.208474216,2
6000,763.5,1.208498937,2
6000,763.55,1.208523659,2
6000,763.6,1.20854838,2
6000,763.65,1.208573102,2
6000,763.7,1.208597823,2
6000,763.75,1.208622544,2
6000,763.8,1.208647265,2
6000,763.85,1.208671986,2
6000,763.9,1.208696707,2
6000,763.95,1.208721428,2
6000,764,1.208746148,2
6000,764.05,1.208770869,2
6000,764.1,1.208795589,2
6000,764.15,1.20882031,2
6000,764.2,1.20884503,2
6000,764.25,1.20886975,2
6000,764.3,1.20889447,2
6000,764.35,1.20891919,2
6000,764.4,1.20894391,2
6000,764.45,1.20896863,2
6000,764.5,1.208993349,2
6000,764.55,1.209018069,2
6000,764.6,1.209042788,2
6000,764.65,1.209067508,2
6000,764.7,1.209092227,2
6000,764.75,1.209116946,2
6000,764.8,1.209141666,2
6000,764.85,1.209166385,2
6000,764.9,1.209191104,2
6000,764.95,1.209215822,2
6000,765,1.209240541,2
6000,765.05,1.20926526,2
6000,765.1,1.209289979,2
6000,765.15,1.209314697,2
6000,765.2,1.209339416,2
6000,765.25,1.209364134,2
6000,765.3,1.209388853,2
6000,765.35,1.209413571,2
6000,765.4,1.209438289,2
6000,765.45,1.209463007,2
6000,765.5,1.209487726,2
6000,765.55,1.209512444,2
6000,765.6,1.209537162,2
6000,765.65,1.20956188,2
6000,765.7,1.209586597,2
6000,765.75,1.209611315,2
6000,765.8,1.209636033,2
6000,765.85,1.209660751,2
6000,765.9,1.209685468,2
6000,765.95,1.209710186,2
6000,766,1.209734903,2
6000,766.05,1.209759621,2
6000,766.1,1.209784338,2
6000,766.15,1.209809056,2
6000,766.2,1.209833773,2
6000,766.25,1.20985849,2
6000,766.3,1.209883208,2
6000,766.35,1.209907925,2
6000,766.4,1.209932642,2
6000,766.45,1.209957359,2
6000,766.5,1.209982076,2
6000,766.55,1.210006793,2
6000,766.6,1.21003151,2
6000,766.65,1.210056227,2
6000,766.7,1.210080944,2
6000,766.75,1.210105661,2
6000,766.8,1.210130378,2
6000,766.85,1.210155095,2
6000,766.9,1.210179811,2
6000,766.95,1.210204528,2
6000,767,1.210229245,2
6000,767.05,1.210253962,2
6000,767.1,1.210278678,2
6000,767.15,1.210303395,2
6000,767.2,1.210328112,2
6000,767.25,1.210352828,2
6000,767.3,1.210377545,2
6000,767.35,1.210402261,2
6000,767.4,1.210426978,2
6000,767.45,1.210451694,2
6000,767.5,1.210476411,2
6000,767.55,1.210501127,2
6000,767.6,1.210525844,2
6000,767.65,1.21055056,2
6000,767.7,1.210575277,2
6000,767.75,1.210599993,2
6000,767.8,1.21062471,2
6000,767.85,1.210649426,2
6000,767.9,1.210674143,2
6000,767.95,1.210698859,2
6000,768,1.210723575,2
6000,768.05,1.210748292,2
6000,768.1,1.210773008,2
6000,768.15,1.210797725,2
6000,768.2,1.210822441,2
6000,768.25,1.210847158,2
6000,768.3,1.210871874,2
6000,768.35,1.21089659,2
6000,768.4,1.210921307,2
6000,768.45,1.210946023,2
6000,768.5,1.21097074,2
6000,768.55,1.210995456,2
6000,768.6,1.211020173,2
6000,768.65,1.211044889,2
6000,768.7,1.211069606,2
6000,768.75,1.211094322,2
6000,768.8,1.211119039,2
6000,768.85,1.211143755,2
6000,768.9,1.211168472,2
6000,768.95,1.211193188,2
6000,769,1.211217905,2
6000,769.05,1.211242622,2
6000,769.1,1.211267338,2
6000,769.15,1.211292055,2
6000,769.2,1.211316772,2
6000,769.25,1.211341488,2
6000,769.3,1.211366205,2
6000,769.35,1.211390922,2
6000,769.4,1.211415639,2
6000,769.45,1.211440355,2
6000,769.5,1.211465072,2
6000,769.55,1.211489789,2
6000,769.6,1.211514506,2
6000,769.65,1.211539223,2
6000,769.7,1.21156394,2
6000,769.75,1.211588657,2
6000,769.8,1.211613374,2
6000,769.85,1.211638091,2
6000,769.9,1.211662808,2
6000,769.95,1.211687526,2
6000,770,1.211712243,2
6000,770.05,1.21173696,2
6000,770.1,1.211761677,2
6000,770.15,1.211786395,2
6000,770.2,1.211811112,2
6000,770.25,1.21183583,2
6000,770.3,1.211860547,2
6000,770.35,1.211885265,2
6000,770.4,1.211909982,2
6000,770.45,1.2119347,2
6000,770.5,1.211959418,2
6000,770.55,1.211984136,2
6000,770.6,1.212008854,2
6000,770.65,1.212033571,2
6000,770.7,1.212058289,2
6000,770.75,1.212083007,2
6000,770.8,1.212107726,2
6000,770.85,1.212132444,2
6000,770.9,1.212157162,2
6000,770.95,1.21218188,2
6000,771,1.212206599,2
6000,771.05,1.212231317,2
6000,771.1,1.212256035,2
6000,771.15,1.212280754,2
6000,771.2,1.212305473,2
6000,771.25,1.212330191,2
6000,771.3,1.21235491,2
6000,771.35,1.212379629,2
6000,771.4,1.212404348,2
6000,771.45,1.212429067,2
6000,771.5,1.212453786,2
6000,771.55,1.212478505,2
6000,771.6,1.212503224,2
6000,771.65,1.212527944,2
6000,771.7,1.212552663,2
6000,771.75,1.212577383,2
6000,771.8,1.212602102,2
6000,771.85,1.212626822,2
6000,771.9,1.212651541,2
6000,771.95,1.212676261,2
6000,772,1.212700981,2
6000,772.05,1.212725701,2
6000,772.1,1.212750421,2
6000,772.15,1.212775141,2
6000,772.2,1.212799862,2
6000,772.25,1.212824582,2
6000,772.3,1.212849303,2
6000,772.35,1.212874023,2
6000,772.4,1.212898744,2
6000,772.45,1.212923465,2
6000,772.5,1.212948185,2
6000,772.55,1.212972906,2
6000,772.6,1.212997627,2
6000,772.65,1.213022349,2
6000,772.7,1.21304707,2
6000,772.75,1.213071791,2
6000,772.8,1.213096513,2
6000,772.85,1.213121234,2
6000,772.9,1.213145956,2
6000,772.95,1.213170678,2
6000,773,1.2131954,2
6000,773.05,1.213220122,2
6000,773.1,1.213244844,2
6000,773.15,1.213269566,2
6000,773.2,1.213294289,2
6000,773.25,1.213319011,2
6000,773.3,1.213343734,2
6000,773.35,1.213368457,2
6000,773.4,1.213393179,2
6000,773.45,1.213417902,2
6000,773.5,1.213442625,2
6000,773.55,1.213467349,2
6000,773.6,1.213492072,2
6000,773.65,1.213516795,2
6000,773.7,1.213541519,2
6000,773.75,1.213566243,2
6000,773.8,1.213590967,2
6000,773.85,1.213615691,2
6000,773.9,1.213640415,2
6000,773.95,1.213665139,2
6000,774,1.213689863,2
6000,774.05,1.213714588,2
6000,774.1,1.213739313,2
6000,774.15,1.213764037,2
6000,774.2,1.213788762,2
6000,774.25,1.213813487,2
6000,774.3,1.213838213,2
6000,774.35,1.213862938,2
6000,774.4,1.213887663,2
6000,774.45,1.213912389,2
6000,774.5,1.213937115,2
6000,774.55,1.213961841,2
6000,774.6,1.213986567,2
6000,774.65,1.214011293,2
6000,774.7,1.214036019,2
6000,774.75,1.214060746,2
6000,774.8,1.214085472,2
6000,774.85,1.214110199,2
6000,774.9,1.214134926,2
6000,774.95,1.214159653,2
6000,775,1.214184381,2
6000,775.05,1.214209108,2
6000,775.1,1.214233836,2
6000,775.15,1.214258563,2
6000,775.2,1.214283291,2
6000,775.25,1.214308019,2
6000,775.3,1.214332747,2
6000,775.35,1.214357476,2
6000,775.4,1.214382204,2
6000,775.45,1.214406933,2
6000,775.5,1.214431662,2
6000,775.55,1.214456391,2
6000,775.6,1.21448112,2
6000,775.65,1.214505849,2
6000,775.7,1.214530579,2
6000,775.75,1.214555309,2
6000,775.8,1.214580039,2
6000,775.85,1.214604769,2
6000,775.9,1.214629499,2
6000,775.95,1.214654229,2
6000,776,1.21467896,2
6000,776.05,1.214703691,2
6000,776.1,1.214728422,2
6000,776.15,1.214753153,2
6000,776.2,1.214777884,2
6000,776.25,1.214802615,2
6000,776.3,1.214827347,2
6000,776.35,1.214852079,2
6000,776.4,1.214876811,2
6000,776.45,1.214901543,2
6000,776.5,1.214926275,2
6000,776.55,1.214951008,2
6000,776.6,1.214975741,2
6000,776.65,1.215000474,2
6000,776.7,1.215025207,2
6000,776.75,1.21504994,2
6000,776.8,1.215074674,2
6000,776.85,1.215099407,2
6000,776.9,1.215124141,2
6000,776.95,1.215148875,2
6000,777,1.21517361,2
6000,777.05,1.215198344,2
6000,777.1,1.215223079,2
6000,777.15,1.215247814,2
6000,777.2,1.215272549,2
6000,777.25,1.215297284,2
6000,777.3,1.21532202,2
6000,777.35,1.215346755,2
6000,777.4,1.215371491,2
6000,777.45,1.215396227,2
6000,777.5,1.215420964,2
6000,777.55,1.2154457,2
6000,777.6,1.215470437,2
6000,777.65,1.215495174,2
6000,777.7,1.215519911,2
6000,777.75,1.215544648,2
6000,777.8,1.215569386,2
6000,777.85,1.215594124,2
6000,777.9,1.215618862,2
6000,777.95,1.2156436,2
6000,778,1.215668339,2
6000,778.05,1.215693077,2
6000,778.1,1.215717816,2
6000,778.15,1.215742555,2
6000,778.2,1.215767294,2
6000,778.25,1.215792034,2
6000,778.3,1.215816774,2
6000,778.35,1.215841514,2
6000,778.4,1.215866254,2
6000,778.45,1.215890994,2
6000,778.5,1.215915735,2
6000,778.55,1.215940476,2
6000,778.6,1.215965217,2
6000,778.65,1.215989958,2
6000,778.7,1.2160147,2
6000,778.75,1.216039442,2
6000,778.8,1.216064184,2
6000,778.85,1.216088926,2
6000,778.9,1.216113669,2
6000,778.95,1.216138411,2
6000,779,1.216163154,2
6000,779.05,1.216187897,2
6000,779.1,1.216212641,2
6000,779.15,1.216237385,2
6000,779.2,1.216262129,2
6000,779.25,1.216286873,2
6000,779.3,1.216311617,2
6000,779.35,1.216336362,2
6000,779.4,1.216361107,2
6000,779.45,1.216385852,2
6000,779.5,1.216410597,2
6000,779.55,1.216435343,2
6000,779.6,1.216460089,2
6000,779.65,1.216484835,2
6000,779.7,1.216509581,2
6000,779.75,1.216534328,2
6000,779.8,1.216559075,2
6000,779.85,1.216583822,2
6000,779.9,1.216608569,2
6000,779.95,1.216633317,2
6000,780,1.216658065,2
6000,780.05,1.216682813,2
6000,780.1,1.216707561,2
6000,780.15,1.21673231,2
6000,780.2,1.216757059,2
6000,780.25,1.216781808,2
6000,780.3,1.216806558,2
6000,780.35,1.216831308,2
6000,780.4,1.216856058,2
6000,780.45,1.216880808,2
6000,780.5,1.216905558,2
6000,780.55,1.216930309,2
6000,780.6,1.21695506,2
6000,780.65,1.216979811,2
6000,780.7,1.217004563,2
6000,780.75,1.217029315,2
6000,780.8,1.217054067,2
6000,780.85,1.217078819,2
6000,780.9,1.217103572,2
6000,780.95,1.217128325,2
6000,781,1.217153078,2
6000,781.05,1.217177832,2
6000,781.1,1.217202586,2
6000,781.15,1.21722734,2
6000,781.2,1.217252094,2
6000,781.25,1.217276849,2
6000,781.3,1.217301604,2
6000,781.35,1.217326359,2
6000,781.4,1.217351114,2
6000,781.45,1.21737587,2
6000,781.5,1.217400626,2
6000,781.55,1.217425382,2
6000,781.6,1.217450139,2
6000,781.65,1.217474896,2
6000,781.7,1.217499653,2
6000,781.75,1.217524411,2
6000,781.8,1.217549168,2
6000,781.85,1.217573926,2
6000,781.9,1.217598685,2
6000,781.95,1.217623443,2
6000,782,1.217648202,2
6000,782.05,1.217672962,2
6000,782.1,1.217697721,2
6000,782.15,1.217722481,2
6000,782.2,1.217747241,2
6000,782.25,1.217772001,2
6000,782.3,1.217796762,2
6000,782.35,1.217821523,2
6000,782.4,1.217846284,2
6000,782.45,1.217871046,2
6000,782.5,1.217895808,2
6000,782.55,1.21792057,2
6000,782.6,1.217945333,2
6000,782.65,1.217970096,2
6000,782.7,1.217994859,2
6000,782.75,1.218019622,2
6000,782.8,1.218044386,2
6000,782.85,1.21806915,2
6000,782.9,1.218093915,2
6000,782.95,1.218118679,2
6000,783,1.218143444,2
6000,783.05,1.21816821,2
6000,783.1,1.218192975,2
6000,783.15,1.218217741,2
6000,783.2,1.218242507,2
6000,783.25,1.218267274,2
6000,783.3,1.218292041,2
6000,783.35,1.218316808,2
6000,783.4,1.218341576,2
6000,783.45,1.218366344,2
6000,783.5,1.218391112,2
6000,783.55,1.21841588,2
6000,783.6,1.218440649,2
6000,783.65,1.218465418,2
6000,783.7,1.218490188,2
6000,783.75,1.218514958,2
6000,783.8,1.218539728,2
6000,783.85,1.218564498,2
6000,783.9,1.218589269,2
6000,783.95,1.21861404,2
6000,784,1.218638812,2
6000,784.05,1.218663583,2
6000,784.1,1.218688356,2
6000,784.15,1.218713128,2
6000,784.2,1.218737901,2
6000,784.25,1.218762674,2
6000,784.3,1.218787447,2
6000,784.35,1.218812221,2
6000,784.4,1.218836995,2
6000,784.45,1.21886177,2
6000,784.5,1.218886545,2
6000,784.55,1.21891132,2
6000,784.6,1.218936095,2
6000,784.65,1.218960871,2
6000,784.7,1.218985647,2
6000,784.75,1.219010424,2
6000,784.8,1.219035201,2
6000,784.85,1.219059978,2
6000,784.9,1.219084756,2
6000,784.95,1.219109534,2
6000,785,1.219134312,2
6000,785.05,1.219159091,2
6000,785.1,1.219183869,2
6000,785.15,1.219208649,2
6000,785.2,1.219233428,2
6000,785.25,1.219258209,2
6000,785.3,1.219282989,2
6000,785.35,1.21930777,2
6000,785.4,1.219332551,2
6000,785.45,1.219357332,2
6000,785.5,1.219382114,2
6000,785.55,1.219406896,2
6000,785.6,1.219431679,2
6000,785.65,1.219456462,2
6000,785.7,1.219481245,2
6000,785.75,1.219506028,2
6000,785.8,1.219530812,2
6000,785.85,1.219555597,2
6000,785.9,1.219580382,2
6000,785.95,1.219605167,2
6000,786,1.219629952,2
6000,786.05,1.219654738,2
6000,786.1,1.219679524,2
6000,786.15,1.219704311,2
6000,786.2,1.219729097,2
6000,786.25,1.219753885,2
6000,786.3,1.219778672,2
6000,786.35,1.21980346,2
6000,786.4,1.219828249,2
6000,786.45,1.219853038,2
6000,786.5,1.219877827,2
6000,786.55,1.219902616,2
6000,786.6,1.219927406,2
6000,786.65,1.219952196,2
6000,786.7,1.219976987,2
6000,786.75,1.220001778,2
6000,786.8,1.22002657,2
6000,786.85,1.220051361,2
6000,786.9,1.220076154,2
6000,786.95,1.220100946,2
6000,787,1.220125739,2
6000,787.05,1.220150532,2
6000,787.1,1.220175326,2
6000,787.15,1.22020012,2
6000,787.2,1.220224915,2
6000,787.25,1.22024971,2
6000,787.3,1.220274505,2
6000,787.35,1.220299301,2
6000,787.4,1.220324097,2
6000,787.45,1.220348893,2
6000,787.5,1.22037369,2
6000,787.55,1.220398487,2
6000,787.6,1.220423285,2
6000,787.65,1.220448083,2
6000,787.7,1.220472881,2
6000,787.75,1.22049768,2
6000,787.8,1.220522479,2
6000,787.85,1.220547279,2
6000,787.9,1.220572079,2
6000,787.95,1.220596879,2
6000,788,1.22062168,2
6000,788.05,1.220646481,2
6000,788.1,1.220671283,2
6000,788.15,1.220696085,2
6000,788.2,1.220720887,2
6000,788.25,1.22074569,2
6000,788.3,1.220770493,2
6000,788.35,1.220795297,2
6000,788.4,1.220820101,2
6000,788.45,1.220844906,2
6000,788.5,1.22086971,2
6000,788.55,1.220894516,2
6000,788.6,1.220919321,2
6000,788.65,1.220944128,2
6000,788.7,1.220968934,2
6000,788.75,1.220993741,2
6000,788.8,1.221018548,2
6000,788.85,1.221043356,2
6000,788.9,1.221068164,2
6000,788.95,1.221092973,2
6000,789,1.221117782,2
6000,789.05,1.221142591,2
6000,789.1,1.221167401,2
6000,789.15,1.221192211,2
6000,789.2,1.221217022,2
6000,789.25,1.221241833,2
6000,789.3,1.221266645,2
6000,789.35,1.221291457,2
6000,789.4,1.221316269,2
6000,789.45,1.221341082,2
6000,789.5,1.221365895,2
6000,789.55,1.221390709,2
6000,789.6,1.221415523,2
6000,789.65,1.221440337,2
6000,789.7,1.221465152,2
6000,789.75,1.221489968,2
6000,789.8,1.221514783,2
6000,789.85,1.2215396,2
6000,789.9,1.221564416,2
6000,789.95,1.221589233,2
6000,790,1.221614051,2
6000,790.05,1.221638869,2
6000,790.1,1.221663687,2
6000,790.15,1.221688506,2
6000,790.2,1.221713325,2
6000,790.25,1.221738145,2
6000,790.3,1.221762965,2
6000,790.35,1.221787786,2
6000,790.4,1.221812607,2
6000,790.45,1.221837428,2
6000,790.5,1.22186225,2
6000,790.55,1.221887073,2
6000,790.6,1.221911895,2
6000,790.65,1.221936719,2
6000,790.7,1.221961542,2
6000,790.75,1.221986366,2
6000,790.8,1.222011191,2
6000,790.85,1.222036016,2
6000,790.9,1.222060842,2
6000,790.95,1.222085667,2
6000,791,1.222110494,2
6000,791.05,1.222135321,2
6000,791.1,1.222160148,2
6000,791.15,1.222184976,2
6000,791.2,1.222209804,2
6000,791.25,1.222234633,2
6000,791.3,1.222259462,2
6000,791.35,1.222284291,2
6000,791.4,1.222309121,2
6000,791.45,1.222333952,2
6000,791.5,1.222358783,2
6000,791.55,1.222383614,2
6000,791.6,1.222408446,2
6000,791.65,1.222433278,2
6000,791.7,1.222458111,2
6000,791.75,1.222482944,2
6000,791.8,1.222507778,2
6000,791.85,1.222532612,2
6000,791.9,1.222557447,2
6000,791.95,1.222582282,2
6000,792,1.222607117,2
6000,792.05,1.222631953,2
6000,792.1,1.22265679,2
6000,792.15,1.222681627,2
6000,792.2,1.222706464,2
6000,792.25,1.222731302,2
6000,792.3,1.22275614,2
6000,792.35,1.222780979,2
6000,792.4,1.222805818,2
6000,792.45,1.222830658,2
6000,792.5,1.222855498,2
6000,792.55,1.222880339,2
6000,792.6,1.22290518,2
6000,792.65,1.222930022,2
6000,792.7,1.222954864,2
6000,792.75,1.222979707,2
6000,792.8,1.22300455,2
6000,792.85,1.223029394,2
6000,792.9,1.223054238,2
6000,792.95,1.223079082,2
6000,793,1.223103927,2
6000,793.05,1.223128773,2
6000,793.1,1.223153619,2
6000,793.15,1.223178465,2
6000,793.2,1.223203312,2
6000,793.25,1.22322816,2
6000,793.3,1.223253008,2
6000,793.35,1.223277856,2
6000,793.4,1.223302705,2
6000,793.45,1.223327554,2
6000,793.5,1.223352404,2
6000,793.55,1.223377255,2
6000,793.6,1.223402105,2
6000,793.65,1.223426957,2
6000,793.7,1.223451809,2
6000,793.75,1.223476661,2
6000,793.8,1.223501514,2
6000,793.85,1.223526367,2
6000,793.9,1.223551221,2
6000,793.95,1.223576075,2
6000,794,1.22360093,2
6000,794.05,1.223625785,2
6000,794.1,1.223650641,2
6000,794.15,1.223675498,2
6000,794.2,1.223700354,2
6000,794.25,1.223725212,2
6000,794.3,1.22375007,2
6000,794.35,1.223774928,2
6000,794.4,1.223799787,2
6000,794.45,1.223824646,2
6000,794.5,1.223849506,2
6000,794.55,1.223874366,2
6000,794.6,1.223899227,2
6000,794.65,1.223924088,2
6000,794.7,1.22394895,2
6000,794.75,1.223973813,2
6000,794.8,1.223998676,2
6000,794.85,1.224023539,2
6000,794.9,1.224048403,2
6000,794.95,1.224073267,2
6000,795,1.224098132,2
6000,795.05,1.224122998,2
6000,795.1,1.224147864,2
6000,795.15,1.22417273,2
6000,795.2,1.224197597,2
6000,795.25,1.224222464,2
6000,795.3,1.224247332,2
6000,795.35,1.224272201,2
6000,795.4,1.22429707,2
6000,795.45,1.22432194,2
6000,795.5,1.22434681,2
6000,795.55,1.22437168,2
6000,795.6,1.224396551,2
6000,795.65,1.224421423,2
6000,795.7,1.224446295,2
6000,795.75,1.224471168,2
6000,795.8,1.224496041,2
6000,795.85,1.224520915,2
6000,795.9,1.224545789,2
6000,795.95,1.224570664,2
6000,796,1.224595539,2
6000,796.05,1.224620415,2
6000,796.1,1.224645291,2
6000,796.15,1.224670168,2
6000,796.2,1.224695046,2
6000,796.25,1.224719924,2
6000,796.3,1.224744802,2
6000,796.35,1.224769681,2
6000,796.4,1.224794561,2
6000,796.45,1.224819441,2
6000,796.5,1.224844321,2
6000,796.55,1.224869203,2
6000,796.6,1.224894084,2
6000,796.65,1.224918966,2
6000,796.7,1.224943849,2
6000,796.75,1.224968733,2
6000,796.8,1.224993616,2
6000,796.85,1.225018501,2
6000,796.9,1.225043386,2
6000,796.95,1.225068271,2
6000,797,1.225093157,2
6000,797.05,1.225118044,2
6000,797.1,1.225142931,2
6000,797.15,1.225167818,2
6000,797.2,1.225192707,2
6000,797.25,1.225217595,2
6000,797.3,1.225242484,2
6000,797.35,1.225267374,2
6000,797.4,1.225292265,2
6000,797.45,1.225317156,2
6000,797.5,1.225342047,2
6000,797.55,1.225366939,2
6000,797.6,1.225391832,2
6000,797.65,1.225416725,2
6000,797.7,1.225441618,2
6000,797.75,1.225466512,2
6000,797.8,1.225491407,2
6000,797.85,1.225516303,2
6000,797.9,1.225541198,2
6000,797.95,1.225566095,2
6000,798,1.225590992,2
6000,798.05,1.225615889,2
6000,798.1,1.225640787,2
6000,798.15,1.225665686,2
6000,798.2,1.225690585,2
6000,798.25,1.225715485,2
6000,798.3,1.225740385,2
6000,798.35,1.225765286,2
6000,798.4,1.225790188,2
6000,798.45,1.22581509,2
6000,798.5,1.225839992,2
6000,798.55,1.225864895,2
6000,798.6,1.225889799,2
6000,798.65,1.225914703,2
6000,798.7,1.225939608,2
6000,798.75,1.225964513,2
6000,798.8,1.225989419,2
6000,798.85,1.226014326,2
6000,798.9,1.226039233,2
6000,798.95,1.226064141,2
6000,799,1.226089049,2
6000,799.05,1.226113958,2
6000,799.1,1.226138867,2
6000,799.15,1.226163777,2
6000,799.2,1.226188687,2
6000,799.25,1.226213599,2
6000,799.3,1.22623851,2
6000,799.35,1.226263422,2
6000,799.4,1.226288335,2
6000,799.45,1.226313249,2
6000,799.5,1.226338163,2
6000,799.55,1.226363077,2
6000,799.6,1.226387992,2
6000,799.65,1.226412908,2
6000,799.7,1.226437824,2
6000,799.75,1.226462741,2
6000,799.8,1.226487658,2
6000,799.85,1.226512576,2
6000,799.9,1.226537495,2
6000,799.95,1.226562414,2
6000,800,1.226587334,2
6000,800.05,1.226612254,2
6000,800.1,1.226637175,2
6000,800.15,1.226662097,2
6000,800.2,1.226687019,2
6000,800.25,1.226711942,2
6000,800.3,1.226736865,2
6000,800.35,1.226761789,2
6000,800.4,1.226786713,2
6000,800.45,1.226811638,2
6000,800.5,1.226836564,2
6000,800.55,1.22686149,2
6000,800.6,1.226886417,2
6000,800.65,1.226911344,2
6000,800.7,1.226936272,2
6000,800.75,1.226961201,2
6000,800.8,1.22698613,2
6000,800.85,1.22701106,2
6000,800.9,1.22703599,2
6000,800.95,1.227060921,2
6000,801,1.227085853,2
6000,801.05,1.227110785,2
6000,801.1,1.227135718,2
6000,801.15,1.227160651,2
6000,801.2,1.227185585,2
6000,801.25,1.227210519,2
6000,801.3,1.227235455,2
6000,801.35,1.22726039,2
6000,801.4,1.227285327,2
6000,801.45,1.227310264,2
6000,801.5,1.227335201,2
6000,801.55,1.227360139,2
6000,801.6,1.227385078,2
6000,801.65,1.227410017,2
6000,801.7,1.227434957,2
6000,801.75,1.227459898,2
6000,801.8,1.227484839,2
6000,801.85,1.227509781,2
6000,801.9,1.227534723,2
6000,801.95,1.227559667,2
6000,802,1.22758461,2
6000,802.05,1.227609554,2
6000,802.1,1.227634499,2
6000,802.15,1.227659445,2
6000,802.2,1.227684391,2
6000,802.25,1.227709337,2
6000,802.3,1.227734285,2
6000,802.35,1.227759233,2
6000,802.4,1.227784181,2
6000,802.45,1.22780913,2
6000,802.5,1.22783408,2
6000,802.55,1.227859031,2
6000,802.6,1.227883982,2
6000,802.65,1.227908933,2
6000,802.7,1.227933885,2
6000,802.75,1.227958838,2
6000,802.8,1.227983792,2
6000,802.85,1.228008746,2
6000,802.9,1.228033701,2
6000,802.95,1.228058656,2
6000,803,1.228083612,2
6000,803.05,1.228108569,2
6000,803.1,1.228133526,2
6000,803.15,1.228158484,2
6000,803.2,1.228183442,2
6000,803.25,1.228208401,2
6000,803.3,1.228233361,2
6000,803.35,1.228258321,2
6000,803.4,1.228283282,2
6000,803.45,1.228308244,2
6000,803.5,1.228333206,2
6000,803.55,1.228358169,2
6000,803.6,1.228383132,2
6000,803.65,1.228408096,2
6000,803.7,1.228433061,2
6000,803.75,1.228458027,2
6000,803.8,1.228482993,2
6000,803.85,1.228507959,2
6000,803.9,1.228532927,2
6000,803.95,1.228557895,2
6000,804,1.228582863,2
6000,804.05,1.228607832,2
6000,804.1,1.228632802,2
6000,804.15,1.228657773,2
6000,804.2,1.228682744,2
6000,804.25,1.228707715,2
6000,804.3,1.228732688,2
6000,804.35,1.228757661,2
6000,804.4,1.228782635,2
6000,804.45,1.228807609,2
6000,804.5,1.228832584,2
6000,804.55,1.228857559,2
6000,804.6,1.228882536,2
6000,804.65,1.228907513,2
6000,804.7,1.22893249,2
6000,804.75,1.228957468,2
6000,804.8,1.228982447,2
6000,804.85,1.229007427,2
6000,804.9,1.229032407,2
6000,804.95,1.229057387,2
6000,805,1.229082369,2
6000,805.05,1.229107351,2
6000,805.1,1.229132334,2
6000,805.15,1.229157317,2
6000,805.2,1.229182301,2
6000,805.25,1.229207286,2
6000,805.3,1.229232271,2
6000,805.35,1.229257257,2
6000,805.4,1.229282244,2
6000,805.45,1.229307231,2
6000,805.5,1.229332219,2
6000,805.55,1.229357207,2
6000,805.6,1.229382197,2
6000,805.65,1.229407187,2
6000,805.7,1.229432177,2
6000,805.75,1.229457168,2
6000,805.8,1.22948216,2
6000,805.85,1.229507153,2
6000,805.9,1.229532146,2
6000,805.95,1.22955714,2
6000,806,1.229582134,2
6000,806.05,1.229607129,2
6000,806.1,1.229632125,2
6000,806.15,1.229657122,2
6000,806.2,1.229682119,2
6000,806.25,1.229707117,2
6000,806.3,1.229732115,2
6000,806.35,1.229757114,2
6000,806.4,1.229782114,2
6000,806.45,1.229807115,2
6000,806.5,1.229832116,2
6000,806.55,1.229857118,2
6000,806.6,1.22988212,2
6000,806.65,1.229907123,2
6000,806.7,1.229932127,2
6000,806.75,1.229957132,2
6000,806.8,1.229982137,2
6000,806.85,1.230007143,2
6000,806.9,1.230032149,2
6000,806.95,1.230057156,2
6000,807,1.230082164,2
6000,807.05,1.230107173,2
6000,807.1,1.230132182,2
6000,807.15,1.230157192,2
6000,807.2,1.230182202,2
6000,807.25,1.230207214,2
6000,807.3,1.230232225,2
6000,807.35,1.230257238,2
6000,807.4,1.230282251,2
6000,807.45,1.230307265,2
6000,807.5,1.23033228,2
6000,807.55,1.230357295,2
6000,807.6,1.230382311,2
6000,807.65,1.230407328,2
6000,807.7,1.230432345,2
6000,807.75,1.230457363,2
6000,807.8,1.230482382,2
6000,807.85,1.230507401,2
6000,807.9,1.230532421,2
6000,807.95,1.230557442,2
6000,808,1.230582464,2
6000,808.05,1.230607486,2
6000,808.1,1.230632508,2
6000,808.15,1.230657532,2
6000,808.2,1.230682556,2
6000,808.25,1.230707581,2
6000,808.3,1.230732607,2
6000,808.35,1.230757633,2
6000,808.4,1.23078266,2
6000,808.45,1.230807687,2
6000,808.5,1.230832716,2
6000,808.55,1.230857745,2
6000,808.6,1.230882774,2
6000,808.65,1.230907805,2
6000,808.7,1.230932836,2
6000,808.75,1.230957868,2
6000,808.8,1.2309829,2
6000,808.85,1.231007933,2
6000,808.9,1.231032967,2
6000,808.95,1.231058002,2
6000,809,1.231083037,2
6000,809.05,1.231108073,2
6000,809.1,1.23113311,2
6000,809.15,1.231158147,2
6000,809.2,1.231183185,2
6000,809.25,1.231208224,2
6000,809.3,1.231233263,2
6000,809.35,1.231258303,2
6000,809.4,1.231283344,2
6000,809.45,1.231308386,2
6000,809.5,1.231333428,2
6000,809.55,1.231358471,2
6000,809.6,1.231383515,2
6000,809.65,1.231408559,2
6000,809.7,1.231433604,2
6000,809.75,1.23145865,2
6000,809.8,1.231483696,2
6000,809.85,1.231508744,2
6000,809.9,1.231533792,2
6000,809.95,1.23155884,2
6000,810,1.23158389,2
6000,810.05,1.23160894,2
6000,810.1,1.23163399,2
6000,810.15,1.231659042,2
6000,810.2,1.231684094,2
6000,810.25,1.231709147,2
6000,810.3,1.2317342,2
6000,810.35,1.231759255,2
6000,810.4,1.23178431,2
6000,810.45,1.231809365,2
6000,810.5,1.231834422,2
6000,810.55,1.231859479,2
6000,810.6,1.231884537,2
6000,810.65,1.231909595,2
6000,810.7,1.231934655,2
6000,810.75,1.231959715,2
6000,810.8,1.231984775,2
6000,810.85,1.232009837,2
6000,810.9,1.232034899,2
6000,810.95,1.232059962,2
6000,811,1.232085025,2
6000,811.05,1.23211009,2
6000,811.1,1.232135155,2
6000,811.15,1.232160221,2
6000,811.2,1.232185287,2
6000,811.25,1.232210354,2
6000,811.3,1.232235422,2
6000,811.35,1.232260491,2
6000,811.4,1.23228556,2
6000,811.45,1.23231063,2
6000,811.5,1.232335701,2
6000,811.55,1.232360773,2
6000,811.6,1.232385845,2
6000,811.65,1.232410918,2
6000,811.7,1.232435992,2
6000,811.75,1.232461066,2
6000,811.8,1.232486141,2
6000,811.85,1.232511217,2
6000,811.9,1.232536294,2
6000,811.95,1.232561371,2
6000,812,1.232586449,2
6000,812.05,1.232611528,2
6000,812.1,1.232636608,2
6000,812.15,1.232661688,2
6000,812.2,1.232686769,2
6000,812.25,1.232711851,2
6000,812.3,1.232736934,2
6000,812.35,1.232762017,2
6000,812.4,1.232787101,2
6000,812.45,1.232812185,2
6000,812.5,1.232837271,2
6000,812.55,1.232862357,2
6000,812.6,1.232887444,2
6000,812.65,1.232912532,2
6000,812.7,1.23293762,2
6000,812.75,1.232962709,2
6000,812.8,1.232987799,2
6000,812.85,1.23301289,2
6000,812.9,1.233037981,2
6000,812.95,1.233063073,2
6000,813,1.233088166,2
6000,813.05,1.23311326,2
6000,813.1,1.233138354,2
6000,813.15,1.233163449,2
6000,813.2,1.233188545,2
6000,813.25,1.233213641,2
6000,813.3,1.233238739,2
6000,813.35,1.233263837,2
6000,813.4,1.233288936,2
6000,813.45,1.233314035,2
6000,813.5,1.233339135,2
6000,813.55,1.233364236,2
6000,813.6,1.233389338,2
6000,813.65,1.233414441,2
6000,813.7,1.233439544,2
6000,813.75,1.233464648,2
6000,813.8,1.233489753,2
6000,813.85,1.233514858,2
6000,813.9,1.233539965,2
6000,813.95,1.233565072,2
6000,814,1.233590179,2
6000,814.05,1.233615288,2
6000,814.1,1.233640397,2
6000,814.15,1.233665507,2
6000,814.2,1.233690618,2
6000,814.25,1.23371573,2
6000,814.3,1.233740842,2
6000,814.35,1.233765955,2
6000,814.4,1.233791069,2
6000,814.45,1.233816183,2
6000,814.5,1.233841299,2
6000,814.55,1.233866415,2
6000,814.6,1.233891532,2
6000,814.65,1.233916649,2
6000,814.7,1.233941768,2
6000,814.75,1.233966887,2
6000,814.8,1.233992007,2
6000,814.85,1.234017128,2
6000,814.9,1.234042249,2
6000,814.95,1.234067371,2
6000,815,1.234092494,2
6000,815.05,1.234117618,2
6000,815.1,1.234142742,2
6000,815.15,1.234167868,2
6000,815.2,1.234192994,2
6000,815.25,1.23421812,2
6000,815.3,1.234243248,2
6000,815.35,1.234268376,2
6000,815.4,1.234293505,2
6000,815.45,1.234318635,2
6000,815.5,1.234343766,2
6000,815.55,1.234368897,2
6000,815.6,1.234394029,2
6000,815.65,1.234419162,2
6000,815.7,1.234444296,2
6000,815.75,1.23446943,2
6000,815.8,1.234494566,2
6000,815.85,1.234519702,2
6000,815.9,1.234544838,2
6000,815.95,1.234569976,2
6000,816,1.234595114,2
6000,816.05,1.234620253,2
6000,816.1,1.234645393,2
6000,816.15,1.234670534,2
6000,816.2,1.234695675,2
6000,816.25,1.234720817,2
6000,816.3,1.23474596,2
6000,816.35,1.234771104,2
6000,816.4,1.234796249,2
6000,816.45,1.234821394,2
6000,816.5,1.23484654,2
6000,816.55,1.234871687,2
6000,816.6,1.234896835,2
6000,816.65,1.234921983,2
6000,816.7,1.234947132,2
6000,816.75,1.234972282,2
6000,816.8,1.234997433,2
6000,816.85,1.235022585,2
6000,816.9,1.235047737,2
6000,816.95,1.23507289,2
6000,817,1.235098044,2
6000,817.05,1.235123199,2
6000,817.1,1.235148354,2
6000,817.15,1.23517351,2
6000,817.2,1.235198667,2
6000,817.25,1.235223825,2
6000,817.3,1.235248984,2
6000,817.35,1.235274143,2
6000,817.4,1.235299303,2
6000,817.45,1.235324464,2
6000,817.5,1.235349626,2
6000,817.55,1.235374789,2
6000,817.6,1.235399952,2
6000,817.65,1.235425116,2
6000,817.7,1.235450281,2
6000,817.75,1.235475447,2
6000,817.8,1.235500613,2
6000,817.85,1.235525781,2
6000,817.9,1.235550949,2
6000,817.95,1.235576118,2
6000,818,1.235601287,2
6000,818.05,1.235626458,2
6000,818.1,1.235651629,2
6000,818.15,1.235676801,2
6000,818.2,1.235701974,2
6000,818.25,1.235727148,2
6000,818.3,1.235752322,2
6000,818.35,1.235777497,2
6000,818.4,1.235802673,2
6000,818.45,1.23582785,2
6000,818.5,1.235853028,2
6000,818.55,1.235878206,2
6000,818.6,1.235903386,2
6000,818.65,1.235928566,2
6000,818.7,1.235953746,2
6000,818.75,1.235978928,2
6000,818.8,1.236004111,2
6000,818.85,1.236029294,2
6000,818.9,1.236054478,2
6000,818.95,1.236079663,2
6000,819,1.236104848,2
6000,819.05,1.236130035,2
6000,819.1,1.236155222,2
6000,819.15,1.23618041,2
6000,819.2,1.236205599,2
6000,819.25,1.236230789,2
6000,819.3,1.236255979,2
6000,819.35,1.236281171,2
6000,819.4,1.236306363,2
6000,819.45,1.236331556,2
6000,819.5,1.236356749,2
6000,819.55,1.236381944,2
6000,819.6,1.236407139,2
6000,819.65,1.236432335,2
6000,819.7,1.236457532,2
6000,819.75,1.23648273,2
6000,819.8,1.236507929,2
6000,819.85,1.236533128,2
6000,819.9,1.236558328,2
6000,819.95,1.236583529,2
6000,820,1.236608731,2
6000,820.05,1.236633934,2
6000,820.1,1.236659137,2
6000,820.15,1.236684342,2
6000,820.2,1.236709547,2
6000,820.25,1.236734753,2
6000,820.3,1.236759959,2
6000,820.35,1.236785167,2
6000,820.4,1.236810375,2
6000,820.45,1.236835585,2
6000,820.5,1.236860795,2
6000,820.55,1.236886005,2
6000,820.6,1.236911217,2
6000,820.65,1.236936429,2
6000,820.7,1.236961643,2
6000,820.75,1.236986857,2
6000,820.8,1.237012072,2
6000,820.85,1.237037288,2
6000,820.9,1.237062504,2
6000,820.95,1.237087721,2
6000,821,1.23711294,2
6000,821.05,1.237138159,2
6000,821.1,1.237163379,2
6000,821.15,1.237188599,2
6000,821.2,1.237213821,2
6000,821.25,1.237239043,2
6000,821.3,1.237264266,2
6000,821.35,1.23728949,2
6000,821.4,1.237314715,2
6000,821.45,1.237339941,2
6000,821.5,1.237365167,2
6000,821.55,1.237390394,2
6000,821.6,1.237415623,2
6000,821.65,1.237440852,2
6000,821.7,1.237466081,2
6000,821.75,1.237491312,2
6000,821.8,1.237516543,2
6000,821.85,1.237541776,2
6000,821.9,1.237567009,2
6000,821.95,1.237592243,2
6000,822,1.237617478,2
6000,822.05,1.237642713,2
6000,822.1,1.23766795,2
6000,822.15,1.237693187,2
6000,822.2,1.237718425,2
6000,822.25,1.237743664,2
6000,822.3,1.237768904,2
6000,822.35,1.237794144,2
6000,822.4,1.237819386,2
6000,822.45,1.237844628,2
6000,822.5,1.237869871,2
6000,822.55,1.237895115,2
6000,822.6,1.23792036,2
6000,822.65,1.237945606,2
6000,822.7,1.237970852,2
6000,822.75,1.237996099,2
6000,822.8,1.238021347,2
6000,822.85,1.238046596,2
6000,822.9,1.238071846,2
6000,822.95,1.238097097,2
6000,823,1.238122349,2
6000,823.05,1.238147601,2
6000,823.1,1.238172854,2
6000,823.15,1.238198108,2
6000,823.2,1.238223363,2
6000,823.25,1.238248619,2
6000,823.3,1.238273875,2
6000,823.35,1.238299133,2
6000,823.4,1.238324391,2
6000,823.45,1.23834965,2
6000,823.5,1.23837491,2
6000,823.55,1.238400171,2
6000,823.6,1.238425433,2
6000,823.65,1.238450695,2
6000,823.7,1.238475958,2
6000,823.75,1.238501223,2
6000,823.8,1.238526488,2
6000,823.85,1.238551754,2
6000,823.9,1.23857702,2
6000,823.95,1.238602288,2
6000,824,1.238627556,2
6000,824.05,1.238652826,2
6000,824.1,1.238678096,2
6000,824.15,1.238703367,2
6000,824.2,1.238728639,2
6000,824.25,1.238753911,2
6000,824.3,1.238779185,2
6000,824.35,1.238804459,2
6000,824.4,1.238829735,2
6000,824.45,1.238855011,2
6000,824.5,1.238880288,2
6000,824.55,1.238905566,2
6000,824.6,1.238930844,2
6000,824.65,1.238956124,2
6000,824.7,1.238981404,2
6000,824.75,1.239006686,2
6000,824.8,1.239031968,2
6000,824.85,1.239057251,2
6000,824.9,1.239082534,2
6000,824.95,1.239107819,2
6000,825,1.239133105,2
6000,825.05,1.239158391,2
6000,825.1,1.239183678,2
6000,825.15,1.239208967,2
6000,825.2,1.239234256,2
6000,825.25,1.239259545,2
6000,825.3,1.239284836,2
6000,825.35,1.239310128,2
6000,825.4,1.23933542,2
6000,825.45,1.239360714,2
6000,825.5,1.239386008,2
6000,825.55,1.239411303,2
6000,825.6,1.239436599,2
6000,825.65,1.239461895,2
6000,825.7,1.239487193,2
6000,825.75,1.239512492,2
6000,825.8,1.239537791,2
6000,825.85,1.239563091,2
6000,825.9,1.239588392,2
6000,825.95,1.239613694,2
6000,826,1.239638997,2
6000,826.05,1.239664301,2
6000,826.1,1.239689606,2
6000,826.15,1.239714911,2
6000,826.2,1.239740217,2
6000,826.25,1.239765524,2
6000,826.3,1.239790833,2
6000,826.35,1.239816141,2
6000,826.4,1.239841451,2
6000,826.45,1.239866762,2
6000,826.5,1.239892074,2
6000,826.55,1.239917386,2
6000,826.6,1.239942699,2
6000,826.65,1.239968013,2
6000,826.7,1.239993329,2
6000,826.75,1.240018644,2
6000,826.8,1.240043961,2
6000,826.85,1.240069279,2
6000,826.9,1.240094597,2
6000,826.95,1.240119917,2
6000,827,1.240145237,2
6000,827.05,1.240170558,2
6000,827.1,1.240195881,2
6000,827.15,1.240221203,2
6000,827.2,1.240246527,2
6000,827.25,1.240271852,2
6000,827.3,1.240297178,2
6000,827.35,1.240322504,2
6000,827.4,1.240347831,2
6000,827.45,1.24037316,2
6000,827.5,1.240398489,2
6000,827.55,1.240423819,2
6000,827.6,1.24044915,2
6000,827.65,1.240474481,2
6000,827.7,1.240499814,2
6000,827.75,1.240525147,2
6000,827.8,1.240550482,2
6000,827.85,1.240575817,2
6000,827.9,1.240601153,2
6000,827.95,1.24062649,2
6000,828,1.240651828,2
6000,828.05,1.240677167,2
6000,828.1,1.240702507,2
6000,828.15,1.240727848,2
6000,828.2,1.240753189,2
6000,828.25,1.240778531,2
6000,828.3,1.240803875,2
6000,828.35,1.240829219,2
6000,828.4,1.240854564,2
6000,828.45,1.24087991,2
6000,828.5,1.240905257,2
6000,828.55,1.240930604,2
6000,828.6,1.240955953,2
6000,828.65,1.240981302,2
6000,828.7,1.241006653,2
6000,828.75,1.241032004,2
6000,828.8,1.241057356,2
6000,828.85,1.241082709,2
6000,828.9,1.241108063,2
6000,828.95,1.241133418,2
6000,829,1.241158774,2
6000,829.05,1.241184131,2
6000,829.1,1.241209488,2
6000,829.15,1.241234847,2
6000,829.2,1.241260206,2
6000,829.25,1.241285566,2
6000,829.3,1.241310927,2
6000,829.35,1.241336289,2
6000,829.4,1.241361652,2
6000,829.45,1.241387016,2
6000,829.5,1.241412381,2
6000,829.55,1.241437746,2
6000,829.6,1.241463113,2
6000,829.65,1.24148848,2
6000,829.7,1.241513849,2
6000,829.75,1.241539218,2
6000,829.8,1.241564588,2
6000,829.85,1.241589959,2
6000,829.9,1.241615331,2
6000,829.95,1.241640704,2
6000,830,1.241666077,2
6000,830.05,1.241691452,2
6000,830.1,1.241716827,2
6000,830.15,1.241742204,2
6000,830.2,1.241767581,2
6000,830.25,1.241792959,2
6000,830.3,1.241818339,2
6000,830.35,1.241843719,2
6000,830.4,1.2418691,2
6000,830.45,1.241894481,2
6000,830.5,1.241919864,2
6000,830.55,1.241945248,2
6000,830.6,1.241970632,2
6000,830.65,1.241996018,2
6000,830.7,1.242021404,2
6000,830.75,1.242046792,2
6000,830.8,1.24207218,2
6000,830.85,1.242097569,2
6000,830.9,1.242122959,2
6000,830.95,1.24214835,2
6000,831,1.242173742,2
6000,831.05,1.242199135,2
6000,831.1,1.242224528,2
6000,831.15,1.242249923,2
6000,831.2,1.242275318,2
6000,831.25,1.242300715,2
6000,831.3,1.242326112,2
6000,831.35,1.24235151,2
6000,831.4,1.242376909,2
6000,831.45,1.242402309,2
6000,831.5,1.24242771,2
6000,831.55,1.242453112,2
6000,831.6,1.242478515,2
6000,831.65,1.242503919,2
6000,831.7,1.242529323,2
6000,831.75,1.242554729,2
6000,831.8,1.242580136,2
6000,831.85,1.242605543,2
6000,831.9,1.242630951,2
6000,831.95,1.24265636,2
6000,832,1.242681771,2
6000,832.05,1.242707182,2
6000,832.1,1.242732594,2
6000,832.15,1.242758007,2
6000,832.2,1.24278342,2
6000,832.25,1.242808835,2
6000,832.3,1.242834251,2
6000,832.35,1.242859667,2
6000,832.4,1.242885085,2
6000,832.45,1.242910503,2
6000,832.5,1.242935923,2
6000,832.55,1.242961343,2
6000,832.6,1.242986764,2
6000,832.65,1.243012186,2
6000,832.7,1.243037609,2
6000,832.75,1.243063033,2
6000,832.8,1.243088458,2
6000,832.85,1.243113884,2
6000,832.9,1.243139311,2
6000,832.95,1.243164738,2
6000,833,1.243190167,2
6000,833.05,1.243215596,2
6000,833.1,1.243241027,2
6000,833.15,1.243266458,2
6000,833.2,1.243291891,2
6000,833.25,1.243317324,2
6000,833.3,1.243342758,2
6000,833.35,1.243368193,2
6000,833.4,1.243393629,2
6000,833.45,1.243419066,2
6000,833.5,1.243444504,2
6000,833.55,1.243469943,2
6000,833.6,1.243495382,2
6000,833.65,1.243520823,2
6000,833.7,1.243546265,2
6000,833.75,1.243571707,2
6000,833.8,1.243597151,2
6000,833.85,1.243622595,2
6000,833.9,1.24364804,2
6000,833.95,1.243673487,2
6000,834,1.243698934,2
6000,834.05,1.243724382,2
6000,834.1,1.243749831,2
6000,834.15,1.243775281,2
6000,834.2,1.243800732,2
6000,834.25,1.243826184,2
6000,834.3,1.243851637,2
6000,834.35,1.24387709,2
6000,834.4,1.243902545,2
6000,834.45,1.243928001,2
6000,834.5,1.243953457,2
6000,834.55,1.243978915,2
6000,834.6,1.244004373,2
6000,834.65,1.244029833,2
6000,834.7,1.244055293,2
6000,834.75,1.244080754,2
6000,834.8,1.244106216,2
6000,834.85,1.24413168,2
6000,834.9,1.244157144,2
6000,834.95,1.244182609,2
6000,835,1.244208075,2
6000,835.05,1.244233541,2
6000,835.1,1.244259009,2
6000,835.15,1.244284478,2
6000,835.2,1.244309948,2
6000,835.25,1.244335419,2
6000,835.3,1.24436089,2
6000,835.35,1.244386363,2
6000,835.4,1.244411836,2
6000,835.45,1.244437311,2
6000,835.5,1.244462786,2
6000,835.55,1.244488262,2
6000,835.6,1.24451374,2
6000,835.65,1.244539218,2
6000,835.7,1.244564697,2
6000,835.75,1.244590177,2
6000,835.8,1.244615658,2
6000,835.85,1.24464114,2
6000,835.9,1.244666623,2
6000,835.95,1.244692107,2
6000,836,1.244717592,2
6000,836.05,1.244743078,2
6000,836.1,1.244768565,2
6000,836.15,1.244794052,2
6000,836.2,1.244819541,2
6000,836.25,1.244845031,2
6000,836.3,1.244870521,2
6000,836.35,1.244896013,2
6000,836.4,1.244921505,2
6000,836.45,1.244946999,2
6000,836.5,1.244972493,2
6000,836.55,1.244997988,2
6000,836.6,1.245023485,2
6000,836.65,1.245048982,2
6000,836.7,1.24507448,2
6000,836.75,1.245099979,2
6000,836.8,1.245125479,2
6000,836.85,1.24515098,2
6000,836.9,1.245176482,2
6000,836.95,1.245201985,2
6000,837,1.245227489,2
6000,837.05,1.245252994,2
6000,837.1,1.2452785,2
6000,837.15,1.245304007,2
6000,837.2,1.245329515,2
6000,837.25,1.245355023,2
6000,837.3,1.245380533,2
6000,837.35,1.245406044,2
6000,837.4,1.245431555,2
6000,837.45,1.245457068,2
6000,837.5,1.245482581,2
6000,837.55,1.245508096,2
6000,837.6,1.245533611,2
6000,837.65,1.245559128,2
6000,837.7,1.245584645,2
6000,837.75,1.245610163,2
6000,837.8,1.245635682,2
6000,837.85,1.245661203,2
6000,837.9,1.245686724,2
6000,837.95,1.245712246,2
6000,838,1.245737769,2
6000,838.05,1.245763293,2
6000,838.1,1.245788818,2
6000,838.15,1.245814344,2
6000,838.2,1.245839871,2
6000,838.25,1.245865399,2
6000,838.3,1.245890928,2
6000,838.35,1.245916458,2
6000,838.4,1.245941989,2
6000,838.45,1.245967521,2
6000,838.5,1.245993054,2
6000,838.55,1.246018587,2
6000,838.6,1.246044122,2
6000,838.65,1.246069658,2
6000,838.7,1.246095194,2
6000,838.75,1.246120732,2
6000,838.8,1.246146271,2
6000,838.85,1.24617181,2
6000,838.9,1.246197351,2
6000,838.95,1.246222892,2
6000,839,1.246248435,2
6000,839.05,1.246273978,2
6000,839.1,1.246299523,2
6000,839.15,1.246325068,2
6000,839.2,1.246350614,2
6000,839.25,1.246376162,2
6000,839.3,1.24640171,2
6000,839.35,1.246427259,2
6000,839.4,1.246452809,2
6000,839.45,1.246478361,2
6000,839.5,1.246503913,2
6000,839.55,1.246529466,2
6000,839.6,1.24655502,2
6000,839.65,1.246580575,2
6000,839.7,1.246606131,2
6000,839.75,1.246631689,2
6000,839.8,1.246657247,2
6000,839.85,1.246682806,2
6000,839.9,1.246708366,2
6000,839.95,1.246733927,2
6000,840,1.246759489,2
6000,840.05,1.246785052,2
6000,840.1,1.246810615,2
6000,840.15,1.24683618,2
6000,840.2,1.246861746,2
6000,840.25,1.246887313,2
6000,840.3,1.246912881,2
6000,840.35,1.24693845,2
6000,840.4,1.24696402,2
6000,840.45,1.24698959,2
6000,840.5,1.247015162,2
6000,840.55,1.247040735,2
6000,840.6,1.247066309,2
6000,840.65,1.247091883,2
6000,840.7,1.247117459,2
6000,840.75,1.247143036,2
6000,840.8,1.247168613,2
6000,840.85,1.247194192,2
6000,840.9,1.247219772,2
6000,840.95,1.247245352,2
6000,841,1.247270934,2
6000,841.05,1.247296516,2
6000,841.1,1.2473221,2
6000,841.15,1.247347684,2
6000,841.2,1.24737327,2
6000,841.25,1.247398856,2
6000,841.3,1.247424444,2
6000,841.35,1.247450032,2
6000,841.4,1.247475622,2
6000,841.45,1.247501212,2
6000,841.5,1.247526804,2
6000,841.55,1.247552396,2
6000,841.6,1.24757799,2
6000,841.65,1.247603584,2
6000,841.7,1.24762918,2
6000,841.75,1.247654776,2
6000,841.8,1.247680373,2
6000,841.85,1.247705972,2
6000,841.9,1.247731571,2
6000,841.95,1.247757171,2
6000,842,1.247782773,2
6000,842.05,1.247808375,2
6000,842.1,1.247833978,2
6000,842.15,1.247859583,2
6000,842.2,1.247885188,2
6000,842.25,1.247910794,2
6000,842.3,1.247936402,2
6000,842.35,1.24796201,2
6000,842.4,1.247987619,2
6000,842.45,1.24801323,2
6000,842.5,1.248038841,2
6000,842.55,1.248064453,2
6000,842.6,1.248090066,2
6000,842.65,1.248115681,2
6000,842.7,1.248141296,2
6000,842.75,1.248166912,2
6000,842.8,1.24819253,2
6000,842.85,1.248218148,2
6000,842.9,1.248243767,2
6000,842.95,1.248269387,2
6000,843,1.248295009,2
6000,843.05,1.248320631,2
6000,843.1,1.248346254,2
6000,843.15,1.248371878,2
6000,843.2,1.248397504,2
6000,843.25,1.24842313,2
6000,843.3,1.248448757,2
6000,843.35,1.248474385,2
6000,843.4,1.248500015,2
6000,843.45,1.248525645,2
6000,843.5,1.248551276,2
6000,843.55,1.248576908,2
6000,843.6,1.248602542,2
6000,843.65,1.248628176,2
6000,843.7,1.248653811,2
6000,843.75,1.248679447,2
6000,843.8,1.248705085,2
6000,843.85,1.248730723,2
6000,843.9,1.248756362,2
6000,843.95,1.248782002,2
6000,844,1.248807644,2
6000,844.05,1.248833286,2
6000,844.1,1.248858929,2
6000,844.15,1.248884574,2
6000,844.2,1.248910219,2
6000,844.25,1.248935865,2
6000,844.3,1.248961512,2
6000,844.35,1.248987161,2
6000,844.4,1.24901281,2
6000,844.45,1.24903846,2
6000,844.5,1.249064112,2
6000,844.55,1.249089764,2
6000,844.6,1.249115418,2
6000,844.65,1.249141072,2
6000,844.7,1.249166727,2
6000,844.75,1.249192384,2
6000,844.8,1.249218041,2
6000,844.85,1.249243699,2
6000,844.9,1.249269359,2
6000,844.95,1.249295019,2
6000,845,1.249320681,2
6000,845.05,1.249346343,2
6000,845.1,1.249372007,2
6000,845.15,1.249397671,2
6000,845.2,1.249423337,2
6000,845.25,1.249449003,2
6000,845.3,1.249474671,2
6000,845.35,1.249500339,2
6000,845.4,1.249526009,2
6000,845.45,1.249551679,2
6000,845.5,1.249577351,2
6000,845.55,1.249603023,2
6000,845.6,1.249628697,2
6000,845.65,1.249654372,2
6000,845.7,1.249680047,2
6000,845.75,1.249705724,2
6000,845.8,1.249731402,2
6000,845.85,1.24975708,2
6000,845.9,1.24978276,2
6000,845.95,1.249808441,2
6000,846,1.249834122,2
6000,846.05,1.249859805,2
6000,846.1,1.249885489,2
6000,846.15,1.249911174,2
6000,846.2,1.249936859,2
6000,846.25,1.249962546,2
6000,846.3,1.249988234,2
6000,846.35,1.250013923,2
6000,846.4,1.250039613,2
6000,846.45,1.250065304,2
6000,846.5,1.250090996,2
6000,846.55,1.250116689,2
6000,846.6,1.250142383,2
6000,846.65,1.250168078,2
6000,846.7,1.250193774,2
6000,846.75,1.250219471,2
6000,846.8,1.250245169,2
6000,846.85,1.250270868,2
6000,846.9,1.250296568,2
6000,846.95,1.250322269,2
6000,847,1.250347971,2
6000,847.05,1.250373674,2
6000,847.1,1.250399378,2
6000,847.15,1.250425084,2
6000,847.2,1.25045079,2
6000,847.25,1.250476497,2
6000,847.3,1.250502205,2
6000,847.35,1.250527915,2
6000,847.4,1.250553625,2
6000,847.45,1.250579337,2
6000,847.5,1.250605049,2
6000,847.55,1.250630762,2
6000,847.6,1.250656477,2
6000,847.65,1.250682192,2
6000,847.7,1.250707909,2
6000,847.75,1.250733626,2
6000,847.8,1.250759345,2
6000,847.85,1.250785064,2
6000,847.9,1.250810785,2
6000,847.95,1.250836507,2
6000,848,1.250862229,2
6000,848.05,1.250887953,2
6000,848.1,1.250913678,2
6000,848.15,1.250939404,2
6000,848.2,1.25096513,2
6000,848.25,1.250990858,2
6000,848.3,1.251016587,2
6000,848.35,1.251042317,2
6000,848.4,1.251068048,2
6000,848.45,1.25109378,2
6000,848.5,1.251119513,2
6000,848.55,1.251145247,2
6000,848.6,1.251170982,2
6000,848.65,1.251196718,2
6000,848.7,1.251222455,2
6000,848.75,1.251248193,2
6000,848.8,1.251273933,2
6000,848.85,1.251299673,2
6000,848.9,1.251325414,2
6000,848.95,1.251351157,2
6000,849,1.2513769,2
6000,849.05,1.251402644,2
6000,849.1,1.25142839,2
6000,849.15,1.251454136,2
6000,849.2,1.251479884,2
6000,849.25,1.251505632,2
6000,849.3,1.251531382,2
6000,849.35,1.251557132,2
6000,849.4,1.251582884,2
6000,849.45,1.251608637,2
6000,849.5,1.25163439,2
6000,849.55,1.251660145,2
6000,849.6,1.251685901,2
6000,849.65,1.251711658,2
6000,849.7,1.251737416,2
6000,849.75,1.251763175,2
6000,849.8,1.251788935,2
6000,849.85,1.251814696,2
6000,849.9,1.251840458,2
6000,849.95,1.251866221,2
6000,850,1.251891985,2
6000,850.05,1.25191775,2
6000,850.1,1.251943516,2
6000,850.15,1.251969283,2
6000,850.2,1.251995052,2
6000,850.25,1.252020821,2
6000,850.3,1.252046591,2
6000,850.35,1.252072363,2
6000,850.4,1.252098135,2
6000,850.45,1.252123909,2
6000,850.5,1.252149683,2
6000,850.55,1.252175459,2
6000,850.6,1.252201236,2
6000,850.65,1.252227013,2
6000,850.7,1.252252792,2
6000,850.75,1.252278572,2
6000,850.8,1.252304353,2
6000,850.85,1.252330135,2
6000,850.9,1.252355918,2
6000,850.95,1.252381702,2
6000,851,1.252407487,2
6000,851.05,1.252433273,2
6000,851.1,1.25245906,2
6000,851.15,1.252484848,2
6000,851.2,1.252510637,2
6000,851.25,1.252536427,2
6000,851.3,1.252562219,2
6000,851.35,1.252588011,2
6000,851.4,1.252613805,2
6000,851.45,1.252639599,2
6000,851.5,1.252665395,2
6000,851.55,1.252691191,2
6000,851.6,1.252716989,2
6000,851.65,1.252742787,2
6000,851.7,1.252768587,2
6000,851.75,1.252794388,2
6000,851.8,1.25282019,2
6000,851.85,1.252845993,2
6000,851.9,1.252871797,2
6000,851.95,1.252897602,2
6000,852,1.252923408,2
6000,852.05,1.252949215,2
6000,852.1,1.252975023,2
6000,852.15,1.253000832,2
6000,852.2,1.253026642,2
6000,852.25,1.253052454,2
6000,852.3,1.253078266,2
6000,852.35,1.25310408,2
6000,852.4,1.253129894,2
6000,852.45,1.25315571,2
6000,852.5,1.253181526,2
6000,852.55,1.253207344,2
6000,852.6,1.253233163,2
6000,852.65,1.253258982,2
6000,852.7,1.253284803,2
6000,852.75,1.253310625,2
6000,852.8,1.253336448,2
6000,852.85,1.253362272,2
6000,852.9,1.253388097,2
6000,852.95,1.253413923,2
6000,853,1.25343975,2
6000,853.05,1.253465579,2
6000,853.1,1.253491408,2
6000,853.15,1.253517238,2
6000,853.2,1.25354307,2
6000,853.25,1.253568902,2
6000,853.3,1.253594736,2
6000,853.35,1.25362057,2
6000,853.4,1.253646406,2
6000,853.45,1.253672243,2
6000,853.5,1.25369808,2
6000,853.55,1.253723919,2
6000,853.6,1.253749759,2
6000,853.65,1.2537756,2
6000,853.7,1.253801442,2
6000,853.75,1.253827285,2
6000,853.8,1.253853129,2
6000,853.85,1.253878975,2
6000,853.9,1.253904821,2
6000,853.95,1.253930668,2
6000,854,1.253956517,2
6000,854.05,1.253982366,2
6000,854.1,1.254008217,2
6000,854.15,1.254034068,2
6000,854.2,1.254059921,2
6000,854.25,1.254085775,2
6000,854.3,1.25411163,2
6000,854.35,1.254137486,2
6000,854.4,1.254163343,2
6000,854.45,1.254189201,2
6000,854.5,1.25421506,2
6000,854.55,1.25424092,2
6000,854.6,1.254266781,2
6000,854.65,1.254292643,2
6000,854.7,1.254318507,2
6000,854.75,1.254344371,2
6000,854.8,1.254370237,2
6000,854.85,1.254396103,2
6000,854.9,1.254421971,2
6000,854.95,1.25444784,2
6000,855,1.254473709,2
6000,855.05,1.25449958,2
6000,855.1,1.254525452,2
6000,855.15,1.254551325,2
6000,855.2,1.254577199,2
6000,855.25,1.254603074,2
6000,855.3,1.254628951,2
6000,855.35,1.254654828,2
6000,855.4,1.254680706,2
6000,855.45,1.254706586,2
6000,855.5,1.254732466,2
6000,855.55,1.254758348,2
6000,855.6,1.25478423,2
6000,855.65,1.254810114,2
6000,855.7,1.254835999,2
6000,855.75,1.254861885,2
6000,855.8,1.254887772,2
6000,855.85,1.25491366,2
6000,855.9,1.254939549,2
6000,855.95,1.254965439,2
6000,856,1.25499133,2
6000,856.05,1.255017223,2
6000,856.1,1.255043116,2
6000,856.15,1.255069011,2
6000,856.2,1.255094906,2
6000,856.25,1.255120803,2
6000,856.3,1.2551467,2
6000,856.35,1.255172599,2
6000,856.4,1.255198499,2
6000,856.45,1.2552244,2
6000,856.5,1.255250302,2
6000,856.55,1.255276205,2
6000,856.6,1.255302109,2
6000,856.65,1.255328015,2
6000,856.7,1.255353921,2
6000,856.75,1.255379828,2
6000,856.8,1.255405737,2
6000,856.85,1.255431646,2
6000,856.9,1.255457557,2
6000,856.95,1.255483469,2
6000,857,1.255509382,2
6000,857.05,1.255535296,2
6000,857.1,1.255561211,2
6000,857.15,1.255587127,2
6000,857.2,1.255613044,2
6000,857.25,1.255638962,2
6000,857.3,1.255664881,2
6000,857.35,1.255690802,2
6000,857.4,1.255716723,2
6000,857.45,1.255742646,2
6000,857.5,1.25576857,2
6000,857.55,1.255794494,2
6000,857.6,1.25582042,2
6000,857.65,1.255846347,2
6000,857.7,1.255872275,2
6000,857.75,1.255898204,2
6000,857.8,1.255924134,2
6000,857.85,1.255950066,2
6000,857.9,1.255975998,2
6000,857.95,1.256001931,2
6000,858,1.256027866,2
6000,858.05,1.256053801,2
6000,858.1,1.256079738,2
6000,858.15,1.256105676,2
6000,858.2,1.256131615,2
6000,858.25,1.256157555,2
6000,858.3,1.256183496,2
6000,858.35,1.256209438,2
6000,858.4,1.256235381,2
6000,858.45,1.256261325,2
6000,858.5,1.256287271,2
6000,858.55,1.256313217,2
6000,858.6,1.256339165,2
6000,858.65,1.256365113,2
6000,858.7,1.256391063,2
6000,858.75,1.256417014,2
6000,858.8,1.256442966,2
6000,858.85,1.256468919,2
6000,858.9,1.256494873,2
6000,858.95,1.256520828,2
6000,859,1.256546785,2
6000,859.05,1.256572742,2
6000,859.1,1.256598701,2
6000,859.15,1.25662466,2
6000,859.2,1.256650621,2
6000,859.25,1.256676583,2
6000,859.3,1.256702545,2
6000,859.35,1.256728509,2
6000,859.4,1.256754474,2
6000,859.45,1.256780441,2
6000,859.5,1.256806408,2
6000,859.55,1.256832376,2
6000,859.6,1.256858346,2
6000,859.65,1.256884316,2
6000,859.7,1.256910288,2
6000,859.75,1.25693626,2
6000,859.8,1.256962234,2
6000,859.85,1.256988209,2
6000,859.9,1.257014185,2
6000,859.95,1.257040162,2
6000,860,1.25706614,2
6000,860.05,1.25709212,2
6000,860.1,1.2571181,2
6000,860.15,1.257144082,2
6000,860.2,1.257170064,2
6000,860.25,1.257196048,2
6000,860.3,1.257222033,2
6000,860.35,1.257248018,2
6000,860.4,1.257274005,2
6000,860.45,1.257299994,2
6000,860.5,1.257325983,2
6000,860.55,1.257351973,2
6000,860.6,1.257377964,2
6000,860.65,1.257403957,2
6000,860.7,1.25742995,2
6000,860.75,1.257455945,2
6000,860.8,1.257481941,2
6000,860.85,1.257507938,2
6000,860.9,1.257533936,2
6000,860.95,1.257559935,2
6000,861,1.257585935,2
6000,861.05,1.257611936,2
6000,861.1,1.257637939,2
6000,861.15,1.257663942,2
6000,861.2,1.257689947,2
6000,861.25,1.257715953,2
6000,861.3,1.257741959,2
6000,861.35,1.257767967,2
6000,861.4,1.257793976,2
6000,861.45,1.257819986,2
6000,861.5,1.257845998,2
6000,861.55,1.25787201,2
6000,861.6,1.257898023,2
6000,861.65,1.257924038,2
6000,861.7,1.257950054,2
6000,861.75,1.25797607,2
6000,861.8,1.258002088,2
6000,861.85,1.258028107,2
6000,861.9,1.258054127,2
6000,861.95,1.258080148,2
6000,862,1.258106171,2
6000,862.05,1.258132194,2
6000,862.1,1.258158219,2
6000,862.15,1.258184244,2
6000,862.2,1.258210271,2
6000,862.25,1.258236299,2
6000,862.3,1.258262328,2
6000,862.35,1.258288358,2
6000,862.4,1.258314389,2
6000,862.45,1.258340421,2
6000,862.5,1.258366454,2
6000,862.55,1.258392489,2
6000,862.6,1.258418525,2
6000,862.65,1.258444561,2
6000,862.7,1.258470599,2
6000,862.75,1.258496638,2
6000,862.8,1.258522678,2
6000,862.85,1.258548719,2
6000,862.9,1.258574761,2
6000,862.95,1.258600805,2
6000,863,1.258626849,2
6000,863.05,1.258652895,2
6000,863.1,1.258678942,2
6000,863.15,1.258704989,2
6000,863.2,1.258731038,2
6000,863.25,1.258757088,2
6000,863.3,1.25878314,2
6000,863.35,1.258809192,2
6000,863.4,1.258835245,2
6000,863.45,1.2588613,2
6000,863.5,1.258887355,2
6000,863.55,1.258913412,2
6000,863.6,1.25893947,2
6000,863.65,1.258965529,2
6000,863.7,1.258991589,2
6000,863.75,1.25901765,2
6000,863.8,1.259043712,2
6000,863.85,1.259069776,2
6000,863.9,1.25909584,2
6000,863.95,1.259121906,2
6000,864,1.259147973,2
6000,864.05,1.259174041,2
6000,864.1,1.25920011,2
6000,864.15,1.25922618,2
6000,864.2,1.259252251,2
6000,864.25,1.259278323,2
6000,864.3,1.259304397,2
6000,864.35,1.259330471,2
6000,864.4,1.259356547,2
6000,864.45,1.259382624,2
6000,864.5,1.259408702,2
6000,864.55,1.259434781,2
6000,864.6,1.259460861,2
6000,864.65,1.259486943,2
6000,864.7,1.259513025,2
6000,864.75,1.259539109,2
6000,864.8,1.259565193,2
6000,864.85,1.259591279,2
6000,864.9,1.259617366,2
6000,864.95,1.259643454,2
6000,865,1.259669543,2
6000,865.05,1.259695633,2
6000,865.1,1.259721725,2
6000,865.15,1.259747817,2
6000,865.2,1.259773911,2
6000,865.25,1.259800006,2
6000,865.3,1.259826102,2
6000,865.35,1.259852199,2
6000,865.4,1.259878297,2
6000,865.45,1.259904396,2
6000,865.5,1.259930497,2
6000,865.55,1.259956598,2
6000,865.6,1.259982701,2
6000,865.65,1.260008804,2
6000,865.7,1.260034909,2
6000,865.75,1.260061015,2
6000,865.8,1.260087123,2
6000,865.85,1.260113231,2
6000,865.9,1.26013934,2
6000,865.95,1.260165451,2
6000,866,1.260191562,2
6000,866.05,1.260217675,2
6000,866.1,1.260243789,2
6000,866.15,1.260269904,2
6000,866.2,1.26029602,2
6000,866.25,1.260322138,2
6000,866.3,1.260348256,2
6000,866.35,1.260374375,2
6000,866.4,1.260400496,2
6000,866.45,1.260426618,2
6000,866.5,1.260452741,2
6000,866.55,1.260478865,2
6000,866.6,1.26050499,2
6000,866.65,1.260531116,2
6000,866.7,1.260557244,2
6000,866.75,1.260583372,2
6000,866.8,1.260609502,2
6000,866.85,1.260635633,2
6000,866.9,1.260661765,2
6000,866.95,1.260687898,2
6000,867,1.260714032,2
6000,867.05,1.260740168,2
6000,867.1,1.260766304,2
6000,867.15,1.260792442,2
6000,867.2,1.26081858,2
6000,867.25,1.26084472,2
6000,867.3,1.260870861,2
6000,867.35,1.260897004,2
6000,867.4,1.260923147,2
6000,867.45,1.260949291,2
6000,867.5,1.260975437,2
6000,867.55,1.261001583,2
6000,867.6,1.261027731,2
6000,867.65,1.26105388,2
6000,867.7,1.26108003,2
6000,867.75,1.261106182,2
6000,867.8,1.261132334,2
6000,867.85,1.261158487,2
6000,867.9,1.261184642,2
6000,867.95,1.261210798,2
6000,868,1.261236955,2
6000,868.05,1.261263113,2
6000,868.1,1.261289272,2
6000,868.15,1.261315432,2
6000,868.2,1.261341594,2
6000,868.25,1.261367756,2
6000,868.3,1.26139392,2
6000,868.35,1.261420085,2
6000,868.4,1.261446251,2
6000,868.45,1.261472418,2
6000,868.5,1.261498586,2
6000,868.55,1.261524756,2
6000,868.6,1.261550926,2
6000,868.65,1.261577098,2
6000,868.7,1.261603271,2
6000,868.75,1.261629445,2
6000,868.8,1.26165562,2
6000,868.85,1.261681796,2
6000,868.9,1.261707973,2
6000,868.95,1.261734152,2
6000,869,1.261760331,2
6000,869.05,1.261786512,2
6000,869.1,1.261812694,2
6000,869.15,1.261838877,2
6000,869.2,1.261865061,2
6000,869.25,1.261891247,2
6000,869.3,1.261917433,2
6000,869.35,1.261943621,2
6000,869.4,1.26196981,2
6000,869.45,1.261996,2
6000,869.5,1.262022191,2
6000,869.55,1.262048383,2
6000,869.6,1.262074576,2
6000,869.65,1.262100771,2
6000,869.7,1.262126967,2
6000,869.75,1.262153163,2
6000,869.8,1.262179361,2
6000,869.85,1.26220556,2
6000,869.9,1.262231761,2
6000,869.95,1.262257962,2
6000,870,1.262284164,2
6000,870.05,1.262310368,2
6000,870.1,1.262336573,2
6000,870.15,1.262362779,2
6000,870.2,1.262388986,2
6000,870.25,1.262415194,2
6000,870.3,1.262441404,2
6000,870.35,1.262467614,2
6000,870.4,1.262493826,2
6000,870.45,1.262520039,2
6000,870.5,1.262546253,2
6000,870.55,1.262572468,2
6000,870.6,1.262598684,2
6000,870.65,1.262624901,2
6000,870.7,1.26265112,2
6000,870.75,1.26267734,2
6000,870.8,1.26270356,2
6000,870.85,1.262729782,2
6000,870.9,1.262756006,2
6000,870.95,1.26278223,2
6000,871,1.262808455,2
6000,871.05,1.262834682,2
6000,871.1,1.26286091,2
6000,871.15,1.262887139,2
6000,871.2,1.262913369,2
6000,871.25,1.2629396,2
6000,871.3,1.262965832,2
6000,871.35,1.262992066,2
6000,871.4,1.2630183,2
6000,871.45,1.263044536,2
6000,871.5,1.263070773,2
6000,871.55,1.263097011,2
6000,871.6,1.263123251,2
6000,871.65,1.263149491,2
6000,871.7,1.263175732,2
6000,871.75,1.263201975,2
6000,871.8,1.263228219,2
6000,871.85,1.263254464,2
6000,871.9,1.26328071,2
6000,871.95,1.263306958,2
6000,872,1.263333206,2
6000,872.05,1.263359456,2
6000,872.1,1.263385707,2
6000,872.15,1.263411958,2
6000,872.2,1.263438212,2
6000,872.25,1.263464466,2
6000,872.3,1.263490721,2
6000,872.35,1.263516978,2
6000,872.4,1.263543235,2
6000,872.45,1.263569494,2
6000,872.5,1.263595754,2
6000,872.55,1.263622016,2
6000,872.6,1.263648278,2
6000,872.65,1.263674541,2
6000,872.7,1.263700806,2
6000,872.75,1.263727072,2
6000,872.8,1.263753339,2
6000,872.85,1.263779607,2
6000,872.9,1.263805876,2
6000,872.95,1.263832147,2
6000,873,1.263858418,2
6000,873.05,1.263884691,2
6000,873.1,1.263910965,2
6000,873.15,1.26393724,2
6000,873.2,1.263963516,2
6000,873.25,1.263989794,2
6000,873.3,1.264016072,2
6000,873.35,1.264042352,2
6000,873.4,1.264068633,2
6000,873.45,1.264094915,2
6000,873.5,1.264121198,2
6000,873.55,1.264147482,2
6000,873.6,1.264173768,2
6000,873.65,1.264200054,2
6000,873.7,1.264226342,2
6000,873.75,1.264252631,2
6000,873.8,1.264278921,2
6000,873.85,1.264305213,2
6000,873.9,1.264331505,2
6000,873.95,1.264357799,2
6000,874,1.264384094,2
6000,874.05,1.26441039,2
6000,874.1,1.264436687,2
6000,874.15,1.264462985,2
6000,874.2,1.264489284,2
6000,874.25,1.264515585,2
6000,874.3,1.264541887,2
6000,874.35,1.26456819,2
6000,874.4,1.264594494,2
6000,874.45,1.264620799,2
6000,874.5,1.264647106,2
6000,874.55,1.264673413,2
6000,874.6,1.264699722,2
6000,874.65,1.264726032,2
6000,874.7,1.264752343,2
6000,874.75,1.264778655,2
6000,874.8,1.264804969,2
6000,874.85,1.264831283,2
6000,874.9,1.264857599,2
6000,874.95,1.264883916,2
6000,875,1.264910234,2
6000,875.05,1.264936553,2
6000,875.1,1.264962874,2
6000,875.15,1.264989195,2
6000,875.2,1.265015518,2
6000,875.25,1.265041842,2
6000,875.3,1.265068167,2
6000,875.35,1.265094493,2
6000,875.4,1.265120821,2
6000,875.45,1.265147149,2
6000,875.5,1.265173479,2
6000,875.55,1.26519981,2
6000,875.6,1.265226142,2
6000,875.65,1.265252475,2
6000,875.7,1.26527881,2
6000,875.75,1.265305145,2
6000,875.8,1.265331482,2
6000,875.85,1.26535782,2
6000,875.9,1.265384159,2
6000,875.95,1.265410499,2
6000,876,1.265436841,2
6000,876.05,1.265463183,2
6000,876.1,1.265489527,2
6000,876.15,1.265515872,2
6000,876.2,1.265542218,2
6000,876.25,1.265568566,2
6000,876.3,1.265594914,2
6000,876.35,1.265621264,2
6000,876.4,1.265647615,2
6000,876.45,1.265673966,2
6000,876.5,1.26570032,2
6000,876.55,1.265726674,2
6000,876.6,1.265753029,2
6000,876.65,1.265779386,2
6000,876.7,1.265805744,2
6000,876.75,1.265832103,2
6000,876.8,1.265858463,2
6000,876.85,1.265884825,2
6000,876.9,1.265911187,2
6000,876.95,1.265937551,2
6000,877,1.265963916,2
6000,877.05,1.265990282,2
6000,877.1,1.266016649,2
6000,877.15,1.266043018,2
6000,877.2,1.266069387,2
6000,877.25,1.266095758,2
6000,877.3,1.26612213,2
6000,877.35,1.266148503,2
6000,877.4,1.266174877,2
6000,877.45,1.266201253,2
6000,877.5,1.266227629,2
6000,877.55,1.266254007,2
6000,877.6,1.266280386,2
6000,877.65,1.266306766,2
6000,877.7,1.266333148,2
6000,877.75,1.26635953,2
6000,877.8,1.266385914,2
6000,877.85,1.266412299,2
6000,877.9,1.266438685,2
6000,877.95,1.266465072,2
6000,878,1.266491461,2
6000,878.05,1.26651785,2
6000,878.1,1.266544241,2
6000,878.15,1.266570633,2
6000,878.2,1.266597026,2
6000,878.25,1.26662342,2
6000,878.3,1.266649816,2
6000,878.35,1.266676213,2
6000,878.4,1.266702611,2
6000,878.45,1.26672901,2
6000,878.5,1.26675541,2
6000,878.55,1.266781811,2
6000,878.6,1.266808214,2
6000,878.65,1.266834618,2
6000,878.7,1.266861022,2
6000,878.75,1.266887429,2
6000,878.8,1.266913836,2
6000,878.85,1.266940244,2
6000,878.9,1.266966654,2
6000,878.95,1.266993065,2
6000,879,1.267019477,2
6000,879.05,1.26704589,2
6000,879.1,1.267072305,2
6000,879.15,1.26709872,2
6000,879.2,1.267125137,2
6000,879.25,1.267151555,2
6000,879.3,1.267177974,2
6000,879.35,1.267204394,2
6000,879.4,1.267230816,2
6000,879.45,1.267257239,2
6000,879.5,1.267283662,2
6000,879.55,1.267310087,2
6000,879.6,1.267336514,2
6000,879.65,1.267362941,2
6000,879.7,1.26738937,2
6000,879.75,1.2674158,2
6000,879.8,1.267442231,2
6000,879.85,1.267468663,2
6000,879.9,1.267495096,2
6000,879.95,1.267521531,2
6000,880,1.267547966,2
6000,880.05,1.267574403,2
6000,880.1,1.267600841,2
6000,880.15,1.267627281,2
6000,880.2,1.267653721,2
6000,880.25,1.267680163,2
6000,880.3,1.267706606,2
6000,880.35,1.26773305,2
6000,880.4,1.267759495,2
6000,880.45,1.267785941,2
6000,880.5,1.267812389,2
6000,880.55,1.267838838,2
6000,880.6,1.267865288,2
6000,880.65,1.267891739,2
6000,880.7,1.267918191,2
6000,880.75,1.267944645,2
6000,880.8,1.267971099,2
6000,880.85,1.267997555,2
6000,880.9,1.268024012,2
6000,880.95,1.268050471,2
6000,881,1.26807693,2
6000,881.05,1.268103391,2
6000,881.1,1.268129853,2
6000,881.15,1.268156316,2
6000,881.2,1.26818278,2
6000,881.25,1.268209246,2
6000,881.3,1.268235712,2
6000,881.35,1.26826218,2
6000,881.4,1.268288649,2
6000,881.45,1.268315119,2
6000,881.5,1.268341591,2
6000,881.55,1.268368063,2
6000,881.6,1.268394537,2
6000,881.65,1.268421012,2
6000,881.7,1.268447488,2
6000,881.75,1.268473966,2
6000,881.8,1.268500444,2
6000,881.85,1.268526924,2
6000,881.9,1.268553405,2
6000,881.95,1.268579887,2
6000,882,1.26860637,2
6000,882.05,1.268632855,2
6000,882.1,1.268659341,2
6000,882.15,1.268685827,2
6000,882.2,1.268712316,2
6000,882.25,1.268738805,2
6000,882.3,1.268765295,2
6000,882.35,1.268791787,2
6000,882.4,1.26881828,2
6000,882.45,1.268844774,2
6000,882.5,1.268871269,2
6000,882.55,1.268897766,2
6000,882.6,1.268924263,2
6000,882.65,1.268950762,2
6000,882.7,1.268977262,2
6000,882.75,1.269003764,2
6000,882.8,1.269030266,2
6000,882.85,1.26905677,2
6000,882.9,1.269083275,2
6000,882.95,1.269109781,2
6000,883,1.269136288,2
6000,883.05,1.269162796,2
6000,883.1,1.269189306,2
6000,883.15,1.269215817,2
6000,883.2,1.269242329,2
6000,883.25,1.269268842,2
6000,883.3,1.269295357,2
6000,883.35,1.269321872,2
6000,883.4,1.269348389,2
6000,883.45,1.269374907,2
6000,883.5,1.269401426,2
6000,883.55,1.269427947,2
6000,883.6,1.269454468,2
6000,883.65,1.269480991,2
6000,883.7,1.269507515,2
6000,883.75,1.269534041,2
6000,883.8,1.269560567,2
6000,883.85,1.269587095,2
6000,883.9,1.269613624,2
6000,883.95,1.269640154,2
6000,884,1.269666685,2
6000,884.05,1.269693217,2
6000,884.1,1.269719751,2
6000,884.15,1.269746286,2
6000,884.2,1.269772822,2
6000,884.25,1.269799359,2
6000,884.3,1.269825898,2
6000,884.35,1.269852437,2
6000,884.4,1.269878978,2
6000,884.45,1.26990552,2
6000,884.5,1.269932063,2
6000,884.55,1.269958608,2
6000,884.6,1.269985154,2
6000,884.65,1.2700117,2
6000,884.7,1.270038249,2
6000,884.75,1.270064798,2
6000,884.8,1.270091348,2
6000,884.85,1.2701179,2
6000,884.9,1.270144453,2
6000,884.95,1.270171007,2
6000,885,1.270197562,2
6000,885.05,1.270224119,2
6000,885.1,1.270250677,2
6000,885.15,1.270277236,2
6000,885.2,1.270303796,2
6000,885.25,1.270330357,2
6000,885.3,1.27035692,2
6000,885.35,1.270383483,2
6000,885.4,1.270410048,2
6000,885.45,1.270436614,2
6000,885.5,1.270463182,2
6000,885.55,1.27048975,2
6000,885.6,1.27051632,2
6000,885.65,1.270542891,2
6000,885.7,1.270569463,2
6000,885.75,1.270596037,2
6000,885.8,1.270622611,2
6000,885.85,1.270649187,2
6000,885.9,1.270675764,2
6000,885.95,1.270702343,2
6000,886,1.270728922,2
6000,886.05,1.270755503,2
6000,886.1,1.270782084,2
6000,886.15,1.270808668,2
6000,886.2,1.270835252,2
6000,886.25,1.270861837,2
6000,886.3,1.270888424,2
6000,886.35,1.270915012,2
6000,886.4,1.270941601,2
6000,886.45,1.270968191,2
6000,886.5,1.270994783,2
6000,886.55,1.271021376,2
6000,886.6,1.27104797,2
6000,886.65,1.271074565,2
6000,886.7,1.271101161,2
6000,886.75,1.271127759,2
6000,886.8,1.271154358,2
6000,886.85,1.271180958,2
6000,886.9,1.271207559,2
6000,886.95,1.271234161,2
6000,887,1.271260765,2
6000,887.05,1.27128737,2
6000,887.1,1.271313976,2
6000,887.15,1.271340583,2
6000,887.2,1.271367192,2
6000,887.25,1.271393802,2
6000,887.3,1.271420413,2
6000,887.35,1.271447025,2
6000,887.4,1.271473638,2
6000,887.45,1.271500253,2
6000,887.5,1.271526869,2
6000,887.55,1.271553486,2
6000,887.6,1.271580104,2
6000,887.65,1.271606723,2
6000,887.7,1.271633344,2
6000,887.75,1.271659966,2
6000,887.8,1.271686589,2
6000,887.85,1.271713213,2
6000,887.9,1.271739839,2
6000,887.95,1.271766465,2
6000,888,1.271793093,2
6000,888.05,1.271819723,2
6000,888.1,1.271846353,2
6000,888.15,1.271872984,2
6000,888.2,1.271899617,2
6000,888.25,1.271926251,2
6000,888.3,1.271952887,2
6000,888.35,1.271979523,2
6000,888.4,1.272006161,2
6000,888.45,1.2720328,2
6000,888.5,1.27205944,2
6000,888.55,1.272086081,2
6000,888.6,1.272112724,2
6000,888.65,1.272139367,2
6000,888.7,1.272166012,2
6000,888.75,1.272192659,2
6000,888.8,1.272219306,2
6000,888.85,1.272245955,2
6000,888.9,1.272272605,2
6000,888.95,1.272299256,2
6000,889,1.272325908,2
6000,889.05,1.272352561,2
6000,889.1,1.272379216,2
6000,889.15,1.272405872,2
6000,889.2,1.272432529,2
6000,889.25,1.272459188,2
6000,889.3,1.272485847,2
6000,889.35,1.272512508,2
6000,889.4,1.27253917,2
6000,889.45,1.272565834,2
6000,889.5,1.272592498,2
6000,889.55,1.272619164,2
6000,889.6,1.272645831,2
6000,889.65,1.272672499,2
6000,889.7,1.272699168,2
6000,889.75,1.272725839,2
6000,889.8,1.272752511,2
6000,889.85,1.272779184,2
6000,889.9,1.272805858,2
6000,889.95,1.272832534,2
6000,890,1.27285921,2
6000,890.05,1.272885888,2
6000,890.1,1.272912567,2
6000,890.15,1.272939248,2
6000,890.2,1.27296593,2
6000,890.25,1.272992612,2
6000,890.3,1.273019296,2
6000,890.35,1.273045982,2
6000,890.4,1.273072668,2
6000,890.45,1.273099356,2
6000,890.5,1.273126045,2
6000,890.55,1.273152735,2
6000,890.6,1.273179427,2
6000,890.65,1.273206119,2
6000,890.7,1.273232813,2
6000,890.75,1.273259508,2
6000,890.8,1.273286204,2
6000,890.85,1.273312902,2
6000,890.9,1.273339601,2
6000,890.95,1.273366301,2
6000,891,1.273393002,2
6000,891.05,1.273419704,2
6000,891.1,1.273446408,2
6000,891.15,1.273473113,2
6000,891.2,1.273499819,2
6000,891.25,1.273526526,2
6000,891.3,1.273553235,2
6000,891.35,1.273579945,2
6000,891.4,1.273606656,2
6000,891.45,1.273633368,2
6000,891.5,1.273660082,2
6000,891.55,1.273686796,2
6000,891.6,1.273713512,2
6000,891.65,1.27374023,2
6000,891.7,1.273766948,2
6000,891.75,1.273793668,2
6000,891.8,1.273820388,2
6000,891.85,1.27384711,2
6000,891.9,1.273873834,2
6000,891.95,1.273900558,2
6000,892,1.273927284,2
6000,892.05,1.273954011,2
6000,892.1,1.273980739,2
6000,892.15,1.274007469,2
6000,892.2,1.2740342,2
6000,892.25,1.274060932,2
6000,892.3,1.274087665,2
6000,892.35,1.274114399,2
6000,892.4,1.274141135,2
6000,892.45,1.274167872,2
6000,892.5,1.27419461,2
6000,892.55,1.274221349,2
6000,892.6,1.274248089,2
6000,892.65,1.274274831,2
6000,892.7,1.274301574,2
6000,892.75,1.274328319,2
6000,892.8,1.274355064,2
6000,892.85,1.274381811,2
6000,892.9,1.274408559,2
6000,892.95,1.274435308,2
6000,893,1.274462058,2
6000,893.05,1.27448881,2
6000,893.1,1.274515563,2
6000,893.15,1.274542317,2
6000,893.2,1.274569072,2
6000,893.25,1.274595829,2
6000,893.3,1.274622587,2
6000,893.35,1.274649346,2
6000,893.4,1.274676106,2
6000,893.45,1.274702867,2
6000,893.5,1.27472963,2
6000,893.55,1.274756394,2
6000,893.6,1.274783159,2
6000,893.65,1.274809926,2
6000,893.7,1.274836693,2
6000,893.75,1.274863462,2
6000,893.8,1.274890233,2
6000,893.85,1.274917004,2
6000,893.9,1.274943777,2
6000,893.95,1.27497055,2
6000,894,1.274997326,2
6000,894.05,1.275024102,2
6000,894.1,1.275050879,2
6000,894.15,1.275077658,2
6000,894.2,1.275104438,2
6000,894.25,1.27513122,2
6000,894.3,1.275158002,2
6000,894.35,1.275184786,2
6000,894.4,1.275211571,2
6000,894.45,1.275238357,2
6000,894.5,1.275265145,2
6000,894.55,1.275291933,2
6000,894.6,1.275318723,2
6000,894.65,1.275345514,2
6000,894.7,1.275372307,2
6000,894.75,1.275399101,2
6000,894.8,1.275425895,2
6000,894.85,1.275452692,2
6000,894.9,1.275479489,2
6000,894.95,1.275506288,2
6000,895,1.275533087,2
6000,895.05,1.275559889,2
6000,895.1,1.275586691,2
6000,895.15,1.275613494,2
6000,895.2,1.275640299,2
6000,895.25,1.275667105,2
6000,895.3,1.275693913,2
6000,895.35,1.275720721,2
6000,895.4,1.275747531,2
6000,895.45,1.275774342,2
6000,895.5,1.275801154,2
6000,895.55,1.275827968,2
6000,895.6,1.275854783,2
6000,895.65,1.275881599,2
6000,895.7,1.275908416,2
6000,895.75,1.275935234,2
6000,895.8,1.275962054,2
6000,895.85,1.275988875,2
6000,895.9,1.276015697,2
6000,895.95,1.276042521,2
6000,896,1.276069345,2
6000,896.05,1.276096171,2
6000,896.1,1.276122998,2
6000,896.15,1.276149827,2
6000,896.2,1.276176656,2
6000,896.25,1.276203487,2
6000,896.3,1.276230319,2
6000,896.35,1.276257153,2
6000,896.4,1.276283987,2
6000,896.45,1.276310823,2
6000,896.5,1.27633766,2
6000,896.55,1.276364499,2
6000,896.6,1.276391338,2
6000,896.65,1.276418179,2
6000,896.7,1.276445021,2
6000,896.75,1.276471865,2
6000,896.8,1.276498709,2
6000,896.85,1.276525555,2
6000,896.9,1.276552402,2
6000,896.95,1.276579251,2
6000,897,1.2766061,2
6000,897.05,1.276632951,2
6000,897.1,1.276659803,2
6000,897.15,1.276686656,2
6000,897.2,1.276713511,2
6000,897.25,1.276740367,2
6000,897.3,1.276767224,2
6000,897.35,1.276794082,2
6000,897.4,1.276820942,2
6000,897.45,1.276847802,2
6000,897.5,1.276874664,2
6000,897.55,1.276901528,2
6000,897.6,1.276928392,2
6000,897.65,1.276955258,2
6000,897.7,1.276982125,2
6000,897.75,1.277008993,2
6000,897.8,1.277035863,2
6000,897.85,1.277062734,2
6000,897.9,1.277089606,2
6000,897.95,1.277116479,2
6000,898,1.277143354,2
6000,898.05,1.277170229,2
6000,898.1,1.277197106,2
6000,898.15,1.277223985,2
6000,898.2,1.277250864,2
6000,898.25,1.277277745,2
6000,898.3,1.277304627,2
6000,898.35,1.27733151,2
6000,898.4,1.277358395,2
6000,898.45,1.27738528,2
6000,898.5,1.277412167,2
6000,898.55,1.277439056,2
6000,898.6,1.277465945,2
6000,898.65,1.277492836,2
6000,898.7,1.277519728,2
6000,898.75,1.277546621,2
6000,898.8,1.277573516,2
6000,898.85,1.277600412,2
6000,898.9,1.277627309,2
6000,898.95,1.277654207,2
6000,899,1.277681107,2
6000,899.05,1.277708007,2
6000,899.1,1.277734909,2
6000,899.15,1.277761813,2
6000,899.2,1.277788717,2
6000,899.25,1.277815623,2
6000,899.3,1.27784253,2
6000,899.35,1.277869438,2
6000,899.4,1.277896348,2
6000,899.45,1.277923259,2
6000,899.5,1.277950171,2
6000,899.55,1.277977084,2
6000,899.6,1.278003999,2
6000,899.65,1.278030915,2
6000,899.7,1.278057832,2
6000,899.75,1.27808475,2
6000,899.8,1.27811167,2
6000,899.85,1.27813859,2
6000,899.9,1.278165513,2
6000,899.95,1.278192436,2
6000,900,1.278219361,2
6000,900.05,1.278246286,2
6000,900.1,1.278273214,2
6000,900.15,1.278300142,2
6000,900.2,1.278327072,2
6000,900.25,1.278354002,2
6000,900.3,1.278380935,2
6000,900.35,1.278407868,2
6000,900.4,1.278434803,2
6000,900.45,1.278461739,2
6000,900.5,1.278488676,2
6000,900.55,1.278515614,2
6000,900.6,1.278542554,2
6000,900.65,1.278569495,2
6000,900.7,1.278596437,2
6000,900.75,1.278623381,2
6000,900.8,1.278650325,2
6000,900.85,1.278677271,2
6000,900.9,1.278704218,2
6000,900.95,1.278731167,2
6000,901,1.278758117,2
6000,901.05,1.278785068,2
6000,901.1,1.27881202,2
6000,901.15,1.278838974,2
6000,901.2,1.278865928,2
6000,901.25,1.278892884,2
6000,901.3,1.278919842,2
6000,901.35,1.2789468,2
6000,901.4,1.27897376,2
6000,901.45,1.279000721,2
6000,901.5,1.279027684,2
6000,901.55,1.279054647,2
6000,901.6,1.279081612,2
6000,901.65,1.279108578,2
6000,901.7,1.279135546,2
6000,901.75,1.279162514,2
6000,901.8,1.279189484,2
6000,901.85,1.279216455,2
6000,901.9,1.279243428,2
6000,901.95,1.279270401,2
6000,902,1.279297376,2
6000,902.05,1.279324353,2
6000,902.1,1.27935133,2
6000,902.15,1.279378309,2
6000,902.2,1.279405289,2
6000,902.25,1.27943227,2
6000,902.3,1.279459253,2
6000,902.35,1.279486236,2
6000,902.4,1.279513221,2
6000,902.45,1.279540208,2
6000,902.5,1.279567195,2
6000,902.55,1.279594184,2
6000,902.6,1.279621174,2
6000,902.65,1.279648166,2
6000,902.7,1.279675158,2
6000,902.75,1.279702152,2
6000,902.8,1.279729147,2
6000,902.85,1.279756144,2
6000,902.9,1.279783141,2
6000,902.95,1.27981014,2
6000,903,1.27983714,2
6000,903.05,1.279864142,2
6000,903.1,1.279891145,2
6000,903.15,1.279918149,2
6000,903.2,1.279945154,2
6000,903.25,1.279972161,2
6000,903.3,1.279999168,2
6000,903.35,1.280026177,2
6000,903.4,1.280053188,2
6000,903.45,1.280080199,2
6000,903.5,1.280107212,2
6000,903.55,1.280134226,2
6000,903.6,1.280161242,2
6000,903.65,1.280188258,2
6000,903.7,1.280215276,2
6000,903.75,1.280242295,2
6000,903.8,1.280269316,2
6000,903.85,1.280296338,2
6000,903.9,1.280323361,2
6000,903.95,1.280350385,2
6000,904,1.28037741,2
6000,904.05,1.280404437,2
6000,904.1,1.280431465,2
6000,904.15,1.280458495,2
6000,904.2,1.280485525,2
6000,904.25,1.280512557,2
6000,904.3,1.28053959,2
6000,904.35,1.280566625,2
6000,904.4,1.28059366,2
6000,904.45,1.280620697,2
6000,904.5,1.280647735,2
6000,904.55,1.280674775,2
6000,904.6,1.280701816,2
6000,904.65,1.280728858,2
6000,904.7,1.280755901,2
6000,904.75,1.280782946,2
6000,904.8,1.280809991,2
6000,904.85,1.280837038,2
6000,904.9,1.280864087,2
6000,904.95,1.280891137,2
6000,905,1.280918187,2
6000,905.05,1.28094524,2
6000,905.1,1.280972293,2
6000,905.15,1.280999348,2
6000,905.2,1.281026404,2
6000,905.25,1.281053461,2
6000,905.3,1.28108052,2
6000,905.35,1.281107579,2
6000,905.4,1.28113464,2
6000,905.45,1.281161703,2
6000,905.5,1.281188766,2
6000,905.55,1.281215831,2
6000,905.6,1.281242897,2
6000,905.65,1.281269965,2
6000,905.7,1.281297034,2
6000,905.75,1.281324104,2
6000,905.8,1.281351175,2
6000,905.85,1.281378247,2
6000,905.9,1.281405321,2
6000,905.95,1.281432396,2
6000,906,1.281459473,2
6000,906.05,1.28148655,2
6000,906.1,1.281513629,2
6000,906.15,1.281540709,2
6000,906.2,1.281567791,2
6000,906.25,1.281594873,2
6000,906.3,1.281621957,2
6000,906.35,1.281649043,2
6000,906.4,1.281676129,2
6000,906.45,1.281703217,2
6000,906.5,1.281730306,2
6000,906.55,1.281757396,2
6000,906.6,1.281784488,2
6000,906.65,1.281811581,2
6000,906.7,1.281838675,2
6000,906.75,1.281865771,2
6000,906.8,1.281892867,2
6000,906.85,1.281919965,2
6000,906.9,1.281947065,2
6000,906.95,1.281974165,2
6000,907,1.282001267,2
6000,907.05,1.28202837,2
6000,907.1,1.282055474,2
6000,907.15,1.28208258,2
6000,907.2,1.282109687,2
6000,907.25,1.282136795,2
6000,907.3,1.282163905,2
6000,907.35,1.282191016,2
6000,907.4,1.282218128,2
6000,907.45,1.282245241,2
6000,907.5,1.282272356,2
6000,907.55,1.282299471,2
6000,907.6,1.282326589,2
6000,907.65,1.282353707,2
6000,907.7,1.282380827,2
6000,907.75,1.282407948,2
6000,907.8,1.28243507,2
6000,907.85,1.282462194,2
6000,907.9,1.282489318,2
6000,907.95,1.282516444,2
6000,908,1.282543572,2
6000,908.05,1.2825707,2
6000,908.1,1.28259783,2
6000,908.15,1.282624962,2
6000,908.2,1.282652094,2
6000,908.25,1.282679228,2
6000,908.3,1.282706363,2
6000,908.35,1.282733499,2
6000,908.4,1.282760637,2
6000,908.45,1.282787776,2
6000,908.5,1.282814916,2
6000,908.55,1.282842057,2
6000,908.6,1.2828692,2
6000,908.65,1.282896344,2
6000,908.7,1.28292349,2
6000,908.75,1.282950636,2
6000,908.8,1.282977784,2
6000,908.85,1.283004933,2
6000,908.9,1.283032084,2
6000,908.95,1.283059235,2
6000,909,1.283086388,2
6000,909.05,1.283113543,2
6000,909.1,1.283140698,2
6000,909.15,1.283167855,2
6000,909.2,1.283195013,2
6000,909.25,1.283222172,2
6000,909.3,1.283249333,2
6000,909.35,1.283276495,2
6000,909.4,1.283303658,2
6000,909.45,1.283330823,2
6000,909.5,1.283357989,2
6000,909.55,1.283385156,2
6000,909.6,1.283412324,2
6000,909.65,1.283439494,2
6000,909.7,1.283466665,2
6000,909.75,1.283493837,2
6000,909.8,1.283521011,2
6000,909.85,1.283548185,2
6000,909.9,1.283575361,2
6000,909.95,1.283602539,2
6000,910,1.283629717,2
6000,910.05,1.283656897,2
6000,910.1,1.283684079,2
6000,910.15,1.283711261,2
6000,910.2,1.283738445,2
6000,910.25,1.28376563,2
6000,910.3,1.283792816,2
6000,910.35,1.283820004,2
6000,910.4,1.283847193,2
6000,910.45,1.283874383,2
6000,910.5,1.283901575,2
6000,910.55,1.283928767,2
6000,910.6,1.283955962,2
6000,910.65,1.283983157,2
6000,910.7,1.284010354,2
6000,910.75,1.284037552,2
6000,910.8,1.284064751,2
6000,910.85,1.284091951,2
6000,910.9,1.284119153,2
6000,910.95,1.284146356,2
6000,911,1.284173561,2
6000,911.05,1.284200766,2
6000,911.1,1.284227973,2
6000,911.15,1.284255181,2
6000,911.2,1.284282391,2
6000,911.25,1.284309602,2
6000,911.3,1.284336814,2
6000,911.35,1.284364027,2
6000,911.4,1.284391242,2
6000,911.45,1.284418458,2
6000,911.5,1.284445675,2
6000,911.55,1.284472894,2
6000,911.6,1.284500113,2
6000,911.65,1.284527335,2
6000,911.7,1.284554557,2
6000,911.75,1.284581781,2
6000,911.8,1.284609006,2
6000,911.85,1.284636232,2
6000,911.9,1.284663459,2
6000,911.95,1.284690688,2
6000,912,1.284717918,2
6000,912.05,1.28474515,2
6000,912.1,1.284772383,2
6000,912.15,1.284799617,2
6000,912.2,1.284826852,2
6000,912.25,1.284854089,2
6000,912.3,1.284881326,2
6000,912.35,1.284908566,2
6000,912.4,1.284935806,2
6000,912.45,1.284963048,2
6000,912.5,1.284990291,2
6000,912.55,1.285017535,2
6000,912.6,1.285044781,2
6000,912.65,1.285072028,2
6000,912.7,1.285099276,2
6000,912.75,1.285126526,2
6000,912.8,1.285153776,2
6000,912.85,1.285181028,2
6000,912.9,1.285208282,2
6000,912.95,1.285235536,2
6000,913,1.285262792,2
6000,913.05,1.28529005,2
6000,913.1,1.285317308,2
6000,913.15,1.285344568,2
6000,913.2,1.285371829,2
6000,913.25,1.285399092,2
6000,913.3,1.285426355,2
6000,913.35,1.28545362,2
6000,913.4,1.285480887,2
6000,913.45,1.285508154,2
6000,913.5,1.285535423,2
6000,913.55,1.285562693,2
6000,913.6,1.285589965,2
6000,913.65,1.285617238,2
6000,913.7,1.285644512,2
6000,913.75,1.285671787,2
6000,913.8,1.285699064,2
6000,913.85,1.285726342,2
6000,913.9,1.285753621,2
6000,913.95,1.285780902,2
6000,914,1.285808184,2
6000,914.05,1.285835467,2
6000,914.1,1.285862751,2
6000,914.15,1.285890037,2
6000,914.2,1.285917324,2
6000,914.25,1.285944612,2
6000,914.3,1.285971902,2
6000,914.35,1.285999193,2
6000,914.4,1.286026485,2
6000,914.45,1.286053779,2
6000,914.5,1.286081073,2
6000,914.55,1.286108369,2
6000,914.6,1.286135667,2
6000,914.65,1.286162966,2
6000,914.7,1.286190266,2
6000,914.75,1.286217567,2
6000,914.8,1.286244869,2
6000,914.85,1.286272173,2
6000,914.9,1.286299479,2
6000,914.95,1.286326785,2
6000,915,1.286354093,2
6000,915.05,1.286381402,2
6000,915.1,1.286408712,2
6000,915.15,1.286436024,2
6000,915.2,1.286463337,2
6000,915.25,1.286490651,2
6000,915.3,1.286517967,2
6000,915.35,1.286545284,2
6000,915.4,1.286572602,2
6000,915.45,1.286599921,2
6000,915.5,1.286627242,2
6000,915.55,1.286654564,2
6000,915.6,1.286681888,2
6000,915.65,1.286709212,2
6000,915.7,1.286736538,2
6000,915.75,1.286763865,2
6000,915.8,1.286791194,2
6000,915.85,1.286818524,2
6000,915.9,1.286845855,2
6000,915.95,1.286873188,2
6000,916,1.286900521,2
6000,916.05,1.286927856,2
6000,916.1,1.286955193,2
6000,916.15,1.28698253,2
6000,916.2,1.287009869,2
6000,916.25,1.28703721,2
6000,916.3,1.287064551,2
6000,916.35,1.287091894,2
6000,916.4,1.287119238,2
6000,916.45,1.287146584,2
6000,916.5,1.287173931,2
6000,916.55,1.287201279,2
6000,916.6,1.287228628,2
6000,916.65,1.287255979,2
6000,916.7,1.287283331,2
6000,916.75,1.287310684,2
6000,916.8,1.287338039,2
6000,916.85,1.287365395,2
6000,916.9,1.287392752,2
6000,916.95,1.28742011,2
6000,917,1.28744747,2
6000,917.05,1.287474831,2
6000,917.1,1.287502194,2
6000,917.15,1.287529557,2
6000,917.2,1.287556922,2
6000,917.25,1.287584289,2
6000,917.3,1.287611656,2
6000,917.35,1.287639025,2
6000,917.4,1.287666396,2
6000,917.45,1.287693767,2
6000,917.5,1.28772114,2
6000,917.55,1.287748514,2
6000,917.6,1.28777589,2
6000,917.65,1.287803266,2
6000,917.7,1.287830644,2
6000,917.75,1.287858024,2
6000,917.8,1.287885404,2
6000,917.85,1.287912786,2
6000,917.9,1.28794017,2
6000,917.95,1.287967554,2
6000,918,1.28799494,2
6000,918.05,1.288022327,2
6000,918.1,1.288049716,2
6000,918.15,1.288077106,2
6000,918.2,1.288104497,2
6000,918.25,1.288131889,2
6000,918.3,1.288159283,2
6000,918.35,1.288186678,2
6000,918.4,1.288214075,2
6000,918.45,1.288241472,2
6000,918.5,1.288268871,2
6000,918.55,1.288296271,2
6000,918.6,1.288323673,2
6000,918.65,1.288351076,2
6000,918.7,1.28837848,2
6000,918.75,1.288405886,2
6000,918.8,1.288433292,2
6000,918.85,1.288460701,2
6000,918.9,1.28848811,2
6000,918.95,1.288515521,2
6000,919,1.288542933,2
6000,919.05,1.288570346,2
6000,919.1,1.288597761,2
6000,919.15,1.288625177,2
6000,919.2,1.288652594,2
6000,919.25,1.288680013,2
6000,919.3,1.288707433,2
6000,919.35,1.288734854,2
6000,919.4,1.288762276,2
6000,919.45,1.2887897,2
6000,919.5,1.288817125,2
6000,919.55,1.288844552,2
6000,919.6,1.288871979,2
6000,919.65,1.288899409,2
6000,919.7,1.288926839,2
6000,919.75,1.288954271,2
6000,919.8,1.288981704,2
6000,919.85,1.289009138,2
6000,919.9,1.289036574,2
6000,919.95,1.28906401,2
6000,920,1.289091449,2
6000,920.05,1.289118888,2
6000,920.1,1.289146329,2
6000,920.15,1.289173771,2
6000,920.2,1.289201215,2
6000,920.25,1.28922866,2
6000,920.3,1.289256106,2
6000,920.35,1.289283553,2
6000,920.4,1.289311002,2
6000,920.45,1.289338452,2
6000,920.5,1.289365903,2
6000,920.55,1.289393356,2
6000,920.6,1.28942081,2
6000,920.65,1.289448265,2
6000,920.7,1.289475722,2
6000,920.75,1.28950318,2
6000,920.8,1.289530639,2
6000,920.85,1.289558099,2
6000,920.9,1.289585561,2
6000,920.95,1.289613025,2
6000,921,1.289640489,2
6000,921.05,1.289667955,2
6000,921.1,1.289695422,2
6000,921.15,1.28972289,2
6000,921.2,1.28975036,2
6000,921.25,1.289777831,2
6000,921.3,1.289805304,2
6000,921.35,1.289832777,2
6000,921.4,1.289860252,2
6000,921.45,1.289887729,2
6000,921.5,1.289915206,2
6000,921.55,1.289942685,2
6000,921.6,1.289970165,2
6000,921.65,1.289997647,2
6000,921.7,1.29002513,2
6000,921.75,1.290052614,2
6000,921.8,1.2900801,2
6000,921.85,1.290107586,2
6000,921.9,1.290135074,2
6000,921.95,1.290162564,2
6000,922,1.290190055,2
6000,922.05,1.290217547,2
6000,922.1,1.29024504,2
6000,922.15,1.290272535,2
6000,922.2,1.290300031,2
6000,922.25,1.290327528,2
6000,922.3,1.290355027,2
6000,922.35,1.290382527,2
6000,922.4,1.290410028,2
6000,922.45,1.290437531,2
6000,922.5,1.290465035,2
6000,922.55,1.29049254,2
6000,922.6,1.290520047,2
6000,922.65,1.290547555,2
6000,922.7,1.290575064,2
6000,922.75,1.290602574,2
6000,922.8,1.290630086,2
6000,922.85,1.290657599,2
6000,922.9,1.290685114,2
6000,922.95,1.29071263,2
6000,923,1.290740147,2
6000,923.05,1.290767665,2
6000,923.1,1.290795185,2
6000,923.15,1.290822706,2
6000,923.2,1.290850229,2
6000,923.25,1.290877752,2
6000,923.3,1.290905277,2
6000,923.35,1.290932804,2
6000,923.4,1.290960331,2
6000,923.45,1.29098786,2
6000,923.5,1.291015391,2
6000,923.55,1.291042922,2
6000,923.6,1.291070455,2
6000,923.65,1.29109799,2
6000,923.7,1.291125525,2
6000,923.75,1.291153062,2
6000,923.8,1.2911806,2
6000,923.85,1.29120814,2
6000,923.9,1.291235681,2
6000,923.95,1.291263223,2
6000,924,1.291290766,2
6000,924.05,1.291318311,2
6000,924.1,1.291345857,2
6000,924.15,1.291373405,2
6000,924.2,1.291400954,2
6000,924.25,1.291428504,2
6000,924.3,1.291456055,2
6000,924.35,1.291483608,2
6000,924.4,1.291511162,2
6000,924.45,1.291538718,2
6000,924.5,1.291566274,2
6000,924.55,1.291593832,2
6000,924.6,1.291621392,2
6000,924.65,1.291648952,2
6000,924.7,1.291676514,2
6000,924.75,1.291704078,2
6000,924.8,1.291731642,2
6000,924.85,1.291759208,2
6000,924.9,1.291786776,2
6000,924.95,1.291814344,2
6000,925,1.291841914,2
6000,925.05,1.291869486,2
6000,925.1,1.291897058,2
6000,925.15,1.291924632,2
6000,925.2,1.291952207,2
6000,925.25,1.291979784,2
6000,925.3,1.292007362,2
6000,925.35,1.292034941,2
6000,925.4,1.292062522,2
6000,925.45,1.292090104,2
6000,925.5,1.292117687,2
6000,925.55,1.292145271,2
6000,925.6,1.292172857,2
6000,925.65,1.292200444,2
6000,925.7,1.292228033,2
6000,925.75,1.292255623,2
6000,925.8,1.292283214,2
6000,925.85,1.292310806,2
6000,925.9,1.2923384,2
6000,925.95,1.292365995,2
6000,926,1.292393592,2
6000,926.05,1.292421189,2
6000,926.1,1.292448789,2
6000,926.15,1.292476389,2
6000,926.2,1.292503991,2
6000,926.25,1.292531594,2
6000,926.3,1.292559198,2
6000,926.35,1.292586804,2
6000,926.4,1.292614411,2
6000,926.45,1.292642019,2
6000,926.5,1.292669629,2
6000,926.55,1.29269724,2
6000,926.6,1.292724853,2
6000,926.65,1.292752466,2
6000,926.7,1.292780081,2
6000,926.75,1.292807698,2
6000,926.8,1.292835315,2
6000,926.85,1.292862934,2
6000,926.9,1.292890555,2
6000,926.95,1.292918176,2
6000,927,1.292945799,2
6000,927.05,1.292973424,2
6000,927.1,1.293001049,2
6000,927.15,1.293028676,2
6000,927.2,1.293056305,2
6000,927.25,1.293083934,2
6000,927.3,1.293111565,2
6000,927.35,1.293139197,2
6000,927.4,1.293166831,2
6000,927.45,1.293194466,2
6000,927.5,1.293222102,2
6000,927.55,1.29324974,2
6000,927.6,1.293277379,2
6000,927.65,1.293305019,2
6000,927.7,1.293332661,2
6000,927.75,1.293360304,2
6000,927.8,1.293387948,2
6000,927.85,1.293415593,2
6000,927.9,1.29344324,2
6000,927.95,1.293470889,2
6000,928,1.293498538,2
6000,928.05,1.293526189,2
6000,928.1,1.293553841,2
6000,928.15,1.293581495,2
6000,928.2,1.29360915,2
6000,928.25,1.293636806,2
6000,928.3,1.293664464,2
6000,928.35,1.293692123,2
6000,928.4,1.293719783,2
6000,928.45,1.293747444,2
6000,928.5,1.293775107,2
6000,928.55,1.293802771,2
6000,928.6,1.293830437,2
6000,928.65,1.293858104,2
6000,928.7,1.293885772,2
6000,928.75,1.293913442,2
6000,928.8,1.293941113,2
6000,928.85,1.293968785,2
6000,928.9,1.293996458,2
6000,928.95,1.294024133,2
6000,929,1.294051809,2
6000,929.05,1.294079487,2
6000,929.1,1.294107166,2
6000,929.15,1.294134846,2
6000,929.2,1.294162528,2
6000,929.25,1.29419021,2
6000,929.3,1.294217895,2
6000,929.35,1.29424558,2
6000,929.4,1.294273267,2
6000,929.45,1.294300955,2
6000,929.5,1.294328645,2
6000,929.55,1.294356336,2
6000,929.6,1.294384028,2
6000,929.65,1.294411721,2
6000,929.7,1.294439416,2
6000,929.75,1.294467113,2
6000,929.8,1.29449481,2
6000,929.85,1.294522509,2
6000,929.9,1.294550209,2
6000,929.95,1.294577911,2
6000,930,1.294605614,2
6000,930.05,1.294633318,2
6000,930.1,1.294661023,2
6000,930.15,1.29468873,2
6000,930.2,1.294716439,2
6000,930.25,1.294744148,2
6000,930.3,1.294771859,2
6000,930.35,1.294799571,2
6000,930.4,1.294827285,2
6000,930.45,1.294855,2
6000,930.5,1.294882716,2
6000,930.55,1.294910434,2
6000,930.6,1.294938153,2
6000,930.65,1.294965873,2
6000,930.7,1.294993594,2
6000,930.75,1.295021317,2
6000,930.8,1.295049042,2
6000,930.85,1.295076767,2
6000,930.9,1.295104494,2
6000,930.95,1.295132222,2
6000,931,1.295159952,2
6000,931.05,1.295187683,2
6000,931.1,1.295215415,2
6000,931.15,1.295243149,2
6000,931.2,1.295270884,2
6000,931.25,1.29529862,2
6000,931.3,1.295326358,2
6000,931.35,1.295354097,2
6000,931.4,1.295381837,2
6000,931.45,1.295409579,2
6000,931.5,1.295437322,2
6000,931.55,1.295465066,2
6000,931.6,1.295492812,2
6000,931.65,1.295520559,2
6000,931.7,1.295548307,2
6000,931.75,1.295576057,2
6000,931.8,1.295603808,2
6000,931.85,1.29563156,2
6000,931.9,1.295659314,2
6000,931.95,1.295687069,2
6000,932,1.295714826,2
6000,932.05,1.295742583,2
6000,932.1,1.295770342,2
6000,932.15,1.295798103,2
6000,932.2,1.295825865,2
6000,932.25,1.295853628,2
6000,932.3,1.295881392,2
6000,932.35,1.295909158,2
6000,932.4,1.295936925,2
6000,932.45,1.295964693,2
6000,932.5,1.295992463,2
6000,932.55,1.296020234,2
6000,932.6,1.296048007,2
6000,932.65,1.296075781,2
6000,932.7,1.296103556,2
6000,932.75,1.296131332,2
6000,932.8,1.29615911,2
6000,932.85,1.296186889,2
6000,932.9,1.29621467,2
6000,932.95,1.296242452,2
6000,933,1.296270235,2
6000,933.05,1.29629802,2
6000,933.1,1.296325806,2
6000,933.15,1.296353593,2
6000,933.2,1.296381381,2
6000,933.25,1.296409171,2
6000,933.3,1.296436963,2
6000,933.35,1.296464755,2
6000,933.4,1.296492549,2
6000,933.45,1.296520344,2
6000,933.5,1.296548141,2
6000,933.55,1.296575939,2
6000,933.6,1.296603738,2
6000,933.65,1.296631539,2
6000,933.7,1.296659341,2
6000,933.75,1.296687144,2
6000,933.8,1.296714949,2
6000,933.85,1.296742755,2
6000,933.9,1.296770563,2
6000,933.95,1.296798371,2
6000,934,1.296826181,2
6000,934.05,1.296853993,2
6000,934.1,1.296881806,2
6000,934.15,1.29690962,2
6000,934.2,1.296937435,2
6000,934.25,1.296965252,2
6000,934.3,1.29699307,2
6000,934.35,1.29702089,2
6000,934.4,1.29704871,2
6000,934.45,1.297076533,2
6000,934.5,1.297104356,2
6000,934.55,1.297132181,2
6000,934.6,1.297160007,2
6000,934.65,1.297187835,2
6000,934.7,1.297215664,2
6000,934.75,1.297243494,2
6000,934.8,1.297271326,2
6000,934.85,1.297299159,2
6000,934.9,1.297326993,2
6000,934.95,1.297354829,2
6000,935,1.297382666,2
6000,935.05,1.297410504,2
6000,935.1,1.297438344,2
6000,935.15,1.297466185,2
6000,935.2,1.297494027,2
6000,935.25,1.297521871,2
6000,935.3,1.297549716,2
6000,935.35,1.297577562,2
6000,935.4,1.29760541,2
6000,935.45,1.297633259,2
6000,935.5,1.29766111,2
6000,935.55,1.297688961,2
6000,935.6,1.297716814,2
6000,935.65,1.297744669,2
6000,935.7,1.297772525,2
6000,935.75,1.297800382,2
6000,935.8,1.297828241,2
6000,935.85,1.297856101,2
6000,935.9,1.297883962,2
6000,935.95,1.297911824,2
6000,936,1.297939688,2
6000,936.05,1.297967554,2
6000,936.1,1.29799542,2
6000,936.15,1.298023288,2
6000,936.2,1.298051158,2
6000,936.25,1.298079028,2
6000,936.3,1.2981069,2
6000,936.35,1.298134774,2
6000,936.4,1.298162648,2
6000,936.45,1.298190525,2
6000,936.5,1.298218402,2
6000,936.55,1.298246281,2
6000,936.6,1.298274161,2
6000,936.65,1.298302042,2
6000,936.7,1.298329925,2
6000,936.75,1.298357809,2
6000,936.8,1.298385695,2
6000,936.85,1.298413582,2
6000,936.9,1.29844147,2
6000,936.95,1.29846936,2
6000,937,1.298497251,2
6000,937.05,1.298525143,2
6000,937.1,1.298553037,2
6000,937.15,1.298580932,2
6000,937.2,1.298608828,2
6000,937.25,1.298636726,2
6000,937.3,1.298664625,2
6000,937.35,1.298692525,2
6000,937.4,1.298720427,2
6000,937.45,1.29874833,2
6000,937.5,1.298776235,2
6000,937.55,1.29880414,2
6000,937.6,1.298832048,2
6000,937.65,1.298859956,2
6000,937.7,1.298887866,2
6000,937.75,1.298915777,2
6000,937.8,1.29894369,2
6000,937.85,1.298971604,2
6000,937.9,1.298999519,2
6000,937.95,1.299027436,2
6000,938,1.299055354,2
6000,938.05,1.299083273,2
6000,938.1,1.299111194,2
6000,938.15,1.299139116,2
6000,938.2,1.299167039,2
6000,938.25,1.299194964,2
6000,938.3,1.29922289,2
6000,938.35,1.299250817,2
6000,938.4,1.299278746,2
6000,938.45,1.299306676,2
6000,938.5,1.299334608,2
6000,938.55,1.299362541,2
6000,938.6,1.299390475,2
6000,938.65,1.299418411,2
6000,938.7,1.299446348,2
6000,938.75,1.299474286,2
6000,938.8,1.299502226,2
6000,938.85,1.299530167,2
6000,938.9,1.299558109,2
6000,938.95,1.299586053,2
6000,939,1.299613998,2
6000,939.05,1.299641944,2
6000,939.1,1.299669892,2
6000,939.15,1.299697841,2
6000,939.2,1.299725792,2
6000,939.25,1.299753744,2
6000,939.3,1.299781697,2
6000,939.35,1.299809651,2
6000,939.4,1.299837607,2
6000,939.45,1.299865565,2
6000,939.5,1.299893523,2
6000,939.55,1.299921483,2
6000,939.6,1.299949445,2
6000,939.65,1.299977407,2
6000,939.7,1.300005371,2
6000,939.75,1.300033337,2
6000,939.8,1.300061304,2
6000,939.85,1.300089272,2
6000,939.9,1.300117241,2
6000,939.95,1.300145212,2
6000,940,1.300173184,2
6000,940.05,1.300201158,2
6000,940.1,1.300229133,2
6000,940.15,1.300257109,2
6000,940.2,1.300285087,2
6000,940.25,1.300313066,2
6000,940.3,1.300341046,2
6000,940.35,1.300369028,2
6000,940.4,1.300397011,2
6000,940.45,1.300424995,2
6000,940.5,1.300452981,2
6000,940.55,1.300480968,2
6000,940.6,1.300508957,2
6000,940.65,1.300536947,2
6000,940.7,1.300564938,2
6000,940.75,1.300592931,2
6000,940.8,1.300620925,2
6000,940.85,1.30064892,2
6000,940.9,1.300676917,2
6000,940.95,1.300704915,2
6000,941,1.300732914,2
6000,941.05,1.300760915,2
6000,941.1,1.300788917,2
6000,941.15,1.30081692,2
6000,941.2,1.300844925,2
6000,941.25,1.300872931,2
6000,941.3,1.300900939,2
6000,941.35,1.300928948,2
6000,941.4,1.300956958,2
6000,941.45,1.30098497,2
6000,941.5,1.301012983,2
6000,941.55,1.301040997,2
6000,941.6,1.301069013,2
6000,941.65,1.30109703,2
6000,941.7,1.301125048,2
6000,941.75,1.301153068,2
6000,941.8,1.301181089,2
6000,941.85,1.301209112,2
6000,941.9,1.301237136,2
6000,941.95,1.301265161,2
6000,942,1.301293188,2
6000,942.05,1.301321216,2
6000,942.1,1.301349245,2
6000,942.15,1.301377276,2
6000,942.2,1.301405308,2
6000,942.25,1.301433341,2
6000,942.3,1.301461376,2
6000,942.35,1.301489412,2
6000,942.4,1.30151745,2
6000,942.45,1.301545488,2
6000,942.5,1.301573529,2
6000,942.55,1.30160157,2
6000,942.6,1.301629613,2
6000,942.65,1.301657658,2
6000,942.7,1.301685703,2
6000,942.75,1.30171375,2
6000,942.8,1.301741799,2
6000,942.85,1.301769848,2
6000,942.9,1.3017979,2
6000,942.95,1.301825952,2
6000,943,1.301854006,2
6000,943.05,1.301882061,2
6000,943.1,1.301910118,2
6000,943.15,1.301938176,2
6000,943.2,1.301966235,2
6000,943.25,1.301994296,2
6000,943.3,1.302022358,2
6000,943.35,1.302050421,2
6000,943.4,1.302078486,2
6000,943.45,1.302106552,2
6000,943.5,1.30213462,2
6000,943.55,1.302162689,2
6000,943.6,1.302190759,2
6000,943.65,1.302218831,2
6000,943.7,1.302246904,2
6000,943.75,1.302274978,2
6000,943.8,1.302303054,2
6000,943.85,1.302331131,2
6000,943.9,1.302359209,2
6000,943.95,1.302387289,2
6000,944,1.30241537,2
6000,944.05,1.302443453,2
6000,944.1,1.302471537,2
6000,944.15,1.302499622,2
6000,944.2,1.302527709,2
6000,944.25,1.302555797,2
6000,944.3,1.302583886,2
6000,944.35,1.302611977,2
6000,944.4,1.302640069,2
6000,944.45,1.302668162,2
6000,944.5,1.302696257,2
6000,944.55,1.302724353,2
6000,944.6,1.302752451,2
6000,944.65,1.30278055,2
6000,944.7,1.30280865,2
6000,944.75,1.302836752,2
6000,944.8,1.302864855,2
6000,944.85,1.302892959,2
6000,944.9,1.302921065,2
6000,944.95,1.302949172,2
6000,945,1.302977281,2
6000,945.05,1.303005391,2
6000,945.1,1.303033502,2
6000,945.15,1.303061615,2
6000,945.2,1.303089729,2
6000,945.25,1.303117844,2
6000,945.3,1.303145961,2
6000,945.35,1.303174079,2
6000,945.4,1.303202198,2
6000,945.45,1.303230319,2
6000,945.5,1.303258441,2
6000,945.55,1.303286565,2
6000,945.6,1.30331469,2
6000,945.65,1.303342816,2
6000,945.7,1.303370944,2
6000,945.75,1.303399073,2
6000,945.8,1.303427203,2
6000,945.85,1.303455335,2
6000,945.9,1.303483468,2
6000,945.95,1.303511603,2
6000,946,1.303539739,2
6000,946.05,1.303567876,2
6000,946.1,1.303596015,2
6000,946.15,1.303624155,2
6000,946.2,1.303652296,2
6000,946.25,1.303680439,2
6000,946.3,1.303708583,2
6000,946.35,1.303736729,2
6000,946.4,1.303764876,2
6000,946.45,1.303793024,2
6000,946.5,1.303821174,2
6000,946.55,1.303849325,2
6000,946.6,1.303877477,2
6000,946.65,1.303905631,2
6000,946.7,1.303933786,2
6000,946.75,1.303961942,2
6000,946.8,1.3039901,2
6000,946.85,1.304018259,2
6000,946.9,1.30404642,2
6000,946.95,1.304074582,2
6000,947,1.304102745,2
6000,947.05,1.30413091,2
6000,947.1,1.304159076,2
6000,947.15,1.304187244,2
6000,947.2,1.304215412,2
6000,947.25,1.304243583,2
6000,947.3,1.304271754,2
6000,947.35,1.304299927,2
6000,947.4,1.304328101,2
6000,947.45,1.304356277,2
6000,947.5,1.304384454,2
6000,947.55,1.304412633,2
6000,947.6,1.304440813,2
6000,947.65,1.304468994,2
6000,947.7,1.304497176,2
6000,947.75,1.30452536,2
6000,947.8,1.304553546,2
6000,947.85,1.304581732,2
6000,947.9,1.30460992,2
6000,947.95,1.30463811,2
6000,948,1.304666301,2
6000,948.05,1.304694493,2
6000,948.1,1.304722686,2
6000,948.15,1.304750881,2
6000,948.2,1.304779078,2
6000,948.25,1.304807275,2
6000,948.3,1.304835474,2
6000,948.35,1.304863675,2
6000,948.4,1.304891877,2
6000,948.45,1.30492008,2
6000,948.5,1.304948285,2
6000,948.55,1.30497649,2
6000,948.6,1.305004698,2
6000,948.65,1.305032907,2
6000,948.7,1.305061117,2
6000,948.75,1.305089328,2
6000,948.8,1.305117541,2
6000,948.85,1.305145755,2
6000,948.9,1.305173971,2
6000,948.95,1.305202188,2
6000,949,1.305230406,2
6000,949.05,1.305258626,2
6000,949.1,1.305286847,2
6000,949.15,1.305315069,2
6000,949.2,1.305343293,2
6000,949.25,1.305371518,2
6000,949.3,1.305399745,2
6000,949.35,1.305427973,2
6000,949.4,1.305456202,2
6000,949.45,1.305484433,2
6000,949.5,1.305512665,2
6000,949.55,1.305540899,2
6000,949.6,1.305569133,2
6000,949.65,1.30559737,2
6000,949.7,1.305625607,2
6000,949.75,1.305653846,2
6000,949.8,1.305682087,2
6000,949.85,1.305710328,2
6000,949.9,1.305738572,2
6000,949.95,1.305766816,2
6000,950,1.305795062,2
6000,950.05,1.305823309,2
6000,950.1,1.305851558,2
6000,950.15,1.305879808,2
6000,950.2,1.305908059,2
6000,950.25,1.305936312,2
6000,950.3,1.305964566,2
6000,950.35,1.305992822,2
6000,950.4,1.306021079,2
6000,950.45,1.306049337,2
6000,950.5,1.306077597,2
6000,950.55,1.306105858,2
6000,950.6,1.30613412,2
6000,950.65,1.306162384,2
6000,950.7,1.306190649,2
6000,950.75,1.306218916,2
6000,950.8,1.306247184,2
6000,950.85,1.306275453,2
6000,950.9,1.306303724,2
6000,950.95,1.306331996,2
6000,951,1.30636027,2
6000,951.05,1.306388544,2
6000,951.1,1.306416821,2
6000,951.15,1.306445098,2
6000,951.2,1.306473377,2
6000,951.25,1.306501658,2
6000,951.3,1.30652994,2
6000,951.35,1.306558223,2
6000,951.4,1.306586507,2
6000,951.45,1.306614793,2
6000,951.5,1.30664308,2
6000,951.55,1.306671369,2
6000,951.6,1.306699659,2
6000,951.65,1.306727951,2
6000,951.7,1.306756243,2
6000,951.75,1.306784538,2
6000,951.8,1.306812833,2
6000,951.85,1.30684113,2
6000,951.9,1.306869429,2
6000,951.95,1.306897728,2
6000,952,1.30692603,2
6000,952.05,1.306954332,2
6000,952.1,1.306982636,2
6000,952.15,1.307010941,2
6000,952.2,1.307039248,2
6000,952.25,1.307067556,2
6000,952.3,1.307095865,2
6000,952.35,1.307124176,2
6000,952.4,1.307152488,2
6000,952.45,1.307180802,2
6000,952.5,1.307209117,2
6000,952.55,1.307237433,2
6000,952.6,1.307265751,2
6000,952.65,1.30729407,2
6000,952.7,1.307322391,2
6000,952.75,1.307350712,2
6000,952.8,1.307379036,2
6000,952.85,1.30740736,2
6000,952.9,1.307435686,2
6000,952.95,1.307464014,2
6000,953,1.307492343,2
6000,953.05,1.307520673,2
6000,953.1,1.307549004,2
6000,953.15,1.307577337,2
6000,953.2,1.307605672,2
6000,953.25,1.307634007,2
6000,953.3,1.307662345,2
6000,953.35,1.307690683,2
6000,953.4,1.307719023,2
6000,953.45,1.307747364,2
6000,953.5,1.307775707,2
6000,953.55,1.307804051,2
6000,953.6,1.307832396,2
6000,953.65,1.307860743,2
6000,953.7,1.307889091,2
6000,953.75,1.307917441,2
6000,953.8,1.307945792,2
6000,953.85,1.307974144,2
6000,953.9,1.308002498,2
6000,953.95,1.308030853,2
6000,954,1.30805921,2
6000,954.05,1.308087568,2
6000,954.1,1.308115927,2
6000,954.15,1.308144288,2
6000,954.2,1.30817265,2
6000,954.25,1.308201013,2
6000,954.3,1.308229378,2
6000,954.35,1.308257744,2
6000,954.4,1.308286112,2
6000,954.45,1.308314481,2
6000,954.5,1.308342851,2
6000,954.55,1.308371223,2
6000,954.6,1.308399596,2
6000,954.65,1.308427971,2
6000,954.7,1.308456347,2
6000,954.75,1.308484724,2
6000,954.8,1.308513103,2
6000,954.85,1.308541483,2
6000,954.9,1.308569864,2
6000,954.95,1.308598247,2
6000,955,1.308626632,2
6000,955.05,1.308655017,2
6000,955.1,1.308683404,2
6000,955.15,1.308711793,2
6000,955.2,1.308740183,2
6000,955.25,1.308768574,2
6000,955.3,1.308796966,2
6000,955.35,1.308825361,2
6000,955.4,1.308853756,2
6000,955.45,1.308882153,2
6000,955.5,1.308910551,2
6000,955.55,1.30893895,2
6000,955.6,1.308967351,2
6000,955.65,1.308995754,2
6000,955.7,1.309024157,2
6000,955.75,1.309052563,2
6000,955.8,1.309080969,2
6000,955.85,1.309109377,2
6000,955.9,1.309137786,2
6000,955.95,1.309166197,2
6000,956,1.309194609,2
6000,956.05,1.309223023,2
6000,956.1,1.309251437,2
6000,956.15,1.309279854,2
6000,956.2,1.309308271,2
6000,956.25,1.30933669,2
6000,956.3,1.309365111,2
6000,956.35,1.309393533,2
6000,956.4,1.309421956,2
6000,956.45,1.30945038,2
6000,956.5,1.309478806,2
6000,956.55,1.309507234,2
6000,956.6,1.309535663,2
6000,956.65,1.309564093,2
6000,956.7,1.309592524,2
6000,956.75,1.309620957,2
6000,956.8,1.309649392,2
6000,956.85,1.309677827,2
6000,956.9,1.309706265,2
6000,956.95,1.309734703,2
6000,957,1.309763143,2
6000,957.05,1.309791584,2
6000,957.1,1.309820027,2
6000,957.15,1.309848471,2
6000,957.2,1.309876917,2
6000,957.25,1.309905363,2
6000,957.3,1.309933812,2
6000,957.35,1.309962261,2
6000,957.4,1.309990713,2
6000,957.45,1.310019165,2
6000,957.5,1.310047619,2
6000,957.55,1.310076074,2
6000,957.6,1.310104531,2
6000,957.65,1.310132989,2
6000,957.7,1.310161448,2
6000,957.75,1.310189909,2
6000,957.8,1.310218371,2
6000,957.85,1.310246835,2
6000,957.9,1.3102753,2
6000,957.95,1.310303766,2
6000,958,1.310332234,2
6000,958.05,1.310360703,2
6000,958.1,1.310389174,2
6000,958.15,1.310417646,2
6000,958.2,1.310446119,2
6000,958.25,1.310474594,2
6000,958.3,1.31050307,2
6000,958.35,1.310531548,2
6000,958.4,1.310560027,2
6000,958.45,1.310588507,2
6000,958.5,1.310616989,2
6000,958.55,1.310645472,2
6000,958.6,1.310673956,2
6000,958.65,1.310702442,2
6000,958.7,1.31073093,2
6000,958.75,1.310759418,2
6000,958.8,1.310787909,2
6000,958.85,1.3108164,2
6000,958.9,1.310844893,2
6000,958.95,1.310873387,2
6000,959,1.310901883,2
6000,959.05,1.31093038,2
6000,959.1,1.310958879,2
6000,959.15,1.310987379,2
6000,959.2,1.31101588,2
6000,959.25,1.311044383,2
6000,959.3,1.311072887,2
6000,959.35,1.311101392,2
6000,959.4,1.311129899,2
6000,959.45,1.311158407,2
6000,959.5,1.311186917,2
6000,959.55,1.311215428,2
6000,959.6,1.311243941,2
6000,959.65,1.311272454,2
6000,959.7,1.31130097,2
6000,959.75,1.311329486,2
6000,959.8,1.311358005,2
6000,959.85,1.311386524,2
6000,959.9,1.311415045,2
6000,959.95,1.311443567,2
6000,960,1.311472091,2
6000,960.05,1.311500616,2
6000,960.1,1.311529142,2
6000,960.15,1.31155767,2
6000,960.2,1.311586199,2
6000,960.25,1.31161473,2
6000,960.3,1.311643262,2
6000,960.35,1.311671796,2
6000,960.4,1.311700331,2
6000,960.45,1.311728867,2
6000,960.5,1.311757404,2
6000,960.55,1.311785944,2
6000,960.6,1.311814484,2
6000,960.65,1.311843026,2
6000,960.7,1.311871569,2
6000,960.75,1.311900114,2
6000,960.8,1.31192866,2
6000,960.85,1.311957207,2
6000,960.9,1.311985756,2
6000,960.95,1.312014306,2
6000,961,1.312042858,2
6000,961.05,1.312071411,2
6000,961.1,1.312099966,2
6000,961.15,1.312128522,2
6000,961.2,1.312157079,2
6000,961.25,1.312185637,2
6000,961.3,1.312214198,2
6000,961.35,1.312242759,2
6000,961.4,1.312271322,2
6000,961.45,1.312299886,2
6000,961.5,1.312328452,2
6000,961.55,1.312357019,2
6000,961.6,1.312385587,2
6000,961.65,1.312414157,2
6000,961.7,1.312442729,2
6000,961.75,1.312471301,2
6000,961.8,1.312499875,2
6000,961.85,1.312528451,2
6000,961.9,1.312557028,2
6000,961.95,1.312585606,2
6000,962,1.312614186,2
6000,962.05,1.312642767,2
6000,962.1,1.312671349,2
6000,962.15,1.312699933,2
6000,962.2,1.312728519,2
6000,962.25,1.312757105,2
6000,962.3,1.312785693,2
6000,962.35,1.312814283,2
6000,962.4,1.312842874,2
6000,962.45,1.312871466,2
6000,962.5,1.31290006,2
6000,962.55,1.312928655,2
6000,962.6,1.312957252,2
6000,962.65,1.312985849,2
6000,962.7,1.313014449,2
6000,962.75,1.31304305,2
6000,962.8,1.313071652,2
6000,962.85,1.313100255,2
6000,962.9,1.31312886,2
6000,962.95,1.313157467,2
6000,963,1.313186074,2
6000,963.05,1.313214684,2
6000,963.1,1.313243294,2
6000,963.15,1.313271906,2
6000,963.2,1.31330052,2
6000,963.25,1.313329134,2
6000,963.3,1.313357751,2
6000,963.35,1.313386368,2
6000,963.4,1.313414987,2
6000,963.45,1.313443608,2
6000,963.5,1.313472229,2
6000,963.55,1.313500853,2
6000,963.6,1.313529477,2
6000,963.65,1.313558103,2
6000,963.7,1.313586731,2
6000,963.75,1.31361536,2
6000,963.8,1.31364399,2
6000,963.85,1.313672622,2
6000,963.9,1.313701255,2
6000,963.95,1.313729889,2
6000,964,1.313758525,2
6000,964.05,1.313787162,2
6000,964.1,1.313815801,2
6000,964.15,1.313844441,2
6000,964.2,1.313873083,2
6000,964.25,1.313901725,2
6000,964.3,1.31393037,2
6000,964.35,1.313959015,2
6000,964.4,1.313987663,2
6000,964.45,1.314016311,2
6000,964.5,1.314044961,2
6000,964.55,1.314073612,2
6000,964.6,1.314102265,2
6000,964.65,1.314130919,2
6000,964.7,1.314159575,2
6000,964.75,1.314188232,2
6000,964.8,1.31421689,2
6000,964.85,1.31424555,2
6000,964.9,1.314274211,2
6000,964.95,1.314302874,2
6000,965,1.314331538,2
6000,965.05,1.314360204,2
6000,965.1,1.31438887,2
6000,965.15,1.314417539,2
6000,965.2,1.314446208,2
6000,965.25,1.314474879,2
6000,965.3,1.314503552,2
6000,965.35,1.314532226,2
6000,965.4,1.314560901,2
6000,965.45,1.314589578,2
6000,965.5,1.314618256,2
6000,965.55,1.314646935,2
6000,965.6,1.314675616,2
6000,965.65,1.314704299,2
6000,965.7,1.314732982,2
6000,965.75,1.314761668,2
6000,965.8,1.314790354,2
6000,965.85,1.314819042,2
6000,965.9,1.314847732,2
6000,965.95,1.314876422,2
6000,966,1.314905115,2
6000,966.05,1.314933808,2
6000,966.1,1.314962503,2
6000,966.15,1.3149912,2
6000,966.2,1.315019898,2
6000,966.25,1.315048597,2
6000,966.3,1.315077298,2
6000,966.35,1.315106,2
6000,966.4,1.315134703,2
6000,966.45,1.315163408,2
6000,966.5,1.315192114,2
6000,966.55,1.315220822,2
6000,966.6,1.315249531,2
6000,966.65,1.315278242,2
6000,966.7,1.315306954,2
6000,966.75,1.315335667,2
6000,966.8,1.315364382,2
6000,966.85,1.315393098,2
6000,966.9,1.315421816,2
6000,966.95,1.315450535,2
6000,967,1.315479255,2
6000,967.05,1.315507977,2
6000,967.1,1.3155367,2
6000,967.15,1.315565425,2
6000,967.2,1.315594151,2
6000,967.25,1.315622879,2
6000,967.3,1.315651608,2
6000,967.35,1.315680338,2
6000,967.4,1.31570907,2
6000,967.45,1.315737803,2
6000,967.5,1.315766537,2
6000,967.55,1.315795273,2
6000,967.6,1.315824011,2
6000,967.65,1.31585275,2
6000,967.7,1.31588149,2
6000,967.75,1.315910231,2
6000,967.8,1.315938974,2
6000,967.85,1.315967719,2
6000,967.9,1.315996465,2
6000,967.95,1.316025212,2
6000,968,1.316053961,2
6000,968.05,1.316082711,2
6000,968.1,1.316111462,2
6000,968.15,1.316140215,2
6000,968.2,1.31616897,2
6000,968.25,1.316197726,2
6000,968.3,1.316226483,2
6000,968.35,1.316255241,2
6000,968.4,1.316284001,2
6000,968.45,1.316312763,2
6000,968.5,1.316341526,2
6000,968.55,1.31637029,2
6000,968.6,1.316399056,2
6000,968.65,1.316427823,2
6000,968.7,1.316456591,2
6000,968.75,1.316485361,2
6000,968.8,1.316514133,2
6000,968.85,1.316542905,2
6000,968.9,1.316571679,2
6000,968.95,1.316600455,2
6000,969,1.316629232,2
6000,969.05,1.31665801,2
6000,969.1,1.31668679,2
6000,969.15,1.316715572,2
6000,969.2,1.316744354,2
6000,969.25,1.316773138,2
6000,969.3,1.316801924,2
6000,969.35,1.316830711,2
6000,969.4,1.316859499,2
6000,969.45,1.316888289,2
6000,969.5,1.31691708,2
6000,969.55,1.316945873,2
6000,969.6,1.316974667,2
6000,969.65,1.317003462,2
6000,969.7,1.317032259,2
6000,969.75,1.317061057,2
6000,969.8,1.317089857,2
6000,969.85,1.317118658,2
6000,969.9,1.31714746,2
6000,969.95,1.317176264,2
6000,970,1.31720507,2
6000,970.05,1.317233876,2
6000,970.1,1.317262685,2
6000,970.15,1.317291494,2
6000,970.2,1.317320305,2
6000,970.25,1.317349118,2
6000,970.3,1.317377931,2
6000,970.35,1.317406747,2
6000,970.4,1.317435563,2
6000,970.45,1.317464382,2
6000,970.5,1.317493201,2
6000,970.55,1.317522022,2
6000,970.6,1.317550844,2
6000,970.65,1.317579668,2
6000,970.7,1.317608493,2
6000,970.75,1.31763732,2
6000,970.8,1.317666148,2
6000,970.85,1.317694978,2
6000,970.9,1.317723808,2
6000,970.95,1.317752641,2
6000,971,1.317781474,2
6000,971.05,1.31781031,2
6000,971.1,1.317839146,2
6000,971.15,1.317867984,2
6000,971.2,1.317896823,2
6000,971.25,1.317925664,2
6000,971.3,1.317954507,2
6000,971.35,1.31798335,2
6000,971.4,1.318012195,2
6000,971.45,1.318041042,2
6000,971.5,1.31806989,2
6000,971.55,1.318098739,2
6000,971.6,1.31812759,2
6000,971.65,1.318156442,2
6000,971.7,1.318185296,2
6000,971.75,1.318214151,2
6000,971.8,1.318243007,2
6000,971.85,1.318271865,2
6000,971.9,1.318300724,2
6000,971.95,1.318329585,2
6000,972,1.318358447,2
6000,972.05,1.318387311,2
6000,972.1,1.318416176,2
6000,972.15,1.318445042,2
6000,972.2,1.31847391,2
6000,972.25,1.318502779,2
6000,972.3,1.31853165,2
6000,972.35,1.318560522,2
6000,972.4,1.318589395,2
6000,972.45,1.31861827,2
6000,972.5,1.318647147,2
6000,972.55,1.318676024,2
6000,972.6,1.318704904,2
6000,972.65,1.318733784,2
6000,972.7,1.318762666,2
6000,972.75,1.31879155,2
6000,972.8,1.318820435,2
6000,972.85,1.318849321,2
6000,972.9,1.318878209,2
6000,972.95,1.318907098,2
6000,973,1.318935988,2
6000,973.05,1.31896488,2
6000,973.1,1.318993774,2
6000,973.15,1.319022669,2
6000,973.2,1.319051565,2
6000,973.25,1.319080463,2
6000,973.3,1.319109362,2
6000,973.35,1.319138262,2
6000,973.4,1.319167164,2
6000,973.45,1.319196068,2
6000,973.5,1.319224972,2
6000,973.55,1.319253879,2
6000,973.6,1.319282786,2
6000,973.65,1.319311695,2
6000,973.7,1.319340606,2
6000,973.75,1.319369518,2
6000,973.8,1.319398431,2
6000,973.85,1.319427346,2
6000,973.9,1.319456262,2
6000,973.95,1.31948518,2
6000,974,1.319514099,2
6000,974.05,1.31954302,2
6000,974.1,1.319571941,2
6000,974.15,1.319600865,2
6000,974.2,1.31962979,2
6000,974.25,1.319658716,2
6000,974.3,1.319687643,2
6000,974.35,1.319716572,2
6000,974.4,1.319745503,2
6000,974.45,1.319774435,2
6000,974.5,1.319803368,2
6000,974.55,1.319832303,2
6000,974.6,1.319861239,2
6000,974.65,1.319890177,2
6000,974.7,1.319919116,2
6000,974.75,1.319948056,2
6000,974.8,1.319976998,2
6000,974.85,1.320005941,2
6000,974.9,1.320034886,2
6000,974.95,1.320063832,2
6000,975,1.32009278,2
6000,975.05,1.320121729,2
6000,975.1,1.320150679,2
6000,975.15,1.320179631,2
6000,975.2,1.320208584,2
6000,975.25,1.320237539,2
6000,975.3,1.320266495,2
6000,975.35,1.320295453,2
6000,975.4,1.320324412,2
6000,975.45,1.320353372,2
6000,975.5,1.320382334,2
6000,975.55,1.320411298,2
6000,975.6,1.320440262,2
6000,975.65,1.320469228,2
6000,975.7,1.320498196,2
6000,975.75,1.320527165,2
6000,975.8,1.320556135,2
6000,975.85,1.320585107,2
6000,975.9,1.320614081,2
6000,975.95,1.320643055,2
6000,976,1.320672031,2
6000,976.05,1.320701009,2
6000,976.1,1.320729988,2
6000,976.15,1.320758968,2
6000,976.2,1.32078795,2
6000,976.25,1.320816934,2
6000,976.3,1.320845918,2
6000,976.35,1.320874904,2
6000,976.4,1.320903892,2
6000,976.45,1.320932881,2
6000,976.5,1.320961872,2
6000,976.55,1.320990863,2
6000,976.6,1.321019857,2
6000,976.65,1.321048851,2
6000,976.7,1.321077848,2
6000,976.75,1.321106845,2
6000,976.8,1.321135844,2
6000,976.85,1.321164845,2
6000,976.9,1.321193847,2
6000,976.95,1.32122285,2
6000,977,1.321251855,2
6000,977.05,1.321280861,2
6000,977.1,1.321309868,2
6000,977.15,1.321338877,2
6000,977.2,1.321367888,2
6000,977.25,1.3213969,2
6000,977.3,1.321425913,2
6000,977.35,1.321454928,2
6000,977.4,1.321483944,2
6000,977.45,1.321512962,2
6000,977.5,1.321541981,2
6000,977.55,1.321571001,2
6000,977.6,1.321600023,2
6000,977.65,1.321629047,2
6000,977.7,1.321658071,2
6000,977.75,1.321687098,2
6000,977.8,1.321716125,2
6000,977.85,1.321745154,2
6000,977.9,1.321774185,2
6000,977.95,1.321803217,2
6000,978,1.32183225,2
6000,978.05,1.321861285,2
6000,978.1,1.321890321,2
6000,978.15,1.321919359,2
6000,978.2,1.321948398,2
6000,978.25,1.321977439,2
6000,978.3,1.32200648,2
6000,978.35,1.322035524,2
6000,978.4,1.322064569,2
6000,978.45,1.322093615,2
6000,978.5,1.322122663,2
6000,978.55,1.322151712,2
6000,978.6,1.322180762,2
6000,978.65,1.322209814,2
6000,978.7,1.322238868,2
6000,978.75,1.322267923,2
6000,978.8,1.322296979,2
6000,978.85,1.322326037,2
6000,978.9,1.322355096,2
6000,978.95,1.322384157,2
6000,979,1.322413219,2
6000,979.05,1.322442282,2
6000,979.1,1.322471347,2
6000,979.15,1.322500413,2
6000,979.2,1.322529481,2
6000,979.25,1.32255855,2
6000,979.3,1.322587621,2
6000,979.35,1.322616693,2
6000,979.4,1.322645767,2
6000,979.45,1.322674842,2
6000,979.5,1.322703918,2
6000,979.55,1.322732996,2
6000,979.6,1.322762075,2
6000,979.65,1.322791156,2
6000,979.7,1.322820238,2
6000,979.75,1.322849322,2
6000,979.8,1.322878407,2
6000,979.85,1.322907493,2
6000,979.9,1.322936581,2
6000,979.95,1.32296567,2
6000,980,1.322994761,2
6000,980.05,1.323023853,2
6000,980.1,1.323052947,2
6000,980.15,1.323082042,2
6000,980.2,1.323111138,2
6000,980.25,1.323140236,2
6000,980.3,1.323169336,2
6000,980.35,1.323198436,2
6000,980.4,1.323227539,2
6000,980.45,1.323256642,2
6000,980.5,1.323285748,2
6000,980.55,1.323314854,2
6000,980.6,1.323343962,2
6000,980.65,1.323373072,2
6000,980.7,1.323402182,2
6000,980.75,1.323431295,2
6000,980.8,1.323460408,2
6000,980.85,1.323489524,2
6000,980.9,1.32351864,2
6000,980.95,1.323547758,2
6000,981,1.323576878,2
6000,981.05,1.323605999,2
6000,981.1,1.323635121,2
6000,981.15,1.323664245,2
6000,981.2,1.32369337,2
6000,981.25,1.323722497,2
6000,981.3,1.323751625,2
6000,981.35,1.323780755,2
6000,981.4,1.323809886,2
6000,981.45,1.323839018,2
6000,981.5,1.323868152,2
6000,981.55,1.323897287,2
6000,981.6,1.323926424,2
6000,981.65,1.323955562,2
6000,981.7,1.323984702,2
6000,981.75,1.324013843,2
6000,981.8,1.324042985,2
6000,981.85,1.324072129,2
6000,981.9,1.324101275,2
6000,981.95,1.324130422,2
6000,982,1.32415957,2
6000,982.05,1.324188719,2
6000,982.1,1.324217871,2
6000,982.15,1.324247023,2
6000,982.2,1.324276177,2
6000,982.25,1.324305333,2
6000,982.3,1.32433449,2
6000,982.35,1.324363648,2
6000,982.4,1.324392808,2
6000,982.45,1.324421969,2
6000,982.5,1.324451132,2
6000,982.55,1.324480296,2
6000,982.6,1.324509461,2
6000,982.65,1.324538628,2
6000,982.7,1.324567797,2
6000,982.75,1.324596967,2
6000,982.8,1.324626138,2
6000,982.85,1.324655311,2
6000,982.9,1.324684485,2
6000,982.95,1.324713661,2
6000,983,1.324742838,2
6000,983.05,1.324772016,2
6000,983.1,1.324801196,2
6000,983.15,1.324830378,2
6000,983.2,1.32485956,2
6000,983.25,1.324888745,2
6000,983.3,1.32491793,2
6000,983.35,1.324947118,2
6000,983.4,1.324976306,2
6000,983.45,1.325005496,2
6000,983.5,1.325034688,2
6000,983.55,1.325063881,2
6000,983.6,1.325093075,2
6000,983.65,1.325122271,2
6000,983.7,1.325151468,2
6000,983.75,1.325180667,2
6000,983.8,1.325209867,2
6000,983.85,1.325239069,2
6000,983.9,1.325268272,2
6000,983.95,1.325297476,2
6000,984,1.325326682,2
6000,984.05,1.32535589,2
6000,984.1,1.325385098,2
6000,984.15,1.325414309,2
6000,984.2,1.32544352,2
6000,984.25,1.325472734,2
6000,984.3,1.325501948,2
6000,984.35,1.325531164,2
6000,984.4,1.325560382,2
6000,984.45,1.325589601,2
6000,984.5,1.325618821,2
6000,984.55,1.325648043,2
6000,984.6,1.325677266,2
6000,984.65,1.325706491,2
6000,984.7,1.325735717,2
6000,984.75,1.325764945,2
6000,984.8,1.325794174,2
6000,984.85,1.325823404,2
6000,984.9,1.325852636,2
6000,984.95,1.325881869,2
6000,985,1.325911104,2
6000,985.05,1.32594034,2
6000,985.1,1.325969578,2
6000,985.15,1.325998817,2
6000,985.2,1.326028058,2
6000,985.25,1.3260573,2
6000,985.3,1.326086543,2
6000,985.35,1.326115788,2
6000,985.4,1.326145035,2
6000,985.45,1.326174283,2
6000,985.5,1.326203532,2
6000,985.55,1.326232783,2
6000,985.6,1.326262035,2
6000,985.65,1.326291288,2
6000,985.7,1.326320543,2
6000,985.75,1.3263498,2
6000,985.8,1.326379058,2
6000,985.85,1.326408317,2
6000,985.9,1.326437578,2
6000,985.95,1.32646684,2
6000,986,1.326496104,2
6000,986.05,1.326525369,2
6000,986.1,1.326554636,2
6000,986.15,1.326583904,2
6000,986.2,1.326613174,2
6000,986.25,1.326642445,2
6000,986.3,1.326671717,2
6000,986.35,1.326700991,2
6000,986.4,1.326730266,2
6000,986.45,1.326759543,2
6000,986.5,1.326788821,2
6000,986.55,1.326818101,2
6000,986.6,1.326847382,2
6000,986.65,1.326876664,2
6000,986.7,1.326905948,2
6000,986.75,1.326935234,2
6000,986.8,1.326964521,2
6000,986.85,1.326993809,2
6000,986.9,1.327023099,2
6000,986.95,1.32705239,2
6000,987,1.327081683,2
6000,987.05,1.327110977,2
6000,987.1,1.327140273,2
6000,987.15,1.32716957,2
6000,987.2,1.327198868,2
6000,987.25,1.327228168,2
6000,987.3,1.327257469,2
6000,987.35,1.327286772,2
6000,987.4,1.327316077,2
6000,987.45,1.327345382,2
6000,987.5,1.327374689,2
6000,987.55,1.327403998,2
6000,987.6,1.327433308,2
6000,987.65,1.32746262,2
6000,987.7,1.327491933,2
6000,987.75,1.327521247,2
6000,987.8,1.327550563,2
6000,987.85,1.32757988,2
6000,987.9,1.327609199,2
6000,987.95,1.327638519,2
6000,988,1.327667841,2
6000,988.05,1.327697164,2
6000,988.1,1.327726489,2
6000,988.15,1.327755815,2
6000,988.2,1.327785142,2
6000,988.25,1.327814471,2
6000,988.3,1.327843802,2
6000,988.35,1.327873133,2
6000,988.4,1.327902467,2
6000,988.45,1.327931802,2
6000,988.5,1.327961138,2
6000,988.55,1.327990475,2
6000,988.6,1.328019814,2
6000,988.65,1.328049155,2
6000,988.7,1.328078497,2
6000,988.75,1.32810784,2
6000,988.8,1.328137185,2
6000,988.85,1.328166532,2
6000,988.9,1.32819588,2
6000,988.95,1.328225229,2
6000,989,1.328254579,2
6000,989.05,1.328283932,2
6000,989.1,1.328313285,2
6000,989.15,1.32834264,2
6000,989.2,1.328371997,2
6000,989.25,1.328401355,2
6000,989.3,1.328430714,2
6000,989.35,1.328460075,2
6000,989.4,1.328489437,2
6000,989.45,1.328518801,2
6000,989.5,1.328548166,2
6000,989.55,1.328577533,2
6000,989.6,1.328606901,2
6000,989.65,1.328636271,2
6000,989.7,1.328665642,2
6000,989.75,1.328695014,2
6000,989.8,1.328724388,2
6000,989.85,1.328753764,2
6000,989.9,1.328783141,2
6000,989.95,1.328812519,2
6000,990,1.328841899,2
6000,990.05,1.32887128,2
6000,990.1,1.328900663,2
6000,990.15,1.328930047,2
6000,990.2,1.328959432,2
6000,990.25,1.328988819,2
6000,990.3,1.329018208,2
6000,990.35,1.329047598,2
6000,990.4,1.329076989,2
6000,990.45,1.329106382,2
6000,990.5,1.329135776,2
6000,990.55,1.329165172,2
6000,990.6,1.329194569,2
6000,990.65,1.329223968,2
6000,990.7,1.329253368,2
6000,990.75,1.32928277,2
6000,990.8,1.329312173,2
6000,990.85,1.329341577,2
6000,990.9,1.329370983,2
6000,990.95,1.329400391,2
6000,991,1.3294298,2
6000,991.05,1.32945921,2
6000,991.1,1.329488622,2
6000,991.15,1.329518035,2
6000,991.2,1.32954745,2
6000,991.25,1.329576866,2
6000,991.3,1.329606283,2
6000,991.35,1.329635703,2
6000,991.4,1.329665123,2
6000,991.45,1.329694545,2
6000,991.5,1.329723968,2
6000,991.55,1.329753393,2
6000,991.6,1.32978282,2
6000,991.65,1.329812247,2
6000,991.7,1.329841677,2
6000,991.75,1.329871107,2
6000,991.8,1.32990054,2
6000,991.85,1.329929973,2
6000,991.9,1.329959408,2
6000,991.95,1.329988845,2
6000,992,1.330018283,2
6000,992.05,1.330047722,2
6000,992.1,1.330077163,2
6000,992.15,1.330106606,2
6000,992.2,1.330136049,2
6000,992.25,1.330165495,2
6000,992.3,1.330194941,2
6000,992.35,1.33022439,2
6000,992.4,1.330253839,2
6000,992.45,1.33028329,2
6000,992.5,1.330312743,2
6000,992.55,1.330342197,2
6000,992.6,1.330371653,2
6000,992.65,1.33040111,2
6000,992.7,1.330430568,2
6000,992.75,1.330460028,2
6000,992.8,1.330489489,2
6000,992.85,1.330518952,2
6000,992.9,1.330548416,2
6000,992.95,1.330577882,2
6000,993,1.330607349,2
6000,993.05,1.330636818,2
6000,993.1,1.330666288,2
6000,993.15,1.330695759,2
6000,993.2,1.330725232,2
6000,993.25,1.330754707,2
6000,993.3,1.330784183,2
6000,993.35,1.33081366,2
6000,993.4,1.330843139,2
6000,993.45,1.330872619,2
6000,993.5,1.330902101,2
6000,993.55,1.330931584,2
6000,993.6,1.330961069,2
6000,993.65,1.330990555,2
6000,993.7,1.331020043,2
6000,993.75,1.331049532,2
6000,993.8,1.331079022,2
6000,993.85,1.331108514,2
6000,993.9,1.331138008,2
6000,993.95,1.331167503,2
6000,994,1.331196999,2
6000,994.05,1.331226497,2
6000,994.1,1.331255996,2
6000,994.15,1.331285497,2
6000,994.2,1.331314999,2
6000,994.25,1.331344503,2
6000,994.3,1.331374008,2
6000,994.35,1.331403514,2
6000,994.4,1.331433022,2
6000,994.45,1.331462532,2
6000,994.5,1.331492043,2
6000,994.55,1.331521555,2
6000,994.6,1.331551069,2
6000,994.65,1.331580585,2
6000,994.7,1.331610102,2
6000,994.75,1.33163962,2
6000,994.8,1.33166914,2
6000,994.85,1.331698661,2
6000,994.9,1.331728183,2
6000,994.95,1.331757708,2
6000,995,1.331787233,2
6000,995.05,1.33181676,2
6000,995.1,1.331846289,2
6000,995.15,1.331875819,2
6000,995.2,1.33190535,2
6000,995.25,1.331934883,2
6000,995.3,1.331964418,2
6000,995.35,1.331993953,2
6000,995.4,1.332023491,2
6000,995.45,1.332053029,2
6000,995.5,1.33208257,2
6000,995.55,1.332112111,2
6000,995.6,1.332141655,2
6000,995.65,1.332171199,2
6000,995.7,1.332200745,2
6000,995.75,1.332230293,2
6000,995.8,1.332259842,2
6000,995.85,1.332289392,2
6000,995.9,1.332318944,2
6000,995.95,1.332348498,2
6000,996,1.332378053,2
6000,996.05,1.332407609,2
6000,996.1,1.332437167,2
6000,996.15,1.332466726,2
6000,996.2,1.332496287,2
6000,996.25,1.332525849,2
6000,996.3,1.332555413,2
6000,996.35,1.332584978,2
6000,996.4,1.332614544,2
6000,996.45,1.332644112,2
6000,996.5,1.332673682,2
6000,996.55,1.332703253,2
6000,996.6,1.332732825,2
6000,996.65,1.332762399,2
6000,996.7,1.332791975,2
6000,996.75,1.332821551,2
6000,996.8,1.33285113,2
6000,996.85,1.33288071,2
6000,996.9,1.332910291,2
6000,996.95,1.332939873,2
6000,997,1.332969458,2
6000,997.05,1.332999043,2
6000,997.1,1.33302863,2
6000,997.15,1.333058219,2
6000,997.2,1.333087809,2
6000,997.25,1.333117401,2
6000,997.3,1.333146994,2
6000,997.35,1.333176588,2
6000,997.4,1.333206184,2
6000,997.45,1.333235781,2
6000,997.5,1.33326538,2
6000,997.55,1.33329498,2
6000,997.6,1.333324582,2
6000,997.65,1.333354185,2
6000,997.7,1.33338379,2
6000,997.75,1.333413396,2
6000,997.8,1.333443004,2
6000,997.85,1.333472613,2
6000,997.9,1.333502224,2
6000,997.95,1.333531836,2
6000,998,1.333561449,2
6000,998.05,1.333591064,2
6000,998.1,1.333620681,2
6000,998.15,1.333650299,2
6000,998.2,1.333679918,2
6000,998.25,1.333709539,2
6000,998.3,1.333739161,2
6000,998.35,1.333768785,2
6000,998.4,1.33379841,2
6000,998.45,1.333828037,2
6000,998.5,1.333857665,2
6000,998.55,1.333887295,2
6000,998.6,1.333916926,2
6000,998.65,1.333946559,2
6000,998.7,1.333976193,2
6000,998.75,1.334005828,2
6000,998.8,1.334035465,2
6000,998.85,1.334065104,2
6000,998.9,1.334094744,2
6000,998.95,1.334124385,2
6000,999,1.334154028,2
6000,999.05,1.334183672,2
6000,999.1,1.334213318,2
6000,999.15,1.334242966,2
6000,999.2,1.334272614,2
6000,999.25,1.334302265,2
6000,999.3,1.334331916,2
6000,999.35,1.334361569,2
6000,999.4,1.334391224,2
6000,999.45,1.33442088,2
6000,999.5,1.334450538,2
6000,999.55,1.334480197,2
6000,999.6,1.334509857,2
6000,999.65,1.334539519,2
6000,999.7,1.334569183,2
6000,999.75,1.334598848,2
6000,999.8,1.334628514,2
6000,999.85,1.334658182,2
6000,999.9,1.334687851,2
6000,999.95,1.334717522,2
6000,1000,1.334747195,2
