# p2d-sub-short — Pseudo-2D subcritical, B1 rectangular, 200 m
# SWASHES 3.5.1; Delestre et al. 2013, doi 10.1002/fld.3741
# Independent Python implementation (swasheslib/analytic.py); no SWASHES-tool output vendored.
# grid: 8001 stations (20x model resolution nx=400)
t_s,x_m,h_m,q_m2_per_s
1800,0,0.9020213841,2.085598161
1800,0.025,0.9020264432,2.0857098
1800,0.05,0.9020315138,2.085821562
1800,0.075,0.9020365957,2.085933449
1800,0.1,0.9020416891,2.086045459
1800,0.125,0.902046794,2.086157593
1800,0.15,0.9020519103,2.086269851
1800,0.175,0.9020570382,2.086382233
1800,0.2,0.9020621775,2.08649474
1800,0.225,0.9020673284,2.08660737
1800,0.25,0.9020724909,2.086720126
1800,0.275,0.902077665,2.086833006
1800,0.3,0.9020828507,2.08694601
1800,0.325,0.902088048,2.08705914
1800,0.35,0.902093257,2.087172394
1800,0.375,0.9020984777,2.087285774
1800,0.4,0.90210371,2.087399278
1800,0.425,0.9021089542,2.087512908
1800,0.45,0.90211421,2.087626663
1800,0.475,0.9021194776,2.087740544
1800,0.5,0.9021247571,2.08785455
1800,0.525,0.9021300483,2.087968682
1800,0.55,0.9021353514,2.088082939
1800,0.575,0.9021406664,2.088197323
1800,0.6,0.9021459932,2.088311833
1800,0.625,0.902151332,2.088426468
1800,0.65,0.9021566826,2.08854123
1800,0.675,0.9021620453,2.088656118
1800,0.7,0.9021674199,2.088771133
1800,0.725,0.9021728065,2.088886274
1800,0.75,0.9021782052,2.089001542
1800,0.775,0.9021836159,2.089116936
1800,0.8,0.9021890386,2.089232458
1800,0.825,0.9021944735,2.089348106
1800,0.85,0.9021999205,2.089463882
1800,0.875,0.9022053796,2.089579785
1800,0.9,0.9022108509,2.089695815
1800,0.925,0.9022163344,2.089811972
1800,0.95,0.9022218301,2.089928257
1800,0.975,0.902227338,2.09004467
1800,1,0.9022328582,2.09016121
1800,1.025,0.9022383907,2.090277879
1800,1.05,0.9022439355,2.090394675
1800,1.075,0.9022494926,2.090511599
1800,1.1,0.902255062,2.090628652
1800,1.125,0.9022606439,2.090745833
1800,1.15,0.9022662381,2.090863142
1800,1.175,0.9022718447,2.09098058
1800,1.2,0.9022774638,2.091098146
1800,1.225,0.9022830954,2.091215841
1800,1.25,0.9022887395,2.091333665
1800,1.275,0.9022943961,2.091451618
1800,1.3,0.9023000652,2.0915697
1800,1.325,0.9023057469,2.091687912
1800,1.35,0.9023114412,2.091806252
1800,1.375,0.9023171481,2.091924722
1800,1.4,0.9023228676,2.092043322
1800,1.425,0.9023285998,2.092162051
1800,1.45,0.9023343447,2.092280909
1800,1.475,0.9023401023,2.092399898
1800,1.5,0.9023458727,2.092519017
1800,1.525,0.9023516558,2.092638265
1800,1.55,0.9023574516,2.092757644
1800,1.575,0.9023632603,2.092877154
1800,1.6,0.9023690818,2.092996793
1800,1.625,0.9023749162,2.093116563
1800,1.65,0.9023807635,2.093236464
1800,1.675,0.9023866236,2.093356495
1800,1.7,0.9023924967,2.093476658
1800,1.725,0.9023983828,2.093596951
1800,1.75,0.9024042818,2.093717375
1800,1.775,0.9024101938,2.093837931
1800,1.8,0.9024161189,2.093958618
1800,1.825,0.902422057,2.094079436
1800,1.85,0.9024280081,2.094200386
1800,1.875,0.9024339724,2.094321467
1800,1.9,0.9024399498,2.09444268
1800,1.925,0.9024459404,2.094564025
1800,1.95,0.9024519441,2.094685502
1800,1.975,0.902457961,2.094807111
1800,2,0.9024639912,2.094928853
1800,2.025,0.9024700346,2.095050726
1800,2.05,0.9024760913,2.095172732
1800,2.075,0.9024821613,2.095294871
1800,2.1,0.9024882446,2.095417142
1800,2.125,0.9024943412,2.095539546
1800,2.15,0.9025004513,2.095662082
1800,2.175,0.9025065747,2.095784752
1800,2.2,0.9025127116,2.095907555
1800,2.225,0.9025188619,2.096030491
1800,2.25,0.9025250257,2.09615356
1800,2.275,0.9025312029,2.096276763
1800,2.3,0.9025373938,2.0964001
1800,2.325,0.9025435981,2.09652357
1800,2.35,0.9025498161,2.096647173
1800,2.375,0.9025560476,2.096770911
1800,2.4,0.9025622928,2.096894783
1800,2.425,0.9025685516,2.097018788
1800,2.45,0.9025748241,2.097142928
1800,2.475,0.9025811103,2.097267203
1800,2.5,0.9025874103,2.097391611
1800,2.525,0.902593724,2.097516155
1800,2.55,0.9026000514,2.097640833
1800,2.575,0.9026063927,2.097765645
1800,2.6,0.9026127478,2.097890593
1800,2.625,0.9026191168,2.098015676
1800,2.65,0.9026254997,2.098140894
1800,2.675,0.9026318964,2.098266247
1800,2.7,0.9026383071,2.098391735
1800,2.725,0.9026447318,2.098517359
1800,2.75,0.9026511705,2.098643119
1800,2.775,0.9026576231,2.098769014
1800,2.8,0.9026640898,2.098895045
1800,2.825,0.9026705706,2.099021212
1800,2.85,0.9026770655,2.099147515
1800,2.875,0.9026835745,2.099273954
1800,2.9,0.9026900976,2.099400529
1800,2.925,0.9026966349,2.099527241
1800,2.95,0.9027031864,2.09965409
1800,2.975,0.9027097521,2.099781075
1800,3,0.9027163321,2.099908196
1800,3.025,0.9027229263,2.100035455
1800,3.05,0.9027295349,2.10016285
1800,3.075,0.9027361578,2.100290383
1800,3.1,0.902742795,2.100418052
1800,3.125,0.9027494466,2.100545859
1800,3.15,0.9027561126,2.100673804
1800,3.175,0.9027627931,2.100801886
1800,3.2,0.902769488,2.100930105
1800,3.225,0.9027761974,2.101058463
1800,3.25,0.9027829214,2.101186958
1800,3.275,0.9027896598,2.101315591
1800,3.3,0.9027964129,2.101444363
1800,3.325,0.9028031805,2.101573272
1800,3.35,0.9028099627,2.10170232
1800,3.375,0.9028167596,2.101831507
1800,3.4,0.9028235712,2.101960832
1800,3.425,0.9028303975,2.102090295
1800,3.45,0.9028372385,2.102219898
1800,3.475,0.9028440943,2.102349639
1800,3.5,0.9028509648,2.10247952
1800,3.525,0.9028578502,2.102609539
1800,3.55,0.9028647504,2.102739698
1800,3.575,0.9028716655,2.102869996
1800,3.6,0.9028785954,2.103000434
1800,3.625,0.9028855403,2.103131011
1800,3.65,0.9028925001,2.103261728
1800,3.675,0.9028994749,2.103392585
1800,3.7,0.9029064647,2.103523582
1800,3.725,0.9029134696,2.103654719
1800,3.75,0.9029204895,2.103785996
1800,3.775,0.9029275244,2.103917414
1800,3.8,0.9029345745,2.104048972
1800,3.825,0.9029416397,2.10418067
1800,3.85,0.9029487201,2.104312509
1800,3.875,0.9029558157,2.104444489
1800,3.9,0.9029629265,2.10457661
1800,3.925,0.9029700526,2.104708871
1800,3.95,0.9029771939,2.104841274
1800,3.975,0.9029843506,2.104973819
1800,4,0.9029915226,2.105106504
1800,4.025,0.9029987099,2.105239331
1800,4.05,0.9030059126,2.1053723
1800,4.075,0.9030131308,2.10550541
1800,4.1,0.9030203644,2.105638662
1800,4.125,0.9030276134,2.105772056
1800,4.15,0.903034878,2.105905592
1800,4.175,0.9030421581,2.106039271
1800,4.2,0.9030494537,2.106173091
1800,4.225,0.903056765,2.106307054
1800,4.25,0.9030640918,2.10644116
1800,4.275,0.9030714343,2.106575408
1800,4.3,0.9030787925,2.106709799
1800,4.325,0.9030861664,2.106844333
1800,4.35,0.903093556,2.10697901
1800,4.375,0.9031009613,2.10711383
1800,4.4,0.9031083824,2.107248793
1800,4.425,0.9031158194,2.1073839
1800,4.45,0.9031232722,2.10751915
1800,4.475,0.9031307408,2.107654544
1800,4.5,0.9031382254,2.107790081
1800,4.525,0.9031457259,2.107925762
1800,4.55,0.9031532423,2.108061588
1800,4.575,0.9031607747,2.108197557
1800,4.6,0.9031683232,2.10833367
1800,4.625,0.9031758876,2.108469928
1800,4.65,0.9031834682,2.10860633
1800,4.675,0.9031910648,2.108742877
1800,4.7,0.9031986776,2.108879568
1800,4.725,0.9032063065,2.109016405
1800,4.75,0.9032139517,2.109153386
1800,4.775,0.903221613,2.109290512
1800,4.8,0.9032292906,2.109427783
1800,4.825,0.9032369844,2.1095652
1800,4.85,0.9032446946,2.109702761
1800,4.875,0.9032524211,2.109840469
1800,4.9,0.9032601639,2.109978322
1800,4.925,0.9032679232,2.110116321
1800,4.95,0.9032756988,2.110254465
1800,4.975,0.9032834909,2.110392756
1800,5,0.9032912995,2.110531192
1800,5.025,0.9032991246,2.110669775
1800,5.05,0.9033069662,2.110808504
1800,5.075,0.9033148244,2.11094738
1800,5.1,0.9033226992,2.111086402
1800,5.125,0.9033305907,2.111225571
1800,5.15,0.9033384987,2.111364887
1800,5.175,0.9033464235,2.111504349
1800,5.2,0.903354365,2.111643959
1800,5.225,0.9033623232,2.111783716
1800,5.25,0.9033702982,2.11192362
1800,5.275,0.90337829,2.112063671
1800,5.3,0.9033862986,2.112203871
1800,5.325,0.9033943241,2.112344217
1800,5.35,0.9034023665,2.112484712
1800,5.375,0.9034104258,2.112625354
1800,5.4,0.9034185021,2.112766144
1800,5.425,0.9034265954,2.112907083
1800,5.45,0.9034347056,2.11304817
1800,5.475,0.9034428329,2.113189405
1800,5.5,0.9034509773,2.113330788
1800,5.525,0.9034591388,2.113472321
1800,5.55,0.9034673174,2.113614002
1800,5.575,0.9034755132,2.113755831
1800,5.6,0.9034837262,2.11389781
1800,5.625,0.9034919564,2.114039938
1800,5.65,0.9035002039,2.114182215
1800,5.675,0.9035084687,2.114324642
1800,5.7,0.9035167507,2.114467218
1800,5.725,0.9035250501,2.114609943
1800,5.75,0.9035333669,2.114752818
1800,5.775,0.9035417011,2.114895843
1800,5.8,0.9035500528,2.115039018
1800,5.825,0.9035584219,2.115182343
1800,5.85,0.9035668085,2.115325818
1800,5.875,0.9035752127,2.115469444
1800,5.9,0.9035836344,2.11561322
1800,5.925,0.9035920737,2.115757146
1800,5.95,0.9036005306,2.115901223
1800,5.975,0.9036090052,2.116045451
1800,6,0.9036174975,2.11618983
1800,6.025,0.9036260074,2.11633436
1800,6.05,0.9036345352,2.116479041
1800,6.075,0.9036430807,2.116623873
1800,6.1,0.903651644,2.116768857
1800,6.125,0.9036602252,2.116913992
1800,6.15,0.9036688242,2.117059279
1800,6.175,0.9036774411,2.117204718
1800,6.2,0.903686076,2.117350308
1800,6.225,0.9036947288,2.117496051
1800,6.25,0.9037033997,2.117641946
1800,6.275,0.9037120885,2.117787993
1800,6.3,0.9037207954,2.117934192
1800,6.325,0.9037295205,2.118080544
1800,6.35,0.9037382636,2.118227048
1800,6.375,0.9037470249,2.118373706
1800,6.4,0.9037558044,2.118520516
1800,6.425,0.9037646021,2.118667479
1800,6.45,0.903773418,2.118814595
1800,6.475,0.9037822522,2.118961864
1800,6.5,0.9037911048,2.119109287
1800,6.525,0.9037999757,2.119256863
1800,6.55,0.9038088649,2.119404593
1800,6.575,0.9038177726,2.119552477
1800,6.6,0.9038266987,2.119700514
1800,6.625,0.9038356433,2.119848706
1800,6.65,0.9038446064,2.119997051
1800,6.675,0.903853588,2.120145551
1800,6.7,0.9038625882,2.120294205
1800,6.725,0.903871607,2.120443014
1800,6.75,0.9038806444,2.120591977
1800,6.775,0.9038897005,2.120741095
1800,6.8,0.9038987753,2.120890368
1800,6.825,0.9039078688,2.121039796
1800,6.85,0.9039169811,2.121189378
1800,6.875,0.9039261122,2.121339116
1800,6.9,0.9039352621,2.12148901
1800,6.925,0.9039444308,2.121639059
1800,6.95,0.9039536185,2.121789263
1800,6.975,0.903962825,2.121939623
1800,7,0.9039720506,2.122090139
1800,7.025,0.9039812951,2.122240811
1800,7.05,0.9039905586,2.122391639
1800,7.075,0.9039998412,2.122542623
1800,7.1,0.9040091429,2.122693764
1800,7.125,0.9040184637,2.122845061
1800,7.15,0.9040278036,2.122996514
1800,7.175,0.9040371628,2.123148124
1800,7.2,0.9040465411,2.123299891
1800,7.225,0.9040559387,2.123451815
1800,7.25,0.9040653556,2.123603897
1800,7.275,0.9040747918,2.123756135
1800,7.3,0.9040842474,2.12390853
1800,7.325,0.9040937223,2.124061084
1800,7.35,0.9041032167,2.124213794
1800,7.375,0.9041127305,2.124366663
1800,7.4,0.9041222638,2.124519689
1800,7.425,0.9041318166,2.124672873
1800,7.45,0.9041413889,2.124826215
1800,7.475,0.9041509809,2.124979716
1800,7.5,0.9041605924,2.125133374
1800,7.525,0.9041702236,2.125287192
1800,7.55,0.9041798745,2.125441167
1800,7.575,0.9041895451,2.125595302
1800,7.6,0.9041992355,2.125749595
1800,7.625,0.9042089456,2.125904047
1800,7.65,0.9042186755,2.126058659
1800,7.675,0.9042284253,2.126213429
1800,7.7,0.904238195,2.126368359
1800,7.725,0.9042479846,2.126523449
1800,7.75,0.9042577942,2.126678697
1800,7.775,0.9042676237,2.126834106
1800,7.8,0.9042774733,2.126989675
1800,7.825,0.9042873429,2.127145403
1800,7.85,0.9042972326,2.127301291
1800,7.875,0.9043071424,2.12745734
1800,7.9,0.9043170723,2.127613549
1800,7.925,0.9043270225,2.127769919
1800,7.95,0.9043369929,2.127926449
1800,7.975,0.9043469835,2.12808314
1800,8,0.9043569945,2.128239991
1800,8.025,0.9043670257,2.128397004
1800,8.05,0.9043770773,2.128554178
1800,8.075,0.9043871493,2.128711513
1800,8.1,0.9043972418,2.128869009
1800,8.125,0.9044073547,2.129026667
1800,8.15,0.9044174881,2.129184486
1800,8.175,0.904427642,2.129342468
1800,8.2,0.9044378165,2.129500611
1800,8.225,0.9044480116,2.129658915
1800,8.25,0.9044582273,2.129817383
1800,8.275,0.9044684637,2.129976012
1800,8.3,0.9044787208,2.130134804
1800,8.325,0.9044889987,2.130293758
1800,8.35,0.9044992973,2.130452875
1800,8.375,0.9045096167,2.130612154
1800,8.4,0.904519957,2.130771597
1800,8.425,0.9045303181,2.130931202
1800,8.45,0.9045407002,2.131090971
1800,8.475,0.9045511032,2.131250903
1800,8.5,0.9045615272,2.131410998
1800,8.525,0.9045719722,2.131571256
1800,8.55,0.9045824382,2.131731679
1800,8.575,0.9045929254,2.131892265
1800,8.6,0.9046034337,2.132053015
1800,8.625,0.9046139631,2.132213929
1800,8.65,0.9046245137,2.132375007
1800,8.675,0.9046350856,2.13253625
1800,8.7,0.9046456787,2.132697657
1800,8.725,0.9046562931,2.132859228
1800,8.75,0.9046669289,2.133020964
1800,8.775,0.904677586,2.133182865
1800,8.8,0.9046882645,2.133344931
1800,8.825,0.9046989645,2.133507162
1800,8.85,0.9047096859,2.133669558
1800,8.875,0.9047204289,2.133832119
1800,8.9,0.9047311934,2.133994846
1800,8.925,0.9047419795,2.134157738
1800,8.95,0.9047527872,2.134320796
1800,8.975,0.9047636166,2.13448402
1800,9,0.9047744676,2.13464741
1800,9.025,0.9047853404,2.134810966
1800,9.05,0.9047962349,2.134974688
1800,9.075,0.9048071513,2.135138576
1800,9.1,0.9048180895,2.135302631
1800,9.125,0.9048290495,2.135466853
1800,9.15,0.9048400315,2.135631241
1800,9.175,0.9048510354,2.135795796
1800,9.2,0.9048620613,2.135960518
1800,9.225,0.9048731091,2.136125407
1800,9.25,0.9048841791,2.136290464
1800,9.275,0.9048952711,2.136455687
1800,9.3,0.9049063853,2.136621079
1800,9.325,0.9049175216,2.136786638
1800,9.35,0.9049286801,2.136952364
1800,9.375,0.9049398608,2.137118259
1800,9.4,0.9049510639,2.137284321
1800,9.425,0.9049622892,2.137450552
1800,9.45,0.9049735368,2.137616951
1800,9.475,0.9049848069,2.137783518
1800,9.5,0.9049960993,2.137950254
1800,9.525,0.9050074142,2.138117159
1800,9.55,0.9050187516,2.138284232
1800,9.575,0.9050301116,2.138451474
1800,9.6,0.905041494,2.138618886
1800,9.625,0.9050528991,2.138786466
1800,9.65,0.9050643268,2.138954216
1800,9.675,0.9050757772,2.139122136
1800,9.7,0.9050872503,2.139290224
1800,9.725,0.9050987462,2.139458483
1800,9.75,0.9051102648,2.139626911
1800,9.775,0.9051218063,2.13979551
1800,9.8,0.9051333706,2.139964278
1800,9.825,0.9051449578,2.140133217
1800,9.85,0.9051565679,2.140302326
1800,9.875,0.905168201,2.140471606
1800,9.9,0.9051798571,2.140641056
1800,9.925,0.9051915363,2.140810677
1800,9.95,0.9052032385,2.140980469
1800,9.975,0.9052149639,2.141150431
1800,10,0.9052267124,2.141320565
1800,10.025,0.9052384841,2.141490871
1800,10.05,0.905250279,2.141661347
1800,10.075,0.9052620972,2.141831996
1800,10.1,0.9052739388,2.142002816
1800,10.125,0.9052858036,2.142173807
1800,10.15,0.9052976918,2.142344971
1800,10.175,0.9053096035,2.142516306
1800,10.2,0.9053215386,2.142687814
1800,10.225,0.9053334972,2.142859495
1800,10.25,0.9053454794,2.143031347
1800,10.275,0.9053574851,2.143203372
1800,10.3,0.9053695144,2.14337557
1800,10.325,0.9053815674,2.143547941
1800,10.35,0.905393644,2.143720485
1800,10.375,0.9054057444,2.143893202
1800,10.4,0.9054178685,2.144066092
1800,10.425,0.9054300164,2.144239156
1800,10.45,0.9054421882,2.144412393
1800,10.475,0.9054543839,2.144585804
1800,10.5,0.9054666034,2.144759388
1800,10.525,0.9054788469,2.144933146
1800,10.55,0.9054911144,2.145107079
1800,10.575,0.9055034059,2.145281185
1800,10.6,0.9055157215,2.145455466
1800,10.625,0.9055280612,2.145629922
1800,10.65,0.9055404251,2.145804552
1800,10.675,0.9055528131,2.145979356
1800,10.7,0.9055652253,2.146154336
1800,10.725,0.9055776618,2.14632949
1800,10.75,0.9055901226,2.14650482
1800,10.775,0.9056026078,2.146680325
1800,10.8,0.9056151173,2.146856005
1800,10.825,0.9056276512,2.14703186
1800,10.85,0.9056402096,2.147207892
1800,10.875,0.9056527925,2.147384099
1800,10.9,0.9056653999,2.147560482
1800,10.925,0.9056780318,2.147737041
1800,10.95,0.9056906884,2.147913776
1800,10.975,0.9057033696,2.148090687
1800,11,0.9057160755,2.148267775
1800,11.025,0.9057288062,2.148445039
1800,11.05,0.9057415616,2.148622481
1800,11.075,0.9057543418,2.148800099
1800,11.1,0.9057671468,2.148977893
1800,11.125,0.9057799768,2.149155866
1800,11.15,0.9057928316,2.149334015
1800,11.175,0.9058057114,2.149512341
1800,11.2,0.9058186162,2.149690846
1800,11.225,0.9058315461,2.149869527
1800,11.25,0.905844501,2.150048387
1800,11.275,0.9058574811,2.150227424
1800,11.3,0.9058704863,2.15040664
1800,11.325,0.9058835167,2.150586033
1800,11.35,0.9058965724,2.150765605
1800,11.375,0.9059096533,2.150945356
1800,11.4,0.9059227595,2.151125285
1800,11.425,0.9059358911,2.151305392
1800,11.45,0.9059490481,2.151485679
1800,11.475,0.9059622305,2.151666144
1800,11.5,0.9059754384,2.151846789
1800,11.525,0.9059886719,2.152027612
1800,11.55,0.9060019308,2.152208616
1800,11.575,0.9060152154,2.152389798
1800,11.6,0.9060285256,2.152571161
1800,11.625,0.9060418615,2.152752703
1800,11.65,0.9060552231,2.152934425
1800,11.675,0.9060686105,2.153116327
1800,11.7,0.9060820236,2.153298409
1800,11.725,0.9060954626,2.153480672
1800,11.75,0.9061089275,2.153663115
1800,11.775,0.9061224183,2.153845738
1800,11.8,0.906135935,2.154028543
1800,11.825,0.9061494778,2.154211528
1800,11.85,0.9061630465,2.154394694
1800,11.875,0.9061766414,2.154578042
1800,11.9,0.9061902624,2.15476157
1800,11.925,0.9062039095,2.15494528
1800,11.95,0.9062175829,2.155129172
1800,11.975,0.9062312824,2.155313245
1800,12,0.9062450083,2.1554975
1800,12.025,0.9062587605,2.155681937
1800,12.05,0.906272539,2.155866556
1800,12.075,0.906286344,2.156051357
1800,12.1,0.9063001754,2.156236341
1800,12.125,0.9063140333,2.156421507
1800,12.15,0.9063279177,2.156606855
1800,12.175,0.9063418287,2.156792387
1800,12.2,0.9063557663,2.156978101
1800,12.225,0.9063697305,2.157163999
1800,12.25,0.9063837214,2.157350079
1800,12.275,0.9063977391,2.157536343
1800,12.3,0.9064117835,2.15772279
1800,12.325,0.9064258548,2.157909421
1800,12.35,0.9064399529,2.158096236
1800,12.375,0.9064540779,2.158283234
1800,12.4,0.9064682298,2.158470416
1800,12.425,0.9064824088,2.158657783
1800,12.45,0.9064966147,2.158845334
1800,12.475,0.9065108477,2.159033069
1800,12.5,0.9065251078,2.159220988
1800,12.525,0.9065393951,2.159409093
1800,12.55,0.9065537095,2.159597382
1800,12.575,0.9065680512,2.159785856
1800,12.6,0.9065824201,2.159974515
1800,12.625,0.9065968164,2.160163359
1800,12.65,0.90661124,2.160352389
1800,12.675,0.906625691,2.160541604
1800,12.7,0.9066401694,2.160731005
1800,12.725,0.9066546753,2.160920592
1800,12.75,0.9066692087,2.161110364
1800,12.775,0.9066837697,2.161300322
1800,12.8,0.9066983584,2.161490467
1800,12.825,0.9067129746,2.161680798
1800,12.85,0.9067276185,2.161871315
1800,12.875,0.9067422902,2.162062019
1800,12.9,0.9067569897,2.16225291
1800,12.925,0.9067717169,2.162443987
1800,12.95,0.906786472,2.162635252
1800,12.975,0.9068012551,2.162826704
1800,13,0.906816066,2.163018343
1800,13.025,0.906830905,2.163210169
1800,13.05,0.9068457719,2.163402183
1800,13.075,0.906860667,2.163594384
1800,13.1,0.9068755901,2.163786774
1800,13.125,0.9068905414,2.163979351
1800,13.15,0.9069055209,2.164172116
1800,13.175,0.9069205287,2.16436507
1800,13.2,0.9069355647,2.164558212
1800,13.225,0.906950629,2.164751543
1800,13.25,0.9069657217,2.164945062
1800,13.275,0.9069808429,2.16513877
1800,13.3,0.9069959924,2.165332666
1800,13.325,0.9070111705,2.165526752
1800,13.35,0.9070263771,2.165721028
1800,13.375,0.9070416123,2.165915492
1800,13.4,0.9070568761,2.166110146
1800,13.425,0.9070721686,2.166304989
1800,13.45,0.9070874898,2.166500023
1800,13.475,0.9071028397,2.166695246
1800,13.5,0.9071182184,2.166890659
1800,13.525,0.907133626,2.167086263
1800,13.55,0.9071490625,2.167282056
1800,13.575,0.9071645278,2.16747804
1800,13.6,0.9071800222,2.167674215
1800,13.625,0.9071955456,2.167870581
1800,13.65,0.907211098,2.168067137
1800,13.675,0.9072266795,2.168263884
1800,13.7,0.9072422901,2.168460823
1800,13.725,0.90725793,2.168657952
1800,13.75,0.9072735991,2.168855273
1800,13.775,0.9072892974,2.169052786
1800,13.8,0.9073050251,2.169250491
1800,13.825,0.9073207821,2.169448387
1800,13.85,0.9073365685,2.169646475
1800,13.875,0.9073523844,2.169844755
1800,13.9,0.9073682297,2.170043228
1800,13.925,0.9073841046,2.170241893
1800,13.95,0.9074000091,2.17044075
1800,13.975,0.9074159431,2.170639801
1800,14,0.9074319069,2.170839044
1800,14.025,0.9074479004,2.171038479
1800,14.05,0.9074639236,2.171238108
1800,14.075,0.9074799766,2.171437931
1800,14.1,0.9074960594,2.171637946
1800,14.125,0.9075121722,2.171838155
1800,14.15,0.9075283148,2.172038558
1800,14.175,0.9075444875,2.172239155
1800,14.2,0.9075606901,2.172439945
1800,14.225,0.9075769229,2.17264093
1800,14.25,0.9075931857,2.172842109
1800,14.275,0.9076094787,2.173043482
1800,14.3,0.9076258018,2.17324505
1800,14.325,0.9076421552,2.173446812
1800,14.35,0.9076585389,2.173648769
1800,14.375,0.9076749529,2.173850921
1800,14.4,0.9076913973,2.174053268
1800,14.425,0.9077078721,2.17425581
1800,14.45,0.9077243774,2.174458548
1800,14.475,0.9077409132,2.174661481
1800,14.5,0.9077574795,2.174864609
1800,14.525,0.9077740764,2.175067933
1800,14.55,0.907790704,2.175271454
1800,14.575,0.9078073622,2.17547517
1800,14.6,0.9078240512,2.175679083
1800,14.625,0.9078407709,2.175883191
1800,14.65,0.9078575215,2.176087497
1800,14.675,0.9078743029,2.176291998
1800,14.7,0.9078911152,2.176496697
1800,14.725,0.9079079585,2.176701593
1800,14.75,0.9079248328,2.176906685
1800,14.775,0.9079417382,2.177111975
1800,14.8,0.9079586746,2.177317462
1800,14.825,0.9079756421,2.177523146
1800,14.85,0.9079926409,2.177729028
1800,14.875,0.9080096708,2.177935108
1800,14.9,0.908026732,2.178141386
1800,14.925,0.9080438246,2.178347861
1800,14.95,0.9080609485,2.178554535
1800,14.975,0.9080781038,2.178761407
1800,15,0.9080952905,2.178968478
1800,15.025,0.9081125088,2.179175747
1800,15.05,0.9081297586,2.179383215
1800,15.075,0.9081470399,2.179590881
1800,15.1,0.9081643529,2.179798747
1800,15.125,0.9081816976,2.180006812
1800,15.15,0.908199074,2.180215076
1800,15.175,0.9082164822,2.18042354
1800,15.2,0.9082339222,2.180632203
1800,15.225,0.9082513941,2.180841066
1800,15.25,0.9082688978,2.181050128
1800,15.275,0.9082864335,2.181259391
1800,15.3,0.9083040012,2.181468854
1800,15.325,0.908321601,2.181678517
1800,15.35,0.9083392328,2.18188838
1800,15.375,0.9083568968,2.182098445
1800,15.4,0.908374593,2.182308709
1800,15.425,0.9083923213,2.182519175
1800,15.45,0.908410082,2.182729842
1800,15.475,0.908427875,2.18294071
1800,15.5,0.9084457003,2.183151779
1800,15.525,0.9084635581,2.183363049
1800,15.55,0.9084814483,2.183574521
1800,15.575,0.908499371,2.183786195
1800,15.6,0.9085173263,2.183998071
1800,15.625,0.9085353141,2.184210148
1800,15.65,0.9085533347,2.184422428
1800,15.675,0.9085713878,2.18463491
1800,15.7,0.9085894738,2.184847595
1800,15.725,0.9086075925,2.185060482
1800,15.75,0.908625744,2.185273572
1800,15.775,0.9086439285,2.185486864
1800,15.8,0.9086621458,2.18570036
1800,15.825,0.9086803961,2.185914059
1800,15.85,0.9086986794,2.186127961
1800,15.875,0.9087169958,2.186342066
1800,15.9,0.9087353453,2.186556375
1800,15.925,0.908753728,2.186770888
1800,15.95,0.9087721438,2.186985605
1800,15.975,0.9087905929,2.187200525
1800,16,0.9088090753,2.18741565
1800,16.025,0.908827591,2.187630979
1800,16.05,0.9088461402,2.187846512
1800,16.075,0.9088647227,2.18806225
1800,16.1,0.9088833388,2.188278193
1800,16.125,0.9089019884,2.188494341
1800,16.15,0.9089206715,2.188710693
1800,16.175,0.9089393883,2.188927251
1800,16.2,0.9089581387,2.189144014
1800,16.225,0.9089769229,2.189360983
1800,16.25,0.9089957408,2.189578157
1800,16.275,0.9090145926,2.189795537
1800,16.3,0.9090334782,2.190013122
1800,16.325,0.9090523977,2.190230914
1800,16.35,0.9090713512,2.190448912
1800,16.375,0.9090903386,2.190667116
1800,16.4,0.9091093602,2.190885526
1800,16.425,0.9091284158,2.191104144
1800,16.45,0.9091475056,2.191322968
1800,16.475,0.9091666295,2.191541998
1800,16.5,0.9091857877,2.191761236
1800,16.525,0.9092049802,2.191980681
1800,16.55,0.909224207,2.192200333
1800,16.575,0.9092434682,2.192420193
1800,16.6,0.9092627638,2.192640261
1800,16.625,0.9092820939,2.192860536
1800,16.65,0.9093014586,2.193081019
1800,16.675,0.9093208578,2.19330171
1800,16.7,0.9093402916,2.193522609
1800,16.725,0.9093597601,2.193743716
1800,16.75,0.9093792633,2.193965032
1800,16.775,0.9093988013,2.194186557
1800,16.8,0.9094183741,2.19440829
1800,16.825,0.9094379818,2.194630233
1800,16.85,0.9094576243,2.194852384
1800,16.875,0.9094773019,2.195074745
1800,16.9,0.9094970144,2.195297314
1800,16.925,0.909516762,2.195520094
1800,16.95,0.9095365447,2.195743083
1800,16.975,0.9095563625,2.195966281
1800,17,0.9095762155,2.19618969
1800,17.025,0.9095961038,2.196413309
1800,17.05,0.9096160274,2.196637138
1800,17.075,0.9096359863,2.196861177
1800,17.1,0.9096559806,2.197085427
1800,17.125,0.9096760103,2.197309888
1800,17.15,0.9096960756,2.197534559
1800,17.175,0.9097161764,2.197759441
1800,17.2,0.9097363127,2.197984534
1800,17.225,0.9097564847,2.198209839
1800,17.25,0.9097766924,2.198435355
1800,17.275,0.9097969358,2.198661082
1800,17.3,0.909817215,2.198887021
1800,17.325,0.90983753,2.199113172
1800,17.35,0.9098578809,2.199339535
1800,17.375,0.9098782677,2.19956611
1800,17.4,0.9098986905,2.199792897
1800,17.425,0.9099191493,2.200019897
1800,17.45,0.9099396442,2.200247109
1800,17.475,0.9099601752,2.200474534
1800,17.5,0.9099807424,2.200702172
1800,17.525,0.9100013458,2.200930023
1800,17.55,0.9100219854,2.201158086
1800,17.575,0.9100426614,2.201386363
1800,17.6,0.9100633738,2.201614854
1800,17.625,0.9100841225,2.201843558
1800,17.65,0.9101049078,2.202072476
1800,17.675,0.9101257295,2.202301608
1800,17.7,0.9101465878,2.202530953
1800,17.725,0.9101674827,2.202760513
1800,17.75,0.9101884143,2.202990287
1800,17.775,0.9102093826,2.203220276
1800,17.8,0.9102303877,2.203450479
1800,17.825,0.9102514295,2.203680897
1800,17.85,0.9102725082,2.20391153
1800,17.875,0.9102936239,2.204142378
1800,17.9,0.9103147765,2.204373441
1800,17.925,0.910335966,2.204604719
1800,17.95,0.9103571927,2.204836213
1800,17.975,0.9103784564,2.205067923
1800,18,0.9103997574,2.205299848
1800,18.025,0.9104210955,2.205531989
1800,18.05,0.9104424708,2.205764346
1800,18.075,0.9104638835,2.20599692
1800,18.1,0.9104853335,2.20622971
1800,18.125,0.910506821,2.206462716
1800,18.15,0.9105283459,2.206695939
1800,18.175,0.9105499082,2.206929379
1800,18.2,0.9105715082,2.207163036
1800,18.225,0.9105931457,2.207396909
1800,18.25,0.9106148209,2.207631001
1800,18.275,0.9106365338,2.207865309
1800,18.3,0.9106582845,2.208099835
1800,18.325,0.9106800729,2.208334579
1800,18.35,0.9107018992,2.20856954
1800,18.375,0.9107237635,2.20880472
1800,18.4,0.9107456656,2.209040118
1800,18.425,0.9107676058,2.209275734
1800,18.45,0.910789584,2.209511568
1800,18.475,0.9108116003,2.209747621
1800,18.5,0.9108336548,2.209983893
1800,18.525,0.9108557475,2.210220383
1800,18.55,0.9108778784,2.210457093
1800,18.575,0.9109000477,2.210694021
1800,18.6,0.9109222553,2.210931169
1800,18.625,0.9109445013,2.211168537
1800,18.65,0.9109667857,2.211406124
1800,18.675,0.9109891087,2.211643931
1800,18.7,0.9110114702,2.211881958
1800,18.725,0.9110338703,2.212120205
1800,18.75,0.9110563091,2.212358672
1800,18.775,0.9110787866,2.212597359
1800,18.8,0.9111013028,2.212836267
1800,18.825,0.9111238579,2.213075395
1800,18.85,0.9111464518,2.213314745
1800,18.875,0.9111690846,2.213554315
1800,18.9,0.9111917564,2.213794106
1800,18.925,0.9112144672,2.214034119
1800,18.95,0.9112372171,2.214274353
1800,18.975,0.9112600061,2.214514809
1800,19,0.9112828342,2.214755486
1800,19.025,0.9113057016,2.214996385
1800,19.05,0.9113286082,2.215237506
1800,19.075,0.9113515541,2.215478849
1800,19.1,0.9113745394,2.215720415
1800,19.125,0.9113975642,2.215962203
1800,19.15,0.9114206284,2.216204213
1800,19.175,0.9114437321,2.216446446
1800,19.2,0.9114668753,2.216688902
1800,19.225,0.9114900583,2.216931582
1800,19.25,0.9115132808,2.217174484
1800,19.275,0.9115365431,2.21741761
1800,19.3,0.9115598452,2.217660959
1800,19.325,0.9115831871,2.217904531
1800,19.35,0.9116065689,2.218148328
1800,19.375,0.9116299906,2.218392348
1800,19.4,0.9116534523,2.218636593
1800,19.425,0.9116769541,2.218881062
1800,19.45,0.9117004959,2.219125755
1800,19.475,0.9117240778,2.219370672
1800,19.5,0.9117477,2.219615815
1800,19.525,0.9117713623,2.219861182
1800,19.55,0.911795065,2.220106774
1800,19.575,0.911818808,2.220352591
1800,19.6,0.9118425914,2.220598634
1800,19.625,0.9118664152,2.220844901
1800,19.65,0.9118902796,2.221091395
1800,19.675,0.9119141845,2.221338114
1800,19.7,0.9119381299,2.221585059
1800,19.725,0.9119621161,2.22183223
1800,19.75,0.9119861429,2.222079627
1800,19.775,0.9120102105,2.222327251
1800,19.8,0.9120343189,2.222575101
1800,19.825,0.9120584681,2.222823178
1800,19.85,0.9120826583,2.223071481
1800,19.875,0.9121068894,2.223320011
1800,19.9,0.9121311615,2.223568769
1800,19.925,0.9121554747,2.223817753
1800,19.95,0.912179829,2.224066965
1800,19.975,0.9122042245,2.224316405
1800,20,0.9122286612,2.224566072
1800,20.025,0.9122531392,2.224815967
1800,20.05,0.9122776585,2.22506609
1800,20.075,0.9123022191,2.225316441
1800,20.1,0.9123268212,2.22556702
1800,20.125,0.9123514648,2.225817828
1800,20.15,0.9123761499,2.226068864
1800,20.175,0.9124008766,2.226320129
1800,20.2,0.9124256449,2.226571623
1800,20.225,0.9124504549,2.226823346
1800,20.25,0.9124753067,2.227075298
1800,20.275,0.9125002002,2.22732748
1800,20.3,0.9125251356,2.22757989
1800,20.325,0.9125501129,2.227832531
1800,20.35,0.9125751321,2.228085401
1800,20.375,0.9126001934,2.228338501
1800,20.4,0.9126252967,2.228591832
1800,20.425,0.9126504421,2.228845392
1800,20.45,0.9126756296,2.229099183
1800,20.475,0.9127008594,2.229353204
1800,20.5,0.9127261315,2.229607456
1800,20.525,0.9127514458,2.229861939
1800,20.55,0.9127768025,2.230116653
1800,20.575,0.9128022017,2.230371598
1800,20.6,0.9128276433,2.230626775
1800,20.625,0.9128531274,2.230882182
1800,20.65,0.9128786542,2.231137822
1800,20.675,0.9129042235,2.231393693
1800,20.7,0.9129298356,2.231649795
1800,20.725,0.9129554903,2.23190613
1800,20.75,0.9129811879,2.232162698
1800,20.775,0.9130069283,2.232419497
1800,20.8,0.9130327116,2.232676529
1800,20.825,0.9130585379,2.232933794
1800,20.85,0.9130844071,2.233191291
1800,20.875,0.9131103194,2.233449021
1800,20.9,0.9131362748,2.233706985
1800,20.925,0.9131622734,2.233965181
1800,20.95,0.9131883152,2.234223611
1800,20.975,0.9132144002,2.234482275
1800,21,0.9132405286,2.234741172
1800,21.025,0.9132667003,2.235000304
1800,21.05,0.9132929155,2.235259669
1800,21.075,0.9133191741,2.235519268
1800,21.1,0.9133454763,2.235779102
1800,21.125,0.9133718221,2.23603917
1800,21.15,0.9133982115,2.236299473
1800,21.175,0.9134246445,2.23656001
1800,21.2,0.9134511214,2.236820782
1800,21.225,0.913477642,2.23708179
1800,21.25,0.9135042064,2.237343032
1800,21.275,0.9135308148,2.23760451
1800,21.3,0.9135574671,2.237866224
1800,21.325,0.9135841635,2.238128173
1800,21.35,0.9136109038,2.238390358
1800,21.375,0.9136376883,2.238652779
1800,21.4,0.913664517,2.238915436
1800,21.425,0.9136913899,2.23917833
1800,21.45,0.9137183071,2.23944146
1800,21.475,0.9137452686,2.239704826
1800,21.5,0.9137722745,2.239968429
1800,21.525,0.9137993248,2.240232269
1800,21.55,0.9138264196,2.240496346
1800,21.575,0.9138535589,2.240760661
1800,21.6,0.9138807429,2.241025212
1800,21.625,0.9139079715,2.241290002
1800,21.65,0.9139352448,2.241555028
1800,21.675,0.9139625628,2.241820293
1800,21.7,0.9139899257,2.242085795
1800,21.725,0.9140173334,2.242351536
1800,21.75,0.914044786,2.242617515
1800,21.775,0.9140722836,2.242883732
1800,21.8,0.9140998263,2.243150188
1800,21.825,0.914127414,2.243416883
1800,21.85,0.9141550468,2.243683816
1800,21.875,0.9141827248,2.243950989
1800,21.9,0.9142104481,2.2442184
1800,21.925,0.9142382166,2.244486051
1800,21.95,0.9142660305,2.244753942
1800,21.975,0.9142938898,2.245022072
1800,22,0.9143217946,2.245290441
1800,22.025,0.9143497449,2.245559051
1800,22.05,0.9143777407,2.245827901
1800,22.075,0.9144057821,2.246096991
1800,22.1,0.9144338692,2.246366322
1800,22.125,0.9144620021,2.246635893
1800,22.15,0.9144901807,2.246905705
1800,22.175,0.9145184051,2.247175757
1800,22.2,0.9145466754,2.247446051
1800,22.225,0.9145749917,2.247716585
1800,22.25,0.9146033539,2.247987362
1800,22.275,0.9146317622,2.248258379
1800,22.3,0.9146602166,2.248529638
1800,22.325,0.9146887172,2.248801139
1800,22.35,0.914717264,2.249072882
1800,22.375,0.914745857,2.249344867
1800,22.4,0.9147744963,2.249617094
1800,22.425,0.9148031821,2.249889564
1800,22.45,0.9148319142,2.250162276
1800,22.475,0.9148606928,2.25043523
1800,22.5,0.914889518,2.250708428
1800,22.525,0.9149183897,2.250981868
1800,22.55,0.9149473081,2.251255552
1800,22.575,0.9149762732,2.251529479
1800,22.6,0.915005285,2.25180365
1800,22.625,0.9150343437,2.252078064
1800,22.65,0.9150634492,2.252352721
1800,22.675,0.9150926016,2.252627623
1800,22.7,0.915121801,2.252902769
1800,22.725,0.9151510474,2.253178159
1800,22.75,0.9151803408,2.253453793
1800,22.775,0.9152096814,2.253729672
1800,22.8,0.9152390692,2.254005796
1800,22.825,0.9152685043,2.254282164
1800,22.85,0.9152979866,2.254558778
1800,22.875,0.9153275163,2.254835636
1800,22.9,0.9153570933,2.25511274
1800,22.925,0.9153867179,2.255390089
1800,22.95,0.9154163899,2.255667684
1800,22.975,0.9154461095,2.255945525
1800,23,0.9154758768,2.256223612
1800,23.025,0.9155056917,2.256501944
1800,23.05,0.9155355543,2.256780523
1800,23.075,0.9155654648,2.257059348
1800,23.1,0.915595423,2.25733842
1800,23.125,0.9156254292,2.257617738
1800,23.15,0.9156554833,2.257897303
1800,23.175,0.9156855854,2.258177116
1800,23.2,0.9157157355,2.258457175
1800,23.225,0.9157459338,2.258737482
1800,23.25,0.9157761803,2.259018036
1800,23.275,0.9158064749,2.259298837
1800,23.3,0.9158368179,2.259579887
1800,23.325,0.9158672092,2.259861184
1800,23.35,0.9158976488,2.260142729
1800,23.375,0.9159281369,2.260424523
1800,23.4,0.9159586735,2.260706565
1800,23.425,0.9159892586,2.260988855
1800,23.45,0.9160198924,2.261271394
1800,23.475,0.9160505748,2.261554182
1800,23.5,0.9160813059,2.261837219
1800,23.525,0.9161120858,2.262120505
1800,23.55,0.9161429145,2.262404041
1800,23.575,0.9161737921,2.262687826
1800,23.6,0.9162047187,2.26297186
1800,23.625,0.9162356942,2.263256144
1800,23.65,0.9162667187,2.263540678
1800,23.675,0.9162977924,2.263825462
1800,23.7,0.9163289152,2.264110497
1800,23.725,0.9163600872,2.264395781
1800,23.75,0.9163913085,2.264681317
1800,23.775,0.9164225791,2.264967102
1800,23.8,0.9164538991,2.265253139
1800,23.825,0.9164852685,2.265539427
1800,23.85,0.9165166874,2.265825966
1800,23.875,0.9165481558,2.266112756
1800,23.9,0.9165796738,2.266399798
1800,23.925,0.9166112415,2.266687091
1800,23.95,0.9166428588,2.266974636
1800,23.975,0.9166745259,2.267262433
1800,24,0.9167062429,2.267550481
1800,24.025,0.9167380097,2.267838783
1800,24.05,0.9167698264,2.268127336
1800,24.075,0.9168016931,2.268416142
1800,24.1,0.9168336099,2.268705201
1800,24.125,0.9168655767,2.268994512
1800,24.15,0.9168975937,2.269284077
1800,24.175,0.9169296608,2.269573895
1800,24.2,0.9169617783,2.269863966
1800,24.225,0.916993946,2.27015429
1800,24.25,0.9170261641,2.270444868
1800,24.275,0.9170584326,2.2707357
1800,24.3,0.9170907516,2.271026786
1800,24.325,0.9171231211,2.271318125
1800,24.35,0.9171555412,2.27160972
1800,24.375,0.917188012,2.271901568
1800,24.4,0.9172205334,2.272193671
1800,24.425,0.9172531056,2.272486028
1800,24.45,0.9172857286,2.272778641
1800,24.475,0.9173184025,2.273071508
1800,24.5,0.9173511272,2.273364631
1800,24.525,0.917383903,2.273658009
1800,24.55,0.9174167298,2.273951642
1800,24.575,0.9174496076,2.274245531
1800,24.6,0.9174825366,2.274539676
1800,24.625,0.9175155168,2.274834077
1800,24.65,0.9175485482,2.275128734
1800,24.675,0.917581631,2.275423647
1800,24.7,0.9176147651,2.275718816
1800,24.725,0.9176479506,2.276014242
1800,24.75,0.9176811876,2.276309925
1800,24.775,0.9177144761,2.276605864
1800,24.8,0.9177478162,2.276902061
1800,24.825,0.9177812079,2.277198514
1800,24.85,0.9178146513,2.277495225
1800,24.875,0.9178481464,2.277792194
1800,24.9,0.9178816934,2.27808942
1800,24.925,0.9179152922,2.278386904
1800,24.95,0.917948943,2.278684646
1800,24.975,0.9179826456,2.278982646
1800,25,0.9180164004,2.279280904
1800,25.025,0.9180502072,2.27957942
1800,25.05,0.9180840661,2.279878195
1800,25.075,0.9181179772,2.280177229
1800,25.1,0.9181519406,2.280476522
1800,25.125,0.9181859563,2.280776074
1800,25.15,0.9182200243,2.281075884
1800,25.175,0.9182541447,2.281375955
1800,25.2,0.9182883176,2.281676284
1800,25.225,0.918322543,2.281976874
1800,25.25,0.918356821,2.282277723
1800,25.275,0.9183911517,2.282578832
1800,25.3,0.918425535,2.282880201
1800,25.325,0.9184599711,2.283181831
1800,25.35,0.9184944599,2.28348372
1800,25.375,0.9185290017,2.283785871
1800,25.4,0.9185635963,2.284088282
1800,25.425,0.9185982439,2.284390954
1800,25.45,0.9186329445,2.284693887
1800,25.475,0.9186676982,2.284997081
1800,25.5,0.918702505,2.285300537
1800,25.525,0.9187373651,2.285604254
1800,25.55,0.9187722783,2.285908233
1800,25.575,0.9188072449,2.286212473
1800,25.6,0.9188422648,2.286516976
1800,25.625,0.9188773381,2.28682174
1800,25.65,0.9189124649,2.287126767
1800,25.675,0.9189476452,2.287432057
1800,25.7,0.9189828791,2.287737609
1800,25.725,0.9190181667,2.288043423
1800,25.75,0.9190535079,2.288349501
1800,25.775,0.9190889028,2.288655842
1800,25.8,0.9191243516,2.288962445
1800,25.825,0.9191598542,2.289269312
1800,25.85,0.9191954107,2.289576443
1800,25.875,0.9192310212,2.289883838
1800,25.9,0.9192666857,2.290191496
1800,25.925,0.9193024043,2.290499418
1800,25.95,0.919338177,2.290807604
1800,25.975,0.9193740039,2.291116055
1800,26,0.919409885,2.29142477
1800,26.025,0.9194458205,2.291733749
1800,26.05,0.9194818103,2.292042994
1800,26.075,0.9195178545,2.292352503
1800,26.1,0.9195539532,2.292662277
1800,26.125,0.9195901064,2.292972317
1800,26.15,0.9196263142,2.293282622
1800,26.175,0.9196625766,2.293593192
1800,26.2,0.9196988937,2.293904029
1800,26.225,0.9197352655,2.29421513
1800,26.25,0.9197716921,2.294526498
1800,26.275,0.9198081736,2.294838133
1800,26.3,0.91984471,2.295150033
1800,26.325,0.9198813014,2.2954622
1800,26.35,0.9199179478,2.295774633
1800,26.375,0.9199546493,2.296087334
1800,26.4,0.9199914059,2.296400301
1800,26.425,0.9200282177,2.296713535
1800,26.45,0.9200650847,2.297027037
1800,26.475,0.920102007,2.297340806
1800,26.5,0.9201389847,2.297654842
1800,26.525,0.9201760178,2.297969146
1800,26.55,0.9202131064,2.298283718
1800,26.575,0.9202502505,2.298598558
1800,26.6,0.9202874501,2.298913666
1800,26.625,0.9203247054,2.299229043
1800,26.65,0.9203620164,2.299544688
1800,26.675,0.9203993831,2.299860602
1800,26.7,0.9204368057,2.300176784
1800,26.725,0.9204742841,2.300493235
1800,26.75,0.9205118183,2.300809956
1800,26.775,0.9205494086,2.301126945
1800,26.8,0.9205870549,2.301444204
1800,26.825,0.9206247572,2.301761733
1800,26.85,0.9206625157,2.302079531
1800,26.875,0.9207003304,2.3023976
1800,26.9,0.9207382013,2.302715938
1800,26.925,0.9207761286,2.303034546
1800,26.95,0.9208141121,2.303353425
1800,26.975,0.9208521521,2.303672574
1800,27,0.9208902486,2.303991994
1800,27.025,0.9209284015,2.304311685
1800,27.05,0.9209666111,2.304631647
1800,27.075,0.9210048773,2.304951879
1800,27.1,0.9210432001,2.305272383
1800,27.125,0.9210815798,2.305593159
1800,27.15,0.9211200162,2.305914206
1800,27.175,0.9211585094,2.306235525
1800,27.2,0.9211970596,2.306557115
1800,27.225,0.9212356668,2.306878978
1800,27.25,0.9212743309,2.307201113
1800,27.275,0.9213130522,2.30752352
1800,27.3,0.9213518305,2.3078462
1800,27.325,0.9213906661,2.308169152
1800,27.35,0.9214295589,2.308492377
1800,27.375,0.921468509,2.308815876
1800,27.4,0.9215075164,2.309139647
1800,27.425,0.9215465813,2.309463691
1800,27.45,0.9215857036,2.309788009
1800,27.475,0.9216248834,2.310112601
1800,27.5,0.9216641208,2.310437466
1800,27.525,0.9217034159,2.310762606
1800,27.55,0.9217427686,2.311088019
1800,27.575,0.9217821791,2.311413706
1800,27.6,0.9218216473,2.311739668
1800,27.625,0.9218611735,2.312065905
1800,27.65,0.9219007575,2.312392416
1800,27.675,0.9219403995,2.312719201
1800,27.7,0.9219800995,2.313046262
1800,27.725,0.9220198576,2.313373598
1800,27.75,0.9220596738,2.31370121
1800,27.775,0.9220995481,2.314029096
1800,27.8,0.9221394808,2.314357259
1800,27.825,0.9221794717,2.314685697
1800,27.85,0.922219521,2.315014411
1800,27.875,0.9222596286,2.315343401
1800,27.9,0.9222997948,2.315672667
1800,27.925,0.9223400194,2.31600221
1800,27.95,0.9223803026,2.316332029
1800,27.975,0.9224206445,2.316662125
1800,28,0.922461045,2.316992497
1800,28.025,0.9225015042,2.317323147
1800,28.05,0.9225420223,2.317654074
1800,28.075,0.9225825992,2.317985278
1800,28.1,0.922623235,2.31831676
1800,28.125,0.9226639297,2.318648519
1800,28.15,0.9227046835,2.318980556
1800,28.175,0.9227454963,2.319312871
1800,28.2,0.9227863683,2.319645463
1800,28.225,0.9228272994,2.319978335
1800,28.25,0.9228682898,2.320311484
1800,28.275,0.9229093394,2.320644912
1800,28.3,0.9229504484,2.320978619
1800,28.325,0.9229916168,2.321312605
1800,28.35,0.9230328446,2.321646869
1800,28.375,0.923074132,2.321981413
1800,28.4,0.9231154789,2.322316236
1800,28.425,0.9231568854,2.322651339
1800,28.45,0.9231983516,2.322986721
1800,28.475,0.9232398775,2.323322383
1800,28.5,0.9232814632,2.323658325
1800,28.525,0.9233231088,2.323994547
1800,28.55,0.9233648142,2.324331049
1800,28.575,0.9234065796,2.324667832
1800,28.6,0.923448405,2.325004895
1800,28.625,0.9234902904,2.325342238
1800,28.65,0.923532236,2.325679863
1800,28.675,0.9235742417,2.326017769
1800,28.7,0.9236163076,2.326355956
1800,28.725,0.9236584338,2.326694424
1800,28.75,0.9237006204,2.327033173
1800,28.775,0.9237428673,2.327372205
1800,28.8,0.9237851747,2.327711518
1800,28.825,0.9238275426,2.328051113
1800,28.85,0.923869971,2.32839099
1800,28.875,0.92391246,2.328731149
1800,28.9,0.9239550097,2.329071591
1800,28.925,0.9239976201,2.329412315
1800,28.95,0.9240402912,2.329753322
1800,28.975,0.9240830232,2.330094611
1800,29,0.9241258161,2.330436184
1800,29.025,0.9241686699,2.33077804
1800,29.05,0.9242115847,2.331120179
1800,29.075,0.9242545605,2.331462602
1800,29.1,0.9242975974,2.331805308
1800,29.125,0.9243406955,2.332148299
1800,29.15,0.9243838548,2.332491573
1800,29.175,0.9244270753,2.332835131
1800,29.2,0.9244703572,2.333178973
1800,29.225,0.9245137004,2.3335231
1800,29.25,0.9245571051,2.333867511
1800,29.275,0.9246005712,2.334212207
1800,29.3,0.9246440989,2.334557188
1800,29.325,0.9246876881,2.334902454
1800,29.35,0.924731339,2.335248005
1800,29.375,0.9247750516,2.335593841
1800,29.4,0.9248188259,2.335939963
1800,29.425,0.9248626621,2.33628637
1800,29.45,0.9249065601,2.336633064
1800,29.475,0.92495052,2.336980043
1800,29.5,0.9249945418,2.337327308
1800,29.525,0.9250386257,2.337674859
1800,29.55,0.9250827717,2.338022697
1800,29.575,0.9251269798,2.338370821
1800,29.6,0.9251712501,2.338719232
1800,29.625,0.9252155826,2.33906793
1800,29.65,0.9252599775,2.339416915
1800,29.675,0.9253044346,2.339766187
1800,29.7,0.9253489542,2.340115747
1800,29.725,0.9253935362,2.340465593
1800,29.75,0.9254381808,2.340815728
1800,29.775,0.9254828878,2.34116615
1800,29.8,0.9255276576,2.34151686
1800,29.825,0.9255724899,2.341867858
1800,29.85,0.9256173851,2.342219145
1800,29.875,0.9256623429,2.342570719
1800,29.9,0.9257073637,2.342922583
1800,29.925,0.9257524473,2.343274735
1800,29.95,0.9257975938,2.343627176
1800,29.975,0.9258428034,2.343979905
1800,30,0.9258880759,2.344332924
1800,30.025,0.9259334116,2.344686233
1800,30.05,0.9259788105,2.34503983
1800,30.075,0.9260242726,2.345393718
1800,30.1,0.9260697979,2.345747895
1800,30.125,0.9261153865,2.346102362
1800,30.15,0.9261610385,2.346457119
1800,30.175,0.926206754,2.346812166
1800,30.2,0.9262525329,2.347167503
1800,30.225,0.9262983753,2.347523131
1800,30.25,0.9263442813,2.34787905
1800,30.275,0.926390251,2.34823526
1800,30.3,0.9264362844,2.34859176
1800,30.325,0.9264823815,2.348948552
1800,30.35,0.9265285424,2.349305635
1800,30.375,0.9265747671,2.349663009
1800,30.4,0.9266210558,2.350020675
1800,30.425,0.9266674084,2.350378633
1800,30.45,0.9267138251,2.350736882
1800,30.475,0.9267603058,2.351095424
1800,30.5,0.9268068506,2.351454258
1800,30.525,0.9268534596,2.351813384
1800,30.55,0.9269001328,2.352172802
1800,30.575,0.9269468703,2.352532514
1800,30.6,0.9269936722,2.352892518
1800,30.625,0.9270405384,2.353252815
1800,30.65,0.9270874691,2.353613405
1800,30.675,0.9271344642,2.353974288
1800,30.7,0.9271815239,2.354335465
1800,30.725,0.9272286482,2.354696935
1800,30.75,0.9272758372,2.355058699
1800,30.775,0.9273230908,2.355420757
1800,30.8,0.9273704092,2.355783109
1800,30.825,0.9274177925,2.356145755
1800,30.85,0.9274652405,2.356508695
1800,30.875,0.9275127535,2.35687193
1800,30.9,0.9275603315,2.35723546
1800,30.925,0.9276079745,2.357599284
1800,30.95,0.9276556826,2.357963403
1800,30.975,0.9277034558,2.358327817
1800,31,0.9277512941,2.358692527
1800,31.025,0.9277991977,2.359057531
1800,31.05,0.9278471666,2.359422832
1800,31.075,0.9278952009,2.359788428
1800,31.1,0.9279433005,2.36015432
1800,31.125,0.9279914656,2.360520507
1800,31.15,0.9280396961,2.360886991
1800,31.175,0.9280879922,2.361253771
1800,31.2,0.9281363539,2.361620848
1800,31.225,0.9281847813,2.361988221
1800,31.25,0.9282332744,2.362355891
1800,31.275,0.9282818332,2.362723858
1800,31.3,0.9283304578,2.363092122
1800,31.325,0.9283791483,2.363460683
1800,31.35,0.9284279048,2.363829541
1800,31.375,0.9284767271,2.364198697
1800,31.4,0.9285256155,2.36456815
1800,31.425,0.92857457,2.364937902
1800,31.45,0.9286235906,2.365307951
1800,31.475,0.9286726774,2.365678298
1800,31.5,0.9287218304,2.366048944
1800,31.525,0.9287710497,2.366419887
1800,31.55,0.9288203353,2.36679113
1800,31.575,0.9288696873,2.367162671
1800,31.6,0.9289191057,2.367534511
1800,31.625,0.9289685907,2.36790665
1800,31.65,0.9290181421,2.368279088
1800,31.675,0.9290677602,2.368651825
1800,31.7,0.9291174449,2.369024862
1800,31.725,0.9291671963,2.369398198
1800,31.75,0.9292170144,2.369771834
1800,31.775,0.9292668993,2.37014577
1800,31.8,0.9293168511,2.370520006
1800,31.825,0.9293668698,2.370894543
1800,31.85,0.9294169555,2.371269379
1800,31.875,0.9294671081,2.371644516
1800,31.9,0.9295173278,2.372019954
1800,31.925,0.9295676146,2.372395692
1800,31.95,0.9296179686,2.372771731
1800,31.975,0.9296683898,2.373148072
1800,32,0.9297188782,2.373524713
1800,32.025,0.929769434,2.373901656
1800,32.05,0.9298200571,2.374278901
1800,32.075,0.9298707477,2.374656447
1800,32.1,0.9299215057,2.375034295
1800,32.125,0.9299723312,2.375412445
1800,32.15,0.9300232243,2.375790897
1800,32.175,0.930074185,2.376169652
1800,32.2,0.9301252134,2.376548709
1800,32.225,0.9301763095,2.376928068
1800,32.25,0.9302274734,2.37730773
1800,32.275,0.9302787051,2.377687695
1800,32.3,0.9303300046,2.378067963
1800,32.325,0.9303813721,2.378448534
1800,32.35,0.9304328076,2.378829409
1800,32.375,0.9304843111,2.379210587
1800,32.4,0.9305358827,2.379592068
1800,32.425,0.9305875224,2.379973854
1800,32.45,0.9306392303,2.380355943
1800,32.475,0.9306910064,2.380738336
1800,32.5,0.9307428509,2.381121033
1800,32.525,0.9307947636,2.381504035
1800,32.55,0.9308467447,2.381887341
1800,32.575,0.9308987943,2.382270952
1800,32.6,0.9309509123,2.382654868
1800,32.625,0.9310030988,2.383039089
1800,32.65,0.931055354,2.383423614
1800,32.675,0.9311076778,2.383808445
1800,32.7,0.9311600702,2.384193582
1800,32.725,0.9312125314,2.384579024
1800,32.75,0.9312650614,2.384964771
1800,32.775,0.9313176602,2.385350825
1800,32.8,0.9313703279,2.385737184
1800,32.825,0.9314230645,2.386123849
1800,32.85,0.9314758701,2.386510821
1800,32.875,0.9315287448,2.386898099
1800,32.9,0.9315816885,2.387285684
1800,32.925,0.9316347014,2.387673575
1800,32.95,0.9316877834,2.388061773
1800,32.975,0.9317409347,2.388450279
1800,33,0.9317941552,2.388839091
1800,33.025,0.9318474451,2.389228211
1800,33.05,0.9319008044,2.389617638
1800,33.075,0.9319542331,2.390007373
1800,33.1,0.9320077312,2.390397415
1800,33.125,0.9320612989,2.390787765
1800,33.15,0.9321149362,2.391178424
1800,33.175,0.9321686431,2.39156939
1800,33.2,0.9322224197,2.391960665
1800,33.225,0.932276266,2.392352248
1800,33.25,0.9323301821,2.39274414
1800,33.275,0.932384168,2.393136341
1800,33.3,0.9324382238,2.39352885
1800,33.325,0.9324923495,2.393921669
1800,33.35,0.9325465452,2.394314796
1800,33.375,0.9326008109,2.394708233
1800,33.4,0.9326551467,2.39510198
1800,33.425,0.9327095526,2.395496036
1800,33.45,0.9327640286,2.395890402
1800,33.475,0.9328185749,2.396285078
1800,33.5,0.9328731914,2.396680064
1800,33.525,0.9329278782,2.39707536
1800,33.55,0.9329826355,2.397470967
1800,33.575,0.9330374631,2.397866883
1800,33.6,0.9330923611,2.398263111
1800,33.625,0.9331473297,2.39865965
1800,33.65,0.9332023689,2.399056499
1800,33.675,0.9332574786,2.399453659
1800,33.7,0.933312659,2.399851131
1800,33.725,0.9333679101,2.400248914
1800,33.75,0.9334232319,2.400647008
1800,33.775,0.9334786246,2.401045415
1800,33.8,0.933534088,2.401444132
1800,33.825,0.9335896224,2.401843162
1800,33.85,0.9336452277,2.402242504
1800,33.875,0.933700904,2.402642159
1800,33.9,0.9337566513,2.403042125
1800,33.925,0.9338124698,2.403442404
1800,33.95,0.9338683593,2.403842996
1800,33.975,0.93392432,2.4042439
1800,34,0.933980352,2.404645118
1800,34.025,0.9340364552,2.405046649
1800,34.05,0.9340926298,2.405448492
1800,34.075,0.9341488757,2.40585065
1800,34.1,0.934205193,2.40625312
1800,34.125,0.9342615818,2.406655905
1800,34.15,0.9343180421,2.407059003
1800,34.175,0.934374574,2.407462415
1800,34.2,0.9344311774,2.407866141
1800,34.225,0.9344878526,2.408270182
1800,34.25,0.9345445994,2.408674536
1800,34.275,0.9346014179,2.409079206
1800,34.3,0.9346583083,2.40948419
1800,34.325,0.9347152705,2.409889489
1800,34.35,0.9347723046,2.410295102
1800,34.375,0.9348294106,2.410701031
1800,34.4,0.9348865886,2.411107275
1800,34.425,0.9349438386,2.411513835
1800,34.45,0.9350011607,2.41192071
1800,34.475,0.9350585549,2.4123279
1800,34.5,0.9351160213,2.412735407
1800,34.525,0.9351735599,2.413143229
1800,34.55,0.9352311708,2.413551367
1800,34.575,0.935288854,2.413959822
1800,34.6,0.9353466095,2.414368593
1800,34.625,0.9354044374,2.414777681
1800,34.65,0.9354623377,2.415187085
1800,34.675,0.9355203106,2.415596806
1800,34.7,0.935578356,2.416006844
1800,34.725,0.9356364739,2.416417199
1800,34.75,0.9356946645,2.416827871
1800,34.775,0.9357529278,2.41723886
1800,34.8,0.9358112638,2.417650167
1800,34.825,0.9358696725,2.418061792
1800,34.85,0.9359281541,2.418473734
1800,34.875,0.9359867085,2.418885995
1800,34.9,0.9360453358,2.419298573
1800,34.925,0.9361040361,2.419711469
1800,34.95,0.9361628093,2.420124684
1800,34.975,0.9362216556,2.420538218
1800,35,0.936280575,2.42095207
1800,35.025,0.9363395675,2.42136624
1800,35.05,0.9363986332,2.42178073
1800,35.075,0.9364577721,2.422195539
1800,35.1,0.9365169843,2.422610666
1800,35.125,0.9365762697,2.423026114
1800,35.15,0.9366356286,2.42344188
1800,35.175,0.9366950608,2.423857966
1800,35.2,0.9367545664,2.424274372
1800,35.225,0.9368141456,2.424691098
1800,35.25,0.9368737983,2.425108144
1800,35.275,0.9369335245,2.425525509
1800,35.3,0.9369933244,2.425943196
1800,35.325,0.9370531979,2.426361202
1800,35.35,0.9371131452,2.426779529
1800,35.375,0.9371731662,2.427198177
1800,35.4,0.937233261,2.427617146
1800,35.425,0.9372934296,2.428036436
1800,35.45,0.9373536722,2.428456046
1800,35.475,0.9374139886,2.428875978
1800,35.5,0.9374743791,2.429296232
1800,35.525,0.9375348435,2.429716807
1800,35.55,0.937595382,2.430137703
1800,35.575,0.9376559947,2.430558921
1800,35.6,0.9377166814,2.430980462
1800,35.625,0.9377774424,2.431402324
1800,35.65,0.9378382776,2.431824509
1800,35.675,0.9378991871,2.432247016
1800,35.7,0.9379601709,2.432669845
1800,35.725,0.938021229,2.433092997
1800,35.75,0.9380823616,2.433516472
1800,35.775,0.9381435686,2.433940269
1800,35.8,0.9382048501,2.43436439
1800,35.825,0.9382662062,2.434788834
1800,35.85,0.9383276368,2.435213601
1800,35.875,0.9383891421,2.435638692
1800,35.9,0.938450722,2.436064106
1800,35.925,0.9385123767,2.436489844
1800,35.95,0.9385741061,2.436915905
1800,35.975,0.9386359103,2.437342291
1800,36,0.9386977893,2.437769001
1800,36.025,0.9387597432,2.438196035
1800,36.05,0.9388217721,2.438623393
1800,36.075,0.9388838759,2.439051076
1800,36.1,0.9389460547,2.439479084
1800,36.125,0.9390083085,2.439907416
1800,36.15,0.9390706375,2.440336073
1800,36.175,0.9391330415,2.440765056
1800,36.2,0.9391955208,2.441194363
1800,36.225,0.9392580753,2.441623996
1800,36.25,0.939320705,2.442053954
1800,36.275,0.93938341,2.442484238
1800,36.3,0.9394461904,2.442914848
1800,36.325,0.9395090462,2.443345783
1800,36.35,0.9395719773,2.443777045
1800,36.375,0.939634984,2.444208632
1800,36.4,0.9396980661,2.444640546
1800,36.425,0.9397612238,2.445072787
1800,36.45,0.9398244571,2.445505353
1800,36.475,0.9398877661,2.445938247
1800,36.5,0.9399511507,2.446371467
1800,36.525,0.940014611,2.446805014
1800,36.55,0.9400781471,2.447238889
1800,36.575,0.9401417589,2.44767309
1800,36.6,0.9402054466,2.448107619
1800,36.625,0.9402692102,2.448542475
1800,36.65,0.9403330497,2.448977659
1800,36.675,0.9403969652,2.44941317
1800,36.7,0.9404609566,2.44984901
1800,36.725,0.9405250241,2.450285177
1800,36.75,0.9405891677,2.450721672
1800,36.775,0.9406533873,2.451158496
1800,36.8,0.9407176832,2.451595648
1800,36.825,0.9407820552,2.452033129
1800,36.85,0.9408465035,2.452470938
1800,36.875,0.9409110281,2.452909076
1800,36.9,0.940975629,2.453347543
1800,36.925,0.9410403062,2.453786339
1800,36.95,0.9411050599,2.454225464
1800,36.975,0.9411698899,2.454664918
1800,37,0.9412347965,2.455104702
1800,37.025,0.9412997795,2.455544816
1800,37.05,0.9413648392,2.455985259
1800,37.075,0.9414299754,2.456426032
1800,37.1,0.9414951882,2.456867134
1800,37.125,0.9415604778,2.457308567
1800,37.15,0.941625844,2.45775033
1800,37.175,0.941691287,2.458192424
1800,37.2,0.9417568068,2.458634848
1800,37.225,0.9418224034,2.459077602
1800,37.25,0.9418880769,2.459520687
1800,37.275,0.9419538272,2.459964103
1800,37.3,0.9420196546,2.46040785
1800,37.325,0.9420855589,2.460851928
1800,37.35,0.9421515402,2.461296338
1800,37.375,0.9422175986,2.461741078
1800,37.4,0.9422837341,2.46218615
1800,37.425,0.9423499467,2.462631554
1800,37.45,0.9424162365,2.46307729
1800,37.475,0.9424826035,2.463523357
1800,37.5,0.9425490477,2.463969756
1800,37.525,0.9426155693,2.464416488
1800,37.55,0.9426821681,2.464863552
1800,37.575,0.9427488443,2.465310948
1800,37.6,0.942815598,2.465758676
1800,37.625,0.942882429,2.466206738
1800,37.65,0.9429493376,2.466655132
1800,37.675,0.9430163236,2.467103858
1800,37.7,0.9430833872,2.467552918
1800,37.725,0.9431505284,2.468002311
1800,37.75,0.9432177472,2.468452038
1800,37.775,0.9432850436,2.468902097
1800,37.8,0.9433524178,2.469352491
1800,37.825,0.9434198696,2.469803217
1800,37.85,0.9434873993,2.470254278
1800,37.875,0.9435550067,2.470705672
1800,37.9,0.943622692,2.471157401
1800,37.925,0.9436904552,2.471609464
1800,37.95,0.9437582963,2.47206186
1800,37.975,0.9438262153,2.472514592
1800,38,0.9438942124,2.472967657
1800,38.025,0.9439622874,2.473421058
1800,38.05,0.9440304405,2.473874793
1800,38.075,0.9440986717,2.474328863
1800,38.1,0.944166981,2.474783268
1800,38.125,0.9442353685,2.475238008
1800,38.15,0.9443038342,2.475693084
1800,38.175,0.9443723782,2.476148494
1800,38.2,0.9444410004,2.476604241
1800,38.225,0.9445097009,2.477060323
1800,38.25,0.9445784797,2.47751674
1800,38.275,0.9446473369,2.477973494
1800,38.3,0.9447162726,2.478430583
1800,38.325,0.9447852866,2.478888009
1800,38.35,0.9448543792,2.479345771
1800,38.375,0.9449235503,2.479803869
1800,38.4,0.9449927999,2.480262304
1800,38.425,0.9450621281,2.480721075
1800,38.45,0.9451315349,2.481180183
1800,38.475,0.9452010204,2.481639628
1800,38.5,0.9452705846,2.48209941
1800,38.525,0.9453402275,2.482559528
1800,38.55,0.9454099491,2.483019984
1800,38.575,0.9454797496,2.483480778
1800,38.6,0.9455496288,2.483941909
1800,38.625,0.9456195869,2.484403377
1800,38.65,0.9456896239,2.484865183
1800,38.675,0.9457597399,2.485327327
1800,38.7,0.9458299347,2.485789809
1800,38.725,0.9459002086,2.486252628
1800,38.75,0.9459705615,2.486715786
1800,38.775,0.9460409935,2.487179283
1800,38.8,0.9461115045,2.487643117
1800,38.825,0.9461820947,2.488107291
1800,38.85,0.946252764,2.488571802
1800,38.875,0.9463235125,2.489036653
1800,38.9,0.9463943403,2.489501842
1800,38.925,0.9464652472,2.489967371
1800,38.95,0.9465362335,2.490433238
1800,38.975,0.9466072991,2.490899445
1800,39,0.9466784441,2.491365991
1800,39.025,0.9467496684,2.491832876
1800,39.05,0.9468209721,2.492300102
1800,39.075,0.9468923553,2.492767666
1800,39.1,0.946963818,2.493235571
1800,39.125,0.9470353601,2.493703815
1800,39.15,0.9471069819,2.4941724
1800,39.175,0.9471786831,2.494641325
1800,39.2,0.947250464,2.49511059
1800,39.225,0.9473223246,2.495580195
1800,39.25,0.9473942648,2.496050141
1800,39.275,0.9474662846,2.496520427
1800,39.3,0.9475383843,2.496991055
1800,39.325,0.9476105637,2.497462023
1800,39.35,0.9476828228,2.497933332
1800,39.375,0.9477551618,2.498404982
1800,39.4,0.9478275807,2.498876973
1800,39.425,0.9479000794,2.499349306
1800,39.45,0.9479726581,2.49982198
1800,39.475,0.9480453166,2.500294995
1800,39.5,0.9481180552,2.500768353
1800,39.525,0.9481908738,2.501242052
1800,39.55,0.9482637724,2.501716092
1800,39.575,0.948336751,2.502190475
1800,39.6,0.9484098098,2.5026652
1800,39.625,0.9484829487,2.503140267
1800,39.65,0.9485561677,2.503615677
1800,39.675,0.9486294669,2.504091429
1800,39.7,0.9487028463,2.504567523
1800,39.725,0.948776306,2.50504396
1800,39.75,0.9488498459,2.50552074
1800,39.775,0.9489234662,2.505997863
1800,39.8,0.9489971667,2.506475329
1800,39.825,0.9490709477,2.506953138
1800,39.85,0.949144809,2.50743129
1800,39.875,0.9492187507,2.507909785
1800,39.9,0.9492927728,2.508388624
1800,39.925,0.9493668755,2.508867806
1800,39.95,0.9494410586,2.509347332
1800,39.975,0.9495153223,2.509827202
1800,40,0.9495896665,2.510307416
1800,40.025,0.9496640913,2.510787974
1800,40.05,0.9497385967,2.511268875
1800,40.075,0.9498131827,2.511750121
1800,40.1,0.9498878494,2.512231712
1800,40.125,0.9499625968,2.512713647
1800,40.15,0.950037425,2.513195926
1800,40.175,0.9501123338,2.51367855
1800,40.2,0.9501873235,2.514161518
1800,40.225,0.9502623939,2.514644832
1800,40.25,0.9503375452,2.51512849
1800,40.275,0.9504127774,2.515612494
1800,40.3,0.9504880904,2.516096843
1800,40.325,0.9505634843,2.516581537
1800,40.35,0.9506389592,2.517066576
1800,40.375,0.950714515,2.517551961
1800,40.4,0.9507901519,2.518037691
1800,40.425,0.9508658697,2.518523767
1800,40.45,0.9509416686,2.519010189
1800,40.475,0.9510175485,2.519496957
1800,40.5,0.9510935096,2.519984071
1800,40.525,0.9511695517,2.520471531
1800,40.55,0.951245675,2.520959338
1800,40.575,0.9513218795,2.52144749
1800,40.6,0.9513981652,2.521935989
1800,40.625,0.9514745321,2.522424835
1800,40.65,0.9515509802,2.522914027
1800,40.675,0.9516275096,2.523403566
1800,40.7,0.9517041203,2.523893452
1800,40.725,0.9517808123,2.524383685
1800,40.75,0.9518575857,2.524874265
1800,40.775,0.9519344404,2.525365192
1800,40.8,0.9520113766,2.525856467
1800,40.825,0.9520883941,2.526348088
1800,40.85,0.9521654931,2.526840058
1800,40.875,0.9522426736,2.527332374
1800,40.9,0.9523199355,2.527825039
1800,40.925,0.952397279,2.528318051
1800,40.95,0.952474704,2.528811411
1800,40.975,0.9525522106,2.529305119
1800,41,0.9526297987,2.529799176
1800,41.025,0.9527074685,2.53029358
1800,41.05,0.9527852199,2.530788333
1800,41.075,0.9528630529,2.531283434
1800,41.1,0.9529409676,2.531778883
1800,41.125,0.9530189641,2.532274681
1800,41.15,0.9530970422,2.532770828
1800,41.175,0.9531752021,2.533267324
1800,41.2,0.9532534438,2.533764168
1800,41.225,0.9533317673,2.534261362
1800,41.25,0.9534101725,2.534758904
1800,41.275,0.9534886596,2.535256796
1800,41.3,0.9535672286,2.535755037
1800,41.325,0.9536458795,2.536253627
1800,41.35,0.9537246122,2.536752567
1800,41.375,0.9538034269,2.537251857
1800,41.4,0.9538823235,2.537751496
1800,41.425,0.9539613021,2.538251484
1800,41.45,0.9540403627,2.538751823
1800,41.475,0.9541195053,2.539252512
1800,41.5,0.9541987299,2.53975355
1800,41.525,0.9542780366,2.540254939
1800,41.55,0.9543574253,2.540756678
1800,41.575,0.9544368962,2.541258768
1800,41.6,0.9545164491,2.541761208
1800,41.625,0.9545960842,2.542263998
1800,41.65,0.9546758014,2.542767139
1800,41.675,0.9547556009,2.543270631
1800,41.7,0.9548354825,2.543774473
1800,41.725,0.9549154463,2.544278667
1800,41.75,0.9549954924,2.544783211
1800,41.775,0.9550756207,2.545288106
1800,41.8,0.9551558313,2.545793353
1800,41.825,0.9552361241,2.546298951
1800,41.85,0.9553164993,2.5468049
1800,41.875,0.9553969569,2.547311201
1800,41.9,0.9554774968,2.547817853
1800,41.925,0.955558119,2.548324857
1800,41.95,0.9556388236,2.548832213
1800,41.975,0.9557196107,2.549339921
1800,42,0.9558004802,2.54984798
1800,42.025,0.9558814321,2.550356392
1800,42.05,0.9559624665,2.550865155
1800,42.075,0.9560435834,2.551374271
1800,42.1,0.9561247827,2.551883739
1800,42.125,0.9562060646,2.552393559
1800,42.15,0.956287429,2.552903732
1800,42.175,0.956368876,2.553414257
1800,42.2,0.9564504055,2.553925135
1800,42.225,0.9565320177,2.554436366
1800,42.25,0.9566137124,2.55494795
1800,42.275,0.9566954898,2.555459886
1800,42.3,0.9567773498,2.555972175
1800,42.325,0.9568592924,2.556484818
1800,42.35,0.9569413178,2.556997814
1800,42.375,0.9570234258,2.557511163
1800,42.4,0.9571056165,2.558024865
1800,42.425,0.95718789,2.55853892
1800,42.45,0.9572702462,2.55905333
1800,42.475,0.9573526851,2.559568092
1800,42.5,0.9574352068,2.560083209
1800,42.525,0.9575178113,2.560598679
1800,42.55,0.9576004986,2.561114503
1800,42.575,0.9576832688,2.561630681
1800,42.6,0.9577661217,2.562147213
1800,42.625,0.9578490575,2.562664099
1800,42.65,0.9579320762,2.563181339
1800,42.675,0.9580151778,2.563698934
1800,42.7,0.9580983622,2.564216883
1800,42.725,0.9581816296,2.564735186
1800,42.75,0.9582649799,2.565253844
1800,42.775,0.9583484131,2.565772856
1800,42.8,0.9584319293,2.566292224
1800,42.825,0.9585155284,2.566811945
1800,42.85,0.9585992106,2.567332022
1800,42.875,0.9586829757,2.567852454
1800,42.9,0.9587668238,2.568373241
1800,42.925,0.958850755,2.568894382
1800,42.95,0.9589347692,2.569415879
1800,42.975,0.9590188664,2.569937731
1800,43,0.9591030467,2.570459939
1800,43.025,0.9591873101,2.570982502
1800,43.05,0.9592716566,2.57150542
1800,43.075,0.9593560861,2.572028694
1800,43.1,0.9594405988,2.572552324
1800,43.125,0.9595251946,2.573076309
1800,43.15,0.9596098736,2.57360065
1800,43.175,0.9596946357,2.574125347
1800,43.2,0.959779481,2.5746504
1800,43.225,0.9598644094,2.575175809
1800,43.25,0.9599494211,2.575701574
1800,43.275,0.9600345159,2.576227696
1800,43.3,0.960119694,2.576754173
1800,43.325,0.9602049553,2.577281007
1800,43.35,0.9602902998,2.577808198
1800,43.375,0.9603757275,2.578335744
1800,43.4,0.9604612386,2.578863648
1800,43.425,0.9605468328,2.579391908
1800,43.45,0.9606325104,2.579920524
1800,43.475,0.9607182713,2.580449498
1800,43.5,0.9608041154,2.580978828
1800,43.525,0.9608900429,2.581508516
1800,43.55,0.9609760537,2.58203856
1800,43.575,0.9610621478,2.582568961
1800,43.6,0.9611483253,2.58309972
1800,43.625,0.9612345861,2.583630836
1800,43.65,0.9613209303,2.584162309
1800,43.675,0.9614073578,2.584694139
1800,43.7,0.9614938687,2.585226327
1800,43.725,0.9615804631,2.585758873
1800,43.75,0.9616671408,2.586291776
1800,43.775,0.9617539019,2.586825036
1800,43.8,0.9618407464,2.587358655
1800,43.825,0.9619276744,2.587892631
1800,43.85,0.9620146858,2.588426965
1800,43.875,0.9621017806,2.588961657
1800,43.9,0.9621889589,2.589496707
1800,43.925,0.9622762207,2.590032115
1800,43.95,0.9623635659,2.590567881
1800,43.975,0.9624509946,2.591104005
1800,44,0.9625385067,2.591640488
1800,44.025,0.9626261024,2.592177329
1800,44.05,0.9627137815,2.592714528
1800,44.075,0.9628015442,2.593252086
1800,44.1,0.9628893904,2.593790003
1800,44.125,0.96297732,2.594328278
1800,44.15,0.9630653332,2.594866911
1800,44.175,0.96315343,2.595405904
1800,44.2,0.9632416103,2.595945255
1800,44.225,0.9633298741,2.596484965
1800,44.25,0.9634182214,2.597025034
1800,44.275,0.9635066524,2.597565462
1800,44.3,0.9635951669,2.598106249
1800,44.325,0.9636837649,2.598647395
1800,44.35,0.9637724465,2.599188901
1800,44.375,0.9638612117,2.599730765
1800,44.4,0.9639500605,2.600272989
1800,44.425,0.9640389929,2.600815573
1800,44.45,0.9641280089,2.601358515
1800,44.475,0.9642171085,2.601901817
1800,44.5,0.9643062916,2.602445479
1800,44.525,0.9643955584,2.602989501
1800,44.55,0.9644849088,2.603533882
1800,44.575,0.9645743428,2.604078622
1800,44.6,0.9646638605,2.604623723
1800,44.625,0.9647534617,2.605169183
1800,44.65,0.9648431466,2.605715004
1800,44.675,0.9649329151,2.606261184
1800,44.7,0.9650227673,2.606807724
1800,44.725,0.9651127031,2.607354625
1800,44.75,0.9652027225,2.607901885
1800,44.775,0.9652928256,2.608449506
1800,44.8,0.9653830123,2.608997487
1800,44.825,0.9654732827,2.609545828
1800,44.85,0.9655636368,2.61009453
1800,44.875,0.9656540745,2.610643592
1800,44.9,0.9657445958,2.611193015
1800,44.925,0.9658352008,2.611742798
1800,44.95,0.9659258895,2.612292942
1800,44.975,0.9660166618,2.612843446
1800,45,0.9661075178,2.613394311
1800,45.025,0.9661984575,2.613945537
1800,45.05,0.9662894808,2.614497123
1800,45.075,0.9663805879,2.615049071
1800,45.1,0.9664717785,2.615601379
1800,45.125,0.9665630529,2.616154049
1800,45.15,0.9666544109,2.616707079
1800,45.175,0.9667458526,2.61726047
1800,45.2,0.966837378,2.617814223
1800,45.225,0.966928987,2.618368336
1800,45.25,0.9670206797,2.618922811
1800,45.275,0.9671124561,2.619477647
1800,45.3,0.9672043162,2.620032845
1800,45.325,0.9672962599,2.620588404
1800,45.35,0.9673882874,2.621144324
1800,45.375,0.9674803984,2.621700606
1800,45.4,0.9675725932,2.622257249
1800,45.425,0.9676648716,2.622814254
1800,45.45,0.9677572337,2.62337162
1800,45.475,0.9678496795,2.623929348
1800,45.5,0.9679422089,2.624487438
1800,45.525,0.968034822,2.625045889
1800,45.55,0.9681275187,2.625604702
1800,45.575,0.9682202992,2.626163877
1800,45.6,0.9683131632,2.626723414
1800,45.625,0.968406111,2.627283313
1800,45.65,0.9684991423,2.627843574
1800,45.675,0.9685922574,2.628404197
1800,45.7,0.9686854561,2.628965182
1800,45.725,0.9687787384,2.629526529
1800,45.75,0.9688721044,2.630088238
1800,45.775,0.968965554,2.630650309
1800,45.8,0.9690590872,2.631212743
1800,45.825,0.9691527041,2.631775538
1800,45.85,0.9692464046,2.632338696
1800,45.875,0.9693401887,2.632902217
1800,45.9,0.9694340565,2.6334661
1800,45.925,0.9695280079,2.634030345
1800,45.95,0.9696220428,2.634594953
1800,45.975,0.9697161614,2.635159923
1800,46,0.9698103636,2.635725256
1800,46.025,0.9699046494,2.636290951
1800,46.05,0.9699990188,2.636857009
1800,46.075,0.9700934718,2.637423429
1800,46.1,0.9701880083,2.637990213
1800,46.125,0.9702826284,2.638557359
1800,46.15,0.9703773321,2.639124867
1800,46.175,0.9704721194,2.639692739
1800,46.2,0.9705669902,2.640260973
1800,46.225,0.9706619446,2.640829571
1800,46.25,0.9707569825,2.641398531
1800,46.275,0.970852104,2.641967854
1800,46.3,0.970947309,2.64253754
1800,46.325,0.9710425975,2.643107589
1800,46.35,0.9711379696,2.643678001
1800,46.375,0.9712334251,2.644248777
1800,46.4,0.9713289642,2.644819915
1800,46.425,0.9714245867,2.645391417
1800,46.45,0.9715202928,2.645963281
1800,46.475,0.9716160823,2.646535509
1800,46.5,0.9717119553,2.6471081
1800,46.525,0.9718079118,2.647681054
1800,46.55,0.9719039517,2.648254372
1800,46.575,0.9720000751,2.648828053
1800,46.6,0.9720962819,2.649402097
1800,46.625,0.9721925722,2.649976505
1800,46.65,0.9722889458,2.650551276
1800,46.675,0.9723854029,2.651126411
1800,46.7,0.9724819434,2.651701909
1800,46.725,0.9725785673,2.65227777
1800,46.75,0.9726752746,2.652853995
1800,46.775,0.9727720652,2.653430583
1800,46.8,0.9728689392,2.654007536
1800,46.825,0.9729658966,2.654584851
1800,46.85,0.9730629373,2.65516253
1800,46.875,0.9731600614,2.655740573
1800,46.9,0.9732572687,2.65631898
1800,46.925,0.9733545594,2.65689775
1800,46.95,0.9734519334,2.657476884
1800,46.975,0.9735493906,2.658056382
1800,47,0.9736469312,2.658636243
1800,47.025,0.973744555,2.659216469
1800,47.05,0.9738422621,2.659797058
1800,47.075,0.9739400524,2.66037801
1800,47.1,0.9740379259,2.660959327
1800,47.125,0.9741358827,2.661541008
1800,47.15,0.9742339227,2.662123052
1800,47.175,0.9743320458,2.66270546
1800,47.2,0.9744302522,2.663288232
1800,47.225,0.9745285417,2.663871369
1800,47.25,0.9746269144,2.664454869
1800,47.275,0.9747253702,2.665038733
1800,47.3,0.9748239091,2.665622961
1800,47.325,0.9749225312,2.666207553
1800,47.35,0.9750212363,2.666792509
1800,47.375,0.9751200246,2.667377829
1800,47.4,0.9752188959,2.667963513
1800,47.425,0.9753178503,2.668549561
1800,47.45,0.9754168877,2.669135973
1800,47.475,0.9755160081,2.66972275
1800,47.5,0.9756152116,2.67030989
1800,47.525,0.9757144981,2.670897394
1800,47.55,0.9758138675,2.671485263
1800,47.575,0.9759133199,2.672073496
1800,47.6,0.9760128553,2.672662093
1800,47.625,0.9761124736,2.673251054
1800,47.65,0.9762121748,2.673840379
1800,47.675,0.976311959,2.674430069
1800,47.7,0.976411826,2.675020122
1800,47.725,0.9765117759,2.67561054
1800,47.75,0.9766118086,2.676201322
1800,47.775,0.9767119242,2.676792468
1800,47.8,0.9768121226,2.677383979
1800,47.825,0.9769124039,2.677975853
1800,47.85,0.9770127679,2.678568092
1800,47.875,0.9771132147,2.679160695
1800,47.9,0.9772137442,2.679753663
1800,47.925,0.9773143565,2.680346994
1800,47.95,0.9774150514,2.68094069
1800,47.975,0.9775158291,2.68153475
1800,48,0.9776166895,2.682129175
1800,48.025,0.9777176325,2.682723963
1800,48.05,0.9778186582,2.683319116
1800,48.075,0.9779197665,2.683914634
1800,48.1,0.9780209574,2.684510515
1800,48.125,0.9781222308,2.685106761
1800,48.15,0.9782235869,2.685703371
1800,48.175,0.9783250255,2.686300345
1800,48.2,0.9784265466,2.686897684
1800,48.225,0.9785281502,2.687495387
1800,48.25,0.9786298363,2.688093454
1800,48.275,0.9787316049,2.688691885
1800,48.3,0.978833456,2.689290681
1800,48.325,0.9789353894,2.689889841
1800,48.35,0.9790374053,2.690489365
1800,48.375,0.9791395035,2.691089253
1800,48.4,0.9792416841,2.691689506
1800,48.425,0.979343947,2.692290123
1800,48.45,0.9794462923,2.692891104
1800,48.475,0.9795487198,2.693492449
1800,48.5,0.9796512297,2.694094159
1800,48.525,0.9797538218,2.694696233
1800,48.55,0.9798564961,2.695298671
1800,48.575,0.9799592526,2.695901473
1800,48.6,0.9800620913,2.69650464
1800,48.625,0.9801650121,2.697108171
1800,48.65,0.9802680151,2.697712066
1800,48.675,0.9803711003,2.698316325
1800,48.7,0.9804742675,2.698920948
1800,48.725,0.9805775168,2.699525935
1800,48.75,0.9806808481,2.700131287
1800,48.775,0.9807842614,2.700737002
1800,48.8,0.9808877568,2.701343082
1800,48.825,0.9809913341,2.701949526
1800,48.85,0.9810949933,2.702556334
1800,48.875,0.9811987345,2.703163506
1800,48.9,0.9813025576,2.703771042
1800,48.925,0.9814064625,2.704378943
1800,48.95,0.9815104493,2.704987207
1800,48.975,0.9816145179,2.705595835
1800,49,0.9817186684,2.706204827
1800,49.025,0.9818229005,2.706814184
1800,49.05,0.9819272145,2.707423904
1800,49.075,0.9820316101,2.708033988
1800,49.1,0.9821360874,2.708644436
1800,49.125,0.9822406464,2.709255248
1800,49.15,0.9823452871,2.709866424
1800,49.175,0.9824500093,2.710477964
1800,49.2,0.9825548132,2.711089867
1800,49.225,0.9826596985,2.711702135
1800,49.25,0.9827646655,2.712314766
1800,49.275,0.9828697139,2.712927761
1800,49.3,0.9829748438,2.71354112
1800,49.325,0.9830800551,2.714154843
1800,49.35,0.9831853478,2.714768929
1800,49.375,0.983290722,2.715383379
1800,49.4,0.9833961775,2.715998193
1800,49.425,0.9835017143,2.71661337
1800,49.45,0.9836073324,2.717228911
1800,49.475,0.9837130318,2.717844815
1800,49.5,0.9838188125,2.718461083
1800,49.525,0.9839246743,2.719077715
1800,49.55,0.9840306173,2.71969471
1800,49.575,0.9841366415,2.720312069
1800,49.6,0.9842427468,2.720929791
1800,49.625,0.9843489332,2.721547876
1800,49.65,0.9844552007,2.722166325
1800,49.675,0.9845615492,2.722785138
1800,49.7,0.9846679787,2.723404313
1800,49.725,0.9847744892,2.724023852
1800,49.75,0.9848810806,2.724643754
1800,49.775,0.9849877529,2.72526402
1800,49.8,0.985094506,2.725884648
1800,49.825,0.9852013401,2.72650564
1800,49.85,0.9853082549,2.727126995
1800,49.875,0.9854152505,2.727748713
1800,49.9,0.9855223269,2.728370794
1800,49.925,0.9856294839,2.728993238
1800,49.95,0.9857367217,2.729616045
1800,49.975,0.9858440401,2.730239215
1800,50,0.9859514391,2.730862748
1800,50.025,0.9860589186,2.731486643
1800,50.05,0.9861664788,2.732110902
1800,50.075,0.9862741194,2.732735523
1800,50.1,0.9863818405,2.733360508
1800,50.125,0.9864896421,2.733985854
1800,50.15,0.9865975241,2.734611564
1800,50.175,0.9867054864,2.735237636
1800,50.2,0.9868135291,2.735864071
1800,50.225,0.9869216521,2.736490868
1800,50.25,0.9870298553,2.737118028
1800,50.275,0.9871381388,2.73774555
1800,50.3,0.9872465025,2.738373435
1800,50.325,0.9873549464,2.739001682
1800,50.35,0.9874634704,2.739630291
1800,50.375,0.9875720744,2.740259262
1800,50.4,0.9876807586,2.740888596
1800,50.425,0.9877895227,2.741518292
1800,50.45,0.9878983668,2.74214835
1800,50.475,0.9880072909,2.74277877
1800,50.5,0.9881162949,2.743409552
1800,50.525,0.9882253787,2.744040697
1800,50.55,0.9883345424,2.744672203
1800,50.575,0.9884437859,2.745304071
1800,50.6,0.9885531091,2.7459363
1800,50.625,0.988662512,2.746568892
1800,50.65,0.9887719946,2.747201845
1800,50.675,0.9888815569,2.74783516
1800,50.7,0.9889911988,2.748468836
1800,50.725,0.9891009202,2.749102874
1800,50.75,0.9892107212,2.749737274
1800,50.775,0.9893206016,2.750372035
1800,50.8,0.9894305615,2.751007157
1800,50.825,0.9895406008,2.751642641
1800,50.85,0.9896507194,2.752278486
1800,50.875,0.9897609174,2.752914692
1800,50.9,0.9898711946,2.753551259
1800,50.925,0.9899815512,2.754188188
1800,50.95,0.9900919869,2.754825477
1800,50.975,0.9902025017,2.755463127
1800,51,0.9903130957,2.756101139
1800,51.025,0.9904237688,2.756739511
1800,51.05,0.9905345209,2.757378244
1800,51.075,0.990645352,2.758017337
1800,51.1,0.9907562621,2.758656791
1800,51.125,0.9908672511,2.759296606
1800,51.15,0.9909783189,2.759936782
1800,51.175,0.9910894656,2.760577317
1800,51.2,0.9912006911,2.761218213
1800,51.225,0.9913119953,2.76185947
1800,51.25,0.9914233782,2.762501087
1800,51.275,0.9915348398,2.763143064
1800,51.3,0.9916463799,2.763785401
1800,51.325,0.9917579987,2.764428098
1800,51.35,0.9918696959,2.765071155
1800,51.375,0.9919814717,2.765714572
1800,51.4,0.9920933259,2.766358348
1800,51.425,0.9922052585,2.767002485
1800,51.45,0.9923172694,2.767646981
1800,51.475,0.9924293586,2.768291837
1800,51.5,0.9925415261,2.768937052
1800,51.525,0.9926537718,2.769582627
1800,51.55,0.9927660957,2.770228561
1800,51.575,0.9928784977,2.770874854
1800,51.6,0.9929909777,2.771521507
1800,51.625,0.9931035358,2.772168519
1800,51.65,0.9932161719,2.77281589
1800,51.675,0.9933288859,2.77346362
1800,51.7,0.9934416778,2.774111708
1800,51.725,0.9935545475,2.774760156
1800,51.75,0.9936674951,2.775408962
1800,51.775,0.9937805203,2.776058127
1800,51.8,0.9938936233,2.776707651
1800,51.825,0.994006804,2.777357533
1800,51.85,0.9941200622,2.778007774
1800,51.875,0.994233398,2.778658373
1800,51.9,0.9943468113,2.77930933
1800,51.925,0.9944603021,2.779960645
1800,51.95,0.9945738702,2.780612318
1800,51.975,0.9946875158,2.78126435
1800,52,0.9948012386,2.781916739
1800,52.025,0.9949150387,2.782569486
1800,52.05,0.995028916,2.783222591
1800,52.075,0.9951428705,2.783876053
1800,52.1,0.9952569021,2.784529873
1800,52.125,0.9953710108,2.785184051
1800,52.15,0.9954851965,2.785838585
1800,52.175,0.9955994591,2.786493478
1800,52.2,0.9957137987,2.787148727
1800,52.225,0.9958282151,2.787804333
1800,52.25,0.9959427083,2.788460296
1800,52.275,0.9960572783,2.789116617
1800,52.3,0.996171925,2.789773294
1800,52.325,0.9962866483,2.790430327
1800,52.35,0.9964014482,2.791087718
1800,52.375,0.9965163247,2.791745464
1800,52.4,0.9966312777,2.792403568
1800,52.425,0.9967463071,2.793062027
1800,52.45,0.996861413,2.793720843
1800,52.475,0.9969765951,2.794380015
1800,52.5,0.9970918536,2.795039543
1800,52.525,0.9972071883,2.795699426
1800,52.55,0.9973225991,2.796359666
1800,52.575,0.9974380861,2.797020261
1800,52.6,0.9975536492,2.797681212
1800,52.625,0.9976692883,2.798342518
1800,52.65,0.9977850033,2.79900418
1800,52.675,0.9979007942,2.799666197
1800,52.7,0.998016661,2.800328569
1800,52.725,0.9981326036,2.800991296
1800,52.75,0.9982486219,2.801654379
1800,52.775,0.998364716,2.802317816
1800,52.8,0.9984808856,2.802981607
1800,52.825,0.9985971308,2.803645754
1800,52.85,0.9987134516,2.804310255
1800,52.875,0.9988298478,2.80497511
1800,52.9,0.9989463194,2.80564032
1800,52.925,0.9990628663,2.806305883
1800,52.95,0.9991794886,2.806971801
1800,52.975,0.9992961861,2.807638073
1800,53,0.9994129587,2.808304699
1800,53.025,0.9995298065,2.808971678
1800,53.05,0.9996467293,2.809639011
1800,53.075,0.9997637272,2.810306697
1800,53.1,0.9998808,2.810974737
1800,53.125,0.9999979476,2.81164313
1800,53.15,1.00011517,2.812311876
1800,53.175,1.000232467,2.812980975
1800,53.2,1.000349839,2.813650427
1800,53.225,1.000467286,2.814320232
1800,53.25,1.000584807,2.814990389
1800,53.275,1.000702403,2.815660899
1800,53.3,1.000820073,2.816331762
1800,53.325,1.000937818,2.817002976
1800,53.35,1.001055637,2.817674543
1800,53.375,1.00117353,2.818346461
1800,53.4,1.001291498,2.819018732
1800,53.425,1.001409539,2.819691354
1800,53.45,1.001527655,2.820364328
1800,53.475,1.001645845,2.821037654
1800,53.5,1.001764109,2.821711331
1800,53.525,1.001882446,2.822385359
1800,53.55,1.002000858,2.823059738
1800,53.575,1.002119343,2.823734468
1800,53.6,1.002237902,2.824409549
1800,53.625,1.002356535,2.825084981
1800,53.65,1.002475242,2.825760763
1800,53.675,1.002594022,2.826436896
1800,53.7,1.002712875,2.827113379
1800,53.725,1.002831802,2.827790212
1800,53.75,1.002950802,2.828467395
1800,53.775,1.003069876,2.829144928
1800,53.8,1.003189022,2.829822811
1800,53.825,1.003308242,2.830501043
1800,53.85,1.003427535,2.831179625
1800,53.875,1.003546901,2.831858556
1800,53.9,1.00366634,2.832537837
1800,53.925,1.003785852,2.833217466
1800,53.95,1.003905437,2.833897444
1800,53.975,1.004025094,2.834577771
1800,54,1.004144825,2.835258447
1800,54.025,1.004264627,2.835939471
1800,54.05,1.004384503,2.836620844
1800,54.075,1.004504451,2.837302564
1800,54.1,1.004624471,2.837984633
1800,54.125,1.004744564,2.838667049
1800,54.15,1.004864729,2.839349813
1800,54.175,1.004984966,2.840032925
1800,54.2,1.005105276,2.840716384
1800,54.225,1.005225657,2.841400191
1800,54.25,1.005346111,2.842084344
1800,54.275,1.005466637,2.842768845
1800,54.3,1.005587234,2.843453692
1800,54.325,1.005707903,2.844138886
1800,54.35,1.005828644,2.844824426
1800,54.375,1.005949457,2.845510313
1800,54.4,1.006070342,2.846196546
1800,54.425,1.006191298,2.846883124
1800,54.45,1.006312325,2.847570049
1800,54.475,1.006433424,2.84825732
1800,54.5,1.006554594,2.848944935
1800,54.525,1.006675836,2.849632897
1800,54.55,1.006797148,2.850321203
1800,54.575,1.006918532,2.851009855
1800,54.6,1.007039987,2.851698851
1800,54.625,1.007161513,2.852388192
1800,54.65,1.00728311,2.853077878
1800,54.675,1.007404777,2.853767908
1800,54.7,1.007526516,2.854458282
1800,54.725,1.007648325,2.855149
1800,54.75,1.007770205,2.855840062
1800,54.775,1.007892155,2.856531468
1800,54.8,1.008014176,2.857223218
1800,54.825,1.008136267,2.85791531
1800,54.85,1.008258428,2.858607746
1800,54.875,1.00838066,2.859300525
1800,54.9,1.008502962,2.859993647
1800,54.925,1.008625334,2.860687111
1800,54.95,1.008747777,2.861380918
1800,54.975,1.008870289,2.862075067
1800,55,1.008992871,2.862769559
1800,55.025,1.009115523,2.863464392
1800,55.05,1.009238244,2.864159567
1800,55.075,1.009361036,2.864855084
1800,55.1,1.009483897,2.865550942
1800,55.125,1.009606827,2.866247141
1800,55.15,1.009729827,2.866943681
1800,55.175,1.009852896,2.867640562
1800,55.2,1.009976035,2.868337784
1800,55.225,1.010099242,2.869035346
1800,55.25,1.010222519,2.869733249
1800,55.275,1.010345865,2.870431492
1800,55.3,1.01046928,2.871130074
1800,55.325,1.010592764,2.871828997
1800,55.35,1.010716317,2.872528259
1800,55.375,1.010839938,2.87322786
1800,55.4,1.010963628,2.873927801
1800,55.425,1.011087387,2.87462808
1800,55.45,1.011211214,2.875328698
1800,55.475,1.01133511,2.876029655
1800,55.5,1.011459074,2.87673095
1800,55.525,1.011583106,2.877432584
1800,55.55,1.011707207,2.878134555
1800,55.575,1.011831376,2.878836864
1800,55.6,1.011955612,2.879539511
1800,55.625,1.012079917,2.880242496
1800,55.65,1.01220429,2.880945817
1800,55.675,1.01232873,2.881649475
1800,55.7,1.012453238,2.882353471
1800,55.725,1.012577814,2.883057803
1800,55.75,1.012702457,2.883762471
1800,55.775,1.012827168,2.884467475
1800,55.8,1.012951946,2.885172816
1800,55.825,1.013076792,2.885878492
1800,55.85,1.013201705,2.886584504
1800,55.875,1.013326685,2.887290851
1800,55.9,1.013451732,2.887997534
1800,55.925,1.013576846,2.888704551
1800,55.95,1.013702027,2.889411903
1800,55.975,1.013827274,2.890119589
1800,56,1.013952589,2.89082761
1800,56.025,1.01407797,2.891535965
1800,56.05,1.014203418,2.892244654
1800,56.075,1.014328932,2.892953677
1800,56.1,1.014454513,2.893663033
1800,56.125,1.01458016,2.894372722
1800,56.15,1.014705873,2.895082744
1800,56.175,1.014831652,2.8957931
1800,56.2,1.014957498,2.896503787
1800,56.225,1.015083409,2.897214807
1800,56.25,1.015209386,2.897926159
1800,56.275,1.01533543,2.898637844
1800,56.3,1.015461539,2.899349859
1800,56.325,1.015587713,2.900062207
1800,56.35,1.015713953,2.900774885
1800,56.375,1.015840259,2.901487895
1800,56.4,1.01596663,2.902201235
1800,56.425,1.016093066,2.902914906
1800,56.45,1.016219567,2.903628907
1800,56.475,1.016346134,2.904343239
1800,56.5,1.016472766,2.9050579
1800,56.525,1.016599462,2.905772891
1800,56.55,1.016726224,2.906488211
1800,56.575,1.01685305,2.907203861
1800,56.6,1.016979941,2.907919839
1800,56.625,1.017106896,2.908636147
1800,56.65,1.017233916,2.909352782
1800,56.675,1.017361001,2.910069746
1800,56.7,1.01748815,2.910787038
1800,56.725,1.017615363,2.911504658
1800,56.75,1.01774264,2.912222605
1800,56.775,1.017869981,2.91294088
1800,56.8,1.017997386,2.913659481
1800,56.825,1.018124855,2.91437841
1800,56.85,1.018252388,2.915097665
1800,56.875,1.018379985,2.915817246
1800,56.9,1.018507645,2.916537153
1800,56.925,1.018635369,2.917257386
1800,56.95,1.018763156,2.917977945
1800,56.975,1.018891007,2.918698829
1800,57,1.01901892,2.919420038
1800,57.025,1.019146897,2.920141572
1800,57.05,1.019274937,2.920863431
1800,57.075,1.01940304,2.921585613
1800,57.1,1.019531206,2.92230812
1800,57.125,1.019659435,2.923030951
1800,57.15,1.019787726,2.923754105
1800,57.175,1.01991608,2.924477583
1800,57.2,1.020044496,2.925201384
1800,57.225,1.020172975,2.925925507
1800,57.25,1.020301516,2.926649953
1800,57.275,1.020430119,2.927374721
1800,57.3,1.020558785,2.928099812
1800,57.325,1.020687512,2.928825224
1800,57.35,1.020816302,2.929550957
1800,57.375,1.020945153,2.930277012
1800,57.4,1.021074066,2.931003388
1800,57.425,1.021203041,2.931730084
1800,57.45,1.021332077,2.932457101
1800,57.475,1.021461175,2.933184438
1800,57.5,1.021590334,2.933912095
1800,57.525,1.021719554,2.934640071
1800,57.55,1.021848836,2.935368367
1800,57.575,1.021978178,2.936096982
1800,57.6,1.022107582,2.936825916
1800,57.625,1.022237046,2.937555168
1800,57.65,1.022366572,2.938284739
1800,57.675,1.022496158,2.939014627
1800,57.7,1.022625804,2.939744833
1800,57.725,1.022755511,2.940475357
1800,57.75,1.022885278,2.941206198
1800,57.775,1.023015106,2.941937356
1800,57.8,1.023144994,2.94266883
1800,57.825,1.023274942,2.943400621
1800,57.85,1.02340495,2.944132727
1800,57.875,1.023535018,2.94486515
1800,57.9,1.023665146,2.945597888
1800,57.925,1.023795333,2.946330941
1800,57.95,1.02392558,2.947064309
1800,57.975,1.024055887,2.947797991
1800,58,1.024186252,2.948531988
1800,58.025,1.024316678,2.949266299
1800,58.05,1.024447162,2.950000924
1800,58.075,1.024577706,2.950735862
1800,58.1,1.024708308,2.951471113
1800,58.125,1.024838969,2.952206677
1800,58.15,1.02496969,2.952942554
1800,58.175,1.025100468,2.953678743
1800,58.2,1.025231306,2.954415244
1800,58.225,1.025362202,2.955152056
1800,58.25,1.025493156,2.95588918
1800,58.275,1.025624169,2.956626615
1800,58.3,1.02575524,2.957364361
1800,58.325,1.025886368,2.958102417
1800,58.35,1.026017555,2.958840784
1800,58.375,1.0261488,2.95957946
1800,58.4,1.026280102,2.960318446
1800,58.425,1.026411463,2.961057741
1800,58.45,1.02654288,2.961797345
1800,58.475,1.026674355,2.962537258
1800,58.5,1.026805888,2.963277479
1800,58.525,1.026937478,2.964018008
1800,58.55,1.027069124,2.964758845
1800,58.575,1.027200828,2.965499989
1800,58.6,1.027332589,2.966241441
1800,58.625,1.027464407,2.966983199
1800,58.65,1.027596281,2.967725263
1800,58.675,1.027728212,2.968467634
1800,58.7,1.027860199,2.969210311
1800,58.725,1.027992243,2.969953293
1800,58.75,1.028124343,2.97069658
1800,58.775,1.0282565,2.971440172
1800,58.8,1.028388712,2.972184069
1800,58.825,1.02852098,2.97292827
1800,58.85,1.028653305,2.973672774
1800,58.875,1.028785684,2.974417583
1800,58.9,1.02891812,2.975162694
1800,58.925,1.029050611,2.975908109
1800,58.95,1.029183158,2.976653826
1800,58.975,1.02931576,2.977399845
1800,59,1.029448417,2.978146167
1800,59.025,1.029581129,2.97889279
1800,59.05,1.029713896,2.979639714
1800,59.075,1.029846718,2.980386939
1800,59.1,1.029979595,2.981134465
1800,59.125,1.030112526,2.981882291
1800,59.15,1.030245512,2.982630417
1800,59.175,1.030378553,2.983378843
1800,59.2,1.030511647,2.984127567
1800,59.225,1.030644796,2.984876591
1800,59.25,1.030777999,2.985625914
1800,59.275,1.030911256,2.986375534
1800,59.3,1.031044567,2.987125453
1800,59.325,1.031177932,2.987875669
1800,59.35,1.031311351,2.988626182
1800,59.375,1.031444822,2.989376992
1800,59.4,1.031578348,2.990128099
1800,59.425,1.031711926,2.990879501
1800,59.45,1.031845558,2.9916312
1800,59.475,1.031979243,2.992383194
1800,59.5,1.032112981,2.993135483
1800,59.525,1.032246772,2.993888067
1800,59.55,1.032380616,2.994640945
1800,59.575,1.032514512,2.995394118
1800,59.6,1.03264846,2.996147584
1800,59.625,1.032782462,2.996901343
1800,59.65,1.032916515,2.997655396
1800,59.675,1.033050621,2.998409741
1800,59.7,1.033184778,2.999164378
1800,59.725,1.033318988,2.999919307
1800,59.75,1.033453249,3.000674528
1800,59.775,1.033587563,3.00143004
1800,59.8,1.033721927,3.002185842
1800,59.825,1.033856344,3.002941936
1800,59.85,1.033990811,3.003698319
1800,59.875,1.03412533,3.004454992
1800,59.9,1.0342599,3.005211954
1800,59.925,1.034394521,3.005969205
1800,59.95,1.034529193,3.006726745
1800,59.975,1.034663916,3.007484573
1800,60,1.034798689,3.008242689
1800,60.025,1.034933513,3.009001092
1800,60.05,1.035068388,3.009759783
1800,60.075,1.035203312,3.01051876
1800,60.1,1.035338287,3.011278023
1800,60.125,1.035473312,3.012037573
1800,60.15,1.035608387,3.012797408
1800,60.175,1.035743512,3.013557528
1800,60.2,1.035878686,3.014317933
1800,60.225,1.03601391,3.015078623
1800,60.25,1.036149184,3.015839596
1800,60.275,1.036284507,3.016600853
1800,60.3,1.036419879,3.017362394
1800,60.325,1.0365553,3.018124217
1800,60.35,1.03669077,3.018886323
1800,60.375,1.03682629,3.019648711
1800,60.4,1.036961858,3.020411381
1800,60.425,1.037097474,3.021174332
1800,60.45,1.037233139,3.021937563
1800,60.475,1.037368853,3.022701076
1800,60.5,1.037504614,3.023464868
1800,60.525,1.037640424,3.024228941
1800,60.55,1.037776282,3.024993292
1800,60.575,1.037912188,3.025757923
1800,60.6,1.038048141,3.026522832
1800,60.625,1.038184143,3.027288019
1800,60.65,1.038320191,3.028053484
1800,60.675,1.038456288,3.028819226
1800,60.7,1.038592431,3.029585246
1800,60.725,1.038728622,3.030351541
1800,60.75,1.038864859,3.031118113
1800,60.775,1.039001144,3.031884961
1800,60.8,1.039137475,3.032652083
1800,60.825,1.039273853,3.033419481
1800,60.85,1.039410278,3.034187153
1800,60.875,1.039546749,3.034955099
1800,60.9,1.039683266,3.035723319
1800,60.925,1.03981983,3.036491812
1800,60.95,1.039956439,3.037260577
1800,60.975,1.040093094,3.038029616
1800,61,1.040229796,3.038798926
1800,61.025,1.040366543,3.039568507
1800,61.05,1.040503335,3.04033836
1800,61.075,1.040640173,3.041108483
1800,61.1,1.040777056,3.041878877
1800,61.125,1.040913984,3.04264954
1800,61.15,1.041050957,3.043420473
1800,61.175,1.041187976,3.044191675
1800,61.2,1.041325038,3.044963145
1800,61.225,1.041462146,3.045734884
1800,61.25,1.041599298,3.04650689
1800,61.275,1.041736495,3.047279163
1800,61.3,1.041873735,3.048051704
1800,61.325,1.04201102,3.04882451
1800,61.35,1.042148349,3.049597583
1800,61.375,1.042285722,3.050370921
1800,61.4,1.042423138,3.051144524
1800,61.425,1.042560599,3.051918392
1800,61.45,1.042698102,3.052692524
1800,61.475,1.042835649,3.053466919
1800,61.5,1.042973239,3.054241578
1800,61.525,1.043110873,3.0550165
1800,61.55,1.043248549,3.055791684
1800,61.575,1.043386268,3.056567131
1800,61.6,1.04352403,3.057342838
1800,61.625,1.043661834,3.058118807
1800,61.65,1.043799681,3.058895036
1800,61.675,1.04393757,3.059671526
1800,61.7,1.044075501,3.060448275
1800,61.725,1.044213474,3.061225284
1800,61.75,1.044351489,3.062002551
1800,61.775,1.044489546,3.062780076
1800,61.8,1.044627645,3.06355786
1800,61.825,1.044765785,3.064335901
1800,61.85,1.044903967,3.065114198
1800,61.875,1.045042189,3.065892753
1800,61.9,1.045180453,3.066671563
1800,61.925,1.045318758,3.067450629
1800,61.95,1.045457104,3.06822995
1800,61.975,1.04559549,3.069009525
1800,62,1.045733917,3.069789355
1800,62.025,1.045872385,3.070569439
1800,62.05,1.046010892,3.071349775
1800,62.075,1.04614944,3.072130365
1800,62.1,1.046288028,3.072911206
1800,62.125,1.046426656,3.0736923
1800,62.15,1.046565324,3.074473644
1800,62.175,1.046704031,3.07525524
1800,62.2,1.046842778,3.076037086
1800,62.225,1.046981564,3.076819182
1800,62.25,1.047120389,3.077601527
1800,62.275,1.047259253,3.078384121
1800,62.3,1.047398157,3.079166964
1800,62.325,1.047537099,3.079950054
1800,62.35,1.04767608,3.080733392
1800,62.375,1.047815099,3.081516977
1800,62.4,1.047954157,3.082300808
1800,62.425,1.048093253,3.083084886
1800,62.45,1.048232387,3.083869209
1800,62.475,1.048371559,3.084653777
1800,62.5,1.048510769,3.085438589
1800,62.525,1.048650017,3.086223646
1800,62.55,1.048789302,3.087008946
1800,62.575,1.048928625,3.087794489
1800,62.6,1.049067985,3.088580274
1800,62.625,1.049207382,3.089366302
1800,62.65,1.049346816,3.090152571
1800,62.675,1.049486287,3.090939081
1800,62.7,1.049625795,3.091725832
1800,62.725,1.049765339,3.092512823
1800,62.75,1.04990492,3.093300053
1800,62.775,1.050044537,3.094087522
1800,62.8,1.05018419,3.09487523
1800,62.825,1.050323879,3.095663175
1800,62.85,1.050463605,3.096451358
1800,62.875,1.050603365,3.097239779
1800,62.9,1.050743162,3.098028435
1800,62.925,1.050882994,3.098817328
1800,62.95,1.051022861,3.099606455
1800,62.975,1.051162764,3.100395818
1800,63,1.051302701,3.101185415
1800,63.025,1.051442674,3.101975246
1800,63.05,1.051582681,3.102765311
1800,63.075,1.051722723,3.103555608
1800,63.1,1.051862799,3.104346137
1800,63.125,1.05200291,3.105136898
1800,63.15,1.052143054,3.105927891
1800,63.175,1.052283233,3.106719114
1800,63.2,1.052423446,3.107510567
1800,63.225,1.052563692,3.10830225
1800,63.25,1.052703972,3.109094162
1800,63.275,1.052844286,3.109886303
1800,63.3,1.052984632,3.110678671
1800,63.325,1.053125012,3.111471267
1800,63.35,1.053265425,3.112264091
1800,63.375,1.053405871,3.11305714
1800,63.4,1.05354635,3.113850416
1800,63.425,1.053686861,3.114643916
1800,63.45,1.053827405,3.115437642
1800,63.475,1.053967981,3.116231592
1800,63.5,1.054108589,3.117025765
1800,63.525,1.054249229,3.117820162
1800,63.55,1.054389901,3.118614781
1800,63.575,1.054530604,3.119409622
1800,63.6,1.054671339,3.120204685
1800,63.625,1.054812106,3.120999969
1800,63.65,1.054952904,3.121795473
1800,63.675,1.055093733,3.122591198
1800,63.7,1.055234593,3.123387141
1800,63.725,1.055375484,3.124183303
1800,63.75,1.055516405,3.124979683
1800,63.775,1.055657357,3.125776281
1800,63.8,1.055798339,3.126573096
1800,63.825,1.055939352,3.127370128
1800,63.85,1.056080395,3.128167375
1800,63.875,1.056221467,3.128964838
1800,63.9,1.05636257,3.129762516
1800,63.925,1.056503702,3.130560408
1800,63.95,1.056644863,3.131358513
1800,63.975,1.056786054,3.132156832
1800,64,1.056927274,3.132955363
1800,64.025,1.057068523,3.133754106
1800,64.05,1.057209801,3.13455306
1800,64.075,1.057351108,3.135352225
1800,64.1,1.057492443,3.136151601
1800,64.125,1.057633806,3.136951186
1800,64.15,1.057775198,3.13775098
1800,64.175,1.057916618,3.138550983
1800,64.2,1.058058066,3.139351193
1800,64.225,1.058199542,3.140151611
1800,64.25,1.058341046,3.140952236
1800,64.275,1.058482577,3.141753066
1800,64.3,1.058624135,3.142554103
1800,64.325,1.058765721,3.143355344
1800,64.35,1.058907334,3.144156789
1800,64.375,1.059048973,3.144958439
1800,64.4,1.05919064,3.145760291
1800,64.425,1.059332332,3.146562346
1800,64.45,1.059474052,3.147364603
1800,64.475,1.059615798,3.148167062
1800,64.5,1.059757569,3.148969721
1800,64.525,1.059899367,3.149772581
1800,64.55,1.060041191,3.15057564
1800,64.575,1.06018304,3.151378898
1800,64.6,1.060324915,3.152182354
1800,64.625,1.060466815,3.152986008
1800,64.65,1.060608741,3.15378986
1800,64.675,1.060750691,3.154593908
1800,64.7,1.060892666,3.155398151
1800,64.725,1.061034667,3.156202591
1800,64.75,1.061176691,3.157007225
1800,64.775,1.06131874,3.157812053
1800,64.8,1.061460814,3.158617074
1800,64.825,1.061602911,3.159422289
1800,64.85,1.061745033,3.160227695
1800,64.875,1.061887178,3.161033294
1800,64.9,1.062029347,3.161839083
1800,64.925,1.06217154,3.162645063
1800,64.95,1.062313756,3.163451232
1800,64.975,1.062455995,3.164257591
1800,65,1.062598257,3.165064138
1800,65.025,1.062740541,3.165870873
1800,65.05,1.062882849,3.166677795
1800,65.075,1.063025179,3.167484904
1800,65.1,1.063167532,3.168292199
1800,65.125,1.063309906,3.16909968
1800,65.15,1.063452303,3.169907345
1800,65.175,1.063594722,3.170715194
1800,65.2,1.063737163,3.171523226
1800,65.225,1.063879625,3.172331442
1800,65.25,1.064022108,3.173139839
1800,65.275,1.064164613,3.173948419
1800,65.3,1.064307139,3.174757179
1800,65.325,1.064449686,3.175566119
1800,65.35,1.064592254,3.176375239
1800,65.375,1.064734842,3.177184537
1800,65.4,1.064877451,3.177994014
1800,65.425,1.06502008,3.178803669
1800,65.45,1.065162729,3.179613501
1800,65.475,1.065305398,3.180423509
1800,65.5,1.065448087,3.181233693
1800,65.525,1.065590796,3.182044052
1800,65.55,1.065733525,3.182854585
1800,65.575,1.065876272,3.183665292
1800,65.6,1.066019039,3.184476172
1800,65.625,1.066161825,3.185287224
1800,65.65,1.06630463,3.186098448
1800,65.675,1.066447453,3.186909843
1800,65.7,1.066590295,3.187721409
1800,65.725,1.066733155,3.188533144
1800,65.75,1.066876034,3.189345049
1800,65.775,1.06701893,3.190157121
1800,65.8,1.067161845,3.190969362
1800,65.825,1.067304777,3.191781769
1800,65.85,1.067447727,3.192594343
1800,65.875,1.067590694,3.193407083
1800,65.9,1.067733679,3.194219987
1800,65.925,1.06787668,3.195033056
1800,65.95,1.068019698,3.195846289
1800,65.975,1.068162733,3.196659685
1800,66,1.068305785,3.197473243
1800,66.025,1.068448853,3.198286962
1800,66.05,1.068591938,3.199100843
1800,66.075,1.068735038,3.199914883
1800,66.1,1.068878154,3.200729084
1800,66.125,1.069021286,3.201543443
1800,66.15,1.069164434,3.20235796
1800,66.175,1.069307597,3.203172635
1800,66.2,1.069450776,3.203987466
1800,66.225,1.069593969,3.204802454
1800,66.25,1.069737177,3.205617597
1800,66.275,1.0698804,3.206432895
1800,66.3,1.070023638,3.207248346
1800,66.325,1.07016689,3.208063951
1800,66.35,1.070310156,3.208879709
1800,66.375,1.070453437,3.209695618
1800,66.4,1.070596731,3.210511679
1800,66.425,1.070740039,3.21132789
1800,66.45,1.070883361,3.212144251
1800,66.475,1.071026696,3.212960761
1800,66.5,1.071170044,3.213777419
1800,66.525,1.071313406,3.214594225
1800,66.55,1.07145678,3.215411178
1800,66.575,1.071600167,3.216228277
1800,66.6,1.071743567,3.217045521
1800,66.625,1.071886979,3.217862911
1800,66.65,1.072030403,3.218680444
1800,66.675,1.07217384,3.21949812
1800,66.7,1.072317288,3.22031594
1800,66.725,1.072460748,3.221133901
1800,66.75,1.072604219,3.221952003
1800,66.775,1.072747702,3.222770245
1800,66.8,1.072891196,3.223588628
1800,66.825,1.073034702,3.224407149
1800,66.85,1.073178218,3.225225808
1800,66.875,1.073321745,3.226044605
1800,66.9,1.073465282,3.226863539
1800,66.925,1.07360883,3.227682609
1800,66.95,1.073752387,3.228501814
1800,66.975,1.073895955,3.229321153
1800,67,1.074039533,3.230140627
1800,67.025,1.07418312,3.230960233
1800,67.05,1.074326717,3.231779972
1800,67.075,1.074470324,3.232599842
1800,67.1,1.074613939,3.233419843
1800,67.125,1.074757564,3.234239974
1800,67.15,1.074901197,3.235060235
1800,67.175,1.075044839,3.235880624
1800,67.2,1.075188489,3.236701141
1800,67.225,1.075332148,3.237521785
1800,67.25,1.075475815,3.238342555
1800,67.275,1.075619489,3.239163451
1800,67.3,1.075763172,3.239984471
1800,67.325,1.075906862,3.240805616
1800,67.35,1.07605056,3.241626884
1800,67.375,1.076194265,3.242448274
1800,67.4,1.076337977,3.243269787
1800,67.425,1.076481695,3.24409142
1800,67.45,1.076625421,3.244913173
1800,67.475,1.076769153,3.245735046
1800,67.5,1.076912892,3.246557038
1800,67.525,1.077056637,3.247379147
1800,67.55,1.077200387,3.248201374
1800,67.575,1.077344144,3.249023717
1800,67.6,1.077487907,3.249846175
1800,67.625,1.077631675,3.250668749
1800,67.65,1.077775448,3.251491436
1800,67.675,1.077919226,3.252314237
1800,67.7,1.07806301,3.25313715
1800,67.725,1.078206798,3.253960175
1800,67.75,1.078350591,3.25478331
1800,67.775,1.078494388,3.255606556
1800,67.8,1.07863819,3.256429911
1800,67.825,1.078781996,3.257253375
1800,67.85,1.078925805,3.258076946
1800,67.875,1.079069619,3.258900625
1800,67.9,1.079213436,3.259724409
1800,67.925,1.079357256,3.260548299
1800,67.95,1.07950108,3.261372294
1800,67.975,1.079644907,3.262196392
1800,68,1.079788736,3.263020593
1800,68.025,1.079932569,3.263844896
1800,68.05,1.080076403,3.264669301
1800,68.075,1.080220241,3.265493807
1800,68.1,1.08036408,3.266318412
1800,68.125,1.080507921,3.267143116
1800,68.15,1.080651764,3.267967918
1800,68.175,1.080795609,3.268792817
1800,68.2,1.080939455,3.269617813
1800,68.225,1.081083303,3.270442905
1800,68.25,1.081227151,3.271268092
1800,68.275,1.081371001,3.272093373
1800,68.3,1.081514851,3.272918747
1800,68.325,1.081658702,3.273744213
1800,68.35,1.081802553,3.274569771
1800,68.375,1.081946404,3.27539542
1800,68.4,1.082090256,3.276221159
1800,68.425,1.082234107,3.277046987
1800,68.45,1.082377958,3.277872903
1800,68.475,1.082521808,3.278698907
1800,68.5,1.082665658,3.279524998
1800,68.525,1.082809506,3.280351174
1800,68.55,1.082953354,3.281177436
1800,68.575,1.083097201,3.282003781
1800,68.6,1.083241046,3.28283021
1800,68.625,1.083384889,3.283656722
1800,68.65,1.08352873,3.284483315
1800,68.675,1.08367257,3.285309989
1800,68.7,1.083816408,3.286136743
1800,68.725,1.083960243,3.286963576
1800,68.75,1.084104075,3.287790487
1800,68.775,1.084247905,3.288617476
1800,68.8,1.084391732,3.289444541
1800,68.825,1.084535556,3.290271683
1800,68.85,1.084679377,3.291098899
1800,68.875,1.084823194,3.291926189
1800,68.9,1.084967008,3.292753552
1800,68.925,1.085110818,3.293580988
1800,68.95,1.085254624,3.294408495
1800,68.975,1.085398426,3.295236073
1800,69,1.085542223,3.296063721
1800,69.025,1.085686016,3.296891438
1800,69.05,1.085829804,3.297719222
1800,69.075,1.085973588,3.298547074
1800,69.1,1.086117366,3.299374992
1800,69.125,1.086261139,3.300202976
1800,69.15,1.086404907,3.301031024
1800,69.175,1.086548669,3.301859136
1800,69.2,1.086692425,3.302687311
1800,69.225,1.086836175,3.303515548
1800,69.25,1.086979919,3.304343846
1800,69.275,1.087123656,3.305172204
1800,69.3,1.087267387,3.306000622
1800,69.325,1.087411112,3.306829098
1800,69.35,1.087554829,3.307657631
1800,69.375,1.087698539,3.308486222
1800,69.4,1.087842242,3.309314868
1800,69.425,1.087985938,3.310143569
1800,69.45,1.088129626,3.310972324
1800,69.475,1.088273306,3.311801133
1800,69.5,1.088416978,3.312629994
1800,69.525,1.088560642,3.313458906
1800,69.55,1.088704297,3.314287868
1800,69.575,1.088847944,3.315116881
1800,69.6,1.088991582,3.315945942
1800,69.625,1.089135211,3.316775051
1800,69.65,1.089278831,3.317604206
1800,69.675,1.089422442,3.318433408
1800,69.7,1.089566043,3.319262655
1800,69.725,1.089709634,3.320091946
1800,69.75,1.089853216,3.320921281
1800,69.775,1.089996787,3.321750658
1800,69.8,1.090140348,3.322580076
1800,69.825,1.090283899,3.323409535
1800,69.85,1.090427439,3.324239034
1800,69.875,1.090570968,3.325068571
1800,69.9,1.090714487,3.325898147
1800,69.925,1.090857994,3.326727759
1800,69.95,1.091001489,3.327557408
1800,69.975,1.091144973,3.328387091
1800,70,1.091288445,3.329216809
1800,70.025,1.091431906,3.33004656
1800,70.05,1.091575354,3.330876343
1800,70.075,1.09171879,3.331706158
1800,70.1,1.091862213,3.332536003
1800,70.125,1.092005624,3.333365878
1800,70.15,1.092149022,3.334195782
1800,70.175,1.092292406,3.335025714
1800,70.2,1.092435777,3.335855672
1800,70.225,1.092579135,3.336685656
1800,70.25,1.09272248,3.337515665
1800,70.275,1.09286581,3.338345698
1800,70.3,1.093009126,3.339175754
1800,70.325,1.093152428,3.340005832
1800,70.35,1.093295716,3.340835932
1800,70.375,1.093438989,3.341666051
1800,70.4,1.093582248,3.34249619
1800,70.425,1.093725491,3.343326348
1800,70.45,1.093868719,3.344156523
1800,70.475,1.094011932,3.344986714
1800,70.5,1.094155129,3.345816921
1800,70.525,1.094298311,3.346647142
1800,70.55,1.094441476,3.347477377
1800,70.575,1.094584626,3.348307625
1800,70.6,1.094727759,3.349137884
1800,70.625,1.094870875,3.349968154
1800,70.65,1.095013975,3.350798434
1800,70.675,1.095157058,3.351628723
1800,70.7,1.095300124,3.35245902
1800,70.725,1.095443173,3.353289324
1800,70.75,1.095586204,3.354119633
1800,70.775,1.095729218,3.354949948
1800,70.8,1.095872213,3.355780267
1800,70.825,1.096015191,3.356610588
1800,70.85,1.096158151,3.357440912
1800,70.875,1.096301092,3.358271237
1800,70.9,1.096444014,3.359101562
1800,70.925,1.096586918,3.359931887
1800,70.95,1.096729802,3.360762209
1800,70.975,1.096872668,3.361592529
1800,71,1.097015514,3.362422845
1800,71.025,1.09715834,3.363253156
1800,71.05,1.097301147,3.364083462
1800,71.075,1.097443933,3.364913761
1800,71.1,1.0975867,3.365744052
1800,71.125,1.097729446,3.366574334
1800,71.15,1.097872172,3.367404607
1800,71.175,1.098014877,3.36823487
1800,71.2,1.098157561,3.36906512
1800,71.225,1.098300223,3.369895358
1800,71.25,1.098442865,3.370725583
1800,71.275,1.098585485,3.371555793
1800,71.3,1.098728083,3.372385987
1800,71.325,1.09887066,3.373216164
1800,71.35,1.099013214,3.374046325
1800,71.375,1.099155746,3.374876466
1800,71.4,1.099298256,3.375706588
1800,71.425,1.099440743,3.376536689
1800,71.45,1.099583207,3.377366769
1800,71.475,1.099725647,3.378196826
1800,71.5,1.099868065,3.379026859
1800,71.525,1.100010459,3.379856868
1800,71.55,1.10015283,3.380686851
1800,71.575,1.100295177,3.381516808
1800,71.6,1.100437499,3.382346737
1800,71.625,1.100579798,3.383176637
1800,71.65,1.100722072,3.384006508
1800,71.675,1.100864321,3.384836347
1800,71.7,1.101006546,3.385666156
1800,71.725,1.101148746,3.386495931
1800,71.75,1.10129092,3.387325673
1800,71.775,1.101433069,3.388155379
1800,71.8,1.101575192,3.38898505
1800,71.825,1.10171729,3.389814684
1800,71.85,1.101859361,3.390644281
1800,71.875,1.102001407,3.391473838
1800,71.9,1.102143426,3.392303356
1800,71.925,1.102285418,3.393132832
1800,71.95,1.102427384,3.393962267
1800,71.975,1.102569323,3.394791658
1800,72,1.102711234,3.395621005
1800,72.025,1.102853118,3.396450308
1800,72.05,1.102994975,3.397279564
1800,72.075,1.103136804,3.398108773
1800,72.1,1.103278605,3.398937933
1800,72.125,1.103420377,3.399767045
1800,72.15,1.103562122,3.400596106
1800,72.175,1.103703838,3.401425116
1800,72.2,1.103845525,3.402254073
1800,72.225,1.103987183,3.403082977
1800,72.25,1.104128812,3.403911826
1800,72.275,1.104270411,3.40474062
1800,72.3,1.104411982,3.405569357
1800,72.325,1.104553522,3.406398037
1800,72.35,1.104695032,3.407226658
1800,72.375,1.104836513,3.408055218
1800,72.4,1.104977963,3.408883719
1800,72.425,1.105119382,3.409712157
1800,72.45,1.105260771,3.410540532
1800,72.475,1.105402129,3.411368843
1800,72.5,1.105543456,3.412197089
1800,72.525,1.105684751,3.413025269
1800,72.55,1.105826015,3.413853382
1800,72.575,1.105967247,3.414681426
1800,72.6,1.106108448,3.415509401
1800,72.625,1.106249616,3.416337306
1800,72.65,1.106390752,3.417165139
1800,72.675,1.106531855,3.417992899
1800,72.7,1.106672926,3.418820586
1800,72.725,1.106813964,3.419648198
1800,72.75,1.106954968,3.420475734
1800,72.775,1.10709594,3.421303193
1800,72.8,1.107236877,3.422130574
1800,72.825,1.107377782,3.422957876
1800,72.85,1.107518652,3.423785098
1800,72.875,1.107659488,3.424612239
1800,72.9,1.10780029,3.425439297
1800,72.925,1.107941058,3.426266272
1800,72.95,1.10808179,3.427093162
1800,72.975,1.108222488,3.427919967
1800,73,1.108363151,3.428746685
1800,73.025,1.108503778,3.429573315
1800,73.05,1.10864437,3.430399856
1800,73.075,1.108784926,3.431226308
1800,73.1,1.108925447,3.432052668
1800,73.125,1.109065931,3.432878936
1800,73.15,1.109206379,3.43370511
1800,73.175,1.109346791,3.434531191
1800,73.2,1.109487165,3.435357175
1800,73.225,1.109627503,3.436183063
1800,73.25,1.109767804,3.437008854
1800,73.275,1.109908068,3.437834545
1800,73.3,1.110048294,3.438660137
1800,73.325,1.110188482,3.439485627
1800,73.35,1.110328633,3.440311015
1800,73.375,1.110468745,3.4411363
1800,73.4,1.110608819,3.441961481
1800,73.425,1.110748855,3.442786556
1800,73.45,1.110888852,3.443611524
1800,73.475,1.11102881,3.444436385
1800,73.5,1.111168728,3.445261137
1800,73.525,1.111308608,3.446085778
1800,73.55,1.111448448,3.446910309
1800,73.575,1.111588249,3.447734727
1800,73.6,1.111728009,3.448559032
1800,73.625,1.111867729,3.449383223
1800,73.65,1.11200741,3.450207297
1800,73.675,1.112147049,3.451031255
1800,73.7,1.112286648,3.451855095
1800,73.725,1.112426206,3.452678816
1800,73.75,1.112565723,3.453502417
1800,73.775,1.112705198,3.454325896
1800,73.8,1.112844632,3.455149253
1800,73.825,1.112984025,3.455972487
1800,73.85,1.113123375,3.456795595
1800,73.875,1.113262684,3.457618578
1800,73.9,1.11340195,3.458441434
1800,73.925,1.113541173,3.459264161
1800,73.95,1.113680354,3.460086759
1800,73.975,1.113819492,3.460909227
1800,74,1.113958586,3.461731563
1800,74.025,1.114097638,3.462553766
1800,74.05,1.114236646,3.463375836
1800,74.075,1.11437561,3.46419777
1800,74.1,1.11451453,3.465019568
1800,74.125,1.114653406,3.465841229
1800,74.15,1.114792238,3.466662751
1800,74.175,1.114931025,3.467484133
1800,74.2,1.115069767,3.468305375
1800,74.225,1.115208465,3.469126474
1800,74.25,1.115347117,3.46994743
1800,74.275,1.115485724,3.470768242
1800,74.3,1.115624286,3.471588909
1800,74.325,1.115762801,3.472409428
1800,74.35,1.115901271,3.4732298
1800,74.375,1.116039695,3.474050023
1800,74.4,1.116178072,3.474870096
1800,74.425,1.116316402,3.475690017
1800,74.45,1.116454686,3.476509786
1800,74.475,1.116592923,3.477329401
1800,74.5,1.116731113,3.478148861
1800,74.525,1.116869255,3.478968165
1800,74.55,1.11700735,3.479787311
1800,74.575,1.117145397,3.4806063
1800,74.6,1.117283396,3.481425128
1800,74.625,1.117421347,3.482243796
1800,74.65,1.117559249,3.483062302
1800,74.675,1.117697103,3.483880645
1800,74.7,1.117834908,3.484698823
1800,74.725,1.117972664,3.485516836
1800,74.75,1.118110371,3.486334682
1800,74.775,1.118248029,3.48715236
1800,74.8,1.118385636,3.487969869
1800,74.825,1.118523194,3.488787208
1800,74.85,1.118660702,3.489604375
1800,74.875,1.11879816,3.49042137
1800,74.9,1.118935568,3.49123819
1800,74.925,1.119072924,3.492054836
1800,74.95,1.11921023,3.492871305
1800,74.975,1.119347485,3.493687597
1800,75,1.119484689,3.49450371
1800,75.025,1.119621841,3.495319643
1800,75.05,1.119758941,3.496135395
1800,75.075,1.11989599,3.496950964
1800,75.1,1.120032987,3.497766351
1800,75.125,1.120169931,3.498581552
1800,75.15,1.120306823,3.499396567
1800,75.175,1.120443662,3.500211396
1800,75.2,1.120580449,3.501026036
1800,75.225,1.120717182,3.501840486
1800,75.25,1.120853862,3.502654745
1800,75.275,1.120990489,3.503468813
1800,75.3,1.121127061,3.504282687
1800,75.325,1.12126358,3.505096367
1800,75.35,1.121400045,3.505909851
1800,75.375,1.121536456,3.506723139
1800,75.4,1.121672812,3.507536228
1800,75.425,1.121809113,3.508349118
1800,75.45,1.12194536,3.509161807
1800,75.475,1.122081551,3.509974294
1800,75.5,1.122217687,3.510786579
1800,75.525,1.122353768,3.511598659
1800,75.55,1.122489793,3.512410534
1800,75.575,1.122625762,3.513222202
1800,75.6,1.122761674,3.514033662
1800,75.625,1.122897531,3.514844913
1800,75.65,1.123033331,3.515655953
1800,75.675,1.123169074,3.516466782
1800,75.7,1.12330476,3.517277398
1800,75.725,1.123440389,3.5180878
1800,75.75,1.123575961,3.518897986
1800,75.775,1.123711475,3.519707956
1800,75.8,1.123846931,3.520517708
1800,75.825,1.123982329,3.521327241
1800,75.85,1.12411767,3.522136554
1800,75.875,1.124252951,3.522945645
1800,75.9,1.124388175,3.523754513
1800,75.925,1.124523339,3.524563157
1800,75.95,1.124658445,3.525371576
1800,75.975,1.124793491,3.526179768
1800,76,1.124928478,3.526987733
1800,76.025,1.125063405,3.527795468
1800,76.05,1.125198272,3.528602973
1800,76.075,1.12533308,3.529410246
1800,76.1,1.125467827,3.530217287
1800,76.125,1.125602514,3.531024093
1800,76.15,1.12573714,3.531830664
1800,76.175,1.125871705,3.532636999
1800,76.2,1.12600621,3.533443095
1800,76.225,1.126140653,3.534248953
1800,76.25,1.126275034,3.53505457
1800,76.275,1.126409354,3.535859945
1800,76.3,1.126543612,3.536665077
1800,76.325,1.126677808,3.537469965
1800,76.35,1.126811942,3.538274608
1800,76.375,1.126946013,3.539079004
1800,76.4,1.127080022,3.539883152
1800,76.425,1.127213968,3.54068705
1800,76.45,1.12734785,3.541490698
1800,76.475,1.12748167,3.542294095
1800,76.5,1.127615426,3.543097238
1800,76.525,1.127749118,3.543900126
1800,76.55,1.127882746,3.544702759
1800,76.575,1.12801631,3.545505135
1800,76.6,1.12814981,3.546307253
1800,76.625,1.128283245,3.547109112
1800,76.65,1.128416616,3.547910709
1800,76.675,1.128549922,3.548712045
1800,76.7,1.128683162,3.549513117
1800,76.725,1.128816338,3.550313924
1800,76.75,1.128949447,3.551114466
1800,76.775,1.129082491,3.55191474
1800,76.8,1.129215469,3.552714746
1800,76.825,1.129348381,3.553514482
1800,76.85,1.129481227,3.554313947
1800,76.875,1.129614006,3.555113139
1800,76.9,1.129746718,3.555912058
1800,76.925,1.129879363,3.556710702
1800,76.95,1.130011941,3.55750907
1800,76.975,1.130144452,3.55830716
1800,77,1.130276895,3.559104971
1800,77.025,1.13040927,3.559902502
1800,77.05,1.130541577,3.560699752
1800,77.075,1.130673816,3.561496719
1800,77.1,1.130805987,3.562293401
1800,77.125,1.130938089,3.563089799
1800,77.15,1.131070122,3.56388591
1800,77.175,1.131202087,3.564681732
1800,77.2,1.131333982,3.565477266
1800,77.225,1.131465807,3.566272509
1800,77.25,1.131597563,3.56706746
1800,77.275,1.13172925,3.567862118
1800,77.3,1.131860866,3.568656481
1800,77.325,1.131992412,3.569450549
1800,77.35,1.132123887,3.570244319
1800,77.375,1.132255292,3.571037791
1800,77.4,1.132386626,3.571830964
1800,77.425,1.132517889,3.572623835
1800,77.45,1.13264908,3.573416404
1800,77.475,1.1327802,3.574208669
1800,77.5,1.132911249,3.575000629
1800,77.525,1.133042225,3.575792282
1800,77.55,1.13317313,3.576583628
1800,77.575,1.133303962,3.577374665
1800,77.6,1.133434722,3.578165392
1800,77.625,1.133565409,3.578955807
1800,77.65,1.133696023,3.579745909
1800,77.675,1.133826564,3.580535697
1800,77.7,1.133957032,3.58132517
1800,77.725,1.134087426,3.582114325
1800,77.75,1.134217747,3.582903162
1800,77.775,1.134347993,3.58369168
1800,77.8,1.134478166,3.584479876
1800,77.825,1.134608264,3.58526775
1800,77.85,1.134738288,3.586055301
1800,77.875,1.134868237,3.586842527
1800,77.9,1.134998111,3.587629426
1800,77.925,1.13512791,3.588415998
1800,77.95,1.135257633,3.589202241
1800,77.975,1.135387281,3.589988154
1800,78,1.135516853,3.590773735
1800,78.025,1.13564635,3.591558984
1800,78.05,1.13577577,3.592343898
1800,78.075,1.135905113,3.593128476
1800,78.1,1.136034381,3.593912717
1800,78.125,1.136163571,3.59469662
1800,78.15,1.136292684,3.595480184
1800,78.175,1.136421721,3.596263406
1800,78.2,1.13655068,3.597046286
1800,78.225,1.136679561,3.597828823
1800,78.25,1.136808364,3.598611014
1800,78.275,1.13693709,3.599392859
1800,78.3,1.137065737,3.600174356
1800,78.325,1.137194306,3.600955505
1800,78.35,1.137322796,3.601736302
1800,78.375,1.137451208,3.602516748
1800,78.4,1.13757954,3.603296841
1800,78.425,1.137707794,3.60407658
1800,78.45,1.137835968,3.604855962
1800,78.475,1.137964062,3.605634988
1800,78.5,1.138092076,3.606413654
1800,78.525,1.138220011,3.607191961
1800,78.55,1.138347865,3.607969907
1800,78.575,1.138475639,3.60874749
1800,78.6,1.138603332,3.609524709
1800,78.625,1.138730944,3.610301563
1800,78.65,1.138858476,3.611078049
1800,78.675,1.138985926,3.611854168
1800,78.7,1.139113294,3.612629918
1800,78.725,1.139240581,3.613405297
1800,78.75,1.139367786,3.614180303
1800,78.775,1.13949491,3.614954936
1800,78.8,1.13962195,3.615729194
1800,78.825,1.139748909,3.616503076
1800,78.85,1.139875784,3.61727658
1800,78.875,1.140002577,3.618049705
1800,78.9,1.140129287,3.61882245
1800,78.925,1.140255914,3.619594813
1800,78.95,1.140382457,3.620366793
1800,78.975,1.140508916,3.621138389
1800,79,1.140635292,3.621909599
1800,79.025,1.140761583,3.622680421
1800,79.05,1.14088779,3.623450855
1800,79.075,1.141013913,3.624220899
1800,79.1,1.141139951,3.624990551
1800,79.125,1.141265904,3.625759811
1800,79.15,1.141391772,3.626528677
1800,79.175,1.141517555,3.627297147
1800,79.2,1.141643252,3.628065221
1800,79.225,1.141768864,3.628832896
1800,79.25,1.14189439,3.629600171
1800,79.275,1.142019829,3.630367046
1800,79.3,1.142145183,3.631133518
1800,79.325,1.14227045,3.631899586
1800,79.35,1.14239563,3.632665249
1800,79.375,1.142520723,3.633430506
1800,79.4,1.142645729,3.634195355
1800,79.425,1.142770648,3.634959794
1800,79.45,1.142895479,3.635723823
1800,79.475,1.143020223,3.63648744
1800,79.5,1.143144879,3.637250643
1800,79.525,1.143269446,3.638013431
1800,79.55,1.143393926,3.638775803
1800,79.575,1.143518317,3.639537758
1800,79.6,1.143642619,3.640299293
1800,79.625,1.143766832,3.641060408
1800,79.65,1.143890956,3.641821102
1800,79.675,1.144014991,3.642581372
1800,79.7,1.144138936,3.643341217
1800,79.725,1.144262792,3.644100637
1800,79.75,1.144386558,3.644859629
1800,79.775,1.144510233,3.645618192
1800,79.8,1.144633819,3.646376325
1800,79.825,1.144757313,3.647134027
1800,79.85,1.144880718,3.647891295
1800,79.875,1.145004031,3.64864813
1800,79.9,1.145127253,3.649404528
1800,79.925,1.145250384,3.650160489
1800,79.95,1.145373423,3.650916012
1800,79.975,1.14549637,3.651671095
1800,80,1.145619226,3.652425736
1800,80.025,1.145741989,3.653179935
1800,80.05,1.145864661,3.65393369
1800,80.075,1.145987239,3.654686999
1800,80.1,1.146109725,3.655439861
1800,80.125,1.146232118,3.656192274
1800,80.15,1.146354418,3.656944238
1800,80.175,1.146476625,3.657695751
1800,80.2,1.146598738,3.658446811
1800,80.225,1.146720758,3.659197417
1800,80.25,1.146842683,3.659947567
1800,80.275,1.146964515,3.660697261
1800,80.3,1.147086252,3.661446497
1800,80.325,1.147207895,3.662195273
1800,80.35,1.147329443,3.662943587
1800,80.375,1.147450896,3.66369144
1800,80.4,1.147572254,3.664438829
1800,80.425,1.147693517,3.665185752
1800,80.45,1.147814684,3.665932208
1800,80.475,1.147935755,3.666678197
1800,80.5,1.148056731,3.667423716
1800,80.525,1.148177611,3.668168764
1800,80.55,1.148298394,3.66891334
1800,80.575,1.148419081,3.669657442
1800,80.6,1.148539671,3.670401069
1800,80.625,1.148660164,3.671144219
1800,80.65,1.14878056,3.671886892
1800,80.675,1.148900859,3.672629084
1800,80.7,1.149021061,3.673370796
1800,80.725,1.149141165,3.674112026
1800,80.75,1.149261171,3.674852772
1800,80.775,1.149381078,3.675593034
1800,80.8,1.149500888,3.676332808
1800,80.825,1.149620599,3.677072095
1800,80.85,1.149740212,3.677810892
1800,80.875,1.149859725,3.678549199
1800,80.9,1.14997914,3.679287013
1800,80.925,1.150098455,3.680024334
1800,80.95,1.150217671,3.68076116
1800,80.975,1.150336788,3.681497489
1800,81,1.150455804,3.682233321
1800,81.025,1.150574721,3.682968653
1800,81.05,1.150693537,3.683703484
1800,81.075,1.150812253,3.684437814
1800,81.1,1.150930868,3.68517164
1800,81.125,1.151049382,3.685904961
1800,81.15,1.151167796,3.686637775
1800,81.175,1.151286108,3.687370082
1800,81.2,1.151404319,3.688101879
1800,81.225,1.151522428,3.688833166
1800,81.25,1.151640435,3.68956394
1800,81.275,1.151758341,3.690294201
1800,81.3,1.151876144,3.691023947
1800,81.325,1.151993845,3.691753177
1800,81.35,1.152111443,3.692481889
1800,81.375,1.152228939,3.693210082
1800,81.4,1.152346331,3.693937754
1800,81.425,1.152463621,3.694664904
1800,81.45,1.152580807,3.69539153
1800,81.475,1.152697889,3.696117632
1800,81.5,1.152814868,3.696843207
1800,81.525,1.152931743,3.697568254
1800,81.55,1.153048514,3.698292772
1800,81.575,1.15316518,3.699016759
1800,81.6,1.153281742,3.699740214
1800,81.625,1.153398199,3.700463136
1800,81.65,1.153514552,3.701185523
1800,81.675,1.153630799,3.701907373
1800,81.7,1.153746941,3.702628685
1800,81.725,1.153862977,3.703349459
1800,81.75,1.153978908,3.704069691
1800,81.775,1.154094733,3.704789382
1800,81.8,1.154210452,3.705508528
1800,81.825,1.154326064,3.70622713
1800,81.85,1.154441571,3.706945186
1800,81.875,1.15455697,3.707662693
1800,81.9,1.154672263,3.708379651
1800,81.925,1.154787448,3.709096059
1800,81.95,1.154902527,3.709811914
1800,81.975,1.155017498,3.710527216
1800,82,1.155132361,3.711241963
1800,82.025,1.155247117,3.711956153
1800,82.05,1.155361765,3.712669785
1800,82.075,1.155476304,3.713382858
1800,82.1,1.155590735,3.71409537
1800,82.125,1.155705058,3.71480732
1800,82.15,1.155819272,3.715518707
1800,82.175,1.155933376,3.716229528
1800,82.2,1.156047372,3.716939783
1800,82.225,1.156161258,3.71764947
1800,82.25,1.156275035,3.718358587
1800,82.275,1.156388703,3.719067134
1800,82.3,1.15650226,3.719775108
1800,82.325,1.156615707,3.720482508
1800,82.35,1.156729044,3.721189334
1800,82.375,1.15684227,3.721895583
1800,82.4,1.156955386,3.722601253
1800,82.425,1.157068391,3.723306345
1800,82.45,1.157181285,3.724010855
1800,82.475,1.157294067,3.724714783
1800,82.5,1.157406739,3.725418128
1800,82.525,1.157519298,3.726120887
1800,82.55,1.157631746,3.726823059
1800,82.575,1.157744082,3.727524644
1800,82.6,1.157856306,3.728225639
1800,82.625,1.157968417,3.728926043
1800,82.65,1.158080416,3.729625854
1800,82.675,1.158192302,3.730325072
1800,82.7,1.158304075,3.731023694
1800,82.725,1.158415735,3.73172172
1800,82.75,1.158527281,3.732419147
1800,82.775,1.158638714,3.733115975
1800,82.8,1.158750034,3.733812202
1800,82.825,1.158861239,3.734507827
1800,82.85,1.158972331,3.735202847
1800,82.875,1.159083308,3.735897262
1800,82.9,1.159194171,3.736591071
1800,82.925,1.159304919,3.737284271
1800,82.95,1.159415552,3.737976861
1800,82.975,1.159526071,3.738668841
1800,83,1.159636474,3.739360207
1800,83.025,1.159746762,3.74005096
1800,83.05,1.159856934,3.740741097
1800,83.075,1.15996699,3.741430618
1800,83.1,1.160076931,3.74211952
1800,83.125,1.160186755,3.742807803
1800,83.15,1.160296463,3.743495464
1800,83.175,1.160406055,3.744182503
1800,83.2,1.16051553,3.744868917
1800,83.225,1.160624888,3.745554706
1800,83.25,1.160734129,3.746239868
1800,83.275,1.160843253,3.746924402
1800,83.3,1.160952259,3.747608306
1800,83.325,1.161061148,3.748291579
1800,83.35,1.161169919,3.748974219
1800,83.375,1.161278572,3.749656225
1800,83.4,1.161387106,3.750337595
1800,83.425,1.161495523,3.751018328
1800,83.45,1.161603821,3.751698423
1800,83.475,1.161712,3.752377878
1800,83.5,1.16182006,3.753056692
1800,83.525,1.161928001,3.753734862
1800,83.55,1.162035823,3.754412389
1800,83.575,1.162143526,3.75508927
1800,83.6,1.162251109,3.755765504
1800,83.625,1.162358572,3.75644109
1800,83.65,1.162465915,3.757116025
1800,83.675,1.162573137,3.757790309
1800,83.7,1.16268024,3.758463941
1800,83.725,1.162787222,3.759136918
1800,83.75,1.162894083,3.759809239
1800,83.775,1.163000823,3.760480903
1800,83.8,1.163107442,3.761151909
1800,83.825,1.16321394,3.761822255
1800,83.85,1.163320317,3.762491939
1800,83.875,1.163426571,3.76316096
1800,83.9,1.163532704,3.763829317
1800,83.925,1.163638715,3.764497009
1800,83.95,1.163744604,3.765164033
1800,83.975,1.16385037,3.765830389
1800,84,1.163956014,3.766496074
1800,84.025,1.164061535,3.767161088
1800,84.05,1.164166933,3.767825429
1800,84.075,1.164272208,3.768489096
1800,84.1,1.16437736,3.769152087
1800,84.125,1.164482388,3.769814401
1800,84.15,1.164587292,3.770476036
1800,84.175,1.164692073,3.771136992
1800,84.2,1.16479673,3.771797265
1800,84.225,1.164901262,3.772456856
1800,84.25,1.165005671,3.773115762
1800,84.275,1.165109954,3.773773983
1800,84.3,1.165214113,3.774431516
1800,84.325,1.165318147,3.775088361
1800,84.35,1.165422056,3.775744516
1800,84.375,1.16552584,3.776399979
1800,84.4,1.165629498,3.777054749
1800,84.425,1.165733031,3.777708825
1800,84.45,1.165836438,3.778362205
1800,84.475,1.165939719,3.779014887
1800,84.5,1.166042874,3.779666872
1800,84.525,1.166145902,3.780318156
1800,84.55,1.166248804,3.780968738
1800,84.575,1.166351579,3.781618618
1800,84.6,1.166454228,3.782267793
1800,84.625,1.166556749,3.782916262
1800,84.65,1.166659143,3.783564025
1800,84.675,1.16676141,3.784211078
1800,84.7,1.166863549,3.784857422
1800,84.725,1.16696556,3.785503054
1800,84.75,1.167067444,3.786147973
1800,84.775,1.167169199,3.786792178
1800,84.8,1.167270826,3.787435667
1800,84.825,1.167372325,3.788078439
1800,84.85,1.167473695,3.788720493
1800,84.875,1.167574936,3.789361826
1800,84.9,1.167676048,3.790002438
1800,84.925,1.167777031,3.790642327
1800,84.95,1.167877885,3.791281492
1800,84.975,1.16797861,3.791919931
1800,85,1.168079204,3.792557643
1800,85.025,1.168179669,3.793194626
1800,85.05,1.168280004,3.79383088
1800,85.075,1.168380208,3.794466402
1800,85.1,1.168480282,3.795101191
1800,85.125,1.168580226,3.795735246
1800,85.15,1.168680039,3.796368566
1800,85.175,1.168779721,3.797001148
1800,85.2,1.168879272,3.797632993
1800,85.225,1.168978691,3.798264097
1800,85.25,1.16907798,3.79889446
1800,85.275,1.169177136,3.79952408
1800,85.3,1.169276161,3.800152956
1800,85.325,1.169375054,3.800781087
1800,85.35,1.169473815,3.801408471
1800,85.375,1.169572444,3.802035106
1800,85.4,1.16967094,3.802660992
1800,85.425,1.169769303,3.803286127
1800,85.45,1.169867534,3.803910509
1800,85.475,1.169965632,3.804534137
1800,85.5,1.170063597,3.80515701
1800,85.525,1.170161428,3.805779126
1800,85.55,1.170259126,3.806400483
1800,85.575,1.17035669,3.807021082
1800,85.6,1.170454121,3.807640919
1800,85.625,1.170551417,3.808259994
1800,85.65,1.170648579,3.808878305
1800,85.675,1.170745607,3.809495851
1800,85.7,1.170842501,3.81011263
1800,85.725,1.17093926,3.810728641
1800,85.75,1.171035884,3.811343883
1800,85.775,1.171132373,3.811958354
1800,85.8,1.171228727,3.812572053
1800,85.825,1.171324945,3.813184978
1800,85.85,1.171421028,3.813797129
1800,85.875,1.171516975,3.814408503
1800,85.9,1.171612787,3.815019099
1800,85.925,1.171708462,3.815628916
1800,85.95,1.171804002,3.816237952
1800,85.975,1.171899405,3.816846207
1800,86,1.171994671,3.817453678
1800,86.025,1.172089801,3.818060364
1800,86.05,1.172184794,3.818666264
1800,86.075,1.17227965,3.819271377
1800,86.1,1.172374368,3.819875701
1800,86.125,1.17246895,3.820479234
1800,86.15,1.172563394,3.821081976
1800,86.175,1.1726577,3.821683925
1800,86.2,1.172751868,3.822285079
1800,86.225,1.172845899,3.822885437
1800,86.25,1.172939791,3.823484998
1800,86.275,1.173033545,3.824083761
1800,86.3,1.17312716,3.824681723
1800,86.325,1.173220637,3.825278885
1800,86.35,1.173313975,3.825875243
1800,86.375,1.173407174,3.826470797
1800,86.4,1.173500233,3.827065546
1800,86.425,1.173593154,3.827659488
1800,86.45,1.173685935,3.828252621
1800,86.475,1.173778576,3.828844945
1800,86.5,1.173871077,3.829436458
1800,86.525,1.173963439,3.830027158
1800,86.55,1.17405566,3.830617045
1800,86.575,1.174147741,3.831206116
1800,86.6,1.174239682,3.831794371
1800,86.625,1.174331482,3.832381808
1800,86.65,1.174423141,3.832968426
1800,86.675,1.174514659,3.833554223
1800,86.7,1.174606036,3.834139198
1800,86.725,1.174697272,3.83472335
1800,86.75,1.174788366,3.835306677
1800,86.775,1.174879319,3.835889178
1800,86.8,1.17497013,3.836470851
1800,86.825,1.175060799,3.837051696
1800,86.85,1.175151327,3.83763171
1800,86.875,1.175241711,3.838210893
1800,86.9,1.175331954,3.838789243
1800,86.925,1.175422054,3.839366759
1800,86.95,1.175512011,3.839943439
1800,86.975,1.175601825,3.840519282
1800,87,1.175691497,3.841094287
1800,87.025,1.175781025,3.841668452
1800,87.05,1.17587041,3.842241776
1800,87.075,1.175959651,3.842814258
1800,87.1,1.176048748,3.843385895
1800,87.125,1.176137702,3.843956688
1800,87.15,1.176226512,3.844526634
1800,87.175,1.176315178,3.845095733
1800,87.2,1.176403699,3.845663982
1800,87.225,1.176492076,3.846231381
1800,87.25,1.176580308,3.846797928
1800,87.275,1.176668396,3.847363622
1800,87.3,1.176756338,3.847928461
1800,87.325,1.176844136,3.848492444
1800,87.35,1.176931788,3.84905557
1800,87.375,1.177019295,3.849617838
1800,87.4,1.177106657,3.850179246
1800,87.425,1.177193873,3.850739792
1800,87.45,1.177280942,3.851299476
1800,87.475,1.177367866,3.851858296
1800,87.5,1.177454644,3.852416251
1800,87.525,1.177541275,3.852973339
1800,87.55,1.17762776,3.85352956
1800,87.575,1.177714099,3.854084911
1800,87.6,1.17780029,3.854639391
1800,87.625,1.177886335,3.855193
1800,87.65,1.177972232,3.855745736
1800,87.675,1.178057983,3.856297597
1800,87.7,1.178143585,3.856848582
1800,87.725,1.178229041,3.85739869
1800,87.75,1.178314348,3.857947919
1800,87.775,1.178399508,3.858496269
1800,87.8,1.17848452,3.859043737
1800,87.825,1.178569384,3.859590323
1800,87.85,1.178654099,3.860136026
1800,87.875,1.178738666,3.860680843
1800,87.9,1.178823084,3.861224774
1800,87.925,1.178907354,3.861767817
1800,87.95,1.178991475,3.862309971
1800,87.975,1.179075446,3.862851235
1800,88,1.179159269,3.863391607
1800,88.025,1.179242942,3.863931086
1800,88.05,1.179326465,3.864469671
1800,88.075,1.179409839,3.86500736
1800,88.1,1.179493063,3.865544153
1800,88.125,1.179576138,3.866080047
1800,88.15,1.179659062,3.866615042
1800,88.175,1.179741836,3.867149136
1800,88.2,1.179824459,3.867682328
1800,88.225,1.179906932,3.868214617
1800,88.25,1.179989254,3.868746001
1800,88.275,1.180071426,3.869276479
1800,88.3,1.180153446,3.86980605
1800,88.325,1.180235315,3.870334713
1800,88.35,1.180317033,3.870862465
1800,88.375,1.1803986,3.871389307
1800,88.4,1.180480015,3.871915236
1800,88.425,1.180561278,3.872440251
1800,88.45,1.18064239,3.872964352
1800,88.475,1.180723349,3.873487536
1800,88.5,1.180804157,3.874009803
1800,88.525,1.180884812,3.874531151
1800,88.55,1.180965314,3.875051579
1800,88.575,1.181045664,3.875571086
1800,88.6,1.181125861,3.87608967
1800,88.625,1.181205906,3.87660733
1800,88.65,1.181285797,3.877124065
1800,88.675,1.181365536,3.877639873
1800,88.7,1.18144512,3.878154754
1800,88.725,1.181524552,3.878668706
1800,88.75,1.18160383,3.879181728
1800,88.775,1.181682954,3.879693818
1800,88.8,1.181761924,3.880204975
1800,88.825,1.181840741,3.880715199
1800,88.85,1.181919403,3.881224487
1800,88.875,1.181997911,3.881732839
1800,88.9,1.182076264,3.882240253
1800,88.925,1.182154463,3.882746727
1800,88.95,1.182232507,3.883252262
1800,88.975,1.182310396,3.883756855
1800,89,1.182388131,3.884260505
1800,89.025,1.18246571,3.884763211
1800,89.05,1.182543134,3.885264972
1800,89.075,1.182620402,3.885765787
1800,89.1,1.182697515,3.886265653
1800,89.125,1.182774472,3.886764571
1800,89.15,1.182851274,3.887262538
1800,89.175,1.182927919,3.887759554
1800,89.2,1.183004408,3.888255617
1800,89.225,1.183080741,3.888750726
1800,89.25,1.183156918,3.88924488
1800,89.275,1.183232938,3.889738078
1800,89.3,1.183308802,3.890230318
1800,89.325,1.183384508,3.890721599
1800,89.35,1.183460058,3.89121192
1800,89.375,1.183535451,3.89170128
1800,89.4,1.183610686,3.892189677
1800,89.425,1.183685764,3.89267711
1800,89.45,1.183760685,3.893163579
1800,89.475,1.183835448,3.893649081
1800,89.5,1.183910053,3.894133615
1800,89.525,1.183984501,3.894617181
1800,89.55,1.18405879,3.895099778
1800,89.575,1.184132922,3.895581403
1800,89.6,1.184206894,3.896062056
1800,89.625,1.184280709,3.896541735
1800,89.65,1.184354365,3.89702044
1800,89.675,1.184427862,3.897498169
1800,89.7,1.184501201,3.897974921
1800,89.725,1.18457438,3.898450694
1800,89.75,1.184647401,3.898925489
1800,89.775,1.184720262,3.899399302
1800,89.8,1.184792964,3.899872134
1800,89.825,1.184865507,3.900343982
1800,89.85,1.184937889,3.900814846
1800,89.875,1.185010113,3.901284725
1800,89.9,1.185082176,3.901753617
1800,89.925,1.185154079,3.902221522
1800,89.95,1.185225822,3.902688437
1800,89.975,1.185297405,3.903154362
1800,90,1.185368827,3.903619296
1800,90.025,1.185440089,3.904083238
1800,90.05,1.185511191,3.904546185
1800,90.075,1.185582131,3.905008138
1800,90.1,1.185652911,3.905469095
1800,90.125,1.185723529,3.905929054
1800,90.15,1.185793987,3.906388015
1800,90.175,1.185864283,3.906845977
1800,90.2,1.185934417,3.907302938
1800,90.225,1.186004391,3.907758897
1800,90.25,1.186074202,3.908213853
1800,90.275,1.186143852,3.908667805
1800,90.3,1.186213339,3.909120751
1800,90.325,1.186282665,3.909572691
1800,90.35,1.186351829,3.910023623
1800,90.375,1.18642083,3.910473547
1800,90.4,1.186489669,3.91092246
1800,90.425,1.186558345,3.911370363
1800,90.45,1.186626858,3.911817253
1800,90.475,1.186695209,3.91226313
1800,90.5,1.186763397,3.912707992
1800,90.525,1.186831422,3.913151839
1800,90.55,1.186899283,3.913594668
1800,90.575,1.186966982,3.91403648
1800,90.6,1.187034516,3.914477273
1800,90.625,1.187101888,3.914917046
1800,90.65,1.187169095,3.915355797
1800,90.675,1.187236139,3.915793526
1800,90.7,1.187303019,3.916230231
1800,90.725,1.187369735,3.916665912
1800,90.75,1.187436287,3.917100567
1800,90.775,1.187502674,3.917534195
1800,90.8,1.187568897,3.917966795
1800,90.825,1.187634956,3.918398365
1800,90.85,1.18770085,3.918828906
1800,90.875,1.187766579,3.919258415
1800,90.9,1.187832143,3.919686892
1800,90.925,1.187897543,3.920114335
1800,90.95,1.187962777,3.920540743
1800,90.975,1.188027846,3.920966116
1800,91,1.188092749,3.921390451
1800,91.025,1.188157487,3.921813749
1800,91.05,1.18822206,3.922236008
1800,91.075,1.188286467,3.922657226
1800,91.1,1.188350708,3.923077403
1800,91.125,1.188414783,3.923496538
1800,91.15,1.188478692,3.92391463
1800,91.175,1.188542435,3.924331677
1800,91.2,1.188606011,3.924747678
1800,91.225,1.188669421,3.925162633
1800,91.25,1.188732665,3.925576539
1800,91.275,1.188795742,3.925989398
1800,91.3,1.188858652,3.926401206
1800,91.325,1.188921395,3.926811963
1800,91.35,1.188983972,3.927221668
1800,91.375,1.189046381,3.927630321
1800,91.4,1.189108623,3.928037919
1800,91.425,1.189170697,3.928444461
1800,91.45,1.189232605,3.928849948
1800,91.475,1.189294344,3.929254377
1800,91.5,1.189355916,3.929657748
1800,91.525,1.189417321,3.930060059
1800,91.55,1.189478557,3.93046131
1800,91.575,1.189539625,3.930861499
1800,91.6,1.189600525,3.931260626
1800,91.625,1.189661257,3.931658689
1800,91.65,1.189721821,3.932055688
1800,91.675,1.189782216,3.932451621
1800,91.7,1.189842443,3.932846487
1800,91.725,1.189902501,3.933240285
1800,91.75,1.18996239,3.933633015
1800,91.775,1.19002211,3.934024675
1800,91.8,1.190081661,3.934415264
1800,91.825,1.190141044,3.934804781
1800,91.85,1.190200257,3.935193225
1800,91.875,1.1902593,3.935580595
1800,91.9,1.190318174,3.93596689
1800,91.925,1.190376879,3.93635211
1800,91.95,1.190435414,3.936736252
1800,91.975,1.190493779,3.937119317
1800,92,1.190551975,3.937501302
1800,92.025,1.19061,3.937882208
1800,92.05,1.190667855,3.938262032
1800,92.075,1.19072554,3.938640775
1800,92.1,1.190783055,3.939018434
1800,92.125,1.1908404,3.93939501
1800,92.15,1.190897574,3.939770501
1800,92.175,1.190954577,3.940144906
1800,92.2,1.19101141,3.940518223
1800,92.225,1.191068071,3.940890453
1800,92.25,1.191124562,3.941261594
1800,92.275,1.191180882,3.941631646
1800,92.3,1.191237031,3.942000606
1800,92.325,1.191293008,3.942368474
1800,92.35,1.191348815,3.94273525
1800,92.375,1.191404449,3.943100932
1800,92.4,1.191459912,3.943465519
1800,92.425,1.191515204,3.943829011
1800,92.45,1.191570324,3.944191405
1800,92.475,1.191625272,3.944552703
1800,92.5,1.191680048,3.944912901
1800,92.525,1.191734652,3.945272
1800,92.55,1.191789084,3.945629999
1800,92.575,1.191843343,3.945986896
1800,92.6,1.19189743,3.946342691
1800,92.625,1.191951345,3.946697382
1800,92.65,1.192005087,3.947050969
1800,92.675,1.192058657,3.947403451
1800,92.7,1.192112054,3.947754827
1800,92.725,1.192165278,3.948105096
1800,92.75,1.192218329,3.948454257
1800,92.775,1.192271207,3.948802308
1800,92.8,1.192323912,3.94914925
1800,92.825,1.192376444,3.949495081
1800,92.85,1.192428802,3.949839801
1800,92.875,1.192480987,3.950183408
1800,92.9,1.192532998,3.950525901
1800,92.925,1.192584836,3.95086728
1800,92.95,1.1926365,3.951207543
1800,92.975,1.19268799,3.95154669
1800,93,1.192739307,3.95188472
1800,93.025,1.192790449,3.952221632
1800,93.05,1.192841417,3.952557425
1800,93.075,1.192892211,3.952892098
1800,93.1,1.192942831,3.95322565
1800,93.125,1.192993277,3.95355808
1800,93.15,1.193043548,3.953889388
1800,93.175,1.193093644,3.954219573
1800,93.2,1.193143566,3.954548633
1800,93.225,1.193193313,3.954876568
1800,93.25,1.193242885,3.955203377
1800,93.275,1.193292282,3.955529059
1800,93.3,1.193341504,3.955853613
1800,93.325,1.193390552,3.956177038
1800,93.35,1.193439424,3.956499334
1800,93.375,1.19348812,3.956820499
1800,93.4,1.193536641,3.957140533
1800,93.425,1.193584987,3.957459435
1800,93.45,1.193633158,3.957777204
1800,93.475,1.193681152,3.958093839
1800,93.5,1.193728971,3.958409339
1800,93.525,1.193776614,3.958723703
1800,93.55,1.193824081,3.959036932
1800,93.575,1.193871372,3.959349022
1800,93.6,1.193918487,3.959659975
1800,93.625,1.193965426,3.959969789
1800,93.65,1.194012189,3.960278463
1800,93.675,1.194058775,3.960585997
1800,93.7,1.194105185,3.960892389
1800,93.725,1.194151418,3.961197639
1800,93.75,1.194197475,3.961501745
1800,93.775,1.194243355,3.961804708
1800,93.8,1.194289058,3.962106526
1800,93.825,1.194334584,3.962407199
1800,93.85,1.194379934,3.962706725
1800,93.875,1.194425106,3.963005104
1800,93.9,1.194470101,3.963302335
1800,93.925,1.194514919,3.963598417
1800,93.95,1.19455956,3.96389335
1800,93.975,1.194604024,3.964187132
1800,94,1.19464831,3.964479763
1800,94.025,1.194692418,3.964771242
1800,94.05,1.194736349,3.965061569
1800,94.075,1.194780102,3.965350741
1800,94.1,1.194823678,3.96563876
1800,94.125,1.194867075,3.965925623
1800,94.15,1.194910295,3.966211331
1800,94.175,1.194953336,3.966495882
1800,94.2,1.1949962,3.966779275
1800,94.225,1.195038885,3.967061511
1800,94.25,1.195081392,3.967342587
1800,94.275,1.195123721,3.967622503
1800,94.3,1.195165872,3.96790126
1800,94.325,1.195207843,3.968178854
1800,94.35,1.195249637,3.968455287
1800,94.375,1.195291251,3.968730557
1800,94.4,1.195332687,3.969004664
1800,94.425,1.195373945,3.969277606
1800,94.45,1.195415023,3.969549384
1800,94.475,1.195455922,3.969819995
1800,94.5,1.195496642,3.97008944
1800,94.525,1.195537184,3.970357718
1800,94.55,1.195577546,3.970624828
1800,94.575,1.195617729,3.97089077
1800,94.6,1.195657732,3.971155542
1800,94.625,1.195697556,3.971419144
1800,94.65,1.195737201,3.971681575
1800,94.675,1.195776666,3.971942834
1800,94.7,1.195815951,3.972202922
1800,94.725,1.195855057,3.972461836
1800,94.75,1.195893983,3.972719577
1800,94.775,1.195932729,3.972976143
1800,94.8,1.195971295,3.973231534
1800,94.825,1.196009682,3.97348575
1800,94.85,1.196047888,3.973738789
1800,94.875,1.196085914,3.97399065
1800,94.9,1.19612376,3.974241334
1800,94.925,1.196161426,3.97449084
1800,94.95,1.196198911,3.974739166
1800,94.975,1.196236216,3.974986312
1800,95,1.19627334,3.975232278
1800,95.025,1.196310284,3.975477063
1800,95.05,1.196347047,3.975720665
1800,95.075,1.19638363,3.975963085
1800,95.1,1.196420032,3.976204322
1800,95.125,1.196456253,3.976444375
1800,95.15,1.196492293,3.976683243
1800,95.175,1.196528152,3.976920926
1800,95.2,1.19656383,3.977157423
1800,95.225,1.196599327,3.977392734
1800,95.25,1.196634643,3.977626857
1800,95.275,1.196669778,3.977859793
1800,95.3,1.196704732,3.97809154
1800,95.325,1.196739504,3.978322098
1800,95.35,1.196774094,3.978551466
1800,95.375,1.196808504,3.978779644
1800,95.4,1.196842731,3.979006631
1800,95.425,1.196876778,3.979232427
1800,95.45,1.196910642,3.97945703
1800,95.475,1.196944325,3.97968044
1800,95.5,1.196977826,3.979902657
1800,95.525,1.197011145,3.98012368
1800,95.55,1.197044282,3.980343508
1800,95.575,1.197077237,3.980562141
1800,95.6,1.19711001,3.980779578
1800,95.625,1.197142601,3.980995818
1800,95.65,1.19717501,3.981210862
1800,95.675,1.197207237,3.981424707
1800,95.7,1.197239281,3.981637355
1800,95.725,1.197271143,3.981848803
1800,95.75,1.197302823,3.982059052
1800,95.775,1.19733432,3.982268101
1800,95.8,1.197365635,3.98247595
1800,95.825,1.197396767,3.982682597
1800,95.85,1.197427716,3.982888043
1800,95.875,1.197458483,3.983092286
1800,95.9,1.197489067,3.983295327
1800,95.925,1.197519468,3.983497164
1800,95.95,1.197549687,3.983697797
1800,95.975,1.197579722,3.983897225
1800,96,1.197609574,3.984095449
1800,96.025,1.197639244,3.984292466
1800,96.05,1.19766873,3.984488278
1800,96.075,1.197698033,3.984682883
1800,96.1,1.197727153,3.98487628
1800,96.125,1.19775609,3.98506847
1800,96.15,1.197784844,3.985259451
1800,96.175,1.197813414,3.985449224
1800,96.2,1.1978418,3.985637787
1800,96.225,1.197870004,3.98582514
1800,96.25,1.197898023,3.986011283
1800,96.275,1.19792586,3.986196215
1800,96.3,1.197953512,3.986379935
1800,96.325,1.197980981,3.986562444
1800,96.35,1.198008266,3.98674374
1800,96.375,1.198035367,3.986923823
1800,96.4,1.198062285,3.987102692
1800,96.425,1.198089019,3.987280348
1800,96.45,1.198115568,3.987456789
1800,96.475,1.198141934,3.987632015
1800,96.5,1.198168116,3.987806026
1800,96.525,1.198194114,3.98797882
1800,96.55,1.198219927,3.988150399
1800,96.575,1.198245556,3.98832076
1800,96.6,1.198271002,3.988489904
1800,96.625,1.198296263,3.988657831
1800,96.65,1.198321339,3.988824539
1800,96.675,1.198346231,3.988990028
1800,96.7,1.198370939,3.989154298
1800,96.725,1.198395463,3.989317348
1800,96.75,1.198419801,3.989479178
1800,96.775,1.198443956,3.989639788
1800,96.8,1.198467925,3.989799177
1800,96.825,1.198491711,3.989957344
1800,96.85,1.198515311,3.990114289
1800,96.875,1.198538727,3.990270012
1800,96.9,1.198561958,3.990424512
1800,96.925,1.198585004,3.990577789
1800,96.95,1.198607865,3.990729843
1800,96.975,1.198630541,3.990880672
1800,97,1.198653033,3.991030277
1800,97.025,1.198675339,3.991178657
1800,97.05,1.198697461,3.991325811
1800,97.075,1.198719397,3.99147174
1800,97.1,1.198741149,3.991616443
1800,97.125,1.198762715,3.991759919
1800,97.15,1.198784096,3.991902168
1800,97.175,1.198805291,3.99204319
1800,97.2,1.198826302,3.992182985
1800,97.225,1.198847127,3.992321551
1800,97.25,1.198867767,3.992458888
1800,97.275,1.198888221,3.992594997
1800,97.3,1.19890849,3.992729877
1800,97.325,1.198928574,3.992863527
1800,97.35,1.198948472,3.992995947
1800,97.375,1.198968185,3.993127136
1800,97.4,1.198987712,3.993257095
1800,97.425,1.199007053,3.993385823
1800,97.45,1.199026209,3.993513319
1800,97.475,1.199045179,3.993639583
1800,97.5,1.199063963,3.993764615
1800,97.525,1.199082562,3.993888415
1800,97.55,1.199100975,3.994010982
1800,97.575,1.199119202,3.994132316
1800,97.6,1.199137243,3.994252416
1800,97.625,1.199155098,3.994371282
1800,97.65,1.199172768,3.994488914
1800,97.675,1.199190251,3.994605311
1800,97.7,1.199207548,3.994720474
1800,97.725,1.19922466,3.994834401
1800,97.75,1.199241585,3.994947093
1800,97.775,1.199258325,3.995058549
1800,97.8,1.199274878,3.995168769
1800,97.825,1.199291245,3.995277753
1800,97.85,1.199307426,3.995385499
1800,97.875,1.19932342,3.995492009
1800,97.9,1.199339229,3.995597281
1800,97.925,1.199354851,3.995701316
1800,97.95,1.199370287,3.995804113
1800,97.975,1.199385536,3.995905671
1800,98,1.1994006,3.996005991
1800,98.025,1.199415476,3.996105073
1800,98.05,1.199430167,3.996202915
1800,98.075,1.199444671,3.996299517
1800,98.1,1.199458988,3.996394881
1800,98.125,1.199473119,3.996489004
1800,98.15,1.199487064,3.996581887
1800,98.175,1.199500822,3.99667353
1800,98.2,1.199514393,3.996763932
1800,98.225,1.199527778,3.996853093
1800,98.25,1.199540977,3.996941013
1800,98.275,1.199553988,3.997027692
1800,98.3,1.199566813,3.997113129
1800,98.325,1.199579451,3.997197324
1800,98.35,1.199591903,3.997280277
1800,98.375,1.199604168,3.997361987
1800,98.4,1.199616246,3.997442455
1800,98.425,1.199628137,3.99752168
1800,98.45,1.199639841,3.997599663
1800,98.475,1.199651359,3.997676401
1800,98.5,1.19966269,3.997751897
1800,98.525,1.199673834,3.997826149
1800,98.55,1.199684791,3.997899156
1800,98.575,1.199695561,3.99797092
1800,98.6,1.199706144,3.99804144
1800,98.625,1.19971654,3.998110715
1800,98.65,1.19972675,3.998178745
1800,98.675,1.199736772,3.99824553
1800,98.7,1.199746607,3.99831107
1800,98.725,1.199756255,3.998375365
1800,98.75,1.199765717,3.998438415
1800,98.775,1.199774991,3.998500219
1800,98.8,1.199784078,3.998560777
1800,98.825,1.199792978,3.998620089
1800,98.85,1.199801691,3.998678156
1800,98.875,1.199810216,3.998734975
1800,98.9,1.199818555,3.998790549
1800,98.925,1.199826706,3.998844876
1800,98.95,1.199834671,3.998897956
1800,98.975,1.199842448,3.998949789
1800,99,1.199850037,3.999000375
1800,99.025,1.19985744,3.999049714
1800,99.05,1.199864656,3.999097805
1800,99.075,1.199871684,3.999144649
1800,99.1,1.199878525,3.999190246
1800,99.125,1.199885178,3.999234595
1800,99.15,1.199891645,3.999277696
1800,99.175,1.199897924,3.999319549
1800,99.2,1.199904015,3.999360154
1800,99.225,1.19990992,3.99939951
1800,99.25,1.199915637,3.999437619
1800,99.275,1.199921167,3.999474479
1800,99.3,1.199926509,3.99951009
1800,99.325,1.199931664,3.999544453
1800,99.35,1.199936632,3.999577567
1800,99.375,1.199941412,3.999609432
1800,99.4,1.199946005,3.999640049
1800,99.425,1.19995041,3.999669416
1800,99.45,1.199954628,3.999697534
1800,99.475,1.199958659,3.999724403
1800,99.5,1.199962502,3.999750023
1800,99.525,1.199966158,3.999774394
1800,99.55,1.199969627,3.999797515
1800,99.575,1.199972907,3.999819387
1800,99.6,1.199976001,3.99984001
1800,99.625,1.199978907,3.999859382
1800,99.65,1.199981626,3.999877506
1800,99.675,1.199984157,3.999894379
1800,99.7,1.1999865,3.999910003
1800,99.725,1.199988656,3.999924377
1800,99.75,1.199990625,3.999937501
1800,99.775,1.199992406,3.999949376
1800,99.8,1.199994,3.999960001
1800,99.825,1.199995406,3.999969375
1800,99.85,1.199996625,3.9999775
1800,99.875,1.199997656,3.999984375
1800,99.9,1.1999985,3.99999
1800,99.925,1.199999156,3.999994375
1800,99.95,1.199999625,3.9999975
1800,99.975,1.199999906,3.999999375
1800,100,1.2,4
1800,100.025,1.199999906,3.999999375
1800,100.05,1.199999625,3.9999975
1800,100.075,1.199999156,3.999994375
1800,100.1,1.1999985,3.99999
1800,100.125,1.199997656,3.999984375
1800,100.15,1.199996625,3.9999775
1800,100.175,1.199995406,3.999969375
1800,100.2,1.199994,3.999960001
1800,100.225,1.199992406,3.999949376
1800,100.25,1.199990625,3.999937501
1800,100.275,1.199988656,3.999924377
1800,100.3,1.1999865,3.999910003
1800,100.325,1.199984157,3.999894379
1800,100.35,1.199981626,3.999877506
1800,100.375,1.199978907,3.999859382
1800,100.4,1.199976001,3.99984001
1800,100.425,1.199972907,3.999819387
1800,100.45,1.199969627,3.999797515
1800,100.475,1.199966158,3.999774394
1800,100.5,1.199962502,3.999750023
1800,100.525,1.199958659,3.999724403
1800,100.55,1.199954628,3.999697534
1800,100.575,1.19995041,3.999669416
1800,100.6,1.199946005,3.999640049
1800,100.625,1.199941412,3.999609432
1800,100.65,1.199936632,3.999577567
1800,100.675,1.199931664,3.999544453
1800,100.7,1.199926509,3.99951009
1800,100.725,1.199921167,3.999474479
1800,100.75,1.199915637,3.999437619
1800,100.775,1.19990992,3.99939951
1800,100.8,1.199904015,3.999360154
1800,100.825,1.199897924,3.999319549
1800,100.85,1.199891645,3.999277696
1800,100.875,1.199885178,3.999234595
1800,100.9,1.199878525,3.999190246
1800,100.925,1.199871684,3.999144649
1800,100.95,1.199864656,3.999097805
1800,100.975,1.19985744,3.999049714
1800,101,1.199850037,3.999000375
1800,101.025,1.199842448,3.998949789
1800,101.05,1.199834671,3.998897956
1800,101.075,1.199826706,3.998844876
1800,101.1,1.199818555,3.998790549
1800,101.125,1.199810216,3.998734975
1800,101.15,1.199801691,3.998678156
1800,101.175,1.199792978,3.998620089
1800,101.2,1.199784078,3.998560777
1800,101.225,1.199774991,3.998500219
1800,101.25,1.199765717,3.998438415
1800,101.275,1.199756255,3.998375365
1800,101.3,1.199746607,3.99831107
1800,101.325,1.199736772,3.99824553
1800,101.35,1.19972675,3.998178745
1800,101.375,1.19971654,3.998110715
1800,101.4,1.199706144,3.99804144
1800,101.425,1.199695561,3.99797092
1800,101.45,1.199684791,3.997899156
1800,101.475,1.199673834,3.997826149
1800,101.5,1.19966269,3.997751897
1800,101.525,1.199651359,3.997676401
1800,101.55,1.199639841,3.997599663
1800,101.575,1.199628137,3.99752168
1800,101.6,1.199616246,3.997442455
1800,101.625,1.199604168,3.997361987
1800,101.65,1.199591903,3.997280277
1800,101.675,1.199579451,3.997197324
1800,101.7,1.199566813,3.997113129
1800,101.725,1.199553988,3.997027692
1800,101.75,1.199540977,3.996941013
1800,101.775,1.199527778,3.996853093
1800,101.8,1.199514393,3.996763932
1800,101.825,1.199500822,3.99667353
1800,101.85,1.199487064,3.996581887
1800,101.875,1.199473119,3.996489004
1800,101.9,1.199458988,3.996394881
1800,101.925,1.199444671,3.996299517
1800,101.95,1.199430167,3.996202915
1800,101.975,1.199415476,3.996105073
1800,102,1.1994006,3.996005991
1800,102.025,1.199385536,3.995905671
1800,102.05,1.199370287,3.995804113
1800,102.075,1.199354851,3.995701316
1800,102.1,1.199339229,3.995597281
1800,102.125,1.19932342,3.995492009
1800,102.15,1.199307426,3.995385499
1800,102.175,1.199291245,3.995277753
1800,102.2,1.199274878,3.995168769
1800,102.225,1.199258325,3.995058549
1800,102.25,1.199241585,3.994947093
1800,102.275,1.19922466,3.994834401
1800,102.3,1.199207548,3.994720474
1800,102.325,1.199190251,3.994605311
1800,102.35,1.199172768,3.994488914
1800,102.375,1.199155098,3.994371282
1800,102.4,1.199137243,3.994252416
1800,102.425,1.199119202,3.994132316
1800,102.45,1.199100975,3.994010982
1800,102.475,1.199082562,3.993888415
1800,102.5,1.199063963,3.993764615
1800,102.525,1.199045179,3.993639583
1800,102.55,1.199026209,3.993513319
1800,102.575,1.199007053,3.993385823
1800,102.6,1.198987712,3.993257095
1800,102.625,1.198968185,3.993127136
1800,102.65,1.198948472,3.992995947
1800,102.675,1.198928574,3.992863527
1800,102.7,1.19890849,3.992729877
1800,102.725,1.198888221,3.992594997
1800,102.75,1.198867767,3.992458888
1800,102.775,1.198847127,3.992321551
1800,102.8,1.198826302,3.992182985
1800,102.825,1.198805291,3.99204319
1800,102.85,1.198784096,3.991902168
1800,102.875,1.198762715,3.991759919
1800,102.9,1.198741149,3.991616443
1800,102.925,1.198719397,3.99147174
1800,102.95,1.198697461,3.991325811
1800,102.975,1.198675339,3.991178657
1800,103,1.198653033,3.991030277
1800,103.025,1.198630541,3.990880672
1800,103.05,1.198607865,3.990729843
1800,103.075,1.198585004,3.990577789
1800,103.1,1.198561958,3.990424512
1800,103.125,1.198538727,3.990270012
1800,103.15,1.198515311,3.990114289
1800,103.175,1.198491711,3.989957344
1800,103.2,1.198467925,3.989799177
1800,103.225,1.198443956,3.989639788
1800,103.25,1.198419801,3.989479178
1800,103.275,1.198395463,3.989317348
1800,103.3,1.198370939,3.989154298
1800,103.325,1.198346231,3.988990028
1800,103.35,1.198321339,3.988824539
1800,103.375,1.198296263,3.988657831
1800,103.4,1.198271002,3.988489904
1800,103.425,1.198245556,3.98832076
1800,103.45,1.198219927,3.988150399
1800,103.475,1.198194114,3.98797882
1800,103.5,1.198168116,3.987806026
1800,103.525,1.198141934,3.987632015
1800,103.55,1.198115568,3.987456789
1800,103.575,1.198089019,3.987280348
1800,103.6,1.198062285,3.987102692
1800,103.625,1.198035367,3.986923823
1800,103.65,1.198008266,3.98674374
1800,103.675,1.197980981,3.986562444
1800,103.7,1.197953512,3.986379935
1800,103.725,1.19792586,3.986196215
1800,103.75,1.197898023,3.986011283
1800,103.775,1.197870004,3.98582514
1800,103.8,1.1978418,3.985637787
1800,103.825,1.197813414,3.985449224
1800,103.85,1.197784844,3.985259451
1800,103.875,1.19775609,3.98506847
1800,103.9,1.197727153,3.98487628
1800,103.925,1.197698033,3.984682883
1800,103.95,1.19766873,3.984488278
1800,103.975,1.197639244,3.984292466
1800,104,1.197609574,3.984095449
1800,104.025,1.197579722,3.983897225
1800,104.05,1.197549687,3.983697797
1800,104.075,1.197519468,3.983497164
1800,104.1,1.197489067,3.983295327
1800,104.125,1.197458483,3.983092286
1800,104.15,1.197427716,3.982888043
1800,104.175,1.197396767,3.982682597
1800,104.2,1.197365635,3.98247595
1800,104.225,1.19733432,3.982268101
1800,104.25,1.197302823,3.982059052
1800,104.275,1.197271143,3.981848803
1800,104.3,1.197239281,3.981637355
1800,104.325,1.197207237,3.981424707
1800,104.35,1.19717501,3.981210862
1800,104.375,1.197142601,3.980995818
1800,104.4,1.19711001,3.980779578
1800,104.425,1.197077237,3.980562141
1800,104.45,1.197044282,3.980343508
1800,104.475,1.197011145,3.98012368
1800,104.5,1.196977826,3.979902657
1800,104.525,1.196944325,3.97968044
1800,104.55,1.196910642,3.97945703
1800,104.575,1.196876778,3.979232427
1800,104.6,1.196842731,3.979006631
1800,104.625,1.196808504,3.978779644
1800,104.65,1.196774094,3.978551466
1800,104.675,1.196739504,3.978322098
1800,104.7,1.196704732,3.97809154
1800,104.725,1.196669778,3.977859793
1800,104.75,1.196634643,3.977626857
1800,104.775,1.196599327,3.977392734
1800,104.8,1.19656383,3.977157423
1800,104.825,1.196528152,3.976920926
1800,104.85,1.196492293,3.976683243
1800,104.875,1.196456253,3.976444375
1800,104.9,1.196420032,3.976204322
1800,104.925,1.19638363,3.975963085
1800,104.95,1.196347047,3.975720665
1800,104.975,1.196310284,3.975477063
1800,105,1.19627334,3.975232278
1800,105.025,1.196236216,3.974986312
1800,105.05,1.196198911,3.974739166
1800,105.075,1.196161426,3.97449084
1800,105.1,1.19612376,3.974241334
1800,105.125,1.196085914,3.97399065
1800,105.15,1.196047888,3.973738789
1800,105.175,1.196009682,3.97348575
1800,105.2,1.195971295,3.973231534
1800,105.225,1.195932729,3.972976143
1800,105.25,1.195893983,3.972719577
1800,105.275,1.195855057,3.972461836
1800,105.3,1.195815951,3.972202922
1800,105.325,1.195776666,3.971942834
1800,105.35,1.195737201,3.971681575
1800,105.375,1.195697556,3.971419144
1800,105.4,1.195657732,3.971155542
1800,105.425,1.195617729,3.97089077
1800,105.45,1.195577546,3.970624828
1800,105.475,1.195537184,3.970357718
1800,105.5,1.195496642,3.97008944
1800,105.525,1.195455922,3.969819995
1800,105.55,1.195415023,3.969549384
1800,105.575,1.195373945,3.969277606
1800,105.6,1.195332687,3.969004664
1800,105.625,1.195291251,3.968730557
1800,105.65,1.195249637,3.968455287
1800,105.675,1.195207843,3.968178854
1800,105.7,1.195165872,3.96790126
1800,105.725,1.195123721,3.967622503
1800,105.75,1.195081392,3.967342587
1800,105.775,1.195038885,3.967061511
1800,105.8,1.1949962,3.966779275
1800,105.825,1.194953336,3.966495882
1800,105.85,1.194910295,3.966211331
1800,105.875,1.194867075,3.965925623
1800,105.9,1.194823678,3.96563876
1800,105.925,1.194780102,3.965350741
1800,105.95,1.194736349,3.965061569
1800,105.975,1.194692418,3.964771242
1800,106,1.19464831,3.964479763
1800,106.025,1.194604024,3.964187132
1800,106.05,1.19455956,3.96389335
1800,106.075,1.194514919,3.963598417
1800,106.1,1.194470101,3.963302335
1800,106.125,1.194425106,3.963005104
1800,106.15,1.194379934,3.962706725
1800,106.175,1.194334584,3.962407199
1800,106.2,1.194289058,3.962106526
1800,106.225,1.194243355,3.961804708
1800,106.25,1.194197475,3.961501745
1800,106.275,1.194151418,3.961197639
1800,106.3,1.194105185,3.960892389
1800,106.325,1.194058775,3.960585997
1800,106.35,1.194012189,3.960278463
1800,106.375,1.193965426,3.959969789
1800,106.4,1.193918487,3.959659975
1800,106.425,1.193871372,3.959349022
1800,106.45,1.193824081,3.959036932
1800,106.475,1.193776614,3.958723703
1800,106.5,1.193728971,3.958409339
1800,106.525,1.193681152,3.958093839
1800,106.55,1.193633158,3.957777204
1800,106.575,1.193584987,3.957459435
1800,106.6,1.193536641,3.957140533
1800,106.625,1.19348812,3.956820499
1800,106.65,1.193439424,3.956499334
1800,106.675,1.193390552,3.956177038
1800,106.7,1.193341504,3.955853613
1800,106.725,1.193292282,3.955529059
1800,106.75,1.193242885,3.955203377
1800,106.775,1.193193313,3.954876568
1800,106.8,1.193143566,3.954548633
1800,106.825,1.193093644,3.954219573
1800,106.85,1.193043548,3.953889388
1800,106.875,1.192993277,3.95355808
1800,106.9,1.192942831,3.95322565
1800,106.925,1.192892211,3.952892098
1800,106.95,1.192841417,3.952557425
1800,106.975,1.192790449,3.952221632
1800,107,1.192739307,3.95188472
1800,107.025,1.19268799,3.95154669
1800,107.05,1.1926365,3.951207543
1800,107.075,1.192584836,3.95086728
1800,107.1,1.192532998,3.950525901
1800,107.125,1.192480987,3.950183408
1800,107.15,1.192428802,3.949839801
1800,107.175,1.192376444,3.949495081
1800,107.2,1.192323912,3.94914925
1800,107.225,1.192271207,3.948802308
1800,107.25,1.192218329,3.948454257
1800,107.275,1.192165278,3.948105096
1800,107.3,1.192112054,3.947754827
1800,107.325,1.192058657,3.947403451
1800,107.35,1.192005087,3.947050969
1800,107.375,1.191951345,3.946697382
1800,107.4,1.19189743,3.946342691
1800,107.425,1.191843343,3.945986896
1800,107.45,1.191789084,3.945629999
1800,107.475,1.191734652,3.945272
1800,107.5,1.191680048,3.944912901
1800,107.525,1.191625272,3.944552703
1800,107.55,1.191570324,3.944191405
1800,107.575,1.191515204,3.943829011
1800,107.6,1.191459912,3.943465519
1800,107.625,1.191404449,3.943100932
1800,107.65,1.191348815,3.94273525
1800,107.675,1.191293008,3.942368474
1800,107.7,1.191237031,3.942000606
1800,107.725,1.191180882,3.941631646
1800,107.75,1.191124562,3.941261594
1800,107.775,1.191068071,3.940890453
1800,107.8,1.19101141,3.940518223
1800,107.825,1.190954577,3.940144906
1800,107.85,1.190897574,3.939770501
1800,107.875,1.1908404,3.93939501
1800,107.9,1.190783055,3.939018434
1800,107.925,1.19072554,3.938640775
1800,107.95,1.190667855,3.938262032
1800,107.975,1.19061,3.937882208
1800,108,1.190551975,3.937501302
1800,108.025,1.190493779,3.937119317
1800,108.05,1.190435414,3.936736252
1800,108.075,1.190376879,3.93635211
1800,108.1,1.190318174,3.93596689
1800,108.125,1.1902593,3.935580595
1800,108.15,1.190200257,3.935193225
1800,108.175,1.190141044,3.934804781
1800,108.2,1.190081661,3.934415264
1800,108.225,1.19002211,3.934024675
1800,108.25,1.18996239,3.933633015
1800,108.275,1.189902501,3.933240285
1800,108.3,1.189842443,3.932846487
1800,108.325,1.189782216,3.932451621
1800,108.35,1.189721821,3.932055688
1800,108.375,1.189661257,3.931658689
1800,108.4,1.189600525,3.931260626
1800,108.425,1.189539625,3.930861499
1800,108.45,1.189478557,3.93046131
1800,108.475,1.189417321,3.930060059
1800,108.5,1.189355916,3.929657748
1800,108.525,1.189294344,3.929254377
1800,108.55,1.189232605,3.928849948
1800,108.575,1.189170697,3.928444461
1800,108.6,1.189108623,3.928037919
1800,108.625,1.189046381,3.927630321
1800,108.65,1.188983972,3.927221668
1800,108.675,1.188921395,3.926811963
1800,108.7,1.188858652,3.926401206
1800,108.725,1.188795742,3.925989398
1800,108.75,1.188732665,3.925576539
1800,108.775,1.188669421,3.925162633
1800,108.8,1.188606011,3.924747678
1800,108.825,1.188542435,3.924331677
1800,108.85,1.188478692,3.92391463
1800,108.875,1.188414783,3.923496538
1800,108.9,1.188350708,3.923077403
1800,108.925,1.188286467,3.922657226
1800,108.95,1.18822206,3.922236008
1800,108.975,1.188157487,3.921813749
1800,109,1.188092749,3.921390451
1800,109.025,1.188027846,3.920966116
1800,109.05,1.187962777,3.920540743
1800,109.075,1.187897543,3.920114335
1800,109.1,1.187832143,3.919686892
1800,109.125,1.187766579,3.919258415
1800,109.15,1.18770085,3.918828906
1800,109.175,1.187634956,3.918398365
1800,109.2,1.187568897,3.917966795
1800,109.225,1.187502674,3.917534195
1800,109.25,1.187436287,3.917100567
1800,109.275,1.187369735,3.916665912
1800,109.3,1.187303019,3.916230231
1800,109.325,1.187236139,3.915793526
1800,109.35,1.187169095,3.915355797
1800,109.375,1.187101888,3.914917046
1800,109.4,1.187034516,3.914477273
1800,109.425,1.186966982,3.91403648
1800,109.45,1.186899283,3.913594668
1800,109.475,1.186831422,3.913151839
1800,109.5,1.186763397,3.912707992
1800,109.525,1.186695209,3.91226313
1800,109.55,1.186626858,3.911817253
1800,109.575,1.186558345,3.911370363
1800,109.6,1.186489669,3.91092246
1800,109.625,1.18642083,3.910473547
1800,109.65,1.186351829,3.910023623
1800,109.675,1.186282665,3.909572691
1800,109.7,1.186213339,3.909120751
1800,109.725,1.186143852,3.908667805
1800,109.75,1.186074202,3.908213853
1800,109.775,1.186004391,3.907758897
1800,109.8,1.185934417,3.907302938
1800,109.825,1.185864283,3.906845977
1800,109.85,1.185793987,3.906388015
1800,109.875,1.185723529,3.905929054
1800,109.9,1.185652911,3.905469095
1800,109.925,1.185582131,3.905008138
1800,109.95,1.185511191,3.904546185
1800,109.975,1.185440089,3.904083238
1800,110,1.185368827,3.903619296
1800,110.025,1.185297405,3.903154362
1800,110.05,1.185225822,3.902688437
1800,110.075,1.185154079,3.902221522
1800,110.1,1.185082176,3.901753617
1800,110.125,1.185010113,3.901284725
1800,110.15,1.184937889,3.900814846
1800,110.175,1.184865507,3.900343982
1800,110.2,1.184792964,3.899872134
1800,110.225,1.184720262,3.899399302
1800,110.25,1.184647401,3.898925489
1800,110.275,1.18457438,3.898450694
1800,110.3,1.184501201,3.897974921
1800,110.325,1.184427862,3.897498169
1800,110.35,1.184354365,3.89702044
1800,110.375,1.184280709,3.896541735
1800,110.4,1.184206894,3.896062056
1800,110.425,1.184132922,3.895581403
1800,110.45,1.18405879,3.895099778
1800,110.475,1.183984501,3.894617181
1800,110.5,1.183910053,3.894133615
1800,110.525,1.183835448,3.893649081
1800,110.55,1.183760685,3.893163579
1800,110.575,1.183685764,3.89267711
1800,110.6,1.183610686,3.892189677
1800,110.625,1.183535451,3.89170128
1800,110.65,1.183460058,3.89121192
1800,110.675,1.183384508,3.890721599
1800,110.7,1.183308802,3.890230318
1800,110.725,1.183232938,3.889738078
1800,110.75,1.183156918,3.88924488
1800,110.775,1.183080741,3.888750726
1800,110.8,1.183004408,3.888255617
1800,110.825,1.182927919,3.887759554
1800,110.85,1.182851274,3.887262538
1800,110.875,1.182774472,3.886764571
1800,110.9,1.182697515,3.886265653
1800,110.925,1.182620402,3.885765787
1800,110.95,1.182543134,3.885264972
1800,110.975,1.18246571,3.884763211
1800,111,1.182388131,3.884260505
1800,111.025,1.182310396,3.883756855
1800,111.05,1.182232507,3.883252262
1800,111.075,1.182154463,3.882746727
1800,111.1,1.182076264,3.882240253
1800,111.125,1.181997911,3.881732839
1800,111.15,1.181919403,3.881224487
1800,111.175,1.181840741,3.880715199
1800,111.2,1.181761924,3.880204975
1800,111.225,1.181682954,3.879693818
1800,111.25,1.18160383,3.879181728
1800,111.275,1.181524552,3.878668706
1800,111.3,1.18144512,3.878154754
1800,111.325,1.181365536,3.877639873
1800,111.35,1.181285797,3.877124065
1800,111.375,1.181205906,3.87660733
1800,111.4,1.181125861,3.87608967
1800,111.425,1.181045664,3.875571086
1800,111.45,1.180965314,3.875051579
1800,111.475,1.180884812,3.874531151
1800,111.5,1.180804157,3.874009803
1800,111.525,1.180723349,3.873487536
1800,111.55,1.18064239,3.872964352
1800,111.575,1.180561278,3.872440251
1800,111.6,1.180480015,3.871915236
1800,111.625,1.1803986,3.871389307
1800,111.65,1.180317033,3.870862465
1800,111.675,1.180235315,3.870334713
1800,111.7,1.180153446,3.86980605
1800,111.725,1.180071426,3.869276479
1800,111.75,1.179989254,3.868746001
1800,111.775,1.179906932,3.868214617
1800,111.8,1.179824459,3.867682328
1800,111.825,1.179741836,3.867149136
1800,111.85,1.179659062,3.866615042
1800,111.875,1.179576138,3.866080047
1800,111.9,1.179493063,3.865544153
1800,111.925,1.179409839,3.86500736
1800,111.95,1.179326465,3.864469671
1800,111.975,1.179242942,3.863931086
1800,112,1.179159269,3.863391607
1800,112.025,1.179075446,3.862851235
1800,112.05,1.178991475,3.862309971
1800,112.075,1.178907354,3.861767817
1800,112.1,1.178823084,3.861224774
1800,112.125,1.178738666,3.860680843
1800,112.15,1.178654099,3.860136026
1800,112.175,1.178569384,3.859590323
1800,112.2,1.17848452,3.859043737
1800,112.225,1.178399508,3.858496269
1800,112.25,1.178314348,3.857947919
1800,112.275,1.178229041,3.85739869
1800,112.3,1.178143585,3.856848582
1800,112.325,1.178057983,3.856297597
1800,112.35,1.177972232,3.855745736
1800,112.375,1.177886335,3.855193
1800,112.4,1.17780029,3.854639391
1800,112.425,1.177714099,3.854084911
1800,112.45,1.17762776,3.85352956
1800,112.475,1.177541275,3.852973339
1800,112.5,1.177454644,3.852416251
1800,112.525,1.177367866,3.851858296
1800,112.55,1.177280942,3.851299476
1800,112.575,1.177193873,3.850739792
1800,112.6,1.177106657,3.850179246
1800,112.625,1.177019295,3.849617838
1800,112.65,1.176931788,3.84905557
1800,112.675,1.176844136,3.848492444
1800,112.7,1.176756338,3.847928461
1800,112.725,1.176668396,3.847363622
1800,112.75,1.176580308,3.846797928
1800,112.775,1.176492076,3.846231381
1800,112.8,1.176403699,3.845663982
1800,112.825,1.176315178,3.845095733
1800,112.85,1.176226512,3.844526634
1800,112.875,1.176137702,3.843956688
1800,112.9,1.176048748,3.843385895
1800,112.925,1.175959651,3.842814258
1800,112.95,1.17587041,3.842241776
1800,112.975,1.175781025,3.841668452
1800,113,1.175691497,3.841094287
1800,113.025,1.175601825,3.840519282
1800,113.05,1.175512011,3.839943439
1800,113.075,1.175422054,3.839366759
1800,113.1,1.175331954,3.838789243
1800,113.125,1.175241711,3.838210893
1800,113.15,1.175151327,3.83763171
1800,113.175,1.175060799,3.837051696
1800,113.2,1.17497013,3.836470851
1800,113.225,1.174879319,3.835889178
1800,113.25,1.174788366,3.835306677
1800,113.275,1.174697272,3.83472335
1800,113.3,1.174606036,3.834139198
1800,113.325,1.174514659,3.833554223
1800,113.35,1.174423141,3.832968426
1800,113.375,1.174331482,3.832381808
1800,113.4,1.174239682,3.831794371
1800,113.425,1.174147741,3.831206116
1800,113.45,1.17405566,3.830617045
1800,113.475,1.173963439,3.830027158
1800,113.5,1.173871077,3.829436458
1800,113.525,1.173778576,3.828844945
1800,113.55,1.173685935,3.828252621
1800,113.575,1.173593154,3.827659488
1800,113.6,1.173500233,3.827065546
1800,113.625,1.173407174,3.826470797
1800,113.65,1.173313975,3.825875243
1800,113.675,1.173220637,3.825278885
1800,113.7,1.17312716,3.824681723
1800,113.725,1.173033545,3.824083761
1800,113.75,1.172939791,3.823484998
1800,113.775,1.172845899,3.822885437
1800,113.8,1.172751868,3.822285079
1800,113.825,1.1726577,3.821683925
1800,113.85,1.172563394,3.821081976
1800,113.875,1.17246895,3.820479234
1800,113.9,1.172374368,3.819875701
1800,113.925,1.17227965,3.819271377
1800,113.95,1.172184794,3.818666264
1800,113.975,1.172089801,3.818060364
1800,114,1.171994671,3.817453678
1800,114.025,1.171899405,3.816846207
1800,114.05,1.171804002,3.816237952
1800,114.075,1.171708462,3.815628916
1800,114.1,1.171612787,3.815019099
1800,114.125,1.171516975,3.814408503
1800,114.15,1.171421028,3.813797129
1800,114.175,1.171324945,3.813184978
1800,114.2,1.171228727,3.812572053
1800,114.225,1.171132373,3.811958354
1800,114.25,1.171035884,3.811343883
1800,114.275,1.17093926,3.810728641
1800,114.3,1.170842501,3.81011263
1800,114.325,1.170745607,3.809495851
1800,114.35,1.170648579,3.808878305
1800,114.375,1.170551417,3.808259994
1800,114.4,1.170454121,3.807640919
1800,114.425,1.17035669,3.807021082
1800,114.45,1.170259126,3.806400483
1800,114.475,1.170161428,3.805779126
1800,114.5,1.170063597,3.80515701
1800,114.525,1.169965632,3.804534137
1800,114.55,1.169867534,3.803910509
1800,114.575,1.169769303,3.803286127
1800,114.6,1.16967094,3.802660992
1800,114.625,1.169572444,3.802035106
1800,114.65,1.169473815,3.801408471
1800,114.675,1.169375054,3.800781087
1800,114.7,1.169276161,3.800152956
1800,114.725,1.169177136,3.79952408
1800,114.75,1.16907798,3.79889446
1800,114.775,1.168978691,3.798264097
1800,114.8,1.168879272,3.797632993
1800,114.825,1.168779721,3.797001148
1800,114.85,1.168680039,3.796368566
1800,114.875,1.168580226,3.795735246
1800,114.9,1.168480282,3.795101191
1800,114.925,1.168380208,3.794466402
1800,114.95,1.168280004,3.79383088
1800,114.975,1.168179669,3.793194626
1800,115,1.168079204,3.792557643
1800,115.025,1.16797861,3.791919931
1800,115.05,1.167877885,3.791281492
1800,115.075,1.167777031,3.790642327
1800,115.1,1.167676048,3.790002438
1800,115.125,1.167574936,3.789361826
1800,115.15,1.167473695,3.788720493
1800,115.175,1.167372325,3.788078439
1800,115.2,1.167270826,3.787435667
1800,115.225,1.167169199,3.786792178
1800,115.25,1.167067444,3.786147973
1800,115.275,1.16696556,3.785503054
1800,115.3,1.166863549,3.784857422
1800,115.325,1.16676141,3.784211078
1800,115.35,1.166659143,3.783564025
1800,115.375,1.166556749,3.782916262
1800,115.4,1.166454228,3.782267793
1800,115.425,1.166351579,3.781618618
1800,115.45,1.166248804,3.780968738
1800,115.475,1.166145902,3.780318156
1800,115.5,1.166042874,3.779666872
1800,115.525,1.165939719,3.779014887
1800,115.55,1.165836438,3.778362205
1800,115.575,1.165733031,3.777708825
1800,115.6,1.165629498,3.777054749
1800,115.625,1.16552584,3.776399979
1800,115.65,1.165422056,3.775744516
1800,115.675,1.165318147,3.775088361
1800,115.7,1.165214113,3.774431516
1800,115.725,1.165109954,3.773773983
1800,115.75,1.165005671,3.773115762
1800,115.775,1.164901262,3.772456856
1800,115.8,1.16479673,3.771797265
1800,115.825,1.164692073,3.771136992
1800,115.85,1.164587292,3.770476036
1800,115.875,1.164482388,3.769814401
1800,115.9,1.16437736,3.769152087
1800,115.925,1.164272208,3.768489096
1800,115.95,1.164166933,3.767825429
1800,115.975,1.164061535,3.767161088
1800,116,1.163956014,3.766496074
1800,116.025,1.16385037,3.765830389
1800,116.05,1.163744604,3.765164033
1800,116.075,1.163638715,3.764497009
1800,116.1,1.163532704,3.763829317
1800,116.125,1.163426571,3.76316096
1800,116.15,1.163320317,3.762491939
1800,116.175,1.16321394,3.761822255
1800,116.2,1.163107442,3.761151909
1800,116.225,1.163000823,3.760480903
1800,116.25,1.162894083,3.759809239
1800,116.275,1.162787222,3.759136918
1800,116.3,1.16268024,3.758463941
1800,116.325,1.162573137,3.757790309
1800,116.35,1.162465915,3.757116025
1800,116.375,1.162358572,3.75644109
1800,116.4,1.162251109,3.755765504
1800,116.425,1.162143526,3.75508927
1800,116.45,1.162035823,3.754412389
1800,116.475,1.161928001,3.753734862
1800,116.5,1.16182006,3.753056692
1800,116.525,1.161712,3.752377878
1800,116.55,1.161603821,3.751698423
1800,116.575,1.161495523,3.751018328
1800,116.6,1.161387106,3.750337595
1800,116.625,1.161278572,3.749656225
1800,116.65,1.161169919,3.748974219
1800,116.675,1.161061148,3.748291579
1800,116.7,1.160952259,3.747608306
1800,116.725,1.160843253,3.746924402
1800,116.75,1.160734129,3.746239868
1800,116.775,1.160624888,3.745554706
1800,116.8,1.16051553,3.744868917
1800,116.825,1.160406055,3.744182503
1800,116.85,1.160296463,3.743495464
1800,116.875,1.160186755,3.742807803
1800,116.9,1.160076931,3.74211952
1800,116.925,1.15996699,3.741430618
1800,116.95,1.159856934,3.740741097
1800,116.975,1.159746762,3.74005096
1800,117,1.159636474,3.739360207
1800,117.025,1.159526071,3.738668841
1800,117.05,1.159415552,3.737976861
1800,117.075,1.159304919,3.737284271
1800,117.1,1.159194171,3.736591071
1800,117.125,1.159083308,3.735897262
1800,117.15,1.158972331,3.735202847
1800,117.175,1.158861239,3.734507827
1800,117.2,1.158750034,3.733812202
1800,117.225,1.158638714,3.733115975
1800,117.25,1.158527281,3.732419147
1800,117.275,1.158415735,3.73172172
1800,117.3,1.158304075,3.731023694
1800,117.325,1.158192302,3.730325072
1800,117.35,1.158080416,3.729625854
1800,117.375,1.157968417,3.728926043
1800,117.4,1.157856306,3.728225639
1800,117.425,1.157744082,3.727524644
1800,117.45,1.157631746,3.726823059
1800,117.475,1.157519298,3.726120887
1800,117.5,1.157406739,3.725418128
1800,117.525,1.157294067,3.724714783
1800,117.55,1.157181285,3.724010855
1800,117.575,1.157068391,3.723306345
1800,117.6,1.156955386,3.722601253
1800,117.625,1.15684227,3.721895583
1800,117.65,1.156729044,3.721189334
1800,117.675,1.156615707,3.720482508
1800,117.7,1.15650226,3.719775108
1800,117.725,1.156388703,3.719067134
1800,117.75,1.156275035,3.718358587
1800,117.775,1.156161258,3.71764947
1800,117.8,1.156047372,3.716939783
1800,117.825,1.155933376,3.716229528
1800,117.85,1.155819272,3.715518707
1800,117.875,1.155705058,3.71480732
1800,117.9,1.155590735,3.71409537
1800,117.925,1.155476304,3.713382858
1800,117.95,1.155361765,3.712669785
1800,117.975,1.155247117,3.711956153
1800,118,1.155132361,3.711241963
1800,118.025,1.155017498,3.710527216
1800,118.05,1.154902527,3.709811914
1800,118.075,1.154787448,3.709096059
1800,118.1,1.154672263,3.708379651
1800,118.125,1.15455697,3.707662693
1800,118.15,1.154441571,3.706945186
1800,118.175,1.154326064,3.70622713
1800,118.2,1.154210452,3.705508528
1800,118.225,1.154094733,3.704789382
1800,118.25,1.153978908,3.704069691
1800,118.275,1.153862977,3.703349459
1800,118.3,1.153746941,3.702628685
1800,118.325,1.153630799,3.701907373
1800,118.35,1.153514552,3.701185523
1800,118.375,1.153398199,3.700463136
1800,118.4,1.153281742,3.699740214
1800,118.425,1.15316518,3.699016759
1800,118.45,1.153048514,3.698292772
1800,118.475,1.152931743,3.697568254
1800,118.5,1.152814868,3.696843207
1800,118.525,1.152697889,3.696117632
1800,118.55,1.152580807,3.69539153
1800,118.575,1.152463621,3.694664904
1800,118.6,1.152346331,3.693937754
1800,118.625,1.152228939,3.693210082
1800,118.65,1.152111443,3.692481889
1800,118.675,1.151993845,3.691753177
1800,118.7,1.151876144,3.691023947
1800,118.725,1.151758341,3.690294201
1800,118.75,1.151640435,3.68956394
1800,118.775,1.151522428,3.688833166
1800,118.8,1.151404319,3.688101879
1800,118.825,1.151286108,3.687370082
1800,118.85,1.151167796,3.686637775
1800,118.875,1.151049382,3.685904961
1800,118.9,1.150930868,3.68517164
1800,118.925,1.150812253,3.684437814
1800,118.95,1.150693537,3.683703484
1800,118.975,1.150574721,3.682968653
1800,119,1.150455804,3.682233321
1800,119.025,1.150336788,3.681497489
1800,119.05,1.150217671,3.68076116
1800,119.075,1.150098455,3.680024334
1800,119.1,1.14997914,3.679287013
1800,119.125,1.149859725,3.678549199
1800,119.15,1.149740212,3.677810892
1800,119.175,1.149620599,3.677072095
1800,119.2,1.149500888,3.676332808
1800,119.225,1.149381078,3.675593034
1800,119.25,1.149261171,3.674852772
1800,119.275,1.149141165,3.674112026
1800,119.3,1.149021061,3.673370796
1800,119.325,1.148900859,3.672629084
1800,119.35,1.14878056,3.671886892
1800,119.375,1.148660164,3.671144219
1800,119.4,1.148539671,3.670401069
1800,119.425,1.148419081,3.669657442
1800,119.45,1.148298394,3.66891334
1800,119.475,1.148177611,3.668168764
1800,119.5,1.148056731,3.667423716
1800,119.525,1.147935755,3.666678197
1800,119.55,1.147814684,3.665932208
1800,119.575,1.147693517,3.665185752
1800,119.6,1.147572254,3.664438829
1800,119.625,1.147450896,3.66369144
1800,119.65,1.147329443,3.662943587
1800,119.675,1.147207895,3.662195273
1800,119.7,1.147086252,3.661446497
1800,119.725,1.146964515,3.660697261
1800,119.75,1.146842683,3.659947567
1800,119.775,1.146720758,3.659197417
1800,119.8,1.146598738,3.658446811
1800,119.825,1.146476625,3.657695751
1800,119.85,1.146354418,3.656944238
1800,119.875,1.146232118,3.656192274
1800,119.9,1.146109725,3.655439861
1800,119.925,1.145987239,3.654686999
1800,119.95,1.145864661,3.65393369
1800,119.975,1.145741989,3.653179935
1800,120,1.145619226,3.652425736
1800,120.025,1.14549637,3.651671095
1800,120.05,1.145373423,3.650916012
1800,120.075,1.145250384,3.650160489
1800,120.1,1.145127253,3.649404528
1800,120.125,1.145004031,3.64864813
1800,120.15,1.144880718,3.647891295
1800,120.175,1.144757313,3.647134027
1800,120.2,1.144633819,3.646376325
1800,120.225,1.144510233,3.645618192
1800,120.25,1.144386558,3.644859629
1800,120.275,1.144262792,3.644100637
1800,120.3,1.144138936,3.643341217
1800,120.325,1.144014991,3.642581372
1800,120.35,1.143890956,3.641821102
1800,120.375,1.143766832,3.641060408
1800,120.4,1.143642619,3.640299293
1800,120.425,1.143518317,3.639537758
1800,120.45,1.143393926,3.638775803
1800,120.475,1.143269446,3.638013431
1800,120.5,1.143144879,3.637250643
1800,120.525,1.143020223,3.63648744
1800,120.55,1.142895479,3.635723823
1800,120.575,1.142770648,3.634959794
1800,120.6,1.142645729,3.634195355
1800,120.625,1.142520723,3.633430506
1800,120.65,1.14239563,3.632665249
1800,120.675,1.14227045,3.631899586
1800,120.7,1.142145183,3.631133518
1800,120.725,1.142019829,3.630367046
1800,120.75,1.14189439,3.629600171
1800,120.775,1.141768864,3.628832896
1800,120.8,1.141643252,3.628065221
1800,120.825,1.141517555,3.627297147
1800,120.85,1.141391772,3.626528677
1800,120.875,1.141265904,3.625759811
1800,120.9,1.141139951,3.624990551
1800,120.925,1.141013913,3.624220899
1800,120.95,1.14088779,3.623450855
1800,120.975,1.140761583,3.622680421
1800,121,1.140635292,3.621909599
1800,121.025,1.140508916,3.621138389
1800,121.05,1.140382457,3.620366793
1800,121.075,1.140255914,3.619594813
1800,121.1,1.140129287,3.61882245
1800,121.125,1.140002577,3.618049705
1800,121.15,1.139875784,3.61727658
1800,121.175,1.139748909,3.616503076
1800,121.2,1.13962195,3.615729194
1800,121.225,1.13949491,3.614954936
1800,121.25,1.139367786,3.614180303
1800,121.275,1.139240581,3.613405297
1800,121.3,1.139113294,3.612629918
1800,121.325,1.138985926,3.611854168
1800,121.35,1.138858476,3.611078049
1800,121.375,1.138730944,3.610301563
1800,121.4,1.138603332,3.609524709
1800,121.425,1.138475639,3.60874749
1800,121.45,1.138347865,3.607969907
1800,121.475,1.138220011,3.607191961
1800,121.5,1.138092076,3.606413654
1800,121.525,1.137964062,3.605634988
1800,121.55,1.137835968,3.604855962
1800,121.575,1.137707794,3.60407658
1800,121.6,1.13757954,3.603296841
1800,121.625,1.137451208,3.602516748
1800,121.65,1.137322796,3.601736302
1800,121.675,1.137194306,3.600955505
1800,121.7,1.137065737,3.600174356
1800,121.725,1.13693709,3.599392859
1800,121.75,1.136808364,3.598611014
1800,121.775,1.136679561,3.597828823
1800,121.8,1.13655068,3.597046286
1800,121.825,1.136421721,3.596263406
1800,121.85,1.136292684,3.595480184
1800,121.875,1.136163571,3.59469662
1800,121.9,1.136034381,3.593912717
1800,121.925,1.135905113,3.593128476
1800,121.95,1.13577577,3.592343898
1800,121.975,1.13564635,3.591558984
1800,122,1.135516853,3.590773735
1800,122.025,1.135387281,3.589988154
1800,122.05,1.135257633,3.589202241
1800,122.075,1.13512791,3.588415998
1800,122.1,1.134998111,3.587629426
1800,122.125,1.134868237,3.586842527
1800,122.15,1.134738288,3.586055301
1800,122.175,1.134608264,3.58526775
1800,122.2,1.134478166,3.584479876
1800,122.225,1.134347993,3.58369168
1800,122.25,1.134217747,3.582903162
1800,122.275,1.134087426,3.582114325
1800,122.3,1.133957032,3.58132517
1800,122.325,1.133826564,3.580535697
1800,122.35,1.133696023,3.579745909
1800,122.375,1.133565409,3.578955807
1800,122.4,1.133434722,3.578165392
1800,122.425,1.133303962,3.577374665
1800,122.45,1.13317313,3.576583628
1800,122.475,1.133042225,3.575792282
1800,122.5,1.132911249,3.575000629
1800,122.525,1.1327802,3.574208669
1800,122.55,1.13264908,3.573416404
1800,122.575,1.132517889,3.572623835
1800,122.6,1.132386626,3.571830964
1800,122.625,1.132255292,3.571037791
1800,122.65,1.132123887,3.570244319
1800,122.675,1.131992412,3.569450549
1800,122.7,1.131860866,3.568656481
1800,122.725,1.13172925,3.567862118
1800,122.75,1.131597563,3.56706746
1800,122.775,1.131465807,3.566272509
1800,122.8,1.131333982,3.565477266
1800,122.825,1.131202087,3.564681732
1800,122.85,1.131070122,3.56388591
1800,122.875,1.130938089,3.563089799
1800,122.9,1.130805987,3.562293401
1800,122.925,1.130673816,3.561496719
1800,122.95,1.130541577,3.560699752
1800,122.975,1.13040927,3.559902502
1800,123,1.130276895,3.559104971
1800,123.025,1.130144452,3.55830716
1800,123.05,1.130011941,3.55750907
1800,123.075,1.129879363,3.556710702
1800,123.1,1.129746718,3.555912058
1800,123.125,1.129614006,3.555113139
1800,123.15,1.129481227,3.554313947
1800,123.175,1.129348381,3.553514482
1800,123.2,1.129215469,3.552714746
1800,123.225,1.129082491,3.55191474
1800,123.25,1.128949447,3.551114466
1800,123.275,1.128816338,3.550313924
1800,123.3,1.128683162,3.549513117
1800,123.325,1.128549922,3.548712045
1800,123.35,1.128416616,3.547910709
1800,123.375,1.128283245,3.547109112
1800,123.4,1.12814981,3.546307253
1800,123.425,1.12801631,3.545505135
1800,123.45,1.127882746,3.544702759
1800,123.475,1.127749118,3.543900126
1800,123.5,1.127615426,3.543097238
1800,123.525,1.12748167,3.542294095
1800,123.55,1.12734785,3.541490698
1800,123.575,1.127213968,3.54068705
1800,123.6,1.127080022,3.539883152
1800,123.625,1.126946013,3.539079004
1800,123.65,1.126811942,3.538274608
1800,123.675,1.126677808,3.537469965
1800,123.7,1.126543612,3.536665077
1800,123.725,1.126409354,3.535859945
1800,123.75,1.126275034,3.53505457
1800,123.775,1.126140653,3.534248953
1800,123.8,1.12600621,3.533443095
1800,123.825,1.125871705,3.532636999
1800,123.85,1.12573714,3.531830664
1800,123.875,1.125602514,3.531024093
1800,123.9,1.125467827,3.530217287
1800,123.925,1.12533308,3.529410246
1800,123.95,1.125198272,3.528602973
1800,123.975,1.125063405,3.527795468
1800,124,1.124928478,3.526987733
1800,124.025,1.124793491,3.526179768
1800,124.05,1.124658445,3.525371576
1800,124.075,1.124523339,3.524563157
1800,124.1,1.124388175,3.523754513
1800,124.125,1.124252951,3.522945645
1800,124.15,1.12411767,3.522136554
1800,124.175,1.123982329,3.521327241
1800,124.2,1.123846931,3.520517708
1800,124.225,1.123711475,3.519707956
1800,124.25,1.123575961,3.518897986
1800,124.275,1.123440389,3.5180878
1800,124.3,1.12330476,3.517277398
1800,124.325,1.123169074,3.516466782
1800,124.35,1.123033331,3.515655953
1800,124.375,1.122897531,3.514844913
1800,124.4,1.122761674,3.514033662
1800,124.425,1.122625762,3.513222202
1800,124.45,1.122489793,3.512410534
1800,124.475,1.122353768,3.511598659
1800,124.5,1.122217687,3.510786579
1800,124.525,1.122081551,3.509974294
1800,124.55,1.12194536,3.509161807
1800,124.575,1.121809113,3.508349118
1800,124.6,1.121672812,3.507536228
1800,124.625,1.121536456,3.506723139
1800,124.65,1.121400045,3.505909851
1800,124.675,1.12126358,3.505096367
1800,124.7,1.121127061,3.504282687
1800,124.725,1.120990489,3.503468813
1800,124.75,1.120853862,3.502654745
1800,124.775,1.120717182,3.501840486
1800,124.8,1.120580449,3.501026036
1800,124.825,1.120443662,3.500211396
1800,124.85,1.120306823,3.499396567
1800,124.875,1.120169931,3.498581552
1800,124.9,1.120032987,3.497766351
1800,124.925,1.11989599,3.496950964
1800,124.95,1.119758941,3.496135395
1800,124.975,1.119621841,3.495319643
1800,125,1.119484689,3.49450371
1800,125.025,1.119347485,3.493687597
1800,125.05,1.11921023,3.492871305
1800,125.075,1.119072924,3.492054836
1800,125.1,1.118935568,3.49123819
1800,125.125,1.11879816,3.49042137
1800,125.15,1.118660702,3.489604375
1800,125.175,1.118523194,3.488787208
1800,125.2,1.118385636,3.487969869
1800,125.225,1.118248029,3.48715236
1800,125.25,1.118110371,3.486334682
1800,125.275,1.117972664,3.485516836
1800,125.3,1.117834908,3.484698823
1800,125.325,1.117697103,3.483880645
1800,125.35,1.117559249,3.483062302
1800,125.375,1.117421347,3.482243796
1800,125.4,1.117283396,3.481425128
1800,125.425,1.117145397,3.4806063
1800,125.45,1.11700735,3.479787311
1800,125.475,1.116869255,3.478968165
1800,125.5,1.116731113,3.478148861
1800,125.525,1.116592923,3.477329401
1800,125.55,1.116454686,3.476509786
1800,125.575,1.116316402,3.475690017
1800,125.6,1.116178072,3.474870096
1800,125.625,1.116039695,3.474050023
1800,125.65,1.115901271,3.4732298
1800,125.675,1.115762801,3.472409428
1800,125.7,1.115624286,3.471588909
1800,125.725,1.115485724,3.470768242
1800,125.75,1.115347117,3.46994743
1800,125.775,1.115208465,3.469126474
1800,125.8,1.115069767,3.468305375
1800,125.825,1.114931025,3.467484133
1800,125.85,1.114792238,3.466662751
1800,125.875,1.114653406,3.465841229
1800,125.9,1.11451453,3.465019568
1800,125.925,1.11437561,3.46419777
1800,125.95,1.114236646,3.463375836
1800,125.975,1.114097638,3.462553766
1800,126,1.113958586,3.461731563
1800,126.025,1.113819492,3.460909227
1800,126.05,1.113680354,3.460086759
1800,126.075,1.113541173,3.459264161
1800,126.1,1.11340195,3.458441434
1800,126.125,1.113262684,3.457618578
1800,126.15,1.113123375,3.456795595
1800,126.175,1.112984025,3.455972487
1800,126.2,1.112844632,3.455149253
1800,126.225,1.112705198,3.454325896
1800,126.25,1.112565723,3.453502417
1800,126.275,1.112426206,3.452678816
1800,126.3,1.112286648,3.451855095
1800,126.325,1.112147049,3.451031255
1800,126.35,1.11200741,3.450207297
1800,126.375,1.111867729,3.449383223
1800,126.4,1.111728009,3.448559032
1800,126.425,1.111588249,3.447734727
1800,126.45,1.111448448,3.446910309
1800,126.475,1.111308608,3.446085778
1800,126.5,1.111168728,3.445261137
1800,126.525,1.11102881,3.444436385
1800,126.55,1.110888852,3.443611524
1800,126.575,1.110748855,3.442786556
1800,126.6,1.110608819,3.441961481
1800,126.625,1.110468745,3.4411363
1800,126.65,1.110328633,3.440311015
1800,126.675,1.110188482,3.439485627
1800,126.7,1.110048294,3.438660137
1800,126.725,1.109908068,3.437834545
1800,126.75,1.109767804,3.437008854
1800,126.775,1.109627503,3.436183063
1800,126.8,1.109487165,3.435357175
1800,126.825,1.109346791,3.434531191
1800,126.85,1.109206379,3.43370511
1800,126.875,1.109065931,3.432878936
1800,126.9,1.108925447,3.432052668
1800,126.925,1.108784926,3.431226308
1800,126.95,1.10864437,3.430399856
1800,126.975,1.108503778,3.429573315
1800,127,1.108363151,3.428746685
1800,127.025,1.108222488,3.427919967
1800,127.05,1.10808179,3.427093162
1800,127.075,1.107941058,3.426266272
1800,127.1,1.10780029,3.425439297
1800,127.125,1.107659488,3.424612239
1800,127.15,1.107518652,3.423785098
1800,127.175,1.107377782,3.422957876
1800,127.2,1.107236877,3.422130574
1800,127.225,1.10709594,3.421303193
1800,127.25,1.106954968,3.420475734
1800,127.275,1.106813964,3.419648198
1800,127.3,1.106672926,3.418820586
1800,127.325,1.106531855,3.417992899
1800,127.35,1.106390752,3.417165139
1800,127.375,1.106249616,3.416337306
1800,127.4,1.106108448,3.415509401
1800,127.425,1.105967247,3.414681426
1800,127.45,1.105826015,3.413853382
1800,127.475,1.105684751,3.413025269
1800,127.5,1.105543456,3.412197089
1800,127.525,1.105402129,3.411368843
1800,127.55,1.105260771,3.410540532
1800,127.575,1.105119382,3.409712157
1800,127.6,1.104977963,3.408883719
1800,127.625,1.104836513,3.408055218
1800,127.65,1.104695032,3.407226658
1800,127.675,1.104553522,3.406398037
1800,127.7,1.104411982,3.405569357
1800,127.725,1.104270411,3.40474062
1800,127.75,1.104128812,3.403911826
1800,127.775,1.103987183,3.403082977
1800,127.8,1.103845525,3.402254073
1800,127.825,1.103703838,3.401425116
1800,127.85,1.103562122,3.400596106
1800,127.875,1.103420377,3.399767045
1800,127.9,1.103278605,3.398937933
1800,127.925,1.103136804,3.398108773
1800,127.95,1.102994975,3.397279564
1800,127.975,1.102853118,3.396450308
1800,128,1.102711234,3.395621005
1800,128.025,1.102569323,3.394791658
1800,128.05,1.102427384,3.393962267
1800,128.075,1.102285418,3.393132832
1800,128.1,1.102143426,3.392303356
1800,128.125,1.102001407,3.391473838
1800,128.15,1.101859361,3.390644281
1800,128.175,1.10171729,3.389814684
1800,128.2,1.101575192,3.38898505
1800,128.225,1.101433069,3.388155379
1800,128.25,1.10129092,3.387325673
1800,128.275,1.101148746,3.386495931
1800,128.3,1.101006546,3.385666156
1800,128.325,1.100864321,3.384836347
1800,128.35,1.100722072,3.384006508
1800,128.375,1.100579798,3.383176637
1800,128.4,1.100437499,3.382346737
1800,128.425,1.100295177,3.381516808
1800,128.45,1.10015283,3.380686851
1800,128.475,1.100010459,3.379856868
1800,128.5,1.099868065,3.379026859
1800,128.525,1.099725647,3.378196826
1800,128.55,1.099583207,3.377366769
1800,128.575,1.099440743,3.376536689
1800,128.6,1.099298256,3.375706588
1800,128.625,1.099155746,3.374876466
1800,128.65,1.099013214,3.374046325
1800,128.675,1.09887066,3.373216164
1800,128.7,1.098728083,3.372385987
1800,128.725,1.098585485,3.371555793
1800,128.75,1.098442865,3.370725583
1800,128.775,1.098300223,3.369895358
1800,128.8,1.098157561,3.36906512
1800,128.825,1.098014877,3.36823487
1800,128.85,1.097872172,3.367404607
1800,128.875,1.097729446,3.366574334
1800,128.9,1.0975867,3.365744052
1800,128.925,1.097443933,3.364913761
1800,128.95,1.097301147,3.364083462
1800,128.975,1.09715834,3.363253156
1800,129,1.097015514,3.362422845
1800,129.025,1.096872668,3.361592529
1800,129.05,1.096729802,3.360762209
1800,129.075,1.096586918,3.359931887
1800,129.1,1.096444014,3.359101562
1800,129.125,1.096301092,3.358271237
1800,129.15,1.096158151,3.357440912
1800,129.175,1.096015191,3.356610588
1800,129.2,1.095872213,3.355780267
1800,129.225,1.095729218,3.354949948
1800,129.25,1.095586204,3.354119633
1800,129.275,1.095443173,3.353289324
1800,129.3,1.095300124,3.35245902
1800,129.325,1.095157058,3.351628723
1800,129.35,1.095013975,3.350798434
1800,129.375,1.094870875,3.349968154
1800,129.4,1.094727759,3.349137884
1800,129.425,1.094584626,3.348307625
1800,129.45,1.094441476,3.347477377
1800,129.475,1.094298311,3.346647142
1800,129.5,1.094155129,3.345816921
1800,129.525,1.094011932,3.344986714
1800,129.55,1.093868719,3.344156523
1800,129.575,1.093725491,3.343326348
1800,129.6,1.093582248,3.34249619
1800,129.625,1.093438989,3.341666051
1800,129.65,1.093295716,3.340835932
1800,129.675,1.093152428,3.340005832
1800,129.7,1.093009126,3.339175754
1800,129.725,1.09286581,3.338345698
1800,129.75,1.09272248,3.337515665
1800,129.775,1.092579135,3.336685656
1800,129.8,1.092435777,3.335855672
1800,129.825,1.092292406,3.335025714
1800,129.85,1.092149022,3.334195782
1800,129.875,1.092005624,3.333365878
1800,129.9,1.091862213,3.332536003
1800,129.925,1.09171879,3.331706158
1800,129.95,1.091575354,3.330876343
1800,129.975,1.091431906,3.33004656
1800,130,1.091288445,3.329216809
1800,130.025,1.091144973,3.328387091
1800,130.05,1.091001489,3.327557408
1800,130.075,1.090857994,3.326727759
1800,130.1,1.090714487,3.325898147
1800,130.125,1.090570968,3.325068571
1800,130.15,1.090427439,3.324239034
1800,130.175,1.090283899,3.323409535
1800,130.2,1.090140348,3.322580076
1800,130.225,1.089996787,3.321750658
1800,130.25,1.089853216,3.320921281
1800,130.275,1.089709634,3.320091946
1800,130.3,1.089566043,3.319262655
1800,130.325,1.089422442,3.318433408
1800,130.35,1.089278831,3.317604206
1800,130.375,1.089135211,3.316775051
1800,130.4,1.088991582,3.315945942
1800,130.425,1.088847944,3.315116881
1800,130.45,1.088704297,3.314287868
1800,130.475,1.088560642,3.313458906
1800,130.5,1.088416978,3.312629994
1800,130.525,1.088273306,3.311801133
1800,130.55,1.088129626,3.310972324
1800,130.575,1.087985938,3.310143569
1800,130.6,1.087842242,3.309314868
1800,130.625,1.087698539,3.308486222
1800,130.65,1.087554829,3.307657631
1800,130.675,1.087411112,3.306829098
1800,130.7,1.087267387,3.306000622
1800,130.725,1.087123656,3.305172204
1800,130.75,1.086979919,3.304343846
1800,130.775,1.086836175,3.303515548
1800,130.8,1.086692425,3.302687311
1800,130.825,1.086548669,3.301859136
1800,130.85,1.086404907,3.301031024
1800,130.875,1.086261139,3.300202976
1800,130.9,1.086117366,3.299374992
1800,130.925,1.085973588,3.298547074
1800,130.95,1.085829804,3.297719222
1800,130.975,1.085686016,3.296891438
1800,131,1.085542223,3.296063721
1800,131.025,1.085398426,3.295236073
1800,131.05,1.085254624,3.294408495
1800,131.075,1.085110818,3.293580988
1800,131.1,1.084967008,3.292753552
1800,131.125,1.084823194,3.291926189
1800,131.15,1.084679377,3.291098899
1800,131.175,1.084535556,3.290271683
1800,131.2,1.084391732,3.289444541
1800,131.225,1.084247905,3.288617476
1800,131.25,1.084104075,3.287790487
1800,131.275,1.083960243,3.286963576
1800,131.3,1.083816408,3.286136743
1800,131.325,1.08367257,3.285309989
1800,131.35,1.08352873,3.284483315
1800,131.375,1.083384889,3.283656722
1800,131.4,1.083241046,3.28283021
1800,131.425,1.083097201,3.282003781
1800,131.45,1.082953354,3.281177436
1800,131.475,1.082809506,3.280351174
1800,131.5,1.082665658,3.279524998
1800,131.525,1.082521808,3.278698907
1800,131.55,1.082377958,3.277872903
1800,131.575,1.082234107,3.277046987
1800,131.6,1.082090256,3.276221159
1800,131.625,1.081946404,3.27539542
1800,131.65,1.081802553,3.274569771
1800,131.675,1.081658702,3.273744213
1800,131.7,1.081514851,3.272918747
1800,131.725,1.081371001,3.272093373
1800,131.75,1.081227151,3.271268092
1800,131.775,1.081083303,3.270442905
1800,131.8,1.080939455,3.269617813
1800,131.825,1.080795609,3.268792817
1800,131.85,1.080651764,3.267967918
1800,131.875,1.080507921,3.267143116
1800,131.9,1.08036408,3.266318412
1800,131.925,1.080220241,3.265493807
1800,131.95,1.080076403,3.264669301
1800,131.975,1.079932569,3.263844896
1800,132,1.079788736,3.263020593
1800,132.025,1.079644907,3.262196392
1800,132.05,1.07950108,3.261372294
1800,132.075,1.079357256,3.260548299
1800,132.1,1.079213436,3.259724409
1800,132.125,1.079069619,3.258900625
1800,132.15,1.078925805,3.258076946
1800,132.175,1.078781996,3.257253375
1800,132.2,1.07863819,3.256429911
1800,132.225,1.078494388,3.255606556
1800,132.25,1.078350591,3.25478331
1800,132.275,1.078206798,3.253960175
1800,132.3,1.07806301,3.25313715
1800,132.325,1.077919226,3.252314237
1800,132.35,1.077775448,3.251491436
1800,132.375,1.077631675,3.250668749
1800,132.4,1.077487907,3.249846175
1800,132.425,1.077344144,3.249023717
1800,132.45,1.077200387,3.248201374
1800,132.475,1.077056637,3.247379147
1800,132.5,1.076912892,3.246557038
1800,132.525,1.076769153,3.245735046
1800,132.55,1.076625421,3.244913173
1800,132.575,1.076481695,3.24409142
1800,132.6,1.076337977,3.243269787
1800,132.625,1.076194265,3.242448274
1800,132.65,1.07605056,3.241626884
1800,132.675,1.075906862,3.240805616
1800,132.7,1.075763172,3.239984471
1800,132.725,1.075619489,3.239163451
1800,132.75,1.075475815,3.238342555
1800,132.775,1.075332148,3.237521785
1800,132.8,1.075188489,3.236701141
1800,132.825,1.075044839,3.235880624
1800,132.85,1.074901197,3.235060235
1800,132.875,1.074757564,3.234239974
1800,132.9,1.074613939,3.233419843
1800,132.925,1.074470324,3.232599842
1800,132.95,1.074326717,3.231779972
1800,132.975,1.07418312,3.230960233
1800,133,1.074039533,3.230140627
1800,133.025,1.073895955,3.229321153
1800,133.05,1.073752387,3.228501814
1800,133.075,1.07360883,3.227682609
1800,133.1,1.073465282,3.226863539
1800,133.125,1.073321745,3.226044605
1800,133.15,1.073178218,3.225225808
1800,133.175,1.073034702,3.224407149
1800,133.2,1.072891196,3.223588628
1800,133.225,1.072747702,3.222770245
1800,133.25,1.072604219,3.221952003
1800,133.275,1.072460748,3.221133901
1800,133.3,1.072317288,3.22031594
1800,133.325,1.07217384,3.21949812
1800,133.35,1.072030403,3.218680444
1800,133.375,1.071886979,3.217862911
1800,133.4,1.071743567,3.217045521
1800,133.425,1.071600167,3.216228277
1800,133.45,1.07145678,3.215411178
1800,133.475,1.071313406,3.214594225
1800,133.5,1.071170044,3.213777419
1800,133.525,1.071026696,3.212960761
1800,133.55,1.070883361,3.212144251
1800,133.575,1.070740039,3.21132789
1800,133.6,1.070596731,3.210511679
1800,133.625,1.070453437,3.209695618
1800,133.65,1.070310156,3.208879709
1800,133.675,1.07016689,3.208063951
1800,133.7,1.070023638,3.207248346
1800,133.725,1.0698804,3.206432895
1800,133.75,1.069737177,3.205617597
1800,133.775,1.069593969,3.204802454
1800,133.8,1.069450776,3.203987466
1800,133.825,1.069307597,3.203172635
1800,133.85,1.069164434,3.20235796
1800,133.875,1.069021286,3.201543443
1800,133.9,1.068878154,3.200729084
1800,133.925,1.068735038,3.199914883
1800,133.95,1.068591938,3.199100843
1800,133.975,1.068448853,3.198286962
1800,134,1.068305785,3.197473243
1800,134.025,1.068162733,3.196659685
1800,134.05,1.068019698,3.195846289
1800,134.075,1.06787668,3.195033056
1800,134.1,1.067733679,3.194219987
1800,134.125,1.067590694,3.193407083
1800,134.15,1.067447727,3.192594343
1800,134.175,1.067304777,3.191781769
1800,134.2,1.067161845,3.190969362
1800,134.225,1.06701893,3.190157121
1800,134.25,1.066876034,3.189345049
1800,134.275,1.066733155,3.188533144
1800,134.3,1.066590295,3.187721409
1800,134.325,1.066447453,3.186909843
1800,134.35,1.06630463,3.186098448
1800,134.375,1.066161825,3.185287224
1800,134.4,1.066019039,3.184476172
1800,134.425,1.065876272,3.183665292
1800,134.45,1.065733525,3.182854585
1800,134.475,1.065590796,3.182044052
1800,134.5,1.065448087,3.181233693
1800,134.525,1.065305398,3.180423509
1800,134.55,1.065162729,3.179613501
1800,134.575,1.06502008,3.178803669
1800,134.6,1.064877451,3.177994014
1800,134.625,1.064734842,3.177184537
1800,134.65,1.064592254,3.176375239
1800,134.675,1.064449686,3.175566119
1800,134.7,1.064307139,3.174757179
1800,134.725,1.064164613,3.173948419
1800,134.75,1.064022108,3.173139839
1800,134.775,1.063879625,3.172331442
1800,134.8,1.063737163,3.171523226
1800,134.825,1.063594722,3.170715194
1800,134.85,1.063452303,3.169907345
1800,134.875,1.063309906,3.16909968
1800,134.9,1.063167532,3.168292199
1800,134.925,1.063025179,3.167484904
1800,134.95,1.062882849,3.166677795
1800,134.975,1.062740541,3.165870873
1800,135,1.062598257,3.165064138
1800,135.025,1.062455995,3.164257591
1800,135.05,1.062313756,3.163451232
1800,135.075,1.06217154,3.162645063
1800,135.1,1.062029347,3.161839083
1800,135.125,1.061887178,3.161033294
1800,135.15,1.061745033,3.160227695
1800,135.175,1.061602911,3.159422289
1800,135.2,1.061460814,3.158617074
1800,135.225,1.06131874,3.157812053
1800,135.25,1.061176691,3.157007225
1800,135.275,1.061034667,3.156202591
1800,135.3,1.060892666,3.155398151
1800,135.325,1.060750691,3.154593908
1800,135.35,1.060608741,3.15378986
1800,135.375,1.060466815,3.152986008
1800,135.4,1.060324915,3.152182354
1800,135.425,1.06018304,3.151378898
1800,135.45,1.060041191,3.15057564
1800,135.475,1.059899367,3.149772581
1800,135.5,1.059757569,3.148969721
1800,135.525,1.059615798,3.148167062
1800,135.55,1.059474052,3.147364603
1800,135.575,1.059332332,3.146562346
1800,135.6,1.05919064,3.145760291
1800,135.625,1.059048973,3.144958439
1800,135.65,1.058907334,3.144156789
1800,135.675,1.058765721,3.143355344
1800,135.7,1.058624135,3.142554103
1800,135.725,1.058482577,3.141753066
1800,135.75,1.058341046,3.140952236
1800,135.775,1.058199542,3.140151611
1800,135.8,1.058058066,3.139351193
1800,135.825,1.057916618,3.138550983
1800,135.85,1.057775198,3.13775098
1800,135.875,1.057633806,3.136951186
1800,135.9,1.057492443,3.136151601
1800,135.925,1.057351108,3.135352225
1800,135.95,1.057209801,3.13455306
1800,135.975,1.057068523,3.133754106
1800,136,1.056927274,3.132955363
1800,136.025,1.056786054,3.132156832
1800,136.05,1.056644863,3.131358513
1800,136.075,1.056503702,3.130560408
1800,136.1,1.05636257,3.129762516
1800,136.125,1.056221467,3.128964838
1800,136.15,1.056080395,3.128167375
1800,136.175,1.055939352,3.127370128
1800,136.2,1.055798339,3.126573096
1800,136.225,1.055657357,3.125776281
1800,136.25,1.055516405,3.124979683
1800,136.275,1.055375484,3.124183303
1800,136.3,1.055234593,3.123387141
1800,136.325,1.055093733,3.122591198
1800,136.35,1.054952904,3.121795473
1800,136.375,1.054812106,3.120999969
1800,136.4,1.054671339,3.120204685
1800,136.425,1.054530604,3.119409622
1800,136.45,1.054389901,3.118614781
1800,136.475,1.054249229,3.117820162
1800,136.5,1.054108589,3.117025765
1800,136.525,1.053967981,3.116231592
1800,136.55,1.053827405,3.115437642
1800,136.575,1.053686861,3.114643916
1800,136.6,1.05354635,3.113850416
1800,136.625,1.053405871,3.11305714
1800,136.65,1.053265425,3.112264091
1800,136.675,1.053125012,3.111471267
1800,136.7,1.052984632,3.110678671
1800,136.725,1.052844286,3.109886303
1800,136.75,1.052703972,3.109094162
1800,136.775,1.052563692,3.10830225
1800,136.8,1.052423446,3.107510567
1800,136.825,1.052283233,3.106719114
1800,136.85,1.052143054,3.105927891
1800,136.875,1.05200291,3.105136898
1800,136.9,1.051862799,3.104346137
1800,136.925,1.051722723,3.103555608
1800,136.95,1.051582681,3.102765311
1800,136.975,1.051442674,3.101975246
1800,137,1.051302701,3.101185415
1800,137.025,1.051162764,3.100395818
1800,137.05,1.051022861,3.099606455
1800,137.075,1.050882994,3.098817328
1800,137.1,1.050743162,3.098028435
1800,137.125,1.050603365,3.097239779
1800,137.15,1.050463605,3.096451358
1800,137.175,1.050323879,3.095663175
1800,137.2,1.05018419,3.09487523
1800,137.225,1.050044537,3.094087522
1800,137.25,1.04990492,3.093300053
1800,137.275,1.049765339,3.092512823
1800,137.3,1.049625795,3.091725832
1800,137.325,1.049486287,3.090939081
1800,137.35,1.049346816,3.090152571
1800,137.375,1.049207382,3.089366302
1800,137.4,1.049067985,3.088580274
1800,137.425,1.048928625,3.087794489
1800,137.45,1.048789302,3.087008946
1800,137.475,1.048650017,3.086223646
1800,137.5,1.048510769,3.085438589
1800,137.525,1.048371559,3.084653777
1800,137.55,1.048232387,3.083869209
1800,137.575,1.048093253,3.083084886
1800,137.6,1.047954157,3.082300808
1800,137.625,1.047815099,3.081516977
1800,137.65,1.04767608,3.080733392
1800,137.675,1.047537099,3.079950054
1800,137.7,1.047398157,3.079166964
1800,137.725,1.047259253,3.078384121
1800,137.75,1.047120389,3.077601527
1800,137.775,1.046981564,3.076819182
1800,137.8,1.046842778,3.076037086
1800,137.825,1.046704031,3.07525524
1800,137.85,1.046565324,3.074473644
1800,137.875,1.046426656,3.0736923
1800,137.9,1.046288028,3.072911206
1800,137.925,1.04614944,3.072130365
1800,137.95,1.046010892,3.071349775
1800,137.975,1.045872385,3.070569439
1800,138,1.045733917,3.069789355
1800,138.025,1.04559549,3.069009525
1800,138.05,1.045457104,3.06822995
1800,138.075,1.045318758,3.067450629
1800,138.1,1.045180453,3.066671563
1800,138.125,1.045042189,3.065892753
1800,138.15,1.044903967,3.065114198
1800,138.175,1.044765785,3.064335901
1800,138.2,1.044627645,3.06355786
1800,138.225,1.044489546,3.062780076
1800,138.25,1.044351489,3.062002551
1800,138.275,1.044213474,3.061225284
1800,138.3,1.044075501,3.060448275
1800,138.325,1.04393757,3.059671526
1800,138.35,1.043799681,3.058895036
1800,138.375,1.043661834,3.058118807
1800,138.4,1.04352403,3.057342838
1800,138.425,1.043386268,3.056567131
1800,138.45,1.043248549,3.055791684
1800,138.475,1.043110873,3.0550165
1800,138.5,1.042973239,3.054241578
1800,138.525,1.042835649,3.053466919
1800,138.55,1.042698102,3.052692524
1800,138.575,1.042560599,3.051918392
1800,138.6,1.042423138,3.051144524
1800,138.625,1.042285722,3.050370921
1800,138.65,1.042148349,3.049597583
1800,138.675,1.04201102,3.04882451
1800,138.7,1.041873735,3.048051704
1800,138.725,1.041736495,3.047279163
1800,138.75,1.041599298,3.04650689
1800,138.775,1.041462146,3.045734884
1800,138.8,1.041325038,3.044963145
1800,138.825,1.041187976,3.044191675
1800,138.85,1.041050957,3.043420473
1800,138.875,1.040913984,3.04264954
1800,138.9,1.040777056,3.041878877
1800,138.925,1.040640173,3.041108483
1800,138.95,1.040503335,3.04033836
1800,138.975,1.040366543,3.039568507
1800,139,1.040229796,3.038798926
1800,139.025,1.040093094,3.038029616
1800,139.05,1.039956439,3.037260577
1800,139.075,1.03981983,3.036491812
1800,139.1,1.039683266,3.035723319
1800,139.125,1.039546749,3.034955099
1800,139.15,1.039410278,3.034187153
1800,139.175,1.039273853,3.033419481
1800,139.2,1.039137475,3.032652083
1800,139.225,1.039001144,3.031884961
1800,139.25,1.038864859,3.031118113
1800,139.275,1.038728622,3.030351541
1800,139.3,1.038592431,3.029585246
1800,139.325,1.038456288,3.028819226
1800,139.35,1.038320191,3.028053484
1800,139.375,1.038184143,3.027288019
1800,139.4,1.038048141,3.026522832
1800,139.425,1.037912188,3.025757923
1800,139.45,1.037776282,3.024993292
1800,139.475,1.037640424,3.024228941
1800,139.5,1.037504614,3.023464868
1800,139.525,1.037368853,3.022701076
1800,139.55,1.037233139,3.021937563
1800,139.575,1.037097474,3.021174332
1800,139.6,1.036961858,3.020411381
1800,139.625,1.03682629,3.019648711
1800,139.65,1.03669077,3.018886323
1800,139.675,1.0365553,3.018124217
1800,139.7,1.036419879,3.017362394
1800,139.725,1.036284507,3.016600853
1800,139.75,1.036149184,3.015839596
1800,139.775,1.03601391,3.015078623
1800,139.8,1.035878686,3.014317933
1800,139.825,1.035743512,3.013557528
1800,139.85,1.035608387,3.012797408
1800,139.875,1.035473312,3.012037573
1800,139.9,1.035338287,3.011278023
1800,139.925,1.035203312,3.01051876
1800,139.95,1.035068388,3.009759783
1800,139.975,1.034933513,3.009001092
1800,140,1.034798689,3.008242689
1800,140.025,1.034663916,3.007484573
1800,140.05,1.034529193,3.006726745
1800,140.075,1.034394521,3.005969205
1800,140.1,1.0342599,3.005211954
1800,140.125,1.03412533,3.004454992
1800,140.15,1.033990811,3.003698319
1800,140.175,1.033856344,3.002941936
1800,140.2,1.033721927,3.002185842
1800,140.225,1.033587563,3.00143004
1800,140.25,1.033453249,3.000674528
1800,140.275,1.033318988,2.999919307
1800,140.3,1.033184778,2.999164378
1800,140.325,1.033050621,2.998409741
1800,140.35,1.032916515,2.997655396
1800,140.375,1.032782462,2.996901343
1800,140.4,1.03264846,2.996147584
1800,140.425,1.032514512,2.995394118
1800,140.45,1.032380616,2.994640945
1800,140.475,1.032246772,2.993888067
1800,140.5,1.032112981,2.993135483
1800,140.525,1.031979243,2.992383194
1800,140.55,1.031845558,2.9916312
1800,140.575,1.031711926,2.990879501
1800,140.6,1.031578348,2.990128099
1800,140.625,1.031444822,2.989376992
1800,140.65,1.031311351,2.988626182
1800,140.675,1.031177932,2.987875669
1800,140.7,1.031044567,2.987125453
1800,140.725,1.030911256,2.986375534
1800,140.75,1.030777999,2.985625914
1800,140.775,1.030644796,2.984876591
1800,140.8,1.030511647,2.984127567
1800,140.825,1.030378553,2.983378843
1800,140.85,1.030245512,2.982630417
1800,140.875,1.030112526,2.981882291
1800,140.9,1.029979595,2.981134465
1800,140.925,1.029846718,2.980386939
1800,140.95,1.029713896,2.979639714
1800,140.975,1.029581129,2.97889279
1800,141,1.029448417,2.978146167
1800,141.025,1.02931576,2.977399845
1800,141.05,1.029183158,2.976653826
1800,141.075,1.029050611,2.975908109
1800,141.1,1.02891812,2.975162694
1800,141.125,1.028785684,2.974417583
1800,141.15,1.028653305,2.973672774
1800,141.175,1.02852098,2.97292827
1800,141.2,1.028388712,2.972184069
1800,141.225,1.0282565,2.971440172
1800,141.25,1.028124343,2.97069658
1800,141.275,1.027992243,2.969953293
1800,141.3,1.027860199,2.969210311
1800,141.325,1.027728212,2.968467634
1800,141.35,1.027596281,2.967725263
1800,141.375,1.027464407,2.966983199
1800,141.4,1.027332589,2.966241441
1800,141.425,1.027200828,2.965499989
1800,141.45,1.027069124,2.964758845
1800,141.475,1.026937478,2.964018008
1800,141.5,1.026805888,2.963277479
1800,141.525,1.026674355,2.962537258
1800,141.55,1.02654288,2.961797345
1800,141.575,1.026411463,2.961057741
1800,141.6,1.026280102,2.960318446
1800,141.625,1.0261488,2.95957946
1800,141.65,1.026017555,2.958840784
1800,141.675,1.025886368,2.958102417
1800,141.7,1.02575524,2.957364361
1800,141.725,1.025624169,2.956626615
1800,141.75,1.025493156,2.95588918
1800,141.775,1.025362202,2.955152056
1800,141.8,1.025231306,2.954415244
1800,141.825,1.025100468,2.953678743
1800,141.85,1.02496969,2.952942554
1800,141.875,1.024838969,2.952206677
1800,141.9,1.024708308,2.951471113
1800,141.925,1.024577706,2.950735862
1800,141.95,1.024447162,2.950000924
1800,141.975,1.024316678,2.949266299
1800,142,1.024186252,2.948531988
1800,142.025,1.024055887,2.947797991
1800,142.05,1.02392558,2.947064309
1800,142.075,1.023795333,2.946330941
1800,142.1,1.023665146,2.945597888
1800,142.125,1.023535018,2.94486515
1800,142.15,1.02340495,2.944132727
1800,142.175,1.023274942,2.943400621
1800,142.2,1.023144994,2.94266883
1800,142.225,1.023015106,2.941937356
1800,142.25,1.022885278,2.941206198
1800,142.275,1.022755511,2.940475357
1800,142.3,1.022625804,2.939744833
1800,142.325,1.022496158,2.939014627
1800,142.35,1.022366572,2.938284739
1800,142.375,1.022237046,2.937555168
1800,142.4,1.022107582,2.936825916
1800,142.425,1.021978178,2.936096982
1800,142.45,1.021848836,2.935368367
1800,142.475,1.021719554,2.934640071
1800,142.5,1.021590334,2.933912095
1800,142.525,1.021461175,2.933184438
1800,142.55,1.021332077,2.932457101
1800,142.575,1.021203041,2.931730084
1800,142.6,1.021074066,2.931003388
1800,142.625,1.020945153,2.930277012
1800,142.65,1.020816302,2.929550957
1800,142.675,1.020687512,2.928825224
1800,142.7,1.020558785,2.928099812
1800,142.725,1.020430119,2.927374721
1800,142.75,1.020301516,2.926649953
1800,142.775,1.020172975,2.925925507
1800,142.8,1.020044496,2.925201384
1800,142.825,1.01991608,2.924477583
1800,142.85,1.019787726,2.923754105
1800,142.875,1.019659435,2.923030951
1800,142.9,1.019531206,2.92230812
1800,142.925,1.01940304,2.921585613
1800,142.95,1.019274937,2.920863431
1800,142.975,1.019146897,2.920141572
1800,143,1.01901892,2.919420038
1800,143.025,1.018891007,2.918698829
1800,143.05,1.018763156,2.917977945
1800,143.075,1.018635369,2.917257386
1800,143.1,1.018507645,2.916537153
1800,143.125,1.018379985,2.915817246
1800,143.15,1.018252388,2.915097665
1800,143.175,1.018124855,2.91437841
1800,143.2,1.017997386,2.913659481
1800,143.225,1.017869981,2.91294088
1800,143.25,1.01774264,2.912222605
1800,143.275,1.017615363,2.911504658
1800,143.3,1.01748815,2.910787038
1800,143.325,1.017361001,2.910069746
1800,143.35,1.017233916,2.909352782
1800,143.375,1.017106896,2.908636147
1800,143.4,1.016979941,2.907919839
1800,143.425,1.01685305,2.907203861
1800,143.45,1.016726224,2.906488211
1800,143.475,1.016599462,2.905772891
1800,143.5,1.016472766,2.9050579
1800,143.525,1.016346134,2.904343239
1800,143.55,1.016219567,2.903628907
1800,143.575,1.016093066,2.902914906
1800,143.6,1.01596663,2.902201235
1800,143.625,1.015840259,2.901487895
1800,143.65,1.015713953,2.900774885
1800,143.675,1.015587713,2.900062207
1800,143.7,1.015461539,2.899349859
1800,143.725,1.01533543,2.898637844
1800,143.75,1.015209386,2.897926159
1800,143.775,1.015083409,2.897214807
1800,143.8,1.014957498,2.896503787
1800,143.825,1.014831652,2.8957931
1800,143.85,1.014705873,2.895082744
1800,143.875,1.01458016,2.894372722
1800,143.9,1.014454513,2.893663033
1800,143.925,1.014328932,2.892953677
1800,143.95,1.014203418,2.892244654
1800,143.975,1.01407797,2.891535965
1800,144,1.013952589,2.89082761
1800,144.025,1.013827274,2.890119589
1800,144.05,1.013702027,2.889411903
1800,144.075,1.013576846,2.888704551
1800,144.1,1.013451732,2.887997534
1800,144.125,1.013326685,2.887290851
1800,144.15,1.013201705,2.886584504
1800,144.175,1.013076792,2.885878492
1800,144.2,1.012951946,2.885172816
1800,144.225,1.012827168,2.884467475
1800,144.25,1.012702457,2.883762471
1800,144.275,1.012577814,2.883057803
1800,144.3,1.012453238,2.882353471
1800,144.325,1.01232873,2.881649475
1800,144.35,1.01220429,2.880945817
1800,144.375,1.012079917,2.880242496
1800,144.4,1.011955612,2.879539511
1800,144.425,1.011831376,2.878836864
1800,144.45,1.011707207,2.878134555
1800,144.475,1.011583106,2.877432584
1800,144.5,1.011459074,2.87673095
1800,144.525,1.01133511,2.876029655
1800,144.55,1.011211214,2.875328698
1800,144.575,1.011087387,2.87462808
1800,144.6,1.010963628,2.873927801
1800,144.625,1.010839938,2.87322786
1800,144.65,1.010716317,2.872528259
1800,144.675,1.010592764,2.871828997
1800,144.7,1.01046928,2.871130074
1800,144.725,1.010345865,2.870431492
1800,144.75,1.010222519,2.869733249
1800,144.775,1.010099242,2.869035346
1800,144.8,1.009976035,2.868337784
1800,144.825,1.009852896,2.867640562
1800,144.85,1.009729827,2.866943681
1800,144.875,1.009606827,2.866247141
1800,144.9,1.009483897,2.865550942
1800,144.925,1.009361036,2.864855084
1800,144.95,1.009238244,2.864159567
1800,144.975,1.009115523,2.863464392
1800,145,1.008992871,2.862769559
1800,145.025,1.008870289,2.862075067
1800,145.05,1.008747777,2.861380918
1800,145.075,1.008625334,2.860687111
1800,145.1,1.008502962,2.859993647
1800,145.125,1.00838066,2.859300525
1800,145.15,1.008258428,2.858607746
1800,145.175,1.008136267,2.85791531
1800,145.2,1.008014176,2.857223218
1800,145.225,1.007892155,2.856531468
1800,145.25,1.007770205,2.855840062
1800,145.275,1.007648325,2.855149
1800,145.3,1.007526516,2.854458282
1800,145.325,1.007404777,2.853767908
1800,145.35,1.00728311,2.853077878
1800,145.375,1.007161513,2.852388192
1800,145.4,1.007039987,2.851698851
1800,145.425,1.006918532,2.851009855
1800,145.45,1.006797148,2.850321203
1800,145.475,1.006675836,2.849632897
1800,145.5,1.006554594,2.848944935
1800,145.525,1.006433424,2.84825732
1800,145.55,1.006312325,2.847570049
1800,145.575,1.006191298,2.846883124
1800,145.6,1.006070342,2.846196546
1800,145.625,1.005949457,2.845510313
1800,145.65,1.005828644,2.844824426
1800,145.675,1.005707903,2.844138886
1800,145.7,1.005587234,2.843453692
1800,145.725,1.005466637,2.842768845
1800,145.75,1.005346111,2.842084344
1800,145.775,1.005225657,2.841400191
1800,145.8,1.005105276,2.840716384
1800,145.825,1.004984966,2.840032925
1800,145.85,1.004864729,2.839349813
1800,145.875,1.004744564,2.838667049
1800,145.9,1.004624471,2.837984633
1800,145.925,1.004504451,2.837302564
1800,145.95,1.004384503,2.836620844
1800,145.975,1.004264627,2.835939471
1800,146,1.004144825,2.835258447
1800,146.025,1.004025094,2.834577771
1800,146.05,1.003905437,2.833897444
1800,146.075,1.003785852,2.833217466
1800,146.1,1.00366634,2.832537837
1800,146.125,1.003546901,2.831858556
1800,146.15,1.003427535,2.831179625
1800,146.175,1.003308242,2.830501043
1800,146.2,1.003189022,2.829822811
1800,146.225,1.003069876,2.829144928
1800,146.25,1.002950802,2.828467395
1800,146.275,1.002831802,2.827790212
1800,146.3,1.002712875,2.827113379
1800,146.325,1.002594022,2.826436896
1800,146.35,1.002475242,2.825760763
1800,146.375,1.002356535,2.825084981
1800,146.4,1.002237902,2.824409549
1800,146.425,1.002119343,2.823734468
1800,146.45,1.002000858,2.823059738
1800,146.475,1.001882446,2.822385359
1800,146.5,1.001764109,2.821711331
1800,146.525,1.001645845,2.821037654
1800,146.55,1.001527655,2.820364328
1800,146.575,1.001409539,2.819691354
1800,146.6,1.001291498,2.819018732
1800,146.625,1.00117353,2.818346461
1800,146.65,1.001055637,2.817674543
1800,146.675,1.000937818,2.817002976
1800,146.7,1.000820073,2.816331762
1800,146.725,1.000702403,2.815660899
1800,146.75,1.000584807,2.814990389
1800,146.775,1.000467286,2.814320232
1800,146.8,1.000349839,2.813650427
1800,146.825,1.000232467,2.812980975
1800,146.85,1.00011517,2.812311876
1800,146.875,0.9999979476,2.81164313
1800,146.9,0.9998808,2.810974737
1800,146.925,0.9997637272,2.810306697
1800,146.95,0.9996467293,2.809639011
1800,146.975,0.9995298065,2.808971678
1800,147,0.9994129587,2.808304699
1800,147.025,0.9992961861,2.807638073
1800,147.05,0.9991794886,2.806971801
1800,147.075,0.9990628663,2.806305883
1800,147.1,0.9989463194,2.80564032
1800,147.125,0.9988298478,2.80497511
1800,147.15,0.9987134516,2.804310255
1800,147.175,0.9985971308,2.803645754
1800,147.2,0.9984808856,2.802981607
1800,147.225,0.998364716,2.802317816
1800,147.25,0.9982486219,2.801654379
1800,147.275,0.9981326036,2.800991296
1800,147.3,0.998016661,2.800328569
1800,147.325,0.9979007942,2.799666197
1800,147.35,0.9977850033,2.79900418
1800,147.375,0.9976692883,2.798342518
1800,147.4,0.9975536492,2.797681212
1800,147.425,0.9974380861,2.797020261
1800,147.45,0.9973225991,2.796359666
1800,147.475,0.9972071883,2.795699426
1800,147.5,0.9970918536,2.795039543
1800,147.525,0.9969765951,2.794380015
1800,147.55,0.996861413,2.793720843
1800,147.575,0.9967463071,2.793062027
1800,147.6,0.9966312777,2.792403568
1800,147.625,0.9965163247,2.791745464
1800,147.65,0.9964014482,2.791087718
1800,147.675,0.9962866483,2.790430327
1800,147.7,0.996171925,2.789773294
1800,147.725,0.9960572783,2.789116617
1800,147.75,0.9959427083,2.788460296
1800,147.775,0.9958282151,2.787804333
1800,147.8,0.9957137987,2.787148727
1800,147.825,0.9955994591,2.786493478
1800,147.85,0.9954851965,2.785838585
1800,147.875,0.9953710108,2.785184051
1800,147.9,0.9952569021,2.784529873
1800,147.925,0.9951428705,2.783876053
1800,147.95,0.995028916,2.783222591
1800,147.975,0.9949150387,2.782569486
1800,148,0.9948012386,2.781916739
1800,148.025,0.9946875158,2.78126435
1800,148.05,0.9945738702,2.780612318
1800,148.075,0.9944603021,2.779960645
1800,148.1,0.9943468113,2.77930933
1800,148.125,0.994233398,2.778658373
1800,148.15,0.9941200622,2.778007774
1800,148.175,0.994006804,2.777357533
1800,148.2,0.9938936233,2.776707651
1800,148.225,0.9937805203,2.776058127
1800,148.25,0.9936674951,2.775408962
1800,148.275,0.9935545475,2.774760156
1800,148.3,0.9934416778,2.774111708
1800,148.325,0.9933288859,2.77346362
1800,148.35,0.9932161719,2.77281589
1800,148.375,0.9931035358,2.772168519
1800,148.4,0.9929909777,2.771521507
1800,148.425,0.9928784977,2.770874854
1800,148.45,0.9927660957,2.770228561
1800,148.475,0.9926537718,2.769582627
1800,148.5,0.9925415261,2.768937052
1800,148.525,0.9924293586,2.768291837
1800,148.55,0.9923172694,2.767646981
1800,148.575,0.9922052585,2.767002485
1800,148.6,0.9920933259,2.766358348
1800,148.625,0.9919814717,2.765714572
1800,148.65,0.9918696959,2.765071155
1800,148.675,0.9917579987,2.764428098
1800,148.7,0.9916463799,2.763785401
1800,148.725,0.9915348398,2.763143064
1800,148.75,0.9914233782,2.762501087
1800,148.775,0.9913119953,2.76185947
1800,148.8,0.9912006911,2.761218213
1800,148.825,0.9910894656,2.760577317
1800,148.85,0.9909783189,2.759936782
1800,148.875,0.9908672511,2.759296606
1800,148.9,0.9907562621,2.758656791
1800,148.925,0.990645352,2.758017337
1800,148.95,0.9905345209,2.757378244
1800,148.975,0.9904237688,2.756739511
1800,149,0.9903130957,2.756101139
1800,149.025,0.9902025017,2.755463127
1800,149.05,0.9900919869,2.754825477
1800,149.075,0.9899815512,2.754188188
1800,149.1,0.9898711946,2.753551259
1800,149.125,0.9897609174,2.752914692
1800,149.15,0.9896507194,2.752278486
1800,149.175,0.9895406008,2.751642641
1800,149.2,0.9894305615,2.751007157
1800,149.225,0.9893206016,2.750372035
1800,149.25,0.9892107212,2.749737274
1800,149.275,0.9891009202,2.749102874
1800,149.3,0.9889911988,2.748468836
1800,149.325,0.9888815569,2.74783516
1800,149.35,0.9887719946,2.747201845
1800,149.375,0.988662512,2.746568892
1800,149.4,0.9885531091,2.7459363
1800,149.425,0.9884437859,2.745304071
1800,149.45,0.9883345424,2.744672203
1800,149.475,0.9882253787,2.744040697
1800,149.5,0.9881162949,2.743409552
1800,149.525,0.9880072909,2.74277877
1800,149.55,0.9878983668,2.74214835
1800,149.575,0.9877895227,2.741518292
1800,149.6,0.9876807586,2.740888596
1800,149.625,0.9875720744,2.740259262
1800,149.65,0.9874634704,2.739630291
1800,149.675,0.9873549464,2.739001682
1800,149.7,0.9872465025,2.738373435
1800,149.725,0.9871381388,2.73774555
1800,149.75,0.9870298553,2.737118028
1800,149.775,0.9869216521,2.736490868
1800,149.8,0.9868135291,2.735864071
1800,149.825,0.9867054864,2.735237636
1800,149.85,0.9865975241,2.734611564
1800,149.875,0.9864896421,2.733985854
1800,149.9,0.9863818405,2.733360508
1800,149.925,0.9862741194,2.732735523
1800,149.95,0.9861664788,2.732110902
1800,149.975,0.9860589186,2.731486643
1800,150,0.9859514391,2.730862748
1800,150.025,0.9858440401,2.730239215
1800,150.05,0.9857367217,2.729616045
1800,150.075,0.9856294839,2.728993238
1800,150.1,0.9855223269,2.728370794
1800,150.125,0.9854152505,2.727748713
1800,150.15,0.9853082549,2.727126995
1800,150.175,0.9852013401,2.72650564
1800,150.2,0.985094506,2.725884648
1800,150.225,0.9849877529,2.72526402
1800,150.25,0.9848810806,2.724643754
1800,150.275,0.9847744892,2.724023852
1800,150.3,0.9846679787,2.723404313
1800,150.325,0.9845615492,2.722785138
1800,150.35,0.9844552007,2.722166325
1800,150.375,0.9843489332,2.721547876
1800,150.4,0.9842427468,2.720929791
1800,150.425,0.9841366415,2.720312069
1800,150.45,0.9840306173,2.71969471
1800,150.475,0.9839246743,2.719077715
1800,150.5,0.9838188125,2.718461083
1800,150.525,0.9837130318,2.717844815
1800,150.55,0.9836073324,2.717228911
1800,150.575,0.9835017143,2.71661337
1800,150.6,0.9833961775,2.715998193
1800,150.625,0.983290722,2.715383379
1800,150.65,0.9831853478,2.714768929
1800,150.675,0.9830800551,2.714154843
1800,150.7,0.9829748438,2.71354112
1800,150.725,0.9828697139,2.712927761
1800,150.75,0.9827646655,2.712314766
1800,150.775,0.9826596985,2.711702135
1800,150.8,0.9825548132,2.711089867
1800,150.825,0.9824500093,2.710477964
1800,150.85,0.9823452871,2.709866424
1800,150.875,0.9822406464,2.709255248
1800,150.9,0.9821360874,2.708644436
1800,150.925,0.9820316101,2.708033988
1800,150.95,0.9819272145,2.707423904
1800,150.975,0.9818229005,2.706814184
1800,151,0.9817186684,2.706204827
1800,151.025,0.9816145179,2.705595835
1800,151.05,0.9815104493,2.704987207
1800,151.075,0.9814064625,2.704378943
1800,151.1,0.9813025576,2.703771042
1800,151.125,0.9811987345,2.703163506
1800,151.15,0.9810949933,2.702556334
1800,151.175,0.9809913341,2.701949526
1800,151.2,0.9808877568,2.701343082
1800,151.225,0.9807842614,2.700737002
1800,151.25,0.9806808481,2.700131287
1800,151.275,0.9805775168,2.699525935
1800,151.3,0.9804742675,2.698920948
1800,151.325,0.9803711003,2.698316325
1800,151.35,0.9802680151,2.697712066
1800,151.375,0.9801650121,2.697108171
1800,151.4,0.9800620913,2.69650464
1800,151.425,0.9799592526,2.695901473
1800,151.45,0.9798564961,2.695298671
1800,151.475,0.9797538218,2.694696233
1800,151.5,0.9796512297,2.694094159
1800,151.525,0.9795487198,2.693492449
1800,151.55,0.9794462923,2.692891104
1800,151.575,0.979343947,2.692290123
1800,151.6,0.9792416841,2.691689506
1800,151.625,0.9791395035,2.691089253
1800,151.65,0.9790374053,2.690489365
1800,151.675,0.9789353894,2.689889841
1800,151.7,0.978833456,2.689290681
1800,151.725,0.9787316049,2.688691885
1800,151.75,0.9786298363,2.688093454
1800,151.775,0.9785281502,2.687495387
1800,151.8,0.9784265466,2.686897684
1800,151.825,0.9783250255,2.686300345
1800,151.85,0.9782235869,2.685703371
1800,151.875,0.9781222308,2.685106761
1800,151.9,0.9780209574,2.684510515
1800,151.925,0.9779197665,2.683914634
1800,151.95,0.9778186582,2.683319116
1800,151.975,0.9777176325,2.682723963
1800,152,0.9776166895,2.682129175
1800,152.025,0.9775158291,2.68153475
1800,152.05,0.9774150514,2.68094069
1800,152.075,0.9773143565,2.680346994
1800,152.1,0.9772137442,2.679753663
1800,152.125,0.9771132147,2.679160695
1800,152.15,0.9770127679,2.678568092
1800,152.175,0.9769124039,2.677975853
1800,152.2,0.9768121226,2.677383979
1800,152.225,0.9767119242,2.676792468
1800,152.25,0.9766118086,2.676201322
1800,152.275,0.9765117759,2.67561054
1800,152.3,0.976411826,2.675020122
1800,152.325,0.976311959,2.674430069
1800,152.35,0.9762121748,2.673840379
1800,152.375,0.9761124736,2.673251054
1800,152.4,0.9760128553,2.672662093
1800,152.425,0.9759133199,2.672073496
1800,152.45,0.9758138675,2.671485263
1800,152.475,0.9757144981,2.670897394
1800,152.5,0.9756152116,2.67030989
1800,152.525,0.9755160081,2.66972275
1800,152.55,0.9754168877,2.669135973
1800,152.575,0.9753178503,2.668549561
1800,152.6,0.9752188959,2.667963513
1800,152.625,0.9751200246,2.667377829
1800,152.65,0.9750212363,2.666792509
1800,152.675,0.9749225312,2.666207553
1800,152.7,0.9748239091,2.665622961
1800,152.725,0.9747253702,2.665038733
1800,152.75,0.9746269144,2.664454869
1800,152.775,0.9745285417,2.663871369
1800,152.8,0.9744302522,2.663288232
1800,152.825,0.9743320458,2.66270546
1800,152.85,0.9742339227,2.662123052
1800,152.875,0.9741358827,2.661541008
1800,152.9,0.9740379259,2.660959327
1800,152.925,0.9739400524,2.66037801
1800,152.95,0.9738422621,2.659797058
1800,152.975,0.973744555,2.659216469
1800,153,0.9736469312,2.658636243
1800,153.025,0.9735493906,2.658056382
1800,153.05,0.9734519334,2.657476884
1800,153.075,0.9733545594,2.65689775
1800,153.1,0.9732572687,2.65631898
1800,153.125,0.9731600614,2.655740573
1800,153.15,0.9730629373,2.65516253
1800,153.175,0.9729658966,2.654584851
1800,153.2,0.9728689392,2.654007536
1800,153.225,0.9727720652,2.653430583
1800,153.25,0.9726752746,2.652853995
1800,153.275,0.9725785673,2.65227777
1800,153.3,0.9724819434,2.651701909
1800,153.325,0.9723854029,2.651126411
1800,153.35,0.9722889458,2.650551276
1800,153.375,0.9721925722,2.649976505
1800,153.4,0.9720962819,2.649402097
1800,153.425,0.9720000751,2.648828053
1800,153.45,0.9719039517,2.648254372
1800,153.475,0.9718079118,2.647681054
1800,153.5,0.9717119553,2.6471081
1800,153.525,0.9716160823,2.646535509
1800,153.55,0.9715202928,2.645963281
1800,153.575,0.9714245867,2.645391417
1800,153.6,0.9713289642,2.644819915
1800,153.625,0.9712334251,2.644248777
1800,153.65,0.9711379696,2.643678001
1800,153.675,0.9710425975,2.643107589
1800,153.7,0.970947309,2.64253754
1800,153.725,0.970852104,2.641967854
1800,153.75,0.9707569825,2.641398531
1800,153.775,0.9706619446,2.640829571
1800,153.8,0.9705669902,2.640260973
1800,153.825,0.9704721194,2.639692739
1800,153.85,0.9703773321,2.639124867
1800,153.875,0.9702826284,2.638557359
1800,153.9,0.9701880083,2.637990213
1800,153.925,0.9700934718,2.637423429
1800,153.95,0.9699990188,2.636857009
1800,153.975,0.9699046494,2.636290951
1800,154,0.9698103636,2.635725256
1800,154.025,0.9697161614,2.635159923
1800,154.05,0.9696220428,2.634594953
1800,154.075,0.9695280079,2.634030345
1800,154.1,0.9694340565,2.6334661
1800,154.125,0.9693401887,2.632902217
1800,154.15,0.9692464046,2.632338696
1800,154.175,0.9691527041,2.631775538
1800,154.2,0.9690590872,2.631212743
1800,154.225,0.968965554,2.630650309
1800,154.25,0.9688721044,2.630088238
1800,154.275,0.9687787384,2.629526529
1800,154.3,0.9686854561,2.628965182
1800,154.325,0.9685922574,2.628404197
1800,154.35,0.9684991423,2.627843574
1800,154.375,0.968406111,2.627283313
1800,154.4,0.9683131632,2.626723414
1800,154.425,0.9682202992,2.626163877
1800,154.45,0.9681275187,2.625604702
1800,154.475,0.968034822,2.625045889
1800,154.5,0.9679422089,2.624487438
1800,154.525,0.9678496795,2.623929348
1800,154.55,0.9677572337,2.62337162
1800,154.575,0.9676648716,2.622814254
1800,154.6,0.9675725932,2.622257249
1800,154.625,0.9674803984,2.621700606
1800,154.65,0.9673882874,2.621144324
1800,154.675,0.9672962599,2.620588404
1800,154.7,0.9672043162,2.620032845
1800,154.725,0.9671124561,2.619477647
1800,154.75,0.9670206797,2.618922811
1800,154.775,0.966928987,2.618368336
1800,154.8,0.966837378,2.617814223
1800,154.825,0.9667458526,2.61726047
1800,154.85,0.9666544109,2.616707079
1800,154.875,0.9665630529,2.616154049
1800,154.9,0.9664717785,2.615601379
1800,154.925,0.9663805879,2.615049071
1800,154.95,0.9662894808,2.614497123
1800,154.975,0.9661984575,2.613945537
1800,155,0.9661075178,2.613394311
1800,155.025,0.9660166618,2.612843446
1800,155.05,0.9659258895,2.612292942
1800,155.075,0.9658352008,2.611742798
1800,155.1,0.9657445958,2.611193015
1800,155.125,0.9656540745,2.610643592
1800,155.15,0.9655636368,2.61009453
1800,155.175,0.9654732827,2.609545828
1800,155.2,0.9653830123,2.608997487
1800,155.225,0.9652928256,2.608449506
1800,155.25,0.9652027225,2.607901885
1800,155.275,0.9651127031,2.607354625
1800,155.3,0.9650227673,2.606807724
1800,155.325,0.9649329151,2.606261184
1800,155.35,0.9648431466,2.605715004
1800,155.375,0.9647534617,2.605169183
1800,155.4,0.9646638605,2.604623723
1800,155.425,0.9645743428,2.604078622
1800,155.45,0.9644849088,2.603533882
1800,155.475,0.9643955584,2.602989501
1800,155.5,0.9643062916,2.602445479
1800,155.525,0.9642171085,2.601901817
1800,155.55,0.9641280089,2.601358515
1800,155.575,0.9640389929,2.600815573
1800,155.6,0.9639500605,2.600272989
1800,155.625,0.9638612117,2.599730765
1800,155.65,0.9637724465,2.599188901
1800,155.675,0.9636837649,2.598647395
1800,155.7,0.9635951669,2.598106249
1800,155.725,0.9635066524,2.597565462
1800,155.75,0.9634182214,2.597025034
1800,155.775,0.9633298741,2.596484965
1800,155.8,0.9632416103,2.595945255
1800,155.825,0.96315343,2.595405904
1800,155.85,0.9630653332,2.594866911
1800,155.875,0.96297732,2.594328278
1800,155.9,0.9628893904,2.593790003
1800,155.925,0.9628015442,2.593252086
1800,155.95,0.9627137815,2.592714528
1800,155.975,0.9626261024,2.592177329
1800,156,0.9625385067,2.591640488
1800,156.025,0.9624509946,2.591104005
1800,156.05,0.9623635659,2.590567881
1800,156.075,0.9622762207,2.590032115
1800,156.1,0.9621889589,2.589496707
1800,156.125,0.9621017806,2.588961657
1800,156.15,0.9620146858,2.588426965
1800,156.175,0.9619276744,2.587892631
1800,156.2,0.9618407464,2.587358655
1800,156.225,0.9617539019,2.586825036
1800,156.25,0.9616671408,2.586291776
1800,156.275,0.9615804631,2.585758873
1800,156.3,0.9614938687,2.585226327
1800,156.325,0.9614073578,2.584694139
1800,156.35,0.9613209303,2.584162309
1800,156.375,0.9612345861,2.583630836
1800,156.4,0.9611483253,2.58309972
1800,156.425,0.9610621478,2.582568961
1800,156.45,0.9609760537,2.58203856
1800,156.475,0.9608900429,2.581508516
1800,156.5,0.9608041154,2.580978828
1800,156.525,0.9607182713,2.580449498
1800,156.55,0.9606325104,2.579920524
1800,156.575,0.9605468328,2.579391908
1800,156.6,0.9604612386,2.578863648
1800,156.625,0.9603757275,2.578335744
1800,156.65,0.9602902998,2.577808198
1800,156.675,0.9602049553,2.577281007
1800,156.7,0.960119694,2.576754173
1800,156.725,0.9600345159,2.576227696
1800,156.75,0.9599494211,2.575701574
1800,156.775,0.9598644094,2.575175809
1800,156.8,0.959779481,2.5746504
1800,156.825,0.9596946357,2.574125347
1800,156.85,0.9596098736,2.57360065
1800,156.875,0.9595251946,2.573076309
1800,156.9,0.9594405988,2.572552324
1800,156.925,0.9593560861,2.572028694
1800,156.95,0.9592716566,2.57150542
1800,156.975,0.9591873101,2.570982502
1800,157,0.9591030467,2.570459939
1800,157.025,0.9590188664,2.569937731
1800,157.05,0.9589347692,2.569415879
1800,157.075,0.958850755,2.568894382
1800,157.1,0.9587668238,2.568373241
1800,157.125,0.9586829757,2.567852454
1800,157.15,0.9585992106,2.567332022
1800,157.175,0.9585155284,2.566811945
1800,157.2,0.9584319293,2.566292224
1800,157.225,0.9583484131,2.565772856
1800,157.25,0.9582649799,2.565253844
1800,157.275,0.9581816296,2.564735186
1800,157.3,0.9580983622,2.564216883
1800,157.325,0.9580151778,2.563698934
1800,157.35,0.9579320762,2.563181339
1800,157.375,0.9578490575,2.562664099
1800,157.4,0.9577661217,2.562147213
1800,157.425,0.9576832688,2.561630681
1800,157.45,0.9576004986,2.561114503
1800,157.475,0.9575178113,2.560598679
1800,157.5,0.9574352068,2.560083209
1800,157.525,0.9573526851,2.559568092
1800,157.55,0.9572702462,2.55905333
1800,157.575,0.95718789,2.55853892
1800,157.6,0.9571056165,2.558024865
1800,157.625,0.9570234258,2.557511163
1800,157.65,0.9569413178,2.556997814
1800,157.675,0.9568592924,2.556484818
1800,157.7,0.9567773498,2.555972175
1800,157.725,0.9566954898,2.555459886
1800,157.75,0.9566137124,2.55494795
1800,157.775,0.9565320177,2.554436366
1800,157.8,0.9564504055,2.553925135
1800,157.825,0.956368876,2.553414257
1800,157.85,0.956287429,2.552903732
1800,157.875,0.9562060646,2.552393559
1800,157.9,0.9561247827,2.551883739
1800,157.925,0.9560435834,2.551374271
1800,157.95,0.9559624665,2.550865155
1800,157.975,0.9558814321,2.550356392
1800,158,0.9558004802,2.54984798
1800,158.025,0.9557196107,2.549339921
1800,158.05,0.9556388236,2.548832213
1800,158.075,0.955558119,2.548324857
1800,158.1,0.9554774968,2.547817853
1800,158.125,0.9553969569,2.547311201
1800,158.15,0.9553164993,2.5468049
1800,158.175,0.9552361241,2.546298951
1800,158.2,0.9551558313,2.545793353
1800,158.225,0.9550756207,2.545288106
1800,158.25,0.9549954924,2.544783211
1800,158.275,0.9549154463,2.544278667
1800,158.3,0.9548354825,2.543774473
1800,158.325,0.9547556009,2.543270631
1800,158.35,0.9546758014,2.542767139
1800,158.375,0.9545960842,2.542263998
1800,158.4,0.9545164491,2.541761208
1800,158.425,0.9544368962,2.541258768
1800,158.45,0.9543574253,2.540756678
1800,158.475,0.9542780366,2.540254939
1800,158.5,0.9541987299,2.53975355
1800,158.525,0.9541195053,2.539252512
1800,158.55,0.9540403627,2.538751823
1800,158.575,0.9539613021,2.538251484
1800,158.6,0.9538823235,2.537751496
1800,158.625,0.9538034269,2.537251857
1800,158.65,0.9537246122,2.536752567
1800,158.675,0.9536458795,2.536253627
1800,158.7,0.9535672286,2.535755037
1800,158.725,0.9534886596,2.535256796
1800,158.75,0.9534101725,2.534758904
1800,158.775,0.9533317673,2.534261362
1800,158.8,0.9532534438,2.533764168
1800,158.825,0.9531752021,2.533267324
1800,158.85,0.9530970422,2.532770828
1800,158.875,0.9530189641,2.532274681
1800,158.9,0.9529409676,2.531778883
1800,158.925,0.9528630529,2.531283434
1800,158.95,0.9527852199,2.530788333
1800,158.975,0.9527074685,2.53029358
1800,159,0.9526297987,2.529799176
1800,159.025,0.9525522106,2.529305119
1800,159.05,0.952474704,2.528811411
1800,159.075,0.952397279,2.528318051
1800,159.1,0.9523199355,2.527825039
1800,159.125,0.9522426736,2.527332374
1800,159.15,0.9521654931,2.526840058
1800,159.175,0.9520883941,2.526348088
1800,159.2,0.9520113766,2.525856467
1800,159.225,0.9519344404,2.525365192
1800,159.25,0.9518575857,2.524874265
1800,159.275,0.9517808123,2.524383685
1800,159.3,0.9517041203,2.523893452
1800,159.325,0.9516275096,2.523403566
1800,159.35,0.9515509802,2.522914027
1800,159.375,0.9514745321,2.522424835
1800,159.4,0.9513981652,2.521935989
1800,159.425,0.9513218795,2.52144749
1800,159.45,0.951245675,2.520959338
1800,159.475,0.9511695517,2.520471531
1800,159.5,0.9510935096,2.519984071
1800,159.525,0.9510175485,2.519496957
1800,159.55,0.9509416686,2.519010189
1800,159.575,0.9508658697,2.518523767
1800,159.6,0.9507901519,2.518037691
1800,159.625,0.950714515,2.517551961
1800,159.65,0.9506389592,2.517066576
1800,159.675,0.9505634843,2.516581537
1800,159.7,0.9504880904,2.516096843
1800,159.725,0.9504127774,2.515612494
1800,159.75,0.9503375452,2.51512849
1800,159.775,0.9502623939,2.514644832
1800,159.8,0.9501873235,2.514161518
1800,159.825,0.9501123338,2.51367855
1800,159.85,0.950037425,2.513195926
1800,159.875,0.9499625968,2.512713647
1800,159.9,0.9498878494,2.512231712
1800,159.925,0.9498131827,2.511750121
1800,159.95,0.9497385967,2.511268875
1800,159.975,0.9496640913,2.510787974
1800,160,0.9495896665,2.510307416
1800,160.025,0.9495153223,2.509827202
1800,160.05,0.9494410586,2.509347332
1800,160.075,0.9493668755,2.508867806
1800,160.1,0.9492927728,2.508388624
1800,160.125,0.9492187507,2.507909785
1800,160.15,0.949144809,2.50743129
1800,160.175,0.9490709477,2.506953138
1800,160.2,0.9489971667,2.506475329
1800,160.225,0.9489234662,2.505997863
1800,160.25,0.9488498459,2.50552074
1800,160.275,0.948776306,2.50504396
1800,160.3,0.9487028463,2.504567523
1800,160.325,0.9486294669,2.504091429
1800,160.35,0.9485561677,2.503615677
1800,160.375,0.9484829487,2.503140267
1800,160.4,0.9484098098,2.5026652
1800,160.425,0.948336751,2.502190475
1800,160.45,0.9482637724,2.501716092
1800,160.475,0.9481908738,2.501242052
1800,160.5,0.9481180552,2.500768353
1800,160.525,0.9480453166,2.500294995
1800,160.55,0.9479726581,2.49982198
1800,160.575,0.9479000794,2.499349306
1800,160.6,0.9478275807,2.498876973
1800,160.625,0.9477551618,2.498404982
1800,160.65,0.9476828228,2.497933332
1800,160.675,0.9476105637,2.497462023
1800,160.7,0.9475383843,2.496991055
1800,160.725,0.9474662846,2.496520427
1800,160.75,0.9473942648,2.496050141
1800,160.775,0.9473223246,2.495580195
1800,160.8,0.947250464,2.49511059
1800,160.825,0.9471786831,2.494641325
1800,160.85,0.9471069819,2.4941724
1800,160.875,0.9470353601,2.493703815
1800,160.9,0.946963818,2.493235571
1800,160.925,0.9468923553,2.492767666
1800,160.95,0.9468209721,2.492300102
1800,160.975,0.9467496684,2.491832876
1800,161,0.9466784441,2.491365991
1800,161.025,0.9466072991,2.490899445
1800,161.05,0.9465362335,2.490433238
1800,161.075,0.9464652472,2.489967371
1800,161.1,0.9463943403,2.489501842
1800,161.125,0.9463235125,2.489036653
1800,161.15,0.946252764,2.488571802
1800,161.175,0.9461820947,2.488107291
1800,161.2,0.9461115045,2.487643117
1800,161.225,0.9460409935,2.487179283
1800,161.25,0.9459705615,2.486715786
1800,161.275,0.9459002086,2.486252628
1800,161.3,0.9458299347,2.485789809
1800,161.325,0.9457597399,2.485327327
1800,161.35,0.9456896239,2.484865183
1800,161.375,0.9456195869,2.484403377
1800,161.4,0.9455496288,2.483941909
1800,161.425,0.9454797496,2.483480778
1800,161.45,0.9454099491,2.483019984
1800,161.475,0.9453402275,2.482559528
1800,161.5,0.9452705846,2.48209941
1800,161.525,0.9452010204,2.481639628
1800,161.55,0.9451315349,2.481180183
1800,161.575,0.9450621281,2.480721075
1800,161.6,0.9449927999,2.480262304
1800,161.625,0.9449235503,2.479803869
1800,161.65,0.9448543792,2.479345771
1800,161.675,0.9447852866,2.478888009
1800,161.7,0.9447162726,2.478430583
1800,161.725,0.9446473369,2.477973494
1800,161.75,0.9445784797,2.47751674
1800,161.775,0.9445097009,2.477060323
1800,161.8,0.9444410004,2.476604241
1800,161.825,0.9443723782,2.476148494
1800,161.85,0.9443038342,2.475693084
1800,161.875,0.9442353685,2.475238008
1800,161.9,0.944166981,2.474783268
1800,161.925,0.9440986717,2.474328863
1800,161.95,0.9440304405,2.473874793
1800,161.975,0.9439622874,2.473421058
1800,162,0.9438942124,2.472967657
1800,162.025,0.9438262153,2.472514592
1800,162.05,0.9437582963,2.47206186
1800,162.075,0.9436904552,2.471609464
1800,162.1,0.943622692,2.471157401
1800,162.125,0.9435550067,2.470705672
1800,162.15,0.9434873993,2.470254278
1800,162.175,0.9434198696,2.469803217
1800,162.2,0.9433524178,2.469352491
1800,162.225,0.9432850436,2.468902097
1800,162.25,0.9432177472,2.468452038
1800,162.275,0.9431505284,2.468002311
1800,162.3,0.9430833872,2.467552918
1800,162.325,0.9430163236,2.467103858
1800,162.35,0.9429493376,2.466655132
1800,162.375,0.942882429,2.466206738
1800,162.4,0.942815598,2.465758676
1800,162.425,0.9427488443,2.465310948
1800,162.45,0.9426821681,2.464863552
1800,162.475,0.9426155693,2.464416488
1800,162.5,0.9425490477,2.463969756
1800,162.525,0.9424826035,2.463523357
1800,162.55,0.9424162365,2.46307729
1800,162.575,0.9423499467,2.462631554
1800,162.6,0.9422837341,2.46218615
1800,162.625,0.9422175986,2.461741078
1800,162.65,0.9421515402,2.461296338
1800,162.675,0.9420855589,2.460851928
1800,162.7,0.9420196546,2.46040785
1800,162.725,0.9419538272,2.459964103
1800,162.75,0.9418880769,2.459520687
1800,162.775,0.9418224034,2.459077602
1800,162.8,0.9417568068,2.458634848
1800,162.825,0.941691287,2.458192424
1800,162.85,0.941625844,2.45775033
1800,162.875,0.9415604778,2.457308567
1800,162.9,0.9414951882,2.456867134
1800,162.925,0.9414299754,2.456426032
1800,162.95,0.9413648392,2.455985259
1800,162.975,0.9412997795,2.455544816
1800,163,0.9412347965,2.455104702
1800,163.025,0.9411698899,2.454664918
1800,163.05,0.9411050599,2.454225464
1800,163.075,0.9410403062,2.453786339
1800,163.1,0.940975629,2.453347543
1800,163.125,0.9409110281,2.452909076
1800,163.15,0.9408465035,2.452470938
1800,163.175,0.9407820552,2.452033129
1800,163.2,0.9407176832,2.451595648
1800,163.225,0.9406533873,2.451158496
1800,163.25,0.9405891677,2.450721672
1800,163.275,0.9405250241,2.450285177
1800,163.3,0.9404609566,2.44984901
1800,163.325,0.9403969652,2.44941317
1800,163.35,0.9403330497,2.448977659
1800,163.375,0.9402692102,2.448542475
1800,163.4,0.9402054466,2.448107619
1800,163.425,0.9401417589,2.44767309
1800,163.45,0.9400781471,2.447238889
1800,163.475,0.940014611,2.446805014
1800,163.5,0.9399511507,2.446371467
1800,163.525,0.9398877661,2.445938247
1800,163.55,0.9398244571,2.445505353
1800,163.575,0.9397612238,2.445072787
1800,163.6,0.9396980661,2.444640546
1800,163.625,0.939634984,2.444208632
1800,163.65,0.9395719773,2.443777045
1800,163.675,0.9395090462,2.443345783
1800,163.7,0.9394461904,2.442914848
1800,163.725,0.93938341,2.442484238
1800,163.75,0.939320705,2.442053954
1800,163.775,0.9392580753,2.441623996
1800,163.8,0.9391955208,2.441194363
1800,163.825,0.9391330415,2.440765056
1800,163.85,0.9390706375,2.440336073
1800,163.875,0.9390083085,2.439907416
1800,163.9,0.9389460547,2.439479084
1800,163.925,0.9388838759,2.439051076
1800,163.95,0.9388217721,2.438623393
1800,163.975,0.9387597432,2.438196035
1800,164,0.9386977893,2.437769001
1800,164.025,0.9386359103,2.437342291
1800,164.05,0.9385741061,2.436915905
1800,164.075,0.9385123767,2.436489844
1800,164.1,0.938450722,2.436064106
1800,164.125,0.9383891421,2.435638692
1800,164.15,0.9383276368,2.435213601
1800,164.175,0.9382662062,2.434788834
1800,164.2,0.9382048501,2.43436439
1800,164.225,0.9381435686,2.433940269
1800,164.25,0.9380823616,2.433516472
1800,164.275,0.938021229,2.433092997
1800,164.3,0.9379601709,2.432669845
1800,164.325,0.9378991871,2.432247016
1800,164.35,0.9378382776,2.431824509
1800,164.375,0.9377774424,2.431402324
1800,164.4,0.9377166814,2.430980462
1800,164.425,0.9376559947,2.430558921
1800,164.45,0.937595382,2.430137703
1800,164.475,0.9375348435,2.429716807
1800,164.5,0.9374743791,2.429296232
1800,164.525,0.9374139886,2.428875978
1800,164.55,0.9373536722,2.428456046
1800,164.575,0.9372934296,2.428036436
1800,164.6,0.937233261,2.427617146
1800,164.625,0.9371731662,2.427198177
1800,164.65,0.9371131452,2.426779529
1800,164.675,0.9370531979,2.426361202
1800,164.7,0.9369933244,2.425943196
1800,164.725,0.9369335245,2.425525509
1800,164.75,0.9368737983,2.425108144
1800,164.775,0.9368141456,2.424691098
1800,164.8,0.9367545664,2.424274372
1800,164.825,0.9366950608,2.423857966
1800,164.85,0.9366356286,2.42344188
1800,164.875,0.9365762697,2.423026114
1800,164.9,0.9365169843,2.422610666
1800,164.925,0.9364577721,2.422195539
1800,164.95,0.9363986332,2.42178073
1800,164.975,0.9363395675,2.42136624
1800,165,0.936280575,2.42095207
1800,165.025,0.9362216556,2.420538218
1800,165.05,0.9361628093,2.420124684
1800,165.075,0.9361040361,2.419711469
1800,165.1,0.9360453358,2.419298573
1800,165.125,0.9359867085,2.418885995
1800,165.15,0.9359281541,2.418473734
1800,165.175,0.9358696725,2.418061792
1800,165.2,0.9358112638,2.417650167
1800,165.225,0.9357529278,2.41723886
1800,165.25,0.9356946645,2.416827871
1800,165.275,0.9356364739,2.416417199
1800,165.3,0.935578356,2.416006844
1800,165.325,0.9355203106,2.415596806
1800,165.35,0.9354623377,2.415187085
1800,165.375,0.9354044374,2.414777681
1800,165.4,0.9353466095,2.414368593
1800,165.425,0.935288854,2.413959822
1800,165.45,0.9352311708,2.413551367
1800,165.475,0.9351735599,2.413143229
1800,165.5,0.9351160213,2.412735407
1800,165.525,0.9350585549,2.4123279
1800,165.55,0.9350011607,2.41192071
1800,165.575,0.9349438386,2.411513835
1800,165.6,0.9348865886,2.411107275
1800,165.625,0.9348294106,2.410701031
1800,165.65,0.9347723046,2.410295102
1800,165.675,0.9347152705,2.409889489
1800,165.7,0.9346583083,2.40948419
1800,165.725,0.9346014179,2.409079206
1800,165.75,0.9345445994,2.408674536
1800,165.775,0.9344878526,2.408270182
1800,165.8,0.9344311774,2.407866141
1800,165.825,0.934374574,2.407462415
1800,165.85,0.9343180421,2.407059003
1800,165.875,0.9342615818,2.406655905
1800,165.9,0.934205193,2.40625312
1800,165.925,0.9341488757,2.40585065
1800,165.95,0.9340926298,2.405448492
1800,165.975,0.9340364552,2.405046649
1800,166,0.933980352,2.404645118
1800,166.025,0.93392432,2.4042439
1800,166.05,0.9338683593,2.403842996
1800,166.075,0.9338124698,2.403442404
1800,166.1,0.9337566513,2.403042125
1800,166.125,0.933700904,2.402642159
1800,166.15,0.9336452277,2.402242504
1800,166.175,0.9335896224,2.401843162
1800,166.2,0.933534088,2.401444132
1800,166.225,0.9334786246,2.401045415
1800,166.25,0.9334232319,2.400647008
1800,166.275,0.9333679101,2.400248914
1800,166.3,0.933312659,2.399851131
1800,166.325,0.9332574786,2.399453659
1800,166.35,0.9332023689,2.399056499
1800,166.375,0.9331473297,2.39865965
1800,166.4,0.9330923611,2.398263111
1800,166.425,0.9330374631,2.397866883
1800,166.45,0.9329826355,2.397470967
1800,166.475,0.9329278782,2.39707536
1800,166.5,0.9328731914,2.396680064
1800,166.525,0.9328185749,2.396285078
1800,166.55,0.9327640286,2.395890402
1800,166.575,0.9327095526,2.395496036
1800,166.6,0.9326551467,2.39510198
1800,166.625,0.9326008109,2.394708233
1800,166.65,0.9325465452,2.394314796
1800,166.675,0.9324923495,2.393921669
1800,166.7,0.9324382238,2.39352885
1800,166.725,0.932384168,2.393136341
1800,166.75,0.9323301821,2.39274414
1800,166.775,0.932276266,2.392352248
1800,166.8,0.9322224197,2.391960665
1800,166.825,0.9321686431,2.39156939
1800,166.85,0.9321149362,2.391178424
1800,166.875,0.9320612989,2.390787765
1800,166.9,0.9320077312,2.390397415
1800,166.925,0.9319542331,2.390007373
1800,166.95,0.9319008044,2.389617638
1800,166.975,0.9318474451,2.389228211
1800,167,0.9317941552,2.388839091
1800,167.025,0.9317409347,2.388450279
1800,167.05,0.9316877834,2.388061773
1800,167.075,0.9316347014,2.387673575
1800,167.1,0.9315816885,2.387285684
1800,167.125,0.9315287448,2.386898099
1800,167.15,0.9314758701,2.386510821
1800,167.175,0.9314230645,2.386123849
1800,167.2,0.9313703279,2.385737184
1800,167.225,0.9313176602,2.385350825
1800,167.25,0.9312650614,2.384964771
1800,167.275,0.9312125314,2.384579024
1800,167.3,0.9311600702,2.384193582
1800,167.325,0.9311076778,2.383808445
1800,167.35,0.931055354,2.383423614
1800,167.375,0.9310030988,2.383039089
1800,167.4,0.9309509123,2.382654868
1800,167.425,0.9308987943,2.382270952
1800,167.45,0.9308467447,2.381887341
1800,167.475,0.9307947636,2.381504035
1800,167.5,0.9307428509,2.381121033
1800,167.525,0.9306910064,2.380738336
1800,167.55,0.9306392303,2.380355943
1800,167.575,0.9305875224,2.379973854
1800,167.6,0.9305358827,2.379592068
1800,167.625,0.9304843111,2.379210587
1800,167.65,0.9304328076,2.378829409
1800,167.675,0.9303813721,2.378448534
1800,167.7,0.9303300046,2.378067963
1800,167.725,0.9302787051,2.377687695
1800,167.75,0.9302274734,2.37730773
1800,167.775,0.9301763095,2.376928068
1800,167.8,0.9301252134,2.376548709
1800,167.825,0.930074185,2.376169652
1800,167.85,0.9300232243,2.375790897
1800,167.875,0.9299723312,2.375412445
1800,167.9,0.9299215057,2.375034295
1800,167.925,0.9298707477,2.374656447
1800,167.95,0.9298200571,2.374278901
1800,167.975,0.929769434,2.373901656
1800,168,0.9297188782,2.373524713
1800,168.025,0.9296683898,2.373148072
1800,168.05,0.9296179686,2.372771731
1800,168.075,0.9295676146,2.372395692
1800,168.1,0.9295173278,2.372019954
1800,168.125,0.9294671081,2.371644516
1800,168.15,0.9294169555,2.371269379
1800,168.175,0.9293668698,2.370894543
1800,168.2,0.9293168511,2.370520006
1800,168.225,0.9292668993,2.37014577
1800,168.25,0.9292170144,2.369771834
1800,168.275,0.9291671963,2.369398198
1800,168.3,0.9291174449,2.369024862
1800,168.325,0.9290677602,2.368651825
1800,168.35,0.9290181421,2.368279088
1800,168.375,0.9289685907,2.36790665
1800,168.4,0.9289191057,2.367534511
1800,168.425,0.9288696873,2.367162671
1800,168.45,0.9288203353,2.36679113
1800,168.475,0.9287710497,2.366419887
1800,168.5,0.9287218304,2.366048944
1800,168.525,0.9286726774,2.365678298
1800,168.55,0.9286235906,2.365307951
1800,168.575,0.92857457,2.364937902
1800,168.6,0.9285256155,2.36456815
1800,168.625,0.9284767271,2.364198697
1800,168.65,0.9284279048,2.363829541
1800,168.675,0.9283791483,2.363460683
1800,168.7,0.9283304578,2.363092122
1800,168.725,0.9282818332,2.362723858
1800,168.75,0.9282332744,2.362355891
1800,168.775,0.9281847813,2.361988221
1800,168.8,0.9281363539,2.361620848
1800,168.825,0.9280879922,2.361253771
1800,168.85,0.9280396961,2.360886991
1800,168.875,0.9279914656,2.360520507
1800,168.9,0.9279433005,2.36015432
1800,168.925,0.9278952009,2.359788428
1800,168.95,0.9278471666,2.359422832
1800,168.975,0.9277991977,2.359057531
1800,169,0.9277512941,2.358692527
1800,169.025,0.9277034558,2.358327817
1800,169.05,0.9276556826,2.357963403
1800,169.075,0.9276079745,2.357599284
1800,169.1,0.9275603315,2.35723546
1800,169.125,0.9275127535,2.35687193
1800,169.15,0.9274652405,2.356508695
1800,169.175,0.9274177925,2.356145755
1800,169.2,0.9273704092,2.355783109
1800,169.225,0.9273230908,2.355420757
1800,169.25,0.9272758372,2.355058699
1800,169.275,0.9272286482,2.354696935
1800,169.3,0.9271815239,2.354335465
1800,169.325,0.9271344642,2.353974288
1800,169.35,0.9270874691,2.353613405
1800,169.375,0.9270405384,2.353252815
1800,169.4,0.9269936722,2.352892518
1800,169.425,0.9269468703,2.352532514
1800,169.45,0.9269001328,2.352172802
1800,169.475,0.9268534596,2.351813384
1800,169.5,0.9268068506,2.351454258
1800,169.525,0.9267603058,2.351095424
1800,169.55,0.9267138251,2.350736882
1800,169.575,0.9266674084,2.350378633
1800,169.6,0.9266210558,2.350020675
1800,169.625,0.9265747671,2.349663009
1800,169.65,0.9265285424,2.349305635
1800,169.675,0.9264823815,2.348948552
1800,169.7,0.9264362844,2.34859176
1800,169.725,0.926390251,2.34823526
1800,169.75,0.9263442813,2.34787905
1800,169.775,0.9262983753,2.347523131
1800,169.8,0.9262525329,2.347167503
1800,169.825,0.926206754,2.346812166
1800,169.85,0.9261610385,2.346457119
1800,169.875,0.9261153865,2.346102362
1800,169.9,0.9260697979,2.345747895
1800,169.925,0.9260242726,2.345393718
1800,169.95,0.9259788105,2.34503983
1800,169.975,0.9259334116,2.344686233
1800,170,0.9258880759,2.344332924
1800,170.025,0.9258428034,2.343979905
1800,170.05,0.9257975938,2.343627176
1800,170.075,0.9257524473,2.343274735
1800,170.1,0.9257073637,2.342922583
1800,170.125,0.9256623429,2.342570719
1800,170.15,0.9256173851,2.342219145
1800,170.175,0.9255724899,2.341867858
1800,170.2,0.9255276576,2.34151686
1800,170.225,0.9254828878,2.34116615
1800,170.25,0.9254381808,2.340815728
1800,170.275,0.9253935362,2.340465593
1800,170.3,0.9253489542,2.340115747
1800,170.325,0.9253044346,2.339766187
1800,170.35,0.9252599775,2.339416915
1800,170.375,0.9252155826,2.33906793
1800,170.4,0.9251712501,2.338719232
1800,170.425,0.9251269798,2.338370821
1800,170.45,0.9250827717,2.338022697
1800,170.475,0.9250386257,2.337674859
1800,170.5,0.9249945418,2.337327308
1800,170.525,0.92495052,2.336980043
1800,170.55,0.9249065601,2.336633064
1800,170.575,0.9248626621,2.33628637
1800,170.6,0.9248188259,2.335939963
1800,170.625,0.9247750516,2.335593841
1800,170.65,0.924731339,2.335248005
1800,170.675,0.9246876881,2.334902454
1800,170.7,0.9246440989,2.334557188
1800,170.725,0.9246005712,2.334212207
1800,170.75,0.9245571051,2.333867511
1800,170.775,0.9245137004,2.3335231
1800,170.8,0.9244703572,2.333178973
1800,170.825,0.9244270753,2.332835131
1800,170.85,0.9243838548,2.332491573
1800,170.875,0.9243406955,2.332148299
1800,170.9,0.9242975974,2.331805308
1800,170.925,0.9242545605,2.331462602
1800,170.95,0.9242115847,2.331120179
1800,170.975,0.9241686699,2.33077804
1800,171,0.9241258161,2.330436184
1800,171.025,0.9240830232,2.330094611
1800,171.05,0.9240402912,2.329753322
1800,171.075,0.9239976201,2.329412315
1800,171.1,0.9239550097,2.329071591
1800,171.125,0.92391246,2.328731149
1800,171.15,0.923869971,2.32839099
1800,171.175,0.9238275426,2.328051113
1800,171.2,0.9237851747,2.327711518
1800,171.225,0.9237428673,2.327372205
1800,171.25,0.9237006204,2.327033173
1800,171.275,0.9236584338,2.326694424
1800,171.3,0.9236163076,2.326355956
1800,171.325,0.9235742417,2.326017769
1800,171.35,0.923532236,2.325679863
1800,171.375,0.9234902904,2.325342238
1800,171.4,0.923448405,2.325004895
1800,171.425,0.9234065796,2.324667832
1800,171.45,0.9233648142,2.324331049
1800,171.475,0.9233231088,2.323994547
1800,171.5,0.9232814632,2.323658325
1800,171.525,0.9232398775,2.323322383
1800,171.55,0.9231983516,2.322986721
1800,171.575,0.9231568854,2.322651339
1800,171.6,0.9231154789,2.322316236
1800,171.625,0.923074132,2.321981413
1800,171.65,0.9230328446,2.321646869
1800,171.675,0.9229916168,2.321312605
1800,171.7,0.9229504484,2.320978619
1800,171.725,0.9229093394,2.320644912
1800,171.75,0.9228682898,2.320311484
1800,171.775,0.9228272994,2.319978335
1800,171.8,0.9227863683,2.319645463
1800,171.825,0.9227454963,2.319312871
1800,171.85,0.9227046835,2.318980556
1800,171.875,0.9226639297,2.318648519
1800,171.9,0.922623235,2.31831676
1800,171.925,0.9225825992,2.317985278
1800,171.95,0.9225420223,2.317654074
1800,171.975,0.9225015042,2.317323147
1800,172,0.922461045,2.316992497
1800,172.025,0.9224206445,2.316662125
1800,172.05,0.9223803026,2.316332029
1800,172.075,0.9223400194,2.31600221
1800,172.1,0.9222997948,2.315672667
1800,172.125,0.9222596286,2.315343401
1800,172.15,0.922219521,2.315014411
1800,172.175,0.9221794717,2.314685697
1800,172.2,0.9221394808,2.314357259
1800,172.225,0.9220995481,2.314029096
1800,172.25,0.9220596738,2.31370121
1800,172.275,0.9220198576,2.313373598
1800,172.3,0.9219800995,2.313046262
1800,172.325,0.9219403995,2.312719201
1800,172.35,0.9219007575,2.312392416
1800,172.375,0.9218611735,2.312065905
1800,172.4,0.9218216473,2.311739668
1800,172.425,0.9217821791,2.311413706
1800,172.45,0.9217427686,2.311088019
1800,172.475,0.9217034159,2.310762606
1800,172.5,0.9216641208,2.310437466
1800,172.525,0.9216248834,2.310112601
1800,172.55,0.9215857036,2.309788009
1800,172.575,0.9215465813,2.309463691
1800,172.6,0.9215075164,2.309139647
1800,172.625,0.921468509,2.308815876
1800,172.65,0.9214295589,2.308492377
1800,172.675,0.9213906661,2.308169152
1800,172.7,0.9213518305,2.3078462
1800,172.725,0.9213130522,2.30752352
1800,172.75,0.9212743309,2.307201113
1800,172.775,0.9212356668,2.306878978
1800,172.8,0.9211970596,2.306557115
1800,172.825,0.9211585094,2.306235525
1800,172.85,0.9211200162,2.305914206
1800,172.875,0.9210815798,2.305593159
1800,172.9,0.9210432001,2.305272383
1800,172.925,0.9210048773,2.304951879
1800,172.95,0.9209666111,2.304631647
1800,172.975,0.9209284015,2.304311685
1800,173,0.9208902486,2.303991994
1800,173.025,0.9208521521,2.303672574
1800,173.05,0.9208141121,2.303353425
1800,173.075,0.9207761286,2.303034546
1800,173.1,0.9207382013,2.302715938
1800,173.125,0.9207003304,2.3023976
1800,173.15,0.9206625157,2.302079531
1800,173.175,0.9206247572,2.301761733
1800,173.2,0.9205870549,2.301444204
1800,173.225,0.9205494086,2.301126945
1800,173.25,0.9205118183,2.300809956
1800,173.275,0.9204742841,2.300493235
1800,173.3,0.9204368057,2.300176784
1800,173.325,0.9203993831,2.299860602
1800,173.35,0.9203620164,2.299544688
1800,173.375,0.9203247054,2.299229043
1800,173.4,0.9202874501,2.298913666
1800,173.425,0.9202502505,2.298598558
1800,173.45,0.9202131064,2.298283718
1800,173.475,0.9201760178,2.297969146
1800,173.5,0.9201389847,2.297654842
1800,173.525,0.920102007,2.297340806
1800,173.55,0.9200650847,2.297027037
1800,173.575,0.9200282177,2.296713535
1800,173.6,0.9199914059,2.296400301
1800,173.625,0.9199546493,2.296087334
1800,173.65,0.9199179478,2.295774633
1800,173.675,0.9198813014,2.2954622
1800,173.7,0.91984471,2.295150033
1800,173.725,0.9198081736,2.294838133
1800,173.75,0.9197716921,2.294526498
1800,173.775,0.9197352655,2.29421513
1800,173.8,0.9196988937,2.293904029
1800,173.825,0.9196625766,2.293593192
1800,173.85,0.9196263142,2.293282622
1800,173.875,0.9195901064,2.292972317
1800,173.9,0.9195539532,2.292662277
1800,173.925,0.9195178545,2.292352503
1800,173.95,0.9194818103,2.292042994
1800,173.975,0.9194458205,2.291733749
1800,174,0.919409885,2.29142477
1800,174.025,0.9193740039,2.291116055
1800,174.05,0.919338177,2.290807604
1800,174.075,0.9193024043,2.290499418
1800,174.1,0.9192666857,2.290191496
1800,174.125,0.9192310212,2.289883838
1800,174.15,0.9191954107,2.289576443
1800,174.175,0.9191598542,2.289269312
1800,174.2,0.9191243516,2.288962445
1800,174.225,0.9190889028,2.288655842
1800,174.25,0.9190535079,2.288349501
1800,174.275,0.9190181667,2.288043423
1800,174.3,0.9189828791,2.287737609
1800,174.325,0.9189476452,2.287432057
1800,174.35,0.9189124649,2.287126767
1800,174.375,0.9188773381,2.28682174
1800,174.4,0.9188422648,2.286516976
1800,174.425,0.9188072449,2.286212473
1800,174.45,0.9187722783,2.285908233
1800,174.475,0.9187373651,2.285604254
1800,174.5,0.918702505,2.285300537
1800,174.525,0.9186676982,2.284997081
1800,174.55,0.9186329445,2.284693887
1800,174.575,0.9185982439,2.284390954
1800,174.6,0.9185635963,2.284088282
1800,174.625,0.9185290017,2.283785871
1800,174.65,0.9184944599,2.28348372
1800,174.675,0.9184599711,2.283181831
1800,174.7,0.918425535,2.282880201
1800,174.725,0.9183911517,2.282578832
1800,174.75,0.918356821,2.282277723
1800,174.775,0.918322543,2.281976874
1800,174.8,0.9182883176,2.281676284
1800,174.825,0.9182541447,2.281375955
1800,174.85,0.9182200243,2.281075884
1800,174.875,0.9181859563,2.280776074
1800,174.9,0.9181519406,2.280476522
1800,174.925,0.9181179772,2.280177229
1800,174.95,0.9180840661,2.279878195
1800,174.975,0.9180502072,2.27957942
1800,175,0.9180164004,2.279280904
1800,175.025,0.9179826456,2.278982646
1800,175.05,0.917948943,2.278684646
1800,175.075,0.9179152922,2.278386904
1800,175.1,0.9178816934,2.27808942
1800,175.125,0.9178481464,2.277792194
1800,175.15,0.9178146513,2.277495225
1800,175.175,0.9177812079,2.277198514
1800,175.2,0.9177478162,2.276902061
1800,175.225,0.9177144761,2.276605864
1800,175.25,0.9176811876,2.276309925
1800,175.275,0.9176479506,2.276014242
1800,175.3,0.9176147651,2.275718816
1800,175.325,0.917581631,2.275423647
1800,175.35,0.9175485482,2.275128734
1800,175.375,0.9175155168,2.274834077
1800,175.4,0.9174825366,2.274539676
1800,175.425,0.9174496076,2.274245531
1800,175.45,0.9174167298,2.273951642
1800,175.475,0.917383903,2.273658009
1800,175.5,0.9173511272,2.273364631
1800,175.525,0.9173184025,2.273071508
1800,175.55,0.9172857286,2.272778641
1800,175.575,0.9172531056,2.272486028
1800,175.6,0.9172205334,2.272193671
1800,175.625,0.917188012,2.271901568
1800,175.65,0.9171555412,2.27160972
1800,175.675,0.9171231211,2.271318125
1800,175.7,0.9170907516,2.271026786
1800,175.725,0.9170584326,2.2707357
1800,175.75,0.9170261641,2.270444868
1800,175.775,0.916993946,2.27015429
1800,175.8,0.9169617783,2.269863966
1800,175.825,0.9169296608,2.269573895
1800,175.85,0.9168975937,2.269284077
1800,175.875,0.9168655767,2.268994512
1800,175.9,0.9168336099,2.268705201
1800,175.925,0.9168016931,2.268416142
1800,175.95,0.9167698264,2.268127336
1800,175.975,0.9167380097,2.267838783
1800,176,0.9167062429,2.267550481
1800,176.025,0.9166745259,2.267262433
1800,176.05,0.9166428588,2.266974636
1800,176.075,0.9166112415,2.266687091
1800,176.1,0.9165796738,2.266399798
1800,176.125,0.9165481558,2.266112756
1800,176.15,0.9165166874,2.265825966
1800,176.175,0.9164852685,2.265539427
1800,176.2,0.9164538991,2.265253139
1800,176.225,0.9164225791,2.264967102
1800,176.25,0.9163913085,2.264681317
1800,176.275,0.9163600872,2.264395781
1800,176.3,0.9163289152,2.264110497
1800,176.325,0.9162977924,2.263825462
1800,176.35,0.9162667187,2.263540678
1800,176.375,0.9162356942,2.263256144
1800,176.4,0.9162047187,2.26297186
1800,176.425,0.9161737921,2.262687826
1800,176.45,0.9161429145,2.262404041
1800,176.475,0.9161120858,2.262120505
1800,176.5,0.9160813059,2.261837219
1800,176.525,0.9160505748,2.261554182
1800,176.55,0.9160198924,2.261271394
1800,176.575,0.9159892586,2.260988855
1800,176.6,0.9159586735,2.260706565
1800,176.625,0.9159281369,2.260424523
1800,176.65,0.9158976488,2.260142729
1800,176.675,0.9158672092,2.259861184
1800,176.7,0.9158368179,2.259579887
1800,176.725,0.9158064749,2.259298837
1800,176.75,0.9157761803,2.259018036
1800,176.775,0.9157459338,2.258737482
1800,176.8,0.9157157355,2.258457175
1800,176.825,0.9156855854,2.258177116
1800,176.85,0.9156554833,2.257897303
1800,176.875,0.9156254292,2.257617738
1800,176.9,0.915595423,2.25733842
1800,176.925,0.9155654648,2.257059348
1800,176.95,0.9155355543,2.256780523
1800,176.975,0.9155056917,2.256501944
1800,177,0.9154758768,2.256223612
1800,177.025,0.9154461095,2.255945525
1800,177.05,0.9154163899,2.255667684
1800,177.075,0.9153867179,2.255390089
1800,177.1,0.9153570933,2.25511274
1800,177.125,0.9153275163,2.254835636
1800,177.15,0.9152979866,2.254558778
1800,177.175,0.9152685043,2.254282164
1800,177.2,0.9152390692,2.254005796
1800,177.225,0.9152096814,2.253729672
1800,177.25,0.9151803408,2.253453793
1800,177.275,0.9151510474,2.253178159
1800,177.3,0.915121801,2.252902769
1800,177.325,0.9150926016,2.252627623
1800,177.35,0.9150634492,2.252352721
1800,177.375,0.9150343437,2.252078064
1800,177.4,0.915005285,2.25180365
1800,177.425,0.9149762732,2.251529479
1800,177.45,0.9149473081,2.251255552
1800,177.475,0.9149183897,2.250981868
1800,177.5,0.914889518,2.250708428
1800,177.525,0.9148606928,2.25043523
1800,177.55,0.9148319142,2.250162276
1800,177.575,0.9148031821,2.249889564
1800,177.6,0.9147744963,2.249617094
1800,177.625,0.914745857,2.249344867
1800,177.65,0.914717264,2.249072882
1800,177.675,0.9146887172,2.248801139
1800,177.7,0.9146602166,2.248529638
1800,177.725,0.9146317622,2.248258379
1800,177.75,0.9146033539,2.247987362
1800,177.775,0.9145749917,2.247716585
1800,177.8,0.9145466754,2.247446051
1800,177.825,0.9145184051,2.247175757
1800,177.85,0.9144901807,2.246905705
1800,177.875,0.9144620021,2.246635893
1800,177.9,0.9144338692,2.246366322
1800,177.925,0.9144057821,2.246096991
1800,177.95,0.9143777407,2.245827901
1800,177.975,0.9143497449,2.245559051
1800,178,0.9143217946,2.245290441
1800,178.025,0.9142938898,2.245022072
1800,178.05,0.9142660305,2.244753942
1800,178.075,0.9142382166,2.244486051
1800,178.1,0.9142104481,2.2442184
1800,178.125,0.9141827248,2.243950989
1800,178.15,0.9141550468,2.243683816
1800,178.175,0.914127414,2.243416883
1800,178.2,0.9140998263,2.243150188
1800,178.225,0.9140722836,2.242883732
1800,178.25,0.914044786,2.242617515
1800,178.275,0.9140173334,2.242351536
1800,178.3,0.9139899257,2.242085795
1800,178.325,0.9139625628,2.241820293
1800,178.35,0.9139352448,2.241555028
1800,178.375,0.9139079715,2.241290002
1800,178.4,0.9138807429,2.241025212
1800,178.425,0.9138535589,2.240760661
1800,178.45,0.9138264196,2.240496346
1800,178.475,0.9137993248,2.240232269
1800,178.5,0.9137722745,2.239968429
1800,178.525,0.9137452686,2.239704826
1800,178.55,0.9137183071,2.23944146
1800,178.575,0.9136913899,2.23917833
1800,178.6,0.913664517,2.238915436
1800,178.625,0.9136376883,2.238652779
1800,178.65,0.9136109038,2.238390358
1800,178.675,0.9135841635,2.238128173
1800,178.7,0.9135574671,2.237866224
1800,178.725,0.9135308148,2.23760451
1800,178.75,0.9135042064,2.237343032
1800,178.775,0.913477642,2.23708179
1800,178.8,0.9134511214,2.236820782
1800,178.825,0.9134246445,2.23656001
1800,178.85,0.9133982115,2.236299473
1800,178.875,0.9133718221,2.23603917
1800,178.9,0.9133454763,2.235779102
1800,178.925,0.9133191741,2.235519268
1800,178.95,0.9132929155,2.235259669
1800,178.975,0.9132667003,2.235000304
1800,179,0.9132405286,2.234741172
1800,179.025,0.9132144002,2.234482275
1800,179.05,0.9131883152,2.234223611
1800,179.075,0.9131622734,2.233965181
1800,179.1,0.9131362748,2.233706985
1800,179.125,0.9131103194,2.233449021
1800,179.15,0.9130844071,2.233191291
1800,179.175,0.9130585379,2.232933794
1800,179.2,0.9130327116,2.232676529
1800,179.225,0.9130069283,2.232419497
1800,179.25,0.9129811879,2.232162698
1800,179.275,0.9129554903,2.23190613
1800,179.3,0.9129298356,2.231649795
1800,179.325,0.9129042235,2.231393693
1800,179.35,0.9128786542,2.231137822
1800,179.375,0.9128531274,2.230882182
1800,179.4,0.9128276433,2.230626775
1800,179.425,0.9128022017,2.230371598
1800,179.45,0.9127768025,2.230116653
1800,179.475,0.9127514458,2.229861939
1800,179.5,0.9127261315,2.229607456
1800,179.525,0.9127008594,2.229353204
1800,179.55,0.9126756296,2.229099183
1800,179.575,0.9126504421,2.228845392
1800,179.6,0.9126252967,2.228591832
1800,179.625,0.9126001934,2.228338501
1800,179.65,0.9125751321,2.228085401
1800,179.675,0.9125501129,2.227832531
1800,179.7,0.9125251356,2.22757989
1800,179.725,0.9125002002,2.22732748
1800,179.75,0.9124753067,2.227075298
1800,179.775,0.9124504549,2.226823346
1800,179.8,0.9124256449,2.226571623
1800,179.825,0.9124008766,2.226320129
1800,179.85,0.9123761499,2.226068864
1800,179.875,0.9123514648,2.225817828
1800,179.9,0.9123268212,2.22556702
1800,179.925,0.9123022191,2.225316441
1800,179.95,0.9122776585,2.22506609
1800,179.975,0.9122531392,2.224815967
1800,180,0.9122286612,2.224566072
1800,180.025,0.9122042245,2.224316405
1800,180.05,0.912179829,2.224066965
1800,180.075,0.9121554747,2.223817753
1800,180.1,0.9121311615,2.223568769
1800,180.125,0.9121068894,2.223320011
1800,180.15,0.9120826583,2.223071481
1800,180.175,0.9120584681,2.222823178
1800,180.2,0.9120343189,2.222575101
1800,180.225,0.9120102105,2.222327251
1800,180.25,0.9119861429,2.222079627
1800,180.275,0.9119621161,2.22183223
1800,180.3,0.9119381299,2.221585059
1800,180.325,0.9119141845,2.221338114
1800,180.35,0.9118902796,2.221091395
1800,180.375,0.9118664152,2.220844901
1800,180.4,0.9118425914,2.220598634
1800,180.425,0.911818808,2.220352591
1800,180.45,0.911795065,2.220106774
1800,180.475,0.9117713623,2.219861182
1800,180.5,0.9117477,2.219615815
1800,180.525,0.9117240778,2.219370672
1800,180.55,0.9117004959,2.219125755
1800,180.575,0.9116769541,2.218881062
1800,180.6,0.9116534523,2.218636593
1800,180.625,0.9116299906,2.218392348
1800,180.65,0.9116065689,2.218148328
1800,180.675,0.9115831871,2.217904531
1800,180.7,0.9115598452,2.217660959
1800,180.725,0.9115365431,2.21741761
1800,180.75,0.9115132808,2.217174484
1800,180.775,0.9114900583,2.216931582
1800,180.8,0.9114668753,2.216688902
1800,180.825,0.9114437321,2.216446446
1800,180.85,0.9114206284,2.216204213
1800,180.875,0.9113975642,2.215962203
1800,180.9,0.9113745394,2.215720415
1800,180.925,0.9113515541,2.215478849
1800,180.95,0.9113286082,2.215237506
1800,180.975,0.9113057016,2.214996385
1800,181,0.9112828342,2.214755486
1800,181.025,0.9112600061,2.214514809
1800,181.05,0.9112372171,2.214274353
1800,181.075,0.9112144672,2.214034119
1800,181.1,0.9111917564,2.213794106
1800,181.125,0.9111690846,2.213554315
1800,181.15,0.9111464518,2.213314745
1800,181.175,0.9111238579,2.213075395
1800,181.2,0.9111013028,2.212836267
1800,181.225,0.9110787866,2.212597359
1800,181.25,0.9110563091,2.212358672
1800,181.275,0.9110338703,2.212120205
1800,181.3,0.9110114702,2.211881958
1800,181.325,0.9109891087,2.211643931
1800,181.35,0.9109667857,2.211406124
1800,181.375,0.9109445013,2.211168537
1800,181.4,0.9109222553,2.210931169
1800,181.425,0.9109000477,2.210694021
1800,181.45,0.9108778784,2.210457093
1800,181.475,0.9108557475,2.210220383
1800,181.5,0.9108336548,2.209983893
1800,181.525,0.9108116003,2.209747621
1800,181.55,0.910789584,2.209511568
1800,181.575,0.9107676058,2.209275734
1800,181.6,0.9107456656,2.209040118
1800,181.625,0.9107237635,2.20880472
1800,181.65,0.9107018992,2.20856954
1800,181.675,0.9106800729,2.208334579
1800,181.7,0.9106582845,2.208099835
1800,181.725,0.9106365338,2.207865309
1800,181.75,0.9106148209,2.207631001
1800,181.775,0.9105931457,2.207396909
1800,181.8,0.9105715082,2.207163036
1800,181.825,0.9105499082,2.206929379
1800,181.85,0.9105283459,2.206695939
1800,181.875,0.910506821,2.206462716
1800,181.9,0.9104853335,2.20622971
1800,181.925,0.9104638835,2.20599692
1800,181.95,0.9104424708,2.205764346
1800,181.975,0.9104210955,2.205531989
1800,182,0.9103997574,2.205299848
1800,182.025,0.9103784564,2.205067923
1800,182.05,0.9103571927,2.204836213
1800,182.075,0.910335966,2.204604719
1800,182.1,0.9103147765,2.204373441
1800,182.125,0.9102936239,2.204142378
1800,182.15,0.9102725082,2.20391153
1800,182.175,0.9102514295,2.203680897
1800,182.2,0.9102303877,2.203450479
1800,182.225,0.9102093826,2.203220276
1800,182.25,0.9101884143,2.202990287
1800,182.275,0.9101674827,2.202760513
1800,182.3,0.9101465878,2.202530953
1800,182.325,0.9101257295,2.202301608
1800,182.35,0.9101049078,2.202072476
1800,182.375,0.9100841225,2.201843558
1800,182.4,0.9100633738,2.201614854
1800,182.425,0.9100426614,2.201386363
1800,182.45,0.9100219854,2.201158086
1800,182.475,0.9100013458,2.200930023
1800,182.5,0.9099807424,2.200702172
1800,182.525,0.9099601752,2.200474534
1800,182.55,0.9099396442,2.200247109
1800,182.575,0.9099191493,2.200019897
1800,182.6,0.9098986905,2.199792897
1800,182.625,0.9098782677,2.19956611
1800,182.65,0.9098578809,2.199339535
1800,182.675,0.90983753,2.199113172
1800,182.7,0.909817215,2.198887021
1800,182.725,0.9097969358,2.198661082
1800,182.75,0.9097766924,2.198435355
1800,182.775,0.9097564847,2.198209839
1800,182.8,0.9097363127,2.197984534
1800,182.825,0.9097161764,2.197759441
1800,182.85,0.9096960756,2.197534559
1800,182.875,0.9096760103,2.197309888
1800,182.9,0.9096559806,2.197085427
1800,182.925,0.9096359863,2.196861177
1800,182.95,0.9096160274,2.196637138
1800,182.975,0.9095961038,2.196413309
1800,183,0.9095762155,2.19618969
1800,183.025,0.9095563625,2.195966281
1800,183.05,0.9095365447,2.195743083
1800,183.075,0.909516762,2.195520094
1800,183.1,0.9094970144,2.195297314
1800,183.125,0.9094773019,2.195074745
1800,183.15,0.9094576243,2.194852384
1800,183.175,0.9094379818,2.194630233
1800,183.2,0.9094183741,2.19440829
1800,183.225,0.9093988013,2.194186557
1800,183.25,0.9093792633,2.193965032
1800,183.275,0.9093597601,2.193743716
1800,183.3,0.9093402916,2.193522609
1800,183.325,0.9093208578,2.19330171
1800,183.35,0.9093014586,2.193081019
1800,183.375,0.9092820939,2.192860536
1800,183.4,0.9092627638,2.192640261
1800,183.425,0.9092434682,2.192420193
1800,183.45,0.909224207,2.192200333
1800,183.475,0.9092049802,2.191980681
1800,183.5,0.9091857877,2.191761236
1800,183.525,0.9091666295,2.191541998
1800,183.55,0.9091475056,2.191322968
1800,183.575,0.9091284158,2.191104144
1800,183.6,0.9091093602,2.190885526
1800,183.625,0.9090903386,2.190667116
1800,183.65,0.9090713512,2.190448912
1800,183.675,0.9090523977,2.190230914
1800,183.7,0.9090334782,2.190013122
1800,183.725,0.9090145926,2.189795537
1800,183.75,0.9089957408,2.189578157
1800,183.775,0.9089769229,2.189360983
1800,183.8,0.9089581387,2.189144014
1800,183.825,0.9089393883,2.188927251
1800,183.85,0.9089206715,2.188710693
1800,183.875,0.9089019884,2.188494341
1800,183.9,0.9088833388,2.188278193
1800,183.925,0.9088647227,2.18806225
1800,183.95,0.9088461402,2.187846512
1800,183.975,0.908827591,2.187630979
1800,184,0.9088090753,2.18741565
1800,184.025,0.9087905929,2.187200525
1800,184.05,0.9087721438,2.186985605
1800,184.075,0.908753728,2.186770888
1800,184.1,0.9087353453,2.186556375
1800,184.125,0.9087169958,2.186342066
1800,184.15,0.9086986794,2.186127961
1800,184.175,0.9086803961,2.185914059
1800,184.2,0.9086621458,2.18570036
1800,184.225,0.9086439285,2.185486864
1800,184.25,0.908625744,2.185273572
1800,184.275,0.9086075925,2.185060482
1800,184.3,0.9085894738,2.184847595
1800,184.325,0.9085713878,2.18463491
1800,184.35,0.9085533347,2.184422428
1800,184.375,0.9085353141,2.184210148
1800,184.4,0.9085173263,2.183998071
1800,184.425,0.908499371,2.183786195
1800,184.45,0.9084814483,2.183574521
1800,184.475,0.9084635581,2.183363049
1800,184.5,0.9084457003,2.183151779
1800,184.525,0.908427875,2.18294071
1800,184.55,0.908410082,2.182729842
1800,184.575,0.9083923213,2.182519175
1800,184.6,0.908374593,2.182308709
1800,184.625,0.9083568968,2.182098445
1800,184.65,0.9083392328,2.18188838
1800,184.675,0.908321601,2.181678517
1800,184.7,0.9083040012,2.181468854
1800,184.725,0.9082864335,2.181259391
1800,184.75,0.9082688978,2.181050128
1800,184.775,0.9082513941,2.180841066
1800,184.8,0.9082339222,2.180632203
1800,184.825,0.9082164822,2.18042354
1800,184.85,0.908199074,2.180215076
1800,184.875,0.9081816976,2.180006812
1800,184.9,0.9081643529,2.179798747
1800,184.925,0.9081470399,2.179590881
1800,184.95,0.9081297586,2.179383215
1800,184.975,0.9081125088,2.179175747
1800,185,0.9080952905,2.178968478
1800,185.025,0.9080781038,2.178761407
1800,185.05,0.9080609485,2.178554535
1800,185.075,0.9080438246,2.178347861
1800,185.1,0.908026732,2.178141386
1800,185.125,0.9080096708,2.177935108
1800,185.15,0.9079926409,2.177729028
1800,185.175,0.9079756421,2.177523146
1800,185.2,0.9079586746,2.177317462
1800,185.225,0.9079417382,2.177111975
1800,185.25,0.9079248328,2.176906685
1800,185.275,0.9079079585,2.176701593
1800,185.3,0.9078911152,2.176496697
1800,185.325,0.9078743029,2.176291998
1800,185.35,0.9078575215,2.176087497
1800,185.375,0.9078407709,2.175883191
1800,185.4,0.9078240512,2.175679083
1800,185.425,0.9078073622,2.17547517
1800,185.45,0.907790704,2.175271454
1800,185.475,0.9077740764,2.175067933
1800,185.5,0.9077574795,2.174864609
1800,185.525,0.9077409132,2.174661481
1800,185.55,0.9077243774,2.174458548
1800,185.575,0.9077078721,2.17425581
1800,185.6,0.9076913973,2.174053268
1800,185.625,0.9076749529,2.173850921
1800,185.65,0.9076585389,2.173648769
1800,185.675,0.9076421552,2.173446812
1800,185.7,0.9076258018,2.17324505
1800,185.725,0.9076094787,2.173043482
1800,185.75,0.9075931857,2.172842109
1800,185.775,0.9075769229,2.17264093
1800,185.8,0.9075606901,2.172439945
1800,185.825,0.9075444875,2.172239155
1800,185.85,0.9075283148,2.172038558
1800,185.875,0.9075121722,2.171838155
1800,185.9,0.9074960594,2.171637946
1800,185.925,0.9074799766,2.171437931
1800,185.95,0.9074639236,2.171238108
1800,185.975,0.9074479004,2.171038479
1800,186,0.9074319069,2.170839044
1800,186.025,0.9074159431,2.170639801
1800,186.05,0.9074000091,2.17044075
1800,186.075,0.9073841046,2.170241893
1800,186.1,0.9073682297,2.170043228
1800,186.125,0.9073523844,2.169844755
1800,186.15,0.9073365685,2.169646475
1800,186.175,0.9073207821,2.169448387
1800,186.2,0.9073050251,2.169250491
1800,186.225,0.9072892974,2.169052786
1800,186.25,0.9072735991,2.168855273
1800,186.275,0.90725793,2.168657952
1800,186.3,0.9072422901,2.168460823
1800,186.325,0.9072266795,2.168263884
1800,186.35,0.907211098,2.168067137
1800,186.375,0.9071955456,2.167870581
1800,186.4,0.9071800222,2.167674215
1800,186.425,0.9071645278,2.16747804
1800,186.45,0.9071490625,2.167282056
1800,186.475,0.907133626,2.167086263
1800,186.5,0.9071182184,2.166890659
1800,186.525,0.9071028397,2.166695246
1800,186.55,0.9070874898,2.166500023
1800,186.575,0.9070721686,2.166304989
1800,186.6,0.9070568761,2.166110146
1800,186.625,0.9070416123,2.165915492
1800,186.65,0.9070263771,2.165721028
1800,186.675,0.9070111705,2.165526752
1800,186.7,0.9069959924,2.165332666
1800,186.725,0.9069808429,2.16513877
1800,186.75,0.9069657217,2.164945062
1800,186.775,0.906950629,2.164751543
1800,186.8,0.9069355647,2.164558212
1800,186.825,0.9069205287,2.16436507
1800,186.85,0.9069055209,2.164172116
1800,186.875,0.9068905414,2.163979351
1800,186.9,0.9068755901,2.163786774
1800,186.925,0.906860667,2.163594384
1800,186.95,0.9068457719,2.163402183
1800,186.975,0.906830905,2.163210169
1800,187,0.906816066,2.163018343
1800,187.025,0.9068012551,2.162826704
1800,187.05,0.906786472,2.162635252
1800,187.075,0.9067717169,2.162443987
1800,187.1,0.9067569897,2.16225291
1800,187.125,0.9067422902,2.162062019
1800,187.15,0.9067276185,2.161871315
1800,187.175,0.9067129746,2.161680798
1800,187.2,0.9066983584,2.161490467
1800,187.225,0.9066837697,2.161300322
1800,187.25,0.9066692087,2.161110364
1800,187.275,0.9066546753,2.160920592
1800,187.3,0.9066401694,2.160731005
1800,187.325,0.906625691,2.160541604
1800,187.35,0.90661124,2.160352389
1800,187.375,0.9065968164,2.160163359
1800,187.4,0.9065824201,2.159974515
1800,187.425,0.9065680512,2.159785856
1800,187.45,0.9065537095,2.159597382
1800,187.475,0.9065393951,2.159409093
1800,187.5,0.9065251078,2.159220988
1800,187.525,0.9065108477,2.159033069
1800,187.55,0.9064966147,2.158845334
1800,187.575,0.9064824088,2.158657783
1800,187.6,0.9064682298,2.158470416
1800,187.625,0.9064540779,2.158283234
1800,187.65,0.9064399529,2.158096236
1800,187.675,0.9064258548,2.157909421
1800,187.7,0.9064117835,2.15772279
1800,187.725,0.9063977391,2.157536343
1800,187.75,0.9063837214,2.157350079
1800,187.775,0.9063697305,2.157163999
1800,187.8,0.9063557663,2.156978101
1800,187.825,0.9063418287,2.156792387
1800,187.85,0.9063279177,2.156606855
1800,187.875,0.9063140333,2.156421507
1800,187.9,0.9063001754,2.156236341
1800,187.925,0.906286344,2.156051357
1800,187.95,0.906272539,2.155866556
1800,187.975,0.9062587605,2.155681937
1800,188,0.9062450083,2.1554975
1800,188.025,0.9062312824,2.155313245
1800,188.05,0.9062175829,2.155129172
1800,188.075,0.9062039095,2.15494528
1800,188.1,0.9061902624,2.15476157
1800,188.125,0.9061766414,2.154578042
1800,188.15,0.9061630465,2.154394694
1800,188.175,0.9061494778,2.154211528
1800,188.2,0.906135935,2.154028543
1800,188.225,0.9061224183,2.153845738
1800,188.25,0.9061089275,2.153663115
1800,188.275,0.9060954626,2.153480672
1800,188.3,0.9060820236,2.153298409
1800,188.325,0.9060686105,2.153116327
1800,188.35,0.9060552231,2.152934425
1800,188.375,0.9060418615,2.152752703
1800,188.4,0.9060285256,2.152571161
1800,188.425,0.9060152154,2.152389798
1800,188.45,0.9060019308,2.152208616
1800,188.475,0.9059886719,2.152027612
1800,188.5,0.9059754384,2.151846789
1800,188.525,0.9059622305,2.151666144
1800,188.55,0.9059490481,2.151485679
1800,188.575,0.9059358911,2.151305392
1800,188.6,0.9059227595,2.151125285
1800,188.625,0.9059096533,2.150945356
1800,188.65,0.9058965724,2.150765605
1800,188.675,0.9058835167,2.150586033
1800,188.7,0.9058704863,2.15040664
1800,188.725,0.9058574811,2.150227424
1800,188.75,0.905844501,2.150048387
1800,188.775,0.9058315461,2.149869527
1800,188.8,0.9058186162,2.149690846
1800,188.825,0.9058057114,2.149512341
1800,188.85,0.9057928316,2.149334015
1800,188.875,0.9057799768,2.149155866
1800,188.9,0.9057671468,2.148977893
1800,188.925,0.9057543418,2.148800099
1800,188.95,0.9057415616,2.148622481
1800,188.975,0.9057288062,2.148445039
1800,189,0.9057160755,2.148267775
1800,189.025,0.9057033696,2.148090687
1800,189.05,0.9056906884,2.147913776
1800,189.075,0.9056780318,2.147737041
1800,189.1,0.9056653999,2.147560482
1800,189.125,0.9056527925,2.147384099
1800,189.15,0.9056402096,2.147207892
1800,189.175,0.9056276512,2.14703186
1800,189.2,0.9056151173,2.146856005
1800,189.225,0.9056026078,2.146680325
1800,189.25,0.9055901226,2.14650482
1800,189.275,0.9055776618,2.14632949
1800,189.3,0.9055652253,2.146154336
1800,189.325,0.9055528131,2.145979356
1800,189.35,0.9055404251,2.145804552
1800,189.375,0.9055280612,2.145629922
1800,189.4,0.9055157215,2.145455466
1800,189.425,0.9055034059,2.145281185
1800,189.45,0.9054911144,2.145107079
1800,189.475,0.9054788469,2.144933146
1800,189.5,0.9054666034,2.144759388
1800,189.525,0.9054543839,2.144585804
1800,189.55,0.9054421882,2.144412393
1800,189.575,0.9054300164,2.144239156
1800,189.6,0.9054178685,2.144066092
1800,189.625,0.9054057444,2.143893202
1800,189.65,0.905393644,2.143720485
1800,189.675,0.9053815674,2.143547941
1800,189.7,0.9053695144,2.14337557
1800,189.725,0.9053574851,2.143203372
1800,189.75,0.9053454794,2.143031347
1800,189.775,0.9053334972,2.142859495
1800,189.8,0.9053215386,2.142687814
1800,189.825,0.9053096035,2.142516306
1800,189.85,0.9052976918,2.142344971
1800,189.875,0.9052858036,2.142173807
1800,189.9,0.9052739388,2.142002816
1800,189.925,0.9052620972,2.141831996
1800,189.95,0.905250279,2.141661347
1800,189.975,0.9052384841,2.141490871
1800,190,0.9052267124,2.141320565
1800,190.025,0.9052149639,2.141150431
1800,190.05,0.9052032385,2.140980469
1800,190.075,0.9051915363,2.140810677
1800,190.1,0.9051798571,2.140641056
1800,190.125,0.905168201,2.140471606
1800,190.15,0.9051565679,2.140302326
1800,190.175,0.9051449578,2.140133217
1800,190.2,0.9051333706,2.139964278
1800,190.225,0.9051218063,2.13979551
1800,190.25,0.9051102648,2.139626911
1800,190.275,0.9050987462,2.139458483
1800,190.3,0.9050872503,2.139290224
1800,190.325,0.9050757772,2.139122136
1800,190.35,0.9050643268,2.138954216
1800,190.375,0.9050528991,2.138786466
1800,190.4,0.905041494,2.138618886
1800,190.425,0.9050301116,2.138451474
1800,190.45,0.9050187516,2.138284232
1800,190.475,0.9050074142,2.138117159
1800,190.5,0.9049960993,2.137950254
1800,190.525,0.9049848069,2.137783518
1800,190.55,0.9049735368,2.137616951
1800,190.575,0.9049622892,2.137450552
1800,190.6,0.9049510639,2.137284321
1800,190.625,0.9049398608,2.137118259
1800,190.65,0.9049286801,2.136952364
1800,190.675,0.9049175216,2.136786638
1800,190.7,0.9049063853,2.136621079
1800,190.725,0.9048952711,2.136455687
1800,190.75,0.9048841791,2.136290464
1800,190.775,0.9048731091,2.136125407
1800,190.8,0.9048620613,2.135960518
1800,190.825,0.9048510354,2.135795796
1800,190.85,0.9048400315,2.135631241
1800,190.875,0.9048290495,2.135466853
1800,190.9,0.9048180895,2.135302631
1800,190.925,0.9048071513,2.135138576
1800,190.95,0.9047962349,2.134974688
1800,190.975,0.9047853404,2.134810966
1800,191,0.9047744676,2.13464741
1800,191.025,0.9047636166,2.13448402
1800,191.05,0.9047527872,2.134320796
1800,191.075,0.9047419795,2.134157738
1800,191.1,0.9047311934,2.133994846
1800,191.125,0.9047204289,2.133832119
1800,191.15,0.9047096859,2.133669558
1800,191.175,0.9046989645,2.133507162
1800,191.2,0.9046882645,2.133344931
1800,191.225,0.904677586,2.133182865
1800,191.25,0.9046669289,2.133020964
1800,191.275,0.9046562931,2.132859228
1800,191.3,0.9046456787,2.132697657
1800,191.325,0.9046350856,2.13253625
1800,191.35,0.9046245137,2.132375007
1800,191.375,0.9046139631,2.132213929
1800,191.4,0.9046034337,2.132053015
1800,191.425,0.9045929254,2.131892265
1800,191.45,0.9045824382,2.131731679
1800,191.475,0.9045719722,2.131571256
1800,191.5,0.9045615272,2.131410998
1800,191.525,0.9045511032,2.131250903
1800,191.55,0.9045407002,2.131090971
1800,191.575,0.9045303181,2.130931202
1800,191.6,0.904519957,2.130771597
1800,191.625,0.9045096167,2.130612154
1800,191.65,0.9044992973,2.130452875
1800,191.675,0.9044889987,2.130293758
1800,191.7,0.9044787208,2.130134804
1800,191.725,0.9044684637,2.129976012
1800,191.75,0.9044582273,2.129817383
1800,191.775,0.9044480116,2.129658915
1800,191.8,0.9044378165,2.129500611
1800,191.825,0.904427642,2.129342468
1800,191.85,0.9044174881,2.129184486
1800,191.875,0.9044073547,2.129026667
1800,191.9,0.9043972418,2.128869009
1800,191.925,0.9043871493,2.128711513
1800,191.95,0.9043770773,2.128554178
1800,191.975,0.9043670257,2.128397004
1800,192,0.9043569945,2.128239991
1800,192.025,0.9043469835,2.12808314
1800,192.05,0.9043369929,2.127926449
1800,192.075,0.9043270225,2.127769919
1800,192.1,0.9043170723,2.127613549
1800,192.125,0.9043071424,2.12745734
1800,192.15,0.9042972326,2.127301291
1800,192.175,0.9042873429,2.127145403
1800,192.2,0.9042774733,2.126989675
1800,192.225,0.9042676237,2.126834106
1800,192.25,0.9042577942,2.126678697
1800,192.275,0.9042479846,2.126523449
1800,192.3,0.904238195,2.126368359
1800,192.325,0.9042284253,2.126213429
1800,192.35,0.9042186755,2.126058659
1800,192.375,0.9042089456,2.125904047
1800,192.4,0.9041992355,2.125749595
1800,192.425,0.9041895451,2.125595302
1800,192.45,0.9041798745,2.125441167
1800,192.475,0.9041702236,2.125287192
1800,192.5,0.9041605924,2.125133374
1800,192.525,0.9041509809,2.124979716
1800,192.55,0.9041413889,2.124826215
1800,192.575,0.9041318166,2.124672873
1800,192.6,0.9041222638,2.124519689
1800,192.625,0.9041127305,2.124366663
1800,192.65,0.9041032167,2.124213794
1800,192.675,0.9040937223,2.124061084
1800,192.7,0.9040842474,2.12390853
1800,192.725,0.9040747918,2.123756135
1800,192.75,0.9040653556,2.123603897
1800,192.775,0.9040559387,2.123451815
1800,192.8,0.9040465411,2.123299891
1800,192.825,0.9040371628,2.123148124
1800,192.85,0.9040278036,2.122996514
1800,192.875,0.9040184637,2.122845061
1800,192.9,0.9040091429,2.122693764
1800,192.925,0.9039998412,2.122542623
1800,192.95,0.9039905586,2.122391639
1800,192.975,0.9039812951,2.122240811
1800,193,0.9039720506,2.122090139
1800,193.025,0.903962825,2.121939623
1800,193.05,0.9039536185,2.121789263
1800,193.075,0.9039444308,2.121639059
1800,193.1,0.9039352621,2.12148901
1800,193.125,0.9039261122,2.121339116
1800,193.15,0.9039169811,2.121189378
1800,193.175,0.9039078688,2.121039796
1800,193.2,0.9038987753,2.120890368
1800,193.225,0.9038897005,2.120741095
1800,193.25,0.9038806444,2.120591977
1800,193.275,0.903871607,2.120443014
1800,193.3,0.9038625882,2.120294205
1800,193.325,0.903853588,2.120145551
1800,193.35,0.9038446064,2.119997051
1800,193.375,0.9038356433,2.119848706
1800,193.4,0.9038266987,2.119700514
1800,193.425,0.9038177726,2.119552477
1800,193.45,0.9038088649,2.119404593
1800,193.475,0.9037999757,2.119256863
1800,193.5,0.9037911048,2.119109287
1800,193.525,0.9037822522,2.118961864
1800,193.55,0.903773418,2.118814595
1800,193.575,0.9037646021,2.118667479
1800,193.6,0.9037558044,2.118520516
1800,193.625,0.9037470249,2.118373706
1800,193.65,0.9037382636,2.118227048
1800,193.675,0.9037295205,2.118080544
1800,193.7,0.9037207954,2.117934192
1800,193.725,0.9037120885,2.117787993
1800,193.75,0.9037033997,2.117641946
1800,193.775,0.9036947288,2.117496051
1800,193.8,0.903686076,2.117350308
1800,193.825,0.9036774411,2.117204718
1800,193.85,0.9036688242,2.117059279
1800,193.875,0.9036602252,2.116913992
1800,193.9,0.903651644,2.116768857
1800,193.925,0.9036430807,2.116623873
1800,193.95,0.9036345352,2.116479041
1800,193.975,0.9036260074,2.11633436
1800,194,0.9036174975,2.11618983
1800,194.025,0.9036090052,2.116045451
1800,194.05,0.9036005306,2.115901223
1800,194.075,0.9035920737,2.115757146
1800,194.1,0.9035836344,2.11561322
1800,194.125,0.9035752127,2.115469444
1800,194.15,0.9035668085,2.115325818
1800,194.175,0.9035584219,2.115182343
1800,194.2,0.9035500528,2.115039018
1800,194.225,0.9035417011,2.114895843
1800,194.25,0.9035333669,2.114752818
1800,194.275,0.9035250501,2.114609943
1800,194.3,0.9035167507,2.114467218
1800,194.325,0.9035084687,2.114324642
1800,194.35,0.9035002039,2.114182215
1800,194.375,0.9034919564,2.114039938
1800,194.4,0.9034837262,2.11389781
1800,194.425,0.9034755132,2.113755831
1800,194.45,0.9034673174,2.113614002
1800,194.475,0.9034591388,2.113472321
1800,194.5,0.9034509773,2.113330788
1800,194.525,0.9034428329,2.113189405
1800,194.55,0.9034347056,2.11304817
1800,194.575,0.9034265954,2.112907083
1800,194.6,0.9034185021,2.112766144
1800,194.625,0.9034104258,2.112625354
1800,194.65,0.9034023665,2.112484712
1800,194.675,0.9033943241,2.112344217
1800,194.7,0.9033862986,2.112203871
1800,194.725,0.90337829,2.112063671
1800,194.75,0.9033702982,2.11192362
1800,194.775,0.9033623232,2.111783716
1800,194.8,0.903354365,2.111643959
1800,194.825,0.9033464235,2.111504349
1800,194.85,0.9033384987,2.111364887
1800,194.875,0.9033305907,2.111225571
1800,194.9,0.9033226992,2.111086402
1800,194.925,0.9033148244,2.11094738
1800,194.95,0.9033069662,2.110808504
1800,194.975,0.9032991246,2.110669775
1800,195,0.9032912995,2.110531192
1800,195.025,0.9032834909,2.110392756
1800,195.05,0.9032756988,2.110254465
1800,195.075,0.9032679232,2.110116321
1800,195.1,0.9032601639,2.109978322
1800,195.125,0.9032524211,2.109840469
1800,195.15,0.9032446946,2.109702761
1800,195.175,0.9032369844,2.1095652
1800,195.2,0.9032292906,2.109427783
1800,195.225,0.903221613,2.109290512
1800,195.25,0.9032139517,2.109153386
1800,195.275,0.9032063065,2.109016405
1800,195.3,0.9031986776,2.108879568
1800,195.325,0.9031910648,2.108742877
1800,195.35,0.9031834682,2.10860633
1800,195.375,0.9031758876,2.108469928
1800,195.4,0.9031683232,2.10833367
1800,195.425,0.9031607747,2.108197557
1800,195.45,0.9031532423,2.108061588
1800,195.475,0.9031457259,2.107925762
1800,195.5,0.9031382254,2.107790081
1800,195.525,0.9031307408,2.107654544
1800,195.55,0.9031232722,2.10751915
1800,195.575,0.9031158194,2.1073839
1800,195.6,0.9031083824,2.107248793
1800,195.625,0.9031009613,2.10711383
1800,195.65,0.903093556,2.10697901
1800,195.675,0.9030861664,2.106844333
1800,195.7,0.9030787925,2.106709799
1800,195.725,0.9030714343,2.106575408
1800,195.75,0.9030640918,2.10644116
1800,195.775,0.903056765,2.106307054
1800,195.8,0.9030494537,2.106173091
1800,195.825,0.9030421581,2.106039271
1800,195.85,0.903034878,2.105905592
1800,195.875,0.9030276134,2.105772056
1800,195.9,0.9030203644,2.105638662
1800,195.925,0.9030131308,2.10550541
1800,195.95,0.9030059126,2.1053723
1800,195.975,0.9029987099,2.105239331
1800,196,0.9029915226,2.105106504
1800,196.025,0.9029843506,2.104973819
1800,196.05,0.9029771939,2.104841274
1800,196.075,0.9029700526,2.104708871
1800,196.1,0.9029629265,2.10457661
1800,196.125,0.9029558157,2.104444489
1800,196.15,0.9029487201,2.104312509
1800,196.175,0.9029416397,2.10418067
1800,196.2,0.9029345745,2.104048972
1800,196.225,0.9029275244,2.103917414
1800,196.25,0.9029204895,2.103785996
1800,196.275,0.9029134696,2.103654719
1800,196.3,0.9029064647,2.103523582
1800,196.325,0.9028994749,2.103392585
1800,196.35,0.9028925001,2.103261728
1800,196.375,0.9028855403,2.103131011
1800,196.4,0.9028785954,2.103000434
1800,196.425,0.9028716655,2.102869996
1800,196.45,0.9028647504,2.102739698
1800,196.475,0.9028578502,2.102609539
1800,196.5,0.9028509648,2.10247952
1800,196.525,0.9028440943,2.102349639
1800,196.55,0.9028372385,2.102219898
1800,196.575,0.9028303975,2.102090295
1800,196.6,0.9028235712,2.101960832
1800,196.625,0.9028167596,2.101831507
1800,196.65,0.9028099627,2.10170232
1800,196.675,0.9028031805,2.101573272
1800,196.7,0.9027964129,2.101444363
1800,196.725,0.9027896598,2.101315591
1800,196.75,0.9027829214,2.101186958
1800,196.775,0.9027761974,2.101058463
1800,196.8,0.902769488,2.100930105
1800,196.825,0.9027627931,2.100801886
1800,196.85,0.9027561126,2.100673804
1800,196.875,0.9027494466,2.100545859
1800,196.9,0.902742795,2.100418052
1800,196.925,0.9027361578,2.100290383
1800,196.95,0.9027295349,2.10016285
1800,196.975,0.9027229263,2.100035455
1800,197,0.9027163321,2.099908196
1800,197.025,0.9027097521,2.099781075
1800,197.05,0.9027031864,2.09965409
1800,197.075,0.9026966349,2.099527241
1800,197.1,0.9026900976,2.099400529
1800,197.125,0.9026835745,2.099273954
1800,197.15,0.9026770655,2.099147515
1800,197.175,0.9026705706,2.099021212
1800,197.2,0.9026640898,2.098895045
1800,197.225,0.9026576231,2.098769014
1800,197.25,0.9026511705,2.098643119
1800,197.275,0.9026447318,2.098517359
1800,197.3,0.9026383071,2.098391735
1800,197.325,0.9026318964,2.098266247
1800,197.35,0.9026254997,2.098140894
1800,197.375,0.9026191168,2.098015676
1800,197.4,0.9026127478,2.097890593
1800,197.425,0.9026063927,2.097765645
1800,197.45,0.9026000514,2.097640833
1800,197.475,0.902593724,2.097516155
1800,197.5,0.9025874103,2.097391611
1800,197.525,0.9025811103,2.097267203
1800,197.55,0.9025748241,2.097142928
1800,197.575,0.9025685516,2.097018788
1800,197.6,0.9025622928,2.096894783
1800,197.625,0.9025560476,2.096770911
1800,197.65,0.9025498161,2.096647173
1800,197.675,0.9025435981,2.09652357
1800,197.7,0.9025373938,2.0964001
1800,197.725,0.9025312029,2.096276763
1800,197.75,0.9025250257,2.09615356
1800,197.775,0.9025188619,2.096030491
1800,197.8,0.9025127116,2.095907555
1800,197.825,0.9025065747,2.095784752
1800,197.85,0.9025004513,2.095662082
1800,197.875,0.9024943412,2.095539546
1800,197.9,0.9024882446,2.095417142
1800,197.925,0.9024821613,2.095294871
1800,197.95,0.9024760913,2.095172732
1800,197.975,0.9024700346,2.095050726
1800,198,0.9024639912,2.094928853
1800,198.025,0.902457961,2.094807111
1800,198.05,0.9024519441,2.094685502
1800,198.075,0.9024459404,2.094564025
1800,198.1,0.9024399498,2.09444268
1800,198.125,0.9024339724,2.094321467
1800,198.15,0.9024280081,2.094200386
1800,198.175,0.902422057,2.094079436
1800,198.2,0.9024161189,2.093958618
1800,198.225,0.9024101938,2.093837931
1800,198.25,0.9024042818,2.093717375
1800,198.275,0.9023983828,2.093596951
1800,198.3,0.9023924967,2.093476658
1800,198.325,0.9023866236,2.093356495
1800,198.35,0.9023807635,2.093236464
1800,198.375,0.9023749162,2.093116563
1800,198.4,0.9023690818,2.092996793
1800,198.425,0.9023632603,2.092877154
1800,198.45,0.9023574516,2.092757644
1800,198.475,0.9023516558,2.092638265
1800,198.5,0.9023458727,2.092519017
1800,198.525,0.9023401023,2.092399898
1800,198.55,0.9023343447,2.092280909
1800,198.575,0.9023285998,2.092162051
1800,198.6,0.9023228676,2.092043322
1800,198.625,0.9023171481,2.091924722
1800,198.65,0.9023114412,2.091806252
1800,198.675,0.9023057469,2.091687912
1800,198.7,0.9023000652,2.0915697
1800,198.725,0.9022943961,2.091451618
1800,198.75,0.9022887395,2.091333665
1800,198.775,0.9022830954,2.091215841
1800,198.8,0.9022774638,2.091098146
1800,198.825,0.9022718447,2.09098058
1800,198.85,0.9022662381,2.090863142
1800,198.875,0.9022606439,2.090745833
1800,198.9,0.902255062,2.090628652
1800,198.925,0.9022494926,2.090511599
1800,198.95,0.9022439355,2.090394675
1800,198.975,0.9022383907,2.090277879
1800,199,0.9022328582,2.09016121
1800,199.025,0.902227338,2.09004467
1800,199.05,0.9022218301,2.089928257
1800,199.075,0.9022163344,2.089811972
1800,199.1,0.9022108509,2.089695815
1800,199.125,0.9022053796,2.089579785
1800,199.15,0.9021999205,2.089463882
1800,199.175,0.9021944735,2.089348106
1800,199.2,0.9021890386,2.089232458
1800,199.225,0.9021836159,2.089116936
1800,199.25,0.9021782052,2.089001542
1800,199.275,0.9021728065,2.088886274
1800,199.3,0.9021674199,2.088771133
1800,199.325,0.9021620453,2.088656118
1800,199.35,0.9021566826,2.08854123
1800,199.375,0.902151332,2.088426468
1800,199.4,0.9021459932,2.088311833
1800,199.425,0.9021406664,2.088197323
1800,199.45,0.9021353514,2.088082939
1800,199.475,0.9021300483,2.087968682
1800,199.5,0.9021247571,2.08785455
1800,199.525,0.9021194776,2.087740544
1800,199.55,0.90211421,2.087626663
1800,199.575,0.9021089542,2.087512908
1800,199.6,0.90210371,2.087399278
1800,199.625,0.9020984777,2.087285774
1800,199.65,0.902093257,2.087172394
1800,199.675,0.902088048,2.08705914
1800,199.7,0.9020828507,2.08694601
1800,199.725,0.902077665,2.086833006
1800,199.75,0.9020724909,2.086720126
1800,199.775,0.9020673284,2.08660737
1800,199.8,0.9020621775,2.08649474
1800,199.825,0.9020570382,2.086382233
1800,199.85,0.9020519103,2.086269851
1800,199.875,0.902046794,2.086157593
1800,199.9,0.9020416891,2.086045459
1800,199.925,0.9020365957,2.085933449
1800,199.95,0.9020315138,2.085821562
1800,199.975,0.9020264432,2.0857098
1800,200,0.9020213841,2.085598161
